# https://github.com/mikedh/trimesh

o camera_mount_d405.obj
v 0.06081500 -0.01543300 0.07477000
v 0.06068700 -0.01710700 0.07441800
v 0.06099400 -0.01695400 0.07380000
v 0.06116300 -0.01300000 0.07426400
v 0.06086400 -0.01300000 0.07490500
v 0.06113700 -0.01483800 0.07419200
v 0.06101900 -0.01671200 0.07386900
v 0.05957600 -0.02181100 0.07136500
v 0.05993900 -0.02142000 0.07090100
v 0.05965600 -0.02161800 0.07158400
v 0.06029100 -0.02046000 0.07186700
v 0.05994700 -0.02079900 0.07238400
v 0.06022600 -0.01979100 0.07315000
v 0.06071200 -0.01879100 0.07302500
v 0.06039000 -0.01904400 0.07360300
v 0.06062800 -0.01759800 0.07425600
v 0.05936400 -0.02247900 0.06932100
v 0.05895700 -0.02294600 0.06966500
v 0.05873700 -0.02316200 0.06759800
v 0.05820600 -0.02372000 0.06760100
v 0.05855800 -0.02328100 0.06710800
v 0.05812200 -0.02377200 0.06737000
v 0.04680000 0.02175000 0.04064900
v 0.04633000 0.02125000 0.04082000
v 0.04620300 0.02168400 0.03900900
v 0.04575100 0.02118700 0.03922900
v 0.04459100 0.01997900 0.03604200
v 0.04496500 0.02039300 0.03560700
v 0.04495100 0.02056500 0.03703100
v 0.04502700 0.02051300 0.03577800
v 0.04515500 0.02080100 0.03759100
v 0.04556800 0.02127300 0.03726500
v 0.04559600 0.02112600 0.03880500
v 0.04412100 0.01762300 0.03328900
v 0.04380200 0.01738900 0.03387600
v 0.04395400 0.01647800 0.03283000
v 0.04364700 0.01632200 0.03344800
v 0.04471200 0.01981900 0.03491200
v 0.04439200 0.01953600 0.03549400
v 0.04448500 0.01915900 0.03429000
v 0.04414400 0.01882600 0.03481300
v 0.04391900 0.01796600 0.03419600
v 0.06056500 0.01300000 0.07262000
v 0.05992400 0.01300000 0.07232100
v 0.06054200 0.01474600 0.07255800
v 0.05990200 0.01469400 0.07226100
v 0.05948900 0.01808500 0.07112700
v 0.06010000 0.01836600 0.07134400
v 0.05968900 0.01703200 0.07167700
v 0.06014100 0.01818400 0.07145700
v 0.05977000 0.01643700 0.07189900
v 0.06040100 0.01660100 0.07217200
v 0.05988100 0.01514500 0.07220500
v 0.05915300 0.02083300 0.06874200
v 0.05860300 0.02039000 0.06869200
v 0.05876100 0.02132100 0.06766500
v 0.05823800 0.02084600 0.06769000
v 0.05990400 0.01910500 0.07080500
v 0.05933700 0.01866800 0.07071000
v 0.05967800 0.01976800 0.07018400
v 0.05909400 0.01939300 0.07004300
v 0.05880000 0.02004900 0.06923500
v 0.05757200 -0.02175000 0.06439700
v 0.05710200 -0.02125000 0.06456800
v 0.05816900 -0.02168400 0.06603800
v 0.05768100 -0.02118700 0.06616000
v 0.05884100 -0.01997900 0.06934700
v 0.05940700 -0.02039300 0.06944000
v 0.05848100 -0.02056500 0.06835800
v 0.05934500 -0.02051300 0.06926800
v 0.05827800 -0.02080100 0.06779800
v 0.05880400 -0.02127300 0.06778200
v 0.05783600 -0.02112600 0.06658400
v 0.06025100 -0.01762300 0.07175800
v 0.05963000 -0.01738900 0.07151300
v 0.06041800 -0.01647800 0.07221600
v 0.05978500 -0.01632200 0.07194100
v 0.05966000 -0.01981900 0.07013500
v 0.05904000 -0.01953600 0.06989400
v 0.05988600 -0.01915900 0.07075700
v 0.05928800 -0.01882600 0.07057500
v 0.05951300 -0.01796600 0.07119300
v 0.04380700 -0.01300000 0.03242700
v 0.04350800 -0.01300000 0.03306800
v 0.04383000 -0.01474600 0.03248900
v 0.04353000 -0.01469400 0.03312700
v 0.04394300 -0.01808500 0.03426200
v 0.04427100 -0.01836600 0.03370200
v 0.04374300 -0.01703200 0.03371200
v 0.04423000 -0.01818400 0.03359000
v 0.04366200 -0.01643700 0.03349000
v 0.04397000 -0.01660100 0.03287500
v 0.04355100 -0.01514500 0.03318400
v 0.04521900 -0.02083300 0.03630500
v 0.04482900 -0.02039000 0.03669600
v 0.04561100 -0.02132100 0.03738200
v 0.04519400 -0.02084600 0.03769900
v 0.04446800 -0.01910500 0.03424200
v 0.04409500 -0.01866800 0.03467900
v 0.04469400 -0.01976800 0.03486200
v 0.04433800 -0.01939300 0.03534600
v 0.04463200 -0.02004900 0.03615400
v 0.04261700 0.01543300 0.03061800
v 0.04274500 0.01710700 0.03097000
v 0.04337800 0.01695400 0.03124700
v 0.04320900 0.01300000 0.03078300
v 0.04256800 0.01300000 0.03048400
v 0.04323500 0.01483800 0.03085500
v 0.04335300 0.01671200 0.03117800
v 0.04385600 0.02181100 0.03402400
v 0.04443300 0.02142000 0.03414600
v 0.04377600 0.02161800 0.03380400
v 0.04408100 0.02046000 0.03318000
v 0.04348500 0.02079900 0.03300500
v 0.04320600 0.01979100 0.03223800
v 0.04366000 0.01879100 0.03202100
v 0.04304200 0.01904400 0.03178600
v 0.04280400 0.01759800 0.03113300
v 0.04500800 0.02247900 0.03572500
v 0.04447500 0.02294600 0.03572400
v 0.04563500 0.02316200 0.03744900
v 0.04522600 0.02372000 0.03778800
v 0.04581400 0.02328100 0.03793900
v 0.04531000 0.02377200 0.03801900
v 0.05793400 0.02385700 0.06685400
v 0.05850700 0.02348200 0.06842700
v 0.05892400 0.02300600 0.06811300
v 0.05757200 0.02350000 0.06439700
v 0.05710200 0.02400000 0.06456800
v 0.05820000 0.02342300 0.06612400
v 0.05884100 0.02308000 0.06788500
v 0.06011500 0.02023300 0.07284800
v 0.06045200 0.01992100 0.07230900
v 0.06005000 0.02046600 0.07266700
v 0.06012300 0.02094900 0.07140700
v 0.05976900 0.02131700 0.07189700
v 0.05942500 0.02213300 0.07094900
v 0.05955200 0.02218200 0.06983900
v 0.05916900 0.02261400 0.07024800
v 0.05867500 0.02331000 0.06888900
v 0.06081400 0.01824000 0.07330400
v 0.06050400 0.01842400 0.07391500
v 0.06104700 0.01640600 0.07394600
v 0.06076800 0.01622700 0.07464200
v 0.06108800 0.01588400 0.07405900
v 0.06078600 0.01598100 0.07469000
v 0.04549800 -0.02385700 0.03853400
v 0.04492600 -0.02348200 0.03696100
v 0.04544700 -0.02300600 0.03693300
v 0.04680000 -0.02350000 0.04064900
v 0.04633000 -0.02400000 0.04082000
v 0.04617100 -0.02342300 0.03892200
v 0.04553000 -0.02308000 0.03716200
v 0.04331700 -0.02023300 0.03254100
v 0.04392000 -0.01992100 0.03273700
v 0.04338200 -0.02046600 0.03272200
v 0.04424800 -0.02094900 0.03363900
v 0.04366300 -0.02131700 0.03349100
v 0.04400800 -0.02213300 0.03443900
v 0.04481900 -0.02218200 0.03520800
v 0.04426300 -0.02261400 0.03514100
v 0.04475700 -0.02331000 0.03649900
v 0.04355800 -0.01824000 0.03174200
v 0.04292800 -0.01842400 0.03147400
v 0.04332400 -0.01640600 0.03110000
v 0.04266400 -0.01622700 0.03074700
v 0.04328400 -0.01588400 0.03098800
v 0.04264600 -0.01598100 0.03069800
v 0.06001400 -0.00941400 0.07282000
v 0.05923600 -0.00858600 0.07310300
v 0.06061300 -0.00941400 0.07446400
v 0.05983400 -0.00858600 0.07474800
v 0.05923600 0.00858600 0.07310300
v 0.06001400 0.00941400 0.07282000
v 0.05983400 0.00858600 0.07474800
v 0.06061300 0.00941400 0.07446400
v 0.05579500 0.02175000 0.06122800
v 0.05473300 0.02175000 0.06073300
v 0.05579500 0.02350000 0.06122800
v 0.05473300 0.02350000 0.06073300
v 0.05473300 -0.02175000 0.06073300
v 0.05579500 -0.02175000 0.06122800
v 0.05473300 -0.02350000 0.06073300
v 0.05579500 -0.02350000 0.06122800
v 0.03353400 -0.02507900 0.04423000
v 0.03302500 -0.02497800 0.04416200
v 0.03337100 -0.02545600 0.04391400
v 0.03230200 -0.02483400 0.04404700
v 0.03158800 -0.02468600 0.04391400
v 0.06102000 -0.01006300 0.07431600
v 0.06042100 -0.01006300 0.07267200
v 0.06116300 -0.01082800 0.07426400
v 0.06056500 -0.01082800 0.07262000
v 0.05642400 -0.02175000 0.06169000
v 0.05642400 -0.02350000 0.06169000
v 0.05682900 -0.02175000 0.06235700
v 0.05682900 -0.02350000 0.06235700
v 0.05868500 -0.00717200 0.07330400
v 0.05928400 -0.00717200 0.07494800
v 0.05882800 -0.00793700 0.07325200
v 0.05942700 -0.00793700 0.07489600
v 0.05928400 0.00717200 0.07494800
v 0.05868500 0.00717200 0.07330400
v 0.05942700 0.00793700 0.07489600
v 0.05882800 0.00793700 0.07325200
v 0.05642400 0.02350000 0.06169000
v 0.05642400 0.02175000 0.06169000
v 0.05682900 0.02350000 0.06235700
v 0.05682900 0.02175000 0.06235700
v 0.06042100 0.01006300 0.07267200
v 0.06102000 0.01006300 0.07431600
v 0.06056500 0.01082800 0.07262000
v 0.06116300 0.01082800 0.07426400
v 0.05369900 0.02175000 0.05960400
v 0.05369900 0.02350000 0.05960400
v 0.05410400 0.02175000 0.06027200
v 0.05410400 0.02350000 0.06027200
v 0.05369900 -0.02350000 0.05960400
v 0.05369900 -0.02175000 0.05960400
v 0.05410400 -0.02350000 0.06027200
v 0.05410400 -0.02175000 0.06027200
v 0.03319100 0.02473400 0.04441700
v 0.03331500 0.02510000 0.04419700
v 0.03316800 0.02515400 0.04421700
v 0.03268700 0.02404100 0.04543600
v 0.03294300 0.02416700 0.04509000
v 0.03280600 0.02422300 0.04500000
v 0.03302000 0.02443800 0.04469300
v 0.03288600 0.02453000 0.04466700
v 0.03346800 0.02506600 0.04422200
v 0.03333900 0.02468700 0.04445900
v 0.03316300 0.02438300 0.04475700
v 0.03269700 0.02478700 0.04473600
v 0.03230700 0.02453000 0.04518000
v 0.03277400 0.02465100 0.04468200
v 0.03235300 0.02435400 0.04518200
v 0.03244000 0.02420000 0.04523000
v 0.03255600 0.02409100 0.04531900
v 0.03304100 0.02522300 0.04428200
v 0.03294600 0.02529900 0.04438300
v 0.03353400 0.02507900 0.04423000
v 0.03350400 0.02514800 0.04418400
v 0.03207300 0.02450000 0.04540000
v 0.03209900 0.02430900 0.04542900
v 0.03217000 0.02414600 0.04551000
v 0.03227700 0.02403800 0.04563200
v 0.03240300 0.02400000 0.04577600
v 0.03297300 0.02539600 0.04434000
v 0.03306800 0.02531400 0.04423800
v 0.03319700 0.02524000 0.04417400
v 0.03334800 0.02518300 0.04415500
v 0.03314700 0.02589600 0.04403500
v 0.03322900 0.02577700 0.04394300
v 0.03335200 0.02567200 0.04388900
v 0.03350300 0.02559400 0.04387900
v 0.03366500 0.02555000 0.04391400
v 0.03373400 0.02760100 0.04222700
v 0.03370700 0.02763800 0.04226000
v 0.03353900 0.02671000 0.04313100
v 0.03320900 0.02604300 0.04391400
v 0.03341900 0.02662500 0.04341300
v 0.03364600 0.02765500 0.04248100
v 0.03365900 0.02776500 0.04238100
v 0.03381300 0.02752800 0.04216300
v 0.03364900 0.02660300 0.04305800
v 0.03390300 0.02747400 0.04212100
v 0.03379400 0.02652200 0.04302200
v 0.03396400 0.02744900 0.04210300
v 0.03414100 0.02741100 0.04208600
v 0.03395900 0.02647700 0.04302700
v 0.03371900 0.02813100 0.04156900
v 0.03382900 0.02779000 0.04185300
v 0.03382200 0.02798300 0.04150400
v 0.03398300 0.02769800 0.04179900
v 0.03397800 0.02788300 0.04145600
v 0.03416600 0.02765900 0.04178000
v 0.03416400 0.02784400 0.04143200
v 0.03371400 0.02814900 0.04074900
v 0.03366000 0.02821800 0.04076200
v 0.03368300 0.02826300 0.04117600
v 0.03378600 0.02810400 0.04113100
v 0.03394200 0.02799800 0.04108900
v 0.03383200 0.02805900 0.04072200
v 0.03387100 0.02804000 0.04071300
v 0.03413000 0.02795900 0.04105700
v 0.03405500 0.02800000 0.04067200
v 0.03357400 0.02850000 0.04078200
v 0.03368400 0.02830500 0.04164200
v 0.03357800 0.02844000 0.04078100
v 0.03361100 0.02831000 0.04077300
v 0.03368200 0.02802200 0.04210500
v 0.03823800 -0.02337600 0.03550000
v 0.03841800 -0.02376700 0.03753300
v 0.03810800 -0.02419800 0.03734600
v 0.03816600 -0.02344800 0.03498000
v 0.03821100 -0.02328700 0.03496000
v 0.03793900 -0.02469500 0.03714400
v 0.03798600 -0.02443000 0.03650400
v 0.03812300 -0.02365200 0.03500000
v 0.04256800 -0.01300000 0.03048400
v 0.04320900 -0.01300000 0.03078300
v 0.03823800 0.02337800 0.03550000
v 0.03821100 0.02328900 0.03496000
v 0.03816600 0.02345300 0.03497800
v 0.03806200 0.02399500 0.03560400
v 0.03793900 0.02469500 0.03715700
v 0.03810800 0.02419800 0.03735700
v 0.03812200 0.02365900 0.03500000
v 0.03841700 0.02376700 0.03754200
v 0.03847000 -0.02387000 0.03810000
v 0.03811700 -0.02438700 0.03836000
v 0.03850200 -0.02393500 0.03849700
v 0.03850400 -0.02393900 0.03851700
v 0.03789100 -0.02492900 0.03818700
v 0.03811500 -0.02441800 0.03855900
v 0.03787200 -0.02500400 0.03860000
v 0.03788100 -0.02496800 0.03839300
v 0.03797600 -0.02468400 0.03847700
v 0.03741100 -0.02578100 0.04143700
v 0.03760200 -0.02533800 0.04144300
v 0.03710800 -0.02541400 0.04208600
v 0.03754600 -0.02585100 0.04067200
v 0.03779900 -0.02525100 0.04067200
v 0.03699300 -0.02641800 0.04143700
v 0.03711100 -0.02651400 0.04067200
v 0.03645700 -0.02696100 0.04143700
v 0.03655500 -0.02707800 0.04067200
v 0.03582500 -0.02738700 0.04143700
v 0.03589800 -0.02752100 0.04067200
v 0.03512200 -0.02768100 0.04143700
v 0.03516600 -0.02782600 0.04067200
v 0.03437400 -0.02783000 0.04143700
v 0.03438900 -0.02798100 0.04067200
v 0.03361200 -0.02782800 0.04143700
v 0.03359700 -0.02798000 0.04067200
v 0.03287700 -0.02768000 0.04143700
v 0.03283300 -0.02782600 0.04067200
v 0.03300400 -0.02726600 0.04208600
v 0.03264600 -0.02713400 0.04208600
v 0.03247400 -0.02753200 0.04143700
v 0.03241400 -0.02767200 0.04067200
v 0.03365600 -0.02739700 0.04208600
v 0.03433200 -0.02739800 0.04208600
v 0.03499500 -0.02726600 0.04208600
v 0.03562000 -0.02700600 0.04208600
v 0.03618000 -0.02662700 0.04208600
v 0.03665600 -0.02614600 0.04208600
v 0.03702600 -0.02558000 0.04208600
v 0.02858600 -0.02449700 0.04289700
v 0.02554500 -0.02406700 0.04208600
v 0.03294400 -0.02457300 0.04447000
v 0.03135200 -0.02415700 0.04458300
v 0.03283800 -0.02426200 0.04486800
v 0.03271500 -0.02406700 0.04532900
v 0.03258400 -0.02400000 0.04582300
v 0.03180900 -0.02399700 0.04562200
v 0.03105200 -0.02398500 0.04539800
v 0.03148100 -0.02438200 0.04422100
v 0.03346400 -0.02463500 0.04453700
v 0.03343300 -0.02450100 0.04467000
v 0.03336900 -0.02429100 0.04494800
v 0.03325700 -0.02407500 0.04543500
v 0.03313600 -0.02400000 0.04596000
v 0.03391000 -0.02558300 0.04391400
v 0.03431100 -0.02508000 0.04425500
v 0.03518200 -0.02505700 0.04391400
v 0.03497700 -0.02506300 0.04404200
v 0.03514000 -0.02510300 0.04391400
v 0.03457700 -0.02547700 0.04391400
v 0.03718300 -0.02512700 0.04217000
v 0.03692500 -0.02539200 0.04226100
v 0.03700100 -0.02511000 0.04234600
v 0.03674200 -0.02536900 0.04243500
v 0.03711800 -0.02451000 0.04285600
v 0.03693300 -0.02481600 0.04264900
v 0.03682000 -0.02509100 0.04252200
v 0.03729600 -0.02484300 0.04229400
v 0.03748400 -0.02452500 0.04250200
v 0.03730100 -0.02451800 0.04267900
v 0.03791200 -0.02413300 0.04297400
v 0.03772400 -0.02413200 0.04314900
v 0.03839800 -0.02400000 0.04350900
v 0.03820300 -0.02400000 0.04367900
v 0.03753600 -0.02413100 0.04332300
v 0.03800800 -0.02400000 0.04385000
v 0.04321900 -0.01434100 0.03081100
v 0.04257300 -0.01401000 0.03049700
v 0.03978000 -0.02389100 0.04089500
v 0.03935700 -0.02398300 0.04229200
v 0.03878700 -0.02406500 0.04202900
v 0.03786500 -0.02477900 0.04158200
v 0.03827200 -0.02433900 0.04178400
v 0.03914000 -0.02396600 0.04086300
v 0.03855900 -0.02424000 0.04081200
v 0.03809700 -0.02468400 0.04074500
v 0.04004600 -0.02348200 0.03873700
v 0.03994800 -0.02365200 0.03941400
v 0.03928100 -0.02368600 0.03928300
v 0.03942500 -0.02322300 0.03781000
v 0.04017400 -0.02319800 0.03787100
v 0.04012800 -0.02331000 0.03818500
v 0.03864700 -0.02396100 0.03917900
v 0.03872900 -0.02351100 0.03765300
v 0.03815400 -0.02443500 0.03903800
v 0.03786000 -0.02504900 0.03887600
v 0.03780400 -0.02523800 0.04050000
v 0.05757200 -0.02350000 0.06439700
v 0.05803100 -0.02346900 0.06565800
v 0.06056500 -0.01300000 0.07262000
v 0.06054100 -0.01470000 0.07255600
v 0.06115300 0.01434100 0.07423500
v 0.06085900 0.01401000 0.07489100
v 0.06116300 0.01300000 0.07426400
v 0.06086400 0.01300000 0.07490500
v 0.04220400 0.02562500 0.07730300
v 0.04289900 0.02562500 0.07660700
v 0.04125400 0.02562500 0.07565700
v 0.04315400 0.02562500 0.07565700
v 0.04289900 0.02562500 0.07470700
v 0.03960800 0.02562500 0.07660700
v 0.04030400 0.02562500 0.07730300
v 0.04125400 0.02562500 0.07755700
v 0.04030400 0.02562500 0.07401200
v 0.03960800 0.02562500 0.07470700
v 0.03935400 0.02562500 0.07565700
v 0.04220400 0.02562500 0.07401200
v 0.04125400 0.02562500 0.07375700
v 0.05757200 0.02175000 0.06439700
v 0.05815300 0.02168200 0.06599500
v 0.04680000 0.02350000 0.04064900
v 0.04634100 0.02346900 0.03938900
v 0.04680000 -0.02175000 0.04064900
v 0.04621800 -0.02168200 0.03905100
v 0.04383000 0.01470000 0.03249100
v 0.04380700 0.01300000 0.03242700
v 0.04598500 0.02398600 0.03987100
v 0.04633000 0.02400000 0.04082000
v 0.03973700 0.02392700 0.04118200
v 0.03977700 0.02389900 0.04089400
v 0.03913800 0.02397400 0.04086200
v 0.03928200 0.02399000 0.04241300
v 0.03910500 0.02400200 0.04110200
v 0.03839700 0.02400000 0.04350500
v 0.03872500 0.02407500 0.04213000
v 0.03855800 0.02424700 0.04081100
v 0.03853200 0.02427400 0.04101100
v 0.03809600 0.02469100 0.04074500
v 0.03807600 0.02471500 0.04091900
v 0.03779800 0.02525600 0.04067200
v 0.03778300 0.02527900 0.04083500
v 0.03822200 0.02435000 0.04187000
v 0.03782300 0.02479000 0.04165700
v 0.03756600 0.02534700 0.04151200
v 0.03797400 0.02410000 0.04304100
v 0.03759500 0.02439100 0.04262300
v 0.03729700 0.02484500 0.04229500
v 0.03710800 0.02541400 0.04208600
v 0.03711000 0.02484000 0.04246700
v 0.03674200 0.02536900 0.04243500
v 0.03692900 0.02482500 0.04264400
v 0.03722400 0.02438300 0.04297300
v 0.03740700 0.02438900 0.04279600
v 0.03759600 0.02409900 0.04338900
v 0.03778400 0.02410100 0.04321400
v 0.03800800 0.02400000 0.04385000
v 0.03820200 0.02400000 0.04367700
v 0.03433600 0.02555000 0.04391400
v 0.03702600 0.02558000 0.04208600
v 0.03665600 0.02614600 0.04208600
v 0.03618000 0.02662700 0.04208600
v 0.03440800 0.02739000 0.04208600
v 0.03499500 0.02726600 0.04208600
v 0.03562000 0.02700600 0.04208600
v 0.03504200 0.02519500 0.04391400
v 0.03518200 0.02505700 0.04391400
v 0.03258400 0.02400000 0.04582300
v 0.03313600 0.02400000 0.04596000
v 0.03325700 0.02407500 0.04543500
v 0.03346400 0.02463500 0.04453700
v 0.03336900 0.02429100 0.04494800
v 0.03457500 0.02507400 0.04420000
v 0.03424900 0.02508100 0.04426300
v 0.03386200 0.02508300 0.04427400
v 0.03205400 0.02450000 0.04541600
v 0.03196300 0.02450000 0.04549400
v 0.03197500 0.02436600 0.04550800
v 0.03184900 0.02450000 0.04558400
v 0.03186800 0.02432700 0.04560900
v 0.03202400 0.02420600 0.04556800
v 0.03206800 0.02412900 0.04562100
v 0.03193900 0.02414600 0.04570000
v 0.03205000 0.02403100 0.04584300
v 0.03216800 0.02403300 0.04574300
v 0.03215600 0.02400000 0.04597900
v 0.03228100 0.02400000 0.04588000
v 0.03733700 0.02449200 0.07297100
v 0.03733700 0.03012500 0.07297100
v 0.03757100 0.03012500 0.07265800
v 0.03853500 0.02450000 0.07176200
v 0.03862700 0.03012500 0.07170000
v 0.03946900 0.03012500 0.07125600
v 0.03946900 0.02450000 0.07125600
v 0.04007800 0.02450000 0.07105600
v 0.03991900 0.03012500 0.07109900
v 0.04086500 0.02449900 0.07092300
v 0.04133200 0.03012500 0.07090800
v 0.04133200 0.02449900 0.07090700
v 0.04468000 0.02429200 0.07236900
v 0.04357600 0.02445000 0.07151400
v 0.04401000 0.03012500 0.07178900
v 0.04341200 0.02446100 0.07142600
v 0.04318300 0.03012500 0.07131700
v 0.04318300 0.02447300 0.07131700
v 0.04273800 0.03012500 0.07114500
v 0.04226400 0.02449600 0.07101700
v 0.04177700 0.02449800 0.07093700
v 0.04571700 0.03012500 0.07403300
v 0.04512200 0.02414400 0.07289900
v 0.04503400 0.03012500 0.07278100
v 0.04472700 0.03012500 0.07241700
v 0.04599700 0.02254900 0.07592100
v 0.04598000 0.02304900 0.07517900
v 0.04599700 0.03012500 0.07590800
v 0.04590600 0.02333600 0.07470000
v 0.04599900 0.03012500 0.07543100
v 0.04572200 0.02368200 0.07404500
v 0.04558300 0.02384100 0.07370000
v 0.04590600 0.02202100 0.07661700
v 0.04585200 0.03012500 0.07684900
v 0.04552200 0.03012500 0.07774200
v 0.04316200 0.03012500 0.08000700
v 0.04271700 0.01893800 0.08017600
v 0.04306600 0.01893900 0.08004800
v 0.04359500 0.01906600 0.07979100
v 0.04367900 0.01910100 0.07974200
v 0.04436700 0.03012500 0.07924500
v 0.04446000 0.01962400 0.07916200
v 0.04529100 0.03012500 0.07816000
v 0.04536100 0.02075300 0.07804300
v 0.04552100 0.02103800 0.07774500
v 0.04265600 0.01894300 0.08019500
v 0.04178500 0.03012500 0.08037800
v 0.04166100 0.01926200 0.08039000
v 0.03998000 0.03012500 0.08023300
v 0.03998000 0.02045600 0.08023300
v 0.04036000 0.03012500 0.08032300
v 0.04030500 0.02018400 0.08031200
v 0.04112300 0.01957700 0.08040500
v 0.02817600 0.02175000 0.05434500
v 0.02817600 0.02350000 0.05434500
v 0.03262200 0.02175000 0.06656100
v 0.03262200 0.02350000 0.06656100
v 0.02787500 0.02350000 0.05254100
v 0.02787500 0.02175000 0.05254100
v 0.02824300 0.02350000 0.05075000
v 0.02824300 0.02175000 0.05075000
v 0.02923000 0.02350000 0.04921100
v 0.02923000 0.02175000 0.04921100
v 0.03070500 0.02350000 0.04813000
v 0.03070500 0.02175000 0.04813000
v 0.03247000 0.02350000 0.04765100
v 0.03247000 0.02175000 0.04765100
v 0.03428900 0.02350000 0.04783900
v 0.03428900 0.02175000 0.04783900
v 0.03591800 0.02350000 0.04866800
v 0.03591800 0.02175000 0.04866800
v 0.04456000 0.02175000 0.05529900
v 0.04456000 0.02350000 0.05529900
v 0.04220200 0.02175000 0.06593300
v 0.04220200 0.02350000 0.06593300
v 0.04148700 0.02350000 0.06761600
v 0.04148700 0.02175000 0.06761600
v 0.04021400 0.02350000 0.06892900
v 0.04021400 0.02175000 0.06892900
v 0.03855400 0.02350000 0.06969600
v 0.03855400 0.02175000 0.06969600
v 0.03673000 0.02350000 0.06981600
v 0.03673000 0.02175000 0.06981600
v 0.03498400 0.02350000 0.06927200
v 0.03498400 0.02175000 0.06927200
v 0.03355100 0.02350000 0.06813600
v 0.03355100 0.02175000 0.06813600
v 0.02989100 0.02562500 0.04347400
v 0.03058700 0.02562500 0.04277900
v 0.02894100 0.02562500 0.04182900
v 0.03084100 0.02562500 0.04182900
v 0.03058700 0.02562500 0.04087900
v 0.02729600 0.02562500 0.04277900
v 0.02799100 0.02562500 0.04347400
v 0.02894100 0.02562500 0.04372900
v 0.02799100 0.02562500 0.04018300
v 0.02729600 0.02562500 0.04087900
v 0.02704100 0.02562500 0.04182900
v 0.02989100 0.02562500 0.04018300
v 0.02894100 0.02562500 0.03992900
v 0.02332200 0.02385800 0.04091000
v 0.02247900 0.02337500 0.04152400
v 0.02333100 0.02389800 0.04094000
v 0.02247800 0.02351900 0.04165600
v 0.02333800 0.02399400 0.04099700
v 0.02146200 0.02268600 0.04161200
v 0.02156600 0.02268000 0.04179400
v 0.02200200 0.02299200 0.04159900
v 0.02328100 0.02376600 0.04081600
v 0.02319000 0.02368800 0.04067200
v 0.02285300 0.02353600 0.04109500
v 0.02276600 0.02348500 0.04094700
v 0.02242900 0.02327900 0.04136200
v 0.02233600 0.02324500 0.04119400
v 0.02190100 0.02297600 0.04141500
v 0.02333300 0.02406600 0.04102700
v 0.02242700 0.02368800 0.04173700
v 0.02331800 0.02414700 0.04105000
v 0.02152500 0.02309100 0.04228700
v 0.02160900 0.02289900 0.04217700
v 0.02162300 0.02276100 0.04201400
v 0.02157200 0.02268200 0.04180900
v 0.03205400 0.03012500 0.04541600
v 0.03368500 0.03012500 0.04207900
v 0.03368600 0.03012500 0.04160200
v 0.03340500 0.03012500 0.04020400
v 0.03320900 0.03012500 0.04391400
v 0.03353900 0.03012500 0.04302000
v 0.03297900 0.03012500 0.04433100
v 0.02766700 0.03012500 0.04640500
v 0.02766700 0.02449400 0.04640500
v 0.02804700 0.03012500 0.04649400
v 0.02839100 0.02449900 0.04654600
v 0.02852000 0.03012500 0.04656000
v 0.02912700 0.02450000 0.04657500
v 0.02947200 0.03012500 0.04654900
v 0.03004900 0.02450000 0.04644700
v 0.03040300 0.03012500 0.04634800
v 0.03040300 0.02450000 0.04634800
v 0.03084900 0.03012500 0.04617900
v 0.03106100 0.02450000 0.04607900
v 0.02502400 0.02484700 0.03914200
v 0.02502400 0.03012500 0.03914200
v 0.02525800 0.03012500 0.03882900
v 0.02565600 0.02514800 0.03840100
v 0.02631400 0.03012500 0.03787100
v 0.02642500 0.02551600 0.03780500
v 0.02715600 0.03012500 0.03742700
v 0.02729800 0.02593300 0.03737400
v 0.02760700 0.03012500 0.03727000
v 0.02824100 0.02638200 0.03713200
v 0.02902000 0.03012500 0.03707900
v 0.02902000 0.02675400 0.03708100
v 0.03087000 0.03012500 0.03748800
v 0.03086900 0.02763700 0.03748800
v 0.03042500 0.03012500 0.03731600
v 0.03017500 0.02730600 0.03724300
v 0.02921400 0.02684700 0.03708800
v 0.03352600 0.02850000 0.04058900
v 0.03340200 0.02850000 0.04020400
v 0.03272200 0.03012500 0.03895200
v 0.03285700 0.02844400 0.03915200
v 0.03241400 0.03012500 0.03858800
v 0.03240500 0.02833000 0.03858300
v 0.03169800 0.03012500 0.03796000
v 0.03190400 0.02813100 0.03811600
v 0.03108400 0.02774000 0.03759000
v 0.03336500 0.02830000 0.03999900
v 0.03258400 0.02804700 0.03862400
v 0.03253000 0.02814000 0.03865000
v 0.03299600 0.02825500 0.03928400
v 0.03239400 0.02787700 0.03829800
v 0.03212600 0.02775500 0.03804100
v 0.03205300 0.02783200 0.03809100
v 0.03362800 0.02802900 0.03989500
v 0.03401300 0.02800000 0.04047800
v 0.03347100 0.02813500 0.03995900
v 0.03310800 0.02808600 0.03922900
v 0.03265000 0.02797000 0.03858300
v 0.03254800 0.02778400 0.03816800
v 0.03227900 0.02766600 0.03789700
v 0.03288900 0.02785800 0.03839400
v 0.03241400 0.02767200 0.03772500
v 0.03344200 0.02796400 0.03902600
v 0.03335800 0.02795200 0.03888200
v 0.03296900 0.02786700 0.03831900
v 0.03280700 0.02787300 0.03846500
v 0.03326600 0.02798300 0.03913800
v 0.03199200 0.02792100 0.03811900
v 0.03446000 0.02782000 0.04143700
v 0.03447800 0.02797100 0.04067200
v 0.03741100 0.02578100 0.04143700
v 0.03512200 0.02768100 0.04143700
v 0.03516600 0.02782600 0.04067200
v 0.03582500 0.02738700 0.04143700
v 0.03589800 0.02752100 0.04067200
v 0.03645700 0.02696100 0.04143700
v 0.03655500 0.02707800 0.04067200
v 0.03699300 0.02641800 0.04143700
v 0.03711100 0.02651400 0.04067200
v 0.03754600 0.02585100 0.04067200
v 0.03780200 0.02524300 0.04050000
v 0.03987700 0.02377200 0.03999700
v 0.03927100 0.02369200 0.03930200
v 0.03987600 0.02377200 0.03999900
v 0.03987100 0.02378000 0.04004200
v 0.03991300 0.02372000 0.03972100
v 0.03997500 0.02361900 0.03926900
v 0.04017100 0.02319500 0.03787800
v 0.03815200 0.02444000 0.03904900
v 0.03787200 0.02500300 0.03860000
v 0.03846800 0.02386700 0.03810000
v 0.03872000 0.02351500 0.03765900
v 0.03850300 0.02393600 0.03851600
v 0.03864200 0.02396800 0.03919400
v 0.03941000 0.02322400 0.03781600
v 0.03811200 0.02442000 0.03855800
v 0.03797600 0.02468400 0.03847500
v 0.03788200 0.02496500 0.03839000
v 0.03789200 0.02492500 0.03818100
v 0.03811900 0.02438000 0.03835800
v 0.03834700 0.02238300 0.03319700
v 0.03854800 0.02124300 0.03200000
v 0.03793900 0.02469500 0.03200000
v 0.03817300 0.02336900 0.03453100
v 0.03793900 -0.02469500 0.03200000
v 0.03854600 -0.02125300 0.03200000
v 0.03844700 -0.02181300 0.03255600
v 0.03827200 -0.02280800 0.03373500
v 0.03847300 -0.02260100 0.03474500
v 0.03832400 -0.02339600 0.03604000
v 0.04037600 -0.02262100 0.03656900
v 0.03978400 -0.02191100 0.03536900
v 0.04052900 -0.02213300 0.03570600
v 0.04058200 -0.02195900 0.03543200
v 0.04153600 -0.01842600 0.03198200
v 0.04136400 -0.01911900 0.03243900
v 0.04049100 -0.01904700 0.03247700
v 0.04107200 -0.02023300 0.03335800
v 0.04023800 -0.02010800 0.03331300
v 0.04100800 -0.02046700 0.03358600
v 0.04000100 -0.02106300 0.03428000
v 0.04091500 -0.02080400 0.03394000
v 0.04062600 -0.02181200 0.03521400
v 0.04174800 -0.01754100 0.03150000
v 0.04165300 -0.01794200 0.03170500
v 0.04075400 -0.01789100 0.03177800
v 0.04211000 -0.01597600 0.03089200
v 0.04189700 -0.01592900 0.03094600
v 0.04219700 -0.01558600 0.03078700
v 0.04220000 -0.01557500 0.03078500
v 0.04097100 -0.01695500 0.03134400
v 0.04172700 -0.01612100 0.03102900
v 0.04205600 -0.01621400 0.03096500
v 0.04210900 -0.01598100 0.03089400
v 0.04060700 -0.01736700 0.03146500
v 0.04016400 -0.01789800 0.03158600
v 0.03972000 -0.01848400 0.03167800
v 0.03931300 -0.01912800 0.03175400
v 0.03966700 -0.01913000 0.03215200
v 0.03902000 -0.01971800 0.03182300
v 0.03943600 -0.02024200 0.03300900
v 0.03864800 -0.02166700 0.03355400
v 0.03856500 -0.02115200 0.03198900
v 0.03884400 -0.02060700 0.03249200
v 0.03858500 -0.02105200 0.03197800
v 0.03872100 -0.02052700 0.03191800
v 0.03922400 -0.02124600 0.03400400
v 0.03903200 -0.02213600 0.03512700
v 0.03886400 -0.02289700 0.03635100
v 0.04125200 -0.01643000 0.03118600
v 0.04086100 -0.01692100 0.03132800
v 0.03950900 -0.01830700 0.03151200
v 0.03942600 -0.01823800 0.03150000
v 0.03983800 -0.01776600 0.03148200
v 0.03965900 -0.01843300 0.03160300
v 0.04025200 -0.01767800 0.03151000
v 0.04019700 -0.01762600 0.03147900
v 0.03958800 -0.01837300 0.03154700
v 0.04027700 -0.01731800 0.03142700
v 0.04078900 -0.01684000 0.03132100
v 0.04143300 0.01300000 0.03089700
v 0.04143300 -0.01300000 0.03089700
v 0.04087900 0.01692600 0.03132800
v 0.04220300 0.01556400 0.03079000
v 0.04080800 0.01684600 0.03132100
v 0.03966600 0.01842600 0.03160300
v 0.03966800 0.01842800 0.03160500
v 0.04026500 0.01767900 0.03151000
v 0.04031600 0.01772500 0.03155200
v 0.04100400 0.01694000 0.03133800
v 0.04101500 0.01692800 0.03133300
v 0.04123500 0.01668400 0.03125000
v 0.04021000 0.01762600 0.03147900
v 0.03995500 0.01817200 0.03163600
v 0.03972600 0.01847700 0.03167800
v 0.03959500 0.01836600 0.03154700
v 0.03951700 0.01830000 0.03151200
v 0.03943400 0.01823000 0.03150000
v 0.03966900 0.01911300 0.03214500
v 0.03832800 0.02339100 0.03604400
v 0.03847800 0.02259800 0.03474500
v 0.03886300 0.02289800 0.03634700
v 0.04184800 0.01712600 0.03130300
v 0.04185200 0.01710800 0.03129600
v 0.04189000 0.01694900 0.03122900
v 0.04038100 0.02259000 0.03650300
v 0.03977400 0.02191500 0.03536100
v 0.04026100 0.02294600 0.03725700
v 0.03957800 0.02263600 0.03654800
v 0.03885100 0.02059500 0.03250400
v 0.03865300 0.02166100 0.03356200
v 0.03897900 0.01980300 0.03183500
v 0.03872100 0.02051500 0.03191800
v 0.03931600 0.01912000 0.03175400
v 0.03921900 0.01929700 0.03177500
v 0.03943800 0.02023600 0.03301400
v 0.03922500 0.02124800 0.03400900
v 0.03903200 0.02213900 0.03512100
v 0.04048100 0.01902700 0.03246700
v 0.04134700 0.01916900 0.03248300
v 0.04074600 0.01787200 0.03176200
v 0.04174500 0.01755400 0.03150000
v 0.04176700 0.01745900 0.03145400
v 0.04062900 0.02181100 0.03519900
v 0.04068700 0.02161800 0.03493000
v 0.03999400 0.02106900 0.03428400
v 0.04074300 0.02143000 0.03468100
v 0.04023000 0.02010200 0.03331600
v 0.04118900 0.01979100 0.03297400
v 0.04121600 0.01968700 0.03288700
v 0.03566000 -0.02492400 0.03650000
v 0.03497600 -0.02563000 0.03650000
v 0.03400000 -0.02400000 0.03650000
v 0.03403000 -0.02590000 0.03650000
v 0.03307600 -0.02566000 0.03650000
v 0.03492400 -0.02234000 0.03650000
v 0.03563000 -0.02302400 0.03650000
v 0.03590000 -0.02397000 0.03650000
v 0.03234000 -0.02307600 0.03650000
v 0.03302400 -0.02237000 0.03650000
v 0.03397000 -0.02210000 0.03650000
v 0.03237000 -0.02497600 0.03650000
v 0.03210000 -0.02403000 0.03650000
v 0.03566000 0.02307600 0.03650000
v 0.03497600 0.02237000 0.03650000
v 0.03400000 0.02400000 0.03650000
v 0.03403000 0.02210000 0.03650000
v 0.03307600 0.02234000 0.03650000
v 0.03492400 0.02566000 0.03650000
v 0.03563000 0.02497600 0.03650000
v 0.03590000 0.02403000 0.03650000
v 0.03234000 0.02492400 0.03650000
v 0.03302400 0.02563000 0.03650000
v 0.03397000 0.02590000 0.03650000
v 0.03237000 0.02302400 0.03650000
v 0.03210000 0.02397000 0.03650000
v 0.01966000 -0.01692400 0.03650000
v 0.01897600 -0.01763000 0.03650000
v 0.01800000 -0.01600000 0.03650000
v 0.01803000 -0.01790000 0.03650000
v 0.01707600 -0.01766000 0.03650000
v 0.01892400 -0.01434000 0.03650000
v 0.01963000 -0.01502400 0.03650000
v 0.01990000 -0.01597000 0.03650000
v 0.01634000 -0.01507600 0.03650000
v 0.01702400 -0.01437000 0.03650000
v 0.01797000 -0.01410000 0.03650000
v 0.01637000 -0.01697600 0.03650000
v 0.01610000 -0.01603000 0.03650000
v 0.01966000 0.01507600 0.03650000
v 0.01897600 0.01437000 0.03650000
v 0.01800000 0.01600000 0.03650000
v 0.01803000 0.01410000 0.03650000
v 0.01707600 0.01434000 0.03650000
v 0.01892400 0.01766000 0.03650000
v 0.01963000 0.01697600 0.03650000
v 0.01990000 0.01603000 0.03650000
v 0.01634000 0.01692400 0.03650000
v 0.01702400 0.01763000 0.03650000
v 0.01797000 0.01790000 0.03650000
v 0.01637000 0.01502400 0.03650000
v 0.01610000 0.01597000 0.03650000
v 0.04633000 -0.02125000 0.04082000
v 0.04593800 -0.02122300 0.03974400
v 0.04576600 -0.02118400 0.03927000
v 0.04527100 -0.02091500 0.03791100
v 0.05635900 -0.02125000 0.06252800
v 0.05605600 -0.02125000 0.06202700
v 0.05558400 -0.02125000 0.06168100
v 0.05452200 -0.02125000 0.06118600
v 0.05322900 -0.02125000 0.05977500
v 0.05373500 -0.02125000 0.06060900
v 0.05992400 -0.01300000 0.07232100
v 0.05991400 -0.01414600 0.07229600
v 0.05990100 -0.01465000 0.07225900
v 0.05980900 -0.01609600 0.07200600
v 0.05992400 0.01082800 0.07232100
v 0.05981600 0.01025400 0.07236000
v 0.05951100 0.00976800 0.07247100
v 0.05873200 0.00893900 0.07275400
v 0.05804400 0.00717200 0.07300500
v 0.05822300 0.00812800 0.07294000
v 0.05804400 -0.00717200 0.07300500
v 0.05873200 -0.00893900 0.07275400
v 0.05822300 -0.00812800 0.07294000
v 0.05951100 -0.00976800 0.07247100
v 0.05981600 -0.01025400 0.07236000
v 0.05992400 -0.01082800 0.07232100
v 0.05710200 0.02125000 0.06456800
v 0.05749400 0.02122300 0.06564500
v 0.05766600 0.02118400 0.06611900
v 0.05816100 0.02091500 0.06747800
v 0.05635900 0.02125000 0.06252800
v 0.05322900 0.02125000 0.05977500
v 0.05452200 0.02125000 0.06118600
v 0.05373500 0.02125000 0.06060900
v 0.05558400 0.02125000 0.06168100
v 0.05605600 0.02125000 0.06202700
v 0.04511700 0.02125000 0.05509600
v 0.04269000 0.02125000 0.06604100
v 0.03622300 0.02125000 0.04827200
v 0.02770600 0.02125000 0.05451600
v 0.02737500 0.02125000 0.05253200
v 0.02778000 0.02125000 0.05056200
v 0.02886600 0.02125000 0.04886900
v 0.03048800 0.02125000 0.04768000
v 0.03242900 0.02125000 0.04715300
v 0.03443000 0.02125000 0.04736000
v 0.03215200 0.02125000 0.06673200
v 0.04190300 0.02125000 0.06789200
v 0.04050300 0.02125000 0.06933700
v 0.03867800 0.02125000 0.07018100
v 0.03667100 0.02125000 0.07031200
v 0.03475100 0.02125000 0.06971400
v 0.03317400 0.02125000 0.06846400
v 0.04350800 0.01300000 0.03306800
v 0.04351800 0.01414600 0.03309300
v 0.04353100 0.01465000 0.03313000
v 0.04362300 0.01609600 0.03338200
v 0.03766000 -0.02561300 0.03200000
v 0.03241400 -0.02767200 0.03200000
v 0.03333400 -0.02794400 0.03200000
v 0.03693800 -0.02671400 0.03200000
v 0.03655500 -0.02707800 0.03200000
v 0.03589800 -0.02752100 0.03200000
v 0.03516600 -0.02782600 0.03200000
v 0.03465100 -0.02794700 0.03200000
v 0.01644900 -0.02068100 0.04125600
v 0.01628100 -0.02070400 0.04067200
v 0.02100300 -0.02251300 0.04156700
v 0.02327700 -0.02333500 0.04181500
v 0.02531300 -0.02348200 0.04410000
v 0.02519700 -0.02346500 0.04408400
v 0.02533200 -0.02339700 0.04354900
v 0.02840400 -0.02393400 0.04368400
v 0.02969200 -0.02393300 0.04499700
v 0.02827500 -0.02381800 0.04414900
v 0.02850900 -0.02385400 0.04469800
v 0.02763200 -0.02377500 0.04450400
v 0.02851000 -0.02416600 0.04325900
v 0.02546300 -0.02352800 0.04287400
v 0.02551300 -0.02371100 0.04251000
v 0.02544000 -0.02348100 0.04301100
v 0.02535800 -0.02340200 0.04343400
v 0.05635900 -0.02400000 0.06252800
v 0.05710200 -0.02400000 0.06456800
v 0.03591700 -0.02407300 0.04490100
v 0.03623600 -0.02400000 0.04532800
v 0.03584000 -0.02400000 0.04558400
v 0.03562200 -0.02428500 0.04450400
v 0.03581000 -0.02413200 0.04475700
v 0.03549100 -0.02413300 0.04496000
v 0.03438200 -0.02450200 0.04470100
v 0.03519800 -0.02449400 0.04443600
v 0.03545200 -0.02449100 0.04427700
v 0.03447600 -0.02413500 0.04529800
v 0.03458700 -0.02400000 0.04601000
v 0.04210800 -0.01546200 0.03080000
v 0.04173800 -0.01484900 0.03085700
v 0.04151300 -0.01413200 0.03088800
v 0.05322900 -0.02400000 0.05977500
v 0.05452200 -0.02400000 0.06118600
v 0.05373500 -0.02400000 0.06060900
v 0.05558400 -0.02400000 0.06168100
v 0.05605600 -0.02400000 0.06202700
v 0.05744800 -0.02398600 0.06551800
v 0.06086400 0.01082800 0.07490500
v 0.06086400 -0.01082800 0.07490500
v 0.06075700 -0.01025400 0.07494400
v 0.06045100 -0.00976800 0.07505500
v 0.05967300 -0.00893900 0.07533900
v 0.05898500 -0.00717200 0.07558900
v 0.05916400 -0.00812800 0.07552400
v 0.05898500 0.00717200 0.07558900
v 0.05967300 0.00893900 0.07533900
v 0.05916400 0.00812800 0.07552400
v 0.06045100 0.00976800 0.07505500
v 0.06075700 0.01025400 0.07494400
v 0.05569200 0.02400000 0.06508100
v 0.05652400 0.02385700 0.06736700
v 0.05945500 0.01300000 0.07541800
v 0.05945000 0.01401000 0.07540500
v 0.05935900 0.01622700 0.07515500
v 0.05909400 0.01842400 0.07442800
v 0.05864000 0.02046600 0.07318000
v 0.05801500 0.02213300 0.07146200
v 0.05726500 0.02331000 0.06940200
v 0.03984600 0.02028700 0.08024500
v 0.03832200 0.02114900 0.07997000
v 0.03841400 0.02134300 0.07993100
v 0.03660600 0.02170300 0.07994200
v 0.03665400 0.02191300 0.07988900
v 0.03480100 0.02197500 0.08023800
v 0.03480400 0.02219200 0.08018400
v 0.03389600 0.02200900 0.08051800
v 0.03387800 0.02222800 0.08047000
v 0.03394400 0.02183400 0.08065000
v 0.03482300 0.02180000 0.08037600
v 0.03657400 0.02153400 0.08008100
v 0.03823700 0.02099100 0.08009400
v 0.03959600 0.02023300 0.08031600
v 0.03977500 0.02021100 0.08028600
v 0.03971100 0.02014900 0.08034400
v 0.03130500 0.02222800 0.08140700
v 0.03131000 0.02211500 0.08141900
v 0.03137100 0.02183400 0.08158700
v 0.03134300 0.02191400 0.08151100
v 0.03132300 0.02200900 0.08145500
v 0.03387800 0.03012500 0.08047000
v 0.03521900 0.03012500 0.08008600
v 0.03577900 0.03012500 0.07998300
v 0.03691100 0.03012500 0.07987500
v 0.03861300 0.03012500 0.07995400
v 0.03385500 0.03037500 0.08040700
v 0.03128200 0.03037500 0.08134400
v 0.03386800 0.03029800 0.08044100
v 0.03130500 0.03012500 0.08140700
v 0.03379300 0.03055800 0.08023500
v 0.03122000 0.03055800 0.08117200
v 0.03382800 0.03047900 0.08033300
v 0.03124200 0.03051300 0.08123300
v 0.03125500 0.03047900 0.08126900
v 0.03126100 0.03046200 0.08128400
v 0.03128000 0.03038900 0.08133600
v 0.03370700 0.03062500 0.08000000
v 0.03113400 0.03062500 0.08093700
v 0.03376700 0.03059400 0.08016300
v 0.03120600 0.03057900 0.08113400
v 0.03121500 0.03056600 0.08115800
v 0.03518900 0.03047900 0.07994200
v 0.03521300 0.03029800 0.08005600
v 0.03998800 0.03029800 0.08020400
v 0.03861700 0.03029800 0.07992300
v 0.03691000 0.03029800 0.07984400
v 0.03511500 0.03062500 0.07959700
v 0.03515100 0.03059400 0.07976600
v 0.03689800 0.03059400 0.07954800
v 0.03689100 0.03062500 0.07937500
v 0.03865600 0.03059400 0.07963000
v 0.03867900 0.03062500 0.07945800
v 0.04006800 0.03059400 0.07991900
v 0.04011400 0.03062500 0.07975200
v 0.03690500 0.03047900 0.07972800
v 0.03863300 0.03047900 0.07980900
v 0.04001900 0.03047900 0.08009200
v 0.03736200 0.03029800 0.07298800
v 0.03759400 0.03029800 0.07267800
v 0.03864400 0.03029800 0.07172600
v 0.03992800 0.03029800 0.07112800
v 0.04133200 0.03029800 0.07093900
v 0.04272900 0.03029800 0.07117500
v 0.04596800 0.03029800 0.07543200
v 0.04568800 0.03029800 0.07404300
v 0.04501000 0.03029800 0.07280000
v 0.04399200 0.03029800 0.07181400
v 0.04582200 0.03029800 0.07684100
v 0.04526500 0.03029800 0.07814400
v 0.04434700 0.03029800 0.07922200
v 0.04314900 0.03029800 0.07997900
v 0.04178100 0.03029800 0.08034700
v 0.04036600 0.03029800 0.08029200
v 0.04045400 0.03062500 0.07983200
v 0.04042200 0.03059400 0.08000100
v 0.04174800 0.03059400 0.08005300
v 0.04172900 0.03062500 0.07988100
v 0.04303000 0.03059400 0.07970800
v 0.04296100 0.03062500 0.07955000
v 0.04415300 0.03059400 0.07899800
v 0.04403900 0.03062500 0.07886800
v 0.04501300 0.03059400 0.07798800
v 0.04486600 0.03062500 0.07789600
v 0.04553600 0.03059400 0.07676700
v 0.04536800 0.03062500 0.07672400
v 0.04567200 0.03059400 0.07544600
v 0.04549900 0.03062500 0.07545500
v 0.04541000 0.03059400 0.07414500
v 0.04524800 0.03062500 0.07420400
v 0.04477400 0.03059400 0.07297900
v 0.04463600 0.03062500 0.07308400
v 0.04382100 0.03059400 0.07205500
v 0.04372000 0.03062500 0.07219600
v 0.04263600 0.03059400 0.07145600
v 0.04258200 0.03062500 0.07162000
v 0.04132700 0.03059400 0.07123500
v 0.04132400 0.03062500 0.07140800
v 0.04001100 0.03059400 0.07141300
v 0.04006000 0.03062500 0.07157900
v 0.03880700 0.03059400 0.07197300
v 0.03890300 0.03062500 0.07211700
v 0.03782400 0.03059400 0.07286500
v 0.03795800 0.03062500 0.07297400
v 0.03760600 0.03059400 0.07315600
v 0.03774900 0.03062500 0.07325400
v 0.03745800 0.03047900 0.07305400
v 0.03768400 0.03047900 0.07275100
v 0.03870800 0.03047900 0.07182200
v 0.03996000 0.03047900 0.07123900
v 0.04133000 0.03047900 0.07105500
v 0.04269200 0.03047900 0.07128400
v 0.04392500 0.03047900 0.07190800
v 0.04491800 0.03047900 0.07287000
v 0.04558000 0.03047900 0.07408300
v 0.04585200 0.03047900 0.07543800
v 0.04571000 0.03047900 0.07681200
v 0.04516700 0.03047900 0.07808300
v 0.04427100 0.03047900 0.07913500
v 0.04310300 0.03047900 0.07987300
v 0.04176800 0.03047900 0.08023200
v 0.04038800 0.03047900 0.08017900
v 0.03252100 0.03029800 0.07674100
v 0.03379900 0.03029800 0.07617100
v 0.03251000 0.03012500 0.07671200
v 0.03378500 0.03012500 0.07614400
v 0.03427900 0.03012500 0.07586300
v 0.03523500 0.03029800 0.07524300
v 0.03521600 0.03012500 0.07521900
v 0.03649200 0.03029800 0.07408400
v 0.03646900 0.03012500 0.07406300
v 0.03683800 0.03062500 0.07440100
v 0.03671100 0.03059400 0.07428400
v 0.03541600 0.03059400 0.07547700
v 0.03552200 0.03062500 0.07561400
v 0.03393800 0.03059400 0.07643300
v 0.03402000 0.03062500 0.07658600
v 0.03262200 0.03059400 0.07701900
v 0.03268100 0.03062500 0.07718100
v 0.03657700 0.03047900 0.07416200
v 0.03530600 0.03047900 0.07533400
v 0.03385400 0.03047900 0.07627300
v 0.03256000 0.03047900 0.07684900
v 0.04315400 0.03062500 0.07565700
v 0.04289900 0.03062500 0.07660700
v 0.04220400 0.03062500 0.07730300
v 0.04125400 0.03062500 0.07755700
v 0.04030400 0.03062500 0.07730300
v 0.03960800 0.03062500 0.07660700
v 0.03935400 0.03062500 0.07565700
v 0.03960800 0.03062500 0.07470700
v 0.04030400 0.03062500 0.07401200
v 0.04125400 0.03062500 0.07375700
v 0.04220400 0.03062500 0.07401200
v 0.04289900 0.03062500 0.07470700
v 0.03009200 0.03062300 0.07807200
v 0.03010000 0.03062400 0.07809500
v 0.03010400 0.03062500 0.07810600
v 0.03010500 0.03062500 0.07810800
v 0.03010700 0.03062500 0.07811400
v 0.03010800 0.03062500 0.07811800
v 0.03007500 0.03061500 0.07802600
v 0.03004300 0.03058700 0.07793800
v 0.02998700 0.03047900 0.07778600
v 0.02995000 0.03031600 0.07768400
v 0.02993700 0.03012500 0.07764800
v 0.03251000 0.02435200 0.07671200
v 0.03442500 0.02438300 0.07576900
v 0.03610500 0.02444700 0.07443700
v 0.02993200 0.02423000 0.07763300
v 0.02993700 0.02435200 0.07764800
v 0.03250500 0.02423000 0.07669700
v 0.02992200 0.02414500 0.07760500
v 0.03249500 0.02414500 0.07666900
v 0.02989200 0.02401500 0.07752500
v 0.03246500 0.02401500 0.07658800
v 0.02987800 0.02397500 0.07748600
v 0.03245100 0.02397500 0.07655000
v 0.02982400 0.02388100 0.07733600
v 0.03239700 0.02388100 0.07639900
v 0.02977900 0.02385400 0.07721300
v 0.03231500 0.02385700 0.07617600
v 0.02974200 0.02385700 0.07711300
v 0.03730600 0.02429800 0.07294600
v 0.03608000 0.02424700 0.07440300
v 0.03440500 0.02417900 0.07572900
v 0.03721600 0.02413400 0.07288100
v 0.03600100 0.02408100 0.07431600
v 0.03708000 0.02402700 0.07278600
v 0.03588200 0.02397600 0.07419000
v 0.03692000 0.02399200 0.07267600
v 0.03574100 0.02394800 0.07404600
v 0.03434300 0.02401000 0.07562200
v 0.03424800 0.02390700 0.07546600
v 0.03413800 0.02388700 0.07528900
v 0.05635900 0.02400000 0.06252800
v 0.05605600 0.02400000 0.06202700
v 0.05558400 0.02400000 0.06168100
v 0.05452200 0.02400000 0.06118600
v 0.05322900 0.02400000 0.05977500
v 0.05373500 0.02400000 0.06060900
v 0.04151100 0.01402600 0.03088900
v 0.04175500 0.01482300 0.03085600
v 0.03537100 0.02462200 0.04416800
v 0.03545200 0.02449100 0.04427700
v 0.03562200 0.02428500 0.04450400
v 0.03591700 0.02407300 0.04490100
v 0.03623600 0.02400000 0.04532800
v 0.03374900 0.02400000 0.04604900
v 0.03470400 0.02449900 0.04463300
v 0.03383300 0.02450400 0.04472500
v 0.03487600 0.02413400 0.04521100
v 0.03379500 0.02413500 0.04532800
v 0.03508100 0.02400000 0.04590000
v 0.03107500 0.02432700 0.04610700
v 0.03112700 0.02414600 0.04621000
v 0.02914700 0.02400000 0.04707400
v 0.03016600 0.02400000 0.04693400
v 0.03012600 0.02403100 0.04676500
v 0.02914000 0.02403100 0.04690200
v 0.03008300 0.02414600 0.04659000
v 0.02913300 0.02414600 0.04672100
v 0.03005700 0.02432700 0.04647700
v 0.02912900 0.02432700 0.04660600
v 0.03120700 0.02403100 0.04637200
v 0.03128500 0.02400000 0.04652700
v 0.04358700 0.02425300 0.07147200
v 0.04468800 0.02409400 0.07231700
v 0.04475600 0.02392900 0.07221600
v 0.04474600 0.01966600 0.07892700
v 0.04639800 0.02215800 0.07565300
v 0.04624600 0.02220100 0.07569100
v 0.04603200 0.02136000 0.07688000
v 0.04551500 0.02023300 0.07816200
v 0.04554900 0.02046900 0.07796100
v 0.04480600 0.01959800 0.07892200
v 0.04309200 0.01876100 0.08007400
v 0.04359200 0.01879700 0.07986600
v 0.04375300 0.01891500 0.07974400
v 0.04422400 0.01906900 0.07947400
v 0.04486500 0.01953600 0.07893500
v 0.04152400 0.01902800 0.08048300
v 0.04229600 0.01876700 0.08035500
v 0.04237800 0.01880500 0.08030800
v 0.04237400 0.01875100 0.08033600
v 0.04296500 0.01869900 0.08015000
v 0.04166900 0.01903000 0.08043500
v 0.04099900 0.01937200 0.08046300
v 0.04065600 0.01949700 0.08049400
v 0.03760200 0.02399900 0.07188300
v 0.03809900 0.02403700 0.07169700
v 0.03808700 0.02400000 0.07147000
v 0.03804400 0.02400000 0.07150200
v 0.03804000 0.02400000 0.07150600
v 0.03897500 0.02400000 0.07093000
v 0.03939000 0.02403700 0.07095200
v 0.03932200 0.02400000 0.07077800
v 0.04104800 0.02399900 0.07041100
v 0.04103600 0.02400000 0.07041100
v 0.04083900 0.02403600 0.07061100
v 0.04074300 0.02400000 0.07043200
v 0.03984700 0.02400000 0.07060100
v 0.04211200 0.02399700 0.07047500
v 0.04232700 0.02403100 0.07070600
v 0.04315500 0.02398100 0.07074800
v 0.04371500 0.02398200 0.07121400
v 0.04380800 0.02395200 0.07104500
v 0.04583200 0.02348300 0.07304000
v 0.04581200 0.02349600 0.07300100
v 0.04570000 0.02349000 0.07320000
v 0.04550600 0.02365100 0.07252400
v 0.04487200 0.02382600 0.07208300
v 0.04486500 0.02383000 0.07180300
v 0.04406800 0.02393300 0.07119500
v 0.04614900 0.02293200 0.07444200
v 0.04631700 0.02289100 0.07438700
v 0.04618700 0.02313800 0.07387900
v 0.04604400 0.02331000 0.07348500
v 0.04637600 0.02269500 0.07475400
v 0.04567900 0.02045400 0.07790800
v 0.04588700 0.02077500 0.07753000
v 0.04623500 0.02149200 0.07661600
v 0.04590600 0.02325200 0.07465700
v 0.04548400 0.02374800 0.07340500
v 0.04592400 0.02317100 0.07461100
v 0.04603100 0.02241800 0.07582100
v 0.04584100 0.02155200 0.07697000
v 0.04539400 0.02063500 0.07801500
v 0.04469500 0.01973900 0.07894400
v 0.03949100 0.02430800 0.07120600
v 0.03945100 0.02414500 0.07110400
v 0.03827000 0.02430700 0.07191200
v 0.03820100 0.02414400 0.07182600
v 0.04520400 0.02378700 0.07273900
v 0.04512900 0.02395000 0.07283800
v 0.04556200 0.02359100 0.07330700
v 0.04085200 0.02414400 0.07077500
v 0.04086100 0.02430700 0.07088400
v 0.04229200 0.02413800 0.07086900
v 0.04227000 0.02430200 0.07097800
v 0.04363600 0.02408700 0.07136700
v 0.04546300 0.02054700 0.07797900
v 0.04592200 0.02144700 0.07691300
v 0.04611700 0.02229500 0.07574500
v 0.04600900 0.02303000 0.07452100
v 0.04238500 0.01886400 0.08028700
v 0.04169300 0.01909100 0.08040700
v 0.04103900 0.01943700 0.08043000
v 0.04547000 0.02384000 0.07344500
v 0.02770600 0.02400000 0.05451600
v 0.03215200 0.02400000 0.06673200
v 0.03622300 0.02400000 0.04827200
v 0.03443000 0.02400000 0.04736000
v 0.03242900 0.02400000 0.04715300
v 0.03048800 0.02400000 0.04768000
v 0.02886600 0.02400000 0.04886900
v 0.02778000 0.02400000 0.05056200
v 0.02737500 0.02400000 0.05253200
v 0.04511700 0.02400000 0.05509600
v 0.04269000 0.02400000 0.06604100
v 0.03317400 0.02400000 0.06846400
v 0.03475100 0.02400000 0.06971400
v 0.03667100 0.02400000 0.07031200
v 0.03867800 0.02400000 0.07018100
v 0.04050300 0.02400000 0.06933700
v 0.04190300 0.02400000 0.06789200
v 0.02765900 0.02430100 0.04644300
v 0.02764500 0.02420000 0.04649800
v 0.02838100 0.02420700 0.04664100
v 0.02838900 0.02436800 0.04656400
v 0.02766400 0.02436100 0.04642300
v 0.02837200 0.02412600 0.04671300
v 0.02762600 0.02411900 0.04656900
v 0.02758500 0.02402500 0.04672300
v 0.02835400 0.02403200 0.04686900
v 0.02753700 0.02399400 0.04689600
v 0.02833400 0.02399900 0.04704600
v 0.02156600 0.02436000 0.04664100
v 0.02157100 0.02423700 0.04665600
v 0.02342600 0.02438600 0.04616300
v 0.02343800 0.02418100 0.04620700
v 0.02556500 0.02444600 0.04605800
v 0.02556800 0.02424700 0.04610000
v 0.02158100 0.02415300 0.04668400
v 0.02161100 0.02402200 0.04676500
v 0.02346100 0.02401200 0.04632900
v 0.02162500 0.02398300 0.04680300
v 0.02167900 0.02388900 0.04695400
v 0.02349200 0.02390900 0.04650900
v 0.02176100 0.02386500 0.04717700
v 0.02352500 0.02389000 0.04671500
v 0.02556600 0.02408100 0.04621800
v 0.02555900 0.02397500 0.04639200
v 0.02554900 0.02394800 0.04659300
v 0.01899800 0.02423700 0.04759300
v 0.01899300 0.02436000 0.04757800
v 0.01902700 0.02406100 0.04767200
v 0.01903800 0.02402200 0.04770100
v 0.01908200 0.02392200 0.04782200
v 0.01918800 0.02386500 0.04811400
v 0.01915100 0.02386200 0.04801400
v 0.01910600 0.02388900 0.04789000
v 0.02630100 0.03012500 0.04612500
v 0.02573500 0.03012500 0.04606600
v 0.02459800 0.03012500 0.04604600
v 0.02290700 0.03012500 0.04625700
v 0.02156600 0.03012500 0.04664100
v 0.02139500 0.03062500 0.04617200
v 0.01882200 0.03062500 0.04710800
v 0.01888700 0.03058700 0.04728800
v 0.01898000 0.03031600 0.04754200
v 0.01899300 0.03012500 0.04757800
v 0.02155500 0.03029800 0.04661200
v 0.01894300 0.03047900 0.04744000
v 0.01894800 0.03046100 0.04745600
v 0.02151600 0.03047900 0.04650400
v 0.01897000 0.03037400 0.04751500
v 0.01897400 0.03035500 0.04752500
v 0.01889100 0.03058300 0.04729700
v 0.01889900 0.03057100 0.04732000
v 0.01892800 0.03051500 0.04740200
v 0.02145400 0.03059400 0.04633400
v 0.02283900 0.03059400 0.04593700
v 0.02280300 0.03062500 0.04576800
v 0.02458500 0.03059400 0.04571900
v 0.02457900 0.03062500 0.04554600
v 0.02634400 0.03059400 0.04580100
v 0.02636600 0.03062500 0.04562900
v 0.02775500 0.03059400 0.04609000
v 0.02780200 0.03062500 0.04592300
v 0.02767600 0.03029800 0.04637500
v 0.02630500 0.03029800 0.04609400
v 0.02459700 0.03029800 0.04601500
v 0.02290000 0.03029800 0.04622700
v 0.02287600 0.03047900 0.04611400
v 0.02459200 0.03047900 0.04589900
v 0.02632000 0.03047900 0.04598000
v 0.02770700 0.03047900 0.04626300
v 0.02810900 0.03059400 0.04617300
v 0.02814100 0.03062500 0.04600300
v 0.02943600 0.03059400 0.04622400
v 0.02941600 0.03062500 0.04605200
v 0.03071800 0.03059400 0.04587900
v 0.03064800 0.03062500 0.04572100
v 0.03184000 0.03059400 0.04516900
v 0.03172600 0.03062500 0.04503900
v 0.03270100 0.03059400 0.04415900
v 0.03255400 0.03062500 0.04406800
v 0.03322300 0.03059400 0.04293800
v 0.03305500 0.03062500 0.04289500
v 0.03335900 0.03059400 0.04161700
v 0.03318600 0.03062500 0.04162600
v 0.03309800 0.03059400 0.04031600
v 0.03293500 0.03062500 0.04037500
v 0.03246100 0.03059400 0.03915000
v 0.03232400 0.03062500 0.03925500
v 0.03150800 0.03059400 0.03822600
v 0.03140800 0.03062500 0.03836700
v 0.03032300 0.03059400 0.03762700
v 0.03026900 0.03062500 0.03779100
v 0.02901400 0.03059400 0.03740600
v 0.02901100 0.03062500 0.03757900
v 0.02769800 0.03059400 0.03758400
v 0.02774700 0.03062500 0.03775000
v 0.02649500 0.03059400 0.03814400
v 0.02659000 0.03062500 0.03828800
v 0.02551100 0.03059400 0.03903600
v 0.02564600 0.03062500 0.03914500
v 0.02529400 0.03059400 0.03932700
v 0.02543600 0.03062500 0.03942500
v 0.02505000 0.03029800 0.03915900
v 0.02528200 0.03029800 0.03884900
v 0.02633100 0.03029800 0.03789700
v 0.03041600 0.03029800 0.03734600
v 0.02901900 0.03029800 0.03711000
v 0.02761500 0.03029800 0.03730000
v 0.03168000 0.03029800 0.03798500
v 0.03269700 0.03029800 0.03897100
v 0.03337600 0.03029800 0.04021400
v 0.03365500 0.03029800 0.04160300
v 0.03083700 0.03029800 0.04615000
v 0.03203400 0.03029800 0.04539300
v 0.03295200 0.03029800 0.04431500
v 0.03350900 0.03029800 0.04301200
v 0.02946900 0.03029800 0.04651800
v 0.02805300 0.03029800 0.04646300
v 0.02514500 0.03047900 0.03922500
v 0.02537100 0.03047900 0.03892200
v 0.02639500 0.03047900 0.03799300
v 0.02764800 0.03047900 0.03741000
v 0.02901700 0.03047900 0.03722600
v 0.03038000 0.03047900 0.03745500
v 0.03161300 0.03047900 0.03807900
v 0.03260500 0.03047900 0.03904100
v 0.03326700 0.03047900 0.04025400
v 0.03354000 0.03047900 0.04160900
v 0.03339800 0.03047900 0.04298300
v 0.03285400 0.03047900 0.04425400
v 0.03195800 0.03047900 0.04530600
v 0.03079000 0.03047900 0.04604400
v 0.02945600 0.03047900 0.04640300
v 0.02807500 0.03047900 0.04635000
v 0.02162600 0.03059400 0.04260400
v 0.02170700 0.03062500 0.04275700
v 0.02321000 0.03062500 0.04178500
v 0.02030900 0.03059400 0.04319000
v 0.02036900 0.03062500 0.04335200
v 0.02154100 0.03047900 0.04244400
v 0.02024800 0.03047900 0.04302000
v 0.02148700 0.03029800 0.04234200
v 0.02020800 0.03029800 0.04291200
v 0.02376100 0.03012500 0.04064300
v 0.02290300 0.03012500 0.04139000
v 0.02292200 0.03029800 0.04141400
v 0.02147200 0.03012500 0.04231500
v 0.02415700 0.03012500 0.04023400
v 0.02439800 0.03059400 0.04045500
v 0.02426500 0.03047900 0.04033300
v 0.02417900 0.03029800 0.04025500
v 0.02299300 0.03047900 0.04150500
v 0.02310400 0.03059400 0.04164800
v 0.02452600 0.03062500 0.04057200
v 0.02019800 0.03012500 0.04288300
v 0.03084100 0.03062500 0.04182900
v 0.03058700 0.03062500 0.04277900
v 0.02989100 0.03062500 0.04347400
v 0.02894100 0.03062500 0.04372900
v 0.02799100 0.03062500 0.04347400
v 0.02729600 0.03062500 0.04277900
v 0.02704100 0.03062500 0.04182900
v 0.02729600 0.03062500 0.04087900
v 0.02799100 0.03062500 0.04018300
v 0.02894100 0.03062500 0.03992900
v 0.02989100 0.03062500 0.04018300
v 0.03058700 0.03062500 0.04087900
v 0.01777900 0.03062300 0.04424300
v 0.01778700 0.03062400 0.04426600
v 0.01779100 0.03062500 0.04427700
v 0.01779200 0.03062500 0.04427900
v 0.01779400 0.03062500 0.04428500
v 0.01779600 0.03062500 0.04428900
v 0.01776200 0.03061500 0.04419700
v 0.01773000 0.03058700 0.04410900
v 0.01767500 0.03047900 0.04395700
v 0.01763800 0.03031600 0.04385500
v 0.01762500 0.03012500 0.04381900
v 0.02019800 0.02248900 0.04288300
v 0.02089400 0.02273900 0.04259800
v 0.02423200 0.02452200 0.04015100
v 0.01972400 0.02190200 0.04268500
v 0.01940600 0.02185200 0.04285100
v 0.01943600 0.02192800 0.04297100
v 0.02018400 0.02201500 0.04244400
v 0.01860200 0.02184400 0.04326000
v 0.01862900 0.02192300 0.04333500
v 0.01945300 0.02203500 0.04306700
v 0.01866200 0.02212500 0.04342700
v 0.01866700 0.02223700 0.04344000
v 0.01944000 0.02230500 0.04315800
v 0.01865000 0.02201900 0.04339200
v 0.02023900 0.02226600 0.04280700
v 0.02023200 0.02232400 0.04283700
v 0.02024100 0.02217900 0.04274100
v 0.02023400 0.02210700 0.04265900
v 0.02022500 0.02207200 0.04260500
v 0.02125900 0.02247500 0.04202400
v 0.02092800 0.02230900 0.04223000
v 0.02095900 0.02240700 0.04240100
v 0.02117200 0.02246200 0.04183100
v 0.02122100 0.02245800 0.04192600
v 0.02052800 0.02213200 0.04225100
v 0.02058200 0.02217600 0.04242400
v 0.02085900 0.02227900 0.04204500
v 0.02130000 0.02256500 0.04221200
v 0.02094700 0.02255900 0.04253000
v 0.02128600 0.02271600 0.04236100
v 0.01895500 0.02171500 0.04138700
v 0.01644900 0.02068100 0.04125700
v 0.01628100 0.02070400 0.04067200
v 0.02502900 0.02476800 0.03912200
v 0.02424200 0.02444200 0.04012900
v 0.02422700 0.02427600 0.04005100
v 0.02500200 0.02460400 0.03905500
v 0.02492600 0.02447200 0.03896300
v 0.02416200 0.02414500 0.03994200
v 0.02481000 0.02438800 0.03885900
v 0.02405800 0.02406300 0.03981700
v 0.03129100 0.02737900 0.03749000
v 0.02559200 0.02475200 0.03815600
v 0.02545800 0.02466800 0.03808600
v 0.02642200 0.02511300 0.03752100
v 0.02624900 0.02501000 0.03744600
v 0.02736200 0.02552300 0.03706600
v 0.02715300 0.02540000 0.03696900
v 0.02837400 0.02596400 0.03681500
v 0.02812000 0.02581700 0.03667800
v 0.02941700 0.02641800 0.03677700
v 0.02914400 0.02626000 0.03657800
v 0.03044400 0.02686600 0.03695200
v 0.03019100 0.02671200 0.03668500
v 0.03141100 0.02728700 0.03733100
v 0.03118600 0.02714200 0.03699400
v 0.03208100 0.02752800 0.03748000
v 0.02929400 0.02666700 0.03705200
v 0.03026300 0.02711700 0.03722000
v 0.03117500 0.02754100 0.03758200
v 0.02567200 0.02499500 0.03834900
v 0.02645900 0.02535800 0.03774900
v 0.02735000 0.02576900 0.03732000
v 0.02830800 0.02621100 0.03708500
v 0.02565000 0.02485900 0.03826500
v 0.02645800 0.02521800 0.03765100
v 0.02737200 0.02562600 0.03721300
v 0.02835500 0.02606500 0.03697400
v 0.02936500 0.02651600 0.03694300
v 0.03035800 0.02696100 0.03711800
v 0.03766000 0.02561300 0.03200000
v 0.03241400 0.02767200 0.03200000
v 0.03333400 0.02794400 0.03200000
v 0.03359700 0.02798000 0.03200000
v 0.03693800 0.02671400 0.03200000
v 0.03655500 0.02707800 0.03200000
v 0.03589800 0.02752100 0.03200000
v 0.03516600 0.02782600 0.03200000
v 0.03465100 0.02794700 0.03200000
v 0.03805500 0.02115600 0.03150000
v 0.03744700 0.02460800 0.03150000
v 0.03761700 0.02463800 0.03153100
v 0.03822600 0.02118600 0.03153100
v 0.03779500 0.02466900 0.03164600
v 0.03840400 0.02121700 0.03164600
v 0.03790900 0.02468900 0.03182700
v 0.03851700 0.02123800 0.03182700
v 0.03261200 0.02721300 0.03150000
v 0.03254400 0.02737200 0.03153100
v 0.03338900 0.02762200 0.03153100
v 0.03341800 0.02745100 0.03150000
v 0.03459800 0.02762400 0.03153100
v 0.03457000 0.02745300 0.03150000
v 0.03574200 0.02723300 0.03153100
v 0.03566000 0.02708100 0.03150000
v 0.03669800 0.02649200 0.03153100
v 0.03657100 0.02637500 0.03150000
v 0.03736100 0.02548100 0.03153100
v 0.03720300 0.02541100 0.03150000
v 0.03691600 0.02669300 0.03182700
v 0.03763200 0.02560100 0.03182700
v 0.03588300 0.02749400 0.03182700
v 0.03464600 0.02791600 0.03182700
v 0.03334000 0.02791400 0.03182700
v 0.03242600 0.02764400 0.03182700
v 0.03247200 0.02753800 0.03164600
v 0.03335900 0.02780000 0.03164600
v 0.03462700 0.02780200 0.03164600
v 0.03582800 0.02739200 0.03164600
v 0.03683100 0.02661500 0.03164600
v 0.03752600 0.02555400 0.03164600
v 0.01332300 0.01888200 0.03150000
v 0.01325400 0.01904000 0.03153100
v 0.01324700 0.01905700 0.03153800
v 0.01318300 0.01920600 0.03164600
v 0.01314000 0.01930600 0.03180900
v 0.01312500 0.01934100 0.03199100
v 0.01312500 0.01934100 0.03200000
v 0.01312500 -0.01934100 0.03200000
v 0.01313200 -0.01932300 0.03186400
v 0.03242600 -0.02764400 0.03182700
v 0.01314000 -0.01930600 0.03180900
v 0.01318300 -0.01920600 0.03164600
v 0.03247200 -0.02753800 0.03164600
v 0.01324700 -0.01905700 0.03153800
v 0.03254400 -0.02737200 0.03153100
v 0.01332300 -0.01888200 0.03150000
v 0.03261200 -0.02721300 0.03150000
v 0.03744700 -0.02460800 0.03150000
v 0.03761700 -0.02463800 0.03153100
v 0.03736100 -0.02548100 0.03153100
v 0.03720300 -0.02541100 0.03150000
v 0.03669800 -0.02649200 0.03153100
v 0.03657100 -0.02637500 0.03150000
v 0.03574200 -0.02723300 0.03153100
v 0.03566000 -0.02708100 0.03150000
v 0.03459800 -0.02762400 0.03153100
v 0.03457000 -0.02745300 0.03150000
v 0.03338900 -0.02762200 0.03153100
v 0.03341800 -0.02745100 0.03150000
v 0.03464600 -0.02791600 0.03182700
v 0.03334000 -0.02791400 0.03182700
v 0.03588300 -0.02749400 0.03182700
v 0.03691500 -0.02669300 0.03182700
v 0.03763200 -0.02560100 0.03182700
v 0.03790900 -0.02468900 0.03182700
v 0.03779500 -0.02466900 0.03164600
v 0.03752600 -0.02555400 0.03164600
v 0.03683100 -0.02661500 0.03164600
v 0.03582800 -0.02739200 0.03164600
v 0.03462700 -0.02780200 0.03164600
v 0.03335900 -0.02780000 0.03164600
v 0.03851600 -0.02124700 0.03182700
v 0.03840200 -0.02122700 0.03164600
v 0.03822400 -0.02119600 0.03153100
v 0.03805400 -0.02116600 0.03150000
v 0.03855900 -0.02047400 0.03161900
v 0.03891300 -0.01978300 0.03169900
v 0.03866500 -0.02050900 0.03175300
v 0.03924600 -0.01908600 0.03164900
v 0.03881300 -0.01973700 0.03159200
v 0.03868900 -0.01967800 0.03152400
v 0.03855100 -0.01961300 0.03150000
v 0.03877900 -0.01702400 0.03150000
v 0.04051300 -0.01626000 0.03131800
v 0.04006600 -0.01527100 0.03133600
v 0.03982200 -0.01419200 0.03134400
v 0.03974900 -0.01300000 0.03134800
v 0.03832400 -0.01573000 0.03150000
v 0.03807500 -0.01437600 0.03150000
v 0.03801200 -0.01300000 0.03150000
v 0.03801200 0.01300000 0.03150000
v 0.03974900 0.01300000 0.03134800
v 0.04052000 0.01626000 0.03132100
v 0.04007200 0.01525400 0.03133800
v 0.03982000 0.01417000 0.03134600
v 0.03808500 0.01437100 0.03150000
v 0.03834100 0.01571900 0.03150000
v 0.03879800 0.01701300 0.03150000
v 0.03868900 0.01966700 0.03152400
v 0.03855100 0.01960200 0.03150000
v 0.03924900 0.01907700 0.03164900
v 0.03855900 0.02046300 0.03161900
v 0.03866500 0.02049700 0.03175300
v 0.03881400 0.01972600 0.03159200
v 0.03891300 0.01977300 0.03169900
v 0.03403000 -0.02590000 0.03150000
v 0.03497600 -0.02563000 0.03150000
v 0.03566000 -0.02492400 0.03150000
v 0.03590000 -0.02397000 0.03150000
v 0.03563000 -0.02302400 0.03150000
v 0.03492400 -0.02234000 0.03150000
v 0.03397000 -0.02210000 0.03150000
v 0.03302400 -0.02237000 0.03150000
v 0.03234000 -0.02307600 0.03150000
v 0.03210000 -0.02403000 0.03150000
v 0.03237000 -0.02497600 0.03150000
v 0.03307600 -0.02566000 0.03150000
v 0.03403000 0.02210000 0.03150000
v 0.03497600 0.02237000 0.03150000
v 0.03566000 0.02307600 0.03150000
v 0.03590000 0.02403000 0.03150000
v 0.03563000 0.02497600 0.03150000
v 0.03492400 0.02566000 0.03150000
v 0.03397000 0.02590000 0.03150000
v 0.03302400 0.02563000 0.03150000
v 0.03234000 0.02492400 0.03150000
v 0.03210000 0.02397000 0.03150000
v 0.03237000 0.02302400 0.03150000
v 0.03307600 0.02234000 0.03150000
v 0.01803000 -0.01790000 0.03150000
v 0.01897600 -0.01763000 0.03150000
v 0.01966000 -0.01692400 0.03150000
v 0.01990000 -0.01597000 0.03150000
v 0.01963000 -0.01502400 0.03150000
v 0.01892400 -0.01434000 0.03150000
v 0.01797000 -0.01410000 0.03150000
v 0.01702400 -0.01437000 0.03150000
v 0.01634000 -0.01507600 0.03150000
v 0.01610000 -0.01603000 0.03150000
v 0.01637000 -0.01697600 0.03150000
v 0.01707600 -0.01766000 0.03150000
v 0.01803000 0.01410000 0.03150000
v 0.01897600 0.01437000 0.03150000
v 0.01966000 0.01507600 0.03150000
v 0.01990000 0.01603000 0.03150000
v 0.01963000 0.01697600 0.03150000
v 0.01892400 0.01766000 0.03150000
v 0.01797000 0.01790000 0.03150000
v 0.01702400 0.01763000 0.03150000
v 0.01634000 0.01692400 0.03150000
v 0.01610000 0.01597000 0.03150000
v 0.01637000 0.01502400 0.03150000
v 0.01707600 0.01434000 0.03150000
v 0.02424700 -0.02125000 0.04885800
v 0.02385600 -0.02122300 0.04778100
v 0.02318800 -0.02091500 0.04594800
v 0.02254900 -0.02004900 0.04419100
v 0.02201200 -0.01866800 0.04271600
v 0.02166000 -0.01703200 0.04174900
v 0.02146800 -0.01514500 0.04122200
v 0.02142600 -0.01300000 0.04110500
v 0.03314000 -0.02125000 0.07329000
v 0.03596200 -0.01300000 0.08104200
v 0.03595200 -0.01414600 0.08101700
v 0.03584700 -0.01609600 0.08072800
v 0.03555100 -0.01796600 0.07991400
v 0.03507800 -0.01953600 0.07861600
v 0.03451900 -0.02056500 0.07707900
v 0.03387400 -0.02112600 0.07530600
v 0.03596200 0.01300000 0.08104200
v 0.03419900 0.02091500 0.07619900
v 0.03353200 0.02122300 0.07436600
v 0.03314000 0.02125000 0.07329000
v 0.03483800 0.02004900 0.07795600
v 0.03537500 0.01866800 0.07943100
v 0.03572700 0.01703200 0.08039900
v 0.03591900 0.01514500 0.08092600
v 0.02424700 0.02125000 0.04885800
v 0.02154000 0.01609600 0.04142000
v 0.02143500 0.01414600 0.04113100
v 0.02142600 0.01300000 0.04110500
v 0.02183600 0.01796600 0.04223400
v 0.02230900 0.01953600 0.04353200
v 0.02286800 0.02056500 0.04506900
v 0.02351400 0.02112600 0.04684200
v 0.01668400 -0.02068400 0.04177600
v 0.02097500 -0.02232500 0.04203100
v 0.01668700 -0.02068500 0.04178100
v 0.02090500 -0.02225100 0.04252000
v 0.02079600 -0.02229700 0.04300700
v 0.01692900 -0.02082700 0.04228700
v 0.01717100 -0.02108700 0.04276900
v 0.01739900 -0.02144400 0.04319900
v 0.02003600 -0.02228000 0.04339100
v 0.02065600 -0.02245900 0.04345900
v 0.02284000 -0.02301500 0.04374400
v 0.02428800 -0.02331100 0.04395500
v 0.02324400 -0.02307100 0.04226400
v 0.01769600 -0.02213300 0.04401600
v 0.02001900 -0.02400000 0.05039700
v 0.01844600 -0.02331000 0.04607600
v 0.01862900 -0.02349600 0.04657800
v 0.01918700 -0.02385700 0.04811100
v 0.01797600 -0.02265600 0.04478500
v 0.02891100 -0.02400000 0.07482900
v 0.03267300 -0.01300000 0.08516600
v 0.03262400 -0.01543300 0.08503100
v 0.02925700 -0.02398600 0.07577800
v 0.02965000 -0.02390000 0.07685900
v 0.03001500 -0.02372000 0.07786200
v 0.03038700 -0.02340700 0.07888400
v 0.03076600 -0.02294600 0.07992600
v 0.03107200 -0.02245400 0.08076500
v 0.03146500 -0.02161800 0.08184500
v 0.03166900 -0.02106500 0.08240600
v 0.03203500 -0.01979100 0.08341100
v 0.03214200 -0.01932300 0.08370500
v 0.03243700 -0.01759800 0.08451700
v 0.03267300 0.01300000 0.08516600
v 0.03186100 0.02046000 0.08293300
v 0.03231400 0.01841600 0.08417900
v 0.03215800 0.01925200 0.08375000
v 0.03266900 0.01400300 0.08515200
v 0.03263300 0.01530100 0.08505500
v 0.03257800 0.01621900 0.08490400
v 0.03247300 0.01729400 0.08461600
v 0.03112900 0.03047400 0.08129500
v 0.03094400 0.03051400 0.08118700
v 0.03091600 0.03043700 0.08126100
v 0.03102100 0.03057100 0.08113200
v 0.03112700 0.03059300 0.08111300
v 0.03102500 0.03030700 0.08139000
v 0.03113200 0.03028800 0.08141000
v 0.03094600 0.03036100 0.08133500
v 0.03123800 0.03031000 0.08139000
v 0.03068400 0.03026900 0.08110100
v 0.03066500 0.03012500 0.08110800
v 0.03075200 0.03012500 0.08125900
v 0.03078700 0.03046200 0.08106300
v 0.03072700 0.03037500 0.08108500
v 0.03074500 0.03034100 0.08116500
v 0.03079900 0.03020400 0.08130000
v 0.03092300 0.03012500 0.08139000
v 0.03113200 0.03012500 0.08143700
v 0.03080700 0.03048400 0.08105600
v 0.03089900 0.03055800 0.08102200
v 0.03010000 0.03062500 0.07811800
v 0.02993500 0.03058400 0.07802200
v 0.02990900 0.03058400 0.07811800
v 0.02970100 0.03037500 0.07826600
v 0.02977100 0.03047300 0.07824100
v 0.02974800 0.03047200 0.07811800
v 0.03009300 0.03062500 0.07812300
v 0.03009600 0.03062500 0.07812200
v 0.03010000 0.03062500 0.07812100
v 0.03010500 0.03062500 0.07811900
v 0.03008300 0.03062400 0.07812700
v 0.03004700 0.03062100 0.07814000
v 0.02998700 0.03060800 0.07816200
v 0.02987300 0.03055800 0.07820300
v 0.03007800 0.03062400 0.07812900
v 0.02963800 0.03012500 0.07828900
v 0.02967100 0.03030800 0.07827700
v 0.02960800 0.03012500 0.07811600
v 0.02964300 0.03030800 0.07811800
v 0.02965500 0.03012500 0.07790700
v 0.02970500 0.03030900 0.07788700
v 0.02967500 0.03012500 0.07786800
v 0.02987400 0.03031100 0.07771700
v 0.02978500 0.03012500 0.07773600
v 0.03000500 0.03058500 0.07795200
v 0.02979600 0.03047300 0.07794100
v 0.02992600 0.03047500 0.07781100
v 0.02929500 0.02397700 0.07588200
v 0.02891100 0.02400000 0.07482900
v 0.02001900 0.02400000 0.05039700
v 0.01963500 0.02398100 0.04934400
v 0.01881600 0.03047400 0.04746600
v 0.01881900 0.03028800 0.04758100
v 0.01892500 0.03031000 0.04756100
v 0.01870800 0.03057100 0.04730400
v 0.01863100 0.03051400 0.04735800
v 0.01863300 0.03036100 0.04750600
v 0.01871200 0.03030700 0.04756100
v 0.01860400 0.03043700 0.04743200
v 0.01837200 0.03026900 0.04727200
v 0.01835200 0.03012500 0.04727900
v 0.01844000 0.03012500 0.04743000
v 0.01847400 0.03046200 0.04723400
v 0.01841500 0.03037500 0.04725600
v 0.01843300 0.03034100 0.04733600
v 0.01848700 0.03020400 0.04747100
v 0.01881400 0.03059300 0.04728400
v 0.01861000 0.03012500 0.04756100
v 0.01881900 0.03012500 0.04760800
v 0.01849500 0.03048400 0.04722700
v 0.01858700 0.03055800 0.04719400
v 0.01778800 0.03062500 0.04428900
v 0.01762200 0.03058400 0.04419300
v 0.01759600 0.03058400 0.04428900
v 0.01738900 0.03037500 0.04443700
v 0.01745800 0.03047300 0.04441200
v 0.01743600 0.03047200 0.04428900
v 0.01778000 0.03062500 0.04429500
v 0.01778400 0.03062500 0.04429300
v 0.01778700 0.03062500 0.04429200
v 0.01779200 0.03062500 0.04429000
v 0.01777000 0.03062400 0.04429800
v 0.01773400 0.03062100 0.04431100
v 0.01767400 0.03060800 0.04433300
v 0.01756100 0.03055800 0.04437400
v 0.01776500 0.03062400 0.04430000
v 0.01732600 0.03012500 0.04446000
v 0.01735800 0.03030800 0.04444800
v 0.01729600 0.03012500 0.04428700
v 0.01733000 0.03030800 0.04428900
v 0.01734200 0.03012500 0.04407800
v 0.01739200 0.03030900 0.04405800
v 0.01736300 0.03012500 0.04403900
v 0.01756100 0.03031100 0.04388800
v 0.01747300 0.03012500 0.04390700
v 0.01769200 0.03058500 0.04412300
v 0.01748300 0.03047300 0.04411200
v 0.01761300 0.03047500 0.04398200
v 0.01762500 0.02223700 0.04381900
v 0.01762000 0.02212500 0.04380700
v 0.01760700 0.02201900 0.04377100
v 0.01758700 0.02192300 0.04371500
v 0.01755900 0.02184400 0.04364000
v 0.01740000 0.02145300 0.04320300
v 0.01747800 0.02165100 0.04341700
v 0.01849700 0.02181100 0.04325400
v 0.01882300 0.02159700 0.04262600
v 0.01893600 0.02157700 0.04188300
v 0.01717200 0.02109200 0.04277200
v 0.01706800 0.02096400 0.04256800
v 0.01689000 0.02079600 0.04220800
v 0.01668500 0.02068400 0.04177800
v 0.01282700 0.01888200 0.03193500
v 0.01283600 0.01888200 0.03211400
v 0.01285500 0.01903700 0.03208300
v 0.01309200 0.01888200 0.03155700
v 0.01324100 0.01903700 0.03153200
v 0.01298100 0.01924100 0.03206800
v 0.01318000 0.01916700 0.03161500
v 0.01309300 0.01924000 0.03173800
v 0.01299800 0.01924000 0.03187400
v 0.01291200 0.01916700 0.03199800
v 0.01287700 0.01906300 0.03213400
v 0.01285300 0.01888200 0.03217100
v 0.01292100 0.01907400 0.03177400
v 0.01287800 0.01888200 0.03177200
v 0.01287400 0.01903500 0.03184200
v 0.01284400 0.01888200 0.03185700
v 0.01284200 0.01896300 0.03188800
v 0.01283300 0.01888200 0.03190000
v 0.01306100 0.01888200 0.03157400
v 0.01302500 0.01888200 0.03159900
v 0.01305400 0.01896300 0.03158700
v 0.01295700 0.01888200 0.03165900
v 0.01302000 0.01903500 0.03163200
v 0.01291900 0.01888200 0.03170600
v 0.01297300 0.01907400 0.03169900
v 0.01291300 0.01888200 0.03171300
v 0.01290800 0.01888200 0.03172100
v 0.01291300 -0.01888800 0.03171300
v 0.01300800 -0.01906000 0.03165500
v 0.01295100 -0.01908800 0.03173700
v 0.01304800 -0.01898600 0.03159500
v 0.01306200 -0.01888600 0.03157300
v 0.01285000 -0.01898900 0.03187900
v 0.01283300 -0.01888900 0.03190100
v 0.01289300 -0.01906200 0.03181900
v 0.01288900 -0.01888200 0.03175100
v 0.01284800 -0.01888200 0.03184200
v 0.01291300 -0.01888200 0.03171300
v 0.01293900 -0.01888200 0.03167900
v 0.01301000 -0.01888200 0.03161000
v 0.01305000 -0.01925300 0.03180500
v 0.01294400 -0.01920500 0.03195500
v 0.01309200 -0.01888200 0.03155700
v 0.01321700 -0.01891500 0.03151200
v 0.01322900 -0.01906600 0.03154500
v 0.01315400 -0.01920200 0.03165500
v 0.01305700 -0.01888200 0.03157700
v 0.01282700 -0.01888200 0.03193500
v 0.01283400 -0.01888200 0.03189500
v 0.01285300 -0.01888200 0.03217100
v 0.01282900 -0.01891700 0.03206700
v 0.01287700 -0.01906300 0.03213400
v 0.01286500 -0.01907200 0.03206500
v 0.01288800 -0.01909400 0.03212500
v 0.01298100 -0.01924100 0.03206800
v 0.02821400 -0.01082000 0.05975600
v 0.02917300 0.01082000 0.06239200
v 0.02896900 0.01141200 0.06183000
v 0.02821400 0.00918000 0.05975600
v 0.02841800 0.00858800 0.06031800
v 0.02821100 -0.00919500 0.05974700
v 0.02917300 -0.00918000 0.06239200
v 0.02896900 -0.00858800 0.06183000
v 0.02917600 0.00919500 0.06240000
v 0.02841800 -0.01141200 0.06031800
v 0.02897400 0.00859700 0.06184500
v 0.02924900 -0.00999100 0.06260100
v 0.02917600 -0.01080500 0.06240000
v 0.02869100 0.01162500 0.06106600
v 0.02841300 0.01140300 0.06030300
v 0.02821100 0.01080500 0.05974700
v 0.02813800 0.00999100 0.05954700
v 0.02924900 0.01000900 0.06260100
v 0.02813800 -0.01000900 0.05954700
v 0.02869700 0.00837500 0.06108200
v 0.02869100 -0.00837500 0.06106600
v 0.02841300 -0.00859700 0.06030300
v 0.02869700 -0.01162500 0.06108200
v 0.02897400 -0.01140300 0.06184500
v 0.01613800 -0.02060400 0.04073900
v 0.01600900 -0.02024500 0.04084300
v 0.01603300 -0.02042700 0.04080500
v 0.01607600 -0.02052200 0.04077500
v 0.01616900 -0.02024200 0.04128100
v 0.01619400 -0.02037600 0.04129600
v 0.01625200 -0.02050000 0.04129600
v 0.01633900 -0.02060400 0.04128300
v 0.01703000 -0.02117100 0.04359100
v 0.01704300 -0.02106900 0.04368200
v 0.01659400 -0.02033200 0.04245100
v 0.01706600 -0.02129000 0.04346500
v 0.01703500 -0.02121300 0.04355000
v 0.01690900 -0.02094400 0.04295400
v 0.01679700 -0.02076300 0.04235800
v 0.01702100 -0.02103900 0.04285300
v 0.01664200 -0.02052200 0.04250100
v 0.01669800 -0.02065800 0.04243200
v 0.01656600 -0.02061000 0.04182700
v 0.01642000 -0.02036800 0.04190500
v 0.01711400 -0.02134700 0.04339400
v 0.01724000 -0.02141900 0.04328100
v 0.01763200 -0.02247900 0.04501800
v 0.01846500 -0.02346400 0.04664800
v 0.01915800 -0.02387200 0.04855200
v 0.01985600 -0.02396900 0.05045600
v 0.01781500 -0.02262800 0.04486100
v 0.01768300 -0.02254500 0.04495900
v 0.01832700 -0.02337300 0.04672900
v 0.01827000 -0.02330000 0.04677300
v 0.01901400 -0.02377700 0.04861500
v 0.01895200 -0.02370100 0.04864600
v 0.01968600 -0.02385400 0.05051800
v 0.01957800 -0.02367300 0.05055700
v 0.01888500 -0.02354200 0.04868800
v 0.01821400 -0.02314800 0.04684400
v 0.01758600 -0.02234100 0.04511900
v 0.01759100 -0.02222300 0.04518900
v 0.01821000 -0.02301800 0.04688900
v 0.01887200 -0.02340700 0.04870800
v 0.01954900 -0.02350000 0.05056800
v 0.02874900 -0.02396900 0.07488800
v 0.02857900 -0.02385400 0.07495000
v 0.02847000 -0.02367300 0.07498900
v 0.02844100 -0.02350000 0.07500000
v 0.02918200 -0.02353300 0.07698300
v 0.03245800 -0.01516200 0.08509100
v 0.03229500 -0.01731300 0.08464200
v 0.03196700 -0.01930800 0.08374300
v 0.03149500 -0.02104300 0.08244600
v 0.03090000 -0.02242800 0.08081000
v 0.03021800 -0.02337900 0.07893600
v 0.02948200 -0.02386600 0.07691600
v 0.03229100 -0.01300000 0.08514900
v 0.03250000 -0.01300000 0.08519600
v 0.03227800 -0.01515200 0.08505600
v 0.03218400 -0.01514300 0.08500600
v 0.03202300 -0.01725600 0.08456500
v 0.03211600 -0.01728200 0.08461200
v 0.03170200 -0.01921400 0.08368200
v 0.03179200 -0.01925700 0.08372100
v 0.03123800 -0.02091900 0.08240700
v 0.03132500 -0.02097600 0.08243600
v 0.03065400 -0.02227900 0.08080200
v 0.03073500 -0.02234700 0.08081700
v 0.02998300 -0.02321400 0.07895900
v 0.03005900 -0.02329000 0.07896000
v 0.02926100 -0.02369200 0.07697500
v 0.02933100 -0.02377200 0.07695900
v 0.03212100 -0.01300000 0.08501900
v 0.03205700 -0.01512500 0.08488200
v 0.03190000 -0.01720400 0.08444800
v 0.03158300 -0.01912900 0.08358000
v 0.03112700 -0.02080600 0.08232700
v 0.03055300 -0.02214300 0.08074800
v 0.02989300 -0.02306200 0.07893500
v 0.02916000 -0.02340300 0.07697500
v 0.02986100 -0.02293800 0.07890100
v 0.03051200 -0.02203100 0.08069000
v 0.03107800 -0.02071400 0.08224500
v 0.03152800 -0.01905900 0.08348100
v 0.03184000 -0.01716100 0.08433800
v 0.03199600 -0.01510900 0.08476600
v 0.03203300 -0.01300000 0.08486700
v 0.03250000 0.01300000 0.08519600
v 0.03229100 0.01300000 0.08514900
v 0.03212100 0.01300000 0.08501900
v 0.03203300 0.01300000 0.08486700
v 0.03209500 0.01526100 0.08492500
v 0.03151600 0.02093100 0.08254500
v 0.03196800 0.01923400 0.08378700
v 0.03228200 0.01728200 0.08465000
v 0.03244000 0.01529600 0.08508400
v 0.03118300 0.02180400 0.08163000
v 0.03100800 0.02171900 0.08162300
v 0.03225100 0.01528200 0.08503900
v 0.03209500 0.01724600 0.08461000
v 0.03178400 0.01917700 0.08375600
v 0.03133700 0.02085600 0.08252800
v 0.03087200 0.02159100 0.08156500
v 0.03119600 0.02074200 0.08245600
v 0.03163500 0.01909300 0.08366200
v 0.03194100 0.01719300 0.08450200
v 0.03199400 0.01523600 0.08476000
v 0.03184300 0.01713000 0.08434600
v 0.03154300 0.01899300 0.08352200
v 0.03111300 0.02060900 0.08234100
v 0.03079500 0.02144100 0.08146800
v 0.03113100 0.02199200 0.08148800
v 0.03115400 0.02188900 0.08154900
v 0.03094600 0.02194500 0.08145200
v 0.03079500 0.02187400 0.08135200
v 0.03070000 0.02178600 0.08120600
v 0.03111700 0.02210700 0.08144900
v 0.03113200 0.02222800 0.08143700
v 0.03111200 0.02222800 0.08143600
v 0.03092300 0.02222800 0.08139000
v 0.03075300 0.02222800 0.08126000
v 0.03066400 0.02222800 0.08110800
v 0.02978500 0.02435200 0.07773600
v 0.02977000 0.02435200 0.07774900
v 0.02965500 0.02435200 0.07790700
v 0.02960800 0.02435200 0.07811600
v 0.02963800 0.02435200 0.07828900
v 0.02960000 0.02381500 0.07728100
v 0.02956100 0.02381900 0.07717300
v 0.02940300 0.02371200 0.07721400
v 0.02963500 0.02408400 0.07785200
v 0.02976700 0.02423800 0.07773800
v 0.02975400 0.02412900 0.07770400
v 0.02973400 0.02403000 0.07764900
v 0.02957900 0.02386400 0.07769700
v 0.02970700 0.02394600 0.07757500
v 0.02949700 0.02373300 0.07747100
v 0.02967500 0.02388000 0.07748700
v 0.02963900 0.02383600 0.07738700
v 0.02958400 0.02401700 0.07802700
v 0.02951400 0.02374200 0.07783400
v 0.02941100 0.02357700 0.07755100
v 0.02929400 0.02355100 0.07723000
v 0.02960300 0.02391100 0.07819200
v 0.02949600 0.02354100 0.07789900
v 0.02934100 0.02336200 0.07747200
v 0.02924900 0.02336200 0.07721800
v 0.02874900 0.02396900 0.07488800
v 0.02857900 0.02385400 0.07495000
v 0.02847000 0.02367300 0.07498900
v 0.02844100 0.02350000 0.07500000
v 0.01954900 0.02350000 0.05056800
v 0.01957800 0.02367300 0.05055700
v 0.01968600 0.02385400 0.05051800
v 0.01985600 0.02396900 0.05045600
v 0.01901000 0.02382700 0.04818400
v 0.01886300 0.02372000 0.04825400
v 0.01876900 0.02355900 0.04831300
v 0.01874200 0.02337000 0.04835100
v 0.01881900 0.02436000 0.04760800
v 0.01880000 0.02436000 0.04760800
v 0.01880400 0.02424600 0.04761900
v 0.01881600 0.02413700 0.04765300
v 0.01893200 0.02384400 0.04797000
v 0.01897100 0.02382300 0.04807600
v 0.01876900 0.02374100 0.04799700
v 0.01889600 0.02388800 0.04787000
v 0.01886300 0.02395400 0.04778100
v 0.01883600 0.02403800 0.04770800
v 0.01868700 0.02387200 0.04777100
v 0.01863000 0.02409200 0.04761600
v 0.01861000 0.02436000 0.04756100
v 0.01865200 0.02358500 0.04799100
v 0.01854900 0.02375000 0.04770700
v 0.01847900 0.02402500 0.04751400
v 0.01844000 0.02436000 0.04743100
v 0.01859000 0.02340900 0.04793300
v 0.01845000 0.02366100 0.04754800
v 0.01836500 0.02408100 0.04731700
v 0.01835200 0.02436000 0.04727900
v 0.01729600 0.02223700 0.04428700
v 0.01732600 0.02223700 0.04446000
v 0.01747200 0.02223700 0.04390700
v 0.01745800 0.02223700 0.04392000
v 0.01734200 0.02223700 0.04407800
v 0.01738800 0.02181300 0.04372800
v 0.01743900 0.02200200 0.04386900
v 0.01745300 0.02211600 0.04390700
v 0.01732000 0.02195500 0.04401600
v 0.01726800 0.02188400 0.04418900
v 0.01729100 0.02180400 0.04436600
v 0.01741700 0.02189900 0.04380800
v 0.01725800 0.02172900 0.04384600
v 0.01719100 0.02160100 0.04397700
v 0.01719500 0.02145100 0.04410100
v 0.01722900 0.02142400 0.04329200
v 0.01710200 0.02134400 0.04341500
v 0.01703700 0.02122300 0.04355400
v 0.01704500 0.02108000 0.04368700
v 0.01656700 0.02061000 0.04182900
v 0.01634000 0.02060400 0.04128300
v 0.01625200 0.02049900 0.04129600
v 0.01664300 0.02052400 0.04250500
v 0.01691100 0.02094900 0.04295800
v 0.01669900 0.02066000 0.04243600
v 0.01702200 0.02104500 0.04285700
v 0.01679800 0.02076500 0.04236100
v 0.01647600 0.02050200 0.04187300
v 0.01642000 0.02036800 0.04190800
v 0.01619400 0.02037600 0.04129600
v 0.01622600 0.02022100 0.04143700
v 0.01616900 0.02024200 0.04128100
v 0.01663600 0.02037200 0.04256400
v 0.01600900 0.02024500 0.04084300
v 0.01603300 0.02042700 0.04080500
v 0.01607600 0.02052200 0.04077500
v 0.01613800 0.02060400 0.04073900
v 0.02343900 -0.01000900 0.06125700
v 0.02351500 -0.01082000 0.06146600
v 0.02372000 -0.01141200 0.06202800
v 0.02399800 -0.01162500 0.06279200
v 0.02427600 -0.01140300 0.06355500
v 0.02447800 -0.01080500 0.06411000
v 0.02455100 -0.00999100 0.06431100
v 0.02447500 -0.00918000 0.06410200
v 0.02427000 -0.00858800 0.06354000
v 0.02399200 -0.00837500 0.06277600
v 0.02371500 -0.00859700 0.06201300
v 0.02351200 -0.00919500 0.06145700
v 0.02343900 0.00999100 0.06125700
v 0.02351500 0.00918000 0.06146600
v 0.02372000 0.00858800 0.06202800
v 0.02399800 0.00837500 0.06279200
v 0.02427600 0.00859700 0.06355500
v 0.02447800 0.00919500 0.06411000
v 0.02455100 0.01000900 0.06431100
v 0.02447500 0.01082000 0.06410200
v 0.02427000 0.01141200 0.06354000
v 0.02399200 0.01162500 0.06277600
v 0.02371500 0.01140300 0.06201300
v 0.02351200 0.01080500 0.06145700
v 0.03350200 0.02554700 0.04050000
v 0.03368000 0.02559300 0.04150000
v 0.03350200 0.02245300 0.04050000
v 0.03368000 0.02240700 0.04150000
v 0.03423000 0.02239100 0.04150000
v 0.03423000 0.02560900 0.04150000
v 0.03544400 0.02325500 0.04150000
v 0.03494200 0.02267600 0.04150000
v 0.03562500 0.02400000 0.04150000
v 0.03544400 0.02474500 0.04150000
v 0.03494200 0.02532400 0.04150000
v 0.03423000 0.02560900 0.04050000
v 0.03423000 0.02239100 0.04050000
v 0.03544400 0.02474500 0.04050000
v 0.03494200 0.02532400 0.04050000
v 0.03544400 0.02325500 0.04050000
v 0.03562500 0.02400000 0.04050000
v 0.03494200 0.02267600 0.04050000
v 0.03542000 -0.02479000 0.04150000
v 0.03483500 -0.02539400 0.04150000
v 0.03400000 -0.02400000 0.04150000
v 0.03402600 -0.02562500 0.04150000
v 0.03321000 -0.02542000 0.04150000
v 0.03479000 -0.02258000 0.04150000
v 0.03539400 -0.02316500 0.04150000
v 0.03562500 -0.02397400 0.04150000
v 0.03258000 -0.02321000 0.04150000
v 0.03316500 -0.02260600 0.04150000
v 0.03397400 -0.02237500 0.04150000
v 0.03260600 -0.02483500 0.04150000
v 0.03237500 -0.02402600 0.04150000
v 0.03260600 -0.02483500 0.04050000
v 0.03321000 -0.02542000 0.04050000
v 0.03400000 -0.02400000 0.04050000
v 0.03402600 -0.02562500 0.04050000
v 0.03483500 -0.02539400 0.04050000
v 0.03316500 -0.02260600 0.04050000
v 0.03258000 -0.02321000 0.04050000
v 0.03237500 -0.02402600 0.04050000
v 0.03539400 -0.02316500 0.04050000
v 0.03479000 -0.02258000 0.04050000
v 0.03397400 -0.02237500 0.04050000
v 0.03542000 -0.02479000 0.04050000
v 0.03562500 -0.02397400 0.04050000
v 0.04485000 0.02952100 0.07048700
v 0.04503200 0.02952100 0.07037400
v 0.04517100 0.02998800 0.07054400
v 0.04482800 0.02912500 0.07043800
v 0.04499900 0.02912500 0.07033300
v 0.04459600 0.02952100 0.07055200
v 0.04459100 0.02912500 0.07049900
v 0.04444300 0.02912500 0.07049800
v 0.04433500 0.02952100 0.07053300
v 0.04434700 0.02912500 0.07048100
v 0.04428300 0.02998800 0.07074600
v 0.04402900 0.02998800 0.07064700
v 0.04413500 0.02952100 0.07045500
v 0.04419700 0.03035200 0.07110100
v 0.04385200 0.03035200 0.07096600
v 0.04408700 0.03057200 0.07155400
v 0.04362600 0.03057200 0.07137500
v 0.04399400 0.03062500 0.07193900
v 0.04343400 0.03062500 0.07172100
v 0.04469000 0.03057200 0.07159900
v 0.04472600 0.03062500 0.07199300
v 0.04497200 0.03057400 0.07156000
v 0.04493700 0.03062500 0.07196400
v 0.04508600 0.03035200 0.07102100
v 0.04510500 0.03036600 0.07103500
v 0.04464800 0.03035200 0.07113400
v 0.04498500 0.03055200 0.07147800
v 0.04461600 0.02998800 0.07077100
v 0.04493900 0.02998800 0.07068700
v 0.04526500 0.03016600 0.07065900
v 0.04416100 0.02912500 0.07040900
v 0.03494300 0.02912500 0.04356200
v 0.03481300 0.02912500 0.04363500
v 0.03478300 0.02952100 0.04359100
v 0.03395600 0.03062500 0.04240400
v 0.03413700 0.03062500 0.04229000
v 0.03418200 0.03057200 0.04272900
v 0.03439300 0.03058400 0.04255100
v 0.03351100 0.03057200 0.04358500
v 0.03314200 0.03062500 0.04344300
v 0.03343000 0.03062500 0.04291600
v 0.03374900 0.03057200 0.04315000
v 0.03412500 0.03035200 0.04342700
v 0.03394700 0.03035200 0.04375200
v 0.03441800 0.02998800 0.04364300
v 0.03428700 0.02998800 0.04388300
v 0.03459500 0.02952100 0.04377400
v 0.03449200 0.02952100 0.04396200
v 0.03463800 0.02912500 0.04380500
v 0.03454200 0.02912500 0.04398100
v 0.03523200 0.02952100 0.04344700
v 0.03523200 0.02912500 0.04350000
v 0.03503400 0.02912500 0.04352900
v 0.03479900 0.03040100 0.04285700
v 0.03522700 0.03016600 0.04308000
v 0.03485700 0.03035200 0.04291700
v 0.03522900 0.02998800 0.04322700
v 0.03495800 0.02998800 0.04326700
v 0.03501900 0.02952100 0.04347800
v 0.03446000 0.03056100 0.04261000
v 0.03444900 0.03035200 0.04311200
v 0.03465700 0.02998800 0.04341100
v 0.04346600 0.02912500 0.07008000
v 0.04344600 0.02952100 0.07012900
v 0.04336500 0.02998800 0.07033400
v 0.04323100 0.03035200 0.07067300
v 0.04305900 0.03057200 0.07110600
v 0.04291300 0.03062500 0.07147400
v 0.03422100 0.02912500 0.04467900
v 0.03417400 0.02952100 0.04465400
v 0.03398100 0.02998800 0.04455000
v 0.03366000 0.03035200 0.04437600
v 0.03324900 0.03057200 0.04415500
v 0.03290100 0.03062500 0.04396700
v 0.03516300 0.02437500 0.07214100
v 0.03503500 0.02475000 0.07178900
v 0.03539100 0.02475000 0.07175000
v 0.03534100 0.02437500 0.07212200
v 0.03572400 0.02475000 0.07188000
v 0.03550700 0.02437500 0.07218700
v 0.03595800 0.02475000 0.07215000
v 0.03562500 0.02437500 0.07232200
v 0.03604100 0.02475000 0.07249800
v 0.03566600 0.02437500 0.07249600
v 0.03595400 0.02475000 0.07284500
v 0.03562300 0.02437500 0.07266900
v 0.03987200 0.03325000 0.07662500
v 0.03956400 0.03362500 0.07684000
v 0.04016900 0.03325000 0.07695000
v 0.03992800 0.03362500 0.07723700
v 0.04054100 0.03325000 0.07718700
v 0.04038200 0.03362500 0.07752700
v 0.04096100 0.03325000 0.07731900
v 0.04089600 0.03362500 0.07768900
v 0.04140100 0.03325000 0.07733900
v 0.04143400 0.03362500 0.07771200
v 0.04183100 0.03325000 0.07724300
v 0.04195900 0.03362500 0.07759600
v 0.04222200 0.03325000 0.07704000
v 0.04243700 0.03362500 0.07734700
v 0.04254700 0.03325000 0.07674200
v 0.04283400 0.03362500 0.07698300
v 0.04278300 0.03325000 0.07637100
v 0.04312300 0.03362500 0.07652900
v 0.04291600 0.03325000 0.07595000
v 0.04328500 0.03362500 0.07601600
v 0.04293500 0.03325000 0.07551000
v 0.04330900 0.03362500 0.07547800
v 0.04284000 0.03325000 0.07508000
v 0.04319200 0.03362500 0.07495200
v 0.04263600 0.03325000 0.07469000
v 0.04294300 0.03362500 0.07447400
v 0.04233900 0.03325000 0.07436500
v 0.04258000 0.03362500 0.07407700
v 0.04196700 0.03325000 0.07412800
v 0.04212600 0.03362500 0.07378800
v 0.04154700 0.03325000 0.07399600
v 0.04161200 0.03362500 0.07362600
v 0.04110700 0.03325000 0.07397600
v 0.04107400 0.03362500 0.07360300
v 0.04067700 0.03325000 0.07407200
v 0.04054900 0.03362500 0.07371900
v 0.04028600 0.03325000 0.07427500
v 0.04007100 0.03362500 0.07396800
v 0.03996100 0.03325000 0.07457300
v 0.03967400 0.03362500 0.07433200
v 0.03972500 0.03325000 0.07494400
v 0.03938500 0.03362500 0.07478600
v 0.03959200 0.03325000 0.07536400
v 0.03922300 0.03362500 0.07529900
v 0.03957300 0.03325000 0.07580500
v 0.03919900 0.03362500 0.07583700
v 0.03966800 0.03325000 0.07623500
v 0.03931600 0.03362500 0.07636300
v 0.04363900 0.02475000 0.06853600
v 0.04364100 0.03595000 0.06853300
v 0.04398500 0.02475000 0.06806400
v 0.04398500 0.03595000 0.06806400
v 0.04313800 0.02955400 0.06883900
v 0.04313800 0.03595000 0.06883900
v 0.04324100 0.02937300 0.06879800
v 0.04337000 0.02912500 0.06873200
v 0.04337000 0.02475000 0.06873200
v 0.04360400 0.02437500 0.06973100
v 0.04346600 0.02475000 0.07008000
v 0.04319100 0.02475000 0.06989100
v 0.04346600 0.02437500 0.06963700
v 0.04302500 0.02475000 0.06960100
v 0.04338400 0.02437500 0.06949200
v 0.04300100 0.02475000 0.06926800
v 0.04337200 0.02437500 0.06932600
v 0.04312400 0.02475000 0.06895800
v 0.04343300 0.02437500 0.06917000
v 0.04355600 0.02437500 0.06905700
v 0.03542100 0.02967700 0.07164800
v 0.03543600 0.02952100 0.07170300
v 0.03530200 0.02951700 0.07169100
v 0.03578800 0.03008500 0.07151400
v 0.03579500 0.02998800 0.07160300
v 0.03568500 0.02998300 0.07155200
v 0.03518100 0.02934300 0.07173500
v 0.03572400 0.02912500 0.07188000
v 0.03566100 0.02912500 0.07184100
v 0.03568700 0.02952100 0.07179400
v 0.03542700 0.02912500 0.07175600
v 0.03585400 0.02912500 0.07199700
v 0.03589400 0.02952100 0.07196200
v 0.03595800 0.02912500 0.07215000
v 0.03603400 0.02952100 0.07218800
v 0.03598500 0.02912500 0.07220800
v 0.03609300 0.02952100 0.07244800
v 0.03604000 0.02912500 0.07245100
v 0.03606400 0.02952100 0.07271200
v 0.03601300 0.02912500 0.07269800
v 0.03627600 0.02998800 0.07277200
v 0.03619500 0.02998800 0.07297300
v 0.03600100 0.02952100 0.07287000
v 0.03662600 0.03035200 0.07287100
v 0.03651700 0.03035200 0.07314400
v 0.03707500 0.03057200 0.07299900
v 0.03692900 0.03057200 0.07336300
v 0.03745600 0.03062500 0.07310600
v 0.03727900 0.03062500 0.07354800
v 0.03714300 0.03057200 0.07238800
v 0.03753800 0.03062500 0.07236500
v 0.03700600 0.03057200 0.07178800
v 0.03737200 0.03062500 0.07163800
v 0.03668100 0.03057200 0.07126600
v 0.03702800 0.03062500 0.07106300
v 0.03633200 0.03035200 0.07157500
v 0.03619300 0.03038800 0.07136700
v 0.03659600 0.03056200 0.07122000
v 0.03605800 0.02998800 0.07181700
v 0.03517800 0.02912500 0.07175200
v 0.03503500 0.02912500 0.07178900
v 0.03667700 0.03035200 0.07241400
v 0.03657500 0.03035200 0.07196600
v 0.03631300 0.02998800 0.07243500
v 0.03623700 0.02998800 0.07210400
v 0.03595400 0.02912500 0.07284500
v 0.04306000 0.02952100 0.06895800
v 0.04282400 0.02997400 0.06895400
v 0.04275000 0.02998800 0.06913400
v 0.04267200 0.03012700 0.06900900
v 0.04235800 0.03035200 0.06947200
v 0.04230100 0.03040000 0.06914400
v 0.04211700 0.03049300 0.06921100
v 0.04149700 0.03062500 0.06952700
v 0.04149300 0.03062500 0.06943800
v 0.04171600 0.03060800 0.06935700
v 0.04189200 0.03057200 0.06950200
v 0.04201700 0.03057200 0.07006200
v 0.04164800 0.03062500 0.07020600
v 0.04230700 0.03057200 0.07055600
v 0.04200000 0.03062500 0.07080700
v 0.04273400 0.03057200 0.07093900
v 0.04251800 0.03062500 0.07127100
v 0.04333400 0.02912500 0.07001200
v 0.04294100 0.02952100 0.06943400
v 0.04304400 0.02912500 0.06965700
v 0.04299500 0.02952100 0.06967700
v 0.04316200 0.02912500 0.06985700
v 0.04312000 0.02952100 0.06989100
v 0.04330500 0.02952100 0.07005700
v 0.04325700 0.02912500 0.06881100
v 0.04310600 0.02912500 0.06898700
v 0.04301500 0.02912500 0.06920000
v 0.04296300 0.02952100 0.06918700
v 0.04300100 0.02912500 0.06926800
v 0.04299400 0.02912500 0.06943100
v 0.04298800 0.03035200 0.07054700
v 0.04266800 0.03035200 0.07026100
v 0.04245100 0.03035200 0.06989100
v 0.04272200 0.02998800 0.06944900
v 0.04279100 0.02998800 0.06975700
v 0.04295000 0.02998800 0.07003000
v 0.04318600 0.02998800 0.07024100
v 0.04284000 0.03062500 0.07508000
v 0.04291600 0.03062500 0.07595000
v 0.04254700 0.03062500 0.07674200
v 0.04183100 0.03062500 0.07724300
v 0.04096100 0.03062500 0.07731900
v 0.04016900 0.03062500 0.07695000
v 0.03966800 0.03062500 0.07623500
v 0.03959200 0.03062500 0.07536400
v 0.03996100 0.03062500 0.07457300
v 0.04067700 0.03062500 0.07407200
v 0.04154700 0.03062500 0.07399600
v 0.04233900 0.03062500 0.07436500
v 0.03591400 0.03595000 0.04589000
v 0.03591400 0.02475000 0.04589000
v 0.03863300 0.03595000 0.04715800
v 0.03863300 0.02475000 0.04715800
v 0.04525300 0.03595000 0.06534500
v 0.04525300 0.02475000 0.06534500
v 0.03501400 0.02912500 0.04577400
v 0.03501400 0.02475000 0.04577400
v 0.03534600 0.02475000 0.04575100
v 0.03534900 0.03595000 0.04575100
v 0.03476700 0.03595000 0.04584000
v 0.03476700 0.02955400 0.04584000
v 0.02654800 0.02437500 0.04773700
v 0.02668900 0.02475000 0.04739000
v 0.02697900 0.02475000 0.04759900
v 0.02669300 0.02437500 0.04784200
v 0.02713900 0.02475000 0.04791900
v 0.02677300 0.02437500 0.04800200
v 0.02713300 0.02475000 0.04827700
v 0.02677000 0.02437500 0.04818100
v 0.02696100 0.02475000 0.04859100
v 0.02668400 0.02437500 0.04833800
v 0.02666400 0.02475000 0.04879000
v 0.02653600 0.02437500 0.04843700
v 0.02755900 0.03325000 0.04279600
v 0.02725200 0.03362500 0.04301200
v 0.02785700 0.03325000 0.04312100
v 0.02761500 0.03362500 0.04340800
v 0.02822800 0.03325000 0.04335800
v 0.02807000 0.03362500 0.04369800
v 0.02864800 0.03325000 0.04349000
v 0.02858300 0.03362500 0.04386000
v 0.02908800 0.03325000 0.04351000
v 0.02912100 0.03362500 0.04388300
v 0.02951800 0.03325000 0.04341400
v 0.02964700 0.03362500 0.04376700
v 0.02990900 0.03325000 0.04321100
v 0.03012400 0.03362500 0.04351800
v 0.03023400 0.03325000 0.04291300
v 0.03052100 0.03362500 0.04315400
v 0.03047100 0.03325000 0.04254200
v 0.03081000 0.03362500 0.04270000
v 0.03060300 0.03325000 0.04212200
v 0.03097200 0.03362500 0.04218700
v 0.03062200 0.03325000 0.04168100
v 0.03099600 0.03362500 0.04164900
v 0.03052700 0.03325000 0.04125100
v 0.03087900 0.03362500 0.04112300
v 0.03032400 0.03325000 0.04086100
v 0.03063100 0.03362500 0.04064600
v 0.03002600 0.03325000 0.04053600
v 0.03026700 0.03362500 0.04024900
v 0.02965400 0.03325000 0.04029900
v 0.02981300 0.03362500 0.03995900
v 0.02923400 0.03325000 0.04016700
v 0.02929900 0.03362500 0.03979700
v 0.02879400 0.03325000 0.04014700
v 0.02876100 0.03362500 0.03977400
v 0.02836400 0.03325000 0.04024300
v 0.02823600 0.03362500 0.03989000
v 0.02797300 0.03325000 0.04044600
v 0.02775800 0.03362500 0.04013900
v 0.02764900 0.03325000 0.04074400
v 0.02736100 0.03362500 0.04050300
v 0.02741200 0.03325000 0.04111500
v 0.02707200 0.03362500 0.04095700
v 0.02727900 0.03325000 0.04153500
v 0.02691000 0.03362500 0.04147000
v 0.02726000 0.03325000 0.04197600
v 0.02688700 0.03362500 0.04200800
v 0.02735500 0.03325000 0.04240600
v 0.02700300 0.03362500 0.04253400
v 0.03487700 0.02912500 0.04578600
v 0.03423300 0.03018700 0.04603500
v 0.03414500 0.03025700 0.04606700
v 0.03428100 0.02998800 0.04586400
v 0.03411300 0.02952100 0.04480000
v 0.03390300 0.02998800 0.04473600
v 0.03355400 0.03035200 0.04462900
v 0.03310800 0.03057200 0.04449200
v 0.03273000 0.03062500 0.04437600
v 0.03302700 0.03057200 0.04506000
v 0.03263100 0.03062500 0.04506500
v 0.03312300 0.03057200 0.04562500
v 0.03274700 0.03062500 0.04575100
v 0.03338700 0.03057200 0.04613400
v 0.03306800 0.03062500 0.04636800
v 0.03353400 0.03056800 0.04628900
v 0.03312200 0.03062500 0.04643900
v 0.03376300 0.03035200 0.04585700
v 0.03401300 0.03035000 0.04611500
v 0.03375400 0.03049000 0.04620900
v 0.03405700 0.02998800 0.04564100
v 0.03441000 0.02952100 0.04568600
v 0.03463100 0.02952100 0.04579900
v 0.03459200 0.02981000 0.04590400
v 0.03464800 0.02912500 0.04574800
v 0.03423400 0.02952100 0.04551100
v 0.03444100 0.02912500 0.04564300
v 0.03416400 0.02912500 0.04481600
v 0.03413100 0.02912500 0.04504500
v 0.03407800 0.02952100 0.04504600
v 0.03417000 0.02912500 0.04527400
v 0.03411900 0.02952100 0.04529100
v 0.03419100 0.02912500 0.04533000
v 0.03427600 0.02912500 0.04548000
v 0.03349300 0.03035200 0.04505400
v 0.03356500 0.03035200 0.04547700
v 0.03385800 0.02998800 0.04504900
v 0.03391100 0.02998800 0.04536100
v 0.02692900 0.02951400 0.04869300
v 0.02702600 0.02952100 0.04859700
v 0.02708300 0.02971900 0.04863700
v 0.02666400 0.02912500 0.04879000
v 0.02679700 0.02912500 0.04872600
v 0.02681300 0.02934700 0.04873600
v 0.02698500 0.02912500 0.04856300
v 0.02713900 0.02912500 0.04791900
v 0.02712200 0.02912500 0.04785800
v 0.02717300 0.02952100 0.04784100
v 0.02700900 0.02912500 0.04763600
v 0.02705100 0.02952100 0.04760500
v 0.02682900 0.02912500 0.04746500
v 0.02685900 0.02952100 0.04742100
v 0.02715700 0.02912500 0.04810400
v 0.02721000 0.02952100 0.04810500
v 0.02713300 0.02912500 0.04827700
v 0.02716000 0.02952100 0.04836600
v 0.02711000 0.02912500 0.04834800
v 0.02714000 0.02978900 0.04861600
v 0.02736500 0.02998800 0.04844300
v 0.02751900 0.03017500 0.04847800
v 0.02743000 0.02998800 0.04811100
v 0.02792000 0.03044100 0.04833300
v 0.02826100 0.03057200 0.04813100
v 0.02833900 0.03059000 0.04818000
v 0.02865700 0.03062500 0.04806400
v 0.02817400 0.03057200 0.04752300
v 0.02855200 0.03062500 0.04740300
v 0.02789400 0.03057200 0.04697600
v 0.02821100 0.03062500 0.04673900
v 0.02744900 0.03057200 0.04655100
v 0.02767200 0.03062500 0.04622400
v 0.02668900 0.02912500 0.04739000
v 0.02670900 0.02952100 0.04734000
v 0.02679100 0.02998800 0.04713700
v 0.02779500 0.03035200 0.04812000
v 0.02773000 0.03035200 0.04766400
v 0.02752000 0.03035200 0.04725500
v 0.02718700 0.03035200 0.04693700
v 0.02710300 0.03057200 0.04636600
v 0.02725200 0.03062500 0.04599900
v 0.02738200 0.02998800 0.04777500
v 0.02722700 0.02998800 0.04747300
v 0.02698200 0.02998800 0.04723900
v 0.02692800 0.03035200 0.04679900
v 0.03052700 0.03062500 0.04125100
v 0.03060300 0.03062500 0.04212200
v 0.03023400 0.03062500 0.04291300
v 0.02951800 0.03062500 0.04341400
v 0.02864800 0.03062500 0.04349000
v 0.02785700 0.03062500 0.04312100
v 0.02735500 0.03062500 0.04240600
v 0.02727900 0.03062500 0.04153500
v 0.02764900 0.03062500 0.04074400
v 0.02836400 0.03062500 0.04024300
v 0.02923400 0.03062500 0.04016700
v 0.03002600 0.03062500 0.04053600
v 0.02665800 0.02475000 0.04879200
v 0.02665800 0.03595000 0.04879200
v 0.02360100 0.03595000 0.05111100
v 0.02360100 0.02475000 0.05111100
v 0.02432100 0.03595000 0.05033900
v 0.02432100 0.02475000 0.05033900
v 0.02539800 0.03595000 0.04942700
v 0.02584200 0.03595000 0.04916000
v 0.02586800 0.03634600 0.04920700
v 0.02651200 0.03745000 0.05050400
v 0.02591100 0.03745000 0.05090600
v 0.02640200 0.03741600 0.05020200
v 0.02566500 0.03739700 0.05059600
v 0.02651700 0.03714100 0.04948200
v 0.02639300 0.03724700 0.04971600
v 0.02614700 0.03717700 0.04972000
v 0.02635700 0.03734300 0.04995500
v 0.02637000 0.03739700 0.05013000
v 0.02659900 0.03710200 0.04939300
v 0.02597200 0.03681300 0.04939900
v 0.02668200 0.03707600 0.04932700
v 0.02682500 0.03705700 0.04925100
v 0.02675100 0.03681300 0.04904800
v 0.02670200 0.03655800 0.04891300
v 0.02667600 0.03634600 0.04884200
v 0.02497900 0.03595000 0.04973100
v 0.02436000 0.03634600 0.05037500
v 0.02501200 0.03634600 0.04977300
v 0.02446800 0.03670000 0.05047600
v 0.02514800 0.03681300 0.04994500
v 0.02452100 0.03681300 0.05052500
v 0.02537500 0.03717700 0.05023100
v 0.02478800 0.03717700 0.05077300
v 0.02487000 0.03724900 0.05085000
v 0.02512900 0.03739700 0.05109200
v 0.02541800 0.03745000 0.05136100
v 0.03224500 0.03595000 0.07210800
v 0.03224500 0.02475000 0.07210800
v 0.03119600 0.03595000 0.07197900
v 0.03119600 0.02475000 0.07197900
v 0.03365500 0.03595000 0.07211400
v 0.03313800 0.03595000 0.07215100
v 0.03313700 0.03634600 0.07209700
v 0.03421800 0.03725400 0.07124500
v 0.03404100 0.03717700 0.07140900
v 0.03402200 0.03735900 0.07105600
v 0.03394800 0.03739700 0.07095100
v 0.03392600 0.03741600 0.07087500
v 0.03464200 0.03709000 0.07136900
v 0.03411300 0.03681300 0.07176600
v 0.03443100 0.03715800 0.07134100
v 0.03431400 0.03720800 0.07129800
v 0.03242800 0.03745000 0.07061900
v 0.03309800 0.03745000 0.07065100
v 0.03237900 0.03739700 0.07101200
v 0.03310900 0.03739700 0.07104700
v 0.03233600 0.03724900 0.07136400
v 0.03312100 0.03717700 0.07151300
v 0.03232200 0.03717700 0.07147500
v 0.03313100 0.03681300 0.07187800
v 0.03227800 0.03681300 0.07183700
v 0.03226900 0.03670000 0.07190900
v 0.03225100 0.03634600 0.07205500
v 0.03502900 0.03595000 0.07179100
v 0.03416700 0.03595000 0.07203300
v 0.03501000 0.03634600 0.07174100
v 0.03415700 0.03634600 0.07198100
v 0.03498500 0.03655800 0.07167000
v 0.03493500 0.03681300 0.07153500
v 0.03486200 0.03705700 0.07133200
v 0.03381700 0.03745000 0.07057400
v 0.03502900 0.02475000 0.07179100
v 0.04331100 0.03745000 0.06595900
v 0.04389300 0.03745000 0.06471100
v 0.04441300 0.03733600 0.06495300
v 0.04358900 0.03733600 0.06672200
v 0.04485400 0.03701100 0.06515900
v 0.04379300 0.03707100 0.06728400
v 0.04388100 0.03652400 0.06801500
v 0.04372200 0.03683600 0.06794100
v 0.04376800 0.03682700 0.06785700
v 0.04383800 0.03690200 0.06757300
v 0.04514900 0.03652400 0.06529600
v 0.04381800 0.03684800 0.06771500
v 0.04392100 0.03640400 0.06803400
v 0.03940900 0.02475000 0.04800500
v 0.03940900 0.03595000 0.04800500
v 0.03910300 0.03595000 0.04750200
v 0.03910500 0.02475000 0.04750400
v 0.04539200 0.03595000 0.06478000
v 0.04539200 0.02475000 0.06477600
v 0.04530300 0.03595000 0.06419800
v 0.04530300 0.02475000 0.06419800
v 0.03592700 0.03683000 0.04621100
v 0.03579200 0.03683600 0.04615300
v 0.03586600 0.03652400 0.04599400
v 0.03604600 0.03686200 0.04629300
v 0.03858500 0.03652400 0.04726200
v 0.03623000 0.03701100 0.04652200
v 0.03844800 0.03701100 0.04755600
v 0.03626900 0.03707100 0.04661100
v 0.03647300 0.03733600 0.04717300
v 0.03824200 0.03733600 0.04799700
v 0.03799900 0.03745000 0.04851800
v 0.03675100 0.03745000 0.04793600
v 0.03588500 0.03640400 0.04595400
v 0.02539800 0.02475000 0.04942700
v 0.02266400 0.03595000 0.05571900
v 0.02302200 0.03595000 0.05670300
v 0.02289500 0.03503900 0.05635400
v 0.02278100 0.02475000 0.05604300
v 0.02266400 0.02475000 0.05571900
v 0.02278100 0.03295000 0.05604300
v 0.02280600 0.03393100 0.05611000
v 0.02715800 0.03595000 0.06806800
v 0.02751600 0.03595000 0.06905200
v 0.02728500 0.03503900 0.06841700
v 0.02737400 0.03393100 0.06866100
v 0.02739800 0.03295000 0.06872800
v 0.02751600 0.02475000 0.06905200
v 0.02739800 0.02475000 0.06872800
v 0.03365500 0.02475000 0.07211400
v 0.03559800 0.02912500 0.07365500
v 0.03564800 0.02952100 0.07367200
v 0.03585500 0.02998800 0.07374600
v 0.03619900 0.03035200 0.07386700
v 0.03663900 0.03057200 0.07402300
v 0.03701200 0.03062500 0.07415500
v 0.04536500 0.03062500 0.07416100
v 0.04571700 0.03100000 0.07403300
v 0.04600400 0.03100000 0.07560400
v 0.04562900 0.03062500 0.07560800
v 0.04575300 0.03100000 0.07718100
v 0.04539800 0.03062500 0.07706100
v 0.04499300 0.03100000 0.07858700
v 0.04469800 0.03062500 0.07835500
v 0.04381100 0.03100000 0.07966000
v 0.04360900 0.03062500 0.07934400
v 0.04234000 0.03100000 0.08028200
v 0.04225400 0.03062500 0.07991700
v 0.04074600 0.03100000 0.08038000
v 0.04078600 0.03062500 0.08000700
v 0.03920900 0.03100000 0.07994500
v 0.03937000 0.03062500 0.07960600
v 0.03790400 0.03100000 0.07902500
v 0.03816800 0.03062500 0.07875900
v 0.03697700 0.03100000 0.07772400
v 0.03731500 0.03062500 0.07756100
v 0.03682400 0.03362500 0.07672400
v 0.03645900 0.03362500 0.07685000
v 0.03697700 0.03362500 0.07772400
v 0.03812200 0.03362500 0.07625200
v 0.04600400 0.03362500 0.07560400
v 0.04571700 0.03362500 0.07403300
v 0.04493400 0.03362500 0.07377300
v 0.04567300 0.03362500 0.07391100
v 0.04554500 0.03362500 0.07351600
v 0.04234000 0.03362500 0.08028200
v 0.04381100 0.03362500 0.07966000
v 0.04403500 0.03362500 0.07410000
v 0.04499300 0.03362500 0.07858700
v 0.04575300 0.03362500 0.07718100
v 0.03813200 0.03362500 0.07501500
v 0.03864200 0.03362500 0.07383000
v 0.03958000 0.03362500 0.07294500
v 0.04079200 0.03362500 0.07250400
v 0.04208000 0.03362500 0.07257900
v 0.04074600 0.03362500 0.08038000
v 0.03920900 0.03362500 0.07994500
v 0.03790400 0.03362500 0.07902500
v 0.04323200 0.03362500 0.07315800
v 0.04496200 0.03062500 0.07242700
v 0.04532100 0.03062500 0.07403900
v 0.03592400 0.03062500 0.07540300
v 0.03641500 0.03062500 0.07505900
v 0.03572400 0.03062500 0.07549400
v 0.03653100 0.03062500 0.07632500
v 0.03679800 0.03062500 0.07459800
v 0.04567300 0.03100000 0.07391100
v 0.04596600 0.02912500 0.06913300
v 0.04559500 0.02967300 0.06988500
v 0.04554800 0.02912500 0.06978000
v 0.04416100 0.02475000 0.07040900
v 0.04434200 0.02437500 0.07008000
v 0.03494700 0.02437500 0.04540500
v 0.03468000 0.02475000 0.04575800
v 0.03478100 0.02437500 0.04539700
v 0.03438700 0.02475000 0.04560000
v 0.03463400 0.02437500 0.04531800
v 0.03419100 0.02475000 0.04533000
v 0.03453600 0.02437500 0.04518300
v 0.03413100 0.02475000 0.04500100
v 0.03450600 0.02437500 0.04501800
v 0.03422100 0.02475000 0.04467900
v 0.03455100 0.02437500 0.04485700
v 0.03536200 0.02437500 0.04537700
v 0.03607300 0.02437500 0.04555100
v 0.03879200 0.02437500 0.04681800
v 0.03938200 0.02437500 0.04725100
v 0.03976100 0.02437500 0.04787600
v 0.04565500 0.02437500 0.06407000
v 0.04576600 0.02437500 0.06479300
v 0.04559200 0.02437500 0.06550300
v 0.04432500 0.02437500 0.06822200
v 0.04389200 0.02437500 0.06881200
v 0.03454200 0.02475000 0.04398100
v 0.03489200 0.02437500 0.04411600
v 0.03309700 0.03062500 0.04045400
v 0.03305200 0.03062500 0.04033200
v 0.03344900 0.03100000 0.04032600
v 0.03340500 0.03100000 0.04020400
v 0.03600800 0.02912500 0.04357100
v 0.03597700 0.02967300 0.04346000
v 0.03674500 0.02912500 0.04379700
v 0.02470000 0.03062500 0.04290300
v 0.02433700 0.03100000 0.04299500
v 0.02421000 0.03100000 0.04140300
v 0.02458400 0.03062500 0.04143600
v 0.02461900 0.03100000 0.03985900
v 0.02496000 0.03062500 0.04001400
v 0.02551600 0.03100000 0.03853700
v 0.02578700 0.03062500 0.03879700
v 0.02680100 0.03100000 0.03758800
v 0.02697000 0.03062500 0.03792300
v 0.02832700 0.03100000 0.03711800
v 0.02837600 0.03062500 0.03749000
v 0.02992300 0.03100000 0.03718100
v 0.02984500 0.03062500 0.03754800
v 0.03140800 0.03100000 0.03776900
v 0.03121300 0.03062500 0.03809000
v 0.03261400 0.03100000 0.03881600
v 0.03232400 0.03062500 0.03905400
v 0.02433700 0.03362500 0.04299500
v 0.02450200 0.03362500 0.04399700
v 0.02486200 0.03362500 0.04385900
v 0.02616000 0.03362500 0.04338600
v 0.03297200 0.03362500 0.04090700
v 0.03140800 0.03362500 0.03776900
v 0.03207300 0.03362500 0.04123400
v 0.02992300 0.03362500 0.03718100
v 0.03261400 0.03362500 0.03881600
v 0.03340500 0.03362500 0.04020400
v 0.03344900 0.03362500 0.04032600
v 0.03360500 0.03362500 0.04071100
v 0.02680100 0.03362500 0.03758800
v 0.02551600 0.03362500 0.03853700
v 0.02461900 0.03362500 0.03985900
v 0.02421000 0.03362500 0.04140300
v 0.03061500 0.03362500 0.04454100
v 0.03155300 0.03362500 0.04365600
v 0.02832700 0.03362500 0.03711800
v 0.02696300 0.03362500 0.04432800
v 0.02811500 0.03362500 0.04490700
v 0.02940300 0.03362500 0.04498200
v 0.03206300 0.03362500 0.04247100
v 0.02589600 0.02912500 0.04699800
v 0.02592300 0.02952100 0.04695200
v 0.02603400 0.02998800 0.04676300
v 0.02622000 0.03035200 0.04644900
v 0.02645600 0.03057200 0.04604700
v 0.02665700 0.03062500 0.04570600
v 0.02620900 0.03062500 0.04550400
v 0.02561900 0.03062500 0.04539700
v 0.03385800 0.03062500 0.04192000
v 0.02489400 0.03062500 0.04435300
v 0.02502200 0.03062500 0.04544900
v 0.02481000 0.03062500 0.04550800
v 0.03548300 0.03691700 0.04612200
v 0.03530700 0.03698300 0.04616300
v 0.03481100 0.03655800 0.04596100
v 0.03526100 0.03700100 0.04618000
v 0.03493400 0.03705700 0.04629800
v 0.03539000 0.03651100 0.04586300
v 0.03569300 0.03685700 0.04612900
v 0.03554600 0.03689700 0.04611700
v 0.03181900 0.03705700 0.04743200
v 0.03132200 0.03695900 0.04751000
v 0.03080300 0.03695500 0.04769500
v 0.02685000 0.03705700 0.04924100
v 0.03033900 0.03705700 0.04797100
v 0.02308800 0.03595000 0.05177700
v 0.02289100 0.02475000 0.05212000
v 0.02289100 0.03595000 0.05212000
v 0.02262300 0.03595000 0.05275800
v 0.02248200 0.02475000 0.05328300
v 0.02248200 0.03595000 0.05328300
v 0.02240600 0.03595000 0.05382200
v 0.02240500 0.02475000 0.05451400
v 0.02245100 0.03595000 0.05490700
v 0.02240500 0.03595000 0.05451400
v 0.02364000 0.03634600 0.05114800
v 0.02374800 0.03670000 0.05124900
v 0.02380000 0.03681300 0.05129700
v 0.02406700 0.03717700 0.05154600
v 0.02414900 0.03724900 0.05162300
v 0.02440800 0.03739700 0.05186400
v 0.02469800 0.03745000 0.05213400
v 0.02787600 0.03595000 0.06981100
v 0.02809300 0.02475000 0.07014200
v 0.02809300 0.03595000 0.07014200
v 0.02853900 0.03595000 0.07067100
v 0.02894300 0.02475000 0.07103400
v 0.02894300 0.03595000 0.07103400
v 0.02938900 0.03595000 0.07134700
v 0.03000400 0.02475000 0.07166200
v 0.03037600 0.03595000 0.07179900
v 0.03000400 0.03595000 0.07166200
v 0.03137900 0.03745000 0.07049000
v 0.03133100 0.03739700 0.07088300
v 0.03128700 0.03724900 0.07123500
v 0.03127400 0.03717700 0.07134600
v 0.03122900 0.03681300 0.07170800
v 0.03122000 0.03670000 0.07178000
v 0.03120200 0.03634600 0.07192600
v 0.03837600 0.03705700 0.07005400
v 0.03488800 0.03705700 0.07132300
v 0.03891000 0.03695500 0.06996700
v 0.03942600 0.03695900 0.06977500
v 0.04309400 0.03655800 0.06871800
v 0.03985600 0.03705700 0.06951500
v 0.04297200 0.03705700 0.06838100
v 0.04360100 0.03651100 0.06842200
v 0.04334500 0.03698300 0.06824500
v 0.04350600 0.03691700 0.06816400
v 0.04356500 0.03689400 0.06811900
v 0.04302100 0.03705500 0.06836300
v 0.04527000 0.03648300 0.06444500
v 0.04519400 0.03652700 0.06423700
v 0.04537700 0.03617100 0.06473800
v 0.04522200 0.03635800 0.06527500
v 0.04514300 0.03670400 0.06505800
v 0.04511400 0.03670000 0.06426700
v 0.04488500 0.03701600 0.06435000
v 0.04502500 0.03693500 0.06473300
v 0.04459800 0.03724900 0.06445400
v 0.04460500 0.03723400 0.06501800
v 0.04442300 0.03734000 0.06451800
v 0.04533400 0.03635800 0.06462100
v 0.03930000 0.03652700 0.04804400
v 0.03922500 0.03648300 0.04783700
v 0.03911800 0.03617100 0.04754300
v 0.03834800 0.03723400 0.04782500
v 0.03865500 0.03635800 0.04723100
v 0.03873400 0.03670400 0.04744900
v 0.03885200 0.03693500 0.04777300
v 0.03853000 0.03734000 0.04832500
v 0.03870400 0.03724900 0.04826100
v 0.03899100 0.03701600 0.04815700
v 0.03922000 0.03670000 0.04807300
v 0.03916100 0.03635800 0.04766100
v 0.02242900 0.02437500 0.05617100
v 0.02291500 0.02475000 0.05691000
v 0.02254000 0.02437500 0.05689400
v 0.02270600 0.02475000 0.05776300
v 0.02236600 0.02437500 0.05760500
v 0.02218700 0.02475000 0.05847100
v 0.02193400 0.02437500 0.05819500
v 0.02143600 0.02475000 0.05892600
v 0.02130800 0.02437500 0.05857400
v 0.02231100 0.02437500 0.05584700
v 0.02203100 0.02437500 0.05454200
v 0.02211500 0.02437500 0.05320800
v 0.02255800 0.02437500 0.05194800
v 0.02332600 0.02437500 0.05085600
v 0.02404700 0.02437500 0.05008300
v 0.02519100 0.02437500 0.04911400
v 0.02652900 0.02437500 0.04844000
v 0.02589600 0.02475000 0.04699800
v 0.02570600 0.02437500 0.04732100
v 0.01579800 0.02475000 0.06097900
v 0.01567000 0.02437500 0.06062600
v 0.02143600 0.03295000 0.05892600
v 0.02196700 0.03295000 0.05864800
v 0.02218700 0.03295000 0.05847100
v 0.02251200 0.03295000 0.05809900
v 0.02270600 0.03295000 0.05776300
v 0.02283900 0.03295000 0.05739800
v 0.02291500 0.03295000 0.05691000
v 0.02290900 0.03295000 0.05662800
v 0.02508300 0.03361600 0.06721000
v 0.02449800 0.03360400 0.06733900
v 0.02443900 0.03434300 0.06717600
v 0.02451500 0.03295000 0.06738400
v 0.02510000 0.03295000 0.06725600
v 0.02538200 0.03295000 0.06725000
v 0.02587000 0.03295000 0.06732600
v 0.02585200 0.03366300 0.06727700
v 0.02623500 0.03295000 0.06745900
v 0.02655200 0.03374300 0.06759800
v 0.02657200 0.03295000 0.06765300
v 0.02694300 0.03295000 0.06797800
v 0.02709800 0.03384500 0.06813600
v 0.02712000 0.03295000 0.06819800
v 0.02701700 0.03485600 0.06791400
v 0.02690100 0.03568600 0.06759500
v 0.02648000 0.03463900 0.06740100
v 0.02569500 0.03513200 0.06684500
v 0.02605100 0.03524300 0.06695400
v 0.02637700 0.03537500 0.06711800
v 0.02435400 0.03495000 0.06694300
v 0.02493700 0.03498500 0.06680700
v 0.02502300 0.03436800 0.06704400
v 0.02578800 0.03447000 0.06709900
v 0.02632600 0.03740900 0.06269200
v 0.02649900 0.03745000 0.06187200
v 0.02644000 0.03741500 0.06272600
v 0.02683000 0.03611300 0.06727800
v 0.02702700 0.03627800 0.06760200
v 0.02616100 0.03614900 0.06634500
v 0.02658000 0.03592500 0.06703200
v 0.02626800 0.03576200 0.06681900
v 0.02645100 0.03628200 0.06650600
v 0.02637600 0.03661600 0.06587400
v 0.02676000 0.03702400 0.06564900
v 0.02680900 0.03688800 0.06614600
v 0.02684300 0.03679300 0.06644400
v 0.02690100 0.03662800 0.06688600
v 0.02695100 0.03648700 0.06720700
v 0.02616200 0.03728500 0.06349600
v 0.02638800 0.03731200 0.06356800
v 0.02601800 0.03708000 0.06427000
v 0.02635400 0.03714100 0.06438300
v 0.02590800 0.03680100 0.06499400
v 0.02634600 0.03690800 0.06515500
v 0.02584200 0.03645100 0.06565300
v 0.02673300 0.03709600 0.06534300
v 0.02666700 0.03725300 0.06450700
v 0.02666100 0.03726600 0.06441900
v 0.02655300 0.03742800 0.06276100
v 0.02567300 0.03707400 0.06417300
v 0.02544400 0.03678600 0.06487100
v 0.02508600 0.03694600 0.06458800
v 0.02533000 0.03712100 0.06409600
v 0.02544600 0.03718800 0.06386700
v 0.02593200 0.03728300 0.06343000
v 0.02579700 0.03733800 0.06319100
v 0.02609700 0.03741400 0.06262400
v 0.02432400 0.03524600 0.06678300
v 0.02470700 0.03551200 0.06650400
v 0.02455200 0.03628200 0.06580000
v 0.02463100 0.03642300 0.06559700
v 0.02479200 0.03601600 0.06603800
v 0.02433500 0.03555500 0.06656500
v 0.02435100 0.03567000 0.06646900
v 0.02446200 0.03608100 0.06605400
v 0.02469000 0.03651400 0.06545500
v 0.02513900 0.03598700 0.06605800
v 0.02510500 0.03550800 0.06649400
v 0.02551100 0.03554800 0.06654300
v 0.02549200 0.03599900 0.06611600
v 0.02525900 0.03641800 0.06551000
v 0.02495600 0.03683000 0.06486100
v 0.02583700 0.03605300 0.06621300
v 0.02590600 0.03563400 0.06665300
v 0.02577400 0.03740800 0.06145600
v 0.02570800 0.03741400 0.06155500
v 0.02336500 0.03614900 0.05866400
v 0.02348400 0.03628200 0.05835400
v 0.02383300 0.03661600 0.05888700
v 0.02355600 0.03644400 0.05805400
v 0.02345400 0.03652200 0.05756000
v 0.02399000 0.03688800 0.05840000
v 0.02324900 0.03631300 0.05719800
v 0.02327800 0.03611300 0.05751900
v 0.02312900 0.03568600 0.05723100
v 0.02167600 0.03524500 0.05950900
v 0.02159700 0.03495000 0.05936700
v 0.02213000 0.03498500 0.05909700
v 0.02246000 0.03550800 0.05922900
v 0.02300000 0.03599900 0.05926900
v 0.02276700 0.03598700 0.05954100
v 0.02356600 0.03645100 0.05939900
v 0.02185600 0.03560500 0.05969600
v 0.02182500 0.03555500 0.05966900
v 0.02214900 0.03551200 0.05947700
v 0.02225100 0.03608100 0.05997900
v 0.02584000 0.03740900 0.06135700
v 0.02519700 0.03728500 0.06084500
v 0.02506400 0.03728300 0.06104400
v 0.02459000 0.03708000 0.06034500
v 0.02438700 0.03707400 0.06064100
v 0.02404000 0.03680100 0.05986200
v 0.02376400 0.03678600 0.06025400
v 0.02321100 0.03641800 0.05988300
v 0.02246800 0.03627000 0.06010700
v 0.02324400 0.03592500 0.05786800
v 0.02314200 0.03576200 0.05823200
v 0.02303400 0.03537500 0.05793200
v 0.02297200 0.03563400 0.05859200
v 0.02289000 0.03524300 0.05826800
v 0.02268700 0.03513200 0.05858000
v 0.02320200 0.03605300 0.05897300
v 0.02274000 0.03554800 0.05893000
v 0.02430900 0.03704100 0.05886700
v 0.02427200 0.03690800 0.05945600
v 0.02444700 0.03709600 0.05906400
v 0.02477400 0.03714100 0.06004300
v 0.02493400 0.03725300 0.05974600
v 0.02532400 0.03731200 0.06064500
v 0.02544500 0.03736300 0.06044700
v 0.02559500 0.03738600 0.06065200
v 0.02473500 0.03726600 0.06115800
v 0.02440600 0.03718700 0.06102000
v 0.02346400 0.03686000 0.06060700
v 0.02267600 0.03642400 0.06022100
v 0.02596900 0.03742800 0.06115700
v 0.02285900 0.03374300 0.05745300
v 0.02293200 0.03384500 0.05668900
v 0.02253000 0.03366300 0.05814800
v 0.02198400 0.03361600 0.05869400
v 0.02204400 0.03436800 0.05886000
v 0.02151200 0.03434300 0.05913400
v 0.02145300 0.03360400 0.05897100
v 0.02259500 0.03447000 0.05832600
v 0.02301300 0.03485600 0.05691200
v 0.02293100 0.03463900 0.05765000
v 0.02694300 0.02475000 0.06797800
v 0.02623500 0.02475000 0.06745900
v 0.02538200 0.02475000 0.06725000
v 0.02451500 0.02475000 0.06738400
v 0.03559800 0.02475000 0.07365500
v 0.03524500 0.02437500 0.07352900
v 0.03515700 0.02437500 0.07214300
v 0.03369800 0.02437500 0.07248700
v 0.03219900 0.02437500 0.07248000
v 0.03115000 0.02437500 0.07235100
v 0.02985900 0.02437500 0.07200800
v 0.02871000 0.02437500 0.07132800
v 0.02778800 0.02437500 0.07036100
v 0.02716400 0.02437500 0.06918000
v 0.02704600 0.02437500 0.06885700
v 0.02464300 0.02437500 0.06773600
v 0.02536600 0.02437500 0.06762500
v 0.02607700 0.02437500 0.06779900
v 0.02666700 0.02437500 0.06823100
v 0.01887600 0.02475000 0.06943600
v 0.01900500 0.02437500 0.06978800
v 0.03539900 0.02475000 0.07395600
v 0.03514500 0.02437500 0.07368000
v 0.03508300 0.02475000 0.07412900
v 0.03498700 0.02437500 0.07376700
v 0.03574200 0.03057200 0.07505200
v 0.03646300 0.03057200 0.07438800
v 0.03606700 0.03035200 0.07414000
v 0.03575800 0.02998800 0.07394700
v 0.03557200 0.02952100 0.07383000
v 0.03552700 0.02912500 0.07380200
v 0.03510100 0.02958100 0.07419800
v 0.03508300 0.02912500 0.07412900
v 0.03523500 0.02912500 0.07407100
v 0.03538700 0.03059400 0.07528400
v 0.03528000 0.03043700 0.07487700
v 0.03552800 0.03035200 0.07463700
v 0.03516900 0.03007600 0.07445800
v 0.03536100 0.02998800 0.07431300
v 0.03526000 0.02952100 0.07411800
v 0.03614700 0.03057200 0.07476800
v 0.03583100 0.03035200 0.07442500
v 0.03558400 0.02998800 0.07415700
v 0.03543500 0.02952100 0.07399500
v 0.03539900 0.02912500 0.07395600
v 0.03548000 0.03100000 0.07577900
v 0.03624000 0.03100000 0.07656100
v 0.03514500 0.03096100 0.07551200
v 0.03477300 0.03084800 0.07525700
v 0.03430600 0.03063300 0.07499100
v 0.03461100 0.03036900 0.07491400
v 0.03477100 0.03042800 0.07497900
v 0.03503400 0.03051200 0.07509800
v 0.03500400 0.03092600 0.07541100
v 0.03216500 0.02912500 0.07436300
v 0.03296100 0.02956800 0.07447000
v 0.03311100 0.02985200 0.07453400
v 0.03298900 0.02958400 0.07447500
v 0.03359000 0.03019400 0.07468200
v 0.03380800 0.03001200 0.07465300
v 0.03392600 0.03007000 0.07468500
v 0.03424900 0.03021900 0.07478300
v 0.03806700 0.03368700 0.07562700
v 0.03812900 0.03385300 0.07502800
v 0.03833200 0.03414200 0.07438500
v 0.03864200 0.03448000 0.07383000
v 0.03866800 0.03450600 0.07379400
v 0.03907100 0.03484700 0.07333500
v 0.04047900 0.03523400 0.07256600
v 0.04016300 0.03526700 0.07266200
v 0.03986000 0.03523400 0.07279100
v 0.03958000 0.03514400 0.07294500
v 0.04208000 0.03448100 0.07257900
v 0.04204000 0.03450400 0.07256800
v 0.04143200 0.03484800 0.07247500
v 0.04079200 0.03514400 0.07250400
v 0.04367900 0.03368600 0.07358800
v 0.04323200 0.03385800 0.07315800
v 0.04267200 0.03414300 0.07280300
v 0.04476100 0.02437500 0.07004300
v 0.04499900 0.02475000 0.07033300
v 0.04473700 0.02475000 0.07047100
v 0.04463100 0.02437500 0.07011200
v 0.04444300 0.02475000 0.07049800
v 0.04448300 0.02437500 0.07012500
v 0.04533500 0.03100000 0.07239300
v 0.04531200 0.03100000 0.07195800
v 0.04546000 0.03042700 0.07053300
v 0.04567800 0.02981000 0.06979200
v 0.04544500 0.03047200 0.07059700
v 0.04537700 0.03071600 0.07097000
v 0.04532900 0.03090700 0.07139100
v 0.04531500 0.03097300 0.07165200
v 0.04531800 0.03095600 0.07157100
v 0.04521100 0.02437500 0.06959900
v 0.04117100 0.02437500 0.04736300
v 0.04076400 0.02437500 0.04658200
v 0.04016900 0.02437500 0.04593200
v 0.03942600 0.02437500 0.04545900
v 0.03670700 0.02437500 0.04419100
v 0.03586600 0.02437500 0.04392600
v 0.03523700 0.02437500 0.04387500
v 0.03497100 0.02437500 0.04399100
v 0.03509200 0.02437500 0.04390600
v 0.04706500 0.02437500 0.06355600
v 0.04725500 0.02437500 0.06441700
v 0.04721700 0.02437500 0.06529700
v 0.04695200 0.02437500 0.06613700
v 0.04568400 0.02437500 0.06885600
v 0.03470000 0.02475000 0.04373100
v 0.03494300 0.02475000 0.04356200
v 0.03523200 0.02475000 0.04350000
v 0.03442800 0.03100000 0.04205400
v 0.03416600 0.03100000 0.04170600
v 0.03545700 0.03042700 0.04305100
v 0.03540500 0.03047200 0.04301100
v 0.03511100 0.03071800 0.04276700
v 0.03478000 0.03091800 0.04245100
v 0.03471300 0.03094600 0.04238000
v 0.03610100 0.02981000 0.04347800
v 0.03212900 0.03368700 0.04185900
v 0.03206600 0.03385300 0.04245800
v 0.03186400 0.03414200 0.04310100
v 0.03155300 0.03448000 0.04365600
v 0.03152700 0.03450600 0.04369200
v 0.03112400 0.03484700 0.04415100
v 0.02971600 0.03523400 0.04492000
v 0.03003200 0.03526700 0.04482400
v 0.03033500 0.03523400 0.04469500
v 0.03061500 0.03514400 0.04454100
v 0.02811600 0.03448100 0.04490700
v 0.02815500 0.03450400 0.04491800
v 0.02876400 0.03484800 0.04501100
v 0.02940300 0.03514400 0.04498200
v 0.02651600 0.03368600 0.04389800
v 0.02696300 0.03385800 0.04432800
v 0.02752300 0.03414300 0.04468300
v 0.02535600 0.02437500 0.04730500
v 0.02519600 0.02475000 0.04696600
v 0.02555000 0.02475000 0.04689500
v 0.02553300 0.02437500 0.04727000
v 0.02451900 0.03100000 0.04436000
v 0.02444000 0.03100000 0.04544700
v 0.02468700 0.03059400 0.04588500
v 0.02435500 0.03096100 0.04586700
v 0.02510800 0.03057200 0.04583500
v 0.02521100 0.03035200 0.04629100
v 0.02486700 0.03043700 0.04626700
v 0.02529100 0.02998800 0.04664700
v 0.02505100 0.03007600 0.04665800
v 0.02533900 0.02952100 0.04686100
v 0.02516600 0.02958100 0.04690200
v 0.02535100 0.02912500 0.04691300
v 0.02519600 0.02912500 0.04696600
v 0.02574700 0.02912500 0.04693100
v 0.02576300 0.02952100 0.04688000
v 0.02583100 0.02998800 0.04667200
v 0.02594300 0.03035200 0.04632500
v 0.02608700 0.03057200 0.04588100
v 0.02560100 0.03057200 0.04579200
v 0.02557900 0.03035200 0.04625800
v 0.02556200 0.02998800 0.04662300
v 0.02555200 0.02952100 0.04684200
v 0.02555000 0.02912500 0.04689500
v 0.02395500 0.03007200 0.04728000
v 0.02388300 0.03001200 0.04738400
v 0.02369600 0.03019200 0.04750400
v 0.02431300 0.03092600 0.04603200
v 0.02343800 0.02964000 0.04796600
v 0.02337100 0.02958400 0.04804700
v 0.02330100 0.02969800 0.04809400
v 0.02361000 0.03008400 0.04764600
v 0.02335300 0.02956900 0.04806800
v 0.02303300 0.02930400 0.04842900
v 0.02281100 0.02912500 0.04866300
v 0.02414700 0.03075200 0.04655300
v 0.02452300 0.03050400 0.04628400
v 0.02408600 0.03068000 0.04671100
v 0.02422900 0.03029200 0.04684800
v 0.02402000 0.03012500 0.04718400
v 0.03626900 0.03745000 0.04661100
v 0.03604600 0.03745000 0.04629300
v 0.03569400 0.03745000 0.04612900
v 0.03530700 0.03745000 0.04616300
v 0.03181900 0.03745000 0.04743200
v 0.03033900 0.03745000 0.04797100
v 0.02685000 0.03745000 0.04924100
v 0.02660000 0.03745000 0.04939200
v 0.02642700 0.03745000 0.04962800
v 0.02635700 0.03745000 0.04991300
v 0.02640200 0.03745000 0.05020200
v 0.02402100 0.03739700 0.05236600
v 0.02331800 0.03681300 0.05192200
v 0.02313300 0.03634600 0.05180500
v 0.02267300 0.03634600 0.05277500
v 0.02245900 0.03634600 0.05382600
v 0.02250400 0.03634600 0.05489800
v 0.02307600 0.03701100 0.05556900
v 0.02292000 0.03681300 0.05562600
v 0.02272000 0.03681300 0.05486300
v 0.02271300 0.03634600 0.05570100
v 0.02308000 0.03717700 0.05480400
v 0.02326300 0.03717700 0.05550100
v 0.02393100 0.03745000 0.05466400
v 0.02407300 0.03745000 0.05520600
v 0.02370100 0.03739700 0.05534200
v 0.02435600 0.03745000 0.05257800
v 0.02404600 0.03745000 0.05323200
v 0.02367000 0.03739700 0.05310700
v 0.02390200 0.03745000 0.05394100
v 0.02350700 0.03739700 0.05391000
v 0.02354100 0.03739700 0.05472800
v 0.02304200 0.03717700 0.05387300
v 0.02322800 0.03717700 0.05295900
v 0.02362700 0.03717700 0.05211700
v 0.02267800 0.03681300 0.05384300
v 0.02288200 0.03681300 0.05284400
v 0.02792900 0.03701100 0.06890200
v 0.02855400 0.03739700 0.06867400
v 0.02892600 0.03745000 0.06853900
v 0.02811500 0.03717700 0.06883400
v 0.02756600 0.03634600 0.06903400
v 0.02760300 0.03646900 0.06902000
v 0.02777300 0.03681300 0.06895800
v 0.02941600 0.03634600 0.07130100
v 0.02916500 0.03745000 0.06904500
v 0.02882500 0.03739700 0.06924700
v 0.02842400 0.03717700 0.06948500
v 0.02811000 0.03681300 0.06967100
v 0.02792200 0.03634600 0.06978400
v 0.03039200 0.03634600 0.07174900
v 0.03045900 0.03681300 0.07153900
v 0.03057000 0.03717700 0.07119200
v 0.03071200 0.03739700 0.07074700
v 0.03083200 0.03745000 0.07037000
v 0.03017400 0.03745000 0.07006900
v 0.02996700 0.03739700 0.07040600
v 0.02972200 0.03717700 0.07080300
v 0.02953100 0.03681300 0.07111400
v 0.02960800 0.03745000 0.06961800
v 0.02932600 0.03739700 0.06989600
v 0.02899300 0.03717700 0.07022300
v 0.02873300 0.03681300 0.07047900
v 0.02857700 0.03634600 0.07063300
v 0.03392600 0.03745000 0.07087500
v 0.03407800 0.03745000 0.07112500
v 0.03488800 0.03745000 0.07132300
v 0.03459800 0.03745000 0.07136800
v 0.03431400 0.03745000 0.07129800
v 0.03837600 0.03745000 0.07005400
v 0.03985600 0.03745000 0.06951500
v 0.04334500 0.03745000 0.06824500
v 0.04376800 0.03745000 0.06785700
v 0.04359500 0.03745000 0.06809300
v 0.04383800 0.03745000 0.06757300
v 0.04379300 0.03745000 0.06728400
v 0.01468600 0.02437500 0.05792300
v 0.02295000 0.02437500 0.04906000
v 0.02436300 0.02437500 0.04786300
v 0.01403600 0.02662500 0.06162000
v 0.01355600 0.02662500 0.06139600
v 0.01371700 0.02576400 0.06133700
v 0.01417000 0.02590700 0.06157100
v 0.01417500 0.02503400 0.06117000
v 0.01455200 0.02529900 0.06143200
v 0.01486100 0.02454600 0.06092100
v 0.01512400 0.02489300 0.06122400
v 0.01403600 0.03295000 0.06162000
v 0.01655700 0.03641700 0.06854400
v 0.01674600 0.03587300 0.06906400
v 0.01690000 0.03524100 0.06948800
v 0.01701500 0.03454100 0.06980400
v 0.01708700 0.03379300 0.07000200
v 0.01711500 0.03295000 0.07007700
v 0.01609700 0.03718400 0.06728100
v 0.01633800 0.03685900 0.06794400
v 0.01557500 0.03745000 0.06584800
v 0.01584000 0.03738300 0.06657500
v 0.01459400 0.03641700 0.06315300
v 0.01481300 0.03685900 0.06375300
v 0.01505400 0.03718400 0.06441600
v 0.01531100 0.03738300 0.06512100
v 0.01440500 0.03587300 0.06263300
v 0.01425100 0.03524100 0.06220900
v 0.01413600 0.03454100 0.06189300
v 0.01406400 0.03379300 0.06169500
v 0.01711500 0.02662500 0.07007700
v 0.01820200 0.02489300 0.06968100
v 0.01763100 0.02529900 0.06988900
v 0.01724900 0.02590700 0.07002800
v 0.01998800 0.02437500 0.07249100
v 0.03201600 0.02437500 0.07396900
v 0.03386800 0.02437500 0.07397700
v 0.01819600 0.02454600 0.07008300
v 0.01751000 0.02503400 0.07033200
v 0.01705100 0.02576400 0.07049900
v 0.01689000 0.02662500 0.07055800
v 0.03197000 0.02475000 0.07434100
v 0.01994300 0.02475000 0.07286300
v 0.01945000 0.02443000 0.07246300
v 0.01914300 0.02489300 0.07276500
v 0.01911400 0.02452400 0.07244500
v 0.01846600 0.02529900 0.07268200
v 0.01826200 0.02503400 0.07240000
v 0.01834100 0.02496400 0.07240400
v 0.01864000 0.02475000 0.07242000
v 0.01801300 0.02590700 0.07262600
v 0.01781000 0.02561000 0.07237600
v 0.01799400 0.02532800 0.07238600
v 0.01754700 0.02662500 0.07236200
v 0.01756700 0.02633800 0.07236400
v 0.01785400 0.02662500 0.07260600
v 0.01762500 0.02606100 0.07236700
v 0.01773300 0.02576400 0.07237200
v 0.03391000 0.02475000 0.07435000
v 0.03421300 0.03007600 0.07465300
v 0.03417500 0.02958100 0.07438700
v 0.03416500 0.02912500 0.07431700
v 0.03308400 0.02958100 0.07447300
v 0.03308300 0.02912500 0.07440200
v 0.03350800 0.03538700 0.07465400
v 0.03337300 0.03550700 0.07461000
v 0.03266700 0.03615500 0.07443400
v 0.03216500 0.03662500 0.07436300
v 0.03406400 0.03490900 0.07487500
v 0.03563300 0.03384700 0.07591500
v 0.03518100 0.03409300 0.07553800
v 0.03500600 0.03420400 0.07541200
v 0.03463700 0.03446100 0.07517400
v 0.03607900 0.03368000 0.07637100
v 0.03508900 0.03519400 0.07450300
v 0.03501600 0.03600100 0.07421400
v 0.03400400 0.03600100 0.07440500
v 0.03297700 0.03662500 0.07440300
v 0.03297700 0.03600100 0.07446800
v 0.03661100 0.03369100 0.07613800
v 0.03521500 0.03450400 0.07500300
v 0.03538400 0.03398900 0.07567200
v 0.03643200 0.03385300 0.07564600
v 0.03404100 0.03519400 0.07470000
v 0.03399600 0.03662500 0.07434000
v 0.03500000 0.03662500 0.07415100
v 0.03633500 0.03398900 0.07537900
v 0.03609900 0.03450400 0.07473100
v 0.03592300 0.03519400 0.07424700
v 0.03587600 0.03547700 0.07412000
v 0.03582100 0.03600100 0.07396700
v 0.03579800 0.03662500 0.07390500
v 0.04454100 0.03385300 0.07269400
v 0.04472100 0.03369100 0.07318700
v 0.04420800 0.03450400 0.07177900
v 0.04444400 0.03398900 0.07242800
v 0.04398600 0.03547700 0.07116800
v 0.04403200 0.03519400 0.07129500
v 0.04393000 0.03600100 0.07101500
v 0.04390800 0.03662500 0.07095400
v 0.04602400 0.02475000 0.06901500
v 0.04549800 0.02475000 0.06984000
v 0.04543600 0.03494000 0.07064100
v 0.04509300 0.03519400 0.07072100
v 0.04534700 0.03448000 0.07120300
v 0.04574000 0.03600600 0.06963200
v 0.04538700 0.03600100 0.07006200
v 0.04560600 0.03558200 0.07000200
v 0.04596600 0.03662500 0.06913300
v 0.04573000 0.03662500 0.06953300
v 0.04591600 0.03649600 0.06923400
v 0.04491400 0.03600100 0.07048200
v 0.04487500 0.03662500 0.07043000
v 0.04506900 0.03398900 0.07215400
v 0.04531200 0.03410400 0.07179200
v 0.04541200 0.03367900 0.07295100
v 0.04533200 0.03384400 0.07236000
v 0.04451500 0.03519400 0.07108300
v 0.04475200 0.03450400 0.07154100
v 0.04437800 0.03600100 0.07081900
v 0.04434800 0.03662500 0.07076100
v 0.04534000 0.03662500 0.07001700
v 0.04729200 0.02475000 0.06629600
v 0.04741700 0.02475000 0.06342800
v 0.04762900 0.02475000 0.06438400
v 0.04758600 0.02475000 0.06536200
v 0.04152300 0.02475000 0.04723500
v 0.03958400 0.02475000 0.04511900
v 0.04041000 0.02475000 0.04564500
v 0.04107100 0.02475000 0.04636700
v 0.03686500 0.02475000 0.04385100
v 0.03593200 0.02475000 0.04355700
v 0.03387100 0.03368000 0.04123800
v 0.03419300 0.03384900 0.04174400
v 0.03674500 0.03662500 0.04379700
v 0.03607000 0.03578100 0.04346000
v 0.03540800 0.03498500 0.04301300
v 0.03551700 0.03511100 0.04309600
v 0.03456800 0.03413400 0.04222000
v 0.03500200 0.03454300 0.04266800
v 0.03438000 0.03519400 0.04323600
v 0.03444500 0.03600100 0.04352700
v 0.03507200 0.03600100 0.04344000
v 0.03569700 0.03662500 0.04352300
v 0.03570400 0.03600100 0.04345800
v 0.03630700 0.03662500 0.04364300
v 0.03411600 0.03398900 0.04206000
v 0.03318500 0.03369100 0.04149300
v 0.03336400 0.03385300 0.04198600
v 0.03505500 0.03519400 0.04314200
v 0.03507500 0.03662500 0.04350500
v 0.03445900 0.03662500 0.04359100
v 0.03346100 0.03398900 0.04225200
v 0.03369700 0.03450400 0.04290000
v 0.03426700 0.03450400 0.04273300
v 0.03387300 0.03519400 0.04338400
v 0.03392000 0.03547700 0.04351100
v 0.03397500 0.03600100 0.04366400
v 0.03399800 0.03662500 0.04372600
v 0.02525500 0.03385300 0.04493700
v 0.02507500 0.03369100 0.04444500
v 0.02558800 0.03450400 0.04585200
v 0.02535200 0.03398900 0.04520400
v 0.02581000 0.03547700 0.04646300
v 0.02576400 0.03519400 0.04633600
v 0.02586600 0.03600100 0.04661600
v 0.02588800 0.03662500 0.04667800
v 0.02267600 0.02475000 0.04880400
v 0.02415600 0.02475000 0.04755100
v 0.02365200 0.03538700 0.04757700
v 0.02403100 0.03519400 0.04719800
v 0.02393800 0.03490600 0.04704600
v 0.02281100 0.03662500 0.04866300
v 0.02340700 0.03662500 0.04811000
v 0.02315200 0.03615300 0.04828300
v 0.02336500 0.03600100 0.04806000
v 0.02358000 0.03550200 0.04769200
v 0.02419300 0.03600100 0.04744800
v 0.02496000 0.03519400 0.04667600
v 0.02473600 0.03450400 0.04621200
v 0.02418400 0.03445900 0.04644900
v 0.02443600 0.03398900 0.04559100
v 0.02436500 0.03409200 0.04582300
v 0.02431300 0.03420300 0.04603300
v 0.02447100 0.03384400 0.04523600
v 0.02451900 0.03367900 0.04460200
v 0.02509000 0.03600100 0.04694400
v 0.02511900 0.03662500 0.04700300
v 0.02422900 0.03662500 0.04750300
v 0.02419300 0.03007600 0.04712300
v 0.02344400 0.02958100 0.04798700
v 0.02348900 0.02912500 0.04804200
v 0.02433500 0.02958100 0.04735200
v 0.02437200 0.02912500 0.04741200
v 0.01441200 0.02475000 0.05766800
v 0.01314200 0.02549200 0.05936400
v 0.01303500 0.02576400 0.05946400
v 0.01308600 0.02590700 0.05909000
v 0.01289900 0.02662500 0.05959100
v 0.01297700 0.02662500 0.05920700
v 0.01294000 0.02614500 0.05955300
v 0.01298500 0.02593600 0.05951100
v 0.01323000 0.02532100 0.05928200
v 0.01339700 0.02529900 0.05875600
v 0.01342300 0.02503300 0.05910200
v 0.01386300 0.02489300 0.05825700
v 0.01362000 0.02481900 0.05891800
v 0.01348900 0.02495400 0.05904000
v 0.01453100 0.02438300 0.05806800
v 0.01414100 0.02448200 0.05843200
v 0.01396200 0.02456800 0.05859900
v 0.03829100 0.03745000 0.07005800
v 0.02951900 0.03745000 0.04891800
v 0.03027100 0.03745000 0.04802200
v 0.03470600 0.03745000 0.05101400
v 0.03555000 0.03745000 0.06820900
v 0.03617000 0.03745000 0.06920100
v 0.03713900 0.03745000 0.06985500
v 0.03357500 0.03745000 0.04790700
v 0.03249100 0.03745000 0.04746900
v 0.04089600 0.03745000 0.06802200
v 0.03478700 0.03745000 0.04984700
v 0.03438700 0.03745000 0.04874800
v 0.02935900 0.03745000 0.05120100
v 0.02919700 0.03745000 0.05004300
v 0.04034700 0.03745000 0.06905500
v 0.04097800 0.03745000 0.06685600
v 0.04057800 0.03745000 0.06575700
v 0.03976600 0.03745000 0.06491600
v 0.03868100 0.03745000 0.06447700
v 0.03415700 0.03745000 0.05204700
v 0.03751200 0.03745000 0.06451800
v 0.03323500 0.03745000 0.05276700
v 0.03210000 0.03745000 0.05305000
v 0.02997900 0.03745000 0.05219200
v 0.03094900 0.03745000 0.05284600
v 0.03646100 0.03745000 0.06503100
v 0.03571000 0.03745000 0.06592700
v 0.03538700 0.03745000 0.06705100
v 0.01297700 0.04142500 0.05920700
v 0.01289900 0.04163000 0.05959100
v 0.01355600 0.03295000 0.06139600
v 0.01689000 0.03295000 0.07055800
v 0.01686100 0.03386300 0.07047700
v 0.01678300 0.03467300 0.07026200
v 0.01665800 0.03543200 0.06992000
v 0.01649100 0.03611600 0.06946000
v 0.01628600 0.03670600 0.06889700
v 0.01604900 0.03718500 0.06824600
v 0.01578800 0.03753700 0.06752800
v 0.01551000 0.03775200 0.06676400
v 0.01522300 0.03782500 0.06597700
v 0.01493600 0.03775200 0.06518900
v 0.01465800 0.03753700 0.06442500
v 0.01439700 0.03718500 0.06370700
v 0.01416000 0.03670600 0.06305700
v 0.01395500 0.03611600 0.06249300
v 0.01378800 0.03543200 0.06203400
v 0.01366300 0.03467300 0.06169100
v 0.01358500 0.03386300 0.06147700
v 0.01785400 0.04142500 0.07260600
v 0.01754700 0.04163000 0.07236200
v 0.03197000 0.04142500 0.07434100
v 0.03579800 0.04142500 0.07390500
v 0.03391000 0.04142500 0.07435000
v 0.04390800 0.04142500 0.07095400
v 0.04477600 0.04142500 0.07050200
v 0.04549800 0.04142500 0.06984000
v 0.04602400 0.04142500 0.06901500
v 0.04729200 0.04142500 0.06629600
v 0.04741700 0.04142500 0.06342800
v 0.04762900 0.04142500 0.06438400
v 0.04758600 0.04142500 0.06536200
v 0.04152300 0.04142500 0.04723500
v 0.03958400 0.04142500 0.04511900
v 0.04041000 0.04142500 0.04564500
v 0.04107100 0.04142500 0.04636700
v 0.03686500 0.04142500 0.04385100
v 0.03399800 0.04142500 0.04372600
v 0.03495400 0.04142500 0.04351400
v 0.03593200 0.04142500 0.04355700
v 0.02588800 0.04142500 0.04667800
v 0.02415600 0.04142500 0.04755100
v 0.02267600 0.04142500 0.04880400
v 0.03942600 0.04217500 0.06977500
v 0.03992400 0.04217500 0.06946300
v 0.04034700 0.04217500 0.06905500
v 0.04067600 0.04217500 0.06856800
v 0.04089600 0.04217500 0.06802200
v 0.04099900 0.04217500 0.06744300
v 0.04097800 0.04217500 0.06685600
v 0.04083600 0.04217500 0.06628500
v 0.04057800 0.04217500 0.06575700
v 0.04021600 0.04217500 0.06529300
v 0.03976600 0.04217500 0.06491600
v 0.03924600 0.04217500 0.06463900
v 0.03868100 0.04217500 0.06447700
v 0.03809500 0.04217500 0.06443600
v 0.03751200 0.04217500 0.06451800
v 0.03696000 0.04217500 0.06471900
v 0.03646100 0.04217500 0.06503100
v 0.03603800 0.04217500 0.06543900
v 0.03571000 0.04217500 0.06592700
v 0.03548900 0.04217500 0.06647200
v 0.03538700 0.04217500 0.06705100
v 0.03540800 0.04217500 0.06763900
v 0.03555000 0.04217500 0.06820900
v 0.03580800 0.04217500 0.06873800
v 0.03617000 0.04217500 0.06920100
v 0.03662000 0.04217500 0.06957900
v 0.03713900 0.04217500 0.06985500
v 0.03770400 0.04217500 0.07001700
v 0.03829100 0.04217500 0.07005800
v 0.03887300 0.04217500 0.06997600
v 0.03132200 0.04217500 0.04751000
v 0.03076900 0.04217500 0.04771100
v 0.03027100 0.04217500 0.04802200
v 0.02984800 0.04217500 0.04843100
v 0.02951900 0.04217500 0.04891800
v 0.02929900 0.04217500 0.04946400
v 0.02919700 0.04217500 0.05004300
v 0.02921700 0.04217500 0.05063000
v 0.02935900 0.04217500 0.05120100
v 0.02961700 0.04217500 0.05172900
v 0.02997900 0.04217500 0.05219200
v 0.03043000 0.04217500 0.05257000
v 0.03094900 0.04217500 0.05284600
v 0.03151400 0.04217500 0.05300900
v 0.03210000 0.04217500 0.05305000
v 0.03268300 0.04217500 0.05296800
v 0.03323500 0.04217500 0.05276700
v 0.03373400 0.04217500 0.05245500
v 0.03415700 0.04217500 0.05204700
v 0.03448600 0.04217500 0.05155900
v 0.03470600 0.04217500 0.05101400
v 0.03480800 0.04217500 0.05043500
v 0.03478700 0.04217500 0.04984700
v 0.03464500 0.04217500 0.04927700
v 0.03438700 0.04217500 0.04874800
v 0.03402500 0.04217500 0.04828500
v 0.03357500 0.04217500 0.04790700
v 0.03305600 0.04217500 0.04763100
v 0.03249100 0.04217500 0.04746900
v 0.03190400 0.04217500 0.04742800
v 0.01719400 0.04255000 0.07139200
v 0.01325200 0.04255000 0.06056200
v 0.03210700 0.04255000 0.07322500
v 0.03378300 0.04255000 0.07323200
v 0.03541300 0.04255000 0.07284800
v 0.04352300 0.04255000 0.06989600
v 0.04413100 0.04255000 0.06958000
v 0.04463600 0.04255000 0.06911700
v 0.04500400 0.04255000 0.06853900
v 0.04627200 0.04255000 0.06582000
v 0.04647800 0.04255000 0.06516700
v 0.04650800 0.04255000 0.06448200
v 0.04636000 0.04255000 0.06381300
v 0.04046600 0.04255000 0.04762000
v 0.04015000 0.04255000 0.04701200
v 0.03968700 0.04255000 0.04650700
v 0.03910900 0.04255000 0.04613900
v 0.03639000 0.04255000 0.04487100
v 0.03573600 0.04255000 0.04466500
v 0.03505200 0.04255000 0.04463500
v 0.03438300 0.04255000 0.04478300
v 0.02627300 0.04255000 0.04773500
v 0.02477700 0.04255000 0.04848900
v 0.02349800 0.04255000 0.04957100
v 0.03549000 0.04255000 0.06893600
v 0.03590000 0.04255000 0.06946100
v 0.03641000 0.04255000 0.06989000
v 0.03699900 0.04255000 0.07020300
v 0.03763900 0.04255000 0.07038600
v 0.03830400 0.04255000 0.07043300
v 0.03896400 0.04255000 0.07034000
v 0.03959000 0.04255000 0.07011200
v 0.04015500 0.04255000 0.06975900
v 0.04063500 0.04255000 0.06929600
v 0.04100700 0.04255000 0.06874400
v 0.04125700 0.04255000 0.06812600
v 0.04137300 0.04255000 0.06747000
v 0.04134900 0.04255000 0.06680400
v 0.04118800 0.04255000 0.06615700
v 0.04089600 0.04255000 0.06555800
v 0.04048600 0.04255000 0.06503300
v 0.03997500 0.04255000 0.06460500
v 0.03938700 0.04255000 0.06429200
v 0.03874600 0.04255000 0.06410800
v 0.03808200 0.04255000 0.06406200
v 0.03742200 0.04255000 0.06415400
v 0.03679600 0.04255000 0.06438200
v 0.03623000 0.04255000 0.06473500
v 0.03575100 0.04255000 0.06519800
v 0.03537800 0.04255000 0.06575100
v 0.03512900 0.04255000 0.06636900
v 0.03501300 0.04255000 0.06702500
v 0.03503600 0.04255000 0.06769100
v 0.03519800 0.04255000 0.06833700
v 0.02929900 0.04255000 0.05192800
v 0.02970900 0.04255000 0.05245300
v 0.03022000 0.04255000 0.05288100
v 0.03080800 0.04255000 0.05319400
v 0.03144900 0.04255000 0.05337800
v 0.03211400 0.04255000 0.05342400
v 0.03277300 0.04255000 0.05333200
v 0.03340000 0.04255000 0.05310400
v 0.03396500 0.04255000 0.05275100
v 0.03444400 0.04255000 0.05228800
v 0.03481700 0.04255000 0.05173500
v 0.03506600 0.04255000 0.05111700
v 0.03518200 0.04255000 0.05046100
v 0.03515900 0.04255000 0.04979500
v 0.03499800 0.04255000 0.04914900
v 0.03470500 0.04255000 0.04855000
v 0.03429500 0.04255000 0.04802500
v 0.03378500 0.04255000 0.04759600
v 0.03319600 0.04255000 0.04728300
v 0.03255600 0.04255000 0.04710000
v 0.03189100 0.04255000 0.04705300
v 0.03123100 0.04255000 0.04714600
v 0.03060500 0.04255000 0.04737400
v 0.03004000 0.04255000 0.04772700
v 0.02956100 0.04255000 0.04819000
v 0.02918800 0.04255000 0.04874200
v 0.02893800 0.04255000 0.04936000
v 0.02882300 0.04255000 0.05001600
v 0.02884600 0.04255000 0.05068200
v 0.02900700 0.04255000 0.05132900
v 0.01984600 0.01870800 0.02257300
v 0.01994300 0.01885500 0.02252300
v 0.02064700 0.01808600 0.02254600
v 0.02066100 0.01738600 0.02329200
v 0.02031000 0.01791400 0.02302100
v 0.02034800 0.01791000 0.02286300
v 0.01973500 0.01844700 0.02301600
v 0.02099600 0.01718900 0.02302000
v 0.02042300 0.01793900 0.02272200
v 0.02052600 0.01800000 0.02261200
v 0.01982200 0.01866700 0.02260000
v 0.01973500 0.01848900 0.02283700
v 0.01974700 0.01852100 0.02276900
v 0.01977400 0.01858000 0.02268200
v 0.02115300 0.01722000 0.02296000
v 0.02070200 0.01730300 0.02336000
v 0.02076600 0.01723300 0.02322600
v 0.02081000 0.01721100 0.02316800
v 0.02086900 0.01719400 0.02310800
v 0.00800000 0.01668300 0.02410400
v 0.00800000 0.01739900 0.02399800
v 0.00803100 0.01739900 0.02382600
v 0.00800000 0.01602700 0.02440900
v 0.00803300 0.01663300 0.02393400
v 0.00803100 0.01593200 0.02426400
v 0.00812800 0.01658800 0.02378400
v 0.00814600 0.01583300 0.02411300
v 0.00820500 0.01656800 0.02371700
v 0.00832700 0.01576900 0.02401600
v 0.00849800 0.01654000 0.02362500
v 0.00836400 0.01654600 0.02364300
v 0.00849700 0.01739900 0.02349800
v 0.00832400 0.01739900 0.02353000
v 0.00814500 0.01739900 0.02364600
v 0.00850000 0.01575200 0.02399100
v 0.01502100 0.01635100 0.02415300
v 0.01501700 0.01633000 0.02412200
v 0.01508500 0.01670300 0.02392600
v 0.01512200 0.01695900 0.02362000
v 0.01517300 0.01699600 0.02379800
v 0.01482600 0.01748100 0.02321200
v 0.01502500 0.01791900 0.02316300
v 0.01511100 0.01786300 0.02316600
v 0.01500100 0.01740100 0.02324900
v 0.01519600 0.01780900 0.02319000
v 0.01530200 0.01774300 0.02325300
v 0.01452400 0.01612800 0.02374000
v 0.01467700 0.01702300 0.02331900
v 0.01470700 0.01613300 0.02377900
v 0.01485500 0.01697400 0.02336200
v 0.01475300 0.01614200 0.02379900
v 0.01501100 0.01695100 0.02346600
v 0.01497300 0.01625200 0.02400000
v 0.01493000 0.01621400 0.02393700
v 0.01486400 0.01617700 0.02387000
v 0.01549100 0.01764500 0.02366100
v 0.01543800 0.01766600 0.02343300
v 0.01534600 0.01771700 0.02329400
v 0.00800000 -0.01668300 0.02410400
v 0.00800000 -0.01602700 0.02440900
v 0.00803100 -0.01593200 0.02426400
v 0.00800000 -0.01739900 0.02399800
v 0.00803300 -0.01663300 0.02393400
v 0.00803100 -0.01739900 0.02382600
v 0.00812800 -0.01658800 0.02378400
v 0.00814500 -0.01739900 0.02364600
v 0.00820500 -0.01656800 0.02371700
v 0.00832400 -0.01739900 0.02353000
v 0.00849800 -0.01654000 0.02362500
v 0.00836400 -0.01654600 0.02364300
v 0.00850000 -0.01575200 0.02399100
v 0.00832700 -0.01576900 0.02401600
v 0.00814600 -0.01583300 0.02411300
v 0.00849700 -0.01739900 0.02349800
v 0.01455700 -0.01612600 0.02374200
v 0.01470700 -0.01613300 0.02377900
v 0.01485500 -0.01697400 0.02336200
v 0.01508500 -0.01670300 0.02392600
v 0.01517300 -0.01699600 0.02379800
v 0.01512200 -0.01695900 0.02362000
v 0.01549100 -0.01764500 0.02366100
v 0.01501100 -0.01695100 0.02346600
v 0.01534600 -0.01771700 0.02329400
v 0.01522000 -0.01779400 0.02320100
v 0.01478000 -0.01614800 0.02381300
v 0.01500100 -0.01740100 0.02324900
v 0.01547900 -0.01764600 0.02356000
v 0.01545000 -0.01766000 0.02346100
v 0.01538500 -0.01769400 0.02334200
v 0.01452400 -0.01612800 0.02374000
v 0.01467700 -0.01702300 0.02331900
v 0.01482600 -0.01748100 0.02321200
v 0.01502500 -0.01791900 0.02316300
v 0.01502100 -0.01635100 0.02415300
v 0.01497300 -0.01625200 0.02400000
v 0.01494900 -0.01622900 0.02396100
v 0.01486400 -0.01617700 0.02387000
v 0.02066100 -0.01738600 0.02329200
v 0.02070200 -0.01730300 0.02336000
v 0.02076500 -0.01723300 0.02322700
v 0.02031000 -0.01791400 0.02302100
v 0.01973500 -0.01844700 0.02301600
v 0.02034800 -0.01791000 0.02286300
v 0.02086900 -0.01719400 0.02310800
v 0.02042300 -0.01793900 0.02272200
v 0.02100300 -0.01719000 0.02301600
v 0.02052600 -0.01800000 0.02261200
v 0.02115300 -0.01722000 0.02296000
v 0.02064700 -0.01808600 0.02254600
v 0.01973500 -0.01848900 0.02283700
v 0.01977400 -0.01858000 0.02268200
v 0.01984600 -0.01870800 0.02257300
v 0.01994300 -0.01885500 0.02252300
v 0.03900000 0.02111100 0.02017300
v 0.03896900 0.02098600 0.02005400
v 0.03895800 0.02187100 0.01941300
v 0.03884800 0.02129600 0.01954800
v 0.03868100 0.02123500 0.01946000
v 0.03884300 0.02180600 0.01926100
v 0.03867200 0.02176400 0.01916400
v 0.03883900 0.02236200 0.01908000
v 0.03866300 0.02234100 0.01897800
v 0.03900000 0.02194900 0.01959500
v 0.03896500 0.02294400 0.01920300
v 0.03900000 0.02294400 0.01938700
v 0.03885400 0.02085600 0.01992900
v 0.03867300 0.02077200 0.01984900
v 0.03850000 0.02075000 0.01982800
v 0.03848500 0.02121600 0.01943200
v 0.03847200 0.02173800 0.01914300
v 0.03845900 0.02233500 0.01895200
v 0.03883500 0.02294400 0.01901500
v 0.03863500 0.02294400 0.01890500
v 0.03844900 0.02294400 0.01888900
v 0.03900000 -0.02294400 0.01938700
v 0.03896500 -0.02294400 0.01920300
v 0.03895800 -0.02187100 0.01941300
v 0.03883900 -0.02236200 0.01908000
v 0.03866300 -0.02234100 0.01897800
v 0.03884300 -0.02180600 0.01926100
v 0.03867200 -0.02176400 0.01916400
v 0.03884800 -0.02129600 0.01954800
v 0.03868100 -0.02123500 0.01946000
v 0.03900000 -0.02194900 0.01959500
v 0.03896900 -0.02098600 0.02005400
v 0.03900000 -0.02111100 0.02017300
v 0.03883500 -0.02294400 0.01901500
v 0.03863500 -0.02294400 0.01890500
v 0.03844900 -0.02294400 0.01888900
v 0.03845900 -0.02233500 0.01895200
v 0.03847100 -0.02177300 0.01912700
v 0.03848500 -0.02121600 0.01943200
v 0.03885400 -0.02085600 0.01992900
v 0.03867300 -0.02077200 0.01984900
v 0.03850000 -0.02075000 0.01982800
v 0.03800000 -0.01800000 0.02259200
v 0.03800000 -0.01800000 0.02900000
v 0.03800500 -0.01800000 0.02899600
v 0.03815200 -0.01801200 0.02889300
v 0.03827000 -0.01803700 0.02881100
v 0.03839700 -0.01808300 0.02255800
v 0.03849300 -0.01813000 0.02866400
v 0.03843000 -0.01809800 0.02255100
v 0.03871400 -0.01829900 0.02854200
v 0.03870700 -0.01829300 0.02247100
v 0.03886600 -0.01850000 0.02850000
v 0.03892900 -0.01862900 0.02233000
v 0.03893800 -0.01865400 0.02850000
v 0.03900000 -0.01900000 0.02850000
v 0.03900000 -0.01900000 0.02217300
v 0.03870700 0.01829300 0.02247100
v 0.03886200 0.01849500 0.02238700
v 0.03893800 0.01865400 0.02850000
v 0.03892900 0.01862900 0.02233000
v 0.03900000 0.01900000 0.02850000
v 0.03898500 0.01882700 0.02224700
v 0.03900000 0.01900000 0.02217300
v 0.03886600 0.01850000 0.02850000
v 0.03871400 0.01829900 0.02854200
v 0.03843000 0.01809800 0.02255100
v 0.03839700 0.01808300 0.02255800
v 0.03865800 0.01824700 0.02856900
v 0.03849300 0.01813000 0.02866400
v 0.03800000 0.01800000 0.02259200
v 0.03835600 0.01806500 0.02875300
v 0.03815200 0.01801200 0.02889300
v 0.03800500 0.01800000 0.02899600
v 0.03800000 0.01800000 0.02900000
v 0.04700000 0.01825000 0.02856700
v 0.04700000 0.01850000 0.02850000
v 0.04700000 0.01832700 0.02853100
v 0.04700000 0.01806700 0.02875000
v 0.04700000 0.01814600 0.02864600
v 0.04700000 0.01800000 0.02900000
v 0.04700000 0.01803100 0.02882700
v 0.03900000 0.02400000 0.01938700
v 0.03899800 0.02400000 0.01933700
v 0.03895000 0.02403000 0.01917000
v 0.03883300 0.02413200 0.01901300
v 0.03864400 0.02430800 0.01890800
v 0.03844900 0.02450000 0.01888900
v 0.03900000 0.02400000 0.02850000
v 0.03992100 0.02450000 0.01875200
v 0.04219700 0.02450000 0.01859900
v 0.04219800 0.02432700 0.01862900
v 0.04600000 0.02400000 0.01900000
v 0.04222300 0.02400000 0.01909800
v 0.04221400 0.02403100 0.01892500
v 0.04600000 0.02403100 0.01882700
v 0.04220400 0.02414600 0.01874500
v 0.04600000 0.02414600 0.01864600
v 0.04600000 0.02432700 0.01853100
v 0.04600000 0.02450000 0.01850000
v 0.04671100 0.02403100 0.01887200
v 0.04668900 0.02400000 0.01904300
v 0.04741800 0.02403100 0.01900700
v 0.04737500 0.02400000 0.01917500
v 0.04673300 0.02414600 0.01869300
v 0.04746300 0.02414600 0.01883200
v 0.04674800 0.02432700 0.01857800
v 0.04749200 0.02432700 0.01872000
v 0.04675200 0.02450000 0.01854700
v 0.04750000 0.02450000 0.01869100
v 0.01184800 0.02394900 0.02343200
v 0.01190100 0.02378200 0.02339600
v 0.01102200 0.02374600 0.02347100
v 0.01104900 0.02357100 0.02343700
v 0.01017800 0.02385400 0.02361400
v 0.01017500 0.02367300 0.02349900
v 0.01017400 0.02350000 0.02346800
v 0.01100100 0.02390100 0.02356700
v 0.01180300 0.02409800 0.02352800
v 0.01099300 0.02396700 0.02364100
v 0.01178600 0.02416100 0.02360300
v 0.01018300 0.02396900 0.02379500
v 0.01098700 0.02404500 0.02380000
v 0.01018900 0.02400000 0.02396800
v 0.01099000 0.02406500 0.02393600
v 0.01177300 0.02421800 0.02370700
v 0.01176900 0.02423600 0.02376100
v 0.01177000 0.02425700 0.02389600
v 0.03885400 -0.01877000 0.02190400
v 0.03896200 -0.01887500 0.02202700
v 0.03896900 -0.01888700 0.02204200
v 0.03899000 -0.01893700 0.02209900
v 0.03867300 -0.01869500 0.02181700
v 0.03850000 -0.01867500 0.02179300
v 0.03841000 -0.01839300 0.02203100
v 0.03837600 -0.01835100 0.02206600
v 0.03849200 -0.01830400 0.02213200
v 0.03805500 -0.01818600 0.02220200
v 0.03800000 -0.01818300 0.02220500
v 0.03800000 -0.01810600 0.02228400
v 0.03868800 -0.01829900 0.02233200
v 0.03859900 -0.01828600 0.02222300
v 0.03833700 -0.01811600 0.02233400
v 0.03827800 -0.01816300 0.02224100
v 0.03824200 -0.01824500 0.02215400
v 0.03800000 -0.01804800 0.02237800
v 0.03800000 -0.01801200 0.02248200
v 0.03838800 -0.01809400 0.02243900
v 0.03872400 -0.01831700 0.02239100
v 0.03891500 -0.01861100 0.02225300
v 0.03887800 -0.01857100 0.02218900
v 0.03877100 -0.01851300 0.02207400
v 0.03862900 -0.01849100 0.02198700
v 0.03789100 -0.01799700 0.02259500
v 0.03623300 -0.01699100 0.02338500
v 0.03607300 -0.01664100 0.02367500
v 0.03614800 -0.01675700 0.02377800
v 0.03550700 -0.01591600 0.02388300
v 0.03550000 -0.01572600 0.02400800
v 0.03567300 -0.01574300 0.02403400
v 0.03626900 -0.01732800 0.02290400
v 0.03582500 -0.01658300 0.02345900
v 0.03596600 -0.01659500 0.02355100
v 0.03554800 -0.01620700 0.02368500
v 0.03566500 -0.01660700 0.02340600
v 0.03637500 -0.01730400 0.02299800
v 0.03730500 -0.01787400 0.02271900
v 0.03629600 -0.01704800 0.02351500
v 0.03658600 -0.01741400 0.02317300
v 0.03646100 -0.01731100 0.02311100
v 0.03712400 -0.01781400 0.02266400
v 0.03707300 -0.01783700 0.02255700
v 0.03751900 -0.01799300 0.02242600
v 0.03701600 -0.01788600 0.02246400
v 0.03754500 -0.01796000 0.02253100
v 0.03695500 -0.01795700 0.02238800
v 0.03630100 -0.01752700 0.02272600
v 0.03615400 -0.01738200 0.02283700
v 0.03580200 -0.01689700 0.02319800
v 0.03585400 -0.01580600 0.02413000
v 0.03587300 -0.01620500 0.02384300
v 0.03596900 -0.01590500 0.02428100
v 0.03598200 -0.01627300 0.02397200
v 0.03600000 -0.01600000 0.02442600
v 0.03603300 -0.01636500 0.02412100
v 0.03720900 -0.01783600 0.02275800
v 0.03707600 -0.01800800 0.02234700
v 0.03591600 0.01584800 0.02419400
v 0.03596900 0.01590500 0.02428100
v 0.03596900 0.01471400 0.02502100
v 0.03599000 0.01594700 0.02434500
v 0.03600000 0.01600000 0.02442600
v 0.03600000 0.01480100 0.02517100
v 0.03585400 0.01580600 0.02413000
v 0.03550000 0.01454800 0.02474000
v 0.03567300 0.01456400 0.02476600
v 0.03550000 0.01247800 0.02584500
v 0.03567300 0.01185300 0.02617200
v 0.03550000 0.01184100 0.02614400
v 0.03567300 0.00900900 0.02728200
v 0.03550000 0.00899900 0.02725300
v 0.03550000 0.00847800 0.02741900
v 0.03567300 0.00606300 0.02808400
v 0.03550000 0.00605700 0.02805400
v 0.03550000 0.00428700 0.02837800
v 0.03567300 0.00304900 0.02856900
v 0.03550000 0.00304600 0.02853800
v 0.03567300 0.00000000 0.02873100
v 0.03550000 0.00000000 0.02870000
v 0.03567300 -0.00304900 0.02856900
v 0.03550000 -0.00304600 0.02853800
v 0.03550000 -0.00428700 0.02837800
v 0.03567300 -0.00606300 0.02808400
v 0.03550000 -0.00605700 0.02805400
v 0.03550000 -0.00847800 0.02741900
v 0.03567300 -0.00900900 0.02728200
v 0.03550000 -0.00899900 0.02725300
v 0.03567300 -0.01185300 0.02617200
v 0.03550000 -0.01184100 0.02614400
v 0.03550000 -0.01247800 0.02584500
v 0.03567300 -0.01456400 0.02476600
v 0.03550000 -0.01454800 0.02474000
v 0.03600000 -0.01480100 0.02517100
v 0.03596900 -0.01471400 0.02502100
v 0.03596900 -0.01197500 0.02644200
v 0.03600000 -0.01204700 0.02659900
v 0.03596900 -0.00910200 0.02756300
v 0.03600000 -0.00915600 0.02772700
v 0.03596900 -0.00612600 0.02837300
v 0.03600000 -0.00616200 0.02854200
v 0.03596900 -0.00308000 0.02886300
v 0.03600000 -0.00309900 0.02903500
v 0.03596900 0.00000000 0.02902700
v 0.03600000 0.00000000 0.02920000
v 0.03596900 0.00308000 0.02886300
v 0.03600000 0.00309900 0.02903500
v 0.03596900 0.00612600 0.02837300
v 0.03600000 0.00616200 0.02854200
v 0.03596900 0.00910200 0.02756300
v 0.03600000 0.00915600 0.02772700
v 0.03596900 0.01197500 0.02644200
v 0.03600000 0.01204700 0.02659900
v 0.03585400 0.01462200 0.02486600
v 0.03585400 0.01190100 0.02627700
v 0.03585400 0.00904500 0.02739200
v 0.03585400 0.00608800 0.02819700
v 0.03585400 0.00306100 0.02868400
v 0.03585400 0.00000000 0.02884600
v 0.03585400 -0.00306100 0.02868400
v 0.03585400 -0.00608800 0.02819700
v 0.03585400 -0.00904500 0.02739200
v 0.03585400 -0.01190100 0.02627700
v 0.03585400 -0.01462200 0.02486600
v 0.03567300 0.01574300 0.02403400
v 0.03550000 0.01572600 0.02400800
v 0.03712300 0.01781200 0.02266600
v 0.03707300 0.01783600 0.02255900
v 0.03733400 0.01788400 0.02271000
v 0.03701600 0.01788500 0.02246500
v 0.03749000 0.01804700 0.02233200
v 0.03751900 0.01799200 0.02242600
v 0.03626900 0.01732800 0.02290500
v 0.03756700 0.01795100 0.02264200
v 0.03658600 0.01741400 0.02317300
v 0.03649600 0.01732500 0.02317300
v 0.03667600 0.01749800 0.02309100
v 0.03646100 0.01731000 0.02311200
v 0.03716400 0.01781500 0.02277900
v 0.03614800 0.01675600 0.02378000
v 0.03610900 0.01667400 0.02374600
v 0.03607200 0.01664000 0.02367700
v 0.03602400 0.01661200 0.02361200
v 0.03582500 0.01658100 0.02346100
v 0.03554800 0.01620800 0.02368500
v 0.03725000 0.01806800 0.02229900
v 0.03695500 0.01795600 0.02238900
v 0.03641800 0.01762700 0.02264900
v 0.03615400 0.01738200 0.02283800
v 0.03574300 0.01678100 0.02328200
v 0.03800000 0.01801200 0.02248200
v 0.03800000 0.01804800 0.02237800
v 0.03800000 0.01818300 0.02220500
v 0.03637400 0.01730300 0.02299900
v 0.03596600 0.01659300 0.02355400
v 0.03849200 0.01830400 0.02213200
v 0.03862900 0.01849100 0.02198700
v 0.03877100 0.01851300 0.02207400
v 0.03879700 0.01843000 0.02226300
v 0.03838800 0.01809400 0.02243900
v 0.03833700 0.01811600 0.02233400
v 0.03868800 0.01829900 0.02233200
v 0.03859900 0.01828600 0.02222300
v 0.03850000 0.01865600 0.02180900
v 0.03840700 0.01839000 0.02203400
v 0.03836500 0.01833900 0.02207700
v 0.03827800 0.01816300 0.02224100
v 0.03818400 0.01821800 0.02217600
v 0.03896900 0.01888700 0.02204200
v 0.03893300 0.01872000 0.02211000
v 0.03896200 0.01887500 0.02202700
v 0.03885400 0.01877000 0.02190400
v 0.03887800 0.01857100 0.02218900
v 0.03867300 0.01869500 0.02181700
v 0.03850000 0.01867500 0.02179300
v 0.02350700 0.01977300 0.02184500
v 0.02380300 0.01877800 0.02196900
v 0.02735900 0.01976800 0.02112500
v 0.02777600 0.01885600 0.02163600
v 0.02441700 0.01797000 0.02237700
v 0.02700000 0.02082700 0.02100000
v 0.01183800 0.01667700 0.02353100
v 0.01176400 0.01754900 0.02340300
v 0.01168400 0.01587300 0.02391200
v 0.00906000 0.01576000 0.02398500
v 0.01392500 -0.01606300 0.02378400
v 0.01183800 -0.01667700 0.02353100
v 0.01176400 -0.01754900 0.02340300
v 0.01125000 -0.01584600 0.02392900
v 0.01017500 -0.02367300 0.02349900
v 0.01017400 -0.02350000 0.02346800
v 0.01102200 -0.02374600 0.02347100
v 0.01104900 -0.02357100 0.02343700
v 0.01184800 -0.02394900 0.02343200
v 0.01190100 -0.02378200 0.02339600
v 0.01017800 -0.02385400 0.02361400
v 0.01100100 -0.02390100 0.02356700
v 0.01180300 -0.02409800 0.02352800
v 0.01179800 -0.02411500 0.02354600
v 0.01178600 -0.02416100 0.02360300
v 0.01099300 -0.02396700 0.02364100
v 0.01176900 -0.02423600 0.02376100
v 0.01098700 -0.02404500 0.02380000
v 0.01177000 -0.02425700 0.02389600
v 0.01099000 -0.02406500 0.02393600
v 0.01018300 -0.02396900 0.02379500
v 0.01018900 -0.02400000 0.02396800
v 0.02380300 -0.01877800 0.02196900
v 0.02777600 -0.01885600 0.02163600
v 0.02735900 -0.01976800 0.02112500
v 0.02742100 -0.01875800 0.02172100
v 0.02428200 -0.01793700 0.02240400
v 0.02350700 -0.01977300 0.02184500
v 0.02700000 -0.02082700 0.02100000
v 0.03898100 -0.02400800 0.01925000
v 0.03896400 -0.02402000 0.01920100
v 0.03863200 -0.02432000 0.01890400
v 0.03844900 -0.02450000 0.01888900
v 0.03890000 -0.02407200 0.01908600
v 0.03883200 -0.02413200 0.01901200
v 0.03872700 -0.02422900 0.01894100
v 0.03900000 -0.02400000 0.01938700
v 0.03899800 -0.02400000 0.01933700
v 0.04700000 -0.01800000 0.02900000
v 0.04700000 -0.01803100 0.02882700
v 0.04700000 -0.01814600 0.02864600
v 0.04700000 -0.01832700 0.02853100
v 0.04700000 -0.01850000 0.02850000
v 0.04600000 -0.02450000 0.01850000
v 0.04219800 -0.02432700 0.01862900
v 0.04600000 -0.02432700 0.01853100
v 0.04220400 -0.02414600 0.01874500
v 0.04600000 -0.02414600 0.01864600
v 0.04221400 -0.02403100 0.01892500
v 0.04600000 -0.02403100 0.01882700
v 0.04222300 -0.02400000 0.01909800
v 0.04600000 -0.02400000 0.01900000
v 0.04219700 -0.02450000 0.01859900
v 0.03992100 -0.02450000 0.01875200
v 0.03900000 -0.02400000 0.02850000
v 0.04671100 -0.02403100 0.01887200
v 0.04668900 -0.02400000 0.01904300
v 0.04737500 -0.02400000 0.01917500
v 0.04673300 -0.02414600 0.01869300
v 0.04674800 -0.02432700 0.01857800
v 0.04749200 -0.02432700 0.01872000
v 0.04750000 -0.02450000 0.01869100
v 0.04675200 -0.02450000 0.01854700
v 0.04741800 -0.02403100 0.01900700
v 0.04746300 -0.02414600 0.01883200
v 0.03291500 0.02037400 0.02026900
v 0.03378400 0.02015600 0.02043100
v 0.03074500 0.01958600 0.02097900
v 0.03207400 0.02085600 0.02007200
v 0.03039500 0.02052800 0.02040700
v 0.03113100 0.02185800 0.02002100
v 0.03192800 0.02097200 0.02004500
v 0.02849700 0.02124300 0.02061600
v 0.03688300 0.02194500 0.01918500
v 0.03681700 0.02142200 0.01939600
v 0.03620400 0.02102500 0.01965600
v 0.03699700 0.02059500 0.01998800
v 0.03524800 0.02037500 0.02021300
v 0.03723500 0.02282000 0.01902500
v 0.03524800 -0.02037500 0.02021300
v 0.03699700 -0.02059500 0.01998800
v 0.03601400 -0.02084900 0.01978700
v 0.03681700 -0.02142200 0.01939600
v 0.03644700 -0.02129000 0.01948500
v 0.03679600 -0.02179200 0.01924100
v 0.03723500 -0.02282000 0.01902500
v 0.03690300 -0.02198400 0.01917200
v 0.03139000 -0.02151300 0.01999400
v 0.03113100 -0.02185800 0.02002100
v 0.02956700 -0.02151000 0.02036200
v 0.03266100 -0.02048900 0.02020800
v 0.03208800 -0.02084400 0.02007400
v 0.03039500 -0.02052800 0.02040700
v 0.03162700 -0.02125000 0.02000300
v 0.03074500 -0.01958600 0.02097900
v 0.03378400 -0.02015600 0.02043100
v 0.00850000 -0.01247800 0.02584500
v 0.00850000 -0.01334500 0.02540900
v 0.00832700 -0.01336000 0.02543600
v 0.00832700 -0.01082300 0.02661400
v 0.00850000 -0.01081200 0.02658600
v 0.00814600 -0.01341300 0.02553800
v 0.00814600 -0.01086700 0.02672100
v 0.00803800 -0.01092800 0.02687100
v 0.00803100 -0.01349700 0.02569800
v 0.00803100 -0.01093500 0.02688900
v 0.00800000 -0.01357800 0.02585100
v 0.00800000 -0.01100000 0.02704900
v 0.00803100 -0.02300000 0.02382600
v 0.00800000 -0.02300000 0.02399800
v 0.00809600 -0.02300000 0.02370400
v 0.00814500 -0.02300000 0.02364600
v 0.00832400 -0.02300000 0.02353000
v 0.00849700 -0.02300000 0.02349800
v 0.00832400 0.02300000 0.02353000
v 0.00849700 0.02300000 0.02349800
v 0.00814500 0.02300000 0.02364600
v 0.00803100 0.02300000 0.02382600
v 0.00800000 0.02300000 0.02399800
v 0.00832700 0.01336000 0.02543600
v 0.00850000 0.01334500 0.02540900
v 0.00850000 0.01247800 0.02584500
v 0.00814600 0.01341300 0.02553800
v 0.00803100 0.01349700 0.02569800
v 0.00800000 0.01357800 0.02585100
v 0.00814600 0.01086700 0.02672100
v 0.00803800 0.01092800 0.02687100
v 0.00803100 0.01093500 0.02688900
v 0.00801000 0.01096300 0.02695800
v 0.00800000 0.01100000 0.02704900
v 0.00832700 0.01082300 0.02661400
v 0.00850000 0.01081200 0.02658600
v 0.03800000 -0.01800000 0.02939600
v 0.04700000 -0.01800000 0.02939600
v 0.03600000 -0.01600000 0.02939600
v 0.03615200 -0.01676500 0.02939600
v 0.03658600 -0.01741400 0.02939600
v 0.03723500 -0.01784800 0.02939600
v 0.03600000 0.01600000 0.02939600
v 0.03800000 0.01800000 0.02939600
v 0.03723500 0.01784800 0.02939600
v 0.03658600 0.01741400 0.02939600
v 0.03615200 0.01676500 0.02939600
v 0.04700000 0.01800000 0.02939600
v 0.04893300 0.02425000 0.02062700
v 0.04885400 0.02414600 0.02062700
v 0.04877300 0.02414600 0.02008500
v 0.04875000 0.02406700 0.02062700
v 0.04867300 0.02403100 0.02062700
v 0.04860000 0.02403100 0.02013800
v 0.04787300 0.02403100 0.01920000
v 0.04778300 0.02400000 0.01934800
v 0.04832300 0.02403100 0.01960200
v 0.04818600 0.02400000 0.01970800
v 0.04843500 0.02400000 0.02018900
v 0.04850000 0.02400000 0.02062700
v 0.04900000 0.02450000 0.02062700
v 0.04896900 0.02432700 0.02062700
v 0.04891300 0.02450000 0.02004300
v 0.04888300 0.02432700 0.02005200
v 0.04881000 0.02450000 0.01977600
v 0.04858100 0.02450000 0.01940200
v 0.04855700 0.02432700 0.01942100
v 0.04827600 0.02450000 0.01908700
v 0.04802800 0.02432700 0.01894800
v 0.04804400 0.02450000 0.01892100
v 0.04796800 0.02414600 0.01904600
v 0.04846500 0.02414600 0.01949200
v 0.04600000 0.02850000 0.01850000
v 0.04675200 0.02850000 0.01854700
v 0.04750000 0.02850000 0.01869100
v 0.04850000 0.02400000 0.02850000
v 0.04850000 0.02000000 0.02850000
v 0.04822700 0.01913700 0.02850000
v 0.04786300 0.01877300 0.02850000
v 0.04844700 0.01960400 0.02850000
v 0.04739600 0.01855300 0.02850000
v 0.04748900 0.01821200 0.02864600
v 0.04744100 0.01838600 0.02853100
v 0.04867300 0.02000000 0.02853100
v 0.04861400 0.01955900 0.02853100
v 0.04836900 0.01903800 0.02853100
v 0.04796200 0.01863100 0.02853100
v 0.04752800 0.01807100 0.02900000
v 0.04752000 0.01810100 0.02882700
v 0.04813200 0.01838900 0.02882700
v 0.04815000 0.01836400 0.02900000
v 0.04841400 0.01858600 0.02900000
v 0.04861100 0.01886800 0.02882700
v 0.04863600 0.01885000 0.02900000
v 0.04889900 0.01948000 0.02882700
v 0.04892900 0.01947200 0.02900000
v 0.04896900 0.02000000 0.02882700
v 0.04900000 0.02000000 0.02900000
v 0.04885400 0.02000000 0.02864600
v 0.04878800 0.01951100 0.02864600
v 0.04851600 0.01893400 0.02864600
v 0.04806600 0.01848400 0.02864600
v 0.03742800 0.02370900 0.01900200
v 0.03738700 0.02461700 0.01900700
v 0.03711000 0.02548200 0.01904000
v 0.03661800 0.02624700 0.01910200
v 0.04273400 0.02850000 0.01857300
v 0.03992100 0.02850000 0.01875200
v 0.03851800 0.02850000 0.01888200
v 0.03432600 0.02850000 0.01943400
v 0.03594800 0.02686000 0.01919100
v 0.03514400 0.02728100 0.01930700
v 0.03426300 0.02748400 0.01944400
v 0.03293700 0.02850000 0.01967100
v 0.03336100 0.02745600 0.01959600
v 0.03017400 0.02850000 0.02022500
v 0.03109100 0.02609200 0.02002900
v 0.02700000 0.02850000 0.02100000
v 0.03172200 0.02673800 0.01990100
v 0.03249500 0.02720300 0.01975200
v 0.03064700 0.02530300 0.02012300
v 0.03042000 0.02442300 0.02017100
v 0.03042800 0.02351400 0.02017000
v 0.03067200 0.02264000 0.02011700
v 0.04600000 0.02400000 0.02612500
v 0.04681300 0.02400000 0.02590700
v 0.04600000 0.02400000 0.02287500
v 0.04518700 0.02400000 0.02590700
v 0.04459300 0.02400000 0.02531300
v 0.04518700 0.02400000 0.02309300
v 0.04459300 0.02400000 0.02368800
v 0.04437500 0.02400000 0.02450000
v 0.04740700 0.02400000 0.02531300
v 0.04762500 0.02400000 0.02450000
v 0.04740700 0.02400000 0.02368800
v 0.04681300 0.02400000 0.02309300
v 0.02668400 0.02850000 0.02108400
v 0.02527100 0.02826900 0.02144100
v 0.02522400 0.02844300 0.02148800
v 0.02520300 0.02869700 0.02174900
v 0.02523000 0.02874300 0.02192700
v 0.02601000 0.02893500 0.02175300
v 0.02669200 0.02867400 0.02111400
v 0.02520000 0.02859300 0.02159500
v 0.02672200 0.02885500 0.02122700
v 0.02676800 0.02897000 0.02140300
v 0.02681100 0.02900000 0.02156700
v 0.02018500 0.02656200 0.02248200
v 0.01877400 0.01939300 0.02270500
v 0.01503600 0.02483400 0.02316200
v 0.01748300 0.01947000 0.02288500
v 0.01673900 0.01928700 0.02297800
v 0.01562400 0.01861600 0.02310300
v 0.00851500 0.02313100 0.02349800
v 0.00874500 0.02325000 0.02349600
v 0.00859300 0.02329500 0.02349800
v 0.00866100 0.02337100 0.02349700
v 0.00899300 0.02350000 0.02349300
v 0.00881700 0.02346700 0.02349500
v 0.00865100 0.02391600 0.02386000
v 0.00899800 0.02396900 0.02382000
v 0.00899600 0.02390300 0.02369700
v 0.00805500 0.02325700 0.02386300
v 0.00807600 0.02338300 0.02399700
v 0.00821000 0.02357900 0.02386300
v 0.00829300 0.02370700 0.02399600
v 0.00834200 0.02372700 0.02386200
v 0.00861700 0.02392400 0.02399500
v 0.00900000 0.02400000 0.02399300
v 0.00899400 0.02367300 0.02352400
v 0.00875500 0.02363300 0.02352900
v 0.00854200 0.02350200 0.02353100
v 0.00845100 0.02340000 0.02353200
v 0.00834500 0.02317700 0.02353200
v 0.00870000 0.02378000 0.02362500
v 0.00843800 0.02361900 0.02362700
v 0.00832500 0.02349200 0.02362800
v 0.00819400 0.02321900 0.02362800
v 0.00812900 0.02323600 0.02370400
v 0.00827200 0.02353200 0.02370300
v 0.00839300 0.02366900 0.02370200
v 0.00867700 0.02384300 0.02370000
v 0.00899500 0.02385400 0.02364000
v 0.00900000 0.01001600 0.02712400
v 0.00900000 0.01000000 0.02724700
v 0.00861400 0.01007800 0.02723200
v 0.00833000 0.01029400 0.02703200
v 0.00841200 0.01031900 0.02689300
v 0.00868100 0.01014900 0.02694500
v 0.00894200 0.01032400 0.02677900
v 0.00900000 0.01032000 0.02678000
v 0.00900000 0.01012500 0.02691600
v 0.00872800 0.01039900 0.02675000
v 0.00900000 0.01002300 0.02709900
v 0.00863500 0.01009400 0.02708100
v 0.00809100 0.01060400 0.02704000
v 0.00812400 0.01058500 0.02695900
v 0.00822800 0.01056900 0.02681500
v 0.00837100 0.01058500 0.02671100
v 0.00856300 0.01057200 0.02668200
v 0.00830000 0.01029500 0.02710900
v 0.00829300 0.01029300 0.02719000
v 0.00807500 0.01062100 0.02712500
v 0.00864000 0.01047100 0.02672200
v 0.00852000 0.01038000 0.02678600
v 0.01984600 -0.01280200 0.02568600
v 0.01869700 -0.01235700 0.02590400
v 0.03453800 -0.02019100 0.02039600
v 0.02146600 -0.01620500 0.02368700
v 0.03825000 -0.01843000 0.02200000
v 0.02149100 -0.01597800 0.02384100
v 0.02024700 -0.01308900 0.02554100
v 0.02133200 -0.01467200 0.02466600
v 0.02072600 -0.01356900 0.02529000
v 0.00900000 -0.01032000 0.02678000
v 0.01004200 -0.01009600 0.02686600
v 0.01742500 -0.01233200 0.02591500
v 0.00875000 -0.01056600 0.02668400
v 0.00856300 -0.01057500 0.02668100
v 0.00864000 -0.01047100 0.02672200
v 0.00872800 -0.01040000 0.02675000
v 0.01131500 -0.00878900 0.02732100
v 0.01090400 -0.00945500 0.02709800
v 0.01078700 -0.00958100 0.02705400
v 0.01140600 -0.00852900 0.02740300
v 0.01150000 -0.00786300 0.02760200
v 0.01150000 -0.00580100 0.02810800
v 0.01150000 -0.00428700 0.02837800
v 0.01150000 -0.00291500 0.02855200
v 0.01150000 0.00000000 0.02870000
v 0.01150000 0.00291500 0.02855200
v 0.01150000 0.00428700 0.02837800
v 0.01150000 0.00580100 0.02810800
v 0.01150000 0.00786300 0.02760200
v 0.01141600 0.00848900 0.02741500
v 0.01822300 0.01229400 0.02593400
v 0.01126000 0.00890600 0.02728200
v 0.01694400 0.01244700 0.02586000
v 0.01078600 0.00958100 0.02705300
v 0.01058700 0.00976100 0.02699000
v 0.00875000 0.01056600 0.02668400
v 0.00958900 0.01024900 0.02680800
v 0.00997600 0.01012200 0.02685700
v 0.01869700 0.01235700 0.02590400
v 0.01944900 0.01259400 0.02578900
v 0.02045700 0.01327700 0.02544400
v 0.02081600 0.01368400 0.02522800
v 0.02114500 0.01421500 0.02493200
v 0.02137700 0.01482100 0.02457700
v 0.02148800 0.01601500 0.02381600
v 0.03825000 0.01843000 0.02200000
v 0.03453800 0.02019100 0.02039600
v 0.01461500 0.01485200 0.02455900
v 0.01596400 0.01292700 0.02562400
v 0.01549300 0.01332400 0.02542000
v 0.01511000 0.01378400 0.02517300
v 0.01694400 -0.01244700 0.02586000
v 0.01624600 -0.01275000 0.02571300
v 0.00894300 -0.01032400 0.02677900
v 0.01530500 -0.01352900 0.02531100
v 0.01471800 -0.01453100 0.02475000
v 0.01450000 -0.01568900 0.02403200
v 0.00801800 -0.01081200 0.02708700
v 0.00837200 -0.01058500 0.02671200
v 0.00852000 -0.01038000 0.02678600
v 0.00806600 -0.01075200 0.02691700
v 0.00822800 -0.01056900 0.02681600
v 0.00812500 -0.01058500 0.02695900
v 0.00821300 -0.01043000 0.02699800
v 0.00841300 -0.01031900 0.02689300
v 0.00833000 -0.01029400 0.02703200
v 0.00868200 -0.01015000 0.02694500
v 0.00863600 -0.01009500 0.02708100
v 0.00900000 -0.01005700 0.02701600
v 0.00900000 -0.01002300 0.02709900
v 0.00900000 -0.01021100 0.02683900
v 0.00807600 -0.01062100 0.02712500
v 0.00816000 -0.01045900 0.02715700
v 0.00829300 -0.01029300 0.02719000
v 0.00861400 -0.01007900 0.02723200
v 0.00900000 -0.01000000 0.02724700
v 0.00900000 -0.01008800 0.02696400
v 0.00808300 -0.02334800 0.02386300
v 0.00873700 -0.02394400 0.02386000
v 0.00861700 -0.02392400 0.02399500
v 0.00841700 -0.02378700 0.02386200
v 0.00829300 -0.02370700 0.02399600
v 0.00827200 -0.02365800 0.02386200
v 0.00807600 -0.02338300 0.02399700
v 0.00836400 -0.02324000 0.02353200
v 0.00852900 -0.02317700 0.02349800
v 0.00849400 -0.02345400 0.02353100
v 0.00862500 -0.02333500 0.02349700
v 0.00859400 -0.02354300 0.02353100
v 0.00869900 -0.02340100 0.02349700
v 0.00881400 -0.02365200 0.02352800
v 0.00886100 -0.02348100 0.02349500
v 0.00899500 -0.02385400 0.02364000
v 0.00899400 -0.02367300 0.02352400
v 0.00899300 -0.02350000 0.02349300
v 0.00821800 -0.02329600 0.02362800
v 0.00837900 -0.02356000 0.02362700
v 0.00850100 -0.02367000 0.02362700
v 0.00877300 -0.02380300 0.02362500
v 0.00899800 -0.02396900 0.02382000
v 0.00875600 -0.02386900 0.02370000
v 0.00846200 -0.02372400 0.02370200
v 0.00832900 -0.02360500 0.02370300
v 0.00815500 -0.02332000 0.02370400
v 0.00900000 -0.02400000 0.02399300
v 0.00874500 -0.02325000 0.02349600
v 0.01441700 -0.02462600 0.02321900
v 0.01591800 -0.01885000 0.02307200
v 0.01708600 -0.01939400 0.02293600
v 0.01707800 -0.02551900 0.02293700
v 0.01792800 -0.01949400 0.02282500
v 0.02121700 -0.02690900 0.02230100
v 0.01919600 -0.01925600 0.02264100
v 0.02221000 -0.02724200 0.02211200
v 0.02527100 -0.02826900 0.02144100
v 0.02668400 -0.02850000 0.02108400
v 0.02700000 -0.02850000 0.02100000
v 0.02601000 -0.02893500 0.02175300
v 0.02523000 -0.02874300 0.02192700
v 0.02520300 -0.02869700 0.02174900
v 0.02676800 -0.02897000 0.02140300
v 0.02520000 -0.02859300 0.02159500
v 0.02672200 -0.02885500 0.02122700
v 0.02522400 -0.02844300 0.02148800
v 0.02669200 -0.02867400 0.02111400
v 0.02681100 -0.02900000 0.02156700
v 0.04600000 -0.02850000 0.01850000
v 0.04273400 -0.02850000 0.01857300
v 0.03514500 -0.02728000 0.01930700
v 0.03595000 -0.02686100 0.01919100
v 0.03432600 -0.02850000 0.01943400
v 0.03661900 -0.02624800 0.01910100
v 0.03711000 -0.02548200 0.01904000
v 0.03738600 -0.02461700 0.01900700
v 0.03742800 -0.02370800 0.01900200
v 0.03851800 -0.02850000 0.01888200
v 0.03992100 -0.02850000 0.01875200
v 0.03042000 -0.02442300 0.02017100
v 0.03042800 -0.02351400 0.02017000
v 0.03067200 -0.02264000 0.02011700
v 0.03064700 -0.02530300 0.02012300
v 0.03109100 -0.02609200 0.02002900
v 0.03017400 -0.02850000 0.02022500
v 0.03172200 -0.02673900 0.01990100
v 0.03249500 -0.02720400 0.01975200
v 0.03293700 -0.02850000 0.01967100
v 0.03336100 -0.02745600 0.01959600
v 0.03426300 -0.02748400 0.01944400
v 0.04744400 -0.01838700 0.02853100
v 0.04739800 -0.01855400 0.02850000
v 0.04796700 -0.01863500 0.02853100
v 0.04786700 -0.01877600 0.02850000
v 0.04837400 -0.01904600 0.02853100
v 0.04823200 -0.01914500 0.02850000
v 0.04861700 -0.01957100 0.02853100
v 0.04845000 -0.01961600 0.02850000
v 0.04869100 -0.02000000 0.02853800
v 0.04850000 -0.02000000 0.02850000
v 0.04893300 -0.01948700 0.02900000
v 0.04900000 -0.02000000 0.02900000
v 0.04896200 -0.02000000 0.02880900
v 0.04890300 -0.01949500 0.02882700
v 0.04861700 -0.01887700 0.02882700
v 0.04864300 -0.01885900 0.02900000
v 0.04841400 -0.01858600 0.02900000
v 0.04813800 -0.01839300 0.02882700
v 0.04815600 -0.01836800 0.02900000
v 0.04752300 -0.01810200 0.02882700
v 0.04753100 -0.01807200 0.02900000
v 0.04749200 -0.01821300 0.02864600
v 0.04807100 -0.01848700 0.02864600
v 0.04852300 -0.01894300 0.02864600
v 0.04879200 -0.01952500 0.02864600
v 0.04885400 -0.02000000 0.02864600
v 0.04850000 -0.02400000 0.02850000
v 0.04778300 -0.02400000 0.01934800
v 0.04600000 -0.02400000 0.02287500
v 0.04459300 -0.02400000 0.02531300
v 0.04437500 -0.02400000 0.02450000
v 0.04740700 -0.02400000 0.02531300
v 0.04762500 -0.02400000 0.02450000
v 0.04850000 -0.02400000 0.02062700
v 0.04740700 -0.02400000 0.02368800
v 0.04681300 -0.02400000 0.02309300
v 0.04843500 -0.02400000 0.02018900
v 0.04818600 -0.02400000 0.01970800
v 0.04459300 -0.02400000 0.02368800
v 0.04518700 -0.02400000 0.02309300
v 0.04681300 -0.02400000 0.02590700
v 0.04600000 -0.02400000 0.02612500
v 0.04518700 -0.02400000 0.02590700
v 0.04675600 -0.02850000 0.01854800
v 0.04750000 -0.02850000 0.01869100
v 0.04867300 -0.02403100 0.02062700
v 0.04860000 -0.02403100 0.02013800
v 0.04832300 -0.02403100 0.01960200
v 0.04787300 -0.02403100 0.01920000
v 0.04804400 -0.02450000 0.01892100
v 0.04802800 -0.02432700 0.01894800
v 0.04827600 -0.02450000 0.01908700
v 0.04858100 -0.02450000 0.01940200
v 0.04855700 -0.02432700 0.01942100
v 0.04881000 -0.02450000 0.01977600
v 0.04888300 -0.02432700 0.02005200
v 0.04891300 -0.02450000 0.02004300
v 0.04896900 -0.02432700 0.02062700
v 0.04900000 -0.02450000 0.02062700
v 0.04885400 -0.02414600 0.02062700
v 0.04877300 -0.02414600 0.02008500
v 0.04846500 -0.02414600 0.01949200
v 0.04796800 -0.02414600 0.01904600
v 0.01733400 0.01924900 0.02294500
v 0.01683600 0.01880900 0.02329300
v 0.01687100 0.01877900 0.02348800
v 0.01630000 0.01852200 0.02336200
v 0.01633000 0.01849200 0.02356000
v 0.01583200 0.01813400 0.02341800
v 0.01575500 0.01799000 0.02363100
v 0.01587200 0.01811400 0.02361700
v 0.01737700 0.01908800 0.02305100
v 0.01677700 0.01890700 0.02312900
v 0.01670200 0.01906000 0.02302400
v 0.01612000 0.01874800 0.02309200
v 0.01622400 0.01861000 0.02319700
v 0.01561100 0.01832600 0.02314700
v 0.01574100 0.01820800 0.02325200
v 0.01927000 0.01903100 0.02266600
v 0.01798900 0.01930700 0.02285600
v 0.01864300 0.01923300 0.02276200
v 0.01862500 0.01907600 0.02287000
v 0.01921300 0.01874300 0.02311300
v 0.01864000 0.01892900 0.02321500
v 0.01862500 0.01897000 0.02302800
v 0.01836200 0.01897600 0.02326200
v 0.01802200 0.01903700 0.02312400
v 0.01804700 0.01899900 0.02331300
v 0.01741800 0.01898300 0.02321300
v 0.01744900 0.01894800 0.02340600
v 0.01693700 0.01880500 0.02347900
v 0.01920300 0.01878600 0.02293100
v 0.01970400 0.01846900 0.02302200
v 0.01500500 0.01617600 0.02429000
v 0.01500000 0.01600000 0.02442600
v 0.01500800 0.01565900 0.02455700
v 0.01783800 0.01277100 0.02596500
v 0.01860500 0.01282700 0.02593600
v 0.01864500 0.01259500 0.02586000
v 0.02107800 0.01656000 0.02359100
v 0.01990700 0.01366500 0.02587300
v 0.02047600 0.01430700 0.02561200
v 0.02039700 0.01417400 0.02556200
v 0.02066100 0.01461400 0.02541200
v 0.02074600 0.01476000 0.02518300
v 0.02094900 0.01539000 0.02475000
v 0.02091500 0.01529100 0.02494800
v 0.02100000 0.01600000 0.02442600
v 0.02092500 0.01667000 0.02389600
v 0.02096900 0.01662200 0.02371800
v 0.02048000 0.01397100 0.02530100
v 0.02002000 0.01336000 0.02554300
v 0.01996600 0.01345300 0.02559600
v 0.01936900 0.01295600 0.02575800
v 0.01933100 0.01306000 0.02581200
v 0.01941700 0.01284500 0.02573300
v 0.02008800 0.01326500 0.02551600
v 0.02062800 0.01381600 0.02521700
v 0.02101400 0.01445300 0.02485100
v 0.02085200 0.01457300 0.02493800
v 0.02124000 0.01513900 0.02443300
v 0.02107400 0.01522500 0.02452200
v 0.02130900 0.01584100 0.02397700
v 0.02097100 0.01533300 0.02466500
v 0.02103900 0.01598200 0.02420200
v 0.02114800 0.01589600 0.02406800
v 0.02122900 0.01653200 0.02349900
v 0.01471200 0.01543300 0.02424600
v 0.01503700 0.01484300 0.02476900
v 0.01534600 0.01421400 0.02515600
v 0.01519100 0.01407400 0.02507100
v 0.01487200 0.01473700 0.02468200
v 0.01487700 0.01550600 0.02433500
v 0.01566600 0.01348200 0.02540000
v 0.01634300 0.01310800 0.02567900
v 0.01628600 0.01300400 0.02565300
v 0.01705700 0.01279500 0.02584200
v 0.01702300 0.01267700 0.02581800
v 0.01782700 0.01253500 0.02588900
v 0.01580100 0.01365700 0.02548200
v 0.01638900 0.01320800 0.02573200
v 0.01708300 0.01290400 0.02589500
v 0.01498300 0.01560500 0.02447500
v 0.01523700 0.01483100 0.02526700
v 0.01575200 0.01401200 0.02579700
v 0.01543900 0.01441200 0.02541100
v 0.01587000 0.01386600 0.02575200
v 0.01508400 0.01529200 0.02494800
v 0.01515100 0.01502100 0.02500700
v 0.01513400 0.01496300 0.02491800
v 0.01579300 0.01396600 0.02582500
v 0.01665000 0.01332200 0.02620800
v 0.01643400 0.01342300 0.02601600
v 0.01693300 0.01319700 0.02627900
v 0.01710700 0.01312000 0.02618900
v 0.01777900 0.01300800 0.02638500
v 0.01784200 0.01298800 0.02626300
v 0.01858900 0.01304400 0.02623200
v 0.01836200 0.01302300 0.02637700
v 0.01865700 0.01307500 0.02634800
v 0.01929500 0.01327600 0.02610000
v 0.01967600 0.01351100 0.02609800
v 0.01970600 0.01353100 0.02608600
v 0.02079600 0.01463800 0.02500800
v 0.02076000 0.01470100 0.02509100
v 0.02043100 0.01404600 0.02537400
v 0.02040300 0.01411500 0.02546300
v 0.01992700 0.01353800 0.02567200
v 0.01990700 0.01361000 0.02576600
v 0.01930500 0.01315200 0.02589000
v 0.01929300 0.01322600 0.02598800
v 0.01859300 0.01292300 0.02601600
v 0.01858800 0.01299700 0.02611600
v 0.01784100 0.01286800 0.02604500
v 0.01784300 0.01294200 0.02614600
v 0.01710100 0.01299800 0.02597400
v 0.01710900 0.01307200 0.02607400
v 0.01642000 0.01329700 0.02580900
v 0.01643600 0.01337100 0.02590600
v 0.01584400 0.01373800 0.02555700
v 0.01586800 0.01380900 0.02564800
v 0.01539900 0.01428600 0.02522800
v 0.01543000 0.01435300 0.02531400
v 0.01693700 -0.01880500 0.02348000
v 0.01744000 -0.01894600 0.02340700
v 0.01741800 -0.01898200 0.02321300
v 0.01747700 -0.01895200 0.02340100
v 0.01802100 -0.01903300 0.02312300
v 0.01804600 -0.01899400 0.02331200
v 0.01836200 -0.01897200 0.02326100
v 0.01862400 -0.01896600 0.02302800
v 0.01867200 -0.01891800 0.02320800
v 0.01920300 -0.01878400 0.02293100
v 0.01921200 -0.01874100 0.02311300
v 0.01970400 -0.01846900 0.02302200
v 0.01862400 -0.01907300 0.02286900
v 0.01798900 -0.01930300 0.02285500
v 0.01737700 -0.01908700 0.02305100
v 0.01864200 -0.01922900 0.02276100
v 0.01927000 -0.01903000 0.02266600
v 0.01670400 -0.01906100 0.02302400
v 0.01612200 -0.01874800 0.02309200
v 0.01622600 -0.01861000 0.02319700
v 0.01733400 -0.01924800 0.02294400
v 0.01677800 -0.01890800 0.02312900
v 0.01630200 -0.01852200 0.02336200
v 0.01583300 -0.01813400 0.02341800
v 0.01575500 -0.01798900 0.02363100
v 0.01587300 -0.01811400 0.02361700
v 0.01561200 -0.01832500 0.02314700
v 0.01574100 -0.01820800 0.02325200
v 0.01633300 -0.01849200 0.02356000
v 0.01683700 -0.01881000 0.02329300
v 0.02094900 -0.01539000 0.02475000
v 0.02100000 -0.01600000 0.02442600
v 0.02076200 -0.01482700 0.02527000
v 0.02107400 -0.01522500 0.02452200
v 0.02085200 -0.01457300 0.02493800
v 0.02101400 -0.01445300 0.02485100
v 0.02062800 -0.01381600 0.02521700
v 0.02122900 -0.01653200 0.02349900
v 0.01471200 -0.01543300 0.02424600
v 0.01500500 -0.01617600 0.02429000
v 0.01508200 -0.01530100 0.02494100
v 0.01543900 -0.01441200 0.02541100
v 0.01551000 -0.01432600 0.02559900
v 0.01587000 -0.01386600 0.02575200
v 0.01574800 -0.01401700 0.02579400
v 0.01643400 -0.01342300 0.02601600
v 0.01513400 -0.01496300 0.02491800
v 0.01498300 -0.01560500 0.02447500
v 0.01487700 -0.01550600 0.02433500
v 0.01500000 -0.01600000 0.02442600
v 0.01500800 -0.01565900 0.02455700
v 0.01515100 -0.01502100 0.02500700
v 0.01782700 -0.01253500 0.02588900
v 0.01705700 -0.01279500 0.02584200
v 0.01702300 -0.01267700 0.02581800
v 0.01634300 -0.01310800 0.02567900
v 0.01628600 -0.01300400 0.02565300
v 0.01566600 -0.01348200 0.02540000
v 0.01860500 -0.01282700 0.02593600
v 0.01783800 -0.01277100 0.02596500
v 0.01708300 -0.01290400 0.02589500
v 0.01638900 -0.01320800 0.02573200
v 0.01580100 -0.01365700 0.02548200
v 0.01534600 -0.01421500 0.02515600
v 0.01519100 -0.01407400 0.02507100
v 0.01487200 -0.01473700 0.02468200
v 0.02002000 -0.01336000 0.02554300
v 0.02008800 -0.01326500 0.02551600
v 0.01936900 -0.01295600 0.02575800
v 0.01941700 -0.01284500 0.02573300
v 0.01864500 -0.01259500 0.02586000
v 0.01933100 -0.01306000 0.02581200
v 0.01996600 -0.01345300 0.02559600
v 0.02048000 -0.01397100 0.02530100
v 0.02092500 -0.01667000 0.02389600
v 0.02096900 -0.01662200 0.02371800
v 0.02103900 -0.01598200 0.02420200
v 0.02114800 -0.01589600 0.02406800
v 0.02124000 -0.01513900 0.02443300
v 0.02130900 -0.01584100 0.02397700
v 0.02107800 -0.01656000 0.02359100
v 0.02074600 -0.01476000 0.02518300
v 0.02066000 -0.01461200 0.02541400
v 0.02039700 -0.01417400 0.02556200
v 0.02020500 -0.01396700 0.02582400
v 0.01971100 -0.01353500 0.02608400
v 0.01990700 -0.01366500 0.02587300
v 0.01936100 -0.01332600 0.02620600
v 0.01929500 -0.01327600 0.02610000
v 0.01836300 -0.01302300 0.02637700
v 0.01858900 -0.01304400 0.02623200
v 0.01823700 -0.01301000 0.02638400
v 0.01784200 -0.01298800 0.02626300
v 0.01729500 -0.01308400 0.02634200
v 0.01710700 -0.01312000 0.02618900
v 0.01693200 -0.01319800 0.02627900
v 0.01628700 -0.01353700 0.02608400
v 0.01539900 -0.01428600 0.02522800
v 0.01543000 -0.01435300 0.02531400
v 0.01584400 -0.01373800 0.02555700
v 0.01586800 -0.01380900 0.02564800
v 0.01642000 -0.01329800 0.02580900
v 0.01643600 -0.01337100 0.02590600
v 0.01710100 -0.01299800 0.02597400
v 0.01710900 -0.01307200 0.02607400
v 0.01784100 -0.01286800 0.02604500
v 0.01784300 -0.01294200 0.02614600
v 0.01859300 -0.01292300 0.02601600
v 0.01858800 -0.01299700 0.02611600
v 0.01930500 -0.01315200 0.02589000
v 0.01929300 -0.01322600 0.02598800
v 0.01992700 -0.01353800 0.02567200
v 0.01990700 -0.01361000 0.02576600
v 0.02043100 -0.01404600 0.02537400
v 0.02040300 -0.01411500 0.02546300
v 0.02079600 -0.01463800 0.02500800
v 0.02076000 -0.01470100 0.02509100
v 0.02097100 -0.01533300 0.02466500
v 0.01503700 -0.01484300 0.02476900
v 0.03121500 0.02192500 0.02001600
v 0.03725600 0.02372300 0.01905500
v 0.03707300 0.02288000 0.01907800
v 0.03693900 0.02293300 0.01918800
v 0.03123700 0.02283400 0.02060600
v 0.03118600 0.02283200 0.02039400
v 0.03108800 0.02328200 0.02064400
v 0.03098000 0.02358300 0.02044300
v 0.03102900 0.02358400 0.02065800
v 0.03100000 0.02400000 0.02066600
v 0.03097300 0.02436300 0.02044500
v 0.03102200 0.02436200 0.02066000
v 0.03154100 0.02580000 0.02031100
v 0.03159300 0.02579300 0.02051900
v 0.03116400 0.02511900 0.02039900
v 0.03121500 0.02511700 0.02061100
v 0.03108800 0.02471800 0.02064300
v 0.03274100 0.02677000 0.02004700
v 0.03278900 0.02674500 0.02024400
v 0.03207900 0.02636200 0.02018900
v 0.03213100 0.02634700 0.02039200
v 0.03175400 0.02599000 0.02048000
v 0.03426800 0.02702700 0.01975000
v 0.03429400 0.02698700 0.01993700
v 0.03348700 0.02699600 0.01989700
v 0.03352600 0.02696200 0.02008800
v 0.03293600 0.02680500 0.02021200
v 0.03674300 0.02529300 0.01935800
v 0.03665600 0.02539400 0.01954500
v 0.03631500 0.02595900 0.01941800
v 0.03629900 0.02592600 0.01959700
v 0.03573200 0.02649100 0.01950500
v 0.03572900 0.02645200 0.01968600
v 0.03503300 0.02685400 0.01961800
v 0.03504400 0.02681200 0.01980100
v 0.03436200 0.02697900 0.01992400
v 0.03682400 0.02298800 0.01952100
v 0.03698900 0.02375000 0.01949800
v 0.03702100 0.02374600 0.01932100
v 0.03700000 0.02400100 0.01949700
v 0.03698500 0.02453800 0.01932600
v 0.03695300 0.02452900 0.01950300
v 0.03671700 0.02527000 0.01953600
v 0.03105700 0.02279200 0.02022100
v 0.03084300 0.02356900 0.02027000
v 0.03083700 0.02437500 0.02027100
v 0.03103400 0.02515600 0.02022600
v 0.03142400 0.02586100 0.02014100
v 0.03198100 0.02644300 0.02002200
v 0.03266800 0.02686600 0.01988300
v 0.03344200 0.02710200 0.01973500
v 0.03425300 0.02713500 0.01959100
v 0.03504700 0.02695700 0.01946000
v 0.03577400 0.02658200 0.01934900
v 0.03638100 0.02603100 0.01926300
v 0.03682600 0.02534000 0.01920300
v 0.03707700 0.02455800 0.01917100
v 0.03711400 0.02373600 0.01916600
v 0.03685300 0.02297000 0.01934300
v 0.03087400 0.02272400 0.02012400
v 0.03064700 0.02354500 0.02017300
v 0.03063900 0.02439600 0.02017400
v 0.03085000 0.02522200 0.02012900
v 0.03126400 0.02596500 0.02004100
v 0.03185500 0.02657600 0.01992000
v 0.03258100 0.02701900 0.01977900
v 0.03339800 0.02726400 0.01963000
v 0.03425100 0.02729600 0.01948400
v 0.03508700 0.02710700 0.01935200
v 0.03585000 0.02671100 0.01924000
v 0.03648600 0.02613100 0.01915300
v 0.03695300 0.02540600 0.01909300
v 0.03721700 0.02458500 0.01906000
v 0.03130100 0.02198800 0.02003300
v 0.03145900 0.02209400 0.02013300
v 0.03157500 0.02215700 0.02030300
v 0.03162700 0.02216400 0.02051100
v 0.03379000 0.02020700 0.02038700
v 0.03380500 0.02037200 0.02030600
v 0.03379700 0.02027300 0.02034500
v 0.03307900 0.02044100 0.02023300
v 0.03260900 0.02132400 0.02044700
v 0.03236100 0.02148800 0.02052600
v 0.03320400 0.02108700 0.02056100
v 0.03293700 0.02119400 0.02064300
v 0.03329600 0.02108300 0.02071700
v 0.03381500 0.02100600 0.02078700
v 0.03382400 0.02097200 0.02060900
v 0.03238700 0.02078200 0.02008600
v 0.03175200 0.02128500 0.01999000
v 0.03182600 0.02137400 0.01999700
v 0.03189600 0.02146000 0.02003100
v 0.03195800 0.02153800 0.02008900
v 0.03175500 0.02201100 0.02048900
v 0.03204600 0.02165700 0.02026500
v 0.03260400 0.02127400 0.02033100
v 0.03320900 0.02102900 0.02043700
v 0.03382700 0.02087500 0.02045200
v 0.03258300 0.02120100 0.02023000
v 0.03320200 0.02094000 0.02033200
v 0.03254800 0.02110900 0.02015100
v 0.03318400 0.02082800 0.02025500
v 0.03250200 0.02100400 0.02009900
v 0.03315600 0.02070100 0.02021100
v 0.03244700 0.02089300 0.02007700
v 0.03312000 0.02056900 0.02020400
v 0.03380900 0.02042400 0.02029500
v 0.03382000 0.02060500 0.02029800
v 0.03382500 0.02072700 0.02034100
v 0.03436200 0.02102300 0.02076800
v 0.03446100 0.02103700 0.02075200
v 0.03444000 0.02100000 0.02057600
v 0.03507000 0.02119700 0.02056500
v 0.03502600 0.02114600 0.02040000
v 0.03443200 0.02090100 0.02042100
v 0.03443800 0.02075400 0.02031100
v 0.03445000 0.02063200 0.02026800
v 0.03447700 0.02045400 0.02026400
v 0.03448700 0.02040300 0.02027500
v 0.03501000 0.02104100 0.02025400
v 0.03502500 0.02089500 0.02014900
v 0.03505300 0.02077900 0.02010700
v 0.03511400 0.02061200 0.02009800
v 0.03513500 0.02056500 0.02010600
v 0.03521600 0.02041900 0.02017400
v 0.03452400 0.02024100 0.02035300
v 0.03653300 0.02231800 0.01946100
v 0.03665500 0.02260400 0.01958100
v 0.03660000 0.02250400 0.01961100
v 0.03673900 0.02210000 0.01919900
v 0.03681900 0.02204100 0.01917500
v 0.03636000 0.02136600 0.01946500
v 0.03561900 0.02117400 0.01986000
v 0.03566800 0.02106100 0.01981500
v 0.03573300 0.02094800 0.01980100
v 0.03581000 0.02084300 0.01981700
v 0.03609700 0.02177900 0.01971800
v 0.03558300 0.02137000 0.02002700
v 0.03609900 0.02183800 0.01981800
v 0.03559800 0.02143900 0.02013800
v 0.03570800 0.02153200 0.02020800
v 0.03563400 0.02148300 0.02025600
v 0.03559000 0.02127900 0.01993300
v 0.03602400 0.02178500 0.01999400
v 0.03660800 0.02221700 0.01930100
v 0.03615400 0.02162500 0.01955500
v 0.03621000 0.02153800 0.01950100
v 0.03627900 0.02145000 0.01947100
v 0.03681700 -0.02204000 0.01917600
v 0.03640100 -0.02220300 0.01973300
v 0.03570300 -0.02152800 0.02021200
v 0.03609900 -0.02183700 0.01981900
v 0.03559900 -0.02143900 0.02013700
v 0.03557100 -0.02144300 0.02029600
v 0.03507000 -0.02119700 0.02056500
v 0.03502600 -0.02114600 0.02040000
v 0.03566900 -0.02106100 0.01981500
v 0.03573400 -0.02094800 0.01980000
v 0.03627900 -0.02144900 0.01947200
v 0.03636000 -0.02136500 0.01946600
v 0.03562000 -0.02117400 0.01986000
v 0.03620900 -0.02153800 0.01950200
v 0.03673700 -0.02209900 0.01919900
v 0.03707300 -0.02288000 0.01907800
v 0.03559100 -0.02128000 0.01993300
v 0.03615400 -0.02162500 0.01955500
v 0.03660700 -0.02221600 0.01930100
v 0.03693900 -0.02293300 0.01918800
v 0.03665200 -0.02259800 0.01958300
v 0.03653200 -0.02231700 0.01946100
v 0.03609700 -0.02177900 0.01971800
v 0.03558400 -0.02137000 0.02002700
v 0.03501000 -0.02104100 0.02025400
v 0.03685300 -0.02297000 0.01934300
v 0.03682400 -0.02298800 0.01952100
v 0.03581100 -0.02084300 0.01981700
v 0.03521600 -0.02041900 0.02017400
v 0.03502500 -0.02089500 0.02014900
v 0.03505300 -0.02077900 0.02010700
v 0.03511400 -0.02061200 0.02009800
v 0.03513500 -0.02056500 0.02010600
v 0.03444000 -0.02100000 0.02057600
v 0.03446100 -0.02103700 0.02075200
v 0.03436200 -0.02102300 0.02076800
v 0.03380500 -0.02037200 0.02030600
v 0.03447700 -0.02045400 0.02026400
v 0.03380900 -0.02042400 0.02029500
v 0.03445000 -0.02063200 0.02026800
v 0.03382000 -0.02060500 0.02029800
v 0.03443800 -0.02075400 0.02031100
v 0.03382500 -0.02072700 0.02034100
v 0.03443200 -0.02090100 0.02042100
v 0.03382700 -0.02087500 0.02045200
v 0.03382400 -0.02097200 0.02060900
v 0.03381500 -0.02100600 0.02078700
v 0.03379700 -0.02027300 0.02034500
v 0.03452400 -0.02024100 0.02035300
v 0.03448700 -0.02040300 0.02027500
v 0.03379000 -0.02020700 0.02038700
v 0.03204600 -0.02165600 0.02026400
v 0.03157500 -0.02215700 0.02030300
v 0.03145900 -0.02209400 0.02013300
v 0.03238700 -0.02078200 0.02008600
v 0.03244700 -0.02089200 0.02007700
v 0.03182700 -0.02137300 0.01999600
v 0.03175400 -0.02201100 0.02048900
v 0.03162700 -0.02216400 0.02051100
v 0.03258300 -0.02120100 0.02023000
v 0.03260400 -0.02127400 0.02033100
v 0.03261000 -0.02132400 0.02044700
v 0.03274800 -0.02127400 0.02060200
v 0.03207100 -0.02170400 0.02048700
v 0.03189900 -0.02185900 0.02048100
v 0.03189600 -0.02145900 0.02003000
v 0.03250200 -0.02100400 0.02009900
v 0.03195800 -0.02153700 0.02008800
v 0.03254800 -0.02110900 0.02015100
v 0.03175300 -0.02128400 0.01998900
v 0.03154900 -0.02166600 0.01999600
v 0.03307900 -0.02044100 0.02023400
v 0.03293500 -0.02119500 0.02064300
v 0.03320400 -0.02108800 0.02056200
v 0.03312000 -0.02056900 0.02020400
v 0.03315600 -0.02070200 0.02021200
v 0.03318400 -0.02082900 0.02025500
v 0.03320200 -0.02094100 0.02033300
v 0.03320900 -0.02103000 0.02043800
v 0.03130100 -0.02198800 0.02003300
v 0.03087400 -0.02272400 0.02012400
v 0.03570400 -0.02647000 0.01969000
v 0.03573000 -0.02645200 0.01968600
v 0.03573300 -0.02649200 0.01950500
v 0.03674300 -0.02529300 0.01935800
v 0.03671700 -0.02527100 0.01953600
v 0.03698500 -0.02453800 0.01932600
v 0.03695300 -0.02452900 0.01950300
v 0.03702100 -0.02374500 0.01932100
v 0.03699900 -0.02400000 0.01949700
v 0.03698900 -0.02375000 0.01949800
v 0.03631600 -0.02596000 0.01941800
v 0.03630000 -0.02592700 0.01959700
v 0.03665600 -0.02539400 0.01954500
v 0.03504500 -0.02681200 0.01980100
v 0.03503300 -0.02685400 0.01961800
v 0.03436200 -0.02697900 0.01992500
v 0.03426800 -0.02702600 0.01975000
v 0.03429400 -0.02698600 0.01993700
v 0.03352600 -0.02696200 0.02008800
v 0.03348700 -0.02699600 0.01989700
v 0.03293600 -0.02680600 0.02021200
v 0.03274100 -0.02677000 0.02004700
v 0.03278900 -0.02674600 0.02024400
v 0.03213100 -0.02634700 0.02039200
v 0.03207900 -0.02636200 0.02018900
v 0.03175400 -0.02599000 0.02048000
v 0.03154100 -0.02580000 0.02031100
v 0.03159300 -0.02579300 0.02051900
v 0.03121500 -0.02511700 0.02061200
v 0.03116500 -0.02511900 0.02039900
v 0.03108800 -0.02471800 0.02064300
v 0.03097300 -0.02436300 0.02044500
v 0.03102300 -0.02436200 0.02066000
v 0.03098000 -0.02358300 0.02044300
v 0.03102900 -0.02358400 0.02065800
v 0.03100000 -0.02400000 0.02066600
v 0.03118600 -0.02283200 0.02039400
v 0.03123700 -0.02283400 0.02060600
v 0.03108800 -0.02328200 0.02064300
v 0.03105700 -0.02279200 0.02022100
v 0.03084400 -0.02356900 0.02027000
v 0.03083700 -0.02437500 0.02027100
v 0.03103500 -0.02515600 0.02022600
v 0.03142400 -0.02586100 0.02014100
v 0.03198100 -0.02644300 0.02002200
v 0.03266800 -0.02686700 0.01988300
v 0.03344200 -0.02710200 0.01973500
v 0.03425300 -0.02713400 0.01959100
v 0.03504800 -0.02695700 0.01946000
v 0.03577500 -0.02658300 0.01934900
v 0.03638100 -0.02603200 0.01926300
v 0.03682600 -0.02534000 0.01920300
v 0.03707600 -0.02455800 0.01917100
v 0.03711400 -0.02373600 0.01916600
v 0.03725600 -0.02372300 0.01905500
v 0.03721700 -0.02458500 0.01906000
v 0.03695300 -0.02540600 0.01909300
v 0.03648700 -0.02613200 0.01915200
v 0.03585100 -0.02671200 0.01924000
v 0.03508700 -0.02710600 0.01935200
v 0.03425100 -0.02729500 0.01948400
v 0.03339800 -0.02726400 0.01963000
v 0.03258100 -0.02702000 0.01977900
v 0.03185500 -0.02657700 0.01992000
v 0.03126400 -0.02596500 0.02004100
v 0.03085000 -0.02522200 0.02012900
v 0.03064000 -0.02439600 0.02017400
v 0.03064700 -0.02354500 0.02017300
v 0.00800000 -0.01100000 0.02850000
v 0.00800000 -0.02300000 0.02850000
v 0.00800000 0.01100000 0.02850000
v 0.00800000 0.02300000 0.02850000
v 0.04771000 -0.01813700 0.02956600
v 0.04768800 -0.01814600 0.02961400
v 0.04828500 -0.01850700 0.02996100
v 0.04867600 -0.01931500 0.03081500
v 0.04864500 -0.01905000 0.03053200
v 0.04846700 -0.01886900 0.03036900
v 0.04823700 -0.01851600 0.03000400
v 0.04817500 -0.01852600 0.03002600
v 0.04782800 -0.01828100 0.02978100
v 0.04749500 -0.01806200 0.02945100
v 0.04700000 -0.01801900 0.02949200
v 0.04795700 -0.01824400 0.02961000
v 0.04772900 -0.01813800 0.02951700
v 0.04741900 -0.01812500 0.02962500
v 0.04700000 -0.01807300 0.02957300
v 0.04838400 -0.01855600 0.02988300
v 0.04832500 -0.01851300 0.02991200
v 0.04841400 -0.01858600 0.02990900
v 0.04857000 -0.01877900 0.03015700
v 0.04875200 -0.01903600 0.03030400
v 0.04876300 -0.01908600 0.03043800
v 0.04763800 -0.01819400 0.02969400
v 0.04871100 -0.01905900 0.03049100
v 0.04895400 -0.01957200 0.03077200
v 0.04889900 -0.01942200 0.03074600
v 0.04899400 -0.01984000 0.03100700
v 0.04897100 -0.01977700 0.03107200
v 0.04891700 -0.01972500 0.03112800
v 0.04883700 -0.01969200 0.03116700
v 0.04874400 -0.01968300 0.03118300
v 0.04874100 -0.01976900 0.03126900
v 0.04891500 -0.01989600 0.03129900
v 0.04884200 -0.01982200 0.03129200
v 0.04870500 -0.01985700 0.03135700
v 0.04881000 -0.01992100 0.03139300
v 0.04889900 -0.01995400 0.03136100
v 0.04887700 -0.01999800 0.03140600
v 0.03800000 -0.01801900 0.02949200
v 0.03800000 -0.01807300 0.02957300
v 0.03598100 -0.01600000 0.02949200
v 0.03592700 -0.01600000 0.02957300
v 0.03613500 -0.01677300 0.02949200
v 0.03608500 -0.01679300 0.02957300
v 0.03657200 -0.01742800 0.02949200
v 0.03653400 -0.01746600 0.02957300
v 0.03722700 -0.01786500 0.02949200
v 0.03720700 -0.01791500 0.02957300
v 0.03592700 0.01600000 0.02957300
v 0.03598100 0.01600000 0.02949200
v 0.03800000 0.01801900 0.02949200
v 0.03800000 0.01807300 0.02957300
v 0.03722700 0.01786500 0.02949200
v 0.03720700 0.01791500 0.02957300
v 0.03657200 0.01742800 0.02949200
v 0.03653400 0.01746600 0.02957300
v 0.03613500 0.01677300 0.02949200
v 0.03608500 0.01679300 0.02957300
v 0.04807600 0.01844300 0.02994300
v 0.04765400 0.01820000 0.02970000
v 0.04768600 0.01814800 0.02961600
v 0.04719300 0.01808400 0.02958400
v 0.04700000 0.01807300 0.02957300
v 0.04700000 0.01801900 0.02949200
v 0.04839700 0.01876900 0.03026900
v 0.04818700 0.01853700 0.03003700
v 0.04823700 0.01851600 0.03000500
v 0.04828400 0.01850800 0.02996200
v 0.04878400 0.01910200 0.03041000
v 0.04879800 0.01912400 0.03038000
v 0.04888400 0.01932900 0.03056000
v 0.04834200 0.01852000 0.02988700
v 0.04841400 0.01858600 0.02990900
v 0.04864800 0.01886600 0.03015400
v 0.04799600 0.01826600 0.02963100
v 0.04703100 0.01800000 0.02939700
v 0.04752300 0.01807000 0.02945900
v 0.04772800 0.01813700 0.02951900
v 0.04770800 0.01813900 0.02956900
v 0.04832500 0.01851300 0.02991300
v 0.04871200 0.01905700 0.03049000
v 0.04876400 0.01908400 0.03043800
v 0.04898600 0.01980700 0.03104000
v 0.04899400 0.01984000 0.03100700
v 0.04897100 0.01977700 0.03107200
v 0.04894700 0.01974900 0.03110200
v 0.04891600 0.01972500 0.03112800
v 0.04864600 0.01904800 0.03053100
v 0.04883700 0.01969200 0.03116700
v 0.04863600 0.01920300 0.03070300
v 0.04874400 0.01968300 0.03118300
v 0.04881000 0.01992100 0.03139400
v 0.04870500 0.01985800 0.03135800
v 0.04884200 0.01982100 0.03129200
v 0.04874200 0.01976900 0.03126900
v 0.04887700 0.01999800 0.03140600
v 0.04891500 0.01989600 0.03129900
v 0.04804400 0.02850000 0.01892100
v 0.04827600 0.02850000 0.01908700
v 0.04858100 0.02850000 0.01940200
v 0.04881000 0.02850000 0.01977600
v 0.04891300 0.02850000 0.02004300
v 0.04900000 0.02850000 0.02062700
v 0.04885800 0.02415000 0.02865000
v 0.04875000 0.02406700 0.02856700
v 0.04859800 0.02401000 0.02851000
v 0.04900000 0.02450000 0.02900000
v 0.04893300 0.02425000 0.02875000
v 0.04900000 0.02000000 0.03112900
v 0.04899800 0.01991800 0.03107000
v 0.04896000 0.02001400 0.03130800
v 0.04899800 0.02005000 0.03119100
v 0.04900000 0.02006100 0.03116500
v 0.04892200 0.02000400 0.03136500
v 0.04895000 0.02001100 0.03132600
v 0.04900000 0.02850000 0.03125000
v 0.04896200 0.02869100 0.03125000
v 0.04896900 0.02867300 0.02062700
v 0.04893300 0.02875000 0.03125000
v 0.04893300 0.02875000 0.02062700
v 0.04885400 0.02885400 0.03125000
v 0.04885400 0.02885400 0.02062700
v 0.04875000 0.02893300 0.03125000
v 0.04875000 0.02893300 0.02062700
v 0.04869100 0.02896200 0.03125000
v 0.04867300 0.02896900 0.02062700
v 0.04850000 0.02900000 0.03125000
v 0.04850000 0.02900000 0.02062700
v 0.04877300 0.02885400 0.02008500
v 0.04888300 0.02867300 0.02005200
v 0.04802800 0.02867300 0.01894800
v 0.04749200 0.02867300 0.01872000
v 0.04855700 0.02867300 0.01942100
v 0.04843500 0.02900000 0.02018900
v 0.04860000 0.02896900 0.02013800
v 0.04832300 0.02896900 0.01960200
v 0.04818600 0.02900000 0.01970800
v 0.04787300 0.02896900 0.01920000
v 0.04778300 0.02900000 0.01934800
v 0.04741800 0.02896900 0.01900700
v 0.04737500 0.02900000 0.01917500
v 0.04846500 0.02885400 0.01949200
v 0.04796800 0.02885400 0.01904600
v 0.04746300 0.02885400 0.01883200
v 0.04674800 0.02867300 0.01857800
v 0.04673300 0.02885400 0.01869300
v 0.04671100 0.02896900 0.01887200
v 0.04600000 0.02896900 0.01882700
v 0.04600000 0.02900000 0.01900000
v 0.04668900 0.02900000 0.01904300
v 0.04600000 0.02867300 0.01853100
v 0.04600000 0.02885400 0.01864600
v 0.02700800 0.02867300 0.02103000
v 0.03018000 0.02867300 0.02025500
v 0.03433100 0.02867300 0.01946400
v 0.03852100 0.02867300 0.01891300
v 0.04273500 0.02867300 0.01860400
v 0.04275600 0.02900000 0.01907200
v 0.04274800 0.02896900 0.01889900
v 0.03855100 0.02896900 0.01920700
v 0.03856900 0.02900000 0.01937900
v 0.03437800 0.02896900 0.01975600
v 0.03440600 0.02900000 0.01992700
v 0.03024400 0.02896900 0.02054500
v 0.03028100 0.02900000 0.02071400
v 0.02708500 0.02896900 0.02131600
v 0.02712900 0.02900000 0.02148300
v 0.02703800 0.02885400 0.02114100
v 0.03020500 0.02885400 0.02036800
v 0.03435000 0.02885400 0.01957800
v 0.03853300 0.02885400 0.01902800
v 0.04274000 0.02885400 0.01871900
v 0.04600000 0.02900000 0.02287500
v 0.04518700 0.02900000 0.02309300
v 0.04459300 0.02900000 0.02368800
v 0.04437500 0.02900000 0.02450000
v 0.04459300 0.02900000 0.02531300
v 0.04518700 0.02900000 0.02590700
v 0.04600000 0.02900000 0.02612500
v 0.04681300 0.02900000 0.02590700
v 0.04740700 0.02900000 0.02531300
v 0.04762500 0.02900000 0.02450000
v 0.04740700 0.02900000 0.02368800
v 0.04681300 0.02900000 0.02309300
v 0.02681100 0.02900000 0.03125000
v 0.02601000 0.02893500 0.03125000
v 0.02523000 0.02874300 0.03125000
v 0.01492600 0.02530900 0.02366000
v 0.02011000 0.02703700 0.02297500
v 0.02009400 0.02699300 0.02279200
v 0.01498100 0.02501200 0.02320500
v 0.01494000 0.02516500 0.02331300
v 0.01492100 0.02526800 0.02347300
v 0.02013400 0.02673800 0.02252700
v 0.02010200 0.02688900 0.02263500
v 0.00500000 0.02375000 0.02856700
v 0.00834200 0.02375300 0.02856900
v 0.00828600 0.02370100 0.02854200
v 0.00813400 0.02350000 0.02850000
v 0.00500000 0.02350000 0.02850000
v 0.00500000 0.02367300 0.02853100
v 0.00500000 0.02393300 0.02875000
v 0.00864400 0.02393500 0.02875300
v 0.00850700 0.02387000 0.02866400
v 0.00500000 0.02385400 0.02864600
v 0.00900000 0.02400000 0.02900000
v 0.00899500 0.02400000 0.02899600
v 0.00500000 0.02400000 0.02900000
v 0.00884800 0.02398800 0.02889300
v 0.00865700 0.02393900 0.02876100
v 0.00500000 0.02396900 0.02882700
v 0.00806200 0.02334600 0.02850000
v 0.01018900 0.02400000 0.03125000
v 0.01099000 0.02406500 0.03125000
v 0.01177000 0.02425700 0.03125000
v 0.00419900 0.02376900 0.02864600
v 0.00423600 0.02359300 0.02853100
v 0.00125000 0.02000000 0.02856700
v 0.00114600 0.02000000 0.02864600
v 0.00123100 0.02080100 0.02864600
v 0.00417500 0.02388200 0.02882700
v 0.00416800 0.02391300 0.02900000
v 0.00346900 0.02369600 0.02900000
v 0.00310600 0.02348800 0.02882700
v 0.00309100 0.02351500 0.02900000
v 0.00219300 0.02280700 0.02882700
v 0.00217200 0.02282800 0.02900000
v 0.00151200 0.02189400 0.02882700
v 0.00148500 0.02190900 0.02900000
v 0.00111800 0.02082500 0.02882700
v 0.00108700 0.02083200 0.02900000
v 0.00130400 0.02153100 0.02900000
v 0.00100000 0.02000000 0.02900000
v 0.00103100 0.02000000 0.02882700
v 0.00106700 0.02000000 0.02875000
v 0.00157600 0.02072800 0.02850000
v 0.00150000 0.02000000 0.02850000
v 0.00132700 0.02000000 0.02853100
v 0.00140700 0.02076400 0.02853100
v 0.00177200 0.02175300 0.02853100
v 0.00192400 0.02167000 0.02850000
v 0.00240300 0.02259700 0.02853100
v 0.00252500 0.02247500 0.02850000
v 0.00324700 0.02322800 0.02853100
v 0.00333000 0.02307600 0.02850000
v 0.00427200 0.02342400 0.02850000
v 0.00316100 0.02338700 0.02864600
v 0.00227500 0.02272500 0.02864600
v 0.00161300 0.02183900 0.02864600
v 0.00100000 0.01200000 0.02900000
v 0.00103100 0.01200000 0.02882700
v 0.00106700 0.01200000 0.02875000
v 0.00114600 0.01200000 0.02864600
v 0.00125000 0.01200000 0.02856700
v 0.00132700 0.01200000 0.02853100
v 0.00150000 0.01200000 0.02850000
v 0.00121200 0.01151100 0.02864600
v 0.00138600 0.01155900 0.02853100
v 0.00300000 0.01025000 0.02856700
v 0.00300000 0.01014600 0.02864600
v 0.00251100 0.01021200 0.02864600
v 0.00110100 0.01148000 0.02882700
v 0.00107100 0.01147200 0.02900000
v 0.00126800 0.01100000 0.02900000
v 0.00138900 0.01086800 0.02882700
v 0.00136400 0.01085000 0.02900000
v 0.00186800 0.01038900 0.02882700
v 0.00185000 0.01036400 0.02900000
v 0.00248000 0.01010100 0.02882700
v 0.00247200 0.01007100 0.02900000
v 0.00200000 0.01026800 0.02900000
v 0.00300000 0.01000000 0.02900000
v 0.00300000 0.01003100 0.02882700
v 0.00300000 0.01006700 0.02875000
v 0.00260400 0.01055300 0.02850000
v 0.00300000 0.01050000 0.02850000
v 0.00300000 0.01032700 0.02853100
v 0.00255900 0.01038600 0.02853100
v 0.00203800 0.01063100 0.02853100
v 0.00213700 0.01077300 0.02850000
v 0.00163100 0.01103800 0.02853100
v 0.00177300 0.01113700 0.02850000
v 0.00155300 0.01160400 0.02850000
v 0.00193400 0.01048400 0.02864600
v 0.00148400 0.01093400 0.02864600
v 0.00813400 0.01050000 0.02850000
v 0.00828600 0.01029900 0.02854200
v 0.00834200 0.01024700 0.02856900
v 0.00850700 0.01013000 0.02866400
v 0.00864400 0.01006500 0.02875300
v 0.00884800 0.01001200 0.02889300
v 0.00899500 0.01000000 0.02899600
v 0.00900000 0.01000000 0.02900000
v 0.00991300 0.01000100 0.02692800
v 0.00981000 0.00985200 0.02717400
v 0.01066500 0.00948600 0.02711700
v 0.01114700 0.00873800 0.02737100
v 0.01100300 0.00871400 0.02747700
v 0.01084600 0.00876300 0.02779200
v 0.01067100 0.00909600 0.02765500
v 0.01072200 0.00907400 0.02749100
v 0.00985600 0.00990700 0.02703700
v 0.01047700 0.00938900 0.02736600
v 0.01055800 0.00941900 0.02722500
v 0.01100000 0.00800000 0.02808300
v 0.01096200 0.00838400 0.02794100
v 0.01103100 0.00795300 0.02791600
v 0.01100700 0.00834000 0.02776400
v 0.01103800 0.00794800 0.02789900
v 0.01114600 0.00790300 0.02774300
v 0.01090000 0.00871900 0.02762500
v 0.01132700 0.00787100 0.02763200
v 0.01041400 0.00941400 0.02751800
v 0.00977000 0.00984300 0.02732200
v 0.00806200 0.01065400 0.02850000
v 0.01114600 0.00583000 0.02825100
v 0.01103800 -0.00794800 0.02789900
v 0.01103100 -0.00795300 0.02791600
v 0.01103100 -0.00586700 0.02842800
v 0.01101000 -0.00797300 0.02798900
v 0.01100000 -0.00800000 0.02808300
v 0.01100000 -0.00590200 0.02859700
v 0.01114600 -0.00790300 0.02774300
v 0.01132700 -0.00580700 0.02813800
v 0.01132700 -0.00291900 0.02858200
v 0.01132700 0.00000000 0.02873100
v 0.01132700 0.00291900 0.02858200
v 0.01132700 0.00580700 0.02813800
v 0.01100000 0.00590200 0.02859700
v 0.01103100 0.00586700 0.02842800
v 0.01103100 0.00294900 0.02887700
v 0.01100000 0.00296600 0.02904900
v 0.01103100 0.00000000 0.02902700
v 0.01100000 0.00000000 0.02920000
v 0.01103100 -0.00294900 0.02887700
v 0.01100000 -0.00296600 0.02904900
v 0.01114600 -0.00583000 0.02825100
v 0.01114600 -0.00293000 0.02869700
v 0.01114600 0.00000000 0.02884600
v 0.01114600 0.00293000 0.02869700
v 0.01132700 -0.00787100 0.02763200
v 0.00828600 -0.01029900 0.02854200
v 0.00850700 -0.01013000 0.02866400
v 0.00813400 -0.01050000 0.02850000
v 0.00806200 -0.01065400 0.02850000
v 0.00873000 -0.01003700 0.02881100
v 0.00884800 -0.01001200 0.02889300
v 0.00899500 -0.01000000 0.02899600
v 0.00900000 -0.01000000 0.02900000
v 0.01114900 -0.00873800 0.02737200
v 0.01100500 -0.00871300 0.02747800
v 0.01055900 -0.00941900 0.02722500
v 0.01047700 -0.00938900 0.02736600
v 0.01090200 -0.00871900 0.02762600
v 0.00985700 -0.00991000 0.02703500
v 0.01066600 -0.00948600 0.02711700
v 0.00991400 -0.01000300 0.02692600
v 0.01084800 -0.00876300 0.02779300
v 0.01086900 -0.00873300 0.02771000
v 0.00977100 -0.00984500 0.02732100
v 0.00981100 -0.00985400 0.02717200
v 0.01041400 -0.00941400 0.02751800
v 0.01044900 -0.00938900 0.02744400
v 0.00300000 -0.01003100 0.02882700
v 0.00300000 -0.01014600 0.02864600
v 0.00300000 -0.01032700 0.02853100
v 0.00300000 -0.01050000 0.02850000
v 0.00300000 -0.01000000 0.02900000
v 0.00130900 -0.01200000 0.02853800
v 0.00114600 -0.01200000 0.02864600
v 0.00121200 -0.01151100 0.02864600
v 0.00150000 -0.01200000 0.02850000
v 0.00132700 -0.01200000 0.02853100
v 0.00138600 -0.01155900 0.02853100
v 0.00155300 -0.01160400 0.02850000
v 0.00163100 -0.01103800 0.02853100
v 0.00177300 -0.01113700 0.02850000
v 0.00203800 -0.01063100 0.02853100
v 0.00213700 -0.01077300 0.02850000
v 0.00255900 -0.01038600 0.02853100
v 0.00260400 -0.01055300 0.02850000
v 0.00247200 -0.01007100 0.02900000
v 0.00248000 -0.01010100 0.02882700
v 0.00200000 -0.01026800 0.02900000
v 0.00186800 -0.01038900 0.02882700
v 0.00185000 -0.01036400 0.02900000
v 0.00138900 -0.01086800 0.02882700
v 0.00136400 -0.01085000 0.02900000
v 0.00110100 -0.01148000 0.02882700
v 0.00107100 -0.01147200 0.02900000
v 0.00126800 -0.01100000 0.02900000
v 0.00100000 -0.01200000 0.02900000
v 0.00103100 -0.01200000 0.02882700
v 0.00103800 -0.01200000 0.02880900
v 0.00148400 -0.01093400 0.02864600
v 0.00193400 -0.01048400 0.02864600
v 0.00251100 -0.01021200 0.02864600
v 0.00150000 -0.02000000 0.02850000
v 0.00132700 -0.02000000 0.02853100
v 0.00103800 -0.02000000 0.02880900
v 0.00114600 -0.02000000 0.02864600
v 0.00130900 -0.02000000 0.02853800
v 0.00100000 -0.02000000 0.02900000
v 0.00103100 -0.02000000 0.02882700
v 0.00500000 -0.02375000 0.02856700
v 0.00500000 -0.02385400 0.02864600
v 0.00419900 -0.02376900 0.02864600
v 0.00123100 -0.02080100 0.02864600
v 0.00140700 -0.02076400 0.02853100
v 0.00500000 -0.02350000 0.02850000
v 0.00500000 -0.02367300 0.02853100
v 0.00423600 -0.02359300 0.02853100
v 0.00427200 -0.02342400 0.02850000
v 0.00324700 -0.02322800 0.02853100
v 0.00333000 -0.02307600 0.02850000
v 0.00240300 -0.02259700 0.02853100
v 0.00252500 -0.02247500 0.02850000
v 0.00177200 -0.02175300 0.02853100
v 0.00192400 -0.02167000 0.02850000
v 0.00157600 -0.02072800 0.02850000
v 0.00108700 -0.02083200 0.02900000
v 0.00111800 -0.02082500 0.02882700
v 0.00130400 -0.02153100 0.02900000
v 0.00151200 -0.02189400 0.02882700
v 0.00148500 -0.02190900 0.02900000
v 0.00219300 -0.02280700 0.02882700
v 0.00217200 -0.02282800 0.02900000
v 0.00310600 -0.02348800 0.02882700
v 0.00309100 -0.02351500 0.02900000
v 0.00417500 -0.02388200 0.02882700
v 0.00416800 -0.02391300 0.02900000
v 0.00346900 -0.02369600 0.02900000
v 0.00500000 -0.02400000 0.02900000
v 0.00500000 -0.02396900 0.02882700
v 0.00500000 -0.02393300 0.02875000
v 0.00161300 -0.02183900 0.02864600
v 0.00227500 -0.02272500 0.02864600
v 0.00316100 -0.02338700 0.02864600
v 0.00828600 -0.02370100 0.02854200
v 0.00813400 -0.02350000 0.02850000
v 0.00806200 -0.02334600 0.02850000
v 0.00834200 -0.02375300 0.02856900
v 0.00850700 -0.02387000 0.02866400
v 0.00900000 -0.02400000 0.02900000
v 0.00899500 -0.02400000 0.02899600
v 0.00884800 -0.02398800 0.02889300
v 0.00864400 -0.02393500 0.02875300
v 0.01177000 -0.02425700 0.03125000
v 0.01099000 -0.02406500 0.03125000
v 0.01018900 -0.02400000 0.03125000
v 0.02214900 -0.02771600 0.02260300
v 0.01698100 -0.02599400 0.02343300
v 0.01697200 -0.02595200 0.02324700
v 0.01702400 -0.02569700 0.02298000
v 0.02216100 -0.02741700 0.02215800
v 0.02212800 -0.02767200 0.02242200
v 0.02213200 -0.02756700 0.02226600
v 0.01698700 -0.02584800 0.02308900
v 0.02523000 -0.02874300 0.03125000
v 0.02601000 -0.02893500 0.03125000
v 0.02681100 -0.02900000 0.03125000
v 0.02700800 -0.02867400 0.02103000
v 0.02703800 -0.02885500 0.02114300
v 0.02708500 -0.02897000 0.02131900
v 0.02712900 -0.02900000 0.02148300
v 0.04600000 -0.02867300 0.01853100
v 0.04273500 -0.02867300 0.01860400
v 0.03852100 -0.02867300 0.01891300
v 0.03433100 -0.02867300 0.01946400
v 0.03018000 -0.02867300 0.02025500
v 0.03028100 -0.02900000 0.02071400
v 0.03024400 -0.02896900 0.02054500
v 0.03437800 -0.02896900 0.01975600
v 0.03440600 -0.02900000 0.01992700
v 0.03855100 -0.02896900 0.01920700
v 0.03856900 -0.02900000 0.01937900
v 0.04274800 -0.02896900 0.01889900
v 0.04275600 -0.02900000 0.01907200
v 0.04600000 -0.02896900 0.01882700
v 0.04600000 -0.02900000 0.01900000
v 0.04600000 -0.02885400 0.01864600
v 0.04274000 -0.02885400 0.01871900
v 0.03853300 -0.02885400 0.01902800
v 0.03435000 -0.02885400 0.01957800
v 0.03020500 -0.02885400 0.02036800
v 0.04675200 -0.02867300 0.01857800
v 0.04673800 -0.02885400 0.01869300
v 0.04671500 -0.02896900 0.01887200
v 0.04741800 -0.02896900 0.01900700
v 0.04737500 -0.02900000 0.01917500
v 0.04669300 -0.02900000 0.01904400
v 0.04749200 -0.02867300 0.01872000
v 0.04746300 -0.02885400 0.01883200
v 0.04893300 -0.02875000 0.02062700
v 0.04885400 -0.02885400 0.02062700
v 0.04877300 -0.02885400 0.02008500
v 0.04875000 -0.02893300 0.02062700
v 0.04867300 -0.02896900 0.02062700
v 0.04860000 -0.02896900 0.02013800
v 0.04881000 -0.02850000 0.01977600
v 0.04891300 -0.02850000 0.02004300
v 0.04888300 -0.02867300 0.02005200
v 0.04900000 -0.02850000 0.02062700
v 0.04896900 -0.02867300 0.02062700
v 0.04858100 -0.02850000 0.01940200
v 0.04855700 -0.02867300 0.01942100
v 0.04827600 -0.02850000 0.01908700
v 0.04802800 -0.02867300 0.01894800
v 0.04804400 -0.02850000 0.01892100
v 0.04778300 -0.02900000 0.01934800
v 0.04787300 -0.02896900 0.01920000
v 0.04832300 -0.02896900 0.01960200
v 0.04818600 -0.02900000 0.01970800
v 0.04843500 -0.02900000 0.02018900
v 0.04850000 -0.02900000 0.02062700
v 0.04796800 -0.02885400 0.01904600
v 0.04846500 -0.02885400 0.01949200
v 0.04600000 -0.02900000 0.02287500
v 0.04518700 -0.02900000 0.02309300
v 0.04459300 -0.02900000 0.02368800
v 0.04437500 -0.02900000 0.02450000
v 0.04459300 -0.02900000 0.02531300
v 0.04518700 -0.02900000 0.02590700
v 0.04600000 -0.02900000 0.02612500
v 0.04681300 -0.02900000 0.02590700
v 0.04740700 -0.02900000 0.02531300
v 0.04762500 -0.02900000 0.02450000
v 0.04740700 -0.02900000 0.02368800
v 0.04681300 -0.02900000 0.02309300
v 0.04899800 -0.01991800 0.03107000
v 0.04900000 -0.02000000 0.03112900
v 0.04859800 -0.02401000 0.02851000
v 0.04869100 -0.02403800 0.02853800
v 0.04885400 -0.02414600 0.02864600
v 0.04896200 -0.02430900 0.02880900
v 0.04900000 -0.02450000 0.02900000
v 0.04900000 -0.02850000 0.03125000
v 0.04893300 -0.02875000 0.03125000
v 0.04875000 -0.02893300 0.03125000
v 0.04850000 -0.02900000 0.03125000
v 0.04897400 -0.01991000 0.03120400
v 0.04896800 -0.01996600 0.03126300
v 0.04888900 -0.01999900 0.03139800
v 0.04892200 -0.02000300 0.03136600
v 0.04896000 -0.02001400 0.03131000
v 0.04896800 -0.02001800 0.03129300
v 0.04900000 -0.02006100 0.03116500
v 0.04900000 -0.02003000 0.03114800
v 0.01836200 0.01897800 0.02850000
v 0.01970400 0.01846900 0.02850000
v 0.02065600 0.01739400 0.02850000
v 0.02100000 0.01600000 0.02850000
v 0.01693600 0.01880500 0.02850000
v 0.01575400 0.01798900 0.02850000
v 0.01508700 0.01671800 0.02850000
v 0.01508700 0.01528200 0.02850000
v 0.01575400 0.01401100 0.02850000
v 0.01693600 0.01319500 0.02850000
v 0.01836200 0.01302200 0.02850000
v 0.01970400 0.01353100 0.02850000
v 0.02065600 0.01460600 0.02850000
v 0.01508700 -0.01671800 0.02850000
v 0.01508700 -0.01528200 0.02850000
v 0.01575400 -0.01798900 0.02850000
v 0.01693600 -0.01880500 0.02850000
v 0.01836200 -0.01897800 0.02850000
v 0.01970400 -0.01846900 0.02850000
v 0.02065600 -0.01739400 0.02850000
v 0.02100000 -0.01600000 0.02850000
v 0.02065600 -0.01460600 0.02850000
v 0.01970400 -0.01353100 0.02850000
v 0.01836200 -0.01302200 0.02850000
v 0.01693600 -0.01319500 0.02850000
v 0.01575400 -0.01401100 0.02850000
v 0.03108700 0.02328200 0.02850000
v 0.03108700 0.02471800 0.02850000
v 0.03175400 0.02201100 0.02850000
v 0.03293600 0.02119500 0.02850000
v 0.03570400 0.02153100 0.02850000
v 0.03436200 0.02102200 0.02850000
v 0.03665600 0.02260600 0.02850000
v 0.03700000 0.02400000 0.02850000
v 0.03665600 0.02539400 0.02850000
v 0.03570400 0.02646900 0.02850000
v 0.03436200 0.02697800 0.02850000
v 0.03293600 0.02680500 0.02850000
v 0.03175400 0.02598900 0.02850000
v 0.03700000 -0.02400000 0.02850000
v 0.03665600 -0.02260600 0.02850000
v 0.03570400 -0.02153100 0.02850000
v 0.03293600 -0.02119500 0.02850000
v 0.03436200 -0.02102200 0.02850000
v 0.03175400 -0.02201100 0.02850000
v 0.03108700 -0.02328200 0.02850000
v 0.03108700 -0.02471800 0.02850000
v 0.03175400 -0.02598900 0.02850000
v 0.03293600 -0.02680500 0.02850000
v 0.03436200 -0.02697800 0.02850000
v 0.03570400 -0.02646900 0.02850000
v 0.03665600 -0.02539400 0.02850000
v 0.00500000 -0.02212500 0.02850000
v 0.00581300 -0.02196300 0.02850000
v 0.00650300 -0.01849700 0.02850000
v 0.00581300 -0.01803700 0.02850000
v 0.00287500 -0.02000000 0.02850000
v 0.00303700 -0.02081300 0.02850000
v 0.00650300 -0.02150300 0.02850000
v 0.00500000 -0.01787500 0.02850000
v 0.00418700 -0.02196300 0.02850000
v 0.00349700 -0.02150300 0.02850000
v 0.00696300 -0.02081300 0.02850000
v 0.00712500 -0.02000000 0.02850000
v 0.00696300 -0.01918700 0.02850000
v 0.00418700 -0.01803700 0.02850000
v 0.00349700 -0.01849700 0.02850000
v 0.00303700 -0.01918700 0.02850000
v 0.00650300 0.01849700 0.02850000
v 0.00696300 0.01918700 0.02850000
v 0.00500000 0.01787500 0.02850000
v 0.00581300 0.01803700 0.02850000
v 0.00581300 0.02196300 0.02850000
v 0.00650300 0.02150300 0.02850000
v 0.00696300 0.02081300 0.02850000
v 0.00418700 0.02196300 0.02850000
v 0.00500000 0.02212500 0.02850000
v 0.00712500 0.02000000 0.02850000
v 0.00418700 0.01803700 0.02850000
v 0.00349700 0.01849700 0.02850000
v 0.00303700 0.01918700 0.02850000
v 0.00287500 0.02000000 0.02850000
v 0.00303700 0.02081300 0.02850000
v 0.00349700 0.02150300 0.02850000
v 0.04853500 -0.02000800 0.03148100
v 0.04874300 -0.02000000 0.03146300
v 0.04868900 -0.01995600 0.03144600
v 0.04853500 -0.01992700 0.03142700
v 0.04858800 -0.01992500 0.03142500
v 0.04864500 -0.01990900 0.03140900
v 0.03800000 -0.01992700 0.03142700
v 0.03718400 -0.01984100 0.03142700
v 0.03649700 -0.01962800 0.03142700
v 0.03612600 -0.01945100 0.03142700
v 0.03522300 -0.01877700 0.03142700
v 0.03454900 -0.01787400 0.03142700
v 0.03437200 -0.01750300 0.03142700
v 0.03415900 -0.01681600 0.03142700
v 0.03407300 -0.01600000 0.03142700
v 0.03407300 0.01600000 0.03142700
v 0.03415900 0.01681600 0.03142700
v 0.03437200 0.01750300 0.03142700
v 0.03454900 0.01787400 0.03142700
v 0.03522300 0.01877700 0.03142700
v 0.03612600 0.01945100 0.03142700
v 0.03649700 0.01962800 0.03142700
v 0.03718400 0.01984100 0.03142700
v 0.03800000 0.01992700 0.03142700
v 0.04853500 0.01992700 0.03142700
v 0.04869200 0.01987400 0.03137400
v 0.04863200 0.01991500 0.03141500
v 0.04853500 0.02000800 0.03148100
v 0.04853500 0.01996500 0.03145800
v 0.04874100 0.02000000 0.03146300
v 0.04868900 0.01995600 0.03144600
v 0.04896700 0.02007100 0.03132000
v 0.04896700 0.02031700 0.03137500
v 0.04892700 0.02031700 0.03142700
v 0.04891500 0.02011300 0.03141400
v 0.04889900 0.02004700 0.03141000
v 0.04897400 0.02014100 0.03133000
v 0.04900000 0.02031700 0.03125000
v 0.04900000 0.02018400 0.03122100
v 0.00500000 0.02400000 0.03125000
v 0.00416800 0.02391300 0.03125000
v 0.00346900 0.02369600 0.03125000
v 0.00309100 0.02351500 0.03125000
v 0.00217200 0.02282800 0.03125000
v 0.00148500 0.02190900 0.03125000
v 0.00130400 0.02153100 0.03125000
v 0.00108700 0.02083200 0.03125000
v 0.00100000 0.02000000 0.03125000
v 0.00100000 0.01200000 0.03125000
v 0.00107100 0.01147200 0.03125000
v 0.00126800 0.01100000 0.03125000
v 0.00136400 0.01085000 0.03125000
v 0.00185000 0.01036400 0.03125000
v 0.00200000 0.01026800 0.03125000
v 0.00247200 0.01007100 0.03125000
v 0.00300000 0.01000000 0.03125000
v 0.00900000 0.01000000 0.03125000
v 0.01100000 0.00800000 0.03125000
v 0.01092900 0.00852800 0.03125000
v 0.01063600 0.00915000 0.03125000
v 0.00952800 0.00992900 0.03125000
v 0.01015000 0.00963600 0.03125000
v 0.01041400 0.00941400 0.03125000
v 0.01100000 -0.00800000 0.03125000
v 0.00900000 -0.01000000 0.03125000
v 0.00952800 -0.00992900 0.03125000
v 0.01015000 -0.00963600 0.03125000
v 0.01041400 -0.00941400 0.03125000
v 0.01063600 -0.00915000 0.03125000
v 0.01092900 -0.00852800 0.03125000
v 0.00300000 -0.01000000 0.03125000
v 0.00100000 -0.01200000 0.03125000
v 0.00107100 -0.01147200 0.03125000
v 0.00126800 -0.01100000 0.03125000
v 0.00136400 -0.01085000 0.03125000
v 0.00185000 -0.01036400 0.03125000
v 0.00200000 -0.01026800 0.03125000
v 0.00247200 -0.01007100 0.03125000
v 0.00100000 -0.02000000 0.03125000
v 0.00500000 -0.02400000 0.03125000
v 0.00416800 -0.02391300 0.03125000
v 0.00346900 -0.02369600 0.03125000
v 0.00309100 -0.02351500 0.03125000
v 0.00217200 -0.02282800 0.03125000
v 0.00148500 -0.02190900 0.03125000
v 0.00130400 -0.02153100 0.03125000
v 0.00108700 -0.02083200 0.03125000
v 0.04900000 -0.02031700 0.03125000
v 0.04900000 -0.02018400 0.03122200
v 0.04891500 -0.02011300 0.03141400
v 0.04892700 -0.02031700 0.03142700
v 0.04895800 -0.02031700 0.03138900
v 0.04898500 -0.02031700 0.03133700
v 0.01637500 0.01600000 0.02850000
v 0.01659300 0.01681200 0.02850000
v 0.01718800 0.01740700 0.02850000
v 0.01800000 0.01762500 0.02850000
v 0.01881200 0.01740700 0.02850000
v 0.01940700 0.01681200 0.02850000
v 0.01962500 0.01600000 0.02850000
v 0.01940700 0.01518800 0.02850000
v 0.01881200 0.01459300 0.02850000
v 0.01800000 0.01437500 0.02850000
v 0.01718800 0.01459300 0.02850000
v 0.01659300 0.01518800 0.02850000
v 0.01637500 -0.01600000 0.02850000
v 0.01659300 -0.01518800 0.02850000
v 0.01718800 -0.01459300 0.02850000
v 0.01800000 -0.01437500 0.02850000
v 0.01881200 -0.01459300 0.02850000
v 0.01940700 -0.01518800 0.02850000
v 0.01962500 -0.01600000 0.02850000
v 0.01940700 -0.01681200 0.02850000
v 0.01881200 -0.01740700 0.02850000
v 0.01800000 -0.01762500 0.02850000
v 0.01718800 -0.01740700 0.02850000
v 0.01659300 -0.01681200 0.02850000
v 0.03237500 0.02400000 0.02850000
v 0.03259300 0.02481300 0.02850000
v 0.03318800 0.02540700 0.02850000
v 0.03400000 0.02562500 0.02850000
v 0.03481200 0.02540700 0.02850000
v 0.03540700 0.02481300 0.02850000
v 0.03562500 0.02400000 0.02850000
v 0.03540700 0.02318700 0.02850000
v 0.03481200 0.02259300 0.02850000
v 0.03400000 0.02237500 0.02850000
v 0.03318800 0.02259300 0.02850000
v 0.03259300 0.02318700 0.02850000
v 0.03237500 -0.02400000 0.02850000
v 0.03259300 -0.02318700 0.02850000
v 0.03318800 -0.02259300 0.02850000
v 0.03400000 -0.02237500 0.02850000
v 0.03481200 -0.02259300 0.02850000
v 0.03540700 -0.02318700 0.02850000
v 0.03562500 -0.02400000 0.02850000
v 0.03540700 -0.02481300 0.02850000
v 0.03481200 -0.02540700 0.02850000
v 0.03400000 -0.02562500 0.02850000
v 0.03318800 -0.02540700 0.02850000
v 0.03259300 -0.02481300 0.02850000
v 0.00695200 -0.02000000 0.02853100
v 0.00680300 -0.02074700 0.02853100
v 0.00638000 -0.02138000 0.02853100
v 0.00574700 -0.02180300 0.02853100
v 0.00500000 -0.02195200 0.02853100
v 0.00425300 -0.02180300 0.02853100
v 0.00362000 -0.02138000 0.02853100
v 0.00319700 -0.02074700 0.02853100
v 0.00304800 -0.02000000 0.02853100
v 0.00319700 -0.01925300 0.02853100
v 0.00362000 -0.01862000 0.02853100
v 0.00425300 -0.01819700 0.02853100
v 0.00500000 -0.01804800 0.02853100
v 0.00574700 -0.01819700 0.02853100
v 0.00638000 -0.01862000 0.02853100
v 0.00680300 -0.01925300 0.02853100
v 0.00640700 -0.02081300 0.02900000
v 0.00653000 -0.02063400 0.02882700
v 0.00614900 -0.02114900 0.02900000
v 0.00617100 -0.02117100 0.02882700
v 0.00581300 -0.02140700 0.02900000
v 0.00563400 -0.02153000 0.02882700
v 0.00562200 -0.02150100 0.02900000
v 0.00500000 -0.02165600 0.02882700
v 0.00500000 -0.02162500 0.02900000
v 0.00436600 -0.02153000 0.02882700
v 0.00437800 -0.02150100 0.02900000
v 0.00359300 -0.01918800 0.02900000
v 0.00349900 -0.01937800 0.02900000
v 0.00347000 -0.01936600 0.02882700
v 0.00337500 -0.02000000 0.02900000
v 0.00334400 -0.02000000 0.02882700
v 0.00349900 -0.02062200 0.02900000
v 0.00347000 -0.02063400 0.02882700
v 0.00359300 -0.02081300 0.02900000
v 0.00382900 -0.02117100 0.02882700
v 0.00385100 -0.02114900 0.02900000
v 0.00418700 -0.02140700 0.02900000
v 0.00385100 -0.01885100 0.02900000
v 0.00382900 -0.01882900 0.02882700
v 0.00418700 -0.01859300 0.02900000
v 0.00436600 -0.01847000 0.02882700
v 0.00437800 -0.01849900 0.02900000
v 0.00500000 -0.01834400 0.02882700
v 0.00500000 -0.01837500 0.02900000
v 0.00563400 -0.01847000 0.02882700
v 0.00562200 -0.01849900 0.02900000
v 0.00650100 -0.02062200 0.02900000
v 0.00662500 -0.02000000 0.02900000
v 0.00665600 -0.02000000 0.02882700
v 0.00650100 -0.01937800 0.02900000
v 0.00653000 -0.01936600 0.02882700
v 0.00640700 -0.01918800 0.02900000
v 0.00617100 -0.01882900 0.02882700
v 0.00614900 -0.01885100 0.02900000
v 0.00581300 -0.01859300 0.02900000
v 0.00322900 -0.02000000 0.02864600
v 0.00336300 -0.01932200 0.02864600
v 0.00374700 -0.01874700 0.02864600
v 0.00432200 -0.01836300 0.02864600
v 0.00500000 -0.01822900 0.02864600
v 0.00567800 -0.01836300 0.02864600
v 0.00625300 -0.01874700 0.02864600
v 0.00663700 -0.01932200 0.02864600
v 0.00677100 -0.02000000 0.02864600
v 0.00663700 -0.02067800 0.02864600
v 0.00625300 -0.02125300 0.02864600
v 0.00567800 -0.02163700 0.02864600
v 0.00500000 -0.02177100 0.02864600
v 0.00432200 -0.02163700 0.02864600
v 0.00374700 -0.02125300 0.02864600
v 0.00336300 -0.02067800 0.02864600
v 0.00695200 0.02000000 0.02853100
v 0.00680300 0.01925300 0.02853100
v 0.00638000 0.01862000 0.02853100
v 0.00574700 0.01819700 0.02853100
v 0.00500000 0.01804800 0.02853100
v 0.00425300 0.01819700 0.02853100
v 0.00362000 0.01862000 0.02853100
v 0.00319700 0.01925300 0.02853100
v 0.00304800 0.02000000 0.02853100
v 0.00319700 0.02074700 0.02853100
v 0.00362000 0.02138000 0.02853100
v 0.00425300 0.02180300 0.02853100
v 0.00500000 0.02195200 0.02853100
v 0.00574700 0.02180300 0.02853100
v 0.00638000 0.02138000 0.02853100
v 0.00680300 0.02074700 0.02853100
v 0.00640700 0.01918800 0.02900000
v 0.00653000 0.01936600 0.02882700
v 0.00614900 0.01885100 0.02900000
v 0.00617100 0.01882900 0.02882700
v 0.00581300 0.01859300 0.02900000
v 0.00563400 0.01847000 0.02882700
v 0.00562200 0.01849900 0.02900000
v 0.00500000 0.01834400 0.02882700
v 0.00500000 0.01837500 0.02900000
v 0.00436600 0.01847000 0.02882700
v 0.00437800 0.01849900 0.02900000
v 0.00359300 0.02081300 0.02900000
v 0.00349900 0.02062200 0.02900000
v 0.00347000 0.02063400 0.02882700
v 0.00337500 0.02000000 0.02900000
v 0.00334400 0.02000000 0.02882700
v 0.00349900 0.01937800 0.02900000
v 0.00347000 0.01936600 0.02882700
v 0.00359300 0.01918800 0.02900000
v 0.00382900 0.01882900 0.02882700
v 0.00385100 0.01885100 0.02900000
v 0.00418700 0.01859300 0.02900000
v 0.00385100 0.02114900 0.02900000
v 0.00382900 0.02117100 0.02882700
v 0.00418700 0.02140700 0.02900000
v 0.00436600 0.02153000 0.02882700
v 0.00437800 0.02150100 0.02900000
v 0.00500000 0.02165600 0.02882700
v 0.00500000 0.02162500 0.02900000
v 0.00563400 0.02153000 0.02882700
v 0.00562200 0.02150100 0.02900000
v 0.00650100 0.01937800 0.02900000
v 0.00662500 0.02000000 0.02900000
v 0.00665600 0.02000000 0.02882700
v 0.00650100 0.02062200 0.02900000
v 0.00653000 0.02063400 0.02882700
v 0.00640700 0.02081300 0.02900000
v 0.00617100 0.02117100 0.02882700
v 0.00614900 0.02114900 0.02900000
v 0.00581300 0.02140700 0.02900000
v 0.00322900 0.02000000 0.02864600
v 0.00336300 0.02067800 0.02864600
v 0.00374700 0.02125300 0.02864600
v 0.00432200 0.02163700 0.02864600
v 0.00500000 0.02177100 0.02864600
v 0.00567800 0.02163700 0.02864600
v 0.00625300 0.02125300 0.02864600
v 0.00663700 0.02067800 0.02864600
v 0.00677100 0.02000000 0.02864600
v 0.00663700 0.01932200 0.02864600
v 0.00625300 0.01874700 0.02864600
v 0.00567800 0.01836300 0.02864600
v 0.00500000 0.01822900 0.02864600
v 0.00432200 0.01836300 0.02864600
v 0.00374700 0.01874700 0.02864600
v 0.00336300 0.01932200 0.02864600
v 0.04868000 -0.02005500 0.03149000
v 0.04853500 -0.02005500 0.03149500
v 0.04861600 -0.02011300 0.03150000
v 0.04853500 -0.02010400 0.03150000
v 0.04880600 -0.02007700 0.03147100
v 0.04869300 -0.02015900 0.03150000
v 0.03800000 -0.02000800 0.03148100
v 0.03800000 -0.02010400 0.03150000
v 0.03716700 -0.01992000 0.03148100
v 0.03714700 -0.02001400 0.03150000
v 0.03608800 -0.01952200 0.03148100
v 0.03604200 -0.01960600 0.03150000
v 0.03516600 -0.01883400 0.03148100
v 0.03509800 -0.01890200 0.03150000
v 0.03447800 -0.01791200 0.03148100
v 0.03439400 -0.01795800 0.03150000
v 0.03408000 -0.01683300 0.03148100
v 0.03398600 -0.01685300 0.03150000
v 0.03399200 -0.01600000 0.03148100
v 0.03389600 -0.01600000 0.03150000
v 0.03399200 0.01600000 0.03148100
v 0.03389600 0.01600000 0.03150000
v 0.03408000 0.01683300 0.03148100
v 0.03398600 0.01685300 0.03150000
v 0.03447800 0.01791200 0.03148100
v 0.03439400 0.01795800 0.03150000
v 0.03516600 0.01883400 0.03148100
v 0.03509800 0.01890200 0.03150000
v 0.03608800 0.01952200 0.03148100
v 0.03604200 0.01960600 0.03150000
v 0.03716700 0.01992000 0.03148100
v 0.03714700 0.02001400 0.03150000
v 0.03800000 0.02000800 0.03148100
v 0.03800000 0.02010400 0.03150000
v 0.04853500 0.02010400 0.03150000
v 0.04880600 0.02007700 0.03147100
v 0.04869300 0.02016000 0.03150000
v 0.04861600 0.02011300 0.03150000
v 0.04867900 0.02005500 0.03149000
v 0.04887500 0.02031700 0.03146700
v 0.04884600 0.02031700 0.03148100
v 0.04884300 0.02017900 0.03147500
v 0.04875000 0.02031700 0.03150000
v 0.04874000 0.02023600 0.03150000
v 0.04875000 0.02850000 0.03150000
v 0.04884600 0.02850000 0.03148100
v 0.04887500 0.02850000 0.03146700
v 0.04892700 0.02850000 0.03142700
v 0.04896700 0.02850000 0.03137500
v 0.04898100 0.02850000 0.03134600
v 0.04894400 0.02868400 0.03134600
v 0.04868400 0.02894400 0.03134600
v 0.04884000 0.02884000 0.03134600
v 0.04889400 0.02866300 0.03142700
v 0.04880200 0.02880200 0.03142700
v 0.04866300 0.02889400 0.03142700
v 0.04881900 0.02863200 0.03148100
v 0.04850000 0.02898100 0.03134600
v 0.04850000 0.02896700 0.03137500
v 0.04850000 0.02892700 0.03142700
v 0.04850000 0.02887500 0.03146700
v 0.04874400 0.02874400 0.03148100
v 0.04863200 0.02881900 0.03148100
v 0.04850000 0.02884600 0.03148100
v 0.04873100 0.02859600 0.03150000
v 0.04867700 0.02867700 0.03150000
v 0.04859600 0.02873100 0.03150000
v 0.04850000 0.02875000 0.03150000
v 0.02681100 0.02875000 0.03150000
v 0.02681100 0.02883700 0.03148500
v 0.02681100 0.02887500 0.03146700
v 0.02681100 0.02892700 0.03142700
v 0.02681100 0.02896700 0.03137500
v 0.02681100 0.02898500 0.03133700
v 0.02603700 0.02877400 0.03148500
v 0.02605100 0.02868900 0.03150000
v 0.02530900 0.02850600 0.03150000
v 0.02528200 0.02858800 0.03148500
v 0.02527900 0.02859700 0.03148100
v 0.02602200 0.02886300 0.03142700
v 0.02525300 0.02867400 0.03142700
v 0.02523600 0.02872500 0.03134600
v 0.02601300 0.02892000 0.03133700
v 0.02523500 0.02872900 0.03133700
v 0.01184900 0.02401900 0.03150000
v 0.01182100 0.02410200 0.03148500
v 0.01181900 0.02411000 0.03148100
v 0.01179300 0.02418700 0.03142700
v 0.01177500 0.02424200 0.03133700
v 0.01177600 0.02423900 0.03134600
v 0.01018900 0.02396700 0.03137500
v 0.01018900 0.02392700 0.03142700
v 0.01100100 0.02399200 0.03142700
v 0.01101600 0.02390300 0.03148500
v 0.01103000 0.02381800 0.03150000
v 0.01018900 0.02383700 0.03148500
v 0.01018900 0.02375000 0.03150000
v 0.01018900 0.02387500 0.03146700
v 0.01018900 0.02398500 0.03133700
v 0.01099200 0.02404900 0.03133700
v 0.00500000 0.02375000 0.03150000
v 0.00500000 0.02383700 0.03148500
v 0.00500000 0.02387500 0.03146700
v 0.00500000 0.02392700 0.03142700
v 0.00500000 0.02396700 0.03137500
v 0.00500000 0.02398500 0.03133700
v 0.00418400 0.02384100 0.03142700
v 0.00417200 0.02389700 0.03133700
v 0.00103300 0.02000000 0.03137500
v 0.00107300 0.02000000 0.03142700
v 0.00115900 0.02081600 0.03142700
v 0.00112500 0.02000000 0.03146700
v 0.00116300 0.02000000 0.03148500
v 0.00124700 0.02079800 0.03148500
v 0.00420200 0.02375300 0.03148500
v 0.00422000 0.02366800 0.03150000
v 0.00316900 0.02337200 0.03148500
v 0.00321100 0.02329600 0.03150000
v 0.00228700 0.02271300 0.03148500
v 0.00234800 0.02265200 0.03150000
v 0.00162800 0.02183100 0.03148500
v 0.00170400 0.02178900 0.03150000
v 0.00133200 0.02078000 0.03150000
v 0.00125000 0.02000000 0.03150000
v 0.00101500 0.02000000 0.03133700
v 0.00110300 0.02082800 0.03133700
v 0.00149800 0.02190100 0.03133700
v 0.00218200 0.02281700 0.03133700
v 0.00309900 0.02350200 0.03133700
v 0.00154900 0.02187400 0.03142700
v 0.00222300 0.02277700 0.03142700
v 0.00312600 0.02345100 0.03142700
v 0.00101500 0.01200000 0.03133700
v 0.00103300 0.01200000 0.03137500
v 0.00107300 0.01200000 0.03142700
v 0.00112500 0.01200000 0.03146700
v 0.00116300 0.01200000 0.03148500
v 0.00125000 0.01200000 0.03150000
v 0.00114200 0.01149200 0.03142700
v 0.00300000 0.01003300 0.03137500
v 0.00300000 0.01007300 0.03142700
v 0.00249200 0.01014200 0.03142700
v 0.00300000 0.01012500 0.03146700
v 0.00300000 0.01016300 0.03148500
v 0.00251500 0.01022900 0.03148500
v 0.00122900 0.01151500 0.03148500
v 0.00131200 0.01153800 0.03150000
v 0.00149700 0.01094400 0.03148500
v 0.00156800 0.01099400 0.03150000
v 0.00194400 0.01049700 0.03148500
v 0.00199400 0.01056800 0.03150000
v 0.00253800 0.01031200 0.03150000
v 0.00300000 0.01025000 0.03150000
v 0.00300000 0.01001500 0.03133700
v 0.00247600 0.01008600 0.03133700
v 0.00185900 0.01037600 0.03133700
v 0.00137600 0.01085900 0.03133700
v 0.00108600 0.01147600 0.03133700
v 0.00142400 0.01089200 0.03142700
v 0.00189200 0.01042400 0.03142700
v 0.00900000 0.01001500 0.03133700
v 0.00900000 0.01003300 0.03137500
v 0.00900000 0.01007300 0.03142700
v 0.00900000 0.01012500 0.03146700
v 0.00900000 0.01016300 0.03148500
v 0.00900000 0.01025000 0.03150000
v 0.00954700 0.01000000 0.03142700
v 0.00953200 0.00994400 0.03133700
v 0.00957100 0.01008700 0.03148500
v 0.00959400 0.01017000 0.03150000
v 0.01024400 0.00977000 0.03148500
v 0.01029400 0.00984100 0.03150000
v 0.01077000 0.00924400 0.03148500
v 0.01084100 0.00929400 0.03150000
v 0.01108700 0.00857100 0.03148500
v 0.01117000 0.00859400 0.03150000
v 0.01125000 0.00800000 0.03150000
v 0.01116300 0.00800000 0.03148500
v 0.01115400 0.00800000 0.03148100
v 0.01107300 0.00800000 0.03142700
v 0.01101500 0.00800000 0.03133700
v 0.01094400 0.00853200 0.03133700
v 0.01064900 0.00915900 0.03133700
v 0.01015900 0.00964900 0.03133700
v 0.01019200 0.00969600 0.03142700
v 0.01069600 0.00919200 0.03142700
v 0.01100000 0.00854700 0.03142700
v 0.01101900 0.00800000 0.03134600
v 0.01101500 -0.00800000 0.03133700
v 0.01115400 -0.00800000 0.03148100
v 0.01107300 -0.00800000 0.03142700
v 0.01101900 -0.00800000 0.03134600
v 0.01125000 -0.00800000 0.03150000
v 0.01116300 -0.00800000 0.03148500
v 0.01108700 -0.00857100 0.03148500
v 0.01117000 -0.00859400 0.03150000
v 0.01077000 -0.00924400 0.03148500
v 0.01084100 -0.00929400 0.03150000
v 0.01024400 -0.00977000 0.03148500
v 0.01029400 -0.00984100 0.03150000
v 0.00957100 -0.01008700 0.03148500
v 0.00959400 -0.01017000 0.03150000
v 0.00900000 -0.01025000 0.03150000
v 0.00900000 -0.01016300 0.03148500
v 0.00900000 -0.01012500 0.03146700
v 0.00900000 -0.01007300 0.03142700
v 0.00900000 -0.01001500 0.03133700
v 0.00900000 -0.01003300 0.03137500
v 0.00954700 -0.01000000 0.03142700
v 0.00953200 -0.00994400 0.03133700
v 0.01015900 -0.00964900 0.03133700
v 0.01064900 -0.00915900 0.03133700
v 0.01094400 -0.00853200 0.03133700
v 0.01100000 -0.00854700 0.03142700
v 0.01069600 -0.00919200 0.03142700
v 0.01019200 -0.00969600 0.03142700
v 0.00300000 -0.01001500 0.03133700
v 0.00300000 -0.01003300 0.03137500
v 0.00300000 -0.01007300 0.03142700
v 0.00300000 -0.01012500 0.03146700
v 0.00300000 -0.01016300 0.03148500
v 0.00300000 -0.01025000 0.03150000
v 0.00249200 -0.01014200 0.03142700
v 0.00103300 -0.01200000 0.03137500
v 0.00107300 -0.01200000 0.03142700
v 0.00114200 -0.01149200 0.03142700
v 0.00112500 -0.01200000 0.03146700
v 0.00116300 -0.01200000 0.03148500
v 0.00122900 -0.01151500 0.03148500
v 0.00251500 -0.01022900 0.03148500
v 0.00253800 -0.01031200 0.03150000
v 0.00194400 -0.01049700 0.03148500
v 0.00199400 -0.01056800 0.03150000
v 0.00149700 -0.01094400 0.03148500
v 0.00156800 -0.01099400 0.03150000
v 0.00131200 -0.01153800 0.03150000
v 0.00125000 -0.01200000 0.03150000
v 0.00101500 -0.01200000 0.03133700
v 0.00108600 -0.01147600 0.03133700
v 0.00137600 -0.01085900 0.03133700
v 0.00185900 -0.01037600 0.03133700
v 0.00247600 -0.01008600 0.03133700
v 0.00189200 -0.01042400 0.03142700
v 0.00142400 -0.01089200 0.03142700
v 0.00125000 -0.02000000 0.03150000
v 0.00116300 -0.02000000 0.03148500
v 0.00112500 -0.02000000 0.03146700
v 0.00107300 -0.02000000 0.03142700
v 0.00103300 -0.02000000 0.03137500
v 0.00101500 -0.02000000 0.03133700
v 0.00115900 -0.02081600 0.03142700
v 0.00110300 -0.02082800 0.03133700
v 0.00500000 -0.02396700 0.03137500
v 0.00500000 -0.02392700 0.03142700
v 0.00418400 -0.02384100 0.03142700
v 0.00500000 -0.02387500 0.03146700
v 0.00500000 -0.02383700 0.03148500
v 0.00420200 -0.02375300 0.03148500
v 0.00124700 -0.02079800 0.03148500
v 0.00133200 -0.02078000 0.03150000
v 0.00162800 -0.02183100 0.03148500
v 0.00170400 -0.02178900 0.03150000
v 0.00228700 -0.02271300 0.03148500
v 0.00234800 -0.02265200 0.03150000
v 0.00316900 -0.02337200 0.03148500
v 0.00321100 -0.02329600 0.03150000
v 0.00422000 -0.02366800 0.03150000
v 0.00500000 -0.02375000 0.03150000
v 0.00500000 -0.02398500 0.03133700
v 0.00417200 -0.02389700 0.03133700
v 0.00309900 -0.02350200 0.03133700
v 0.00218200 -0.02281700 0.03133700
v 0.00149800 -0.02190100 0.03133700
v 0.00312600 -0.02345100 0.03142700
v 0.00222300 -0.02277700 0.03142700
v 0.00154900 -0.02187400 0.03142700
v 0.01018900 -0.02398500 0.03133700
v 0.01018900 -0.02396700 0.03137500
v 0.01018900 -0.02392700 0.03142700
v 0.01018900 -0.02387500 0.03146700
v 0.01018900 -0.02383700 0.03148500
v 0.01018900 -0.02375000 0.03150000
v 0.01101600 -0.02390300 0.03148500
v 0.01103000 -0.02381800 0.03150000
v 0.01182100 -0.02410200 0.03148500
v 0.01184900 -0.02401900 0.03150000
v 0.01177500 -0.02424200 0.03133700
v 0.01178000 -0.02422500 0.03137500
v 0.01100100 -0.02399200 0.03142700
v 0.01179300 -0.02418700 0.03142700
v 0.01180900 -0.02413800 0.03146700
v 0.01099200 -0.02404900 0.03133700
v 0.02530900 -0.02850600 0.03150000
v 0.02528200 -0.02858800 0.03148500
v 0.02527000 -0.02862500 0.03146700
v 0.02525300 -0.02867400 0.03142700
v 0.02524100 -0.02871200 0.03137500
v 0.02523500 -0.02872900 0.03133700
v 0.02603700 -0.02877400 0.03148500
v 0.02605100 -0.02868900 0.03150000
v 0.02681100 -0.02875000 0.03150000
v 0.02681100 -0.02883700 0.03148500
v 0.02681100 -0.02887500 0.03146700
v 0.02602200 -0.02886300 0.03142700
v 0.02681100 -0.02892700 0.03142700
v 0.02681100 -0.02896700 0.03137500
v 0.02601300 -0.02892000 0.03133700
v 0.02681100 -0.02898500 0.03133700
v 0.04850000 -0.02875000 0.03150000
v 0.04850000 -0.02887500 0.03146700
v 0.04850000 -0.02896700 0.03137500
v 0.04890400 -0.02873300 0.03137500
v 0.04873300 -0.02890400 0.03137500
v 0.04868700 -0.02882500 0.03146700
v 0.04862500 -0.02871700 0.03150000
v 0.04882500 -0.02868700 0.03146700
v 0.04871700 -0.02862500 0.03150000
v 0.04896700 -0.02850000 0.03137500
v 0.04892700 -0.02850000 0.03142700
v 0.04887500 -0.02850000 0.03146700
v 0.04875000 -0.02850000 0.03150000
v 0.04875000 -0.02031700 0.03150000
v 0.04883700 -0.02031700 0.03148500
v 0.04884300 -0.02017900 0.03147500
v 0.04874000 -0.02023600 0.03150000
v 0.01637500 0.01600000 0.03150000
v 0.01659300 0.01518800 0.03150000
v 0.01718800 0.01459300 0.03150000
v 0.01800000 0.01437500 0.03150000
v 0.01881200 0.01459300 0.03150000
v 0.01940700 0.01518800 0.03150000
v 0.01962500 0.01600000 0.03150000
v 0.01940700 0.01681200 0.03150000
v 0.01881200 0.01740700 0.03150000
v 0.01800000 0.01762500 0.03150000
v 0.01718800 0.01740700 0.03150000
v 0.01659300 0.01681200 0.03150000
v 0.01637500 -0.01600000 0.03150000
v 0.01659300 -0.01681200 0.03150000
v 0.01718800 -0.01740700 0.03150000
v 0.01800000 -0.01762500 0.03150000
v 0.01881200 -0.01740700 0.03150000
v 0.01940700 -0.01681200 0.03150000
v 0.01962500 -0.01600000 0.03150000
v 0.01940700 -0.01518800 0.03150000
v 0.01881200 -0.01459300 0.03150000
v 0.01800000 -0.01437500 0.03150000
v 0.01718800 -0.01459300 0.03150000
v 0.01659300 -0.01518800 0.03150000
v 0.03237500 0.02400000 0.03150000
v 0.03259300 0.02318700 0.03150000
v 0.03318800 0.02259300 0.03150000
v 0.03400000 0.02237500 0.03150000
v 0.03481200 0.02259300 0.03150000
v 0.03540700 0.02318700 0.03150000
v 0.03562500 0.02400000 0.03150000
v 0.03540700 0.02481300 0.03150000
v 0.03481200 0.02540700 0.03150000
v 0.03400000 0.02562500 0.03150000
v 0.03318800 0.02540700 0.03150000
v 0.03259300 0.02481300 0.03150000
v 0.03237500 -0.02400000 0.03150000
v 0.03259300 -0.02481300 0.03150000
v 0.03318800 -0.02540700 0.03150000
v 0.03400000 -0.02562500 0.03150000
v 0.03481200 -0.02540700 0.03150000
v 0.03540700 -0.02481300 0.03150000
v 0.03562500 -0.02400000 0.03150000
v 0.03540700 -0.02318700 0.03150000
v 0.03481200 -0.02259300 0.03150000
v 0.03400000 -0.02237500 0.03150000
v 0.03318800 -0.02259300 0.03150000
v 0.03259300 -0.02318700 0.03150000
v 0.00640700 -0.02081300 0.03150000
v 0.00662500 -0.02000000 0.03150000
v 0.00581300 -0.02140700 0.03150000
v 0.00500000 -0.02162500 0.03150000
v 0.00418700 -0.02140700 0.03150000
v 0.00359300 -0.02081300 0.03150000
v 0.00337500 -0.02000000 0.03150000
v 0.00359300 -0.01918800 0.03150000
v 0.00418700 -0.01859300 0.03150000
v 0.00500000 -0.01837500 0.03150000
v 0.00581300 -0.01859300 0.03150000
v 0.00640700 -0.01918800 0.03150000
v 0.00640700 0.01918800 0.03150000
v 0.00662500 0.02000000 0.03150000
v 0.00581300 0.01859300 0.03150000
v 0.00500000 0.01837500 0.03150000
v 0.00418700 0.01859300 0.03150000
v 0.00359300 0.01918800 0.03150000
v 0.00337500 0.02000000 0.03150000
v 0.00359300 0.02081300 0.03150000
v 0.00418700 0.02140700 0.03150000
v 0.00500000 0.02162500 0.03150000
v 0.00581300 0.02140700 0.03150000
v 0.00640700 0.02081300 0.03150000
v 0.01150000 0.01800000 0.03150000
v 0.01150000 -0.01800000 0.03150000
v 0.02600000 -0.02718800 0.03150000
v 0.01150000 -0.02200000 0.03150000
v 0.01150000 0.00000000 0.03150000
v 0.01150000 0.02200000 0.03150000
v 0.02600000 0.02200000 0.03150000
v 0.04218800 0.02200000 0.03150000
v 0.02600000 0.01800000 0.03150000
v 0.02600000 0.00000000 0.03150000
v 0.02600000 -0.01800000 0.03150000
v 0.02600000 -0.02200000 0.03150000
v 0.04218800 -0.02200000 0.03150000
v 0.04218800 -0.02718800 0.03150000
vn 0.66914299 -0.13340028 0.73106226
vn 0.65921663 -0.25522689 0.70731370
vn 0.99167645 -0.12201700 0.04110569
vn 0.99879644 -0.00814804 0.04836602
vn 0.67201710 -0.02465900 0.74012496
vn 0.99736035 -0.03690004 0.06253578
vn 0.98724344 -0.12376961 0.10015724
vn 0.54029102 -0.75003631 0.38148543
vn 0.94402496 -0.31801499 -0.08765471
vn 0.57063528 -0.68867477 0.44732812
vn 0.96318533 -0.26595960 -0.03923675
vn 0.58827247 -0.62592876 0.51200459
vn 0.62381125 -0.53982158 0.56520102
vn 0.98046147 -0.19652465 0.00856553
vn 0.63139433 -0.45232351 0.62987669
vn 0.65541963 -0.35497268 0.66664796
vn 0.92139382 -0.36109284 -0.14368505
vn 0.48863551 -0.83515693 0.25248413
vn 0.90043593 -0.38557729 -0.20135861
vn 0.43462997 -0.89472163 0.10281047
vn 0.88708509 -0.38656863 -0.25227907
vn 0.40582975 -0.91389268 0.01011843
vn 0.87206981 -0.37875249 -0.30990449
vn 0.36688702 -0.92311629 -0.11510967
vn 0.88740782 -0.36695865 -0.27901382
vn 0.39046094 -0.91875712 -0.05852865
vn 0.53736634 -0.77091789 0.34194009
vn 0.94476738 -0.30348389 -0.12374213
vn 0.44721601 -0.85886761 0.24968835
vn 0.94454350 -0.29021502 -0.15366462
vn 0.45897376 -0.87642328 0.14568916
vn 0.91779409 -0.34000884 -0.20505607
vn 0.41422089 -0.90936426 0.03844080
vn 0.98474332 -0.17332797 -0.01542755
vn 0.64638127 -0.41565998 0.63985783
vn 0.99365285 -0.11219285 0.00817135
vn 0.66016413 -0.31837435 0.68030956
vn 0.95738185 -0.27494568 -0.08845830
vn 0.56949440 -0.69922767 0.43215368
vn 0.97060241 -0.23341257 -0.05873270
vn 0.60011115 -0.60568591 0.52250472
vn 0.59587853 -0.53328146 0.60044955
vn 0.74021735 -0.00707077 -0.67233048
vn 0.04547781 -0.01744977 -0.99881293
vn 0.74794363 -0.04095112 -0.66249780
vn 0.04974008 -0.07763219 -0.99574051
vn 0.10081449 -0.50508276 -0.85716267
vn 0.76982385 -0.20706701 -0.60373380
vn 0.02140511 -0.38789436 -0.92145526
vn 0.78410496 -0.17869867 -0.59434518
vn 0.05881758 -0.29432182 -0.95389473
vn 0.76002440 -0.12128629 -0.63847673
vn 0.04275088 -0.17690884 -0.98329834
vn 0.81574279 -0.32166004 -0.48072707
vn 0.22380523 -0.82210855 -0.52349666
vn 0.83642620 -0.34760390 -0.42374844
vn 0.25549824 -0.86577892 -0.43028771
vn 0.77957869 -0.24482261 -0.57647113
vn 0.12432835 -0.60120211 -0.78936587
vn 0.79577159 -0.27718173 -0.53844022
vn 0.15413081 -0.69638233 -0.70092463
vn 0.15160655 -0.76818578 -0.62201774
vn 0.86720176 0.37878229 -0.32324153
vn 0.35507354 0.92310235 -0.14766457
vn 0.85916172 0.36687891 -0.35670858
vn 0.33612872 0.91890953 -0.20645282
vn 0.19200617 0.77071723 -0.60755953
vn 0.80321248 0.30515196 -0.51159749
vn 0.18131005 0.85922139 -0.47839865
vn 0.82152992 0.29391689 -0.48857083
vn 0.25781350 0.87650587 -0.40653371
vn 0.83492373 0.33986896 -0.43288735
vn 0.29296125 0.90910571 -0.29614273
vn 0.76458844 0.17275639 -0.62093458
vn 0.08485328 0.41480628 -0.90594463
vn 0.75577591 0.11221327 -0.64514414
vn 0.06787991 0.31716504 -0.94593798
vn 0.79018527 0.27477715 -0.54781818
vn 0.15837713 0.69905385 -0.69730940
vn 0.78120563 0.23343451 -0.57898713
vn 0.12388149 0.60580877 -0.78590655
vn 0.07041402 0.53342817 -0.84290940
vn 0.99919529 0.00717662 0.03946216
vn 0.67665958 0.01736348 0.73609125
vn 0.99877632 0.04145499 0.02696934
vn 0.67759048 0.07877302 0.73120855
vn 0.62848595 0.50513017 0.59148028
vn 0.97783408 0.20670922 -0.03334394
vn 0.60927081 0.38789316 0.69161259
vn 0.98279477 0.17847999 -0.04753251
vn 0.65820402 0.29420754 0.69297142
vn 0.99265259 0.12099814 0.00053909
vn 0.66478295 0.17782495 0.72556317
vn 0.93391183 0.32172905 -0.15588170
vn 0.50803847 0.82205822 0.25713264
vn 0.91313585 0.34763145 -0.21292086
vn 0.47299982 0.86536562 0.16557026
vn 0.96770527 0.24488887 -0.05979922
vn 0.60278305 0.60123349 0.52456733
vn 0.95575654 0.27677136 -0.09963458
vn 0.56900229 0.69631862 0.43746632
vn 0.51607994 0.76794574 0.37936900
vn 0.05251645 0.13511221 -0.98943757
vn 0.05438802 0.25856796 -0.96446076
vn 0.73347013 0.12230357 -0.66862800
vn 0.73422141 0.00818344 -0.67886078
vn 0.04411691 0.01923724 -0.99884114
vn 0.72424731 0.03665434 -0.68856539
vn 0.69214956 0.12406960 -0.71101035
vn 0.16826351 0.75085737 -0.63867096
vn 0.77934095 0.31807444 -0.53986695
vn 0.15028256 0.68928274 -0.70873441
vn 0.76289611 0.26617565 -0.58918592
vn 0.11918949 0.62577397 -0.77084422
vn 0.11449849 0.54041652 -0.83357068
vn 0.74536800 0.19676882 -0.63695258
vn 0.07743901 0.45136677 -0.88897201
vn 0.07301719 0.35612561 -0.93158094
vn 0.79805265 0.36134874 -0.48222304
vn 0.21198654 0.83538590 -0.50714111
vn 0.81860427 0.38585248 -0.42544673
vn 0.26687108 0.89464111 -0.35832543
vn 0.84134475 0.38698912 -0.37733067
vn 0.30355655 0.91436986 -0.26792011
vn 0.40191133 0.91566751 -0.00450357
vn 0.43701362 0.89251433 0.11152247
vn 0.90436920 0.37732772 -0.19934931
vn 0.86924026 0.38702434 -0.30762563
vn 0.36405933 0.92529078 -0.10629103
vn 0.87339860 0.39935783 -0.27872604
vn 0.88168105 0.43277841 -0.18799304
vn 0.60742664 0.54242722 0.58034953
vn 0.97051571 0.24058628 -0.01474785
vn 0.59565005 0.61525046 0.51639897
vn 0.95403089 0.29274365 -0.06423564
vn 0.55985233 0.68565187 0.46523853
vn 0.55387273 0.74441720 0.37291828
vn 0.93022805 0.34344989 -0.12929792
vn 0.50109217 0.81167515 0.30015012
vn 0.48603784 0.85061234 0.20056386
vn 0.98335563 0.17984102 0.02586353
vn 0.63549573 0.40447237 0.65768326
vn 0.99166537 0.11915765 0.04900255
vn 0.65596651 0.24481936 0.71398278
vn 0.99652987 0.06705340 0.04931591
vn 0.66541704 0.14651325 0.73195221
vn 0.31185724 -0.91491404 -0.25627596
vn 0.26811322 -0.88998333 -0.36884274
vn 0.82099889 -0.37747191 -0.42834074
vn 0.86358925 -0.38704134 -0.32312941
vn 0.34870473 -0.92481441 -0.15206355
vn 0.84818406 -0.39938977 -0.34795346
vn 0.79752549 -0.43151963 -0.42159685
vn 0.10314422 -0.54578783 -0.83155091
vn 0.75292310 -0.24077653 -0.61248140
vn 0.12493791 -0.61454789 -0.77892324
vn 0.77208393 -0.29253098 -0.56419148
vn 0.14304041 -0.68154346 -0.71766145
vn 0.18613452 -0.74476727 -0.64083981
vn 0.79568114 -0.34352659 -0.49887974
vn 0.20035438 -0.80772603 -0.55446982
vn 0.24330724 -0.85061580 -0.46610552
vn 0.73640841 -0.18004736 -0.65213925
vn 0.07822338 -0.40548356 -0.91074924
vn 0.72764031 -0.11988626 -0.67540126
vn 0.04940620 -0.23833850 -0.96992463
vn 0.73199004 -0.06694883 -0.67801802
vn 0.04991108 -0.15602581 -0.98649117
vn 0.54528031 0.58936113 -0.59608962
vn 0.53621021 0.58302106 -0.61038106
vn 0.80072007 0.58958186 0.10602172
vn 0.80331443 0.58277557 0.12271333
vn 0.53640120 -0.58307863 -0.61015823
vn 0.54532240 -0.58945883 -0.59595450
vn 0.80344645 -0.58262554 0.12256134
vn 0.80067318 -0.58960196 0.10626376
vn 0.47151751 -0.37333039 -0.79893407
vn 0.47049721 -0.38998219 -0.79154676
vn 0.47146963 0.37326899 -0.79899101
vn 0.47052004 0.38996438 -0.79154196
vn 0.47052004 0.38996438 -0.79154196
vn 0.47146963 0.37326899 -0.79899101
vn 0.47049721 -0.38998219 -0.79154676
vn 0.47151751 -0.37333039 -0.79893407
vn -0.12604974 -0.57469742 0.80860023
vn -0.22478483 -0.59127284 0.77451159
vn -0.20642946 -0.63087667 0.74791812
vn -0.26095322 -0.60259843 0.75417409
vn -0.25659782 -0.68489004 0.68197008
vn 0.93321754 0.35574666 0.05049094
vn 0.68212196 0.35607931 -0.63868393
vn 0.99536286 0.08949586 0.03526001
vn 0.74002452 0.08984870 -0.66655151
vn 0.68621453 0.36656297 -0.62828433
vn 0.68610159 -0.36650569 -0.62844107
vn 0.83693335 0.37355790 -0.39999634
vn 0.83703162 -0.37344312 -0.39989786
vn 0.72741027 0.09206240 -0.67999913
vn 0.99433356 0.09207019 0.05313996
vn 0.65831595 0.35100859 -0.66589270
vn 0.93250305 0.35060587 0.08668090
vn 0.99433106 -0.09212123 0.05309829
vn 0.72739688 -0.09203493 -0.68001717
vn 0.93254101 -0.35055735 0.08646857
vn 0.65841554 -0.35105227 -0.66577119
vn 0.68621453 0.36656297 -0.62828433
vn 0.68610159 -0.36650569 -0.62844107
vn 0.83693335 0.37355790 -0.39999634
vn 0.83703162 -0.37344312 -0.39989786
vn 0.68206484 -0.35611274 -0.63872629
vn 0.93311510 -0.35598026 0.05073717
vn 0.73996388 -0.08976444 -0.66663018
vn 0.99537325 -0.08936124 0.03530809
vn 0.82946908 -0.39013931 -0.39971535
vn 0.82947433 0.39017286 -0.39967170
vn 0.67559286 -0.40049770 -0.61901201
vn 0.67554320 0.40051246 -0.61905666
vn 0.82946908 -0.39013931 -0.39971535
vn 0.82947433 0.39017286 -0.39967170
vn 0.67559286 -0.40049770 -0.61901201
vn 0.67554320 0.40051246 -0.61905666
vn 0.15910466 0.54275372 0.82468425
vn 0.11695673 0.45084602 0.88490620
vn 0.41138675 0.33379478 0.84814031
vn 0.02428850 0.97059371 0.23949514
vn -0.05188048 0.90025664 0.43225734
vn 0.19078771 0.78886348 0.58420413
vn 0.13392386 0.70466897 0.69678264
vn 0.40755532 0.51424140 0.75462205
vn -0.12199239 0.51947150 0.84573472
vn -0.11060527 0.63422756 0.76519401
vn -0.07334337 0.80123801 0.59383365
vn 0.71091769 0.13321045 0.69054400
vn 0.70119141 0.10878715 0.70462470
vn 0.61347136 0.28193574 0.73767549
vn 0.60893811 0.37034232 0.70145630
vn 0.43922095 0.66302147 0.60620747
vn 0.20133047 0.88573969 0.41824782
vn 0.65358048 0.18024790 0.73508044
vn 0.76824513 0.05369428 0.63789995
vn -0.15499040 0.53867939 0.82813193
vn -0.08773292 0.52488224 0.84664135
vn 0.65751521 0.10358812 0.74628631
vn 0.59116417 0.38916137 0.70645478
vn 0.42863227 0.71764404 0.54887285
vn 0.22021623 0.92435155 0.31157507
vn 0.04467099 0.99353957 0.10432465
vn 0.79629190 0.06288370 0.60163515
vn 0.67056694 0.18116729 0.71938752
vn 0.41493441 0.33967135 0.84406919
vn 0.11381968 0.46637274 0.87723517
vn 0.82786980 0.06659982 0.55695247
vn 0.72751624 0.22400846 0.64849081
vn 0.47064123 0.42954359 0.77070691
vn 0.16035071 0.57416492 0.80288374
vn -0.00621569 0.62841169 0.77785610
vn 0.82313848 0.37602680 0.42549606
vn 0.93336240 0.21293898 0.28894916
vn 0.81990948 0.26628335 0.50679544
vn 0.87633508 0.06010337 0.47793766
vn 0.92273573 0.04238582 0.38309558
vn 0.96610486 0.06397883 0.25009621
vn 0.97432330 0.08200647 0.20968798
vn 0.68829632 0.48523100 0.53925787
vn 0.60937819 0.45924029 0.64634092
vn 0.52795357 0.58796736 0.61282903
vn 0.31552461 0.61745517 0.72055071
vn 0.33162470 0.67906899 0.65489722
vn 0.13675111 0.72770749 0.67211676
vn 0.12209345 0.68591742 0.71736357
vn 0.93102879 0.34359947 0.12298288
vn 0.63352114 0.62553021 0.45537118
vn 0.72798888 0.64337243 0.23686305
vn 0.40588975 0.75302265 0.51789034
vn 0.41550212 0.84604332 0.33401900
vn 0.18782806 0.81475010 0.54854617
vn 0.15208941 0.91635669 0.37035014
vn 0.67882555 0.72096260 -0.13931545
vn 0.81117800 0.55771499 -0.17590976
vn 0.88360866 0.46748043 -0.02641548
vn 0.72385831 0.68841167 0.04602743
vn 0.40975458 0.90300061 0.12919397
vn 0.51268824 0.85433012 -0.08526907
vn 0.31929794 0.94717121 -0.03025767
vn 0.17738537 0.96852531 0.17462292
vn 0.13530920 0.99066723 0.01642725
vn 0.98221115 0.03814332 -0.18386503
vn 0.99634001 0.08512974 -0.00771421
vn 0.96793261 0.15657205 -0.19644759
vn 0.90741623 0.36981753 -0.19957649
vn 0.99646102 0.04577878 0.07049643
vn 0.91647783 -0.38161063 -0.12017370
vn 0.75680558 -0.62644325 -0.18658556
vn 0.90293049 -0.41924370 -0.09461102
vn 0.96721511 -0.24859835 -0.05190167
vn 0.94076463 -0.32710408 -0.08924588
vn 0.96263662 -0.26976360 -0.02362913
vn 0.97381466 -0.22544792 -0.02929581
vn 0.98168123 -0.19028392 -0.00969544
vn 0.04305548 -0.00631484 -0.99905273
vn 0.73628909 -0.00329970 -0.67665906
vn 0.94729308 0.29237615 -0.13096571
vn 0.94142605 0.33066004 -0.06618854
vn 0.96744477 0.24712354 -0.05459459
vn 0.97418955 0.22400980 -0.02782687
vn 0.96195310 0.27140871 -0.03136142
vn 0.90112082 0.42114477 -0.10304540
vn 0.98036748 0.19625975 -0.01901867
vn 0.76807657 0.61158593 -0.18979211
vn 0.72722161 -0.66347187 -0.17593694
vn 0.85601410 -0.51022650 -0.08311908
vn 0.70546151 -0.68121814 -0.19561675
vn 0.72536622 -0.66451710 -0.17961315
vn 0.95070997 -0.30975948 -0.01412848
vn 0.83731971 -0.53742680 -0.10034012
vn 0.93381789 -0.35713754 -0.02090270
vn 0.95591217 -0.29350035 -0.00945841
vn 0.91750747 -0.38796152 -0.08755515
vn 0.81404413 -0.44208677 0.37668481
vn 0.83200638 -0.42014527 0.36227523
vn 0.70207337 -0.35226608 0.61887123
vn 0.87854805 -0.46844240 0.09335443
vn 0.89823089 -0.43166882 0.08272426
vn 0.71987640 -0.58201254 0.37820546
vn 0.77463189 -0.62501091 0.09647173
vn 0.59111458 -0.71224013 0.37854663
vn 0.63571769 -0.76571203 0.09771441
vn 0.43922771 -0.81481809 0.37835235
vn 0.47207217 -0.87614880 0.09752509
vn 0.27018215 -0.88536408 0.37832797
vn 0.29043764 -0.95190804 0.09755540
vn 0.08977863 -0.92136610 0.37818554
vn 0.09606221 -0.99065903 0.09678195
vn -0.09283529 -0.92097607 0.37839753
vn -0.09844444 -0.99038678 0.09717361
vn -0.25173316 -0.89040677 0.37921787
vn -0.27112712 -0.95752971 0.09811698
vn -0.21048948 -0.74550326 0.63239155
vn -0.28737848 -0.71849882 0.63338224
vn -0.34352821 -0.85840332 0.38096208
vn -0.36970673 -0.92393106 0.09832766
vn -0.07796357 -0.77139303 0.63156510
vn 0.07630249 -0.77088788 0.63238422
vn 0.22488713 -0.74167099 0.63194139
vn 0.36874326 -0.68144961 0.63218260
vn 0.50084099 -0.58157452 0.64103774
vn 0.52161934 -0.44316602 0.72905222
vn 0.66386893 -0.38561719 0.64076316
vn -0.27209718 -0.69428092 0.66628607
vn -0.29801041 -0.73328875 0.61112797
vn -0.18188697 -0.71683016 0.67310597
vn -0.14574452 -0.93222328 0.33123751
vn -0.13209400 -0.86886444 0.47710141
vn -0.06057762 -0.96957875 0.23716536
vn -0.01336650 -0.99762642 0.06754900
vn -0.02896098 -0.99619415 0.08221000
vn -0.05197947 -0.99645269 0.06618290
vn -0.21704565 -0.80518228 0.55188104
vn -0.10918193 -0.65133857 0.75089105
vn -0.08478917 -0.76409579 0.63950638
vn -0.06855509 -0.86624591 0.49489213
vn -0.03817704 -0.96561224 0.25716825
vn -0.01001013 -0.99796669 0.06294669
vn -0.02508663 -0.64722050 0.76188995
vn 0.11337200 -0.59093616 0.79871224
vn 0.49637153 -0.55465370 0.66781328
vn 0.27953542 -0.72731828 0.62679188
vn 0.45036385 -0.51949090 0.72615536
vn 0.24134486 -0.60246275 0.76078334
vn 0.66620382 -0.43997796 0.60215601
vn 0.59851865 -0.38175238 0.70430146
vn 0.59200720 -0.47227422 0.65305783
vn 0.59095099 -0.41636806 0.69095192
vn 0.41396962 -0.76226246 0.49757925
vn 0.44584251 -0.61495683 0.65042490
vn 0.58572565 -0.46526604 0.66366632
vn 0.62151860 -0.59345029 0.51140138
vn 0.47401559 -0.76444092 0.43696602
vn 0.45288208 -0.74885432 0.48385434
vn 0.26147744 -0.93569185 0.23687616
vn 0.23910996 -0.93438691 0.26409757
vn 0.06328758 -0.99642489 0.05596540
vn 0.06020104 -0.99581462 0.06876826
vn 0.23034531 -0.93506971 0.26941729
vn 0.05614732 -0.99602382 0.06916662
vn 0.72713084 -0.03177786 -0.68576301
vn 0.04377549 -0.04563123 -0.99799875
vn 0.03731538 -0.99379293 -0.10480066
vn 0.05703693 -0.99832547 -0.00964625
vn 0.26408644 -0.96190286 0.07071942
vn 0.72434046 -0.61337744 0.31479996
vn 0.52134313 -0.83246098 0.18764342
vn 0.27240114 -0.95917777 -0.07599758
vn 0.56248802 -0.82664716 -0.01617727
vn 0.79481855 -0.60538156 0.04215014
vn -0.01486040 -0.96193067 -0.27288926
vn 0.01012280 -0.98057210 -0.19589764
vn 0.25497453 -0.94602315 -0.20007044
vn 0.23732738 -0.90865862 -0.34353344
vn -0.03732661 -0.92755037 -0.37182930
vn -0.03533185 -0.94770362 -0.31719003
vn 0.57735078 -0.80239241 -0.15110426
vn 0.56249401 -0.78366432 -0.26357299
vn 0.81086358 -0.58122592 -0.06838628
vn 0.90970094 -0.41408917 -0.03121473
vn 0.90624208 -0.42245203 -0.01611132
vn 0.86864248 -0.38427095 -0.31272365
vn 0.87364482 -0.39518840 -0.28385007
vn 0.73930353 0.00532282 -0.67335129
vn 0.74746760 0.04475729 -0.66278879
vn 0.99779343 0.03198032 0.05818536
vn 0.67051944 0.05280128 0.74001061
vn 0.99895495 0.00330805 0.04558580
vn 0.67505748 0.00677442 0.73773404
vn -0.37868968 0.65310970 -0.65577576
vn -0.65569409 0.65333444 -0.37844334
vn 0.00000000 1.00000000 0.00000000
vn -0.75723285 0.65314502 -0.00000000
vn -0.65560792 0.65326765 0.37870783
vn 0.65586198 0.65317644 -0.37842516
vn 0.37842516 0.65317644 -0.65586198
vn 0.00000000 0.65332746 -0.75707545
vn 0.37844334 0.65333444 0.65569409
vn 0.65577576 0.65310970 0.37868968
vn 0.75707545 0.65332746 -0.00000000
vn -0.37870783 0.65326765 0.65560792
vn -0.00000000 0.65314502 0.75723285
vn 0.86728864 -0.38002394 -0.32154661
vn 0.85788357 -0.36706660 -0.35958016
vn 0.86638744 0.38422568 -0.31897247
vn 0.85171802 0.39522739 -0.34405193
vn 0.87101790 0.38007894 -0.31123596
vn 0.88840182 0.36692403 -0.27587853
vn 0.99864039 -0.04458568 0.02700921
vn 0.99915129 -0.00556857 0.04081293
vn 0.33710852 0.92431479 -0.17888547
vn 0.35687964 0.92411537 -0.13655660
vn 0.04301010 0.99711182 -0.06259507
vn 0.03705229 0.99208199 -0.12000188
vn 0.27894850 0.95388738 -0.11084499
vn 0.05277959 0.99860478 0.00167447
vn 0.27116229 0.96232935 -0.01983000
vn 0.05480178 0.99737254 0.04737903
vn 0.25712340 0.96128885 0.09905207
vn 0.57074063 0.81797451 -0.07192238
vn 0.55858394 0.82815833 0.04623594
vn 0.80035594 0.59900929 -0.02486458
vn 0.78591634 0.60876211 0.10837066
vn 0.90343467 0.42868534 0.00588876
vn 0.89158233 0.43395231 0.12948487
vn 0.51255018 0.82587567 0.23499297
vn 0.71611441 0.60618082 0.34601295
vn 0.81704259 0.41789491 0.39724709
vn 0.23058448 0.95211008 0.20079140
vn 0.43971763 0.80686246 0.39448876
vn 0.60370861 0.58005099 0.54687911
vn 0.68604154 0.39488759 0.61107348
vn 0.54177490 0.58202901 0.60640101
vn 0.57552483 0.43747038 0.69093476
vn 0.53244757 0.58852965 0.60838511
vn 0.38121772 0.81182616 0.44227971
vn 0.39778433 0.80493340 0.44028383
vn 0.20210433 0.95121696 0.23310970
vn 0.21004921 0.94995593 0.23122079
vn 0.05129372 0.99688878 0.05984748
vn 0.05325958 0.99680881 0.05946109
vn 0.14362439 0.63905012 0.75563680
vn 0.67142606 0.38470044 0.63339768
vn 0.56148898 0.47343310 0.67866871
vn 0.50018732 0.58420323 0.63915510
vn 0.12587652 0.75016925 0.64915422
vn 0.22649632 0.73813596 0.63549566
vn 0.36733873 0.68177802 0.63264602
vn 0.39442413 0.52038672 0.75738185
vn 0.45451572 0.53353412 0.71327190
vn -0.01250886 0.99870791 0.04925484
vn -0.01590807 0.99798986 0.06134475
vn -0.06010643 0.96406398 0.25878148
vn -0.14977902 0.67963810 0.71809352
vn -0.06436642 0.86780236 0.49272307
vn 0.26149564 0.59253311 0.76192162
vn 0.08660421 0.59864039 0.79632242
vn -0.04053489 0.60226031 0.79726999
vn 0.63821292 0.09070454 0.76449785
vn 0.63787675 0.07457534 0.76651925
vn 0.61968604 0.28284559 0.73211173
vn 0.57344998 0.09159860 0.81410369
vn 0.52069319 0.37822719 0.76539061
vn 0.56203415 0.54169965 0.62504328
vn 0.39685774 0.77723485 0.48827239
vn 0.41727740 0.70781586 0.56997919
vn 0.20575331 0.93554364 0.28709523
vn 0.22336513 0.93429415 0.27785331
vn 0.04958508 0.99623395 0.07112830
vn 0.05743530 0.99571796 0.07243574
vn -0.74121835 0.10312785 -0.66329481
vn -0.78792222 0.08820504 -0.60942469
vn -0.73734492 0.08679724 -0.66991695
vn -0.56853997 0.04753071 -0.82128140
vn -0.57063600 0.08821762 -0.81645098
vn -0.39906316 0.18634054 -0.89778939
vn -0.39928866 0.09490965 -0.91189952
vn -0.23575500 -0.00647324 -0.97179096
vn -0.23383559 0.08761571 -0.96832040
vn -0.10049047 0.10201685 -0.98969401
vn 0.01620428 0.09187566 -0.99563863
vn 0.03531137 -0.00624094 -0.99935687
vn 0.70565346 0.10098872 -0.70132338
vn 0.54759102 0.10140144 -0.83057921
vn 0.56876129 0.09592154 -0.81689023
vn 0.44989951 0.09057350 -0.88847446
vn 0.43850704 0.24182323 -0.86558252
vn 0.34982765 -0.03446754 -0.93617979
vn 0.26505284 0.09077153 -0.95995183
vn 0.24555130 0.09331259 -0.96488202
vn 0.09798611 -0.00332048 -0.99518224
vn 0.93622446 0.08797017 -0.34021317
vn 0.83331695 0.10013672 -0.54365016
vn 0.82156386 0.08740459 -0.56337666
vn 0.69578641 0.18820337 -0.69315277
vn 0.99252174 0.06902773 0.10067660
vn 0.97101273 -0.17180683 -0.16618271
vn 0.96636379 0.23763545 0.09833834
vn 0.98293115 0.04870710 -0.17740903
vn 0.99196123 0.08446698 -0.09422443
vn 0.92681360 -0.10150146 -0.36154392
vn 0.90966086 -0.01656046 -0.41502154
vn 0.97494647 0.00019754 0.22243952
vn 0.96610392 0.09542377 0.23986979
vn 0.89649025 0.18767758 0.40135067
vn 0.40025433 0.08973930 0.91199963
vn 0.33059289 -0.06017095 0.94185338
vn 0.37208563 0.09608576 0.92321168
vn 0.44290395 0.08743698 0.89229528
vn 0.51209408 0.10169152 0.85288832
vn 0.65312171 0.08795126 0.75212805
vn 0.64629489 -0.02469806 0.76268796
vn 0.81956164 0.08707556 0.56633609
vn 0.80863573 0.04692524 0.58643523
vn 0.91577437 -0.01806206 0.40128677
vn 0.27449391 0.05304658 0.96012455
vn 0.11083814 0.08951713 0.98979876
vn 0.13796477 0.06670866 0.98818808
vn -0.21427937 0.08650115 0.97293469
vn -0.16506544 0.07308575 0.98357098
vn -0.13409833 0.08872744 0.98698788
vn -0.14596405 -0.01194740 0.98921775
vn 0.00873410 0.07668918 0.99701679
vn 0.89101709 -0.38978370 -0.23271703
vn 0.89101857 0.38978180 -0.23271453
vn 0.83212390 -0.38976384 -0.39453006
vn 0.83212877 0.38978356 -0.39450030
vn 0.91660144 0.39943415 0.01715092
vn 0.91659585 -0.39944769 0.01713471
vn 0.84921667 0.39923309 0.34560669
vn 0.84920701 -0.39925562 0.34560439
vn 0.66819406 0.39915223 0.62784886
vn 0.66816946 -0.39915134 0.62787561
vn 0.39775582 0.39918701 0.82609929
vn 0.39775936 -0.39916295 0.82610921
vn 0.07413247 0.39923816 0.91384532
vn 0.07416898 -0.39923608 0.91384326
vn -0.25942567 0.39907779 0.87945167
vn -0.25947759 -0.39906574 0.87944182
vn -0.48988836 0.38959334 0.77988872
vn -0.48985955 -0.38957197 0.77991750
vn -0.81961563 -0.48917837 0.29821929
vn -0.81961431 0.48917550 0.29822763
vn -0.87660595 -0.38960492 -0.28243585
vn -0.87660403 0.38957175 -0.28248758
vn -0.76405936 0.39906979 -0.50690887
vn -0.76399963 -0.39906299 -0.50700424
vn -0.53038052 0.39943826 -0.74776037
vn -0.53040042 -0.39936248 -0.74778674
vn -0.22600943 0.39960843 -0.88838778
vn -0.22615452 -0.39962731 -0.88834236
vn 0.10807103 0.39915311 -0.91049297
vn 0.10817695 -0.39919846 -0.91046051
vn 0.42841137 0.39925194 -0.81059336
vn 0.42840860 -0.39923429 -0.81060352
vn 0.69123403 0.39926134 -0.60231711
vn 0.69125488 -0.39923627 -0.60230980
vn -0.37844334 0.65333444 -0.65569409
vn -0.65577576 0.65310970 -0.37868968
vn 0.00000000 1.00000000 0.00000000
vn -0.75707545 0.65332746 -0.00000000
vn -0.65586198 0.65317644 0.37842516
vn 0.65560792 0.65326765 -0.37870783
vn 0.37870783 0.65326765 -0.65560792
vn -0.00000000 0.65314502 -0.75723285
vn 0.37868968 0.65310970 0.65577576
vn 0.65569409 0.65333444 0.37844334
vn 0.75723285 0.65314502 0.00000000
vn -0.37842516 0.65317644 0.65586198
vn -0.00000000 0.65332746 0.75707545
vn -0.66730591 0.60191128 -0.43864067
vn -0.66678257 0.62290874 -0.40912797
vn -0.70021447 0.46203581 -0.54426337
vn -0.66188700 0.33459291 -0.67078549
vn -0.70692284 0.31317125 -0.63417968
vn -0.40751016 0.84308469 0.35091835
vn -0.49581967 0.84673924 0.19286137
vn -0.54121698 0.83986997 0.04126267
vn -0.58847258 0.76272259 -0.26824292
vn -0.45968386 0.88605121 -0.06003326
vn -0.55968721 0.81527701 -0.14857194
vn -0.43960122 0.89737281 0.03837721
vn -0.57062417 0.81733820 -0.07966380
vn -0.43670966 0.88665376 0.15208479
vn -0.42295712 0.86876163 0.25760532
vn -0.69108292 0.15421172 -0.70613253
vn -0.59051669 0.08376900 -0.80266606
vn -0.66350130 0.04119271 -0.74704028
vn -0.52536679 0.09574609 -0.84547172
vn -0.63577919 0.38640550 -0.66818831
vn -0.64662075 0.67994001 -0.34577912
vn -0.57483286 0.81786898 -0.02564185
vn 0.65506565 0.08591489 0.75067145
vn 0.96461309 0.24432010 0.09914272
vn 0.99138139 0.09291705 -0.09235451
vn 0.93394472 0.09291854 -0.34512809
vn 0.89947063 0.18436590 0.39618405
vn 0.96518314 0.08432160 0.24761132
vn 0.81833658 0.08505315 0.56841112
vn -0.21352860 0.08925518 0.97285099
vn -0.17949720 0.06915091 0.98132508
vn -0.18256381 0.08991047 0.97907434
vn -0.11549157 0.06771626 0.99099758
vn -0.05549762 0.19069191 0.98007990
vn 0.04697398 0.08679211 0.99511837
vn 0.12226892 0.09788563 0.98765820
vn 0.20351859 0.08810939 0.97509842
vn 0.25162158 0.24247342 0.93695956
vn 0.34361375 -0.01661722 0.93896404
vn 0.44402783 0.09009678 0.89147173
vn 0.44846035 0.08461037 0.88978896
vn -0.78382579 0.05195334 -0.61880367
vn -0.78898152 0.08852992 -0.60800545
vn -0.73796044 0.09070718 -0.66872012
vn -0.71267572 0.07748971 -0.69720059
vn -0.57006038 0.09053286 -0.81659963
vn -0.56298347 0.07950260 -0.82263537
vn -0.39833479 0.18898998 -0.89755901
vn -0.38988691 0.08143906 -0.91725453
vn -0.23374078 0.09116721 -0.96801539
vn -0.19904114 0.08445862 -0.97634490
vn 0.01698335 0.09325611 -0.99549729
vn -0.05425220 0.04027127 -0.99771485
vn 0.44109803 0.23873052 -0.86512442
vn 0.34499021 0.04175745 -0.93767695
vn 0.26549253 0.09117268 -0.95979230
vn 0.19936758 0.09568813 -0.97524169
vn 0.04651420 0.09994002 -0.99390564
vn 0.95671135 -0.06293622 -0.28415212
vn 0.93010025 0.07663245 -0.35922275
vn 0.82004176 0.08601608 -0.56580274
vn 0.81960075 0.08827540 -0.56609368
vn 0.69753505 0.18471972 -0.69233191
vn 0.70845295 0.09465286 -0.69938205
vn 0.56660527 0.09117271 -0.81892979
vn 0.57737480 0.10755828 -0.80936367
vn 0.43977592 0.10993316 -0.89135394
vn 0.82329784 0.42399337 -0.37737287
vn 0.51894958 0.61192645 -0.59685623
vn 0.65154557 0.38035647 -0.65636676
vn 0.75271554 0.42928181 -0.49913569
vn 0.19682558 0.83179781 -0.51901069
vn 0.13567419 0.78422820 -0.60545738
vn 0.32777268 0.60603680 -0.72476511
vn 0.36001884 0.91698617 -0.17182199
vn 0.08501385 0.99621971 -0.01785859
vn 0.62637052 0.72627984 -0.28315644
vn 0.52487338 0.75026244 -0.40201270
vn 0.35668840 0.79931907 -0.48359323
vn 0.14425062 0.86201077 -0.48593127
vn -0.11174091 0.93641980 -0.33261378
vn -0.09929276 0.98372812 -0.14973286
vn -0.29675620 0.95196233 -0.07552144
vn -0.03192204 0.99796884 -0.05512879
vn -0.21129377 0.97675819 0.03603298
vn -0.21348753 0.97609526 -0.04075694
vn 0.11403751 0.94328011 -0.31179814
vn 0.20344950 0.95340918 -0.22275374
vn 0.48171642 0.37851921 -0.79036226
vn 0.15581896 0.91271727 0.37771369
vn 0.14892607 0.98540800 0.08241414
vn 0.81078545 0.44736759 0.37747740
vn 0.27482287 0.88394572 0.37830194
vn 0.29542530 0.95040705 0.09721280
vn 0.43937881 0.81479886 0.37821830
vn 0.47191289 0.87621922 0.09766324
vn 0.59080996 0.71241458 0.37869389
vn 0.63540285 0.76592478 0.09809404
vn 0.72005406 0.58171141 0.37833053
vn 0.77485171 0.62468222 0.09683463
vn 0.87502007 0.47616703 0.08720577
vn 0.90562007 0.42364890 -0.01933648
vn -0.04238536 0.99574066 -0.08187808
vn 0.25611690 0.94423492 -0.20694096
vn -0.00600800 0.99196431 -0.12637532
vn -0.00151356 0.98801858 -0.15432756
vn 0.00213923 0.98048871 -0.19656376
vn -0.00118389 0.96748266 -0.25293457
vn -0.02596367 0.93795670 -0.34577900
vn 0.82157795 0.56422422 -0.08161313
vn 0.93079494 0.36456336 -0.02672693
vn 0.74098935 0.65153163 -0.16260786
vn 0.56249634 0.78603537 -0.25641033
vn 0.72602418 0.66875492 -0.16017407
vn 0.57545799 0.80227123 -0.15877333
vn 0.25177568 0.91079036 -0.32721542
vn 0.82531046 0.53691674 0.17488011
vn 0.91853968 0.39421321 -0.02967813
vn 0.94979227 0.31287775 -0.00146866
vn 0.94670642 0.32144640 -0.02047373
vn 0.84291443 0.49677289 -0.20666873
vn 0.96622217 0.24937478 -0.06501497
vn 0.95892155 0.23313651 -0.16160699
vn 0.96889586 0.23163592 -0.08709547
vn 0.96855124 0.24697072 -0.03023184
vn 0.96889419 -0.23165291 -0.08706883
vn 0.97109585 -0.19849010 -0.13256894
vn 0.96731304 -0.24418382 -0.06840867
vn 0.96765573 -0.24617945 -0.05511859
vn 0.84071767 -0.49435895 -0.22091409
vn 0.83136363 -0.51766158 -0.20214103
vn -0.10414864 -0.88079522 -0.46190134
vn 0.19699620 -0.82910043 -0.52324466
vn -0.10770394 -0.84713350 -0.52035054
vn -0.10568018 -0.82309580 -0.55798297
vn -0.20451896 -0.47628949 -0.85517268
vn -0.18289100 -0.55565731 -0.81104614
vn 0.14314210 -0.59516546 -0.79075180
vn -0.16809324 -0.63386583 -0.75495614
vn 0.15759983 -0.67581204 -0.72002804
vn -0.16326521 -0.67999520 -0.71480836
vn 0.18320171 -0.76394615 -0.61872725
vn -0.14491469 -0.72686780 -0.67131433
vn -0.11736996 -0.79084569 -0.60065579
vn -0.19421944 -0.37052076 -0.90829135
vn -0.20345008 -0.42650434 -0.88130705
vn 0.10405167 -0.46660083 -0.87832620
vn -0.31862466 -0.23703741 -0.91776445
vn 0.00536491 -0.41822823 -0.90832613
vn -0.35151779 -0.09852997 -0.93098179
vn -0.28166473 -0.10843023 -0.95336660
vn -0.01349120 -0.36254354 -0.93186918
vn -0.00310282 -0.37704009 -0.92619174
vn -0.27333327 -0.24132572 -0.93115563
vn -0.31971656 -0.25507768 -0.91253312
vn 0.22662257 -0.41933645 -0.87908996
vn 0.36072805 -0.41577956 -0.83486684
vn 0.47298396 -0.48523985 -0.73541040
vn 0.67659423 -0.42933324 -0.59824177
vn 0.52176737 -0.54855975 -0.65333070
vn 0.77217944 -0.43515036 -0.46301520
vn 0.55513925 -0.60980919 -0.56564402
vn 0.84624213 -0.46226381 -0.26492722
vn 0.95775163 -0.22967232 -0.17309663
vn 0.84188253 -0.42842358 -0.32815703
vn 0.95077942 -0.24170290 -0.19390258
vn 0.90998861 -0.30511011 -0.28076424
vn 0.56427153 -0.66657741 -0.48710594
vn 0.57359549 -0.70924843 -0.40982298
vn 0.61825802 -0.72643632 -0.30007881
vn -0.35124709 -0.02424691 -0.93596879
vn -0.02741347 -0.25208753 -0.96731607
vn 0.15201039 -0.14436793 -0.97777847
vn 0.03243452 -0.04101371 -0.99863200
vn -0.01017558 -0.06185502 -0.99803327
vn 0.45140786 -0.40113934 -0.79706849
vn 0.23802539 -0.36404350 -0.90045335
vn 0.13056253 -0.24976958 -0.95946265
vn 0.31603161 -0.28334968 -0.90544850
vn -0.05770705 -0.13475803 -0.98919673
vn -0.11121962 -0.12694347 -0.98565489
vn -0.29980648 0.00783295 -0.95396788
vn -0.29999186 -0.00646466 -0.95391986
vn -0.03077505 0.24052696 -0.97015446
vn -0.29388325 0.16285496 -0.94186565
vn -0.12703573 0.13745078 -0.98232846
vn 0.40202443 0.37056708 -0.83729111
vn 0.48303665 0.41661078 -0.77013704
vn 0.25701796 0.39097435 -0.88378777
vn 0.28762030 0.43250209 -0.85452707
vn -0.00845990 0.36983765 -0.92905788
vn -0.04106019 0.32323546 -0.94542736
vn -0.00549814 0.35416618 -0.93516634
vn 0.22963755 0.35154714 -0.90756884
vn 0.44421051 0.50792514 -0.73803054
vn 0.56605053 0.47850720 -0.67128061
vn 0.31493334 0.28589726 -0.90503025
vn 0.15237809 0.14603161 -0.97747414
vn 0.02280976 0.05473772 -0.99824020
vn 0.51976278 0.55156262 -0.65239966
vn 0.82894617 0.52140576 -0.20244573
vn 0.84689802 0.48568720 -0.21649872
vn 0.58368752 0.74373933 -0.32582310
vn -0.21604981 0.33424734 -0.91738824
vn -0.21641583 0.32633817 -0.92014541
vn -0.22828805 0.28485110 -0.93099109
vn -0.14433014 0.87216820 -0.46743067
vn 0.19815342 0.82779330 -0.52487472
vn -0.07202869 0.91368566 -0.39998798
vn 0.26017583 0.86145600 -0.43612165
vn 0.84211935 0.42804835 -0.32803904
vn 0.84998747 0.45543146 -0.26477064
vn 0.79603489 0.40556851 -0.44926900
vn 0.90695520 0.29964563 -0.29604856
vn 0.65865156 0.45715250 -0.59765351
vn 0.71191842 0.44528252 -0.54304295
vn 0.55798856 0.60773158 -0.56507619
vn 0.56479353 0.66431463 -0.48958588
vn 0.57548826 0.70788255 -0.40953089
vn 0.13976279 0.58412345 -0.79954121
vn -0.18716343 0.53289672 -0.82522175
vn 0.11114907 0.48302229 -0.86852481
vn -0.21409287 0.41862329 -0.88256376
vn -0.22685809 0.37108803 -0.90046048
vn -0.09814423 0.82525426 -0.55616825
vn -0.12940687 0.78166734 -0.61012297
vn 0.19239404 0.74763774 -0.63562752
vn -0.13797659 0.74827949 -0.64887615
vn 0.16914320 0.68717246 -0.70652996
vn -0.17629588 0.63643222 -0.75091530
vn -0.19466029 0.58986019 -0.78369147
vn -0.66150773 0.36829813 -0.65327178
vn -0.38902282 0.64954453 -0.65326346
vn 0.00000000 0.00000000 -1.00000000
vn -0.01194957 0.75713849 -0.65314509
vn 0.36829813 0.66150773 -0.65327178
vn -0.36829813 -0.66150773 -0.65327178
vn -0.64954453 -0.38902282 -0.65326346
vn -0.75713849 -0.01194957 -0.65314509
vn 0.66150773 -0.36829813 -0.65327178
vn 0.38902282 -0.64954453 -0.65326346
vn 0.01194957 -0.75713849 -0.65314509
vn 0.64954453 0.38902282 -0.65326346
vn 0.75713849 0.01194957 -0.65314509
vn -0.66150773 0.36829813 -0.65327178
vn -0.38902282 0.64954453 -0.65326346
vn 0.00000000 0.00000000 -1.00000000
vn -0.01194957 0.75713849 -0.65314509
vn 0.36829813 0.66150773 -0.65327178
vn -0.36829813 -0.66150773 -0.65327178
vn -0.64954453 -0.38902282 -0.65326346
vn -0.75713849 -0.01194957 -0.65314509
vn 0.66150773 -0.36829813 -0.65327178
vn 0.38902282 -0.64954453 -0.65326346
vn 0.01194957 -0.75713849 -0.65314509
vn 0.64954453 0.38902282 -0.65326346
vn 0.75713849 0.01194957 -0.65314509
vn -0.66150773 0.36829813 -0.65327178
vn -0.38902282 0.64954453 -0.65326346
vn 0.00000000 0.00000000 -1.00000000
vn -0.01194957 0.75713849 -0.65314509
vn 0.36829813 0.66150773 -0.65327178
vn -0.36829813 -0.66150773 -0.65327178
vn -0.64954453 -0.38902282 -0.65326346
vn -0.75713849 -0.01194957 -0.65314509
vn 0.66150773 -0.36829813 -0.65327178
vn 0.38902282 -0.64954453 -0.65326346
vn 0.01194957 -0.75713849 -0.65314509
vn 0.64954453 0.38902282 -0.65326346
vn 0.75713849 0.01194957 -0.65314509
vn -0.66150773 0.36829813 -0.65327178
vn -0.38902282 0.64954453 -0.65326346
vn 0.00000000 0.00000000 -1.00000000
vn -0.01194957 0.75713849 -0.65314509
vn 0.36829813 0.66150773 -0.65327178
vn -0.36829813 -0.66150773 -0.65327178
vn -0.64954453 -0.38902282 -0.65326346
vn -0.75713849 -0.01194957 -0.65314509
vn 0.66150773 -0.36829813 -0.65327178
vn 0.38902282 -0.64954453 -0.65326346
vn 0.01194957 -0.75713849 -0.65314509
vn 0.64954453 0.38902282 -0.65326346
vn 0.75713849 0.01194957 -0.65314509
vn 0.36422660 0.92341377 -0.12102062
vn 0.37281566 0.92381404 -0.08704082
vn 0.40564768 0.91382086 -0.01952959
vn 0.43305772 0.89828532 0.07446130
vn 0.36339806 0.91480008 -0.17630277
vn 0.31182231 0.90634110 -0.28515373
vn 0.20743148 0.91470279 -0.34682992
vn 0.18361245 0.93178626 -0.31314666
vn 0.32782791 0.93184192 -0.15556188
vn 0.25109124 0.94023260 -0.23003443
vn 0.04487588 0.01072111 -0.99893504
vn 0.04109226 0.04584110 -0.99810321
vn 0.05169707 0.12075020 -0.99133587
vn 0.05136936 0.21812261 -0.97456848
vn 0.06497909 -0.04150435 -0.99702312
vn 0.05625298 -0.16138365 -0.98528723
vn -0.01819157 -0.25461333 -0.96687182
vn -0.05600553 -0.23134229 -0.97125904
vn 0.02084559 -0.03407071 -0.99920201
vn -0.02596639 -0.13073301 -0.99107751
vn 0.02082805 0.03408656 -0.99920183
vn -0.05594624 0.23140560 -0.97124738
vn -0.02590880 0.13068558 -0.99108527
vn -0.01813537 0.25455278 -0.96688882
vn 0.05578862 0.16131119 -0.98532549
vn 0.06493311 0.04153644 -0.99702478
vn 0.35676340 -0.92341708 -0.14149477
vn 0.34188394 -0.92371100 -0.17283913
vn 0.32289893 -0.91406746 -0.24539144
vn 0.28425151 -0.89821680 -0.33527250
vn 0.36333552 -0.91487630 -0.17603593
vn 0.32779522 -0.93185102 -0.15557629
vn 0.18360635 -0.93178144 -0.31316458
vn 0.25110809 -0.94023694 -0.22999829
vn 0.20757688 -0.91466190 -0.34685075
vn 0.31153121 -0.90637502 -0.28536405
vn -0.21238221 -0.97412310 0.07731740
vn -0.34727953 -0.93130257 -0.10987474
vn -0.19536471 -0.93131182 0.30739376
vn 0.35176360 -0.93137120 -0.09386193
vn 0.34308918 -0.93928107 0.00639355
vn 0.31803530 -0.93920455 0.12941549
vn 0.25025701 -0.93918417 0.23516914
vn 0.14901023 -0.93918681 0.30939308
vn 0.02782273 -0.93922487 0.34217327
vn -0.09718739 -0.93914886 0.32947540
vn 0.32975961 -0.93138189 -0.15422831
vn -0.28622465 -0.93914431 -0.18995634
vn -0.19854482 -0.93928134 -0.27987591
vn -0.08466616 -0.93934416 -0.33236153
vn 0.04057837 -0.93915868 -0.34107825
vn 0.16035951 -0.93922969 -0.30353323
vn 0.25887368 -0.93920938 -0.22554414
vn 0.67625360 -0.01100875 0.73658664
vn 0.67362650 -0.04573413 0.73765556
vn 0.67688069 -0.12015068 0.72622059
vn 0.66611812 -0.21952861 0.71280701
vn 0.90263964 -0.42142597 -0.08741763
vn -0.33994867 -0.93637537 -0.08738456
vn -0.14408655 -0.98560377 -0.08845499
vn 0.76366222 -0.63953012 -0.08843780
vn 0.61044760 -0.76713784 -0.19711231
vn 0.45913860 -0.88295846 -0.09785758
vn 0.32200655 -0.90763681 -0.26927161
vn 0.11446000 -0.98934892 -0.08993122
vn -0.45584836 -0.87229572 0.17692497
vn -0.45916024 -0.88345504 0.09316151
vn -0.36382976 -0.88587168 0.28785288
vn -0.32822707 -0.80663162 0.49154085
vn -0.09931378 -0.97651622 -0.19118798
vn -0.11928469 -0.97062132 -0.20896272
vn -0.16039163 -0.98319748 -0.08716216
vn -0.19663154 -0.93103588 0.30742191
vn -0.04700326 -0.99889236 -0.00217996
vn -0.14342086 -0.98628231 0.08171695
vn -0.05418804 -0.99619116 -0.06831423
vn -0.08627938 -0.98828166 -0.12591756
vn -0.24197136 -0.81318534 0.52931980
vn -0.25573260 -0.90546858 0.33871445
vn -0.27758627 -0.81498053 0.50867730
vn -0.23897805 -0.94669561 0.21600211
vn -0.20900575 -0.97553840 0.06812809
vn 0.36333552 -0.91487630 -0.17603593
vn 0.36113753 -0.92413309 -0.12473058
vn 0.14132151 -0.97531060 0.16969817
vn 0.03877766 -0.99785970 0.05265284
vn 0.03923456 -0.99695044 0.06745716
vn 0.34954616 -0.84982033 0.39449067
vn 0.21894927 -0.92604657 0.30740683
vn 0.16986942 -0.93861402 0.30024675
vn 0.08192501 -0.75683671 0.64844930
vn 0.28322975 -0.75734430 0.58839657
vn 0.41183311 -0.73653219 0.53657601
vn 0.03987926 -0.94084763 0.33647494
vn 0.00882571 -0.99686297 0.07865320
vn -0.28099122 -0.09352554 -0.95514235
vn -0.29016973 -0.07484902 -0.95404358
vn -0.29760323 -0.03290732 -0.95412233
vn 0.32779522 -0.93185102 -0.15557629
vn 0.18360635 -0.93178144 -0.31316458
vn 0.25110809 -0.94023694 -0.22999829
vn 0.20757688 -0.91466190 -0.34685075
vn 0.31153121 -0.90637502 -0.28536405
vn 0.37279407 -0.92447486 -0.07981736
vn 0.69032996 -0.04138487 0.72231007
vn 0.69045668 0.04138053 0.72218919
vn 0.67647471 0.16161143 0.71851494
vn 0.60699095 0.25470844 0.75278523
vn 0.58162775 0.23117708 0.77991430
vn 0.65816007 0.03417504 0.75210198
vn 0.61728984 0.13052333 0.77583304
vn 0.65813488 -0.03420448 0.75212268
vn 0.58184369 -0.23135034 0.77970183
vn 0.61723985 -0.13050260 0.77587630
vn 0.60740067 -0.25471108 0.75245378
vn 0.67591309 -0.16174167 0.71901400
vn 0.01050915 0.99958240 0.02691820
vn 0.04908117 0.98889114 0.14030447
vn 0.34216874 0.00699810 0.93961246
vn 0.34059842 0.06461320 0.93798606
vn 0.33085636 0.22913870 0.91543953
vn 0.30572018 0.43993288 0.84438986
vn 0.24984134 0.64478683 0.72237750
vn 0.18466545 0.81565937 0.54826861
vn 0.11409904 0.93261509 0.34236020
vn 0.01703798 0.26801091 0.96326521
vn 0.07453281 0.37129243 0.92551974
vn -0.07307038 0.09631617 0.99266506
vn 0.16195996 0.40422992 0.90020395
vn 0.08574550 0.10547025 0.99071880
vn 0.24485735 0.42576373 0.87107412
vn 0.23565169 0.11228292 0.96532939
vn 0.29231369 0.43429219 0.85202289
vn 0.31706731 0.11154347 0.94182078
vn 0.24496565 0.67677821 0.69423561
vn 0.23002104 0.67558624 0.70048094
vn 0.21481431 0.65861310 0.72116822
vn 0.20778054 0.61112726 0.76377399
vn 0.20993713 0.55802616 0.80282826
vn 0.19208465 0.42475306 0.88469674
vn 0.24504355 0.55884490 0.79224115
vn 0.25323200 0.05366613 0.96591589
vn 0.23747958 0.22723944 0.94443935
vn 0.14811033 0.71858413 0.67948523
vn 0.17161994 0.62211732 0.76388260
vn 0.21234821 0.43551156 0.87477878
vn 0.30770099 0.08779132 0.94742429
vn 0.22711187 0.08823313 0.96986345
vn 0.13361649 0.00746790 0.99100498
vn 0.02427908 0.08835086 0.99579348
vn -0.12354841 0.08973890 0.98827259
vn 0.26455645 0.51904377 0.81277516
vn 0.26689153 0.42353755 0.86567018
vn 0.29399277 0.30425904 0.90608757
vn 0.26977811 0.10853431 0.95678633
vn 0.16006986 0.85626007 0.49111744
vn 0.06444239 0.85326133 0.51748650
vn 0.21860804 0.70812967 0.67138878
vn 0.14044129 0.78763658 0.59992071
vn 0.17638781 0.71607015 0.67537462
vn 0.19228393 0.64196130 0.74223485
vn 0.19424049 0.55399697 0.80954184
vn 0.02672043 0.99627001 0.08204931
vn -0.07499709 0.99027966 0.11713936
vn 0.09309640 0.95372913 0.28589126
vn 0.06443815 0.92372364 0.37760081
vn 0.02787109 0.87899243 0.47602050
vn 0.14385673 0.71363902 0.68558339
vn 0.19993951 0.35871781 0.91178162
vn -0.20018266 0.36334596 0.90989374
vn -0.11472641 0.36727259 0.92301067
vn 0.02965924 0.36455691 0.93070865
vn 0.01692067 0.99644065 0.08258165
vn 0.07285130 0.93491893 0.34730287
vn 0.01374791 0.93490700 0.35462642
vn 0.00325943 0.99649207 0.08362378
vn -0.04402710 0.93479671 0.35244394
vn -0.01042701 0.99647096 0.08328805
vn -0.07762250 0.93154666 0.35524014
vn -0.01889369 0.99614401 0.08567462
vn 0.02715703 0.71378587 0.69983728
vn -0.08698347 0.71217917 0.69658790
vn -0.15138762 0.70836678 0.68941881
vn -0.73742846 0.36403859 -0.56892458
vn -0.69082509 0.35921712 -0.62747411
vn -0.52472445 0.36495489 -0.76907229
vn -0.24125881 0.37015264 -0.89709599
vn 0.01573401 0.35871113 -0.93331601
vn 0.27281181 0.37189836 -0.88727974
vn 0.92590860 0.37251543 -0.06265390
vn 0.87781395 0.35651987 -0.31990037
vn 0.75135523 0.37099436 -0.54573666
vn 0.53070343 0.36445835 -0.76519538
vn 0.90387739 0.36558052 0.22216332
vn 0.77851685 0.37064629 0.50649071
vn 0.61217363 0.35656996 0.70576292
vn 0.37478218 0.35761889 0.85536369
vn 0.10423264 0.35893799 0.92752309
vn -0.12470553 0.36055749 0.92436293
vn -0.01228514 0.99552624 0.09368342
vn -0.04952989 0.92740858 0.37075614
vn 0.04257323 0.92494231 0.37771583
vn 0.01087734 0.99529168 0.09631276
vn 0.15249371 0.92499819 0.34802877
vn 0.03906771 0.99525763 0.08908408
vn 0.24867264 0.92525495 0.28647025
vn 0.06354065 0.99528388 0.07329787
vn 0.32197412 0.92543629 0.19975069
vn 0.08221480 0.99531396 0.05090043
vn 0.36827834 0.92481669 0.09531607
vn 0.09364241 0.99530909 0.02430872
vn 0.37953712 0.92499519 -0.01831600
vn 0.09672266 0.99530077 -0.00459384
vn 0.35649807 0.92526360 -0.12960091
vn 0.09142216 0.99525759 -0.03323121
vn 0.30190738 0.92524894 -0.22970924
vn 0.07696458 0.99531218 -0.05856718
vn 0.22051809 0.92498471 -0.30947544
vn 0.05609713 0.99531112 -0.07879646
vn 0.11862751 0.92527247 -0.36027541
vn 0.03035936 0.99527119 -0.09226896
vn 0.00612557 0.92490189 -0.38015650
vn 0.00156411 0.99529037 -0.09692586
vn -0.10629688 0.92554326 -0.36341526
vn -0.02721249 0.99529466 -0.09299479
vn -0.21012328 0.92518229 -0.31604738
vn -0.05359041 0.99529181 -0.08076062
vn -0.27645788 0.92725993 -0.25250756
vn -0.06942625 0.99555474 -0.06364557
vn -0.28787310 0.93167764 -0.22159839
vn -0.06947406 0.99615123 -0.05344240
vn -0.55897325 0.70858012 -0.43065429
vn -0.52778079 0.70074145 -0.48000922
vn -0.39660376 0.69705384 -0.59734530
vn -0.20126630 0.69784088 -0.68739362
vn 0.01190413 0.69755403 -0.71643330
vn 0.22369638 0.69684714 -0.68144258
vn 0.41609496 0.69675584 -0.58429127
vn 0.57048868 0.69734179 -0.43388603
vn 0.67377656 0.69710638 -0.24508743
vn 0.71541462 0.69787759 -0.03389389
vn 0.69434211 0.69682530 0.17978748
vn 0.60927946 0.69737180 0.37742697
vn 0.46941861 0.69744507 0.54149473
vn 0.28797434 0.69721794 0.65647386
vn 0.08012878 0.69716052 0.71242304
vn -0.09546083 0.70054324 0.70719616
vn -0.34965177 0.36401018 -0.86327298
vn -0.43461867 0.35847354 -0.82619812
vn -0.37360027 0.08889944 -0.92331995
vn -0.44966626 0.08805293 -0.88884585
vn -0.53482488 0.00810273 -0.84492408
vn -0.57590359 0.36243512 -0.73278635
vn -0.62093978 0.08719179 -0.77899382
vn -0.68151915 0.36743868 -0.63286686
vn -0.73122228 0.09049230 -0.67611029
vn -0.06180184 0.99643729 -0.05738695
vn -0.25993678 0.93493874 -0.24150035
vn -0.21718969 0.93504541 -0.28021192
vn -0.05125333 0.99649420 -0.06612412
vn -0.16896542 0.93490721 -0.31208845
vn -0.03996366 0.99647329 -0.07378270
vn -0.13378689 0.93292443 -0.33429490
vn -0.03171014 0.99625207 -0.08047532
vn -0.51345430 0.71320584 -0.47718142
vn -0.42962029 0.71309155 -0.55400979
vn -0.33384768 0.71340087 -0.61612087
vn -0.26399653 0.70893484 -0.65400094
vn -0.63759226 0.77037401 -0.00000000
vn -0.55248738 0.77011410 -0.31887609
vn -0.31881568 0.77042250 -0.55209214
vn 0.00000000 0.77012369 -0.63789459
vn 0.31867254 0.77033087 -0.55230260
vn 0.55230260 0.77033087 -0.31867254
vn 0.63789459 0.77012369 -0.00000000
vn 0.55209214 0.77042250 0.31881568
vn 0.31887609 0.77011410 0.55248738
vn 0.00000000 0.77037401 0.63759226
vn -0.31901934 0.77020571 0.55227695
vn -0.55227695 0.77020571 0.31901934
vn -0.22741577 0.97315808 -0.03529059
vn -0.01786214 0.99852096 -0.05135013
vn -0.05810452 0.99762089 -0.03710018
vn 0.00000000 1.00000000 0.00000000
vn 0.00000000 1.00000000 0.00000000
vn 0.00000000 1.00000000 0.00000000
vn -0.21281108 0.96793198 -0.13348830
vn -0.16702028 0.90513533 -0.39094024
vn -0.27395709 0.70598036 -0.65309972
vn -0.36386247 0.37190769 -0.85398406
vn -0.42062184 0.09781006 -0.90194815
vn -0.39047640 0.06629219 -0.91822303
vn -0.53352517 0.11046724 -0.83853914
vn -0.69566876 0.10436442 -0.71074119
vn -0.42343438 0.22609922 -0.87725850
vn -0.42258768 0.06419961 -0.90404539
vn -0.38341030 0.22977816 -0.89453817
vn -0.40447596 0.43721924 -0.80326741
vn -0.35484161 0.44345811 -0.82306278
vn -0.35940070 0.63839215 -0.68065160
vn -0.30805217 0.63375897 -0.70954452
vn -0.30865845 0.78717208 -0.53393827
vn -0.24607084 0.79099076 -0.56016315
vn -0.22314893 0.92958850 -0.29337650
vn -0.13359588 0.94782957 -0.28943263
vn -0.12420126 0.99115605 -0.04673035
vn -0.01029634 0.99994694 0.00031347
vn -0.07294189 0.99328084 0.08984790
vn -0.69403500 0.38734611 -0.60685946
vn -0.64825158 0.39403376 -0.65154223
vn -0.49775610 0.40610621 -0.76636585
vn -0.53102201 0.71460390 -0.45536458
vn -0.49426024 0.72463197 -0.48022425
vn -0.28339606 0.93142021 -0.22834857
vn -0.26003995 0.93769173 -0.23046354
vn -0.06937482 0.99672409 -0.04157200
vn -0.05204199 0.99849466 -0.01732187
vn -0.37390786 0.74089116 -0.55791864
vn -0.18459145 0.94980377 -0.25258425
vn -0.02332672 0.99972099 0.00371622
vn 0.36339806 0.91480008 -0.17630277
vn 0.31182231 0.90634110 -0.28515373
vn 0.20743148 0.91470279 -0.34682992
vn 0.18359266 0.93179430 -0.31313434
vn 0.32782791 0.93184192 -0.15556188
vn 0.25108662 0.94023965 -0.23001068
vn -0.28860733 0.03639852 -0.95675543
vn -0.28662796 0.06619867 -0.95575214
vn 0.40839624 0.65499143 0.63576626
vn 0.34820109 0.76726022 0.53857939
vn 0.26349692 0.87242283 0.41164036
vn 0.13668718 0.96630994 0.21808650
vn 0.03425245 0.99794496 0.05415368
vn -0.00642643 0.99685886 0.07893744
vn 0.20041533 0.75406704 0.62547310
vn -0.02891618 0.74966667 0.66118359
vn 0.10478106 0.94110711 0.32146281
vn -0.01974384 0.93873487 0.34407416
vn 0.02523343 0.99689414 0.07460121
vn 0.40801276 0.36913039 0.83502596
vn 0.30734044 0.71473758 0.62824521
vn 0.00394408 0.99647130 0.08384146
vn 0.01972535 0.99660855 0.07988940
vn 0.08490779 0.93584297 0.34203597
vn 0.01715302 0.93524789 0.35357767
vn 0.16811914 0.71510432 0.67849964
vn 0.03110241 0.71499361 0.69843882
vn 0.21394964 0.35921353 0.90840035
vn 0.04163153 0.36629947 0.92956523
vn 0.15454161 0.93604968 0.31611373
vn 0.03622535 0.99660141 0.07398205
vn 0.48871318 0.38189868 -0.78441878
vn 0.67619333 0.40220174 -0.61724901
vn 0.54343271 0.73533397 -0.40492573
vn 0.54706027 0.29633871 0.78288468
vn 0.27174629 0.79857657 0.53705625
vn 0.49726287 0.71662790 0.48905429
vn 0.50723150 0.59415172 0.62425951
vn 0.28382770 0.59536747 0.75165112
vn 0.44459517 0.52572422 0.72522354
vn 0.40947931 0.44145352 0.79840183
vn 0.34286509 0.29604806 0.89151504
vn 0.31134206 0.45294598 0.83540772
vn 0.40718473 0.30859837 0.85963227
vn 0.29676454 0.50293825 0.81177825
vn 0.31949950 0.51852737 0.79312636
vn 0.28575843 0.47259957 0.83366166
vn 0.29483885 0.45658780 0.83940314
vn 0.28931365 0.36115090 0.88649176
vn 0.30167615 0.44354928 0.84395233
vn 0.30655743 0.43644319 0.84589591
vn 0.26048953 0.37199059 0.89093670
vn 0.20317205 0.38935164 0.89840215
vn 0.27879678 0.54347817 0.79177259
vn -0.05399568 0.99748627 -0.04588698
vn -0.22259878 0.93462415 -0.27735806
vn -0.04921363 0.99593313 -0.07546663
vn -0.06009576 0.99557511 -0.07224054
vn -0.07181726 0.99458515 -0.07511768
vn -0.03892783 0.99675417 -0.07046806
vn -0.13153855 0.93371467 -0.33297826
vn -0.03424168 0.99548604 -0.08851580
vn 0.02935005 0.99625281 -0.08135674
vn 0.05619896 0.99583358 -0.07181332
vn -0.02979042 0.93479264 -0.35394243
vn -0.01427521 0.99613406 -0.08667840
vn -0.01443960 0.99752724 -0.06878153
vn 0.01306531 0.99710059 -0.07496473
vn 0.09081320 0.93309542 -0.34797400
vn 0.03857793 0.99887582 -0.02754714
vn 0.20516443 0.94621428 -0.25017213
vn 0.06896088 0.99730719 -0.02495530
vn 0.19463214 0.95061908 0.24174716
vn 0.17047061 0.96189275 0.21378052
vn 0.43454955 0.89267976 0.11953887
vn 0.11593732 0.97387080 0.19527981
vn 0.33703907 0.93375745 -0.12042300
vn 0.10217697 0.99167680 0.07833897
vn 0.08311965 0.99611174 0.02919806
vn 0.47352412 0.81967754 0.32234089
vn 0.24723697 0.88298911 0.39900389
vn 0.17039078 0.91531479 0.36491891
vn 0.17252502 0.93050614 0.32309975
vn 0.19471881 0.85497560 0.48072998
vn 0.31826523 0.61444823 0.72191455
vn 0.25238653 0.68396855 0.68446188
vn 0.25329156 0.75159193 0.60905907
vn 0.97955403 0.15080396 -0.13316184
vn 0.87500250 0.40902410 -0.25897857
vn 0.92681325 0.37547505 -0.00597298
vn 0.93332409 0.28675166 0.21605468
vn 0.81879478 0.29184759 0.49436837
vn 0.75722726 0.17643830 0.62886914
vn 0.59083044 0.27789598 0.75742538
vn -0.34706255 0.37293586 -0.86050359
vn -0.25577093 0.71952963 -0.64564568
vn -0.58104915 0.45030024 -0.67794659
vn -0.43242542 0.72259174 -0.53932313
vn 0.70300641 0.63322287 -0.32374496
vn 0.80048943 0.38928205 -0.45571500
vn 0.72797316 0.68043949 -0.08400705
vn -0.05606453 0.72016150 -0.69153755
vn -0.08106084 0.36939215 -0.92573137
vn 0.15687491 0.72463641 -0.67103825
vn 0.21904742 0.37930022 -0.89897139
vn 0.37285272 0.73383138 -0.56786650
vn 0.62602393 0.36436843 0.68944157
vn 0.70384039 0.44378710 0.55467262
vn 0.75924171 0.52951742 0.37836929
vn 0.76961992 0.61950788 0.15458065
vn 0.26435048 0.26775587 0.92651261
vn 0.21696724 0.24013792 0.94618127
vn 0.10932576 0.26428743 0.95822755
vn 0.89505964 0.25561655 -0.36541540
vn 0.35176271 0.93137177 -0.09385956
vn 0.32978253 0.93137590 -0.15421548
vn -0.19539841 0.93130577 0.30739066
vn -0.09715679 0.93914486 0.32949582
vn 0.02779856 0.93922416 0.34217718
vn 0.14902040 0.93917880 0.30941250
vn 0.25027422 0.93918387 0.23515202
vn 0.31801667 0.93921205 0.12940680
vn 0.34307667 0.93928557 0.00640405
vn -0.21237918 0.97412364 0.07731892
vn -0.34724399 0.93131259 -0.10990210
vn 0.25888247 0.93920102 -0.22556885
vn 0.16037129 0.93922381 -0.30354520
vn 0.04050119 0.93917378 -0.34104585
vn -0.08456380 0.93935037 -0.33237005
vn -0.19827464 0.93935306 -0.27982672
vn -0.28612368 0.93923474 -0.18966113
vn -0.16841065 0.40771805 0.89744295
vn -0.15305595 0.58298122 0.79793908
vn -0.09769845 0.56065588 0.82226516
vn -0.11274560 0.28741238 0.95114802
vn -0.17575350 0.23068673 0.95702369
vn -0.07686997 0.77607589 0.62593708
vn -0.12418151 0.77387109 0.62104950
vn -0.07505238 0.93811478 0.33809436
vn -0.04405978 0.93783553 0.34427206
vn -0.02554134 0.99673315 0.07662029
vn -0.01203707 0.99639913 0.08392788
vn 0.29491573 0.06401122 0.95337677
vn 0.28633105 0.23148178 0.92974766
vn 0.14756150 0.10957542 0.98296431
vn 0.12536619 0.40850003 0.90410787
vn -0.05775048 0.10624604 0.99266140
vn -0.06027847 0.39510890 0.91665450
vn 0.26185461 0.44352600 0.85715626
vn 0.22302744 0.63740795 0.73754313
vn 0.08231017 0.74192894 0.66540701
vn 0.17323100 0.79475786 0.58167943
vn 0.08572073 0.94832472 0.30550317
vn 0.02452058 0.95076002 0.30895651
vn -0.00700833 0.99995243 0.00678372
vn -0.02043304 0.99973857 0.01026064
vn -0.05624559 0.72489144 0.68656305
vn -0.04340047 0.93805594 0.34375492
vn -0.02631248 0.99855525 0.04685161
vn 0.22220666 0.27514020 0.93537269
vn 0.25124608 0.05934627 0.96610218
vn 0.18483202 0.53316536 0.82557363
vn 0.14229192 0.70372583 0.69607684
vn 0.07642766 0.85308118 0.51615047
vn -0.11323848 0.99335015 -0.02079732
vn -0.06856085 0.99093952 0.11549145
vn 0.00980435 0.94512125 0.32657264
vn -0.15161874 0.09042827 0.98429390
vn -0.05586481 0.00892980 0.99839841
vn 0.05251254 0.08820949 0.99471680
vn 0.20141401 0.08958892 0.97540054
vn 0.30623064 0.09046817 0.94764883
vn 0.02669300 0.99619580 0.08295430
vn -0.08024252 0.99055351 0.11119750
vn 0.08259882 0.95289155 0.29184779
vn 0.30185286 0.31365351 0.90028125
vn 0.26139541 0.09011648 0.96101585
vn 0.28866036 0.36364920 0.88568304
vn 0.17798778 0.71452994 0.67658504
vn 0.19230215 0.62975129 0.75261756
vn 0.21907146 0.70934974 0.66994824
vn 0.20292055 0.54158935 0.81578443
vn 0.25423922 0.46365518 0.84875573
vn 0.07579870 0.89803315 0.43334861
vn 0.03824114 0.87095809 0.48986695
vn 0.13002330 0.79993890 0.58582566
vn 0.11119803 0.93313538 0.34189671
vn 0.07117121 0.93481290 0.34793607
vn 0.01692807 0.99644068 0.08257967
vn 0.01384953 0.93491650 0.35459742
vn 0.00323712 0.99649047 0.08364370
vn -0.04412491 0.93483014 0.35234301
vn -0.01041794 0.99646626 0.08334538
vn -0.07794208 0.93158585 0.35506738
vn -0.01885669 0.99615188 0.08559118
vn -0.19969452 0.36603289 0.90892355
vn -0.12673619 0.35896869 0.92470504
vn 0.04243417 0.36459613 0.93019837
vn 0.18627659 0.36692156 0.91141077
vn 0.14053326 0.71296106 0.68697666
vn 0.02725767 0.71375334 0.69986655
vn -0.08681613 0.71210646 0.69668311
vn -0.15182624 0.70808657 0.68961018
vn -0.04978992 0.92709981 0.37149281
vn -0.01235452 0.99556443 0.09326757
vn 0.04262428 0.92496200 0.37766183
vn 0.01081015 0.99529763 0.09625889
vn 0.15288946 0.92485837 0.34822667
vn 0.03895074 0.99527802 0.08890729
vn 0.24857202 0.92526692 0.28651888
vn 0.06350569 0.99528540 0.07330752
vn 0.32318032 0.92490581 0.20025915
vn 0.08246308 0.99528115 0.05113968
vn 0.36715645 0.92528298 0.09511857
vn 0.09362843 0.99531189 0.02424792
vn 0.37825703 0.92552338 -0.01811319
vn 0.09670374 0.99530278 -0.00455614
vn 0.35715572 0.92495253 -0.13001003
vn 0.09093919 0.99530587 -0.03311026
vn 0.30215383 0.92511812 -0.22991199
vn 0.07737102 0.99526794 -0.05878308
vn 0.22019514 0.92516702 -0.30916029
vn 0.05632020 0.99528033 -0.07902598
vn 0.11836155 0.92542862 -0.35996169
vn 0.03033817 0.99527216 -0.09226553
vn 0.00610755 0.92490579 -0.38014730
vn 0.00156411 0.99529037 -0.09692586
vn -0.10661104 0.92539613 -0.36369781
vn -0.02723022 0.99529378 -0.09299891
vn -0.20961925 0.92537104 -0.31582939
vn -0.05377303 0.99526369 -0.08098551
vn -0.27659538 0.92734744 -0.25203515
vn -0.06920040 0.99558818 -0.06336778
vn -0.28734975 0.93193234 -0.22120630
vn -0.06977581 0.99611044 -0.05380825
vn -0.73742394 0.36471348 -0.56849804
vn -0.69057234 0.35993288 -0.62734214
vn -0.52460344 0.36503527 -0.76911669
vn 0.27265024 0.37134749 -0.88756008
vn 0.01539856 0.35876830 -0.93329962
vn -0.24170263 0.37100204 -0.89662552
vn 0.53087120 0.36437539 -0.76511852
vn 0.75038619 0.37289796 -0.54577255
vn 0.87735057 0.35814422 -0.31935670
vn 0.92639178 0.37125615 -0.06298520
vn 0.38958997 0.37315847 0.84200500
vn 0.61218565 0.35665444 0.70570981
vn 0.77783456 0.37261397 0.50609508
vn 0.90450467 0.36394959 0.22228811
vn 0.11577222 0.36589411 0.92342747
vn -0.14403566 0.37468745 0.91589467
vn -0.55936256 0.70811581 -0.43091245
vn -0.52868269 0.69984603 -0.48032296
vn -0.39626919 0.69743948 -0.59711716
vn -0.20133442 0.69671379 -0.68851604
vn 0.01186284 0.69753773 -0.71644986
vn 0.22394843 0.69666328 -0.68154777
vn 0.41604665 0.69722215 -0.58376918
vn 0.57040223 0.69744705 -0.43383050
vn 0.67324293 0.69764230 -0.24502893
vn 0.71614356 0.69712356 -0.03401677
vn 0.69488875 0.69624030 0.17994186
vn 0.60969762 0.69676913 0.37786452
vn 0.46943482 0.69744716 0.54147799
vn 0.28766096 0.69748780 0.65632458
vn 0.08018832 0.69714404 0.71243246
vn -0.09570397 0.69972805 0.70796992
vn -0.16882208 0.93502962 -0.31179915
vn -0.04003521 0.99645423 -0.07400105
vn -0.05125260 0.99649421 -0.06612456
vn -0.13387235 0.93283323 -0.33451512
vn -0.03165944 0.99626846 -0.08029217
vn -0.33389949 0.71318580 -0.61634174
vn -0.26400459 0.70906515 -0.65385640
vn -0.44336678 0.36686943 -0.81782193
vn -0.34953846 0.36372861 -0.86343753
vn -0.68484035 0.00741987 -0.72865536
vn -0.59927828 0.08600588 -0.79590736
vn -0.56601543 0.36238274 -0.74047639
vn -0.47435674 0.08665591 -0.87605733
vn -0.74877052 0.08725672 -0.65706086
vn -0.26030345 0.93477176 -0.24175165
vn -0.51328827 0.71349175 -0.47693256
vn -0.69125864 0.35877461 -0.62724977
vn -0.42915435 0.71367816 -0.55361542
vn -0.21679645 0.93529310 -0.27968932
vn -0.06157536 0.99646594 -0.05713228
vn -0.37330833 0.08722812 -0.92359739
vn -0.63789459 0.77012369 0.00000000
vn -0.55209214 0.77042250 -0.31881568
vn -0.31887609 0.77011410 -0.55248738
vn -0.00000000 0.77037401 -0.63759226
vn 0.31901934 0.77020571 -0.55227695
vn 0.55227695 0.77020571 -0.31901934
vn 0.63759226 0.77037401 0.00000000
vn 0.55248738 0.77011410 0.31887609
vn 0.31881568 0.77042250 0.55209214
vn -0.00000000 0.77012369 0.63789459
vn -0.31867254 0.77033087 0.55230260
vn -0.55230260 0.77033087 0.31867254
vn -0.23555085 0.97141362 -0.02951893
vn -0.01781724 0.99853768 -0.05103964
vn -0.06670598 0.99715771 -0.03502581
vn 0.00000000 1.00000000 0.00000000
vn 0.00000000 1.00000000 0.00000000
vn -0.00196435 0.99997575 0.00668157
vn -0.21280559 0.96793334 -0.13348720
vn -0.16721248 0.90490723 -0.39138585
vn -0.27196362 0.70591130 -0.65400690
vn -0.36229316 0.37139985 -0.85487181
vn -0.42062375 0.09784237 -0.90194375
vn -0.37952751 0.08747539 -0.92103579
vn -0.44053311 0.09485513 -0.89271109
vn -0.74961825 0.04201557 -0.66053552
vn -0.37704086 0.86682875 -0.32626387
vn -0.29119312 0.87477761 -0.38726051
vn -0.33408559 0.75608091 -0.56278635
vn -0.34476465 0.92796685 -0.14147391
vn -0.25359477 0.79271974 -0.55433303
vn -0.28922977 0.62835675 -0.72215922
vn -0.37227352 0.48745510 -0.78981007
vn -0.34589762 0.23216803 -0.90909452
vn -0.34431134 0.06326614 -0.93672146
vn -0.36115956 0.14889902 -0.92053944
vn -0.32675020 0.43470696 -0.83920448
vn -0.43360820 0.45518012 -0.77768566
vn -0.40656773 0.28642849 -0.86756060
vn -0.44087579 0.62033515 -0.64870088
vn -0.42474394 0.74767477 -0.51046550
vn -0.38319353 0.85904893 -0.33940779
vn -0.54380468 0.83208843 -0.10911148
vn -0.48176134 0.85880372 -0.17424749
vn -0.54592424 0.65798876 -0.51866898
vn -0.38790004 0.87040222 0.30320543
vn -0.44905671 0.88220175 0.14166209
vn -0.37870548 0.92530537 -0.01980238
vn -0.43883294 0.84515445 -0.30518782
vn -0.38506894 0.91545931 0.11685959
vn -0.60795407 0.67046080 -0.42529303
vn -0.51449555 0.36624607 -0.77534389
vn -0.57545111 0.36427201 -0.73223079
vn -0.36846192 0.88611847 0.28112254
vn -0.46253200 0.86622219 0.18900600
vn -0.46166979 0.88251767 0.08957438
vn -0.79279694 0.22503903 -0.56641897
vn -0.76884438 0.20422409 -0.60594623
vn -0.73784060 0.48704537 -0.46730938
vn -0.75027930 0.49727953 -0.43565359
vn -0.61071216 0.75687096 -0.23275954
vn -0.60936208 0.75144866 -0.25298766
vn -0.45431127 0.88890950 -0.05866143
vn -0.45893123 0.88585645 -0.06812099
vn 0.03264262 0.72447779 -0.68852480
vn -0.55872395 0.79689526 -0.22975093
vn -0.43977143 0.89665325 -0.05112770
vn -0.51857072 0.80976529 -0.27452611
vn -0.43072798 0.90056192 -0.05883563
vn -0.46983057 0.82164246 -0.32274278
vn -0.42231908 0.90371023 -0.07038760
vn -0.40923893 0.83701399 -0.36322317
vn -0.41105227 0.90830109 -0.07762184
vn -0.34163035 0.85818910 -0.38314511
vn -0.39894400 0.91353160 -0.07939584
vn -0.26579711 0.88030292 -0.39296140
vn -0.38437492 0.91940794 -0.08333647
vn -0.20292656 0.90628362 -0.37077057
vn -0.37078987 0.92515828 -0.08122212
vn -0.34986966 0.93304713 -0.08375130
vn -0.09382154 0.35965028 -0.92835833
vn 0.08166949 0.38232672 -0.92041098
vn 0.27795856 0.39706488 -0.87468767
vn -0.72082409 0.31550759 -0.61714471
vn -0.59868873 0.31988509 -0.73433326
vn -0.45137934 0.33238571 -0.82811620
vn -0.28474922 0.34892587 -0.89284300
vn -0.67448073 0.58691612 -0.44788974
vn -0.59496884 0.59983421 -0.53498692
vn -0.49468082 0.61880934 -0.61021790
vn -0.37749067 0.64199145 -0.66734381
vn -0.24846927 0.66703788 -0.70236991
vn -0.10964944 0.69471439 -0.71087897
vn 0.90264529 0.42141714 -0.08740177
vn -0.33956340 0.93658285 -0.08665598
vn -0.20861368 0.97420754 -0.08602327
vn -0.04054057 0.98678770 -0.15686460
vn 0.76405773 0.63923596 -0.08713880
vn 0.58123758 0.76770836 -0.26979021
vn 0.48476230 0.86914136 -0.09797357
vn 0.30588706 0.93163849 -0.19617042
vn 0.13120632 0.98729915 -0.08958396
vn 0.08188110 0.02038321 -0.99643365
vn 0.08969822 0.02167210 -0.99573317
vn 0.36042090 0.08663994 -0.92875739
vn 0.35152664 0.08105729 -0.93266218
vn 0.69151524 0.16547607 -0.70315315
vn 0.69285933 0.14498083 -0.70634730
vn 0.90728559 0.21656190 -0.36046333
vn 0.91335524 0.18366896 -0.36338398
vn -0.03117712 0.08664557 -0.99575124
vn -0.12574650 0.34818425 -0.92895401
vn -0.05409942 0.37482896 -0.92551418
vn -0.01362606 0.09533210 -0.99535226
vn 0.06225458 0.37614052 -0.92446886
vn 0.01593571 0.09631806 -0.99522303
vn 0.18064554 0.33538413 -0.92459974
vn 0.04643595 0.08621436 -0.99519384
vn 0.27945887 0.25825031 -0.92477539
vn 0.07193058 0.06649468 -0.99519066
vn 0.34317507 0.16092395 -0.92538335
vn 0.08744423 0.04113291 -0.99531984
vn 0.69547821 0.61628393 -0.36946471
vn 0.84593631 0.39570348 -0.35750596
vn 0.45419351 0.81175277 -0.36710447
vn 0.13836653 0.91581551 -0.37701015
vn -0.15523683 0.91403457 -0.37475637
vn -0.31809377 0.87716223 -0.35972599
vn -0.24208153 0.66863635 -0.70308034
vn -0.10299592 0.70892730 -0.69772052
vn 0.11694976 0.70825617 -0.69620109
vn 0.34003236 0.63133062 -0.69699329
vn 0.52703524 0.48694314 -0.69650573
vn 0.64837772 0.30346690 -0.69822215
vn -0.12050741 0.05549004 -0.99116034
vn -0.11619147 0.23522499 -0.96497085
vn -0.29265566 0.39885671 -0.86906041
vn -0.32607163 0.63799584 -0.69759487
vn -0.41297693 0.83224480 -0.36989005
vn -0.48427449 0.87007403 -0.09192058
vn -0.49036471 0.87134927 0.01711465
vn -0.50288159 -0.86226590 -0.06006354
vn -0.46961274 -0.85660546 -0.21375444
vn -0.31802782 -0.87714979 -0.35981462
vn -0.39907877 -0.80472080 -0.43950037
vn -0.30127450 -0.63372451 -0.71247942
vn -0.24204953 -0.66866695 -0.70306225
vn -0.16045351 -0.32540409 -0.93186203
vn -0.12562579 -0.34822668 -0.92895443
vn -0.09889806 -0.05133413 -0.99377260
vn -0.03116080 -0.08666867 -0.99574974
vn 0.08968732 -0.02167200 -0.99573416
vn 0.36042332 -0.08659964 -0.92876021
vn 0.34314522 -0.16104476 -0.92537341
vn 0.08743746 -0.04114553 -0.99531992
vn 0.27955754 -0.25817120 -0.92476765
vn 0.07193884 -0.06648768 -0.99519053
vn 0.18065105 -0.33533999 -0.92461467
vn 0.04644511 -0.08619236 -0.99519532
vn 0.06217655 -0.37614408 -0.92447267
vn 0.01591501 -0.09630629 -0.99522450
vn -0.05417232 -0.37484721 -0.92550253
vn -0.01365601 -0.09533971 -0.99535112
vn 0.13280716 -0.91867063 -0.37203028
vn -0.13434026 -0.92434208 -0.35713360
vn 0.42788135 -0.82589880 -0.36716306
vn 0.69609757 -0.61501581 -0.37041022
vn 0.84597772 -0.39564690 -0.35747060
vn 0.90724918 -0.21662087 -0.36051953
vn 0.69155185 -0.16547571 -0.70311722
vn 0.64836955 -0.30339591 -0.69826059
vn 0.52769558 -0.48768327 -0.69548717
vn 0.34031149 -0.63129611 -0.69688830
vn 0.11684966 -0.70827374 -0.69620002
vn -0.10301298 -0.70889658 -0.69774921
vn 0.91318542 -0.19408485 -0.35836220
vn 0.68712624 -0.15141850 -0.71058425
vn 0.35152119 -0.08087990 -0.93267963
vn 0.08268152 -0.02018560 -0.99637157
vn 0.66259366 -0.21105686 -0.71862691
vn 0.71622546 -0.32561360 -0.61724944
vn 0.82390177 -0.26671975 -0.50004646
vn 0.68552218 -0.41690845 -0.59686404
vn 0.51430352 -0.25276146 -0.81951421
vn 0.26699321 -0.13294389 -0.95448444
vn 0.06497129 -0.03097494 -0.99740628
vn -0.03495755 -0.02061398 -0.99917618
vn -0.16098144 -0.07539047 -0.98407380
vn -0.16939205 -0.04508753 -0.98451686
vn -0.17118267 -0.01848575 -0.98506587
vn -0.17235645 -0.00362861 -0.98502796
vn -0.04142338 -0.01072852 -0.99908408
vn -0.04190570 -0.00460442 -0.99911096
vn -0.04299430 -0.00096975 -0.99907485
vn -0.04299691 0.00103171 -0.99907467
vn -0.17195456 0.00432646 -0.98509538
vn -0.17035009 0.07030867 -0.98287209
vn -0.16706311 0.04347522 -0.98498722
vn -0.16865855 0.01981161 -0.98547542
vn -0.04214591 0.00480792 -0.99909990
vn -0.04228584 0.01077733 -0.99904742
vn -0.04173652 0.01804735 -0.99896564
vn 0.26418223 0.13474290 -0.95501419
vn 0.06393022 0.03082261 -0.99747827
vn 0.67918914 0.43491830 -0.59122600
vn 0.67006911 0.21440358 -0.71066060
vn 0.82484936 0.26919074 -0.49715176
vn 0.51409581 0.26201074 -0.81673488
vn 0.72148190 0.34756075 -0.59888679
vn -0.01006157 0.63751299 -0.77037391
vn -0.32770343 0.54716063 -0.77021147
vn -0.55725546 0.31025510 -0.77020005
vn -0.63751299 -0.01006157 -0.77037391
vn -0.54716063 -0.32770343 -0.77021147
vn -0.31025510 -0.55725546 -0.77020005
vn 0.01006157 -0.63751299 -0.77037391
vn 0.32770343 -0.54716063 -0.77021147
vn 0.55725546 -0.31025510 -0.77020005
vn 0.63751299 0.01006157 -0.77037391
vn 0.54716063 0.32770343 -0.77021147
vn 0.31025510 0.55725546 -0.77020005
vn -0.01006157 0.63751299 -0.77037391
vn -0.32770343 0.54716063 -0.77021147
vn -0.55725546 0.31025510 -0.77020005
vn -0.63751299 -0.01006157 -0.77037391
vn -0.54716063 -0.32770343 -0.77021147
vn -0.31025510 -0.55725546 -0.77020005
vn 0.01006157 -0.63751299 -0.77037391
vn 0.32770343 -0.54716063 -0.77021147
vn 0.55725546 -0.31025510 -0.77020005
vn 0.63751299 0.01006157 -0.77037391
vn 0.54716063 0.32770343 -0.77021147
vn 0.31025510 0.55725546 -0.77020005
vn -0.01006157 0.63751299 -0.77037391
vn -0.32770343 0.54716063 -0.77021147
vn -0.55725546 0.31025510 -0.77020005
vn -0.63751299 -0.01006157 -0.77037391
vn -0.54716063 -0.32770343 -0.77021147
vn -0.31025510 -0.55725546 -0.77020005
vn 0.01006157 -0.63751299 -0.77037391
vn 0.32770343 -0.54716063 -0.77021147
vn 0.55725546 -0.31025510 -0.77020005
vn 0.63751299 0.01006157 -0.77037391
vn 0.54716063 0.32770343 -0.77021147
vn 0.31025510 0.55725546 -0.77020005
vn -0.01006157 0.63751299 -0.77037391
vn -0.32770343 0.54716063 -0.77021147
vn -0.55725546 0.31025510 -0.77020005
vn -0.63751299 -0.01006157 -0.77037391
vn -0.54716063 -0.32770343 -0.77021147
vn -0.31025510 -0.55725546 -0.77020005
vn 0.01006157 -0.63751299 -0.77037391
vn 0.32770343 -0.54716063 -0.77021147
vn 0.55725546 -0.31025510 -0.77020005
vn 0.63751299 0.01006157 -0.77037391
vn 0.54716063 0.32770343 -0.77021147
vn 0.31025510 0.55725546 -0.77020005
vn 0.66530785 0.70934555 -0.23279682
vn 0.67284030 0.71846742 -0.17632498
vn 0.71022517 0.70329999 -0.03081136
vn 0.77352387 0.61677470 0.14577312
vn 0.82804037 0.47692289 0.29477738
vn 0.86658358 0.30291311 0.39658106
vn 0.88776853 0.12579990 0.44276565
vn 0.90245955 0.02020715 0.43030040
vn 0.65170671 0.71293760 -0.25884039
vn 0.41912519 0.00805714 -0.90789270
vn 0.40539788 0.06420903 -0.91188253
vn 0.39631696 0.21396249 -0.89283421
vn 0.42512346 0.40160130 -0.81116363
vn 0.47331039 0.56017833 -0.67983639
vn 0.53404938 0.66917536 -0.51671617
vn 0.59840520 0.71987383 -0.35169999
vn 0.41471346 -0.02011433 -0.90972972
vn 0.56405274 -0.70339778 -0.43252292
vn 0.62882259 -0.71835996 -0.29755859
vn 0.65916633 -0.70958155 -0.24898549
vn 0.49902049 -0.61643304 -0.60908855
vn 0.44479300 -0.47709801 -0.75798198
vn 0.40885589 -0.30306151 -0.86080810
vn 0.39532087 -0.12564509 -0.90990918
vn 0.66577577 -0.71279807 -0.22059357
vn 0.87774534 -0.21342254 0.42896846
vn 0.89670869 -0.06441455 0.43790901
vn 0.90464815 -0.00837223 0.42607702
vn 0.84729174 -0.40168939 0.34747997
vn 0.79950849 -0.56027960 0.21650160
vn 0.74143906 -0.66896320 0.05250104
vn 0.68445602 -0.71987912 -0.11529960
vn -0.42678967 -0.89274309 0.14443116
vn -0.34234325 -0.91395666 0.21790896
vn -0.42947904 -0.90291388 0.01715444
vn -0.30794414 -0.95122764 -0.01834063
vn -0.24169524 -0.92889990 -0.28058579
vn -0.40294470 -0.90165866 -0.15699434
vn -0.35739623 -0.85228284 -0.38194489
vn -0.29257928 -0.79523591 -0.53103410
vn -0.21758657 -0.84711354 -0.48482444
vn -0.18421259 -0.89121340 -0.41449294
vn -0.15601716 -0.90882877 -0.38689651
vn -0.13979154 -0.95337714 -0.26745158
vn -0.30158665 -0.87091811 0.38800405
vn -0.38902400 -0.79482720 -0.46573604
vn -0.09295194 -0.99566673 0.00277360
vn -0.34472586 -0.89310895 -0.28899912
vn -0.18060204 -0.95893317 -0.21870089
vn -0.21476822 -0.97210667 -0.09425095
vn -0.24900925 -0.87525003 -0.41464658
vn -0.08108795 -0.99602433 0.03688209
vn 0.25748510 -0.02931551 0.96583747
vn 0.18701144 -0.17692047 0.96629492
vn -0.14231019 -0.98482745 0.09931109
vn -0.04823289 -0.98823043 0.14516961
vn -0.13779344 -0.95011910 0.27979754
vn 0.03560970 -0.94055706 0.33776377
vn -0.06004950 -0.87996116 0.47123499
vn 0.10206323 -0.84085981 0.53154291
vn 0.00440841 -0.75717541 0.65319672
vn 0.16291078 -0.68254888 0.71245147
vn 0.06079081 -0.60168272 0.79641847
vn 0.21832354 -0.49785107 0.83933256
vn 0.17263554 -0.37318422 0.91155390
vn 0.25744899 0.00724940 0.96626470
vn 0.07462722 0.62877857 0.77399502
vn 0.11041233 0.42245654 0.89963303
vn 0.20664521 0.52839441 0.82346652
vn 0.17110296 0.04808451 0.98407909
vn 0.24333055 0.12543438 0.96179856
vn 0.13576799 0.21986973 0.96603538
vn 0.23582864 0.32775503 0.91485600
vn -0.04818585 0.69098118 0.72126495
vn -0.39067571 0.78062096 0.48785593
vn -0.45960242 0.60928166 0.64617449
vn -0.22498862 0.90759902 0.35446317
vn -0.04055174 0.94246956 0.33182328
vn -0.23186617 0.35019203 0.90752610
vn -0.00025870 0.32162617 0.94686669
vn -0.40146043 0.45836247 0.79292709
vn 0.24579166 0.34041854 0.90758012
vn -0.87700421 0.25511537 0.40716061
vn -0.90466233 0.06985043 0.42036530
vn -0.76743139 0.05883421 0.63842587
vn -0.67248166 0.64585426 0.36144252
vn -0.78866128 0.50936249 0.34433012
vn -0.73873488 0.42933530 0.51955941
vn -0.65443069 0.19494853 0.73055838
vn -0.41465809 0.07897589 0.90654370
vn -0.01912906 0.07510015 0.99699250
vn -0.58545010 0.74182621 0.32701995
vn -0.39997876 0.88365891 0.24323636
vn -0.08530221 0.99525090 -0.04689552
vn -0.36863846 0.90601239 -0.20795971
vn -0.42114774 0.90631083 -0.03514629
vn -0.82946657 0.51707762 0.21122486
vn -0.69191269 0.69755117 0.18622350
vn -0.73193235 0.67968145 -0.04804340
vn -0.12087913 0.98402077 -0.13073395
vn 0.00000000 1.00000000 0.00000000
vn 0.00000000 1.00000000 0.00000000
vn 0.00000000 1.00000000 0.00000000
vn -0.12398692 0.98131746 -0.14711657
vn -0.17458636 0.97807666 -0.11351499
vn -0.27483354 0.96091608 0.03326878
vn -0.50337997 0.85584520 0.11890161
vn -0.11421451 0.97141593 -0.20810124
vn -0.96187778 0.09382198 0.25688240
vn -0.91862193 0.30874905 0.24659230
vn -0.99529729 0.09366125 -0.02471580
vn -0.93278772 0.35790595 -0.04254877
vn -0.93561714 0.09953837 -0.33869260
vn -0.80132180 0.37201992 -0.46849178
vn -0.82359076 0.10428408 -0.55751510
vn -0.52004776 0.34530136 -0.78122807
vn -0.65150113 0.12397539 -0.74844931
vn -0.26576179 0.90218366 -0.33975772
vn -0.63725152 0.68001441 -0.36261675
vn -0.42485485 0.68588428 -0.59081394
vn -0.15845678 0.98037128 0.11731838
vn -0.08016245 0.99598147 0.03993613
vn -0.08592589 0.99604952 0.02240746
vn -0.19687158 0.98030719 0.01547206
vn -0.04651898 0.69102836 0.72132918
vn -0.00041034 0.32174371 0.94682671
vn 0.16717274 0.34817682 0.92240239
vn -0.22487968 0.90712683 0.35573872
vn -0.39338297 0.77859912 0.48891026
vn -0.40302283 0.45896271 0.79178648
vn -0.23186617 0.35019203 0.90752610
vn -0.45929716 0.60962347 0.64606915
vn -0.87604230 0.25753333 0.40770880
vn -0.90346949 0.07271066 0.42244057
vn -0.76695797 0.05977483 0.63890723
vn -0.66992086 0.65007952 0.35861213
vn -0.79076429 0.50601989 0.34443535
vn -0.73937711 0.42818256 0.51959713
vn -0.65574901 0.19515960 0.72931884
vn -0.05416215 0.93892597 0.33983009
vn -0.41607474 0.07910161 0.90588340
vn -0.01956011 0.07517582 0.99697843
vn -0.57964778 0.74910326 0.32070665
vn -0.40080630 0.88373310 0.24159910
vn -0.08402518 0.99542286 -0.04553136
vn -0.36834281 0.90617958 -0.20775502
vn -0.42248494 0.90575635 -0.03334539
vn -0.82775427 0.51998144 0.21081313
vn -0.69368436 0.69650023 0.18354684
vn -0.73176873 0.67990392 -0.04738340
vn -0.09034457 0.99281965 -0.07840280
vn 0.00404271 0.99994277 0.00990512
vn 0.00392919 0.99993531 0.01067427
vn 0.00325939 0.99994324 0.01014387
vn -0.12247517 0.98132531 -0.14832552
vn -0.17158594 0.97908689 -0.10930289
vn -0.27446658 0.96096326 0.03489559
vn -0.50325086 0.85576109 0.12004804
vn -0.10979584 0.97364644 -0.19989368
vn -0.96213093 0.09128768 0.25684751
vn -0.91767490 0.31183443 0.24623580
vn -0.99558803 0.09109941 -0.02248053
vn -0.93269251 0.35830250 -0.04127959
vn -0.93317444 0.09851923 -0.34565797
vn -0.80142238 0.37141292 -0.46880125
vn -0.81786851 0.10270669 -0.56616467
vn -0.51834175 0.34331380 -0.78323526
vn -0.65128325 0.12255068 -0.74887346
vn -0.26566096 0.90216746 -0.33987957
vn -0.63842250 0.67967507 -0.36119041
vn -0.42297574 0.68592892 -0.59210898
vn -0.42118600 0.05788104 -0.90512548
vn -0.42158003 0.22451318 -0.87855797
vn -0.39960938 0.43355758 -0.80767578
vn -0.35941421 0.61970636 -0.69770012
vn -0.32568152 0.73873573 -0.59008565
vn -0.31646364 0.77761217 -0.54329557
vn -0.32724178 0.76249169 -0.55813908
vn -0.24373144 0.81918032 -0.51917107
vn -0.29890638 0.92152777 -0.24787405
vn -0.34911096 0.93334103 0.08364243
vn -0.37565385 0.83724786 -0.39736659
vn -0.38919382 0.87921873 -0.27477734
vn -0.42206532 0.89994295 -0.10937807
vn -0.44313057 0.89088972 0.09975375
vn -0.99632607 0.06780224 -0.05231847
vn -0.98103171 0.07965659 0.17672466
vn -0.94402167 0.30583224 0.12365167
vn -0.38754537 0.12394818 -0.91347985
vn -0.25863785 0.24695286 -0.93387405
vn -0.70215840 0.71091052 0.03974680
vn -0.17061214 0.56146879 -0.80971865
vn -0.48407025 0.68904803 -0.53934108
vn -0.66346374 0.70978609 -0.23668454
vn -0.82561062 0.56412225 -0.01154112
vn -0.89531558 0.38472646 0.22448954
vn -0.94750006 0.08807778 0.30738565
vn -0.79711212 0.41397697 -0.43958541
vn -0.89092235 0.08815783 -0.44551718
vn -0.89459545 0.33762655 -0.29275808
vn -0.94558969 0.05707105 -0.32031708
vn -0.95788881 0.20556057 -0.20048412
vn -0.97773277 0.03859215 -0.20627478
vn -0.49999186 0.07455144 -0.86281529
vn -0.62121595 0.05425791 -0.78175880
vn -0.48815990 0.19414630 -0.85088608
vn -0.72698374 0.08944209 -0.68080449
vn -0.58064555 0.33385492 -0.74255749
vn -0.76327912 0.09655225 -0.63881347
vn -0.68930786 0.41278377 -0.59536899
vn -0.80323089 0.09808979 -0.58753598
vn -0.85041054 0.09910757 -0.51670068
vn -0.81345382 -0.12693489 -0.56760939
vn -0.61112115 -0.38142486 -0.69357481
vn -0.73287812 -0.43968388 -0.51919915
vn -0.53565787 -0.23013246 -0.81247135
vn -0.51832703 0.01124780 -0.85510852
vn -0.94970315 -0.22832554 -0.21431608
vn -0.97366247 -0.12593876 -0.19005481
vn -0.85768178 -0.38378825 -0.34218202
vn -0.82810022 -0.37254894 -0.41887625
vn -0.84285710 -0.43271313 -0.31992383
vn -0.82085588 0.00030209 -0.57113530
vn -0.67771220 -0.37166596 -0.63448451
vn -0.56352241 -0.49287454 -0.66296092
vn -0.57967084 -0.71377957 -0.39306544
vn -0.75596964 -0.64422466 -0.11612276
vn -0.38935789 -0.14427731 -0.90971671
vn -0.22906987 0.04320503 -0.97245068
vn -0.22694398 -0.42356219 -0.87697862
vn -0.38480658 -0.65225658 -0.65305838
vn -0.54738710 0.06310563 -0.83449688
vn -0.98743530 -0.14834414 -0.05445682
vn -0.97426104 -0.03025238 -0.22338356
vn -0.96484753 -0.06116585 0.25559340
vn -0.99431296 0.01208092 0.10581012
vn -0.92467360 -0.28479042 0.25273140
vn -0.92224496 -0.38201046 0.05943266
vn -0.85287994 -0.48638161 0.18981239
vn -0.69649270 -0.71464358 0.06467205
vn 0.91210794 0.32165568 0.25415887
vn 0.53534482 -0.32217106 -0.78077636
vn 0.61594092 -0.55393692 -0.56015236
vn 0.91205290 0.32181437 0.25415551
vn 0.83180674 0.55404700 0.03360773
vn 0.91336087 -0.31566822 0.25714880
vn 0.53535694 -0.32201591 -0.78083206
vn 0.61615165 -0.55391803 -0.55993925
vn 0.53408574 0.31593390 -0.78417995
vn 0.83193904 0.55385677 0.03346800
vn 0.61386533 0.55048359 -0.56580666
vn 0.50579709 -0.00339135 -0.86264582
vn 0.53409594 0.31594834 -0.78416719
vn 0.72500131 -0.63768609 -0.26024901
vn 0.83382116 -0.55066256 0.03889752
vn 0.91339631 -0.31557946 0.25713186
vn 0.94189675 0.00363514 0.33588287
vn 0.50579807 -0.00335023 -0.86264540
vn 0.94188853 0.00361383 0.33590614
vn 0.72269696 0.63757635 -0.26684361
vn 0.72490412 -0.63774561 -0.26037389
vn 0.83385935 -0.55058993 0.03910639
vn 0.72298320 0.63687209 -0.26774846
vn 0.61377901 0.55073715 -0.56565353
vn -0.63336993 -0.75409806 0.17372005
vn -0.93707764 -0.10016092 0.33444475
vn -0.88983682 -0.34101792 0.30314552
vn -0.78780066 -0.56356410 0.24852692
vn -0.93789780 -0.07380855 0.33896905
vn -0.90486806 -0.27020744 0.32894031
vn -0.79822108 -0.52517779 0.29501085
vn -0.63005430 -0.73798289 0.24168746
vn -0.95794100 -0.19193069 0.21333458
vn -0.94999589 -0.05679047 0.30705480
vn -0.94435096 -0.07227677 0.32090080
vn -0.87953806 -0.47353165 -0.04669664
vn -0.93717587 -0.33734706 0.08887268
vn -0.76668380 -0.63065812 -0.12027589
vn -0.61755248 -0.78464521 -0.05441344
vn -0.60066658 -0.75832196 -0.25327351
vn -0.92773040 -0.30601631 0.21370614
vn -0.81684451 -0.56766312 0.10258472
vn -0.44176489 -0.89505413 0.06100726
vn -0.90637557 -0.28882388 0.30832464
vn -0.75057933 -0.62799070 -0.20556837
vn -0.53064996 -0.75142839 -0.39213008
vn -0.87100035 -0.49089429 0.01952424
vn -0.43360370 -0.89229777 -0.12566830
vn -0.31255724 -0.94969741 0.01956553
vn -0.34687904 -0.93255522 0.10007846
vn -0.49154141 -0.81679735 -0.30204160
vn -0.72688614 -0.67153763 -0.14378368
vn -0.67454065 -0.73823243 -0.00279139
vn -0.83411173 -0.53788401 0.12222277
vn -0.62823157 -0.76736171 0.12837878
vn -0.80052318 -0.55860126 0.21708814
vn -0.66785649 -0.70887285 0.22686337
vn -0.87714862 -0.36498475 0.31208401
vn -0.90996945 -0.29482630 0.29160426
vn -0.92731781 -0.28617760 0.24121374
vn -0.94673332 -0.26281846 0.18607114
vn -0.94976381 -0.06500132 0.30614300
vn -0.94475326 -0.07109358 0.31997966
vn -0.94026644 -0.07247487 0.33263556
vn -0.93642879 -0.08947734 0.33925642
vn -0.34002249 -0.93017397 0.13842361
vn -0.65686632 -0.70876631 0.25724882
vn -0.87033906 -0.36783818 0.32742175
vn -0.93515859 -0.08982795 0.34265048
vn -0.88475313 -0.29442147 0.36128644
vn 0.01466044 -0.10193841 0.99468268
vn 0.05303888 -0.27772137 0.95919639
vn -0.05703870 -0.48303805 0.87373956
vn -0.10736304 -0.64802043 0.75401771
vn -0.16896941 -0.78931758 0.59027713
vn -0.23005667 -0.88207338 0.41112101
vn -0.30505519 -0.92233036 0.23716667
vn -0.42026681 -0.01694102 0.90724242
vn -0.02238895 -0.02568587 0.99941932
vn -0.33358780 -0.10356405 0.93701316
vn -0.58883804 -0.07626654 0.80464475
vn -0.59968926 -0.18218024 0.77921958
vn -0.34444433 -0.25304172 0.90406194
vn -0.61556080 -0.29761390 0.72973342
vn -0.37256593 -0.41029733 0.83237656
vn -0.64165076 -0.39716888 0.65615637
vn -0.40991053 -0.54622477 0.73048741
vn -0.67718709 -0.47455044 0.56233400
vn -0.45575968 -0.65565096 0.60200077
vn -0.71795198 -0.52630658 0.45557254
vn -0.50966534 -0.73025400 0.45493993
vn -0.75524158 -0.55241497 0.35277168
vn -0.56213121 -0.76471582 0.31498923
vn -0.74915755 -0.00756885 0.66234861
vn -0.79915601 -0.04051831 0.59975657
vn -0.80148385 -0.09677392 0.59013427
vn -0.81165043 -0.15734522 0.56255316
vn -0.82476196 -0.21103164 0.52462687
vn -0.84267761 -0.25335427 0.47508532
vn -0.86405984 -0.28040440 0.41805976
vn -0.93416976 -0.07183407 0.34952356
vn -0.92870150 -0.07049072 0.36406672
vn -0.92325855 -0.06417168 0.37878179
vn -0.91956916 -0.05163829 0.38952027
vn -0.91644134 -0.03813388 0.39834794
vn -0.91236690 -0.02467689 0.40862904
vn -0.91341528 -0.00957166 0.40691634
vn -0.90562230 -0.00159281 0.42408221
vn -0.02923051 0.01553004 0.99945205
vn -0.42073276 0.01779462 0.90701009
vn -0.74907371 0.00903634 0.66242504
vn -0.90545057 0.00229492 0.42444552
vn -0.73165688 0.05510838 0.67944189
vn -0.04480481 0.66876569 0.74212194
vn -0.09332920 0.48701724 0.86839154
vn -0.06338765 0.30316620 0.95082715
vn -0.05673650 0.12215071 0.99088858
vn -0.12418363 0.66559600 0.73590787
vn -0.49172349 0.48481998 0.72329634
vn -0.41768772 0.09902288 0.90317852
vn -0.42876210 0.23364263 0.87268218
vn -0.45106963 0.37291709 0.81084464
vn -0.48071530 0.48643780 0.72958281
vn -0.77632519 0.26097168 0.57377085
vn -0.76615364 0.26752256 0.58432891
vn -0.74901828 0.20606418 0.62968975
vn -0.73706830 0.12904395 0.66338374
vn -0.89922742 0.01498025 0.43722493
vn -0.89989676 0.03490930 0.43470353
vn -0.90338634 0.05551221 0.42521937
vn -0.90799203 0.07183664 0.41278320
vn -0.91146717 0.06747547 0.40580126
vn -0.08199115 0.40397113 0.91108988
vn -0.06756092 0.60902092 0.79027150
vn -0.45446026 0.31329742 0.83385286
vn -0.76448937 0.15951576 0.62458845
vn -0.90948306 0.03858401 0.41394667
vn -0.04443427 0.20610605 0.97752028
vn 0.06533150 0.04513647 0.99684226
vn -0.14534636 0.05005697 0.98811373
vn -0.43172722 0.07245209 0.89908971
vn -0.75892945 0.03620100 0.65016581
vn -0.90721018 0.00714655 0.42061694
vn -0.58284783 0.04626624 -0.81126311
vn -0.72577834 0.06091244 -0.68522658
vn -0.91175370 0.07704806 -0.40344615
vn -0.99917759 0.03904935 -0.01092178
vn -0.96459196 0.00861020 0.26360619
vn -0.37965530 0.92298846 0.06288207
vn -0.34678038 0.92073178 0.17887526
vn -0.66008904 0.71137209 0.24131352
vn -0.88760102 0.28791091 -0.35954378
vn -0.64063358 0.16552568 -0.74979322
vn -0.65109354 0.38421579 -0.65456506
vn -0.60782614 0.55352598 -0.56934732
vn -0.82701482 0.53228464 -0.18088546
vn -0.55343841 0.71247526 -0.43137562
vn -0.73753024 0.67334440 0.05154092
vn -0.48398311 0.81117847 -0.32825272
vn -0.45203605 0.88522515 -0.10972622
vn -0.98883629 0.14892522 0.00490577
vn -0.95737541 0.27557162 0.08655981
vn -0.91041054 0.36121563 0.20168271
vn -0.87080066 0.37818216 0.31414084
vn -0.96180375 0.03679280 0.27125603
vn -0.95207611 0.06738508 0.29834600
vn -0.94102220 0.08309121 0.32798333
vn -0.93521013 0.09654585 0.34067713
vn -0.33909498 0.92985612 0.14276618
vn -0.65464669 0.70977780 0.26010225
vn -0.87003351 0.36742827 0.32869159
vn -0.93472139 0.09037519 0.34369791
vn -0.93672387 0.09012495 0.33826895
vn -0.87794854 0.36559296 0.30910863
vn -0.66924690 0.70879743 0.22296813
vn -0.35110605 0.92988492 0.10972044
vn -0.36238999 0.92702038 0.09647126
vn -0.66181586 0.70693052 0.24949752
vn -0.86804656 0.38027057 0.31920128
vn -0.93524568 0.09535887 0.34091378
vn 0.08894244 0.04191980 0.99515425
vn -0.12261434 0.04570796 0.99140128
vn -0.04451095 0.19046873 0.98068366
vn -0.08451426 0.38217851 0.92021570
vn -0.27354829 0.88539070 0.37583859
vn -0.30248320 0.93912436 0.16293973
vn -0.60079433 0.67566473 0.42722751
vn -0.19677019 0.81358942 0.54713230
vn -0.14129321 0.69040567 0.70949013
vn -0.06555841 0.57534917 0.81527629
vn -0.51360074 0.52477030 0.67884491
vn -0.45396094 0.29604436 0.84040300
vn -0.43328373 0.06825610 0.89866919
vn -0.84085911 0.34709320 0.41530985
vn -0.79307276 0.27966807 0.54112971
vn -0.75247239 0.17129519 0.63595853
vn -0.76044293 0.03316779 0.64855721
vn -0.92716819 0.08016394 0.36596843
vn -0.91605698 0.05464753 0.39730751
vn -0.90880641 0.02580144 0.41641949
vn -0.90759447 0.00627657 0.41980100
vn -0.99911291 0.04142789 -0.00755815
vn -0.96465292 0.00980616 0.26334119
vn -0.59239465 0.05051137 -0.80406292
vn -0.73623675 0.06842952 -0.67325541
vn -0.91166079 0.08211329 -0.40265619
vn -0.57387058 0.67975807 -0.45672915
vn -0.64835315 0.40253540 -0.64622244
vn -0.63510811 0.18411214 -0.75016026
vn -0.88475675 0.30260388 -0.35445222
vn -0.98759434 0.15662226 0.01126438
vn -0.96242082 0.03480425 0.26932292
vn -0.59810093 0.57717525 -0.55600721
vn -0.83372345 0.50093306 -0.23231719
vn -0.96285369 0.26203299 0.06520335
vn -0.95861475 0.06563185 0.27703829
vn -0.55935425 0.72022349 -0.41036685
vn -0.81307005 0.55642416 -0.17119943
vn -0.94648582 0.30634899 0.10156227
vn -0.95397231 0.07566301 0.29019295
vn -0.61299195 0.77573860 0.14990160
vn -0.62803211 0.73739473 0.24864570
vn -0.79347775 0.52793734 0.30277916
vn -0.92766938 0.29620255 0.22736220
vn -0.76272251 0.63431152 -0.12610814
vn -0.81427224 0.57257255 0.09550598
vn -0.59999782 0.75677416 -0.25941375
vn -0.61306136 0.78776375 -0.05986694
vn -0.79748868 0.55542356 0.23561933
vn -0.89987048 0.32429687 0.29165846
vn -0.90224885 0.26931281 0.33677532
vn -0.93650679 0.06231825 0.34506733
vn -0.93540293 0.07104665 0.34637225
vn -0.94590898 0.06860283 0.31709596
vn -0.93854925 0.09717590 0.33118295
vn -0.89284298 0.33916822 0.29630446
vn -0.78817968 0.56473268 0.24464217
vn -0.63447064 0.75357935 0.17194526
vn -0.50575029 0.00392341 0.86267100
vn -0.53545516 0.32177369 0.78086456
vn -0.61574535 0.55393016 0.56037402
vn -0.72489411 0.63779292 0.26028585
vn -0.83393762 0.55048667 -0.03889063
vn -0.91321037 0.31585105 -0.25745862
vn -0.94199950 -0.00344617 -0.33559657
vn -0.91187465 -0.32238714 -0.25406918
vn -0.83186811 -0.55397337 -0.03330094
vn -0.72279568 -0.63769026 0.26630347
vn -0.61344681 -0.55074916 0.56600209
vn -0.53444620 -0.31557026 0.78408078
vn -0.50569466 0.00387621 0.86270382
vn -0.53544848 0.32177043 0.78087049
vn -0.61574909 0.55390610 0.56039370
vn -0.72491524 0.63774241 0.26035076
vn -0.83399677 0.55039473 -0.03892345
vn -0.91320753 0.31583129 -0.25749294
vn -0.94199316 -0.00342879 -0.33561457
vn -0.91197930 -0.32217660 -0.25396063
vn -0.83185881 -0.55399070 -0.03324482
vn -0.72266563 -0.63777403 0.26645576
vn -0.61362346 -0.55090674 0.56565715
vn -0.53443187 -0.31539335 0.78416173
vn 0.65064250 -0.53647506 0.53745590
vn 0.52689548 -0.59242802 -0.60943432
vn 0.65325734 0.52972756 0.54096540
vn 0.53062182 0.58237899 -0.61585323
vn -0.13079242 0.73616324 -0.66404595
vn -0.12316490 -0.74136329 -0.65970515
vn -0.66943683 0.34538370 -0.65769631
vn -0.43683349 0.61366770 -0.65771457
vn -0.75334257 0.00000000 -0.65762830
vn -0.66943683 -0.34538370 -0.65769631
vn -0.43683349 -0.61366770 -0.65771457
vn -0.11087534 -0.74421901 0.65866890
vn -0.11701615 0.73990542 0.66245543
vn -0.66943683 -0.34538370 0.65769631
vn -0.43683349 -0.61366770 0.65771457
vn -0.66943683 0.34538370 0.65769631
vn -0.75334257 0.00000000 0.65762830
vn -0.43683349 0.61366770 0.65771457
vn -0.66160802 0.36814657 -0.65325563
vn -0.38911150 0.64949482 -0.65326007
vn 0.00000000 0.00000000 -1.00000000
vn -0.01211670 0.75711900 -0.65316461
vn 0.36814657 0.66160802 -0.65325563
vn -0.36814657 -0.66160802 -0.65325563
vn -0.64949482 -0.38911150 -0.65326007
vn -0.75711900 -0.01211670 -0.65316461
vn 0.66160802 -0.36814657 -0.65325563
vn 0.38911150 -0.64949482 -0.65326007
vn 0.01211670 -0.75711900 -0.65316461
vn 0.64949482 0.38911150 -0.65326007
vn 0.75711900 0.01211670 -0.65316461
vn 0.64949482 0.38911150 0.65326007
vn 0.36814657 0.66160802 0.65325563
vn 0.00000000 0.00000000 1.00000000
vn -0.01211670 0.75711900 0.65316461
vn -0.38911150 0.64949482 0.65326007
vn 0.38911150 -0.64949482 0.65326007
vn 0.66160802 -0.36814657 0.65325563
vn 0.75711900 0.01211670 0.65316461
vn -0.64949482 -0.38911150 0.65326007
vn -0.36814657 -0.66160802 0.65325563
vn 0.01211670 -0.75711900 0.65316461
vn -0.66160802 0.36814657 0.65325563
vn -0.75711900 -0.01211670 0.65316461
vn 0.37562459 -0.28732693 0.88110692
vn 0.59782292 -0.28209438 0.75035360
vn 0.49186098 -0.55588172 0.67012558
vn 0.39017171 -0.06667124 0.91832509
vn 0.61947062 -0.06634731 0.78221109
vn 0.08863242 -0.28270905 0.95510203
vn 0.12182474 -0.06662039 0.99031331
vn -0.09046190 -0.06447556 0.99381062
vn -0.21487542 -0.28147554 0.93520055
vn -0.26871986 -0.06693119 0.96089013
vn -0.17961401 -0.58327555 0.79216693
vn -0.32319948 -0.57537047 0.75132610
vn -0.37931189 -0.28185344 0.88129514
vn -0.12470139 -0.82585915 0.54991475
vn -0.22711759 -0.81879718 0.52724642
vn -0.05960618 -0.96299264 0.26285409
vn -0.11116915 -0.95979146 0.25776302
vn -0.01335723 -0.99818489 0.05872407
vn -0.02599027 -0.99786455 0.05992370
vn 0.02071832 -0.96380218 0.26581217
vn 0.00276014 -0.99811170 0.06136304
vn 0.41276495 -0.88170003 0.22853917
vn 0.38503261 -0.92087974 0.06107692
vn 0.21327099 -0.77484751 0.59508556
vn 0.48698517 -0.70684654 0.51304328
vn 0.05250194 -0.82615220 0.56099563
vn 0.43728942 -0.81693104 0.37603409
vn 0.07279500 -0.58386004 0.80858416
vn 0.33174834 -0.57459946 0.74818347
vn 0.63312921 -0.51821296 0.57498063
vn -0.39367689 -0.06598798 0.91687736
vn -0.41589731 -0.06442522 -0.90712668
vn -0.59680067 -0.06657541 -0.79962283
vn -0.55164822 -0.28256207 -0.78475660
vn -0.03828274 -0.99806502 -0.04899646
vn 0.25602192 -0.92114746 -0.29315547
vn -0.15181682 -0.96408064 -0.21794535
vn 0.17842698 -0.88711017 -0.42567517
vn -0.25111468 -0.95972988 -0.12593641
vn -0.05851547 -0.99785791 -0.02924954
vn -0.04802608 -0.99818341 -0.03637825
vn -0.21446337 -0.96304892 -0.16291791
vn -0.44898791 -0.82568826 -0.34153881
vn -0.51313258 -0.81863256 -0.25794513
vn -0.64650908 -0.58328483 -0.49173654
vn -0.73092844 -0.57538785 -0.36697744
vn -0.76258951 -0.28662877 -0.57991482
vn -0.85695709 -0.28252347 -0.43105109
vn -0.79463205 -0.06664041 -0.60342271
vn -0.89169396 -0.06678868 -0.44768421
vn -0.02483812 -0.28235981 -0.95898697
vn -0.02716789 -0.06678383 -0.99739753
vn -0.24338428 -0.06685538 -0.96762309
vn 0.04610813 -0.74881483 -0.66117350
vn 0.13872310 -0.50143882 -0.85399942
vn -0.21890076 -0.80142094 -0.55660303
vn -0.03816944 -0.56688637 -0.82291126
vn -0.23739145 -0.58300825 -0.77701138
vn -0.27623723 -0.28184175 -0.91883525
vn 0.08485791 -0.83548202 -0.54292627
vn -0.31854640 -0.82431205 -0.46801478
vn -0.46417840 -0.58365357 -0.66624839
vn -0.44201533 -0.06623371 0.89455885
vn -0.42338140 -0.28272125 0.86070720
vn -0.36285008 -0.57522268 0.73311574
vn -0.25516344 -0.81815213 0.51528508
vn -0.12510680 -0.95928188 0.25323224
vn -0.02918804 -0.99781794 0.05922347
vn -0.91400337 -0.06673899 -0.40017965
vn -0.87859892 -0.28217740 -0.38527892
vn -0.74919602 -0.57494732 -0.32884784
vn -0.52621906 -0.81834874 -0.23108191
vn -0.25834936 -0.95935998 -0.11350789
vn -0.06044228 -0.99781764 -0.02658370
vn -0.08392307 -0.91338831 -0.39834497
vn -0.20136328 -0.37287298 -0.90576960
vn 0.12256500 -0.36545521 -0.92272439
vn 0.05709218 -0.90285845 -0.42613037
vn 0.53632781 -0.36579769 -0.76062115
vn 0.24750987 -0.90287359 -0.35150838
vn 0.82820700 -0.36549293 -0.42483889
vn 0.38311679 -0.90241793 -0.19713802
vn 0.93087209 -0.36530993 0.00507994
vn 0.42995561 -0.90284549 0.00286468
vn 0.87642535 -0.37411479 0.30317771
vn 0.38271274 -0.91497911 0.12784439
vn 0.75234738 0.39545175 -0.52686937
vn 0.29049332 0.93505619 -0.20318353
vn 0.59101546 0.39446266 -0.70363338
vn 0.22827290 0.93485080 -0.27192916
vn 0.38784817 0.39560297 -0.83250951
vn 0.14991981 0.93508398 -0.32115730
vn 0.16006054 0.39464130 -0.90478664
vn 0.06157657 0.93503716 -0.34916163
vn -0.08017804 0.39548924 -0.91496434
vn -0.03116341 0.93480532 -0.35379071
vn -0.31427288 0.39441082 -0.86352340
vn -0.12107642 0.93504296 -0.33321938
vn -0.52663429 0.39550107 -0.75248603
vn -0.20366795 0.93488841 -0.29069404
vn -0.70429852 0.39426842 -0.59035244
vn -0.27197634 0.93489126 -0.22805088
vn -0.83248740 0.39529560 -0.38820886
vn -0.32171469 0.93487706 -0.15001515
vn -0.90499716 0.39436994 -0.15953837
vn -0.34944053 0.93491839 -0.06179745
vn -0.91499527 0.39548912 0.07982492
vn -0.35320570 0.93504116 0.03072076
vn -0.86327619 0.39436586 0.31500760
vn -0.33350732 0.93486124 0.12168541
vn -0.75238325 0.39536156 0.52688583
vn -0.29068038 0.93495057 0.20340193
vn -0.59106004 0.39483918 0.70338471
vn -0.22788920 0.93509816 0.27139998
vn -0.38766741 0.39574165 0.83252779
vn -0.14975383 0.93501936 0.32142276
vn -0.16006054 0.39464130 0.90478664
vn -0.06157657 0.93503716 0.34916163
vn 0.08017804 0.39548924 0.91496434
vn 0.03116341 0.93480532 0.35379071
vn 0.31427288 0.39441082 0.86352340
vn 0.12107642 0.93504296 0.33321938
vn 0.52663429 0.39550107 0.75248603
vn 0.20366795 0.93488841 0.29069404
vn 0.70429852 0.39426842 0.59035244
vn 0.27197634 0.93489126 0.22805088
vn 0.83236527 0.39525895 0.38850795
vn 0.32173936 0.93485804 0.15008078
vn 0.90495725 0.39435393 0.15980412
vn 0.34954351 0.93488255 0.06175712
vn 0.91499704 0.39547785 -0.07986046
vn 0.35320570 0.93504116 -0.03072076
vn 0.86327619 0.39436586 -0.31500760
vn 0.33355980 0.93485055 -0.12162361
vn -0.64921572 -0.39601438 -0.64937783
vn -0.66975892 -0.09562903 -0.73639533
vn -0.79148648 -0.39000264 -0.47058164
vn -0.85661872 -0.07921176 -0.50983317
vn -0.57535860 -0.16925666 -0.80019664
vn -0.43034338 -0.10297817 -0.89677203
vn -0.59256735 -0.07474584 -0.80204550
vn -0.57200207 -0.01401036 -0.82013252
vn -0.58561618 -0.37548798 -0.71837488
vn -0.20158814 -0.91588587 0.34715314
vn -0.46007790 -0.37489593 0.80484866
vn -0.68459439 -0.36611832 0.63030777
vn -0.31492500 -0.90365045 0.29023802
vn -0.89003466 -0.36626470 0.27145619
vn -0.40842633 -0.90442353 0.12331267
vn -0.91945850 -0.36664218 -0.14201965
vn -0.42214888 -0.90425455 -0.06414069
vn -0.76678084 -0.36632802 -0.52711567
vn -0.35329722 -0.90373176 -0.24176432
vn -0.25369759 -0.91733762 -0.30680486
vn -0.05939715 -0.19284159 -0.97943050
vn 0.20281765 -0.23981950 -0.94939539
vn -0.13058727 -0.15949656 -0.97852328
vn 0.03619691 -0.37550665 -0.92611260
vn 0.45635463 -0.52633028 -0.71743772
vn 0.00495898 -0.31895998 -0.94775521
vn -0.19913355 -0.06407389 -0.97787543
vn 0.60364001 -0.05755249 -0.79517699
vn 0.43475512 -0.06796023 -0.89798073
vn 0.46043819 -0.27408667 -0.84431817
vn 0.17473194 -0.06153191 -0.98269150
vn 0.74882661 -0.06167212 -0.65989034
vn 0.71784621 -0.28336470 -0.63592552
vn 0.86769672 -0.06460150 -0.49287833
vn 0.88852752 -0.28302600 -0.36113034
vn 0.94436301 -0.06717951 -0.32197114
vn 0.95620711 -0.28760193 -0.05434239
vn 0.99609888 -0.06718947 -0.05720663
vn 0.92973871 -0.28644644 0.23137496
vn 0.96792968 -0.06660429 0.24223132
vn 0.78875093 -0.58203177 0.19776498
vn 0.75441945 -0.57444276 0.31759534
vn 0.88469273 -0.28217623 0.37107323
vn 0.54838748 -0.82486974 0.13733563
vn 0.53036106 -0.81803398 0.22257033
vn 0.26258199 -0.96263722 0.06618374
vn 0.26035133 -0.95928225 0.10952060
vn 0.05896928 -0.99814813 0.01493100
vn 0.06087362 -0.99781652 0.02562419
vn 0.26733027 -0.96348552 -0.01517153
vn 0.05936968 -0.99823027 -0.00340144
vn 0.24788613 -0.96339489 -0.10209191
vn 0.05518669 -0.99822226 -0.02251125
vn 0.21221383 -0.96671684 -0.14291198
vn -0.20158541 -0.68517607 -0.69992648
vn 0.42307150 -0.82894056 -0.36587982
vn -0.00813707 -0.51240938 -0.85870275
vn -0.08413229 -0.58743201 -0.80488843
vn 0.60398589 -0.57669522 -0.55011241
vn -0.11937449 -0.03768271 -0.99213393
vn -0.29305466 -0.01092282 -0.95603329
vn 0.56145702 -0.82689289 -0.03184599
vn 0.52013169 -0.82688747 -0.21382268
vn 0.81021421 -0.58425597 -0.04688183
vn 0.75039440 -0.58395823 -0.30967892
vn 0.91986328 -0.06653846 0.38655423
vn -0.81087031 -0.28919438 -0.50877888
vn -0.63529219 -0.26840836 -0.72412760
vn -0.81216012 -0.55070183 -0.19267442
vn -0.62279756 -0.37919468 -0.68434976
vn -0.55685249 -0.83006433 0.03014158
vn -0.55938130 -0.52465453 -0.64173997
vn -0.45358276 -0.55310043 -0.69881514
vn -0.05410835 -0.99853501 -0.00035943
vn -0.27388536 -0.69341567 -0.66645444
vn -0.37558932 -0.63457300 -0.67546264
vn -0.30407356 -0.94475799 0.12235850
vn -0.25018730 -0.96317038 0.09853489
vn -0.05573707 -0.99820525 0.02190116
vn -0.20819776 -0.96316018 0.17022386
vn -0.04635795 -0.99820690 0.03786733
vn -0.15359885 -0.96252420 0.22350514
vn -0.03452926 -0.99813240 0.05039296
vn -0.56676583 -0.06714607 0.82113817
vn -0.95689917 -0.28311074 0.06474790
vn -0.92808723 -0.06700522 0.36628459
vn -0.89172530 -0.28660760 0.35025999
vn -0.77305587 -0.06786907 0.63069676
vn -0.74250814 -0.28746275 0.60501804
vn -0.54278822 -0.28661767 0.78944997
vn -0.67018955 -0.04086452 -0.74106414
vn -0.84413358 -0.06171953 -0.53256849
vn -0.95206677 -0.06802440 -0.29823070
vn -0.92956733 -0.28601565 -0.23259327
vn -0.99038645 -0.06522573 -0.12198476
vn -0.99397566 -0.06660645 0.08704008
vn -0.32133967 -0.82442234 0.46590624
vn -0.43610277 -0.82604426 0.35702275
vn -0.52411541 -0.82638810 0.20587800
vn -0.81053746 -0.58323932 0.05348760
vn -0.75613647 -0.58339396 0.29649472
vn -0.62915616 -0.58352606 0.51347821
vn -0.46257266 -0.58117153 0.66952684
vn -0.60634995 -0.76392820 0.22080183
vn -0.63567900 -0.76378227 -0.11202164
vn -0.49439442 -0.76388953 -0.41478543
vn -0.22067669 -0.76372561 -0.60665063
vn 0.11207802 -0.76369784 -0.63577049
vn 0.41475481 -0.76384069 -0.49449554
vn 0.60634827 -0.76393855 -0.22077064
vn 0.63557429 -0.76384117 0.11221409
vn 0.49435023 -0.76383921 0.41493072
vn 0.22067669 -0.76372561 0.60665063
vn -0.11207802 -0.76369784 0.63577049
vn -0.41475481 -0.76384069 0.49449554
vn -0.33175661 -0.07604690 0.94029486
vn -0.30379424 -0.38970112 0.86939180
vn -0.49724161 -0.07790913 0.86410702
vn -0.47046999 -0.39033333 0.79138984
vn -0.93628298 -0.07857429 -0.34234524
vn -0.86945872 -0.38956467 -0.30377772
vn 0.09292122 -0.01783254 0.99551376
vn 0.01222979 -0.37564552 0.92668273
vn -0.07980339 -0.39606538 0.91474785
vn -0.03738582 -0.09351658 0.99491555
vn 0.24629541 -0.10244267 0.96376557
vn 0.04494406 -0.12033085 0.99171595
vn 0.21023267 -0.91515353 -0.34394220
vn 0.47574259 -0.37403610 -0.79609420
vn 0.70928097 -0.36532339 -0.60287587
vn 0.32792681 -0.90276756 -0.27834284
vn 0.90758464 -0.36551913 -0.20660561
vn 0.41943036 -0.90276756 -0.09533574
vn 0.89967576 -0.36558129 0.23860814
vn 0.41602477 -0.90264833 0.11022424
vn 0.68707040 -0.36553793 0.62794609
vn 0.31731164 -0.90276370 0.29039805
vn 0.40618869 -0.37161189 0.83481456
vn 0.19511131 -0.91469380 0.35393055
vn 0.75189970 0.39544764 -0.52751114
vn 0.29040503 0.93501410 -0.20350321
vn 0.59092769 0.39458788 -0.70363689
vn 0.22809596 0.93497776 -0.27164099
vn 0.38820878 0.39558440 -0.83235025
vn 0.14993336 0.93494168 -0.32156500
vn 0.16012440 0.39459175 -0.90479696
vn 0.06165823 0.93506016 -0.34908560
vn -0.08017804 0.39548924 -0.91496434
vn -0.03112624 0.93479990 -0.35380828
vn -0.31414484 0.39459684 -0.86348501
vn -0.12104283 0.93514655 -0.33294078
vn -0.52669244 0.39557716 -0.75240533
vn -0.20383965 0.93485293 -0.29068779
vn -0.70374600 0.39417959 -0.59107023
vn -0.27199544 0.93483804 -0.22824617
vn -0.83259949 0.39504412 -0.38822447
vn -0.32213288 0.93471676 -0.15011658
vn -0.90521714 0.39406107 -0.15905280
vn -0.34954351 0.93488255 -0.06175712
vn -0.91499704 0.39547785 0.07986046
vn -0.35320570 0.93504116 0.03072076
vn -0.86363967 0.39427254 0.31412686
vn -0.33374769 0.93479458 0.12153834
vn -0.75239478 0.39528315 0.52692819
vn -0.29069971 0.93492105 0.20350998
vn -0.59061322 0.39423618 0.70409790
vn -0.22827290 0.93485080 0.27192916
vn -0.38784817 0.39560297 0.83250951
vn -0.14991981 0.93508398 0.32115730
vn -0.16006054 0.39464130 0.90478664
vn -0.06157657 0.93503716 0.34916163
vn 0.08017804 0.39548924 0.91496434
vn 0.03116341 0.93480532 0.35379071
vn 0.31427288 0.39441082 0.86352340
vn 0.12107642 0.93504296 0.33321938
vn 0.52720918 0.39557637 0.75204376
vn 0.20369356 0.93493101 0.29053905
vn 0.70398067 0.39447026 0.59059667
vn 0.27167373 0.93500792 0.22793326
vn 0.83196693 0.39552629 0.38908865
vn 0.32173936 0.93485804 0.15008078
vn 0.90495725 0.39435393 0.15980412
vn 0.34950951 0.93490760 0.06157011
vn 0.91518731 0.39499387 -0.08007518
vn 0.35403920 0.93471880 -0.03093575
vn 0.86340929 0.39420488 -0.31484425
vn 0.33342605 0.93493616 -0.12133198
vn -0.02838406 -0.06505027 0.99747822
vn 0.02994007 -0.36473282 0.93063073
vn -0.05513055 -0.43507850 0.89870313
vn -0.50254889 -0.57457636 0.64599274
vn -0.92397094 -0.28589805 -0.25404726
vn -0.78386345 -0.58198305 -0.21645744
vn -0.54506922 -0.82474862 -0.15062956
vn -0.26180841 -0.96239931 -0.07241494
vn -0.05898943 -0.99812390 -0.01639920
vn -0.26906997 -0.96311403 0.00356565
vn -0.05991140 -0.99820341 0.00075680
vn -0.25493667 -0.96317127 0.08548921
vn -0.05673274 -0.99820848 0.01900608
vn -0.21176449 -0.96556215 0.15114740
vn -0.05362670 -0.99798480 0.03391936
vn 0.10798147 -0.63156090 0.76777004
vn 0.20036477 -0.68126664 0.70408077
vn -0.44636759 -0.82619012 0.34375262
vn -0.02457512 -0.52314770 0.85188764
vn 0.04052412 -0.56404233 0.82475090
vn -0.65291003 -0.57802653 0.48948322
vn -0.55604399 -0.27779265 0.78335581
vn -0.33663621 -0.24317408 0.90969359
vn 0.00858448 -0.22809443 0.97360117
vn -0.31612257 -0.07400687 0.94582742
vn -0.77076001 -0.28321178 0.57071893
vn -0.58314381 -0.06651387 0.80964140
vn -0.96193858 -0.06704980 -0.26491223
vn -0.99765141 -0.06717801 0.01337073
vn -0.95784986 -0.28702520 0.01183944
vn -0.96340757 -0.06771652 0.25934595
vn -0.90992637 -0.28368715 0.30258155
vn -0.90366444 -0.06503993 0.42327341
vn -0.79234221 -0.06549375 0.60655123
vn -0.56333418 -0.82619599 0.00740146
vn -0.53401120 -0.82617568 0.17962678
vn -0.81183641 -0.58379573 0.01020765
vn -0.76962909 -0.58360708 0.25898619
vn 0.51315015 -0.10482961 0.85187304
vn 0.76502136 -0.24727973 0.59463859
vn 0.51565851 -0.16698884 0.84036363
vn 0.36641631 -0.01089970 0.93038717
vn 0.54736101 -0.03835772 0.83601711
vn 0.45967958 -0.06917143 0.88538692
vn 0.76612908 -0.06614672 0.63927368
vn 0.98220545 -0.05926802 -0.17821266
vn 0.92947450 -0.06820003 -0.36252711
vn 0.91316123 -0.28524306 -0.29115796
vn 0.79971422 -0.06684539 -0.59664802
vn 0.76740800 -0.28637152 -0.57365174
vn 0.58472540 -0.06640054 -0.80850923
vn 0.56405975 -0.28627644 -0.77452075
vn 0.99791553 -0.06242087 0.01637798
vn 0.95891556 -0.28290925 0.02105478
vn 0.97273154 -0.06438361 0.22281855
vn 0.89698723 -0.27463665 0.34639372
vn 0.91084070 -0.06727808 0.40723812
vn 0.58847054 -0.21895950 0.77830531
vn 0.78888910 -0.57114309 0.22682495
vn 0.58626887 -0.40371020 0.70235809
vn 0.80731462 -0.58964585 0.02368295
vn 0.53467047 -0.50861075 0.67486488
vn 0.28128814 -0.95903549 -0.03358444
vn 0.36290907 -0.62903857 0.68746453
vn 0.29472334 -0.68505038 0.66621627
vn 0.25501758 -0.96349314 -0.08152918
vn 0.05679345 -0.99821457 -0.01849822
vn 0.21461298 -0.96349149 -0.16007940
vn 0.04764545 -0.99823044 -0.03557943
vn 0.15865259 -0.96263248 -0.21947222
vn 0.03556995 -0.99814971 -0.04931474
vn 0.45687587 -0.06692847 -0.88700903
vn 0.44047438 -0.28227380 -0.85223461
vn 0.37440596 -0.57438803 -0.72794132
vn 0.59666816 -0.79997982 -0.06339867
vn 0.53603862 -0.82678124 -0.17057369
vn 0.45063850 -0.82692240 -0.33633954
vn 0.33100907 -0.82523076 -0.45763215
vn 0.12885160 -0.95932405 -0.25118644
vn 0.03010662 -0.99782023 -0.05872290
vn 0.77336420 -0.58422369 -0.24615137
vn 0.65017605 -0.58453276 -0.48537877
vn 0.47675684 -0.58240089 -0.65841638
vn 0.26263075 -0.81806307 -0.51166190
vn -0.60642189 -0.76389200 0.22072948
vn -0.63564642 -0.76378981 -0.11215508
vn -0.49435091 -0.76378846 -0.41502332
vn -0.22067669 -0.76372561 -0.60665063
vn 0.11220528 -0.76374814 -0.63568762
vn 0.41479665 -0.76362283 -0.49479683
vn 0.60614721 -0.76403602 -0.22098536
vn 0.63539640 -0.76394903 0.11248684
vn 0.49449833 -0.76357943 0.41523229
vn 0.22082724 -0.76379387 0.60650989
vn -0.11207802 -0.76369784 0.63577049
vn -0.41474080 -0.76379498 0.49457790
vn 0.35401131 -0.38803108 0.85094528
vn 0.37596816 -0.06649944 0.92424335
vn 0.76081835 -0.06717640 0.64547871
vn 0.71595035 -0.38745736 0.58076837
vn 0.70403799 -0.06650341 0.70704158
vn 0.63627063 -0.38665537 0.66757570
vn 0.54984902 -0.08272354 0.83115755
vn 0.46313674 -0.06700943 0.88375002
vn 0.46235312 -0.28219321 0.84059299
vn 0.03313674 -0.99924662 0.02020293
vn 0.04393727 -0.99766033 0.05237737
vn 0.73146098 -0.67890714 -0.06363906
vn 0.17638970 -0.95743301 0.22849224
vn 0.60310597 -0.43339992 0.66964744
vn 0.69817364 -0.53452411 0.47627464
vn 0.31266653 -0.80636873 0.50200510
vn 0.81757495 -0.55222308 0.16315903
vn 0.06982608 -0.95340686 0.29349562
vn 0.53167957 -0.38660721 0.75355936
vn 0.40839063 -0.56839386 0.71424472
vn 0.44232589 -0.37837167 0.81313141
vn 0.37098045 -0.37177692 0.85097323
vn -0.23385458 -0.47791466 0.84670515
vn 0.32500862 -0.43829231 0.83801506
vn 0.36636391 -0.23512486 0.90027428
vn 0.63255717 -0.06667975 0.77163802
vn 0.68131134 -0.26048740 0.68407688
vn 0.59410282 -0.28343331 0.75279971
vn 0.62446250 -0.46210973 0.62968340
vn 0.50207350 -0.57361217 0.64721811
vn 0.55053501 -0.62520085 0.55320440
vn 0.35665109 -0.81215466 0.46174106
vn 0.44313203 -0.77793832 0.44547275
vn 0.32682306 -0.88498818 0.33163625
vn 0.18642154 -0.96442825 0.18741708
vn 0.04815196 -0.99766358 0.04846408
vn 0.08498703 -0.06676381 -0.99414275
vn 0.05836691 -0.38658938 -0.92040315
vn 0.16793220 -0.06665694 -0.98354239
vn 0.17544864 -0.38731689 -0.90509856
vn -0.11326641 -0.08247311 -0.99013580
vn -0.01178864 -0.06736859 -0.99765851
vn -0.02892250 -0.28373338 -0.95846693
vn 0.27961638 -0.54906039 -0.78762134
vn -0.08453284 -0.80543585 -0.58662363
vn 0.55310412 -0.57215465 -0.60556988
vn -0.12223155 -0.95445245 -0.27217635
vn 0.59458131 -0.68239987 -0.42520994
vn -0.13591292 -0.39624921 -0.90802767
vn -0.14677508 -0.56923605 -0.80896687
vn 0.03369044 -0.42903725 -0.90265829
vn 0.14843998 -0.49365050 -0.85689834
vn 0.00572251 -0.99767882 -0.06785440
vn -0.00000585 -0.99766586 -0.06828493
vn 0.02236127 -0.96447185 -0.26323759
vn -0.01189234 -0.95744672 -0.28836497
vn 0.03731566 -0.88444260 -0.46515462
vn -0.02364611 -0.81220379 -0.58289438
vn 0.05344240 -0.77731863 -0.62683303
vn -0.03170245 -0.57350575 -0.81858788
vn 0.06632968 -0.62617661 -0.77685470
vn 0.07352551 -0.46252820 -0.88355060
vn 0.08209810 -0.26000102 -0.96211193
vn -0.30579641 -0.06687464 -0.94974541
vn -0.21321214 -0.06624799 -0.97475730
vn -0.29806268 -0.23470027 -0.92524290
vn -0.18616272 -0.28204503 -0.94116632
vn -0.28962666 -0.43815566 -0.85096182
vn -0.71357441 -0.48299521 -0.50747137
vn -0.25434972 -0.37923315 -0.88965636
vn 0.01251358 -0.99923991 -0.03691905
vn -0.25178106 -0.38497453 -0.88791942
vn -0.08719152 -0.99592058 -0.02323450
vn -0.11553626 -0.99328528 -0.00597662
vn -0.35287074 -0.92909013 -0.11078704
vn -0.84993224 -0.51449357 0.11362899
vn -0.65951662 -0.70801012 -0.25250645
vn -0.90569173 -0.42250872 -0.03476891
vn -0.78834753 -0.41529161 -0.45391746
vn -0.81493389 -0.26811669 -0.51380560
vn -0.87671719 -0.27174423 -0.39689047
vn -0.91296099 -0.35227565 -0.20592256
vn -0.84402580 -0.39254102 -0.36542029
vn -0.90192234 -0.28775973 -0.32207208
vn -0.83352229 -0.24230076 -0.49651881
vn -0.82943452 -0.39015092 0.39977573
vn -0.90559158 -0.08164200 0.41621925
vn -0.72858766 -0.03944822 0.68381566
vn -0.67546260 -0.40076513 0.61898108
vn -0.99763664 -0.03997294 -0.05588654
vn -0.91557199 -0.40018633 -0.03973455
vn -0.96124247 -0.08170343 0.26332007
vn -0.89249083 -0.38983975 0.22690326
vn -0.44100380 -0.27814141 0.85331882
vn -0.34114789 -0.27616694 0.89852654
vn -0.31367973 -0.41365255 0.85469094
vn -0.52248090 -0.30283529 0.79705991
vn -0.40967828 -0.39382083 0.82284195
vn -0.62392624 -0.38355517 0.68088287
vn -0.34238369 -0.70677524 0.61906556
vn -0.70697660 -0.43534938 0.55736433
vn -0.72579484 -0.51178906 0.45966706
vn -0.19929070 -0.92901055 0.31180540
vn -0.08452183 -0.99330954 0.07869062
vn -0.05185266 -0.99591866 0.07387371
vn -0.32325769 -0.24547486 0.91391825
vn 0.50786337 -0.39180383 0.76717961
vn 0.95263449 -0.06493471 -0.29710438
vn 0.94951395 -0.09356441 -0.29944775
vn 0.95849804 -0.01936727 -0.28444054
vn 0.89789863 -0.37435496 -0.23159537
vn 0.88624912 -0.38740855 -0.25392345
vn 0.96032790 -0.00247517 -0.27886234
vn 0.95900606 -0.00997800 -0.28320986
vn 0.91938485 -0.09232749 -0.38237042
vn 0.92064925 -0.06642390 -0.38469836
vn 0.91712800 -0.01923160 -0.39812858
vn 0.91668775 -0.00972682 -0.39948587
vn 0.91528570 -0.00241207 -0.40279806
vn 0.84251297 -0.38720135 -0.37449567
vn 0.83705715 -0.37436250 -0.39898378
vn -0.10412067 -0.39185259 -0.91411730
vn 0.90606715 -0.06601211 0.41795301
vn 0.87144895 -0.28183984 0.40142625
vn 0.74314238 -0.57474870 0.34264170
vn 0.52228703 -0.81803440 0.24090659
vn 0.25640192 -0.95933638 0.11803288
vn 0.06000349 -0.99781639 0.02760508
vn 0.38736354 -0.91614825 -0.10306244
vn 0.89486312 -0.37471788 -0.24250052
vn 0.92941739 -0.36887878 -0.01057177
vn 0.41668738 -0.90903747 -0.00474372
vn 0.88036483 -0.36878312 0.29825623
vn 0.39481209 -0.90897054 0.13377580
vn 0.73153114 -0.36904439 0.57329612
vn 0.32783800 -0.90914091 0.25687554
vn 0.50045973 -0.36899240 0.78318878
vn 0.22434319 -0.90909101 0.35103228
vn 0.21257344 -0.36888439 0.90484078
vn 0.09528305 -0.90901344 0.40572861
vn -0.09945826 -0.36900291 0.92409140
vn -0.04462375 -0.90912890 0.41411758
vn -0.39999956 -0.36905030 0.83892921
vn -0.17934402 -0.90912604 0.37593293
vn -0.65556366 -0.36880982 0.65895038
vn -0.29401243 -0.90898230 0.29547904
vn -0.76857446 -0.37816532 0.51602741
vn -0.32366468 -0.92060322 0.21847398
vn 0.01751668 0.99862444 0.04942060
vn -0.56069792 0.70701426 0.43098570
vn -0.59696287 0.69969423 0.39250900
vn 0.02626909 0.99925680 0.02820963
vn 0.74133390 0.67108292 -0.00847181
vn 0.69978595 0.68897364 -0.18871920
vn 0.01964441 0.99871114 0.04679916
vn 0.66548475 0.71081241 -0.22776253
vn 0.69236639 0.70525531 -0.15245893
vn 0.16954193 0.67107239 0.72174606
vn 0.39910864 0.67123056 0.62462936
vn -0.00210915 0.99926205 0.03835239
vn 0.58355028 0.67112162 0.45723609
vn 0.70209876 0.67116498 0.23789680
vn 0.70988289 0.68501475 0.16377141
vn 0.59296624 0.67546328 0.43833821
vn 0.38837848 0.67446025 0.62790566
vn 0.10508319 0.67482116 0.73046145
vn -0.17376355 0.67368099 0.71830366
vn -0.07931219 0.67121539 0.73700711
vn -0.31907850 0.67111069 0.66917812
vn -0.52286148 0.67117124 0.52549505
vn -0.42800828 0.67510445 0.60086845
vn 0.36234220 -0.93075080 -0.04910280
vn 0.35519156 -0.92900793 -0.10384228
vn 0.03100592 -0.99803052 0.05453182
vn 0.04127121 -0.99814230 0.04481783
vn -0.21121701 -0.91943349 0.33170684
vn -0.28338686 -0.93252835 0.22379179
vn 0.05170027 -0.99811108 0.03318651
vn 0.88612869 -0.38396205 -0.25951701
vn 0.88008495 -0.02135796 0.47433566
vn 0.78447515 -0.22181566 0.57913432
vn 0.77471889 -0.08886923 0.62602947
vn -0.34031522 -0.37597670 0.86187417
vn -0.14444336 -0.91736127 0.37092372
vn 0.00214815 -0.91728769 0.39821940
vn -0.24958048 -0.36634594 0.89638174
vn -0.11422328 -0.90417320 0.41161130
vn -0.61238983 -0.36641061 0.70051550
vn -0.28119988 -0.90401190 0.32200795
vn -0.85565841 -0.36638911 0.36552389
vn -0.39280589 -0.90414771 0.16798943
vn -0.92952668 -0.36629187 -0.04254893
vn -0.42696319 -0.90405099 -0.01985580
vn -0.86942770 -0.37481967 -0.32187839
vn -0.37771312 -0.91582032 -0.13640359
vn -0.02925845 -0.93659438 0.34919178
vn -0.12194283 -0.93168235 0.34219576
vn -0.18345615 -0.93193044 0.31280903
vn -0.25105860 -0.94028199 0.22986814
vn -0.32788916 -0.93181058 0.15562052
vn -0.35142055 -0.93172998 0.09155785
vn -0.34052663 -0.94011567 -0.01497109
vn -0.34241068 -0.93159097 -0.12203770
vn -0.31308487 -0.93181407 -0.18357667
vn -0.24665670 -0.93663474 -0.24874855
vn -0.81525528 -0.37605988 -0.44038368
vn -0.34928480 -0.91724961 -0.19145045
vn 0.33892893 -0.92893306 -0.14903204
vn 0.36255017 -0.91632993 -0.16999068
vn 0.84610782 -0.38491172 -0.36870656
vn 0.84232190 -0.37502364 -0.38710605
vn 0.19070393 -0.08966555 -0.97754391
vn 0.23181320 -0.23791055 -0.94321854
vn 0.37171802 -0.02183446 -0.92808888
vn -0.38878335 -0.92042926 0.04071227
vn -0.92123616 -0.37574355 0.10070112
vn -0.92565829 -0.36908202 -0.08327779
vn -0.41470182 -0.90918492 -0.03748578
vn -0.84589317 -0.36873652 -0.38535454
vn -0.37942487 -0.90893376 -0.17284732
vn -0.67011132 -0.36914151 -0.64396068
vn -0.30008345 -0.90921702 -0.28857293
vn -0.41880957 -0.36907514 -0.82968794
vn -0.18772574 -0.90912989 -0.37180895
vn -0.12020147 -0.36902042 -0.92161572
vn -0.05381070 -0.90909896 -0.41309017
vn 0.19217184 -0.36903839 -0.90932978
vn 0.08607976 -0.90912316 -0.40753572
vn 0.48258574 -0.36923051 -0.79421649
vn 0.21619454 -0.90923146 -0.35575000
vn 0.71860208 -0.36903092 -0.58942957
vn 0.32209729 -0.90908568 -0.26422826
vn -0.71099995 0.69782104 0.08674602
vn -0.70724615 0.70634243 0.02971958
vn -0.01916315 0.99869439 -0.04735288
vn 0.00205592 0.99926904 -0.03817279
vn -0.01657085 0.99865193 -0.04919080
vn 0.38493874 0.67114383 -0.63355199
vn -0.02636858 0.99925307 -0.02824904
vn 0.15325092 0.67117974 -0.72528057
vn 0.57319376 0.67114899 -0.47011482
vn 0.65877063 0.68829179 -0.30376911
vn 0.65625249 0.71150387 -0.25118702
vn 0.62701517 0.70489446 -0.33162595
vn -0.33402302 0.67120239 -0.66175220
vn -0.53460251 0.67108419 -0.51365959
vn -0.67453580 0.67121498 -0.30736282
vn -0.73840551 0.67108076 -0.06639220
vn -0.38837848 0.67446025 -0.62790566
vn -0.59269515 0.67559259 -0.43850554
vn -0.09585568 0.67111336 -0.73513165
vn 0.42800828 0.67510445 -0.60086845
vn 0.17378686 0.67362239 -0.71835298
vn -0.10507403 0.67481877 -0.73046497
vn -0.70956009 0.68531077 -0.16393176
vn 0.42568350 -0.06667771 -0.90241213
vn 0.40914838 -0.28190164 -0.86783009
vn 0.34860531 -0.57445481 -0.74059166
vn 0.24505508 -0.81811929 -0.52021998
vn 0.12060245 -0.95928325 -0.25540300
vn 0.02823504 -0.99781659 -0.05970627
vn 0.01827381 -0.99811728 -0.05854875
vn 0.00281349 -0.99814088 -0.06088400
vn 0.30864151 -0.93091152 -0.19530531
vn -0.36073233 -0.93260773 0.01072390
vn -0.01446265 -0.99828084 -0.05679957
vn -0.35814270 -0.92645992 -0.11578350
vn 0.06175662 -0.30418435 0.95060928
vn 0.15011038 -0.27189624 0.95054685
vn 0.22538454 -0.39576461 0.89026523
vn 0.25796104 -0.27032972 0.92756560
vn 0.30495573 -0.29277268 0.90624840
vn -0.03924982 -0.35737618 0.93313542
vn -0.21362161 -0.25447936 0.94318931
vn -0.08503493 -0.27538104 0.95756689
vn 0.26046615 -0.32285051 0.90990380
vn 0.27912884 -0.31980309 0.90543530
vn 0.36399388 -0.31686541 0.87584517
vn 0.32066728 -0.32985420 0.88790129
vn 0.38277742 -0.32519096 0.86471515
vn 0.82971497 -0.06632504 0.55423285
vn 0.81731650 -0.39332784 0.42105457
vn 0.89724944 -0.10962590 0.42769802
vn 0.94072822 -0.07274656 0.33126781
vn 0.90107637 -0.39315364 0.18300706
vn 0.97587409 -0.08989534 0.19896880
vn 0.99529514 -0.06639984 0.07055950
vn 0.91678645 -0.39345128 -0.06854698
vn 0.98052692 -0.06686469 -0.18465124
vn 0.99462134 -0.08752603 -0.05538570
vn 0.73609531 -0.26072194 0.62465012
vn 0.67907736 -0.45821032 0.57349563
vn 0.59719601 -0.62161412 0.50690513
vn 0.47925346 -0.77775262 0.40671486
vn 0.35745020 -0.88460210 0.29951373
vn 0.20245421 -0.96413732 0.17161445
vn 0.05228800 -0.99765109 0.04425240
vn 0.86998083 -0.06658709 -0.48856884
vn 0.74596378 -0.39369424 -0.53716188
vn 0.78854406 -0.10875614 -0.60528536
vn 0.72185079 -0.07358741 -0.68812523
vn 0.57236182 -0.39341478 -0.71946282
vn 0.62009268 -0.09012236 -0.77933499
vn 0.51522354 -0.06662715 -0.85446213
vn 0.35551376 -0.39349079 -0.84780597
vn 0.27995512 -0.06572527 -0.95776058
vn 0.40206304 -0.08719614 -0.91145057
vn 0.01163837 -0.99764830 -0.06754572
vn 0.04482707 -0.96425153 -0.26116953
vn 0.08150203 -0.88414969 -0.46003994
vn 0.10588544 -0.77675520 -0.62083785
vn 0.13129713 -0.62574191 -0.76890060
vn 0.15118926 -0.46238131 -0.87369636
vn 0.16224483 -0.25944113 -0.95203304
vn -0.26248365 -0.32551620 -0.90837302
vn -0.33174668 -0.32910027 -0.88410246
vn -0.28436846 -0.31633534 -0.90502295
vn -0.36869784 -0.32062020 -0.87250478
vn -0.39664108 -0.39412078 -0.82906252
vn -0.38582172 -0.32343460 -0.86402064
vn -0.33230051 -0.30298455 -0.89318348
vn -0.63768369 -0.34703914 -0.68769423
vn -0.45483344 -0.27664779 -0.84651789
vn -0.59298909 -0.28710668 -0.75228565
vn -0.71355681 -0.26375123 -0.64905467
vn -0.36208519 -0.28813765 -0.88649366
vn -0.92108685 -0.35591748 0.15786628
vn -0.89788305 -0.32941320 0.29204960
vn -0.98707438 -0.15566488 -0.03811312
vn -0.84895244 -0.22789792 -0.47680424
vn -0.84238361 -0.49504070 -0.21289564
vn -0.81861773 -0.53049782 0.22008424
vn -0.68134987 -0.71104479 0.17371719
vn -0.75358270 -0.65726146 -0.01097712
vn -0.52196501 -0.84799738 0.09194004
vn -0.33741876 -0.80261948 -0.49188470
vn -0.33449514 -0.94124703 0.04655135
vn -0.95696609 -0.28689964 0.04364053
vn -0.85905380 -0.34945513 0.37404236
vn -0.80648881 -0.37412284 0.45782956
vn -0.73153022 -0.15517068 0.66391686
vn 0.04445751 -0.80580523 0.59050950
vn -0.34266268 -0.22767129 0.91145382
vn -0.51001408 -0.49447236 0.70383430
vn -0.57298346 -0.65550829 0.49193377
vn -0.28684094 -0.94103583 0.17937068
vn -0.45959518 -0.84756285 0.26534786
vn -0.63354896 -0.71123384 0.30456877
vn -0.76312420 -0.50802769 0.39943625
vn -0.76145703 -0.28673802 0.58134714
vn 0.39188197 -0.91473739 -0.09840747
vn 0.92850497 -0.36912116 0.04034947
vn 0.42134373 -0.90671075 0.01857632
vn 0.84227521 -0.36917984 0.39278331
vn 0.38248455 -0.90658540 0.17834932
vn 0.62775885 -0.36872995 0.68553414
vn 0.28540747 -0.90636391 0.31152374
vn 0.39866866 -0.37427591 0.83724599
vn 0.17627772 -0.91468615 0.36369686
vn 0.35379227 -0.92967197 -0.10266970
vn 0.35250910 -0.93543940 -0.02627677
vn 0.34651372 -0.93539569 0.07044966
vn 0.31425819 -0.93543401 0.16187958
vn 0.28578073 -0.92957358 0.23285688
vn 0.25616286 -0.92875187 0.26795626
vn 0.19732508 -0.93392049 0.29808610
vn 0.15859838 -0.92624759 0.34192390
vn 0.34169767 -0.37402893 -0.86217461
vn 0.14459278 -0.91487771 -0.37695054
vn 0.27361651 -0.40222545 0.87369828
vn 0.04330744 -0.92325783 0.38173215
vn 0.40366204 -0.03669682 0.91417192
vn 0.54801676 -0.03596003 0.83569403
vn 0.69326730 -0.02623840 0.72020275
vn 0.82033158 -0.01868385 0.57158291
vn 0.90135383 0.00017898 0.43308340
vn 0.97064037 -0.01251977 0.24020934
vn 0.99730775 0.00042169 0.07332856
vn 0.99270465 -0.00861881 -0.12026298
vn -0.05889454 -0.13998520 -0.98840051
vn -0.27475420 -0.15075794 -0.94962212
vn -0.26281643 -0.30360070 -0.91583521
vn -0.27817767 -0.03664474 -0.95983037
vn -0.11748101 -0.03585816 -0.99242753
vn 0.07841154 -0.00965516 -0.99687432
vn 0.24225483 -0.02230703 -0.96995618
vn 0.26129239 -0.11547362 -0.95832778
vn 0.42299416 -0.01919748 -0.90592902
vn 0.58003225 -0.07203476 -0.81140223
vn 0.58316874 -0.02085697 -0.81208325
vn 0.72248632 -0.01006427 -0.69131196
vn 0.81297128 -0.03444077 -0.58128438
vn 0.83750858 -0.00857118 -0.54635695
vn 0.81352766 -0.08380372 -0.57545607
vn 0.82822866 -0.17083113 -0.53371717
vn 0.58950998 -0.17663222 -0.78821256
vn 0.27096695 -0.41790804 -0.86713885
vn 0.45137566 -0.37197254 -0.81110816
vn 0.63544380 -0.27103869 -0.72301397
vn -0.24713204 -0.42975239 -0.86846914
vn -0.03552015 -0.45058311 -0.89202756
vn -0.04456404 -0.29174093 -0.95545867
vn 0.27876252 -0.24798303 -0.92779086
vn 0.04452484 -0.99457748 -0.09398494
vn 0.01648544 -0.99984602 -0.00601325
vn 0.10973622 -0.99089926 -0.07795273
vn 0.83160168 -0.32570319 -0.44984006
vn 0.89383187 -0.26427195 -0.36224981
vn 0.50555520 -0.66973665 -0.54393635
vn 0.70730238 -0.45161071 -0.54384843
vn 0.59128875 -0.48218866 -0.64642998
vn 0.66025529 -0.59298772 -0.46089969
vn 0.55045637 -0.73958935 -0.38730528
vn 0.61121858 -0.74809458 -0.25839185
vn 0.66861806 -0.69237269 -0.27123781
vn 0.72932876 -0.60909644 -0.31157838
vn 0.78948769 -0.50744538 -0.34526565
vn 0.87095030 -0.37706189 -0.31507126
vn 0.11538937 -0.97689982 -0.17986672
vn 0.18625946 -0.97212201 -0.14242967
vn 0.17479621 -0.94571586 -0.27398503
vn 0.33405983 -0.91372443 -0.23132595
vn 0.23554368 -0.89658254 -0.37504523
vn 0.43929044 -0.84834200 -0.29553300
vn 0.30385832 -0.81628555 -0.49127184
vn 0.51226850 -0.83237726 -0.21149252
vn 0.42757201 -0.88422134 -0.18797552
vn 0.33322769 -0.93260419 -0.13859554
vn 0.12159739 -0.99080497 -0.05932610
vn 0.01481040 -0.94784338 -0.31839217
vn 0.02573181 -0.90213134 -0.43069352
vn -0.11132379 -0.90689888 -0.40637599
vn -0.09075045 -0.93487747 -0.34317412
vn -0.08371787 -0.95451042 -0.28618382
vn 0.01396855 -0.97791499 -0.20853574
vn -0.06205899 -0.98041544 -0.18690708
vn -0.01426370 -0.99504223 -0.09842512
vn -0.24319517 -0.52319418 -0.81677657
vn -0.12995330 -0.59962295 -0.78966097
vn -0.22104150 -0.74838747 -0.62534539
vn -0.24054540 -0.76424034 -0.59839336
vn -0.10022263 -0.71746537 -0.68934670
vn -0.23415481 -0.58268728 -0.77823329
vn -0.22827187 -0.63306492 -0.73967611
vn -0.20884857 -0.70144718 -0.68143535
vn -0.14630461 -0.81703150 -0.55772259
vn 0.04862268 -0.73185396 -0.67972467
vn 0.06981731 -0.60579759 -0.79254957
vn 0.23246502 -0.59111268 -0.77236379
vn 0.20998147 -0.72801665 -0.65260979
vn 0.03891692 -0.82942719 -0.55725758
vn -0.11765444 -0.87554178 -0.46859794
vn 0.37275516 -0.70380015 -0.60474700
vn 0.42668089 -0.53501601 -0.72917850
vn 0.07334359 -0.99455108 0.07408695
vn 0.04918923 -0.99406598 0.09702184
vn 0.73708801 -0.66929146 0.09354257
vn 0.78770335 -0.61371049 -0.05369234
vn 0.67023689 -0.74109597 -0.03948760
vn 0.81055190 -0.55675172 -0.18175018
vn 0.83049164 -0.49241040 -0.26041436
vn 0.72027629 -0.65958890 -0.21481282
vn 0.91357542 -0.28268073 -0.29235520
vn 0.93132923 -0.31039684 -0.19047224
vn 0.97762629 -0.17069959 -0.12291657
vn 0.33869837 -0.52319095 0.78201959
vn 0.36890587 -0.43013917 0.82394706
vn 0.54605494 -0.45063457 0.70622410
vn 0.56285544 -0.60601418 0.56208591
vn 0.58270907 -0.71933422 0.37816454
vn 0.46475087 -0.72332885 0.51068778
vn 0.55290976 -0.81316735 0.18179564
vn 0.30122880 -0.62727650 0.71818201
vn 0.32292199 -0.57761380 0.74972241
vn 0.41168426 -0.60008361 0.68586860
vn 0.30611439 -0.69821364 0.64714117
vn 0.11024851 -0.99370305 0.01998788
vn 0.20223880 -0.97761390 0.05805625
vn 0.14201116 -0.98029999 0.13727622
vn 0.31237123 -0.94559761 0.09093607
vn 0.24544630 -0.94537172 0.21454237
vn 0.42535851 -0.89596740 0.12772063
vn 0.30149325 -0.90521760 0.29947106
vn 0.38165753 -0.83903149 0.38776757
vn 0.27642033 -0.76051371 0.58754634
vn 0.89135644 -0.45175301 -0.03745555
vn 0.86885808 -0.48154266 0.11490130
vn 0.95180281 -0.27015570 0.14521472
vn 0.79581169 -0.53471469 0.28419000
vn 0.87661326 -0.35086617 0.32930553
vn 0.76014405 -0.41033090 0.50379517
vn 0.67584836 -0.70246795 0.22308691
vn 0.67436594 -0.59118291 0.44241762
vn 0.62870507 -0.75330623 -0.19302762
vn 0.52976248 -0.84671010 -0.04933279
vn 0.52778558 -0.83395959 -0.16110179
vn 0.39516572 -0.91749649 -0.04521336
vn 0.40956290 -0.90380545 -0.12407232
vn 0.25930577 -0.96512695 -0.03592343
vn 0.29163553 -0.95218248 -0.09108924
vn 0.23642183 -0.96754927 -0.08918027
vn 0.10335647 -0.96972772 0.22123648
vn 0.13393816 -0.94478556 0.29906658
vn 0.19409874 -0.88986919 0.41286620
vn 0.24918478 -0.81495449 0.52321709
vn 0.12271592 -0.99211805 -0.02534904
vn 0.96577080 -0.08158831 0.24623183
vn 0.99654699 -0.03808010 -0.07378345
vn 0.82365841 -0.11637218 0.55501743
vn 0.58657590 -0.13651406 0.79830610
vn 0.57987963 -0.29162617 0.76071926
vn 0.38723712 -0.30356313 0.87057271
vn 0.39983849 -0.15078977 0.90409713
vn 0.80498087 -0.25715410 0.53467520
vn 0.99311393 -0.08391491 -0.08174967
vn 0.95898869 -0.17833468 0.22031211
vn 0.68535567 -0.36876378 -0.62793382
vn 0.39276885 -0.36919623 -0.84227476
vn 0.04034947 -0.36912116 -0.92850497
vn -0.23271095 -0.37427897 -0.89764183
vn 0.81570448 -0.37403582 0.44127474
vn 0.35289207 -0.91503089 0.19541149
vn -0.10257907 -0.92742564 -0.35966541
vn -0.04052917 -0.93396311 -0.35506380
vn 0.02409629 -0.92871392 -0.37001327
vn 0.06932334 -0.92951013 -0.36222258
vn 0.13662939 -0.93549941 -0.32584239
vn 0.21989574 -0.93550885 -0.27653040
vn 0.28657708 -0.93557332 -0.20633986
vn 0.33762474 -0.92939001 -0.14914336
vn 0.36326191 -0.91485753 -0.17628521
vn -0.09859297 -0.91467363 -0.39198416
vn 0.01857632 -0.90671075 -0.42134373
vn 0.17834932 -0.90658540 -0.38248455
vn 0.31141854 -0.90639027 -0.28543857
vn -0.35184522 -0.40183297 -0.84542013
vn -0.21010929 -0.92222070 -0.32459678
vn 0.63015077 -0.36573418 0.68494417
vn 0.29168826 -0.90252101 0.31681823
vn 0.31074309 -0.37078358 0.87519042
vn 0.14322275 -0.90935833 0.39058248
vn 0.12096225 -0.96351924 0.23874422
vn 0.22861084 -0.96236958 0.14690771
vn 0.47629663 -0.82430734 0.30603746
vn 0.68446994 -0.58153566 0.43967849
vn 0.80636772 -0.28595493 0.51768801
vn 0.83913932 -0.06679315 0.53979985
vn 0.26609823 -0.32389497 0.90790076
vn 0.27875206 -0.07776439 0.95720948
vn 0.47065901 -0.07139044 0.87942226
vn -0.13164150 -0.84783633 0.51365755
vn 0.13966638 -0.86828562 0.47599726
vn 0.26802080 -0.82018271 0.50543563
vn 0.21992042 -0.64230636 0.73421901
vn 0.38778680 -0.57184060 0.72292443
vn 0.45742031 -0.26980684 0.84733165
vn 0.18363046 -0.96258447 0.19927618
vn 0.38313094 -0.82498806 0.41545804
vn 0.55083779 -0.58246659 0.59775447
vn 0.64964531 -0.28624774 0.70428915
vn 0.67609581 -0.06704633 0.73375694
vn -0.60770976 -0.37836969 0.69823007
vn -0.72378080 -0.38958875 0.56952784
vn -0.51241488 -0.35332511 0.78268279
vn -0.40314210 -0.29153108 0.86745955
vn -0.31959348 -0.23660470 0.91753922
vn -0.04311695 -0.64587445 0.76222511
vn -0.03463004 -0.70026765 0.71303996
vn -0.08876312 -0.78103029 0.61815272
vn -0.46604381 -0.32266922 0.82382507
vn -0.09607143 -0.01911700 0.99519085
vn -0.02117192 -0.19401252 0.98077056
vn -0.20140700 -0.06392910 0.97741920
vn -0.03937059 -0.25625417 0.96580731
vn -0.22762784 -0.14478839 0.96292362
vn -0.02883807 -0.38787336 0.92126143
vn -0.03269063 -0.45665159 0.88904479
vn -0.02864743 -0.56387833 0.82536086
vn 0.45242202 0.88316261 0.12384720
vn 0.71001501 0.58720389 0.38867761
vn 0.64047317 0.51619050 0.56863124
vn 0.60551436 0.40599432 0.68448592
vn 0.54415921 0.37400129 0.75100851
vn 0.49869185 0.32465212 0.80368367
vn 0.28828631 0.25580194 0.92274394
vn 0.33573220 0.25023752 0.90811072
vn 0.36489139 0.26225314 0.89335187
vn 0.42636463 0.26392870 0.86519064
vn 0.01970213 0.44595023 0.89484089
vn 0.06053139 0.43654459 0.89764401
vn 0.13662023 0.32350387 0.93631200
vn 0.22965346 0.26300954 0.93706204
vn -0.26134407 0.88701923 0.38065228
vn -0.25658992 0.59125611 0.76457689
vn -0.12854253 0.53050767 0.83787733
vn 0.24270041 -0.91091046 0.33367446
vn 0.55035024 -0.37066242 0.74814704
vn 0.26437768 -0.36798554 0.89145448
vn 0.12036115 -0.90617807 0.40540659
vn -0.09953910 -0.36803986 0.92446667
vn -0.04651788 -0.90657328 0.41947702
vn 0.91409636 -0.38658714 -0.12238560
vn 0.92639654 -0.37652565 -0.00422826
vn 0.90279186 -0.18590201 0.38782381
vn 0.89320031 -0.09448103 0.43962091
vn 0.91010202 -0.20962376 0.35745237
vn 0.91580040 -0.26960768 0.29769335
vn 0.92305081 -0.32666987 0.20313543
vn 0.93144056 -0.35483413 0.08069217
vn 0.92718876 -0.35139988 0.12976565
vn 0.31593753 -0.91398757 0.25457846
vn 0.36301693 -0.91781825 -0.16071209
vn 0.33531352 -0.91240141 -0.23470942
vn 0.26321045 -0.91232869 -0.31365047
vn 0.19149164 -0.91794235 -0.34743748
vn 0.14302690 -0.91794045 -0.37003869
vn 0.07818579 -0.91403029 -0.39803972
vn -0.02822699 -0.91094097 -0.41156991
vn -0.30553601 -0.90653253 -0.29128425
vn -0.16931120 -0.90618401 -0.38751034
vn 0.38132261 -0.91784252 -0.11026413
vn 0.40733934 -0.91259095 -0.03538952
vn 0.40324651 -0.91233766 0.07093839
vn 0.36977758 -0.91805438 0.14297096
vn 0.34719483 -0.91804976 0.19141678
vn -0.67173602 -0.36831053 -0.64274261
vn -0.37023546 -0.36824626 -0.85283082
vn -0.05835139 -0.37072192 -0.92690904
vn 0.70619794 -0.37191429 -0.60246512
vn 0.77932851 -0.38652697 -0.49319770
vn 0.44356496 -0.17974537 -0.87803287
vn 0.47448389 -0.20938413 -0.85499902
vn 0.52059496 -0.27126039 -0.80956698
vn 0.57680625 -0.32411859 -0.74982778
vn 0.63538275 -0.35150164 -0.68755753
vn 0.41354796 -0.09496230 -0.90551656
vn -0.44877365 0.88503414 -0.12376096
vn -0.70984078 0.58770360 -0.38824031
vn -0.64017116 0.51645391 -0.56873213
vn -0.60548075 0.40577101 -0.68464805
vn -0.54474475 0.37276101 -0.75120063
vn -0.49929767 0.32378154 -0.80365873
vn -0.28830629 0.25636544 -0.92258129
vn -0.33578041 0.24981829 -0.90820831
vn -0.36505548 0.26149969 -0.89350569
vn -0.42664485 0.26342893 -0.86520481
vn -0.01924521 0.44287645 -0.89637608
vn -0.06072455 0.43798249 -0.89693025
vn -0.13690868 0.32397100 -0.93610833
vn -0.22987475 0.26335170 -0.93691167
vn 0.26120900 0.88700234 -0.38078433
vn 0.25662143 0.59131450 -0.76452116
vn 0.12819596 0.53078432 -0.83775522
vn -0.14143493 -0.90955860 -0.39076759
vn -0.32504680 -0.37082219 -0.86996292
vn 0.04258284 -0.36572582 -0.92974799
vn 0.01995979 -0.90263393 -0.42994604
vn -0.92122353 -0.38810357 0.02688537
vn -0.91617837 -0.37077715 -0.15212330
vn -0.43151977 -0.84890899 -0.30519537
vn -0.90101539 -0.34604605 -0.26157866
vn -0.05358234 -0.95940456 -0.27689678
vn -0.09443428 -0.81511770 -0.57154642
vn -0.22830938 -0.87615887 -0.42452381
vn -0.14444968 -0.57100482 -0.80813847
vn -0.33496868 -0.65149430 -0.68069903
vn -0.18962268 -0.27916497 -0.94133424
vn -0.39350613 -0.33862547 -0.85468457
vn -0.20460972 -0.07101702 -0.97626403
vn -0.39987776 -0.07710329 -0.91331969
vn 0.29643636 -0.06742183 -0.95266982
vn 0.28366562 -0.28529641 -0.91549974
vn 0.24102775 -0.58117168 -0.77726772
vn 0.16795382 -0.82441858 -0.54048638
vn 0.08093924 -0.96229387 -0.25969085
vn 0.01262121 -0.96263846 -0.27049565
vn 0.02610765 -0.82540258 -0.56394057
vn 0.03741937 -0.58238328 -0.81205265
vn 0.04274676 -0.28563133 -0.95738574
vn 0.04499202 -0.06714177 -0.99672850
vn -0.57324854 -0.47945905 -0.66445852
vn -0.60880807 -0.39342529 -0.68888988
vn -0.79983241 -0.16425593 -0.57731109
vn -0.88200787 -0.32089483 -0.34509221
vn -0.64114867 -0.27444325 -0.71666540
vn -0.66180729 -0.22118258 -0.71630257
vn -0.74271938 -0.08285397 -0.66445703
vn -0.77515105 -0.12259592 -0.61976696
vn -0.66069422 -0.19810628 -0.72404216
vn -0.64700487 -0.17578424 -0.74194650
vn -0.70824437 -0.01969850 -0.70569248
vn -0.85817184 -0.28087565 -0.42970916
vn -0.46830674 -0.76795587 -0.43695833
vn -0.83337338 -0.24196218 -0.49693370
vn -0.51753577 -0.61405937 -0.59589245
vn -0.56200802 -0.52666089 -0.63778938
vn -0.65029692 -0.68558607 0.32723946
vn -0.48009660 -0.66433198 0.57286148
vn -0.12344519 -0.66381081 0.73764253
vn 0.15874903 -0.67900069 0.71676831
vn 0.15047151 -0.06480423 0.98648808
vn 0.48658086 -0.05569639 0.87185835
vn 0.30512754 -0.69072354 0.65558995
vn 0.49535238 -0.67698119 0.54435512
vn 0.66820980 -0.67349870 0.31606197
vn 0.73980729 -0.67182873 0.03648728
vn 0.70056772 -0.68852299 -0.18745926
vn 0.24921709 -0.95726740 0.14673094
vn 0.70204355 -0.57207454 0.42410562
vn 0.81554899 -0.28451053 0.50391825
vn 0.90556303 -0.28745434 0.31197052
vn 0.95313807 -0.29332035 0.07410121
vn 0.94541544 -0.28880074 -0.15094294
vn 0.67677461 -0.70641254 -0.20726178
vn 0.80552009 -0.53583830 -0.25301128
vn 0.81627422 -0.56575647 -0.11668765
vn 0.91574714 -0.28182100 -0.28632865
vn 0.57324805 -0.81556734 -0.07897202
vn 0.51484423 -0.84179199 -0.16223954
vn 0.07034763 -0.99746802 -0.01042910
vn 0.06549668 -0.99764032 -0.02059088
vn 0.27499980 -0.95746924 -0.08733705
vn 0.06050704 -0.99748313 0.03696353
vn 0.06786390 -0.99743862 0.02259862
vn 0.27883057 -0.95584689 0.09279133
vn 0.07126648 -0.99744084 0.00573185
vn 0.29282140 -0.95588191 0.02335396
vn 0.28926170 -0.95627980 -0.04308843
vn 0.58148103 -0.81222405 0.04660369
vn 0.55381070 -0.81196206 0.18442159
vn 0.50188591 -0.81064859 0.30159475
vn 0.81936997 -0.56947357 0.06582331
vn 0.77985690 -0.56942081 0.25996759
vn 0.65547869 -0.70375921 -0.27399027
vn 0.26553679 -0.95844855 -0.10424292
vn 0.06736182 -0.99744732 -0.02369047
vn 0.49944342 -0.84125406 -0.20699728
vn 0.90015485 -0.22029015 -0.37575723
vn 0.85085836 -0.38552676 -0.35694420
vn 0.76774533 -0.55720078 -0.31637699
vn 0.49909205 -0.29356109 -0.81530915
vn 0.06062136 -0.99746632 -0.03722879
vn 0.24952159 -0.95619909 -0.15304340
vn 0.48996371 -0.81543116 -0.30823300
vn 0.69660418 -0.56851875 -0.43764031
vn 0.81842243 -0.28485864 -0.49903936
vn 0.29804560 -0.28576906 -0.91077158
vn 0.26510229 -0.57288624 -0.77557858
vn 0.19057841 -0.81043578 -0.55396183
vn 0.09647150 -0.95737214 -0.27227161
vn 0.02259764 -0.99747406 -0.06734128
vn 0.03750537 -0.99742760 -0.06108631
vn 0.15370480 -0.95585990 -0.25041303
vn 0.30548752 -0.81215165 -0.49707855
vn 0.43043389 -0.56912060 -0.70059147
vn 0.05097215 -0.99743765 -0.05019929
vn 0.20918641 -0.95591140 -0.20609329
vn 0.41571654 -0.81213714 -0.40940569
vn 0.58590029 -0.56897221 -0.57705413
vn 0.68877104 -0.28768129 -0.66545768
vn 0.65663891 -0.68543345 -0.31465270
vn 0.54297340 -0.66777669 -0.50917009
vn -0.18334124 -0.68801126 -0.70215845
vn 0.02589538 -0.67272093 -0.73944302
vn 0.30564848 -0.68087546 -0.66557315
vn -0.18744181 -0.05411296 -0.98078405
vn -0.51909615 -0.06436847 -0.85228862
vn -0.30815788 -0.68950085 -0.65545960
vn -0.66970727 -0.67306203 -0.31381471
vn -0.50138905 -0.67272724 -0.54410209
vn -0.74260690 -0.66919260 -0.02676304
vn -0.70475829 -0.68597324 0.18098746
vn -0.27736317 -0.92597229 -0.25621277
vn -0.27224476 -0.91858291 -0.28651042
vn -0.23013466 -0.91539330 -0.33029253
vn -0.06503620 -0.04161334 0.99701486
vn -0.73993384 -0.08958428 0.66668776
vn -0.68120205 -0.35618817 0.63960437
vn -0.05705457 -0.16191455 0.98515403
vn -0.49198901 -0.65754065 0.57060241
vn 0.02915562 -0.29863104 0.95392319
vn -0.20773627 -0.85978974 0.46648392
vn 0.15852956 -0.38958335 0.90724483
vn -0.04788801 -0.04365554 0.99789826
vn -0.56832647 -0.70839302 -0.41855029
vn -0.60704860 -0.59846106 -0.52281580
vn -0.63754887 -0.46880172 -0.61135619
vn -0.66092619 -0.32544111 -0.67621346
vn -0.67630406 -0.16885151 -0.71700905
vn -0.67746438 -0.04392217 -0.73424305
vn -0.47574011 -0.86484135 -0.16037701
vn -0.52439571 -0.79975713 -0.29222880
vn -0.36850241 -0.91978503 0.13491286
vn -0.42075458 -0.90706136 -0.01432764
vn -0.16698830 -0.70823283 0.68594545
vn -0.21054563 -0.79966537 0.56232182
vn -0.26009099 -0.86636045 0.42634757
vn -0.31396127 -0.90673618 0.28152765
vn -0.12925767 -0.59851658 0.79061391
vn -0.09509993 -0.46899474 0.87806602
vn -0.07142368 -0.32549721 0.94284157
vn -0.05649953 -0.16880813 0.98402826
vn -0.69000067 -0.04125662 -0.72263197
vn -0.46174434 -0.38975048 -0.79679780
vn -0.59042823 -0.29839740 -0.74990232
vn -0.67590153 -0.16125027 -0.71913522
vn -0.07173555 -0.92465718 0.37398276
vn -0.02435861 -0.91852521 0.39461133
vn 0.03591427 -0.91566746 0.40032896
vn -0.46213906 -0.85706036 -0.22776090
vn -0.74323817 -0.65721072 -0.12518423
vn -0.93252949 -0.35624875 -0.05895411
vn -0.99551653 -0.08566976 -0.04009392
vn -0.06137259 -0.37983940 0.92301432
vn -0.13167963 -0.38765585 0.91235049
vn -0.18914162 -0.88652073 0.42226348
vn -0.22730814 -0.34293242 0.91144301
vn -0.32041629 -0.83323092 0.45062138
vn -0.32227437 -0.24857606 0.91342716
vn -0.60759419 -0.59704138 0.52380425
vn -0.54198579 -0.66764475 0.51039386
vn -0.46760830 -0.73658415 0.48865762
vn -0.38279180 -0.13066176 0.91454794
vn -0.72047558 -0.41077405 0.55873036
vn -0.67781713 -0.49287201 0.54556495
vn -0.81340973 -0.02627086 0.58109762
vn -0.80184626 -0.11734032 0.58589574
vn -0.39481917 -0.02384529 0.91844936
vn -0.78815336 -0.20696547 0.57963746
vn -0.76129437 -0.31896244 0.56452975
vn 0.08577861 -0.37806004 0.92179859
vn 0.11641877 -0.59830937 0.79276261
vn 0.13332583 -0.32405652 0.93659575
vn 0.13972874 -0.07664887 0.98721873
vn 0.02725010 -0.28863341 0.95705182
vn 0.01842394 -0.08022757 0.99660629
vn -0.13149971 0.22613457 0.96517925
vn -0.10945903 0.17222551 0.97895715
vn -0.10294595 0.06254853 0.99271840
vn -0.09241863 0.01305929 0.99563460
vn -0.12978661 0.31459187 0.94031239
vn -0.36305184 0.59980793 0.71303844
vn -0.33975117 0.46544437 0.81727026
vn -0.27707856 0.45342540 0.84713215
vn -0.19506540 0.40398101 0.89372749
vn -0.46897849 0.65744306 0.58976927
vn 0.21073429 0.48037994 0.85136724
vn 0.23902427 0.22313707 0.94502764
vn 0.11707941 0.22491200 0.96731949
vn 0.00482357 0.05224514 0.99862264
vn 0.03622782 0.22708931 0.97319987
vn 0.06437562 0.97968390 0.18993483
vn 0.16161383 0.70658554 0.68892513
vn 0.24199424 0.89865259 0.36587199
vn 0.11600613 0.93158797 0.34450898
vn 0.12743830 0.45167103 0.88303610
vn 0.12385475 0.05238165 0.99091683
vn 0.23943135 0.05316294 0.96945672
vn 0.16622990 0.85731967 0.48720695
vn 0.22771883 0.70675911 0.66980273
vn 0.26902252 0.51584251 0.81334703
vn 0.29742458 0.36695772 0.88140833
vn 0.31141640 0.20191347 0.92857459
vn 0.31792910 0.05276142 0.94664530
vn 0.12933022 0.93128575 0.34055916
vn 0.07478670 0.97937579 0.18769657
vn 0.25711689 0.70817217 0.65755842
vn 0.19150084 0.85880195 0.47517012
vn 0.32456034 0.35614290 0.87625500
vn 0.32133032 0.51376783 0.79548064
vn 0.35645262 0.20991112 0.91042784
vn 0.37154353 0.05177413 0.92697079
vn 0.81232043 -0.37766593 0.44441418
vn 0.72083148 -0.37359879 0.58380298
vn 0.83750491 0.29951853 0.45702754
vn 0.53301059 0.47966545 0.69700844
vn 0.82055153 0.38429312 0.42310044
vn 0.85348856 0.09176271 0.51296869
vn 0.70983939 0.20780311 0.67301256
vn 0.84901299 0.16799362 0.50095417
vn 0.88415934 0.01184290 0.46703534
vn 0.82387288 0.04881825 0.56466827
vn 0.87103451 0.05510658 0.48812105
vn 0.58422413 0.22861112 0.77872917
vn 0.59972502 0.05223511 0.79849947
vn 0.21885280 0.87524059 0.43134367
vn 0.82763216 0.46947554 0.30759996
vn 0.74898338 0.66251756 0.00971478
vn 0.81951776 0.56199610 0.11203140
vn 0.40155502 0.48500011 0.77687094
vn 0.32708105 0.70897974 0.62479254
vn 0.45537163 0.22818974 0.86056152
vn 0.46716639 0.05187949 0.88264607
vn 0.72233702 0.05218532 0.68956938
vn 0.86309611 -0.37681788 0.33626386
vn 0.88922461 -0.37644335 -0.25994230
vn 0.92470548 -0.37203391 -0.08068794
vn 0.91424289 -0.37179008 0.16103437
vn 0.84821822 -0.37645270 -0.37257109
vn 0.44488133 -0.37664966 -0.81253654
vn 0.59680952 -0.37172669 -0.71108204
vn 0.76052229 -0.37177471 -0.53234332
vn 0.33659941 -0.37720245 -0.86279728
vn 0.17717039 -0.37337517 -0.91060509
vn 0.56944663 0.65721081 -0.49376562
vn 0.54891953 0.56328579 -0.61757304
vn 0.38485139 0.01689456 -0.92282392
vn 0.32795825 0.11987418 -0.93705580
vn 0.35857920 0.30654816 -0.88173079
vn 0.31864526 0.22399630 -0.92102707
vn 0.41682899 0.48807228 -0.76683703
vn 0.34426407 0.37432877 -0.86102278
vn -0.19061796 0.48641924 -0.85267879
vn -0.21093116 0.22157589 -0.95205681
vn -0.05746082 0.23353170 -0.97064989
vn 0.10170671 0.06310474 -0.99281093
vn 0.07726498 0.20978875 -0.97468908
vn 0.27018180 0.06520918 -0.96059854
vn -0.10745752 0.87806240 -0.46632533
vn -0.07168219 0.97829712 -0.19441300
vn -0.13152986 0.93503391 -0.32925898
vn -0.05968568 0.46454489 -0.88353589
vn -0.05355234 0.05312954 -0.99715064
vn -0.21004098 0.05238167 -0.97628835
vn -0.16317802 0.85740529 -0.48808719
vn -0.22375714 0.70668567 -0.67121391
vn -0.14380335 0.70865543 -0.69074458
vn -0.26301866 0.51561765 -0.81545057
vn -0.29804863 0.36637640 -0.88143936
vn -0.30478491 0.20200152 -0.93075321
vn -0.31123592 0.05277832 -0.94886598
vn -0.13272328 0.93127301 -0.33928619
vn -0.07223242 0.97901462 -0.19055929
vn -0.25377544 0.70782815 -0.65922480
vn -0.18706133 0.85884637 -0.47685530
vn -0.32970984 0.35987421 -0.87280122
vn -0.31545993 0.51415927 -0.79757463
vn -0.35162699 0.20851038 -0.91262363
vn -0.36530409 0.05251139 -0.92940598
vn -0.63967125 -0.37837517 -0.66906870
vn -0.52831945 -0.37645860 -0.76102397
vn -0.73661549 0.19618572 -0.64723163
vn -0.46985071 0.45075545 -0.75898606
vn -0.71399700 0.31065000 -0.62745905
vn -0.71009418 0.01380117 -0.70397144
vn -0.63824997 0.05236252 -0.76804632
vn -0.71409287 0.06686159 -0.69685070
vn -0.59823513 0.22725481 -0.76842045
vn -0.71604412 0.17355591 -0.67613546
vn -0.53161636 0.22597995 -0.81628249
vn -0.38357839 0.48244179 -0.78747542
vn -0.31081612 0.69922411 -0.64380042
vn -0.73715334 0.37531094 -0.56191339
vn -0.05521732 0.89870233 -0.43506916
vn -0.78653912 0.46548187 -0.40581134
vn -0.75759001 0.45351059 -0.46945237
vn -0.73787625 0.59929579 -0.31045644
vn -0.73946863 0.65553458 -0.15316842
vn -0.42868201 0.22825627 -0.87414576
vn -0.43980330 0.05356543 -0.89649529
vn -0.54196006 0.05257510 -0.83875810
vn -0.42267846 -0.60004940 -0.67917865
vn -0.60166647 -0.24815724 -0.75922029
vn -0.63131032 -0.08105821 -0.77128260
vn -0.50179487 -0.32243987 -0.80264216
vn -0.52752835 -0.07634263 -0.84610025
vn -0.68772099 -0.38639088 -0.61460713
vn -0.90301841 -0.42823513 0.03424076
vn -0.93409848 -0.35158272 0.06204536
vn -0.88069205 -0.13103556 -0.45520456
vn -0.99478118 -0.05230967 0.08760195
vn -0.89386791 -0.02487309 -0.44763992
vn -0.98482072 -0.15475876 0.07859943
vn -0.96457858 -0.25602203 0.06356795
vn -0.86480812 -0.50199718 0.01028382
vn -0.83443266 -0.24605555 -0.49313162
vn -0.78940695 -0.61386975 -0.00077670
vn -0.76007266 -0.34160131 -0.55280928
vn -0.69397071 -0.71727524 -0.06261689
vn -0.75084620 -0.66011234 -0.02194716
vn -0.34451499 -0.91100039 -0.22668857
vn -0.46860486 -0.86829843 -0.16268778
vn -0.56538319 -0.81794205 -0.10636095
vn 0.04064304 -0.73078967 -0.68139167
vn 0.58091666 -0.75313343 0.30874888
vn 0.46366757 -0.73339787 0.49713171
vn -0.63251271 -0.75307221 -0.18113507
vn 0.61517864 -0.75503749 -0.22687801
vn 0.47380440 -0.75469930 -0.45380432
vn 0.24651305 -0.75308434 -0.60999614
vn -0.36796691 -0.75305636 0.54544153
vn -0.14283296 -0.74386940 0.65288365
vn -0.63110332 -0.75495280 -0.17819896
vn -0.65163071 -0.75296608 0.09175782
vn -0.55800559 -0.75303654 0.34866278
vn 0.61505376 -0.75518933 -0.22671117
vn 0.65652332 -0.75290370 0.04596902
vn -0.52948020 -0.74363030 -0.40824587
vn -0.64996840 -0.75478506 0.08854714
vn -0.55804664 -0.75300270 0.34867015
vn -0.36813839 -0.75296551 0.54545124
vn -0.11434515 -0.75311058 0.64788089
vn -0.50396910 -0.75309985 -0.42291342
vn 0.15931962 -0.75305559 0.63837648
vn -0.28839388 -0.75301623 -0.59143514
vn -0.02269077 -0.75313717 -0.65747208
vn 0.47357323 -0.75471314 -0.45402255
vn 0.24677850 -0.75289551 -0.61012189
vn 0.40528276 -0.75304834 0.51832816
vn 0.58113489 -0.75286433 0.30899439
vn 0.65625750 -0.75313495 0.04597660
vn -0.81349688 0.31597551 -0.48824411
vn -0.91757065 0.37210309 -0.14001213
vn -0.74451344 -0.01726640 0.66738415
vn -0.99929830 -0.01729219 -0.03322479
vn -0.99764805 -0.06628734 -0.01744566
vn -0.99167276 -0.12876962 -0.00187717
vn -0.98235918 -0.18544697 0.02408024
vn -0.96982215 -0.23691317 0.05759468
vn -0.95447744 -0.28098655 0.10009683
vn -0.93686219 -0.31648682 0.14874587
vn -0.91732632 -0.34279912 0.20248751
vn -0.89624657 -0.35944917 0.25988148
vn -0.87504634 -0.36442892 0.31856785
vn -0.85332654 -0.35954291 0.37757478
vn -0.83295529 -0.34302175 0.43419070
vn -0.81327058 -0.31649352 0.48828559
vn -0.79546464 -0.28094800 0.53693968
vn -0.78038116 -0.23678892 0.57873678
vn -0.76763524 -0.18556802 0.61343349
vn -0.75855356 -0.12865702 0.63878312
vn -0.75345998 -0.06679976 0.65409163
vn -0.30907160 0.31594096 0.89702623
vn -0.61297170 0.37190042 0.69710528
vn -0.06128886 0.37968069 0.92308518
vn 0.26722250 0.37976962 0.88564506
vn 0.10486702 0.37766830 0.91998346
vn 0.37112865 0.37831947 0.84801999
vn 0.53222606 0.37445301 0.75928938
vn 0.71015489 0.37439220 0.59624702
vn 0.81241012 0.37817451 0.44381735
vn 0.86313310 0.37679865 0.33619046
vn 0.88912299 0.37671639 -0.25989435
vn 0.92474698 0.37190665 -0.08079899
vn 0.91416297 0.37194317 0.16113453
vn 0.84814160 0.37669062 -0.37250504
vn 0.44486733 0.37674116 -0.81250179
vn 0.59676221 0.37182831 -0.71106861
vn 0.76052302 0.37181965 -0.53231090
vn 0.33715004 0.37813803 -0.86217254
vn -0.26084641 0.37816266 -0.88822979
vn -0.08007757 0.37401319 -0.92395980
vn 0.16052390 0.37401975 -0.91342285
vn -0.36467493 0.37972320 -0.85018968
vn -0.51103021 0.37765625 -0.77215535
vn -0.64018860 0.37967519 -0.66783629
vn -0.39981173 0.39536226 -0.82694574
vn -0.56678299 0.39174845 -0.72476906
vn -0.70421204 0.39233000 -0.59174536
vn -0.81218196 0.39256151 -0.43157377
vn -0.88318985 0.39732647 -0.24921349
vn -0.91453565 0.39867154 -0.06845103
vn -0.91111336 0.39170862 0.12820609
vn -0.86436051 0.39223912 0.31468935
vn -0.78025903 0.39192517 0.48743258
vn -0.66153906 0.39245866 0.63901665
vn -0.51451165 0.39174034 0.76276947
vn -0.34484450 0.39222884 0.85278298
vn -0.15981712 0.39175562 0.90608279
vn 0.03222491 0.39202355 0.91939061
vn 0.22258191 0.39185299 0.89269733
vn 0.40342452 0.39232717 0.82663659
vn 0.56612989 0.39214797 0.72506339
vn 0.70497038 0.39250657 0.59072443
vn 0.81218300 0.39219864 0.43190162
vn 0.88410264 0.39236963 0.25378849
vn 0.91779257 0.39189812 0.06381745
vn 0.91069897 0.39269078 -0.12814575
vn 0.86099215 0.39694722 -0.31800225
vn 0.78011048 0.39817304 -0.48258250
vn 0.66191584 0.39179138 -0.63903594
vn 0.51459192 0.39257699 -0.76228503
vn 0.34462445 0.39209069 -0.85293545
vn 0.15959808 0.39231690 -0.90587853
vn -0.03193520 0.39168999 -0.91954287
vn -0.22558811 0.39675133 -0.88977435
vn 0.22567062 0.39550636 0.89030752
vn 0.39904178 0.39697154 0.82654658
vn 0.56656325 0.39184598 0.72488814
vn 0.70462474 0.39222155 0.59132583
vn 0.81232947 0.39198218 0.43182264
vn 0.88413347 0.39272430 0.25313167
vn 0.91770934 0.39200547 0.06435279
vn 0.91098613 0.39226529 -0.12740571
vn 0.86104043 0.39685259 -0.31798962
vn 0.77991121 0.39838721 -0.48272780
vn 0.66143306 0.39228830 -0.63923094
vn 0.51405377 0.39262006 -0.76262587
vn 0.34535395 0.39219123 -0.85259410
vn 0.16032757 0.39244535 -0.90569405
vn -0.03219107 0.39159575 -0.91957409
vn -0.22255688 0.39233221 -0.89249307
vn -0.40336813 0.39210170 -0.82677107
vn -0.56606593 0.39267977 -0.72482547
vn -0.70471720 0.39197803 -0.59137711
vn -0.81225071 0.39235915 -0.43162841
vn -0.88453355 0.39168784 -0.25333974
vn -0.91759643 0.39235936 -0.06380379
vn -0.91089220 0.39223345 0.12817297
vn -0.86419170 0.39278389 0.31447340
vn -0.78004948 0.39186074 0.48781961
vn -0.66177563 0.39224873 0.63890057
vn -0.51470176 0.39211677 0.76244773
vn -0.34455104 0.39255015 0.85275375
vn -0.15925462 0.39229915 0.90594666
vn 0.03157568 0.39218024 0.91934631
vn -0.57686425 0.70674253 0.40956396
vn -0.70519573 0.70670792 0.05712173
vn -0.02439460 0.91853160 0.39459424
vn 0.04611289 0.91360600 0.40397732
vn 0.11248844 0.91857868 0.37889255
vn 0.16032543 0.91804475 0.36261493
vn 0.23469691 0.91240885 0.33530202
vn 0.31348746 0.91245588 0.26296363
vn 0.34726526 0.91803426 0.19136335
vn 0.36990515 0.91800180 0.14297862
vn 0.40298457 0.91243745 0.07114305
vn 0.40762729 0.91245505 -0.03557768
vn 0.38113336 0.91793366 -0.11015969
vn 0.36277674 0.91796579 -0.16041146
vn 0.33544540 0.91235329 -0.23470803
vn 0.26295448 0.91243906 -0.31354411
vn 0.19142095 0.91799027 -0.34734981
vn 0.14297885 0.91797164 -0.36997989
vn 0.07102071 0.91247442 -0.40292243
vn -0.03556437 0.91245222 -0.40763479
vn -0.11016172 0.91793328 -0.38113368
vn -0.15739835 0.91857852 -0.36254554
vn -0.22441876 0.91358205 -0.33912248
vn -0.27231921 0.91849753 -0.28671333
vn 0.30590410 0.93268705 -0.19109565
vn 0.25957237 0.93270163 -0.25037940
vn 0.20159712 0.93287042 -0.29851530
vn 0.13490551 0.93278192 -0.33424302
vn 0.06257308 0.93265114 -0.35531178
vn -0.01250078 0.93285691 -0.36003015
vn -0.08724979 0.93277911 -0.34972933
vn -0.15816678 0.93273889 -0.32400838
vn -0.22171420 0.93284506 -0.28397696
vn -0.27583823 0.93288596 -0.23159673
vn -0.31839791 0.93274191 -0.16916055
vn -0.34615889 0.93288031 -0.09954068
vn -0.35948916 0.93281192 -0.02508916
vn -0.35737557 0.93260415 0.05032095
vn -0.33892120 0.93269755 0.12331952
vn -0.30574246 0.93277467 0.19092661
vn -0.25925405 0.93276380 0.25047760
vn -0.20172146 0.93262526 0.29919655
vn -0.13525198 0.93267499 0.33440134
vn -0.06262104 0.93270381 0.35516505
vn 0.01262589 0.93254827 0.36082449
vn 0.08699608 0.93280445 0.34972494
vn 0.15807661 0.93270239 0.32415743
vn 0.22160564 0.93288823 0.28391986
vn 0.27634118 0.93273922 0.23158819
vn 0.31796736 0.93290302 0.16908195
vn 0.34698830 0.93259319 0.09934318
vn 0.35956674 0.93277952 0.02518194
vn 0.35656756 0.93292367 -0.05012977
vn 0.33907914 0.93259770 -0.12364009
vn 0.30561936 0.93280815 -0.19096012
vn 0.25896334 0.93291558 -0.25021293
vn 0.20148105 0.93277553 -0.29888994
vn 0.13521789 0.93283455 -0.33396979
vn 0.06261212 0.93270481 -0.35516398
vn -0.01270260 0.93255404 -0.36080687
vn -0.08699807 0.93279082 -0.34976082
vn -0.15794391 0.93283160 -0.32385015
vn -0.22176613 0.93285517 -0.28390319
vn -0.27634949 0.93269415 -0.23175975
vn -0.31836951 0.93275197 -0.16915854
vn -0.34698830 0.93259319 -0.09934318
vn -0.35956674 0.93277952 -0.02518194
vn -0.35662063 0.93290953 0.05001537
vn -0.33843048 0.93288626 0.12323977
vn -0.30590430 0.93263070 0.19137016
vn -0.25957237 0.93270163 0.25037940
vn -0.20159712 0.93287042 0.29851530
vn -0.13490551 0.93278192 0.33424302
vn -0.06257308 0.93265114 0.35531178
vn 0.01250078 0.93285691 0.36003015
vn 0.08724979 0.93277911 0.34972933
vn 0.15810310 0.93269278 0.32417217
vn 0.22209730 0.93271432 0.28410700
vn 0.27632643 0.93265558 0.23194240
vn 0.31817868 0.93279380 0.16928690
vn 0.34606533 0.93294802 0.09923091
vn 0.35982470 0.93268134 0.02513379
vn 0.35725132 0.93266675 -0.05004224
vn 0.33892120 0.93269755 -0.12331952
vn -0.27651407 -0.27096939 -0.92201711
vn -0.18819423 -0.11037648 -0.97590981
vn -0.15041250 -0.33291653 -0.93088273
vn -0.84476493 -0.53308531 -0.04682156
vn -0.73980585 -0.66667195 -0.09075143
vn -0.67510371 -0.65988601 -0.32982638
vn -0.63679671 -0.76541625 -0.09288656
vn -0.31972105 -0.60353864 -0.73042424
vn -0.51952833 -0.59535680 -0.61289525
vn -0.30869502 -0.47363354 -0.82485069
vn -0.38160054 -0.42700834 -0.81978345
vn -0.57951528 -0.75111926 -0.31619915
vn -0.51795345 -0.68838811 -0.50778542
vn -0.44372024 -0.55761270 -0.70155572
vn -0.10375488 -0.54695653 -0.83070662
vn -0.88815282 -0.45265786 -0.07928065
vn -0.80067347 -0.54588805 -0.24683644
vn -0.69241329 -0.59308231 -0.41087371
vn -0.55205982 -0.61555898 -0.56242074
vn -0.99497912 -0.02909107 -0.09576144
vn -0.99562477 -0.00719853 -0.09316381
vn -0.92852102 -0.02746752 -0.37026240
vn -0.99577556 -0.04208356 -0.08160887
vn -0.92821566 -0.10539890 -0.35680074
vn -0.92942831 -0.17199087 -0.32646923
vn -0.76238671 -0.17523797 -0.62294314
vn -0.70448061 -0.33368404 -0.62638808
vn -0.56055655 -0.22816913 -0.79606231
vn -0.35821931 -0.43672387 -0.82519767
vn -0.07771139 -0.29006994 -0.95384505
vn -0.28507568 -0.27601507 -0.91790388
vn -0.10192842 -0.07176357 -0.99219987
vn -0.36791508 -0.06698340 -0.92744365
vn -0.70395073 -0.05374059 -0.70821277
vn -0.08698275 -0.46379851 -0.88166033
vn 0.98821375 -0.15249537 -0.01336976
vn 0.97773438 -0.18217616 -0.10415046
vn 0.97012864 -0.23950641 -0.03856303
vn 0.83393966 -0.41535753 -0.36334937
vn 0.91250353 -0.39599648 -0.10258699
vn 0.01345664 -0.17257406 -0.98490462
vn -0.05074807 -0.05294138 -0.99730730
vn 0.06304893 -0.14267653 -0.98775920
vn 0.26010567 -0.29816489 -0.91839139
vn 0.23343897 -0.25181734 -0.93919874
vn 0.41808104 -0.35848721 -0.83468268
vn 0.08958175 -0.48686041 -0.86887401
vn 0.03798060 -0.33110922 -0.94282775
vn 0.30260344 -0.49292145 -0.81575707
vn 0.27934334 -0.40636819 -0.86996103
vn 0.49729073 -0.47199905 -0.72795524
vn 0.60061527 -0.43330854 -0.67194122
vn 0.91046893 -0.28397273 -0.30067560
vn 0.80724741 -0.36255746 -0.46572923
vn 0.66445377 -0.42883289 -0.61204864
vn 0.83446660 -0.53570604 -0.12916864
vn 0.72884711 -0.52655479 -0.43763221
vn 0.55720583 -0.44266800 -0.70254302
vn -0.99498574 0.02833685 -0.09591872
vn -0.99580424 0.04230721 -0.08114194
vn -0.92902502 0.17168691 -0.32777450
vn -0.99560286 0.00754111 -0.09337065
vn -0.92815351 0.10755883 -0.35631750
vn -0.92895952 0.02705804 -0.36919109
vn -0.76232069 0.19557268 -0.61694286
vn -0.70569406 0.04794161 -0.70689285
vn -0.56072430 0.24639340 -0.79049260
vn -0.36433251 0.06517510 -0.92898548
vn -0.07821856 0.28683826 -0.95478043
vn -0.28470460 0.27252394 -0.91906147
vn -0.08620505 0.46552427 -0.88082679
vn -0.36159775 0.43412295 -0.82509656
vn -0.70238867 0.32909930 -0.63114484
vn -0.10299282 0.07316252 -0.99198776
vn 0.12106995 0.50451800 -0.85487055
vn 0.33108783 0.49873849 -0.80102482
vn 0.28568559 0.39305287 -0.87400983
vn 0.96322241 0.26180703 -0.06049523
vn 0.91110364 0.40063837 -0.09684552
vn 0.82894010 0.42744606 -0.36076055
vn 0.84390119 0.53289472 -0.06208057
vn 0.59641607 0.43438666 -0.67497859
vn 0.47711127 0.41235708 -0.77609695
vn 0.24405481 0.26926439 -0.93162972
vn 0.52267385 0.46801003 -0.71258590
vn 0.28641107 0.30074963 -0.90968036
vn 0.81667329 0.54034367 -0.20266590
vn 0.73581969 0.52903051 -0.42272462
vn 0.62808844 0.48320782 -0.60993042
vn 0.00461836 0.48698528 -0.87339797
vn 0.03630681 0.31873847 -0.94714708
vn 0.02128112 0.17483103 -0.98436844
vn -0.00075273 0.08927700 -0.99600655
vn 0.97737583 0.19675441 -0.07761566
vn 0.92840246 0.27075659 -0.25447936
vn 0.82853845 0.35148004 -0.43587362
vn 0.68629401 0.42168436 -0.59260681
vn -0.84461701 0.53479847 -0.02475279
vn -0.89122174 0.44687682 -0.07762033
vn -0.78035494 0.55561316 -0.28694979
vn -0.74588657 0.66023247 -0.08801309
vn -0.63679671 0.76541625 -0.09288656
vn -0.67676354 0.65584296 -0.33445645
vn -0.57223943 0.61358731 -0.54410720
vn -0.51936953 0.59706429 -0.61136693
vn -0.31178104 0.60106233 -0.73587815
vn -0.30705661 0.47408958 -0.82520016
vn -0.10397737 0.54773256 -0.83016730
vn -0.15218906 0.33274619 -0.93065486
vn -0.57253496 0.73271528 -0.36787504
vn -0.45526428 0.57568432 -0.67920690
vn -0.29309479 0.31064453 -0.90420983
vn -0.18875213 0.10988258 -0.97585780
vn 0.99547250 -0.05814598 -0.07519005
vn 0.93084338 -0.23666979 -0.27842056
vn 0.91191096 -0.14817615 -0.38270384
vn 0.72462428 -0.39298304 -0.56611305
vn 0.35905305 -0.53094629 -0.76757863
vn 0.68838714 -0.27532253 -0.67105935
vn 0.33876519 -0.36920972 -0.86540299
vn 0.73260548 -0.15147535 -0.66358453
vn 0.32287970 -0.19499452 -0.92613489
vn 0.99315758 -0.04696130 -0.10692356
vn 0.92070299 -0.03272590 -0.38888947
vn 0.99502374 -0.01277464 -0.09881580
vn 0.70559123 -0.47276272 -0.52786023
vn 0.36068238 -0.62283834 -0.69424824
vn 0.08174952 -0.66415288 -0.74311370
vn 0.06664971 -0.56399782 -0.82308218
vn 0.04490055 -0.39438744 -0.91784666
vn 0.01851759 -0.20179987 -0.97925171
vn 0.66598016 -0.03837918 -0.74498152
vn 0.28673735 -0.04752240 -0.95682982
vn -0.01037396 -0.04956279 -0.99871713
vn 0.99485922 0.01219232 -0.10053098
vn 0.92111750 0.02908905 -0.38819632
vn 0.91145262 0.17529752 -0.37218935
vn 0.70460786 0.14359185 -0.69491665
vn 0.32314458 0.19185740 -0.92669753
vn 0.68759173 0.29682503 -0.66265565
vn 0.33963338 0.37371963 -0.86312387
vn 0.75343268 0.36110168 -0.54949502
vn 0.35821945 0.52865160 -0.76954942
vn 0.99318363 0.04457121 -0.10770188
vn 0.93040667 0.23709625 -0.27951529
vn 0.99558033 0.05861762 -0.07337423
vn 0.66539041 0.03999001 -0.74542364
vn 0.28624504 0.05357623 -0.95665739
vn -0.00849505 0.05288432 -0.99856451
vn 0.02190945 0.19777162 -0.98000325
vn 0.04863856 0.38379605 -0.92213604
vn 0.06776382 0.56130916 -0.82482731
vn 0.70581257 0.47283556 -0.52749897
vn 0.36043576 0.62275163 -0.69445409
vn 0.08194112 0.66404343 -0.74319040
vn 0.11265612 0.99218361 -0.05366827
vn 0.09699829 0.99528413 -0.00091682
vn 0.01245810 0.99985822 -0.01132884
vn 0.06089561 0.99521388 -0.07642680
vn 0.13597495 0.97511794 -0.17508803
vn 0.30567188 0.95063153 -0.05352007
vn 0.25615191 0.91006218 -0.32584203
vn 0.49031173 0.86862387 -0.07132305
vn 0.42700737 0.73736697 -0.52340678
vn 0.69194139 0.72033403 -0.04833226
vn 0.58002871 0.44727438 -0.68081740
vn 0.92786783 0.37138804 -0.03364836
vn 0.64373372 0.20405581 -0.73754195
vn 0.68317929 0.06088395 -0.72770818
vn 0.99539950 0.09467797 -0.01469378
vn 0.67920862 -0.73151286 -0.05970415
vn 0.83896292 -0.53979998 -0.06897245
vn 0.64147526 -0.20552505 -0.73910009
vn 0.92025431 -0.38311924 -0.07969722
vn 0.68319837 -0.06088452 -0.72769022
vn 0.97501825 -0.21267547 -0.06409797
vn 0.99584878 -0.07283317 -0.05459427
vn 0.57979344 -0.44462140 -0.68275280
vn 0.46164555 -0.67523085 -0.57527966
vn 0.48934073 -0.86936354 -0.06893967
vn 0.30685875 -0.95049209 -0.04901519
vn 0.36297269 -0.80359265 -0.47168812
vn 0.25962782 -0.89987536 -0.35045360
vn 0.15365579 -0.98669225 -0.05318178
vn 0.16013351 -0.96371041 -0.21358724
vn 0.06806529 -0.99421221 -0.08312162
vn 0.01245810 -0.99985822 -0.01132884
vn 0.09613204 -0.99536707 -0.00174137
vn 0.03665512 -0.52009133 -0.85332375
vn 0.00624395 -0.09236356 -0.99570577
vn 0.02072867 -0.30724441 -0.95140485
vn 0.05846270 -0.85565165 -0.51423959
vn 0.04765706 -0.70904142 -0.70355459
vn 0.06593487 -0.99381580 -0.08934621
vn 0.06335794 -0.95161754 -0.30068226
vn 0.70241056 -0.71163348 -0.01404260
vn 0.68260810 -0.70852066 -0.17901022
vn 0.56076377 -0.60128395 -0.56921139
vn 0.30688144 -0.37837026 -0.87330391
vn 0.06326834 -0.15259177 -0.98626207
vn -0.07887789 -0.02198124 -0.99664191
vn 0.57735027 -0.57735027 -0.57735027
vn -0.07776403 -0.14130935 -0.98690649
vn -0.04681305 -0.08620339 -0.99517713
vn -0.04513150 -0.36275420 -0.93079135
vn 0.00174240 -0.99584683 -0.09102777
vn -0.00444518 -0.99596507 -0.08963153
vn -0.01808726 -0.93045442 -0.36596097
vn 0.00692646 -0.92983894 -0.36790157
vn -0.03545650 -0.70628756 -0.70703658
vn 0.01347018 -0.70392394 -0.71014762
vn 0.01725182 -0.36145039 -0.93223172
vn 0.01848279 -0.08872719 -0.99588447
vn 0.04668641 -0.92871710 -0.36783819
vn 0.01156341 -0.99572408 -0.09165070
vn 0.10950440 -0.92703903 -0.35861877
vn 0.02777592 -0.99554186 -0.09013825
vn 0.08911816 -0.70356738 -0.70501836
vn 0.20740839 -0.70034955 -0.68300240
vn 0.11674769 -0.36294021 -0.92446978
vn 0.27110505 -0.35779229 -0.89358085
vn 0.12521717 -0.08863985 -0.98816175
vn 0.28962844 -0.08546441 -0.95331590
vn -0.15385699 0.33443124 -0.92977620
vn -0.08578771 0.08942946 -0.99229171
vn -0.09556919 0.34463383 -0.93385976
vn -0.05787324 0.08801635 -0.99443643
vn -0.04972203 0.70221697 -0.71022465
vn -0.04110510 0.35916514 -0.93236837
vn -0.03118275 0.08743175 -0.99568234
vn -0.13403360 0.62181550 -0.77160902
vn -0.22072218 0.60829927 -0.76239997
vn -0.15524659 0.81175732 -0.56298184
vn -0.25683836 0.77546401 -0.57679253
vn -0.04994364 0.93155685 -0.36014922
vn -0.16543552 0.94181852 -0.29259011
vn -0.04464066 0.99525193 -0.08649165
vn -0.16388820 0.98395655 -0.07049942
vn -0.27484109 0.87144469 -0.40625919
vn -0.28092385 0.93036830 -0.23557718
vn -0.28192679 0.95669051 -0.07252962
vn 0.70438563 0.50121335 -0.50261920
vn 0.89439638 0.34291295 -0.28716865
vn 0.94868201 0.25838765 -0.18231366
vn 0.98064163 0.17921010 -0.07890332
vn 0.36791446 0.63514627 -0.67913781
vn 0.09226921 0.66941064 -0.73714028
vn 0.08560828 0.66288917 -0.74380722
vn 0.06247703 0.67374958 -0.73631387
vn 0.24254039 0.73884729 -0.62871205
vn 0.01999580 0.68820609 -0.72523965
vn 0.00734958 0.67715404 -0.73580459
vn 0.05256160 0.79209094 -0.60813585
vn 0.60274911 0.76048416 -0.24157268
vn 0.44611615 0.78450971 -0.43072602
vn 0.24643853 0.87693715 -0.41261275
vn 0.12661863 0.78459305 -0.60694437
vn 0.04465219 0.68340639 -0.72867132
vn 0.09565626 0.90184432 -0.42133917
vn 0.13238643 0.96848360 -0.21098185
vn 0.34618347 0.90986062 -0.22871523
vn 0.72203682 0.68289625 -0.11097538
vn 0.89436340 0.42828833 -0.12916350
vn 0.80028516 0.53795153 -0.26486189
vn 0.60699429 0.63139319 -0.48259774
vn 0.32237263 0.67616921 -0.66247346
vn 0.14557552 0.98912888 0.02078031
vn 0.77506035 0.60551167 -0.18065730
vn 0.81227001 0.51326449 -0.27708661
vn 0.89740458 0.43563488 -0.06990906
vn 0.07283183 0.56220131 -0.82378711
vn 0.08809481 0.53770345 -0.83851912
vn 0.35613417 0.52093154 -0.77575691
vn 0.21554621 0.70737302 -0.67317401
vn 0.30279582 0.63316494 -0.71233198
vn 0.59193018 0.62079621 -0.51403378
vn 0.06587309 0.57658345 -0.81437845
vn 0.08741709 0.59734237 -0.79720785
vn 0.42925586 0.77482495 -0.46409666
vn 0.28526802 0.95783954 -0.03414051
vn 0.80522911 0.58892364 -0.06910159
vn 0.63691047 0.77066891 -0.02035904
vn 0.59509211 0.76789231 -0.23707969
vn 0.36424283 0.89722932 -0.24961312
vn 0.25253845 0.85374448 -0.45535118
vn 0.10341861 0.89538319 -0.43312069
vn 0.13685800 0.74503798 -0.65283099
vn 0.12464817 0.93983909 -0.31806496
vn 0.04704958 0.66587460 -0.74457864
vn 0.03970835 0.64711911 -0.76135413
vn 0.06811565 0.63580697 -0.76883662
vn 0.05376071 0.61716745 -0.78499307
vn 0.70730885 0.40457004 -0.57968721
vn 0.70155299 0.48706125 -0.52018722
vn 0.93243530 0.21779361 -0.28832335
vn 0.87970506 0.37168232 -0.29659950
vn 0.99330163 0.09300830 -0.06856624
vn 0.96219979 0.26035133 -0.07992968
vn 0.41195245 0.90844063 -0.07092816
vn 0.04276461 0.69941881 -0.71343151
vn 0.83496656 -0.35151205 -0.42340302
vn 0.93137461 -0.25102274 -0.26368336
vn 0.93307579 -0.17809452 -0.31249305
vn 0.98019874 -0.15946968 -0.11738762
vn 0.99177425 -0.12518114 -0.02671187
vn 0.99628100 -0.04270232 -0.07483769
vn 0.66398794 -0.45108731 -0.59635582
vn 0.08784076 -0.49752911 -0.86298829
vn 0.36282163 -0.46316371 -0.80860364
vn 0.01552979 -0.45311976 -0.89131437
vn 0.35916394 -0.37741433 -0.85355708
vn 0.08772776 -0.39259818 -0.91551653
vn 0.35986860 -0.30064793 -0.88323576
vn 0.09272060 -0.33027089 -0.93932105
vn 0.03254982 -0.27476486 -0.96096034
vn 0.36116723 -0.19948579 -0.91091364
vn 0.08769882 -0.21632708 -0.97237416
vn -0.01502672 -0.15605595 -0.98763391
vn 0.36237414 -0.09187368 -0.92749351
vn 0.08914550 -0.09018754 -0.99192706
vn 0.36542413 0.00003170 -0.93084113
vn 0.08874438 -0.00005893 -0.99605443
vn 0.36233645 0.09185004 -0.92751057
vn 0.08905800 0.09022797 -0.99193124
vn -0.01512566 0.15602852 -0.98763673
vn 0.36116370 0.19947958 -0.91091639
vn 0.08729474 0.21616208 -0.97244721
vn 0.02888507 0.27263135 -0.96168488
vn 0.35989093 0.30064134 -0.88322891
vn 0.08824778 0.33277184 -0.93886912
vn 0.35917934 0.37742644 -0.85354524
vn 0.08771727 0.39258379 -0.91552370
vn 0.01542108 0.45303987 -0.89135687
vn 0.36288272 0.46304823 -0.80864236
vn 0.08766840 0.49760211 -0.86296373
vn 0.99627958 0.04263076 -0.07489739
vn 0.93306439 0.17796968 -0.31259821
vn 0.93380383 0.14754964 -0.32594403
vn 0.99632109 0.03536168 -0.07806307
vn 0.93354173 0.11242497 -0.34038282
vn 0.99631846 0.02687401 -0.08140828
vn 0.93347564 0.07569783 -0.35056107
vn 0.99632388 0.01807160 -0.08373858
vn 0.93350065 0.03805203 -0.35655095
vn 0.99633471 0.00909332 -0.08505556
vn 0.93391871 -0.00003970 -0.35748545
vn 0.99633284 -0.00000015 -0.08556205
vn 0.93351080 -0.03800347 -0.35652955
vn 0.99633452 -0.00909006 -0.08505818
vn 0.93347460 -0.07569649 -0.35056414
vn 0.99632360 -0.01807436 -0.08374130
vn 0.93353440 -0.11241642 -0.34040575
vn 0.99631840 -0.02687567 -0.08140844
vn 0.93380144 -0.14760430 -0.32592613
vn 0.99632164 -0.03536691 -0.07805358
vn 0.70991523 -0.34823272 -0.61217182
vn 0.71125947 -0.29008128 -0.64028339
vn 0.71114490 -0.22042114 -0.66759827
vn 0.71093946 -0.14846209 -0.68740388
vn 0.71074275 -0.07458923 -0.69948638
vn 0.71078731 -0.00000357 -0.70340699
vn 0.71078373 0.07459693 -0.69944392
vn 0.71093771 0.14846131 -0.68740586
vn 0.71112074 0.22042935 -0.66762130
vn 0.71125558 0.29006135 -0.64029673
vn 0.70988056 0.34817407 -0.61224538
vn 0.35574470 -0.53216629 -0.76827387
vn 0.08344732 -0.54657283 -0.83324347
vn 0.40669966 -0.86900308 -0.28183156
vn 0.27102904 -0.85374004 -0.44460230
vn 0.29535944 -0.95265691 -0.07216380
vn 0.12214113 -0.75794741 -0.64077865
vn 0.06048363 -0.78688185 -0.61413246
vn 0.12632030 -0.91101115 -0.39255811
vn 0.21521295 -0.70729193 -0.67336581
vn 0.17420858 -0.97915764 -0.10441113
vn 0.71180611 -0.70219223 -0.01606665
vn 0.68585044 -0.69540044 -0.21453999
vn 0.63049431 -0.76700870 0.11905705
vn 0.60490959 -0.74806015 -0.27292929
vn 0.44369301 -0.89404044 -0.06187252
vn 0.89524036 -0.44542494 -0.01188765
vn 0.88498876 -0.43535082 -0.16511986
vn 0.80966743 -0.51386375 -0.28351844
vn 0.71956524 -0.56302281 -0.40648638
vn 0.31094801 -0.62617444 -0.71499434
vn 0.04834591 -0.56809692 -0.82154036
vn 0.02032898 -0.66653739 -0.74519437
vn 0.03363001 -0.66740350 -0.74393655
vn 0.03743439 -0.64725440 -0.76135433
vn 0.06249806 -0.63744007 -0.76796104
vn 0.06238531 -0.61151765 -0.78876754
vn 0.13214426 -0.96753520 -0.21543799
vn 0.09035335 -0.88179324 -0.46290059
vn 0.02813750 -0.71736061 -0.69613363
vn 0.42694430 -0.76807196 -0.47726725
vn 0.56022724 -0.61397516 -0.55603951
vn 0.25086830 -0.73547267 -0.62940054
vn 0.33668912 -0.67659836 -0.65487030
vn 0.59730247 -0.62482552 -0.50281491
vn 0.72626078 -0.64558995 -0.23613320
vn 0.34587085 -0.90999254 -0.22866334
vn 0.24643853 -0.87693715 -0.41261275
vn 0.61128571 -0.75763229 -0.22874242
vn 0.44691203 -0.77947605 -0.43896096
vn 0.09308152 -0.64903535 -0.75504234
vn 0.07729454 -0.66585945 -0.74206250
vn 0.06031093 -0.67567112 -0.73473201
vn 0.11702291 -0.78544088 -0.60777320
vn 0.02342054 -0.69891784 -0.71481839
vn 0.96278495 -0.20588268 -0.17509270
vn 0.87581553 -0.40568613 -0.26146876
vn 0.89607414 -0.31717321 -0.31056768
vn 0.69580586 -0.50525778 -0.51045937
vn 0.82423610 -0.50346961 -0.25913936
vn 0.37372162 -0.63912203 -0.67220174
vn 0.08835044 -0.66292853 -0.74345139
vn -0.18489305 -0.08617774 -0.97897291
vn -0.11206441 -0.33605036 -0.93515331
vn -0.12613834 -0.35019018 -0.92814652
vn -0.03253069 -0.57332544 -0.81868168
vn -0.03191310 -0.55092588 -0.83394378
vn -0.21468900 -0.08618653 -0.97287230
vn -0.02759468 -0.29573248 -0.95487216
vn -0.04775127 -0.07480480 -0.99605424
vn -0.00332164 -0.47400722 -0.88051469
vn -0.00397011 -0.46605512 -0.88474678
vn -0.00822712 0.49140548 -0.87089205
vn -0.02608993 0.29314271 -0.95571265
vn -0.04529652 0.07520157 -0.99613902
vn -0.00495713 0.48999075 -0.87171354
vn -0.04151735 -0.35817553 -0.93273072
vn -0.03141903 -0.08733500 -0.99568340
vn -0.09460039 -0.34344549 -0.93439604
vn -0.05541614 -0.08625923 -0.99473031
vn -0.15510611 -0.33128050 -0.93069615
vn -0.08550975 -0.08670182 -0.99255774
vn -0.04866459 -0.70633015 -0.70620781
vn -0.13343588 -0.62252582 -0.77113972
vn -0.22053667 -0.58381354 -0.78136120
vn -0.24581878 -0.69871070 -0.67184558
vn -0.26701208 -0.79661274 -0.54232157
vn -0.16026317 -0.81431893 -0.55785338
vn -0.28334139 -0.91300512 -0.29349500
vn -0.17077835 -0.93946436 -0.29705468
vn -0.28191999 -0.95673949 -0.07190737
vn -0.16575464 -0.98359801 -0.07113623
vn -0.04558804 -0.93014902 -0.36434124
vn -0.04351478 -0.99522667 -0.08735183
vn -0.10904622 0.33446251 -0.93607892
vn -0.03834947 0.57739531 -0.81556359
vn -0.12792839 0.34858195 -0.92850684
vn -0.03479010 0.56886353 -0.82169576
vn -0.02840091 0.54322823 -0.83910457
vn -0.18533354 0.08500111 -0.97899249
vn -0.21119524 0.08721117 -0.97354547
vn 0.66161604 0.68612477 -0.30248474
vn 0.58279672 0.63394639 -0.50838956
vn 0.03660879 0.12682962 -0.99124873
vn -0.08082091 0.02009702 -0.99652601
vn 0.46705266 0.52778819 -0.70943741
vn 0.31513842 0.39541725 -0.86274734
vn 0.19053052 0.26508885 -0.94521216
vn 0.69810106 0.71572787 -0.01971122
vn 0.68599649 0.71911916 -0.11079917
vn 0.06674241 0.99387577 -0.08807042
vn 0.06256699 0.93096543 -0.35970647
vn 0.04809097 0.71073948 -0.70180955
vn 0.02501991 0.37012278 -0.92864586
vn 0.00631687 0.09239899 -0.99570203
vn 0.01817081 0.08822426 -0.99593489
vn -0.04445073 0.36241531 -0.93095611
vn 0.01703631 0.36137364 -0.93226544
vn -0.03404847 0.70625975 -0.70713355
vn 0.01327563 0.70405150 -0.71002482
vn -0.01689048 0.93048404 -0.36594284
vn 0.00702020 0.92981090 -0.36797065
vn -0.00386201 0.99599625 -0.08931159
vn 0.00170365 0.99584897 -0.09100509
vn -0.04688166 0.08535656 -0.99524689
vn -0.07725227 0.13879421 -0.98730353
vn 0.57735027 0.57735027 -0.57735027
vn 0.04660485 0.92871326 -0.36785823
vn 0.01165928 0.99572269 -0.09165358
vn 0.02772299 0.99553877 -0.09018864
vn 0.08928561 0.70366481 -0.70489993
vn 0.11703913 0.36283947 -0.92447248
vn 0.27120882 0.35799923 -0.89346647
vn 0.28962844 0.08546441 -0.95331590
vn 0.12518804 0.08859144 -0.98816978
vn 0.10944600 0.92708014 -0.35853033
vn 0.20765732 0.70012933 -0.68315252
vn -0.02907018 -0.53984671 -0.84126123
vn -0.00905596 -0.66581010 -0.74606628
vn -0.03565471 -0.59704502 -0.80141499
vn -0.05942543 -0.37927821 -0.92337244
vn -0.12272714 -0.36663675 -0.92223399
vn -0.14567292 -0.05632319 -0.98772825
vn -0.07881122 -0.24684301 -0.96584539
vn -0.22433272 -0.06216204 -0.97252800
vn -0.12743839 -0.26429891 -0.95598407
vn -0.08429336 -0.45386292 -0.88707558
vn -0.07295334 -0.52529213 -0.84778888
vn -0.01394555 -0.64670026 -0.76261674
vn -0.00724070 -0.67258718 -0.73998247
vn -0.19979703 -0.03925126 -0.97905081
vn -0.00974114 0.67668681 -0.73620654
vn -0.01334581 0.64624681 -0.76301176
vn -0.05397421 0.57000222 -0.81986843
vn -0.05061478 0.47840139 -0.87668139
vn -0.07368576 0.46542015 -0.88201729
vn -0.19217220 0.29294674 -0.93661735
vn -0.20002173 0.03778436 -0.97906264
vn -0.12000081 0.22042113 -0.96799501
vn -0.11339404 0.07612233 -0.99062969
vn -0.11424513 -0.02479255 -0.99314318
vn -0.21763486 0.08228419 -0.97255559
vn -0.02199657 0.49715882 -0.86738069
vn -0.05253771 0.31961344 -0.94609040
vn -0.13067355 0.37385989 -0.91823374
vn -0.11257916 0.20921828 -0.97136689
vn -0.03559029 0.59710397 -0.80137393
vn -0.01400654 0.66313537 -0.74836842
vn -0.01179115 0.42449310 -0.90535439
vn -0.09049260 0.47533786 -0.87513714
vn -0.36031078 0.43978243 -0.82265883
vn -0.36892852 0.39987162 -0.83904376
vn -0.10853018 0.40270612 -0.90887237
vn -0.71000870 0.32700824 -0.62366117
vn -0.69800444 0.33020689 -0.63541578
vn -0.89494187 0.21456093 -0.39120667
vn -0.93372156 0.16614227 -0.31711322
vn -0.96317869 0.14930414 -0.22359580
vn -0.99631533 0.03989199 -0.07592363
vn -0.99536421 0.06599547 -0.06996202
vn -0.94044521 -0.08639073 -0.32878480
vn -0.99224442 -0.09163721 -0.08398585
vn -0.82867086 -0.07938186 -0.55407863
vn -0.66642708 -0.05810736 -0.74330242
vn -0.37624557 -0.03291190 -0.92593525
vn -0.10128063 -0.01036012 -0.99480395
vn -0.37650797 0.02709376 -0.92601710
vn -0.10321968 0.00804329 -0.99462606
vn -0.71795623 0.05482764 -0.69392563
vn -0.93301824 0.07247323 -0.35245510
vn -0.99139288 0.09654455 -0.08842683
vn -0.36032346 -0.43996722 -0.82255446
vn -0.09191965 -0.47490158 -0.87522526
vn -0.01291944 -0.42462809 -0.90527569
vn -0.71019651 -0.32737704 -0.62325371
vn -0.93363587 -0.16653905 -0.31715739
vn -0.99631551 -0.03986798 -0.07593388
vn -0.70603599 -0.33205843 -0.62550011
vn -0.89289668 -0.24905074 -0.37511231
vn -0.94742670 -0.20147444 -0.24857736
vn -0.97878170 -0.15754715 -0.13101631
vn -0.99430797 -0.10215738 -0.03025774
vn -0.36667952 -0.39402930 -0.84278529
vn -0.10751279 -0.40112684 -0.90969130
vn 0.09815941 0.99037503 0.09758090
vn 0.05857062 0.99400836 0.09228687
vn 0.99066303 0.09689484 0.09590700
vn 0.91985118 0.38076734 0.09428700
vn 0.70303518 0.70395462 0.10094274
vn 0.38026615 0.91976959 0.09706471
vn 0.99038965 -0.09809954 0.09749267
vn 0.09803930 -0.99037878 0.09766355
vn 0.38089398 -0.91955802 0.09660652
vn 0.70319339 -0.70355079 0.10264181
vn 0.91973024 -0.38021845 0.09762282
vn -0.00154137 -0.99532711 0.09654823
vn 0.85537809 -0.51395129 -0.06467137
vn 0.70921096 -0.70301330 -0.05284034
vn 0.68082618 -0.69549845 -0.22969027
vn 0.52000283 -0.85323218 -0.03989865
vn 0.30819873 -0.95104611 -0.02290935
vn 0.35751539 -0.92585943 -0.12233995
vn 0.20389745 -0.92480767 -0.32118000
vn 0.05244786 -0.99522591 -0.08230798
vn 0.30353096 -0.92342482 -0.23485221
vn 0.07791860 -0.99512764 -0.06041253
vn 0.09310938 -0.99519527 -0.03028215
vn 0.09264813 -0.99567305 -0.00717670
vn 0.99342557 -0.08794286 -0.07329177
vn 0.95130407 -0.30013520 -0.07028101
vn 0.96299882 -0.08874728 -0.25447434
vn 0.88813502 -0.36792235 -0.27540758
vn 0.86762933 -0.19462651 -0.45753674
vn 0.79546295 -0.09788834 -0.59804396
vn 0.74421649 -0.36659803 -0.55834371
vn 0.64862266 -0.14471892 -0.74722492
vn 0.48208260 -0.37193245 -0.79326075
vn 0.48721809 -0.08870236 -0.86876373
vn 0.38552706 -0.69564589 -0.60617298
vn 0.56782098 -0.69549233 -0.44030644
vn 0.01997858 0.08836197 -0.99588806
vn 0.12514787 0.08869060 -0.98816597
vn 0.29003094 0.08579193 -0.95316410
vn 0.07518483 -0.70541065 -0.70480001
vn 0.09224936 -0.00641742 -0.99571526
vn 0.08023178 -0.05647501 -0.99517508
vn 0.05646006 -0.08026611 -0.99517316
vn 0.09312277 -0.02768175 -0.99526975
vn 0.02771643 -0.09313524 -0.99526762
vn 0.21211713 -0.68557076 -0.69641874
vn 0.11289465 -0.35941371 -0.92632423
vn 0.37008726 -0.02508450 -0.92865827
vn 0.36431523 -0.10772301 -0.92502442
vn 0.31287997 -0.21985601 -0.92399646
vn 0.21976784 -0.31301363 -0.92397217
vn 0.27578035 -0.95641106 -0.09603684
vn 0.26873253 -0.89565180 -0.35438775
vn 0.52136639 -0.76968440 -0.36846033
vn 0.54225380 -0.83510466 -0.09252577
vn 0.70010634 -0.69989238 -0.14142759
vn 0.76978291 -0.52120511 -0.36848270
vn 0.83824654 -0.53815524 -0.08792991
vn 0.89571924 -0.26434397 -0.35750429
vn 0.95506452 -0.28189403 -0.09158343
vn 0.93106132 -0.06264349 -0.35944486
vn 0.99382968 -0.06504697 -0.08984127
vn 0.71051051 -0.04831633 -0.70202589
vn 0.68817026 -0.20325823 -0.69649679
vn 0.58761583 -0.41340105 -0.69556252
vn 0.41337923 -0.58749452 -0.69567794
vn -0.19544550 0.00654473 -0.98069273
vn -0.19430028 -0.01367388 -0.98084679
vn -0.18672650 -0.02842881 -0.98200052
vn 0.15097491 0.29711858 -0.94282932
vn -0.04235669 0.08854951 -0.99517079
vn -0.07521426 0.15734228 -0.98467569
vn -0.11088763 0.08895507 -0.98984389
vn -0.14971443 0.08879084 -0.98473437
vn -0.10657098 0.01552275 -0.99418392
vn -0.17394765 -0.07791981 -0.98166732
vn -0.16839725 -0.08902072 -0.98169123
vn -0.18391166 0.15294241 -0.97097122
vn -0.16008420 -0.08938683 -0.98304783
vn -0.22056936 0.07728191 -0.97230482
vn -0.13410886 -0.05225751 -0.98958778
vn -0.24491009 0.08797385 -0.96554630
vn -0.14244781 -0.07300153 -0.98710658
vn -0.14800900 -0.07581662 -0.98607564
vn -0.12564988 -0.03412482 -0.99148757
vn -0.12272463 -0.01189276 -0.99236950
vn -0.12329807 0.01316138 -0.99228240
vn -0.12513345 0.03879898 -0.99138099
vn 0.00000000 -0.77030782 -0.63767223
vn -0.31892764 -0.77023880 -0.55228376
vn 0.00000000 -0.77030782 0.63767223
vn 0.31892764 -0.77023880 -0.55228376
vn 0.55228376 -0.77023880 -0.31892764
vn 0.31909507 -0.77034599 0.55203750
vn 0.55252186 -0.77009238 0.31886882
vn 0.63762479 -0.77034708 0.00009821
vn -0.55228376 -0.77023880 -0.31892764
vn -0.63762479 -0.77034708 0.00009821
vn -0.55252186 -0.77009238 0.31886882
vn -0.31909507 -0.77034599 0.55203750
vn -0.25737621 0.09292113 -0.96183322
vn -0.24719924 0.09699886 -0.96409738
vn -0.29182793 0.36707909 -0.88322670
vn -0.31724481 0.87295072 -0.37055738
vn -0.29288754 0.95128353 -0.09631480
vn -0.20105866 0.95640711 -0.21180380
vn -0.26051384 0.37438574 -0.88992576
vn -0.31883742 0.67214368 -0.66825562
vn -0.22762772 0.71471372 -0.66133949
vn -0.14273132 0.92869926 -0.34226519
vn -0.05643836 0.99525806 -0.07922182
vn -0.19738061 0.08895110 -0.97628305
vn -0.16732697 -0.09140342 -0.98165529
vn -0.13411460 0.09104627 -0.98677447
vn -0.12142556 -0.09844812 -0.98770633
vn -0.08485284 -0.09171663 -0.99216332
vn -0.04062677 -0.07296000 -0.99650705
vn -0.10315455 0.03205095 -0.99414882
vn -0.01689665 0.00703965 -0.99983246
vn -0.09372910 0.05619979 -0.99401028
vn -0.07557139 0.07551744 -0.99427666
vn -0.02786400 0.09789898 -0.99480621
vn -0.04798339 0.09454281 -0.99436374
vn -0.33568412 0.89695369 -0.28773293
vn -0.09258691 0.94020009 -0.32779789
vn -0.08899379 0.82577213 -0.55693850
vn -0.95054700 0.22655407 -0.21244684
vn -0.92081111 0.38109705 -0.08289713
vn -0.79894959 0.53985315 -0.26502478
vn -0.70340181 0.70903334 -0.04997626
vn -0.61159003 0.73939576 -0.28151652
vn -0.38586898 0.91998031 -0.06885758
vn -0.09286803 0.99217622 -0.08343790
vn -0.04812079 0.37142151 -0.92721651
vn -0.14503200 0.35075784 -0.92516736
vn -0.24654443 0.28435176 -0.92647716
vn -0.31666740 0.20518239 -0.92607880
vn -0.36575483 0.10739190 -0.92449467
vn -0.23962787 0.60311450 -0.76080969
vn -0.41934505 0.49448718 -0.76133578
vn -0.54412618 0.35769016 -0.75893640
vn -0.63810894 0.16993362 -0.75095909
vn -0.79847251 0.20528373 -0.56595074
vn -0.69718593 0.46154602 -0.54854996
vn -0.53913552 0.63772269 -0.55012967
vn -0.30587678 0.77819585 -0.54849851
vn -0.07073668 0.66154160 -0.74656482
vn -0.18281325 -0.96350327 -0.19555243
vn -0.19417534 -0.97878183 -0.06543750
vn -0.37922857 -0.92250256 -0.07193552
vn -0.60530300 -0.72142429 -0.33638560
vn -0.44195855 -0.68766501 -0.57601170
vn -0.20929929 -0.72595972 -0.65511549
vn -0.04185620 -0.48828783 -0.87167830
vn -0.02045112 -0.48369163 -0.87499952
vn -0.10467036 -0.73219975 -0.67299899
vn -0.05322980 -0.47255285 -0.87969335
vn -0.15796006 -0.91226664 -0.37791295
vn -0.33074287 -0.89548741 -0.29784468
vn -0.89169450 -0.42239746 -0.16266933
vn -0.80919478 -0.47203927 -0.34983245
vn -0.62523766 -0.49153345 -0.60619529
vn -0.34436584 -0.45990881 -0.81847178
vn -0.09064199 -0.40565006 -0.90952299
vn -0.68675869 -0.70883846 -0.16096750
vn -0.70483857 -0.70806116 -0.04303466
vn -0.92567184 -0.37492361 -0.05063530
vn -0.06547084 -0.41975765 -0.90527183
vn -0.23089162 -0.58898365 -0.77445937
vn -0.06167129 0.36096595 -0.93053761
vn -0.02331290 0.29660847 -0.95471458
vn -0.00904396 0.67034830 -0.74199149
vn -0.07337948 0.57587818 -0.81423570
vn 0.00249163 0.64340855 -0.76551893
vn -0.08702564 0.55502035 -0.82727200
vn -0.08108116 0.38051791 -0.92121223
vn -0.09656560 0.48621703 -0.86848609
vn -0.08464410 0.41626942 -0.90529285
vn -0.01681843 0.43162167 -0.90189793
vn -0.03409143 0.41578412 -0.90882415
vn 0.01940375 0.30824801 -0.95110812
vn -0.02593422 0.38846226 -0.92109961
vn -0.09462525 0.41233696 -0.90610391
vn -0.07178201 0.41881804 -0.90522858
vn -0.05351074 0.46749792 -0.88237311
vn -0.08159163 0.34978230 -0.93327121
vn -0.06877186 0.36590424 -0.92810803
vn -0.05981510 0.39700158 -0.91586675
vn -0.06564546 0.30287454 -0.95076689
vn -0.08317588 0.26881243 -0.95959452
vn -0.08750651 0.20616795 -0.97459601
vn 0.01008772 0.15126001 -0.98844254
vn -0.08660629 0.08794870 -0.99235295
vn -0.08881896 -0.00011375 -0.99604778
vn -0.08665960 -0.08785186 -0.99235687
vn 0.00998007 -0.15129695 -0.98843797
vn -0.08796846 -0.20636317 -0.97451310
vn -0.08552026 -0.26626843 -0.96009760
vn -0.07511045 -0.31484808 -0.94616547
vn -0.00794911 -0.29953926 -0.95405086
vn -0.08123575 -0.35502281 -0.93132140
vn 0.03734417 -0.30919395 -0.95026550
vn -0.07520447 -0.38288660 -0.92072914
vn -0.04115562 -0.39463653 -0.91791515
vn -0.02534745 -0.38821173 -0.92122156
vn -0.03084706 -0.44982229 -0.89258521
vn -0.03620430 -0.42857071 -0.90278259
vn -0.02853465 -0.30238034 -0.95276015
vn -0.05324191 -0.34638014 -0.93658214
vn -0.07924889 -0.39487357 -0.91531114
vn -0.09301923 -0.41948798 -0.90298242
vn -0.09647791 -0.45506512 -0.88521622
vn -0.09609521 -0.49715501 -0.86232396
vn -0.08818126 -0.56368224 -0.82127121
vn 0.00332235 -0.64491496 -0.76424712
vn -0.00875179 -0.67008801 -0.74223007
vn 0.09950095 -0.49569956 -0.86277547
vn 0.07025462 -0.36871035 -0.92688563
vn 0.08585048 -0.39757267 -0.91354566
vn 0.08616576 -0.43274312 -0.89739002
vn 0.03858143 0.33028558 -0.94309221
vn 0.06319144 0.35509165 -0.93269328
vn -0.03758486 0.44105431 -0.89669308
vn 0.08856054 0.41338080 -0.90624133
vn 0.10186147 0.47500461 -0.87406800
vn 0.09005984 0.53887937 -0.83755492
vn -0.97286018 0.21780260 -0.07813516
vn -0.34842509 0.46300949 -0.81499826
vn -0.23567027 0.59224761 -0.77052080
vn -0.88110788 0.32673297 -0.34189834
vn -0.61447372 0.48384270 -0.62315190
vn -0.83188905 0.45218475 -0.32169792
vn -0.73166568 0.60244520 -0.31894375
vn -0.43352233 0.68632076 -0.58397106
vn -0.59626646 0.74605000 -0.29643839
vn -0.24220012 0.74246102 -0.62457244
vn -0.34199026 0.89443494 -0.28814718
vn -0.14871828 0.88489803 -0.44140498
vn -0.17418890 0.94882751 -0.26340952
vn -0.07987507 0.59669634 -0.79848197
vn -0.91947624 0.38346150 -0.08672206
vn -0.82980957 0.55131607 -0.08640993
vn -0.67117514 0.73691028 -0.08054295
vn -0.37748089 0.92318804 -0.07233274
vn -0.19608588 0.97776956 -0.07427655
vn -0.11617542 0.78595930 -0.60726539
vn -0.89854353 -0.33202124 -0.28702164
vn -0.23325625 -0.94843183 -0.21463593
vn -0.38175546 -0.92058799 -0.08234390
vn -0.54315146 -0.79711331 -0.26381217
vn -0.70866432 -0.70379274 -0.04970573
vn -0.74124402 -0.60990700 -0.28030475
vn -0.92047169 -0.38490671 -0.06766600
vn -0.35607083 -0.13342507 -0.92488449
vn -0.10620976 -0.03761825 -0.99363190
vn -0.29083014 -0.23887992 -0.92647408
vn -0.08416068 -0.06609944 -0.99425743
vn -0.21393749 -0.30715869 -0.92729946
vn -0.06449924 -0.08521059 -0.99427310
vn -0.11936743 -0.36100917 -0.92489123
vn -0.04425388 -0.09561927 -0.99443378
vn -0.06877243 -0.71571152 -0.69500171
vn -0.04194068 -0.37107548 -0.92765509
vn -0.02484388 -0.09321509 -0.99533599
vn -0.60896470 -0.23087240 -0.75885435
vn -0.50156129 -0.41468280 -0.75925915
vn -0.36666600 -0.53662530 -0.75999298
vn -0.17985232 -0.63341360 -0.75262232
vn -0.07890465 -0.93233849 -0.35287249
vn -0.21250356 -0.79245834 -0.57170973
vn -0.46908962 -0.69069934 -0.55035383
vn -0.64335961 -0.53245578 -0.55007205
vn -0.78166981 -0.29890561 -0.54740090
vn -0.09710654 -0.99141672 -0.08753979
vn -0.01040074 -0.00112838 -0.99994527
vn -0.08072957 0.02436170 -0.99643828
vn -0.04983802 0.08061911 -0.99549823
vn -0.09801798 0.09046535 -0.99106432
vn -0.15919845 -0.08844590 -0.98327676
vn -0.13792615 0.09430629 -0.98594255
vn -0.17545949 -0.02579564 -0.98414864
vn -0.18035893 0.08674969 -0.97976790
vn -0.22908380 -0.08992629 -0.96924397
vn -0.25292521 -0.09630632 -0.96268060
vn -0.25722636 -0.09270238 -0.96189442
vn -0.24536601 -0.08763196 -0.96546163
vn -0.20105866 -0.95640711 -0.21180380
vn -0.29356797 -0.95104905 -0.09655852
vn -0.31801996 -0.87188135 -0.37240598
vn -0.14458071 -0.92804806 -0.34325387
vn -0.32067881 -0.67192002 -0.66759912
vn -0.22959814 -0.71545118 -0.65985931
vn -0.29719764 -0.36554886 -0.88207006
vn -0.26145195 -0.37465176 -0.88953861
vn -0.05660922 -0.99526783 -0.07897683
vn 0.01995092 -0.08785988 -0.99593303
vn -0.04215143 -0.08772262 -0.99525273
vn -0.17378281 0.07799840 -0.98169027
vn -0.11332919 -0.00888152 -0.99351780
vn -0.14952414 -0.08896653 -0.98474742
vn 0.16714696 -0.31359598 -0.93472961
vn -0.18772386 0.02972321 -0.98177201
vn -0.19521632 0.01372221 -0.98066421
vn -0.19507382 -0.00690953 -0.98076422
vn -0.11084680 -0.08892827 -0.98985087
vn -0.07492020 -0.15700506 -0.98475194
vn -0.12334533 0.01215782 -0.99228933
vn -0.12355031 -0.01325986 -0.99224972
vn -0.12423586 -0.04034026 -0.99143235
vn -0.12576486 0.03416137 -0.99147173
vn -0.13266915 0.05889496 -0.98940906
vn -0.21875885 -0.08495863 -0.97207335
vn -0.13640627 0.07366548 -0.98791028
vn -0.14919423 0.08495247 -0.98515185
vn -0.18166277 -0.15694695 -0.97075553
vn -0.15677989 0.09170065 -0.98336720
vn -0.16802583 0.08928933 -0.98173048
vn 0.10863762 0.36406148 -0.92501735
vn 0.02784151 0.09295873 -0.99528063
vn 0.22068487 0.31138612 -0.92430345
vn 0.05682671 0.08025026 -0.99515357
vn 0.31304684 0.21756317 -0.92448253
vn 0.08064830 0.05594142 -0.99517155
vn 0.36166593 0.10576818 -0.92628875
vn 0.09495392 0.02566492 -0.99515078
vn 0.38798345 0.02629911 -0.92129105
vn 0.10165969 0.00747386 -0.99479116
vn 0.96368627 0.25917525 -0.06431919
vn 0.99325812 0.07602214 -0.08751533
vn 0.92349855 0.06132720 -0.37866794
vn 0.89813872 0.25816138 -0.35594880
vn 0.77235815 0.51722425 -0.36870309
vn 0.83897844 0.53626099 -0.09240844
vn 0.69742543 0.70358717 -0.13624563
vn 0.52381130 0.76810879 -0.36828062
vn 0.55297837 0.82943049 -0.07912006
vn 0.26568540 0.89535995 -0.35740989
vn 0.27642079 0.95597877 -0.09846896
vn 0.20430479 0.68778821 -0.69656796
vn 0.41477312 0.58629019 -0.69586426
vn 0.59058357 0.40973430 -0.69521856
vn 0.68968306 0.20084823 -0.69569912
vn 0.71114255 0.04799712 -0.70140755
vn 0.07440957 0.70482189 -0.70547099
vn 0.05244978 0.99522632 -0.08230183
vn 0.00000000 0.77030782 0.63767223
vn 0.55228376 0.77023880 -0.31892764
vn 0.63762479 0.77034708 0.00009821
vn -0.55228376 0.77023880 -0.31892764
vn -0.63762479 0.77034708 0.00009821
vn 0.09267240 0.99567052 -0.00721415
vn -0.55252186 0.77009238 0.31886882
vn -0.31909507 0.77034599 0.55203750
vn 0.09313462 0.99519493 -0.03021595
vn 0.07788286 0.99512965 -0.06042550
vn 0.55252186 0.77009238 0.31886882
vn 0.31909507 0.77034599 0.55203750
vn -0.31892764 0.77023880 -0.55228376
vn -0.00000000 0.77030782 -0.63767223
vn 0.31892764 0.77023880 -0.55228376
vn 0.12564441 -0.08635867 -0.98830950
vn 0.28943428 -0.08552288 -0.95336962
vn 0.37079800 0.92828689 -0.02814768
vn 0.36209406 0.92471784 -0.11740870
vn 0.30317608 0.92341122 -0.23536352
vn 0.20428373 0.92474277 -0.32112143
vn 0.48721809 0.08870236 -0.86876373
vn 0.48506326 0.37113239 -0.79181714
vn 0.65978360 0.19384515 -0.72602318
vn 0.77754576 0.09785986 -0.62116506
vn 0.72668047 0.36678494 -0.58086514
vn 0.88555914 0.14496130 -0.44132895
vn 0.88888521 0.37167156 -0.26784947
vn 0.96299882 0.08874728 -0.25447434
vn 0.93066990 0.35934509 -0.06873602
vn 0.99342557 0.08794286 -0.07329177
vn 0.71101286 0.70117365 -0.05306807
vn 0.68350420 0.69540636 -0.22188284
vn 0.56810614 0.69546910 -0.43997516
vn 0.38510832 0.69579756 -0.60626506
vn -0.04505667 -0.37572731 -0.92563432
vn 0.30886603 -0.86772725 -0.38942419
vn 0.40384173 -0.90887566 -0.10419639
vn 0.47591263 -0.78408894 -0.39838636
vn 0.54531475 -0.83094160 -0.11030810
vn 0.62470809 -0.67529416 -0.39206836
vn 0.75355114 -0.65080322 -0.09282163
vn 0.66739171 -0.73657672 -0.10974075
vn 0.03183749 -0.69710718 -0.71625970
vn 0.18344089 -0.66448753 -0.72443479
vn 0.03902800 -0.35593878 -0.93369396
vn 0.12794162 -0.35669163 -0.92541992
vn 0.31982840 -0.60306292 -0.73077008
vn 0.19263590 -0.27718143 -0.94130859
vn 0.44022767 -0.51411445 -0.73612901
vn -0.28453221 -0.31780020 -0.90445810
vn -0.13989538 -0.35951294 -0.92259402
vn -0.20818700 -0.36225659 -0.90853087
vn -0.25153754 -0.67304809 -0.69551070
vn -0.41269037 -0.90554007 -0.09840654
vn -0.25322610 -0.96093282 -0.11173479
vn -0.26064407 -0.89270520 -0.36761679
vn -0.14070857 -0.98647354 -0.08408958
vn -0.04179836 -0.96710940 -0.25090300
vn -0.01021634 -0.99502328 -0.09911756
vn 0.12015316 -0.91316960 -0.38946695
vn 0.16611749 -0.97988023 -0.11063329
vn 0.29088895 -0.95190728 -0.09620886
vn -0.43167280 -0.89099498 -0.14066461
vn -0.54243288 -0.83522543 -0.09036068
vn 0.99805680 -0.00455856 0.06214378
vn 0.99874808 0.03337129 0.03726431
vn 0.97038978 -0.05590698 -0.23498530
vn 0.05238348 0.47159022 -0.88026055
vn -0.17737519 0.44801314 -0.87625468
vn -0.10286506 0.02700621 -0.99432864
vn -0.63764442 -0.54562038 -0.54379040
vn -0.71521940 0.61234189 -0.33689558
vn -0.82753973 0.55986217 -0.04162144
vn -0.81922235 0.50772222 -0.26663249
vn -0.89632736 0.44332062 -0.00800568
vn -0.94122781 0.20554134 -0.26803540
vn -0.97624221 0.03936226 -0.21307689
vn -0.96787539 0.25137313 -0.00536524
vn -0.99436434 -0.06440848 -0.08420866
vn -0.95355210 -0.29055045 -0.07949100
vn -0.86120775 -0.42088771 -0.28491182
vn -0.63433932 0.05963510 -0.77075112
vn -0.44627021 0.07987240 -0.89132671
vn -0.56043275 0.26805003 -0.78362256
vn -0.32923992 0.20440594 -0.92185643
vn -0.40184687 0.40673755 -0.82041676
vn -0.20369467 -0.08165985 -0.97562295
vn -0.27787722 -0.13402316 -0.95122134
vn -0.35960034 -0.21940158 -0.90694572
vn -0.39450207 -0.32908777 -0.85794485
vn -0.68669803 -0.11415608 -0.71792353
vn -0.42137686 -0.42999422 -0.79846510
vn -0.72408736 -0.25590306 -0.64047725
vn -0.38811628 -0.50792469 -0.76901123
vn -0.91837930 -0.05559866 -0.39177576
vn -0.91487973 -0.24795204 -0.31861399
vn -0.69703796 -0.40968027 -0.58847274
vn -0.39631829 -0.59634305 -0.69807362
vn 0.44013744 -0.45590259 -0.77358378
vn 0.72584479 -0.16005383 -0.66897840
vn 0.66559224 -0.01772469 -0.74610509
vn 0.40064946 -0.26516728 -0.87702128
vn 0.40366157 -0.35532603 -0.84309000
vn 0.71617910 -0.32528341 -0.61747728
vn 0.33855121 -0.16342406 -0.92664753
vn 0.37142652 0.16496442 -0.91368981
vn 0.23027173 -0.09675762 -0.96830413
vn 0.22316834 0.25298117 -0.94138006
vn 0.13336444 -0.04223515 -0.99016671
vn 0.05510431 0.09256876 -0.99418034
vn 0.58742741 0.15228346 -0.79481997
vn 0.46003796 0.35733044 -0.81282227
vn 0.27664371 0.47579132 -0.83491968
vn 0.91828255 -0.14564626 -0.36816344
vn 0.91590247 0.40091532 -0.01973788
vn 0.80770728 0.58919339 -0.02144990
vn 0.87910041 0.33813417 -0.33592820
vn 0.72848406 0.63085852 -0.26707395
vn 0.98222953 0.18739308 -0.01043937
vn 0.96010296 0.19228017 -0.20305330
vn 0.91278570 0.06051057 -0.40393161
vn 0.71691576 0.69410464 -0.06519615
vn 0.47426875 0.87949435 -0.03948201
vn 0.60929636 0.70148994 -0.36968880
vn 0.37068127 0.92763305 -0.04574190
vn 0.30304281 0.90529310 -0.29767342
vn 0.09855140 0.99343228 -0.05813716
vn 0.03537849 0.96512351 -0.25939345
vn -0.21742030 0.94928214 -0.22713836
vn -0.07681742 0.99650904 0.03269287
vn -0.29649850 0.95252116 -0.06922482
vn -0.46172139 0.78196370 -0.41874352
vn -0.50599630 0.86246863 -0.01075193
vn -0.62187121 0.78278922 -0.02274296
vn -0.83351612 0.04959529 -0.55026464
vn -0.90772364 0.17414114 -0.38172326
vn -0.76690518 0.24992057 -0.59109741
vn -0.82329979 0.38841386 -0.41389870
vn -0.63807169 0.44003926 -0.63184647
vn -0.67884120 0.58766106 -0.44026027
vn -0.44700676 0.59813335 -0.66514769
vn -0.47221496 0.74882321 -0.46505573
vn -0.20835884 0.69918138 -0.68390935
vn -0.21937675 0.84900459 -0.48069225
vn 0.05511857 0.72281736 -0.68883743
vn 0.05661516 0.87410770 -0.48242144
vn 0.31207997 0.66714753 -0.67640244
vn 0.32857114 0.81713995 -0.47362782
vn 0.53278066 0.53834450 -0.65293948
vn 0.56393715 0.68808994 -0.45662580
vn 0.69935738 0.36159951 -0.61655904
vn 0.74676422 0.50559748 -0.43210460
vn 0.80333509 0.16097174 -0.57335926
vn 0.86839497 0.29979547 -0.39498462
vn 0.34262603 0.93392733 -0.10191734
vn 0.19383573 0.97527773 -0.10611810
vn 0.11541944 0.91675823 -0.38240384
vn 0.10140257 0.98961399 -0.10189047
vn -0.05349364 0.96406735 -0.26021641
vn -0.02253797 0.99527402 -0.09445455
vn -0.11409134 0.99249124 -0.04409425
vn -0.25283237 0.89529081 -0.36678353
vn -0.26407794 0.95949463 -0.09814732
vn -0.41893907 0.87657195 -0.23687902
vn -0.41352917 0.90495303 -0.10026784
vn -0.54097226 0.83615808 -0.09049128
vn -0.23727237 0.68295260 -0.69085278
vn -0.15271342 0.28065839 -0.94758086
vn 0.02683320 0.69985256 -0.71378314
vn -0.20160565 0.39261399 -0.89733462
vn -0.26841037 0.24047302 -0.93280684
vn 0.05423916 0.38699622 -0.92048467
vn 0.11011415 0.32992643 -0.93756249
vn 0.32034735 0.60299123 -0.73060191
vn -0.05409992 0.37934820 -0.92367101
vn 0.18331970 0.66508215 -0.72391963
vn 0.47624905 0.78333609 -0.39946391
vn 0.63020360 0.66925583 -0.39362426
vn 0.76213090 0.64295744 -0.07590933
vn 0.67072779 0.73427861 -0.10468597
vn 0.20950852 0.30023058 -0.93057390
vn 0.44216631 0.51040728 -0.73754550
vn 0.53954827 0.83494356 -0.10842931
vn 0.31124723 0.86288137 -0.39819707
vn -0.91936099 0.07567100 -0.38606899
vn -0.99191352 0.07298518 -0.10383028
vn -0.95450942 -0.29137314 -0.06335182
vn -0.72446432 0.25737472 -0.63946048
vn -0.69029769 0.11450175 -0.71440776
vn -0.41510804 0.30207588 -0.85815819
vn -0.38020123 0.22130261 -0.89803796
vn -0.36382858 0.60031173 -0.71221808
vn 0.41833579 0.44826192 -0.78997242
vn 0.98994298 0.11715872 -0.07928896
vn 0.97667421 -0.21434204 -0.01284459
vn 0.90409072 -0.34237970 -0.25572664
vn 0.85473118 -0.51834885 -0.02736925
vn 0.73025875 -0.61156501 -0.30448381
vn 0.75793324 -0.65219892 -0.01318198
vn 0.55460503 -0.78858945 -0.26559356
vn 0.90983822 -0.05777349 -0.41092169
vn 0.91628231 0.14972109 -0.37149740
vn 0.71746791 0.32962026 -0.61366952
vn 0.99861677 0.01121324 -0.05136941
vn 0.97074378 0.04924578 -0.23501356
vn 0.92864703 -0.13950054 -0.34373579
vn 0.01246107 -0.08975386 -0.99588602
vn 0.23329542 -0.25494588 -0.93839003
vn 0.13515361 0.04810318 -0.98965630
vn 0.37527880 -0.15432528 -0.91397458
vn 0.24178869 0.10912116 -0.96417364
vn 0.33993951 0.13176463 -0.93117088
vn -0.18082363 -0.45091369 -0.87405930
vn 0.04783197 -0.46939690 -0.88169079
vn 0.28508916 -0.46781140 -0.83658632
vn 0.46871974 -0.35615601 -0.80836545
vn 0.58160534 -0.15744174 -0.79808980
vn 0.66198385 0.01610205 -0.74934512
vn 0.41139565 0.24524632 -0.87784273
vn 0.40984746 0.37643930 -0.83085409
vn -0.44436960 -0.09041592 -0.89126911
vn -0.27570823 0.16445367 -0.94706914
vn -0.31871732 -0.20416509 -0.92560028
vn -0.19541921 0.05683192 -0.97907174
vn -0.10305222 -0.02823820 -0.99427503
vn -0.39467530 -0.41603068 -0.81923738
vn -0.55173794 -0.26881298 -0.78950923
vn -0.63952044 -0.05341901 -0.76691591
vn -0.95421295 0.28782506 -0.08145167
vn -0.86019596 0.42174525 -0.28669471
vn -0.91619589 0.24681139 -0.31570435
vn -0.69556288 0.40981580 -0.59012142
vn -0.44173230 0.42024300 -0.79263383
vn -0.37921557 0.51123100 -0.77125768
vn -0.63856103 0.54204918 -0.54628060
vn -0.93864241 -0.29462074 -0.17930154
vn -0.88504949 -0.46443838 -0.03137518
vn -0.84310027 -0.45500435 -0.28662341
vn -0.69912070 -0.71275431 0.05667052
vn -0.58086529 -0.81397096 0.00683964
vn -0.71836183 -0.60023503 -0.35167342
vn -0.43901575 -0.89618658 -0.06414662
vn -0.44234847 -0.85679162 -0.26502067
vn -0.18083060 -0.98262713 -0.04176381
vn -0.26695771 -0.89188758 -0.36506182
vn -0.03452204 -0.99939998 -0.00281273
vn 0.07000001 -0.92656181 -0.36957166
vn 0.19520405 -0.98034753 -0.02853225
vn 0.32518739 -0.91693924 -0.23124790
vn 0.39784733 -0.91714963 -0.02353830
vn 0.60251565 -0.79809919 0.00354531
vn 0.79905977 -0.16609667 -0.57785411
vn 0.86714099 -0.29989775 -0.39765292
vn 0.69943252 -0.36128002 -0.61666109
vn 0.74664453 -0.50535317 -0.43259695
vn 0.53380417 -0.53780134 -0.65255102
vn 0.56507304 -0.68860112 -0.45444576
vn 0.31393353 -0.66644995 -0.67623236
vn 0.33031258 -0.81654899 -0.47343569
vn 0.05662970 -0.72281021 -0.68872235
vn 0.05855896 -0.87394015 -0.48249297
vn -0.20675302 -0.69960127 -0.68396729
vn -0.21791786 -0.84931202 -0.48081274
vn -0.44613967 -0.59860376 -0.66530665
vn -0.47095148 -0.74956582 -0.46514061
vn -0.63770475 -0.44064006 -0.63179822
vn -0.67799726 -0.58875445 -0.44009990
vn -0.76697630 -0.25049332 -0.59076261
vn -0.82335562 -0.38882555 -0.41340080
vn -0.83663992 -0.04527031 -0.54587933
vn -0.90904636 -0.17323972 -0.37897588
vn -0.92117891 0.05698637 -0.38494411
vn 0.72539631 0.15879646 -0.66976405
vn -0.00510877 0.09173531 -0.99577032
vn -0.44811082 0.02852659 -0.89352276
vn -0.44999870 0.06432227 -0.89070972
vn -0.71494024 0.17543230 -0.67681900
vn 0.90016193 0.42139725 -0.11014923
vn 0.81830719 0.39178102 -0.42057219
vn 0.96263882 0.26062610 -0.07348838
vn 0.89821382 0.13763141 -0.41745602
vn 0.98474222 0.13335974 -0.11179416
vn 0.99718891 0.00533722 -0.07473814
vn 0.90110497 -0.12318357 -0.41573506
vn 0.98594494 -0.12399030 -0.11197755
vn 0.70397835 -0.57694983 -0.41417795
vn 0.81273722 -0.57229197 -0.10927078
vn 0.82494914 -0.36604993 -0.43065807
vn 0.91357238 -0.39170237 -0.10933783
vn 0.96226687 -0.27045686 -0.02992571
vn 0.31561060 -0.86329261 -0.39384746
vn 0.42667541 -0.89818063 -0.10592288
vn 0.51539291 -0.75101481 -0.41273103
vn 0.59533516 -0.79677723 -0.10354754
vn 0.70915199 -0.70362246 -0.04493196
vn -0.14822899 -0.91440584 -0.37668307
vn -0.06272091 -0.99305447 -0.09954347
vn 0.07813327 -0.91686927 -0.39146639
vn 0.12748170 -0.98723577 -0.09546702
vn 0.28981854 -0.95536884 -0.05723274
vn -0.85889137 -0.37003427 -0.35409075
vn -0.86290253 -0.50084859 -0.06745309
vn -0.73028087 -0.57697020 -0.36578032
vn -0.76314587 -0.63948776 -0.09307945
vn -0.57034668 -0.73375291 -0.36920363
vn -0.58691139 -0.80448489 -0.09131859
vn -0.37331968 -0.84917798 -0.37353604
vn -0.36768756 -0.92531996 -0.09267592
vn -0.20080348 -0.97669963 -0.07573499
vn -0.94992249 0.29712694 -0.09676177
vn -0.98762147 0.12680876 -0.09232212
vn -0.93298647 0.08691594 -0.34925901
vn -0.99856318 -0.02732255 -0.04609834
vn -0.91918761 -0.16437694 -0.35787478
vn -0.97641515 -0.19420862 -0.09432103
vn -0.92625001 -0.36549997 -0.09203632
vn 0.55156299 0.30181987 -0.77761367
vn 0.60847416 0.10968313 -0.78595726
vn 0.61199378 -0.09473198 -0.78516843
vn 0.55765754 -0.28837150 -0.77837006
vn 0.45572931 -0.45663308 -0.76406612
vn 0.31737163 -0.58444010 -0.74679650
vn 0.15729067 -0.66589155 -0.72927916
vn -0.01339920 -0.69927826 -0.71472399
vn -0.18268420 -0.68889802 -0.70145991
vn -0.34167548 -0.63672758 -0.69125672
vn -0.48187421 -0.54713442 -0.68442763
vn -0.59803190 -0.42635619 -0.67865915
vn -0.68188342 -0.27944559 -0.67597719
vn -0.73023457 -0.11560770 -0.67334414
vn -0.73816151 0.05542848 -0.67234312
vn -0.89363912 0.26744295 -0.36039339
vn 0.18030482 0.16286872 -0.97003296
vn 0.21009702 0.05925091 -0.97588348
vn 0.21049992 -0.05110610 -0.97625711
vn 0.18184603 -0.15506107 -0.97102425
vn 0.13136692 -0.24592340 -0.96034599
vn 0.06198305 -0.31343490 -0.94758465
vn -0.01795350 -0.35516690 -0.93463049
vn -0.10229505 -0.37083333 -0.92304841
vn -0.18438689 -0.36363177 -0.91311194
vn -0.26105456 -0.33402396 -0.90569228
vn -0.32885317 -0.28749889 -0.89955544
vn -0.38412971 -0.22417545 -0.89565045
vn -0.42388390 -0.14639446 -0.89380709
vn -0.44508414 -0.06011100 -0.89346896
vn 0.19383987 0.24097587 -0.95097673
vn 0.47235937 0.42872050 -0.77011386
vn 0.70736179 0.56586577 -0.42359796
vn 0.80460717 0.58343922 -0.11048068
vn -0.00807225 -0.60146303 -0.79885985
vn 0.01893568 -0.29353047 -0.95576216
vn 0.00664494 -0.46239966 -0.88664672
vn 0.04045581 -0.37907654 -0.92448056
vn 0.45402465 0.81219990 -0.36632354
vn 0.55264355 0.82950070 -0.08070747
vn 0.30136304 0.91757517 -0.25929929
vn 0.39630869 0.91549467 0.06934649
vn 0.21556768 0.97529458 -0.04828104
vn 0.06521441 0.99350241 -0.09327399
vn 0.07823593 0.93310838 -0.35098133
vn 0.00870019 -0.30596221 -0.95200390
vn -0.14179594 -0.17240213 -0.97476737
vn 0.13879643 0.10500785 -0.98473799
vn 0.27978568 0.28029393 -0.91823488
vn 0.42851341 0.46569072 -0.77427929
vn 0.71266763 0.69421755 -0.10083074
vn 0.58295090 0.65987208 -0.47406443
vn 0.46276656 0.74029870 -0.48765249
vn 0.30312232 0.79950246 -0.51856791
vn 0.07413201 0.73413250 -0.67494734
vn 0.41835839 0.59925238 -0.68254878
vn 0.29144752 0.61445441 -0.73314672
vn 0.35027484 0.40652788 -0.84382618
vn 0.25325732 0.39314134 -0.88391211
vn 0.25438820 0.19570910 -0.94709270
vn 0.19155347 0.13466178 -0.97220033
vn 0.14345483 -0.02550261 -0.98932822
vn 0.11821934 -0.12613346 -0.98494393
vn 0.03102858 -0.10851461 -0.99361049
vn 0.04913833 0.16652645 -0.98481184
vn 0.06118025 0.46431733 -0.88355328
vn -0.08573432 0.99279935 -0.08366043
vn -0.22057768 0.97105579 -0.09163046
vn -0.19921184 0.91939685 -0.33915199
vn -0.39113544 0.91633355 -0.08570821
vn -0.43952440 0.83531780 -0.33024609
vn -0.20910297 0.71805572 -0.66383125
vn -0.19959453 0.44708667 -0.87193781
vn -0.16968191 0.14841857 -0.97425868
vn -0.13000767 -0.12394981 -0.98373495
vn -0.08563539 -0.34712168 -0.93390209
vn -0.46814466 0.62629803 -0.62337096
vn -0.43855502 0.35359254 -0.82622141
vn -0.36651615 0.07160031 -0.92765258
vn -0.27698085 -0.17388824 -0.94501031
vn -0.18552941 -0.38233882 -0.90520487
vn -0.06089112 -0.58758495 -0.80686814
vn -0.03623063 -0.56501731 -0.82428319
vn -0.81556823 0.40217373 -0.41605859
vn -0.90070455 0.43010099 -0.06119200
vn -0.85671261 0.50581382 -0.10097464
vn -0.43897733 0.00185098 -0.89849623
vn -0.23269166 -0.13666144 -0.96290095
vn -0.09890597 -0.39169770 -0.91476255
vn -0.55892040 0.22335789 -0.79857325
vn -0.45603705 -0.00832997 -0.88992180
vn -0.32481568 -0.22797413 -0.91789028
vn -0.14616724 -0.48376867 -0.86290382
vn -0.74406884 0.47398012 -0.47085497
vn -0.64309618 0.61534750 -0.45582316
vn -0.77174903 0.58821267 -0.24168015
vn -0.60755133 0.75977275 -0.23157450
vn -0.61289880 0.78966168 -0.02809787
vn -0.53613856 0.84142751 -0.06749210
vn -0.62041797 0.43497377 -0.65259433
vn -0.70768601 0.70544942 -0.03900802
vn -0.66566144 0.20176555 -0.71846052
vn -0.65216739 0.23715467 -0.72002455
vn -0.52286261 0.02508559 -0.85204777
vn -0.37854705 -0.15216548 -0.91298839
vn -0.24800491 0.13329076 -0.95954528
vn -0.79932876 -0.59485786 -0.08495683
vn -0.64013775 -0.76707516 -0.04265392
vn -0.75977160 -0.57427128 -0.30489278
vn -0.60782238 -0.76195506 -0.22355411
vn -0.51295453 -0.85657146 -0.05624037
vn -0.38303095 -0.91982829 -0.08487176
vn -0.43572691 -0.83772063 -0.32919022
vn -0.46357943 0.00729723 -0.88602532
vn -0.33054830 0.23178372 -0.91488476
vn -0.37762946 0.14966584 -0.91378122
vn -0.21100640 0.31347852 -0.92585502
vn -0.56634079 -0.22071697 -0.79406683
vn -0.51920373 -0.02665066 -0.85423488
vn -0.43598625 -0.00423792 -0.89994335
vn -0.45004656 -0.06425887 -0.89069012
vn -0.61888687 -0.43858986 -0.65162718
vn -0.65490148 -0.23847189 -0.71710195
vn -0.66651800 -0.20233907 -0.71750447
vn -0.71471424 -0.17567373 -0.67699505
vn -0.89867175 -0.43731493 -0.03383388
vn -0.82883576 -0.39828776 -0.39293529
vn -0.74977221 -0.46898237 -0.46679458
vn -0.63200238 -0.61814823 -0.46740320
vn -0.46310814 -0.62481850 -0.62859581
vn -0.89021880 -0.27197798 -0.36542915
vn -0.94742967 -0.30668476 -0.09122208
vn -0.17941802 0.44544266 -0.87714880
vn -0.06721386 0.58735359 -0.80653460
vn -0.42972067 -0.35740989 -0.82921548
vn -0.36193181 -0.07466150 -0.92920989
vn -0.27280528 0.17442841 -0.94612473
vn -0.18349494 0.37934787 -0.90687640
vn -0.20355790 -0.91870308 -0.33845062
vn -0.21755675 -0.97098828 -0.09925126
vn -0.09785111 -0.99135892 -0.08736501
vn 0.02432068 0.29817356 -0.95420178
vn -0.13049268 0.12489937 -0.98355061
vn 0.03175103 0.10714999 -0.99373576
vn -0.17175774 -0.14792628 -0.97396976
vn 0.04912666 -0.16482639 -0.98509839
vn -0.20252024 -0.44621897 -0.87170762
vn 0.06511195 -0.46336483 -0.88377230
vn -0.21249417 -0.71725560 -0.66361934
vn 0.07146588 -0.73806747 -0.67093147
vn 0.08176962 -0.92919910 -0.36042026
vn 0.09741912 -0.99146908 -0.08659427
vn 0.00868496 0.46048600 -0.88762448
vn -0.03961177 0.56445882 -0.82451024
vn -0.08960314 0.34900936 -0.93282567
vn -0.01566744 0.60252467 -0.79794646
vn 0.58171370 -0.67575106 -0.45273578
vn 0.70891586 -0.56389598 -0.42362676
vn 0.47248300 -0.42782033 -0.77053850
vn 0.02544100 0.26796798 -0.96309185
vn 0.14420268 0.02796190 -0.98915303
vn 0.15632434 -0.09120875 -0.98348547
vn 0.73453416 -0.67349348 -0.08286193
vn 0.80654818 -0.58086835 -0.10987268
vn 0.42522644 -0.59184600 -0.68476330
vn 0.46379419 -0.74442620 -0.48033799
vn 0.48982655 -0.82250746 -0.28905263
vn 0.44610610 -0.89413054 -0.03898614
vn 0.61199058 -0.78040473 -0.12820291
vn 0.70109450 -0.70754297 -0.08859707
vn 0.29264376 -0.27533206 -0.91572479
vn 0.25470560 -0.19394318 -0.94737063
vn 0.42686269 -0.46255994 -0.77706277
vn 0.35112676 -0.40358954 -0.84488193
vn 0.01422692 0.09719283 -0.99516388
vn 0.12748711 -0.17510445 -0.97626096
vn 0.02706717 0.42120012 -0.90656375
vn 0.33553245 -0.94199985 -0.00736631
vn 0.27184607 -0.87071072 -0.40983234
vn 0.11059115 0.12437352 -0.98605316
vn 0.18474130 -0.13521470 -0.97344113
vn 0.24339894 -0.39292211 -0.88677459
vn 0.28489028 -0.62048964 -0.73063681
vn 0.31021164 -0.80012698 -0.51338636
vn 0.15469464 -0.22221505 -0.96264741
vn 0.18009126 -0.16353718 -0.96996017
vn -0.52351929 0.84704505 -0.09188167
vn -0.63422156 0.76732262 -0.09475761
vn -0.57188190 0.73513377 -0.36404591
vn -0.85806415 0.37238902 -0.35362741
vn -0.92552878 0.36744173 -0.09155899
vn -0.91941483 0.15580429 -0.36111133
vn -0.97895795 0.18403424 -0.08816305
vn -0.93279608 -0.08455725 -0.35034489
vn -0.99892920 0.04297077 -0.01714562
vn -0.98784297 -0.12489254 -0.09256417
vn -0.73381412 0.57328330 -0.36450390
vn -0.76548597 0.63647854 -0.09447911
vn -0.85992681 0.50693410 -0.05952899
vn -0.36904818 0.92456710 -0.09475820
vn -0.37426352 0.85116750 -0.36802269
vn -0.18971409 0.97855777 -0.08020755
vn -0.14529393 0.91697459 -0.37154714
vn -0.05740487 0.99317759 -0.10150345
vn 0.11891041 0.98774980 -0.10104779
vn 0.07443990 0.92099286 -0.38240143
vn 0.29657367 0.95228973 -0.07203011
vn 0.31895060 0.86405354 -0.38946373
vn 0.42526500 0.89894665 -0.10509333
vn 0.58471171 0.80438832 -0.10522188
vn 0.51401939 0.75785240 -0.40180071
vn 0.71964842 0.69073051 -0.07069305
vn 0.70695311 0.57558439 -0.41099867
vn 0.81190341 0.57333112 -0.11001944
vn 0.90692116 0.40701682 -0.10877187
vn 0.82694882 0.37664412 -0.41748636
vn 0.96617439 0.24739257 -0.07282832
vn 0.90117055 0.11881436 -0.41686304
vn 0.98560626 0.12225190 -0.11676806
vn 0.89538183 -0.12981718 -0.42595644
vn 0.98744248 -0.12047284 -0.10219419
vn 0.99934399 -0.02253139 -0.02835357
vn 0.81767792 -0.38385668 -0.42901849
vn 0.90674792 -0.40742169 -0.10870037
vn 0.95884886 -0.28082568 -0.04178275
vn 0.55028951 -0.30303203 -0.77804437
vn 0.60919092 -0.10924884 -0.78546236
vn 0.61267650 0.09599754 -0.78448198
vn 0.55656093 0.28809802 -0.77925571
vn 0.45465574 0.45636783 -0.76486375
vn 0.31632977 0.58333132 -0.74810430
vn 0.15581364 0.66449743 -0.73086611
vn -0.01412352 0.69881282 -0.71516513
vn -0.18264714 0.68854861 -0.70181253
vn -0.34095542 0.63751023 -0.69089081
vn -0.48078839 0.54718269 -0.68515226
vn -0.59921442 0.42703175 -0.67718976
vn -0.68190012 0.27983041 -0.67580113
vn -0.73050389 0.11610490 -0.67296636
vn -0.73803394 -0.05516293 -0.67250498
vn -0.44821776 -0.02877217 -0.89346125
vn -0.44414671 0.05989113 -0.89395009
vn -0.42296889 0.14638898 -0.89424135
vn -0.38431818 0.22293838 -0.89587835
vn -0.32745380 0.28622004 -0.90047326
vn -0.26030238 0.33410739 -0.90587799
vn -0.18453026 0.36177194 -0.91382145
vn -0.10264805 0.36942890 -0.92357223
vn -0.01869794 0.35410484 -0.93501880
vn 0.06071766 0.31216701 -0.94808498
vn 0.13107122 0.24576062 -0.96042806
vn 0.18103107 0.15444009 -0.97127546
vn 0.21102758 0.05148813 -0.97612311
vn 0.20951091 -0.05837600 -0.97606220
vn -0.68274673 0.06181373 -0.72803569
vn -0.68301094 -0.06106326 -0.72785117
vn -0.68245424 -0.06174449 -0.72831575
vn -0.68331929 0.06073853 -0.72758888
vn 0.29839134 0.92998345 0.21469370
vn 0.19579931 0.88924766 0.41340203
vn 0.38728076 0.83612443 0.38847079
vn 0.13998087 0.71930170 0.68044869
vn 0.30175226 0.74372765 0.59650210
vn 0.12082266 0.74427904 0.65684899
vn 0.21380199 0.79798308 0.56348178
vn 0.05623400 0.73811938 0.67232249
vn 0.11040098 0.78613189 0.60811863
vn 0.18066914 0.97210896 0.14954208
vn 0.03832491 0.92734144 0.37224866
vn 0.42078356 0.87495633 0.23956757
vn 0.36629201 0.92975557 0.03721212
vn 0.04601290 0.81277982 0.58075105
vn 0.00958542 0.77672498 0.62976696
vn 0.63886928 0.76761887 0.05106183
vn 0.53756398 0.83325648 0.12926178
vn 0.70887354 0.69983544 0.08791285
vn 0.68078896 0.70597530 0.19525692
vn 0.86614474 0.49610833 0.06057902
vn 0.78853538 0.57366410 0.22163359
vn 0.05371680 0.77270575 0.63248741
vn 0.55670176 0.70477589 0.43974322
vn 0.95795582 0.27922933 0.06596682
vn 0.81717011 0.51567634 0.25750907
vn 0.98703679 0.14521176 0.06835141
vn 0.90562100 0.33652601 0.25807138
vn 0.68466058 0.55148672 0.47655250
vn 0.37823484 0.67780663 0.63048916
vn 0.09808176 0.70733955 0.70003624
vn 0.10234219 0.69282101 0.71381029
vn 0.67686751 0.47663545 0.56095367
vn 0.36987341 0.63426936 0.67889325
vn 0.08363663 0.67756458 0.73069224
vn 0.29173123 0.55021714 0.78240270
vn 0.61528351 0.46910235 0.63353704
vn 0.45969125 0.38261424 0.80143015
vn 0.09160429 0.91853900 0.38457088
vn 0.07242765 0.76592924 0.63883224
vn 0.91857940 0.09149179 0.38450115
vn 0.76593101 0.07242457 0.63883047
vn 0.85072268 0.35343898 0.38903960
vn 0.70497410 0.29235661 0.64617268
vn 0.65039240 0.65006851 0.39293849
vn 0.54072392 0.54072173 0.64438937
vn 0.35313529 0.85088876 0.38895216
vn 0.29235198 0.70497511 0.64617367
vn 0.76592924 -0.07242765 0.63883224
vn 0.91853900 -0.09160429 0.38457088
vn 0.09149179 -0.91857940 0.38450115
vn 0.07242457 -0.76593101 0.63883047
vn 0.35343898 -0.85072268 0.38903960
vn 0.29235661 -0.70497410 0.64617268
vn 0.65006851 -0.65039240 0.39293849
vn 0.54072173 -0.54072392 0.64438937
vn 0.85088876 -0.35313529 0.38895216
vn 0.70497511 -0.29235198 0.64617367
vn 0.10873542 -0.78421933 0.61088186
vn 0.06343984 -0.77706225 0.62621853
vn 0.18676002 -0.89521538 0.40461107
vn 0.04180528 -0.81011799 0.58477445
vn 0.00417119 -0.77492290 0.63204201
vn 0.03945815 -0.92686358 0.37331883
vn 0.12022561 -0.74494093 0.65620791
vn 0.05192882 -0.73253029 0.67875089
vn 0.21509703 -0.80722897 0.54964959
vn 0.38926317 -0.83462953 0.38970211
vn 0.82597262 -0.54464335 0.14537143
vn 0.89285034 -0.45001734 0.01739720
vn 0.87023734 -0.44144415 0.21866420
vn 0.65981526 -0.75122879 -0.01729556
vn 0.67598988 -0.72769749 0.11616388
vn 0.71001084 -0.67074884 0.21443089
vn 0.43507199 -0.88140093 0.18396946
vn 0.07648457 -0.99117921 0.10823070
vn 0.16968592 -0.96455231 0.20210275
vn 0.36980104 -0.92733840 0.05736451
vn 0.27191515 -0.92996878 0.24742718
vn 0.53499966 -0.80839685 0.24549929
vn 0.56498627 -0.70558104 0.42772177
vn 0.74150285 -0.62031584 0.25569862
vn 0.96152582 -0.23442951 0.14321627
vn 0.99026963 -0.13552889 0.03159095
vn 0.90986274 -0.33785641 0.24083780
vn 0.81221286 -0.45786751 0.36147977
vn 0.65541885 -0.57781471 0.48637053
vn 0.29767117 -0.74486792 0.59712952
vn 0.37970382 -0.67894595 0.62837680
vn 0.11201697 -0.71812586 0.68683874
vn 0.09855925 -0.70865181 0.69864060
vn 0.30261936 -0.54596786 0.78124300
vn 0.08119809 -0.68392969 0.72501520
vn 0.37292999 -0.63204921 0.67929155
vn 0.10111561 -0.69365082 0.71317892
vn 0.49114390 -0.40726711 0.77000726
vn 0.72328472 -0.43767208 0.53413703
vn 0.48683036 0.08902932 -0.86894763
vn 0.65978360 0.19384515 -0.72602318
vn 0.77754576 0.09785986 -0.62116506
vn 0.88555914 0.14496130 -0.44132895
vn 0.96299882 0.08874728 -0.25447434
vn 0.99342696 0.08799923 -0.07320525
vn 0.84543855 -0.37801759 -0.37727490
vn 0.65301550 -0.53689388 -0.53414953
vn 0.33440315 -0.66621697 -0.66658044
vn 0.99892823 -0.03266108 -0.03279712
vn 0.96485333 -0.18512357 -0.18651360
vn 0.98912685 -0.09850516 0.10920081
vn 0.98826693 -0.10592166 0.11004124
vn 0.90049709 -0.25248828 0.35405460
vn 0.98190420 0.00521825 0.18930639
vn 0.99777365 -0.00759334 0.06625775
vn 0.74710971 -0.31804354 0.58367404
vn 0.82301181 -0.29280071 0.48674357
vn 0.99059283 0.09700964 0.09651414
vn 0.94235733 0.31996963 0.09788816
vn 0.95132625 0.30008336 -0.07020219
vn 0.84353861 0.52407173 0.11743698
vn 0.85537154 0.51396518 -0.06464767
vn 0.69571814 0.70994746 0.10932007
vn 0.70923248 0.70299160 -0.05284036
vn 0.53408264 0.83420347 0.13733281
vn 0.52021701 0.85308023 -0.04035321
vn 0.31966123 0.94241993 0.09829233
vn 0.30793185 0.95112195 -0.02334540
vn 0.09729232 0.99052988 0.09687493
vn 0.09264813 0.99567305 -0.00717670
vn 0.68103978 0.69517471 -0.23003682
vn 0.88877057 0.36892869 -0.27198988
vn 0.48472528 0.37082765 -0.79216681
vn 0.27169062 0.35768740 -0.89344498
vn 0.72668047 0.36678494 -0.58086514
vn 0.09310016 0.99519727 -0.03024483
vn 0.35746727 0.92592206 -0.12200609
vn 0.30317608 0.92341122 -0.23536352
vn 0.07788286 0.99512965 -0.06042550
vn 0.20428373 0.92474277 -0.32112143
vn 0.05244978 0.99522632 -0.08230183
vn 0.10950254 0.92706496 -0.35855230
vn 0.02776943 0.99554224 -0.09013608
vn 0.56810614 0.69546910 -0.43997516
vn 0.38510832 0.69579756 -0.60626506
vn 0.20765732 0.70012933 -0.68315252
vn 0.11696903 0.36279194 -0.92450000
vn 0.08928561 0.70366481 -0.70489993
vn 0.04656016 0.92869892 -0.36790009
vn 0.00770921 0.92988488 -0.36776988
vn 0.00187476 0.99585824 -0.09090026
vn 0.01159627 0.99572636 -0.09162177
vn 0.01875403 0.36135334 -0.93224034
vn 0.01458915 0.70416295 -0.70988851
vn -0.23059372 0.36323263 -0.90271180
vn -0.20001770 0.36373339 -0.90977521
vn -0.14351944 0.36426598 -0.92016980
vn -0.09922206 0.36622662 -0.92522054
vn -0.04217372 0.36376151 -0.93053691
vn -0.00428714 0.99595317 -0.08977140
vn -0.01753070 0.93031748 -0.36633599
vn -0.03745411 0.93000339 -0.36563764
vn -0.00917874 0.99592547 -0.08971182
vn -0.05838696 0.93018796 -0.36241042
vn -0.01431259 0.99594078 -0.08886574
vn -0.07759162 0.93077304 -0.35726892
vn -0.01909811 0.99594548 -0.08790827
vn -0.09028434 0.93120916 -0.35312637
vn -0.02196368 0.99601165 -0.08647772
vn -0.17605848 0.70635718 -0.68561137
vn -0.15017499 0.70657870 -0.69151573
vn -0.11262541 0.70522604 -0.69997982
vn -0.07219679 0.70503229 -0.70549067
vn -0.03392484 0.70476893 -0.70862534
vn 0.00000000 0.77030782 0.63767223
vn 0.31909507 0.77034599 0.55203750
vn 0.55252186 0.77009238 0.31886882
vn 0.63762479 0.77034708 0.00009821
vn 0.55228376 0.77023880 -0.31892764
vn 0.31892764 0.77023880 -0.55228376
vn -0.00000000 0.77030782 -0.63767223
vn -0.31892764 0.77023880 -0.55228376
vn -0.55228376 0.77023880 -0.31892764
vn -0.63762479 0.77034708 0.00009821
vn -0.55252186 0.77009238 0.31886882
vn -0.31909507 0.77034599 0.55203750
vn -0.04021338 0.99556672 0.08502823
vn -0.15995009 0.98334226 0.08633640
vn -0.27695832 0.95718652 0.08419064
vn -0.32367552 0.94130746 -0.09578322
vn -0.32904008 0.93959939 -0.09426356
vn -0.34917892 0.86352704 -0.36386144
vn -0.21186687 0.35511819 -0.91049629
vn -0.29168322 0.66055443 -0.69180109
vn -0.32830838 0.86867125 -0.37097691
vn -0.26871832 0.35325003 -0.89610540
vn -0.33289609 0.65594968 -0.67742912
vn -0.02790434 0.51980679 -0.85382800
vn -0.36264505 0.80311389 -0.47275431
vn -0.46031068 0.67541473 -0.57613281
vn -0.57965915 0.44375705 -0.68342882
vn -0.00449139 0.09172623 -0.99577413
vn -0.01589755 0.30600571 -0.95189693
vn -0.04580541 0.85590870 -0.51509432
vn -0.17535899 0.95137808 -0.25323700
vn -0.26557711 0.89967831 -0.34647905
vn -0.03735141 0.70864278 -0.70457809
vn 0.00000000 1.00000000 0.00000000
vn -0.01246533 0.99985808 -0.01133288
vn -0.05077202 0.99472967 -0.08907914
vn -0.06820631 0.99422146 -0.08289500
vn -0.13754427 0.97341996 -0.18312605
vn -0.04870845 0.95264852 -0.30014711
vn -0.64082057 0.20618405 -0.73948437
vn -0.04041503 0.99552828 0.08538194
vn -0.15970506 0.98290628 0.09159445
vn -0.27663492 0.95676099 0.08989735
vn -0.16861095 0.69573176 -0.69823182
vn -0.08926546 0.36507048 -0.92669047
vn -0.51954485 0.02808493 -0.85398149
vn -0.70884635 0.03755487 -0.70436246
vn -0.69563890 0.16858119 -0.69833152
vn -0.20249685 0.90816326 -0.36638030
vn -0.20050044 0.97553347 -0.09018885
vn -0.35450430 0.91974450 -0.16851340
vn -0.45881472 0.80782008 -0.37002130
vn -0.51542552 0.85245286 -0.08752519
vn -0.66117335 0.66061274 -0.35558487
vn -0.70474635 0.70441867 -0.08442111
vn -0.80875255 0.45747240 -0.36964620
vn -0.85232043 0.51561686 -0.08768775
vn -0.90834847 0.21451052 -0.35901016
vn -0.97241597 0.21162346 -0.09809531
vn -0.91683816 0.33389461 -0.21891135
vn -0.99476226 0.05171948 -0.08816539
vn -0.95231551 0.04970713 -0.30103883
vn -0.85588987 0.04562225 -0.51514187
vn -0.09309844 0.02185869 -0.99541694
vn -0.09144226 0.00492332 -0.99579821
vn -0.30636342 0.01620743 -0.95177664
vn -0.36512389 0.08940176 -0.92665629
vn -0.33272442 0.18073925 -0.92554189
vn -0.08477721 0.04606127 -0.99533471
vn -0.26764953 0.26755906 -0.92562189
vn -0.06848475 0.06843853 -0.99530197
vn -0.18074836 0.33262090 -0.92557732
vn -0.04601428 0.08479165 -0.99533565
vn -0.02187595 0.09310412 -0.99541603
vn -0.34182905 0.63025587 -0.69708711
vn -0.50605814 0.50576525 -0.69864631
vn -0.63011860 0.34200239 -0.69712619
vn -0.99390744 -0.06630894 -0.08804048
vn -0.95171284 -0.06349463 -0.30035162
vn -0.85552117 -0.05870958 -0.51442853
vn -0.70912478 -0.04774040 -0.70346492
vn -0.51998405 -0.03673378 -0.85338574
vn -0.30738610 -0.02085072 -0.95135642
vn -0.09225077 -0.00641951 -0.99571511
vn -0.68557076 -0.21211713 -0.69641874
vn -0.35941371 -0.11289465 -0.92632423
vn -0.03683350 -0.52002530 -0.85335630
vn -0.04783208 -0.70908840 -0.70349537
vn -0.21219660 -0.68566368 -0.69630303
vn -0.89597663 -0.25910842 -0.36067813
vn -0.96147561 -0.26041423 -0.08802889
vn -0.88195127 -0.45409264 -0.12634017
vn -0.74946616 -0.54771804 -0.37189437
vn -0.77644805 -0.62409752 -0.08735389
vn -0.54468347 -0.75217949 -0.37087185
vn -0.62409752 -0.77644805 -0.08735389
vn -0.26882225 -0.89559433 -0.35446493
vn -0.26886496 -0.95850771 -0.09473441
vn -0.44102773 -0.88532369 -0.14729733
vn -0.06658069 -0.99390832 -0.08782514
vn -0.06378639 -0.95163497 -0.30053647
vn -0.05881693 -0.85553559 -0.51439229
vn -0.02768010 -0.09312468 -0.99526961
vn -0.00641951 -0.09225077 -0.99571511
vn -0.02093459 -0.30733110 -0.95137235
vn -0.11273659 -0.35939771 -0.92634969
vn -0.21985601 -0.31287997 -0.92399646
vn -0.05647501 -0.08023178 -0.99517508
vn -0.31301363 -0.21976784 -0.92397217
vn -0.08026611 -0.05646006 -0.99517316
vn -0.09313524 -0.02771643 -0.99526762
vn -0.41340105 -0.58761583 -0.69556252
vn -0.58749452 -0.41337923 -0.69567794
vn -0.57921306 -0.44718081 -0.68157285
vn -0.46469839 -0.67458398 -0.57357812
vn -0.35853098 -0.80487299 -0.47290063
vn -0.26610265 -0.89890101 -0.34808957
vn -0.15449613 -0.96432674 -0.21495320
vn -0.06848684 -0.99401757 -0.08508012
vn -0.01246942 -0.99985778 -0.01135527
vn -0.10040005 -0.99494715 0.00000000
vn -0.12204333 -0.57569008 -0.80850873
vn -0.32870145 -0.89123758 -0.31249150
vn -0.23005219 -0.50947604 -0.82916232
vn -0.31045739 -0.40552905 -0.85974555
vn -0.62441636 -0.45999658 -0.63127439
vn -0.90328714 -0.41853089 -0.09436221
vn -0.81254288 -0.57583698 -0.09047566
vn -0.77070131 -0.58563645 -0.25109648
vn -0.23706971 -0.77615939 -0.58427267
vn -0.59002538 -0.74562814 -0.30969135
vn -0.44356598 -0.66653623 -0.59914829
vn -0.99422333 -0.07622487 -0.07556279
vn -0.96969168 -0.22675024 -0.09100759
vn -0.96083238 -0.11586719 -0.25174576
vn -0.92082689 -0.26209273 -0.28876503
vn -0.88646261 -0.16209007 -0.43348686
vn -0.70340165 -0.23897196 -0.66941655
vn -0.82466592 -0.45044162 -0.34209423
vn -0.35238462 -0.27571066 -0.89432025
vn -0.64609967 -0.75989929 -0.07147220
vn -0.35501211 -0.93163310 -0.07762844
vn -0.64352015 -0.20273672 -0.73809189
vn -0.71022832 -0.13786516 -0.69033972
vn -0.88367164 0.20302634 -0.42178755
vn -0.94547194 0.16714974 -0.27954209
vn -0.93338453 0.07014348 -0.35195626
vn -0.97867009 0.13486015 -0.15497608
vn -0.99268837 0.11478919 -0.03732601
vn -0.99627104 0.01692269 -0.08460280
vn -0.69423603 0.25449564 -0.67325204
vn -0.36104853 0.18740189 -0.91352312
vn -0.36042088 0.08890884 -0.92854295
vn -0.36528637 -0.00010494 -0.93089519
vn -0.36044312 -0.08879271 -0.92854543
vn -0.36104330 -0.18743209 -0.91351899
vn -0.99627090 -0.01687660 -0.08461368
vn -0.93348914 -0.07051174 -0.35160506
vn -0.93380112 -0.03636960 -0.35593921
vn -0.99631533 -0.00870628 -0.08532266
vn -0.93382973 -0.00000070 -0.35771781
vn -0.99632153 -0.00000181 -0.08569365
vn -0.93380508 0.03637520 -0.35592824
vn -0.99631504 0.00870540 -0.08532617
vn -0.71042795 0.13732578 -0.69024181
vn -0.71133423 0.07133500 -0.69922452
vn -0.71066016 -0.00003622 -0.70353545
vn -0.71135286 -0.07127616 -0.69921157
vn -0.35461013 0.27827598 -0.89264446
vn -0.42731885 0.73666951 -0.52413418
vn -0.24001162 0.91095553 -0.33549135
vn -0.57946714 0.44575238 -0.68229220
vn -0.64205431 0.20349651 -0.73915860
vn -0.13391679 0.97318097 -0.18704301
vn -0.06102605 0.99509627 -0.07784115
vn -0.01246942 0.99985778 -0.01135527
vn -0.08813906 0.99610007 0.00401852
vn -0.30865786 0.40843223 -0.85901888
vn -0.60694759 0.45715199 -0.65009744
vn -0.44491755 0.65282627 -0.61307931
vn -0.60041998 0.71470288 -0.35874175
vn -0.80406986 0.45275230 -0.38534013
vn -0.23220345 0.77504735 -0.58769309
vn -0.22057686 0.51601189 -0.82769413
vn -0.11339906 0.58661443 -0.80188788
vn -0.90947799 0.41367469 -0.04150937
vn -0.89126298 0.41652501 -0.17932435
vn -0.36221423 0.92895349 -0.07646086
vn -0.32779073 0.89105361 -0.31396927
vn -0.67609238 0.73622038 -0.02964214
vn -0.67869450 0.71494122 -0.16802627
vn -0.06246296 0.93090897 -0.35987062
vn -0.04822447 0.71078717 -0.70175210
vn -0.02554204 0.36996648 -0.92869393
vn -0.00641951 0.09225077 -0.99571511
vn -0.06658069 0.99390832 -0.08782514
vn -0.46341238 0.03186425 -0.88556967
vn -0.71041285 0.04782166 -0.70215858
vn -0.68738775 0.20598208 -0.69646929
vn -0.09224936 0.00641742 -0.99571526
vn -0.27440383 0.01858105 -0.96143501
vn -0.36261807 0.10961256 -0.92546919
vn -0.09312277 0.02768175 -0.99526975
vn -0.31287997 0.21985601 -0.92399646
vn -0.08023178 0.05647501 -0.99517508
vn -0.21976784 0.31301363 -0.92397217
vn -0.05646006 0.08026611 -0.99517316
vn -0.10776735 0.36445572 -0.92496390
vn -0.02771643 0.09313524 -0.99526762
vn -0.26044112 0.96147029 -0.08800745
vn -0.25460388 0.89603434 -0.36372975
vn -0.45409264 0.88195127 -0.12634017
vn -0.54771804 0.74946616 -0.37189437
vn -0.62409752 0.77644805 -0.08735389
vn -0.75217949 0.54468347 -0.37087185
vn -0.77644805 0.62409752 -0.08735389
vn -0.89564715 0.26593638 -0.35650248
vn -0.95850771 0.26886496 -0.09473441
vn -0.88532369 0.44102773 -0.14729733
vn -0.99391112 0.06628166 -0.08801944
vn -0.96097436 0.06414776 -0.26909726
vn -0.88719627 0.05983890 -0.45749544
vn -0.58761583 0.41340105 -0.69556252
vn -0.41337923 0.58749452 -0.69567794
vn -0.20312180 0.68799613 -0.69670859
vn -0.09144226 -0.00492332 -0.99579821
vn -0.27362194 -0.01445460 -0.96172870
vn -0.88762121 -0.04688908 -0.45818118
vn -0.70987387 -0.03760674 -0.70332412
vn -0.46276879 -0.02471100 -0.88613453
vn -0.99476226 -0.05171948 -0.08816539
vn -0.96164953 -0.05023752 -0.26964120
vn -0.02824459 -0.51961197 -0.85393538
vn -0.03769582 -0.70879047 -0.70441117
vn -0.16858119 -0.69563890 -0.69833152
vn -0.69663372 -0.16447504 -0.69831900
vn -0.36691635 -0.08718311 -0.92615954
vn -0.00493712 -0.09145104 -0.99579733
vn -0.01634602 -0.30626698 -0.95180531
vn -0.08939000 -0.36511845 -0.92665956
vn -0.02184698 -0.09310994 -0.99541612
vn -0.18073925 -0.33272442 -0.92554189
vn -0.04606127 -0.08477721 -0.99533471
vn -0.26755906 -0.26764953 -0.92562189
vn -0.06843853 -0.06848475 -0.99530197
vn -0.33262090 -0.18074836 -0.92557732
vn -0.08479165 -0.04601428 -0.99533565
vn -0.09310412 -0.02187595 -0.99541603
vn -0.97550827 -0.20068291 -0.09005547
vn -0.90798817 -0.20069283 -0.36780411
vn -0.91974450 -0.35450430 -0.16851340
vn -0.80782008 -0.45881472 -0.37002130
vn -0.85245286 -0.51542552 -0.08752519
vn -0.66061274 -0.66117335 -0.35558487
vn -0.70441867 -0.70474635 -0.08442111
vn -0.45747240 -0.80875255 -0.36964620
vn -0.51561686 -0.85232043 -0.08768775
vn -0.21451052 -0.90834847 -0.35901016
vn -0.21162346 -0.97241597 -0.09809531
vn -0.33389461 -0.91683816 -0.21891135
vn -0.05217169 -0.99476468 -0.08787122
vn -0.05019119 -0.95221104 -0.30128888
vn -0.04578943 -0.85591459 -0.51508596
vn -0.63025587 -0.34182905 -0.69708711
vn -0.50576525 -0.50605814 -0.69864631
vn -0.34200239 -0.63011860 -0.69712619
vn -0.46463088 -0.67481601 -0.57335983
vn -0.57968118 -0.44681843 -0.68141251
vn -0.64369780 -0.20378320 -0.73764866
vn -0.36169548 -0.80462439 -0.47090974
vn -0.26543894 -0.89972606 -0.34646095
vn 0.00000000 -1.00000000 0.00000000
vn -0.01246533 -0.99985808 -0.01133288
vn -0.06776274 -0.99428071 -0.08254740
vn -0.16006308 -0.96428700 -0.21102225
vn -0.27661339 -0.95676677 0.08990202
vn -0.15970506 -0.98290628 0.09159445
vn -0.04041503 -0.99552828 0.08538194
vn -0.33043012 -0.93943131 -0.09102057
vn -0.32505821 -0.94096381 -0.09446833
vn -0.33432314 -0.86673388 -0.37013567
vn -0.23304021 -0.35269595 -0.90625483
vn -0.29172278 -0.34888087 -0.89060651
vn -0.35577818 -0.86254420 -0.35977686
vn -0.34566572 -0.65432810 -0.67258453
vn -0.30522069 -0.66029633 -0.68618445
vn -0.27697968 -0.95718007 0.08419362
vn -0.15995009 -0.98334226 0.08633640
vn -0.04024118 -0.99556711 0.08501044
vn -0.23000855 -0.36582865 -0.90181232
vn -0.17407092 -0.71007348 -0.68227191
vn -0.08932956 -0.93227003 -0.35056072
vn -0.02165255 -0.99613146 -0.08516621
vn 0.01902160 -0.36135378 -0.93223475
vn -0.04215460 -0.36374118 -0.93054572
vn -0.09920756 -0.36623899 -0.92521720
vn -0.14354966 -0.36428928 -0.92015586
vn -0.20005226 -0.36372039 -0.90977281
vn -0.01906038 -0.99594771 -0.08789119
vn -0.07761520 -0.93076802 -0.35727690
vn -0.05835219 -0.93019843 -0.36238917
vn -0.01430643 -0.99594075 -0.08886699
vn -0.03744105 -0.93000387 -0.36563775
vn -0.00918491 -0.99592544 -0.08971150
vn -0.01750386 -0.93030698 -0.36636393
vn -0.00428425 -0.99595333 -0.08976977
vn 0.00755822 -0.92992505 -0.36767143
vn 0.00192647 -0.99585539 -0.09093036
vn 0.01457297 -0.70403451 -0.71001622
vn -0.03388022 -0.70480282 -0.70859376
vn -0.07220797 -0.70504137 -0.70548045
vn -0.11259421 -0.70520751 -0.70000350
vn -0.15024343 -0.70657080 -0.69150894
vn 0.11721280 -0.36006929 -0.92553296
vn 0.08955518 -0.70343692 -0.70509316
vn 0.04671815 -0.92891433 -0.36733578
vn 0.10964566 -0.92707839 -0.35847382
vn 0.02775663 -0.99554145 -0.09014873
vn 0.01157263 -0.99577049 -0.09114388
vn 0.27123141 -0.35758111 -0.89362703
vn 0.20778896 -0.70035909 -0.68287692
vn 0.85537154 -0.51396518 -0.06464767
vn 0.70923272 -0.70299184 -0.05283382
vn 0.68082618 -0.69549845 -0.22969027
vn 0.52020120 -0.85309130 -0.04032301
vn 0.30795043 -0.95111680 -0.02331047
vn 0.35751539 -0.92585943 -0.12233995
vn 0.86762933 -0.19462651 -0.45753674
vn 0.96302032 -0.08883377 -0.25436277
vn 0.88820260 -0.36784136 -0.27529779
vn 0.99340966 -0.08802847 -0.07340457
vn 0.95132184 -0.30004918 -0.07040777
vn 0.79546295 -0.09788834 -0.59804396
vn 0.74421649 -0.36659803 -0.55834371
vn 0.64862266 -0.14471892 -0.74722492
vn 0.48208260 -0.37193245 -0.79326075
vn 0.48721809 -0.08870236 -0.86876373
vn 0.05245081 -0.99522627 -0.08230183
vn 0.20390220 -0.92480637 -0.32118074
vn 0.30353096 -0.92342482 -0.23485221
vn 0.07791860 -0.99512764 -0.06041253
vn 0.09310938 -0.99519527 -0.03028215
vn 0.09264813 -0.99567305 -0.00717670
vn 0.38552706 -0.69564589 -0.60617298
vn 0.56782098 -0.69549233 -0.44030644
vn 0.00000000 -0.77030782 0.63767223
vn 0.31909507 -0.77034599 0.55203750
vn 0.55252186 -0.77009238 0.31886882
vn 0.63762479 -0.77034708 0.00009821
vn 0.55228376 -0.77023880 -0.31892764
vn 0.31892764 -0.77023880 -0.55228376
vn 0.00000000 -0.77030782 -0.63767223
vn -0.31892764 -0.77023880 -0.55228376
vn -0.55228376 -0.77023880 -0.31892764
vn -0.63762479 -0.77034708 0.00009821
vn -0.55252186 -0.77009238 0.31886882
vn -0.31909507 -0.77034599 0.55203750
vn 0.99121234 0.10244808 0.08368092
vn 0.99318157 0.07054725 0.09280873
vn 0.28566134 0.67745404 -0.67783008
vn 0.58658613 0.57253310 -0.57281983
vn 0.85335203 0.36860322 -0.36867597
vn 0.97670712 0.15191149 -0.15154573
vn 0.99939027 0.02470716 -0.02467078
vn 0.98356554 -0.12832889 0.12700597
vn 0.85873214 -0.49591199 0.12903651
vn 0.49622856 -0.85859528 0.12872979
vn 0.12798729 -0.98364767 0.12671427
vn 0.90854777 0.27809012 0.31178010
vn 0.90007131 0.25136842 0.35592913
vn 0.59698085 0.34443698 0.72455299
vn 0.76564059 0.28923941 0.57457379
vn 0.87001848 0.19402310 0.45323601
vn 0.93621755 0.09987058 0.33693110
vn 0.99273757 0.05490639 0.10703927
vn 0.99280231 0.05964410 0.10385642
vn -0.09110799 -0.74778356 -0.65766183
vn -0.42369354 -0.62008949 -0.66028237
vn -0.66246872 -0.34862255 -0.66302150
vn -0.74755091 -0.00127759 -0.66420329
vn 0.26510290 -0.70423219 -0.65861785
vn 0.56138966 -0.49857425 -0.66050387
vn 0.72964544 -0.17762978 -0.66035233
vn 0.73063871 0.17957241 -0.65872667
vn 0.56370784 0.49797275 -0.65898149
vn 0.27402848 0.69716704 -0.66247001
vn -0.09776363 0.74021772 -0.66522177
vn -0.42299769 0.61999542 -0.66081664
vn -0.66111865 0.34765969 -0.66487207
vn 0.72652229 0.18150727 -0.66273711
vn 0.72613836 -0.17850049 -0.66397338
vn 0.56187311 0.49588019 -0.66211890
vn 0.26519897 0.70037457 -0.66268014
vn -0.09170206 0.74426107 -0.66156344
vn -0.42499748 0.61779987 -0.66158935
vn -0.66626671 0.34580603 -0.66068665
vn -0.75316627 0.00055621 -0.65782996
vn -0.66617585 -0.34843762 -0.65939439
vn -0.42774081 -0.61816222 -0.65947954
vn -0.09751796 -0.74356920 -0.66150971
vn 0.26305736 -0.69656884 -0.66752729
vn 0.55977104 -0.49227764 -0.66657266
vn 0.72870504 0.17997469 -0.66075569
vn 0.72964452 -0.18258843 -0.65899949
vn 0.56214206 0.49758067 -0.66061319
vn 0.26425272 0.70397833 -0.65923062
vn -0.42613403 0.61954328 -0.65922372
vn -0.09019011 0.74803967 -0.65749707
vn -0.66523554 0.34907912 -0.66000412
vn -0.75122498 0.00025100 -0.66004619
vn -0.66495171 -0.34887078 -0.66040018
vn -0.42666809 -0.61783578 -0.66047959
vn -0.09056772 -0.74525655 -0.66059834
vn 0.26886077 -0.70235093 -0.65910323
vn 0.56412677 -0.49971029 -0.65730557
vn -0.75122620 -0.00025097 -0.66004480
vn -0.66519304 -0.34896048 -0.66010970
vn -0.42573264 -0.62025147 -0.65881699
vn 0.26762318 -0.70214220 -0.65982889
vn -0.09326662 -0.74642097 -0.65890597
vn 0.56428465 -0.49817414 -0.65833529
vn 0.73021307 -0.18201234 -0.65852895
vn 0.72933721 0.17950888 -0.66018467
vn 0.56217995 0.49773649 -0.66046354
vn 0.26624842 0.70195487 -0.66058394
vn -0.09055737 0.74525288 -0.66060390
vn -0.42913878 0.61775034 -0.65895707
vn -0.66506441 0.35124265 -0.65902802
vn -0.00000561 0.07751429 -0.99699124
vn -0.02965880 0.07161556 -0.99699126
vn -0.05453656 -0.05449233 -0.99702375
vn -0.02964792 -0.07165686 -0.99698861
vn 0.07751429 0.00000561 -0.99699124
vn 0.07161556 0.02965880 -0.99699126
vn -0.05449233 0.05453656 -0.99702375
vn 0.00000561 -0.07751429 -0.99699124
vn 0.02964792 0.07165686 -0.99698861
vn 0.05453656 0.05449233 -0.99702375
vn -0.07165686 0.02964792 -0.99698861
vn -0.07751429 -0.00000561 -0.99699124
vn -0.07161556 -0.02965880 -0.99699126
vn 0.02965880 -0.07161556 -0.99699126
vn 0.05449233 -0.05453656 -0.99702375
vn 0.07165686 -0.02964792 -0.99698861
vn -0.05449233 0.05453656 -0.99702375
vn -0.07165686 0.02964792 -0.99698861
vn -0.00000561 0.07751429 -0.99699124
vn -0.02965880 0.07161556 -0.99699126
vn -0.02964792 -0.07165686 -0.99698861
vn -0.05453656 -0.05449233 -0.99702375
vn -0.07161556 -0.02965880 -0.99699126
vn 0.02965880 -0.07161556 -0.99699126
vn 0.00000561 -0.07751429 -0.99699124
vn -0.07751429 -0.00000561 -0.99699124
vn 0.02964792 0.07165686 -0.99698861
vn 0.05453656 0.05449233 -0.99702375
vn 0.07161556 0.02965880 -0.99699126
vn 0.07751429 0.00000561 -0.99699124
vn 0.07165686 -0.02964792 -0.99698861
vn 0.05449233 -0.05453656 -0.99702375
vn 0.01452634 0.42114474 0.90687711
vn 0.22793240 0.45551080 0.86055606
vn 0.11082714 0.55832180 0.82218861
vn 0.00271714 0.63269961 0.77439255
vn 0.00580742 0.63683545 0.77097787
vn 0.04541572 0.67393907 0.73738968
vn 0.03321416 0.63165580 0.77453713
vn 0.12695656 0.61742277 0.77631898
vn 0.26321043 0.69001480 0.67424019
vn 0.32659907 0.54051282 0.77535730
vn 0.44508431 0.44511205 0.77702974
vn 0.54051467 0.32657767 0.77536502
vn 0.69001480 0.26321043 0.67424019
vn 0.61742277 0.12695656 0.77631898
vn 0.63165580 0.03321416 0.77453713
vn 0.63165580 -0.03321416 0.77453713
vn 0.61742277 -0.12695656 0.77631898
vn 0.69001480 -0.26321043 0.67424019
vn 0.54051282 -0.32659907 0.77535730
vn 0.44511205 -0.44508431 0.77702974
vn 0.32657767 -0.54051467 0.77536502
vn 0.26321043 -0.69001480 0.67424019
vn 0.12695656 -0.61742277 0.77631898
vn 0.03321416 -0.63165580 0.77453713
vn 0.00608557 -0.66761600 0.74448092
vn 0.06554199 -0.66627183 0.74282306
vn 0.03355589 -0.66549704 0.74564582
vn 0.01862244 -0.34461721 0.93855857
vn 0.02044311 -0.54984245 0.83501818
vn 0.28714670 -0.34525756 0.89350097
vn 0.10866867 -0.55401796 0.82538186
vn 0.90610601 -0.15911540 0.39198750
vn 0.89287695 -0.03270852 0.44911124
vn 0.70635225 -0.04305391 0.70654997
vn 0.70484972 -0.16005732 0.69106333
vn 0.64123500 -0.24789926 0.72619807
vn 0.91988980 -0.10488742 0.37789071
vn 0.99108164 -0.00993398 0.13288525
vn 0.99319941 -0.03628771 0.11062612
vn -0.05173945 0.99504408 0.08491355
vn -0.20095666 0.97520815 0.09265788
vn -0.34655223 0.90318510 0.25329474
vn -0.51588164 0.85230497 0.08626914
vn -0.70431168 0.70492209 0.08384450
vn -0.85237463 0.51578035 0.08618658
vn -0.90318510 0.34655223 0.25329474
vn -0.97520815 0.20095666 0.09265788
vn -0.99504408 0.05173945 0.08491355
vn -0.99419126 -0.06630905 0.08477534
vn -0.95830029 -0.26980329 0.09416339
vn -0.87759264 -0.42918088 0.21362332
vn -0.77655052 -0.62433245 0.08472474
vn -0.62433245 -0.77655052 0.08472474
vn -0.44597738 -0.87715163 0.17807077
vn -0.26063923 -0.96147358 0.08738282
vn -0.06630905 -0.99419126 0.08477534
vn -0.06887696 -0.99370709 0.08832993
vn -0.99423107 -0.06614136 0.08443878
vn -0.95541796 -0.28209496 0.08717203
vn -0.83859203 -0.53730564 0.08981117
vn -0.27884075 -0.95604191 0.09072876
vn -0.53778241 -0.83836054 0.08911611
vn -0.70608557 -0.70608557 -0.05372470
vn -0.99369201 0.06897439 0.08842354
vn -0.06678179 0.99410759 0.08538323
vn -0.28074772 0.95577461 0.08761062
vn -0.53795242 0.83825853 0.08904962
vn -0.70608557 0.70608557 -0.05372470
vn -0.83826784 0.53796689 0.08887435
vn -0.95614056 0.27854147 0.09060836
vn -0.06630905 0.99419126 0.08477534
vn -0.99419126 0.06630905 0.08477534
vn -0.96147358 0.26063923 0.08738282
vn -0.87715163 0.44597738 0.17807077
vn -0.77655052 0.62433245 0.08472474
vn -0.62433245 0.77655052 0.08472474
vn -0.42918088 0.87759264 0.21362332
vn -0.26980329 0.95830029 0.09416339
vn -0.99504408 -0.05173945 0.08491355
vn -0.05173945 -0.99504408 0.08491355
vn -0.20095666 -0.97520815 0.09265788
vn -0.34655223 -0.90318510 0.25329474
vn -0.51581419 -0.85235136 0.08621417
vn -0.70445352 -0.70477726 0.08387045
vn -0.85230497 -0.51588164 0.08626914
vn -0.90318510 -0.34655223 0.25329474
vn -0.97520815 -0.20095666 0.09265788
vn 0.99463520 0.02488006 0.10040818
vn 0.98722796 0.03860383 0.15456617
vn 0.72428060 0.16724508 0.66891457
vn 0.67099850 0.03567465 0.74059998
vn 0.83680556 0.05238622 0.54498819
vn 0.94559006 0.05267268 0.32106858
vn 0.63757736 -0.00000000 -0.77038634
vn 0.55227568 -0.31903642 -0.77019955
vn 0.31903642 -0.55227568 -0.77019955
vn -0.00000000 -0.63757736 -0.77038634
vn -0.31903642 -0.55227568 -0.77019955
vn -0.55227568 -0.31903642 -0.77019955
vn -0.63757736 0.00000000 -0.77038634
vn -0.55227568 0.31903642 -0.77019955
vn -0.31903642 0.55227568 -0.77019955
vn 0.00000000 0.63757736 -0.77038634
vn 0.31903642 0.55227568 -0.77019955
vn 0.55227568 0.31903642 -0.77019955
vn 0.63757736 -0.00000000 -0.77038634
vn 0.55227568 -0.31903642 -0.77019955
vn 0.31903642 -0.55227568 -0.77019955
vn -0.00000000 -0.63757736 -0.77038634
vn -0.31903642 -0.55227568 -0.77019955
vn -0.55227568 -0.31903642 -0.77019955
vn -0.63757736 0.00000000 -0.77038634
vn -0.55227568 0.31903642 -0.77019955
vn -0.31903642 0.55227568 -0.77019955
vn 0.00000000 0.63757736 -0.77038634
vn 0.31903642 0.55227568 -0.77019955
vn 0.55227568 0.31903642 -0.77019955
vn 0.63767223 0.00000000 -0.77030782
vn 0.55203750 -0.31909507 -0.77034599
vn 0.31886882 -0.55252186 -0.77009238
vn -0.00000000 -0.63757736 -0.77038634
vn -0.31886882 -0.55252186 -0.77009238
vn -0.55203750 -0.31909507 -0.77034599
vn -0.63767223 0.00000000 -0.77030782
vn -0.55203750 0.31909507 -0.77034599
vn -0.31886882 0.55252186 -0.77009238
vn 0.00000000 0.63757736 -0.77038634
vn 0.31886882 0.55252186 -0.77009238
vn 0.55203750 0.31909507 -0.77034599
vn 0.63767223 0.00000000 -0.77030782
vn 0.55203750 -0.31909507 -0.77034599
vn 0.31886882 -0.55252186 -0.77009238
vn -0.00000000 -0.63757736 -0.77038634
vn -0.31886882 -0.55252186 -0.77009238
vn -0.55203750 -0.31909507 -0.77034599
vn -0.63767223 0.00000000 -0.77030782
vn -0.55203750 0.31909507 -0.77034599
vn -0.31886882 0.55252186 -0.77009238
vn 0.00000000 0.63757736 -0.77038634
vn 0.31886882 0.55252186 -0.77009238
vn 0.55203750 0.31909507 -0.77034599
vn -0.34193409 -0.00016078 -0.93972392
vn -0.31699369 0.13137322 -0.93928488
vn -0.24237191 0.24248661 -0.93939135
vn -0.13125344 0.31691399 -0.93932851
vn -0.00016078 0.34193409 -0.93972392
vn 0.13137322 0.31699369 -0.93928488
vn 0.24248661 0.24237191 -0.93939135
vn 0.31691399 0.13125344 -0.93932851
vn 0.34193409 0.00016078 -0.93972392
vn 0.31699369 -0.13137322 -0.93928488
vn 0.24237191 -0.24248661 -0.93939135
vn 0.13125344 -0.31691399 -0.93932851
vn 0.00016078 -0.34193409 -0.93972392
vn -0.13137322 -0.31699369 -0.93928488
vn -0.24248661 -0.24237191 -0.93939135
vn -0.31691399 -0.13125344 -0.93932851
vn -0.83409082 0.55158831 0.00654598
vn -0.86730590 0.34489787 -0.35892329
vn -0.71456532 0.69493496 -0.08038533
vn -0.66668434 0.65020334 -0.36437289
vn -0.53301353 0.84535176 -0.03573488
vn -0.34115929 0.86930483 -0.35765829
vn -0.31930373 0.94328658 -0.09086010
vn 0.00009616 0.92832677 -0.37176525
vn -0.00012717 0.99597597 -0.08962061
vn 0.34489787 0.86730590 -0.35892329
vn 0.31942080 0.94323784 -0.09095457
vn 0.83422567 -0.55140569 0.00439305
vn 0.94290222 -0.32040600 -0.09096921
vn 0.86712326 -0.34509142 -0.35917847
vn 0.99597597 0.00012717 -0.08962061
vn 0.92832677 -0.00009616 -0.37176525
vn 0.94328658 0.31930373 -0.09086010
vn 0.86930483 0.34115929 -0.35765829
vn 0.84535176 0.53301353 -0.03573488
vn 0.65020334 0.66668434 -0.36437289
vn 0.69493496 0.71456532 -0.08038533
vn 0.55158831 0.83409082 0.00654598
vn 0.71484358 -0.69462144 -0.08062076
vn 0.66668434 -0.65020334 -0.36437289
vn 0.53301353 -0.84535176 -0.03573488
vn 0.34115929 -0.86930483 -0.35765829
vn 0.31930373 -0.94328658 -0.09086010
vn -0.00009616 -0.92832677 -0.37176525
vn 0.00012717 -0.99597597 -0.08962061
vn -0.34489787 -0.86730590 -0.35892329
vn -0.31942080 -0.94323784 -0.09095457
vn -0.94323784 0.31942080 -0.09095457
vn -0.99597597 -0.00012717 -0.08962061
vn -0.92832677 0.00009616 -0.37176525
vn -0.94295109 -0.32028897 -0.09087474
vn -0.86908780 -0.34141927 -0.35793754
vn -0.84518480 -0.53320409 -0.03682465
vn -0.65032640 -0.66645429 -0.36457408
vn -0.69545028 -0.71406240 -0.08039774
vn -0.55158831 -0.83409082 0.00654598
vn 0.69312705 0.00009903 -0.72081543
vn 0.64050592 -0.26497775 -0.72079051
vn 0.49016175 -0.49012243 -0.72077837
vn 0.26496431 -0.64081104 -0.72052420
vn 0.00009903 -0.69312705 -0.72081543
vn -0.26497775 -0.64050592 -0.72079051
vn -0.49012243 -0.49016175 -0.72077837
vn -0.64081104 -0.26496431 -0.72052420
vn -0.69312705 -0.00009903 -0.72081543
vn -0.64050592 0.26497775 -0.72079051
vn -0.49016175 0.49012243 -0.72077837
vn -0.26496431 0.64081104 -0.72052420
vn -0.00009903 0.69312705 -0.72081543
vn 0.26497775 0.64050592 -0.72079051
vn 0.49012243 0.49016175 -0.72077837
vn 0.64081104 0.26496431 -0.72052420
vn -0.34193409 -0.00016078 -0.93972392
vn -0.31699369 0.13137322 -0.93928488
vn -0.24237191 0.24248661 -0.93939135
vn -0.13125344 0.31691399 -0.93932851
vn -0.00016078 0.34193409 -0.93972392
vn 0.13137322 0.31699369 -0.93928488
vn 0.24248661 0.24237191 -0.93939135
vn 0.31691399 0.13125344 -0.93932851
vn 0.34193409 0.00016078 -0.93972392
vn 0.31699369 -0.13137322 -0.93928488
vn 0.24237191 -0.24248661 -0.93939135
vn 0.13125344 -0.31691399 -0.93932851
vn 0.00016078 -0.34193409 -0.93972392
vn -0.13137322 -0.31699369 -0.93928488
vn -0.24248661 -0.24237191 -0.93939135
vn -0.31691399 -0.13125344 -0.93932851
vn -0.83422567 0.55140569 0.00439305
vn -0.86712326 0.34509142 -0.35917847
vn -0.71484358 0.69462144 -0.08062076
vn -0.66668434 0.65020334 -0.36437289
vn -0.53301353 0.84535176 -0.03573488
vn -0.34115929 0.86930483 -0.35765829
vn -0.31930373 0.94328658 -0.09086010
vn 0.00009616 0.92832677 -0.37176525
vn -0.00012717 0.99597597 -0.08962061
vn 0.34489787 0.86730590 -0.35892329
vn 0.31942080 0.94323784 -0.09095457
vn 0.83409082 -0.55158831 0.00654598
vn 0.94323784 -0.31942080 -0.09095457
vn 0.86730590 -0.34489787 -0.35892329
vn 0.99597597 0.00012717 -0.08962061
vn 0.92832677 -0.00009616 -0.37176525
vn 0.94295109 0.32028897 -0.09087474
vn 0.86908780 0.34141927 -0.35793754
vn 0.84518480 0.53320409 -0.03682465
vn 0.65032640 0.66645429 -0.36457408
vn 0.69545028 0.71406240 -0.08039774
vn 0.55158831 0.83409082 0.00654598
vn 0.71456532 -0.69493496 -0.08038533
vn 0.66668434 -0.65020334 -0.36437289
vn 0.53301353 -0.84535176 -0.03573488
vn 0.34115929 -0.86930483 -0.35765829
vn 0.31930373 -0.94328658 -0.09086010
vn -0.00009616 -0.92832677 -0.37176525
vn 0.00012717 -0.99597597 -0.08962061
vn -0.34489787 -0.86730590 -0.35892329
vn -0.31942080 -0.94323784 -0.09095457
vn -0.94290222 0.32040600 -0.09096921
vn -0.99597597 -0.00012717 -0.08962061
vn -0.92832677 0.00009616 -0.37176525
vn -0.94328658 -0.31930373 -0.09086010
vn -0.86930483 -0.34115929 -0.35765829
vn -0.84535176 -0.53301353 -0.03573488
vn -0.65020334 -0.66668434 -0.36437289
vn -0.69493496 -0.71456532 -0.08038533
vn -0.55158831 -0.83409082 0.00654598
vn 0.69312705 0.00009903 -0.72081543
vn 0.64050592 -0.26497775 -0.72079051
vn 0.49016175 -0.49012243 -0.72077837
vn 0.26496431 -0.64081104 -0.72052420
vn 0.00009903 -0.69312705 -0.72081543
vn -0.26497775 -0.64050592 -0.72079051
vn -0.49012243 -0.49016175 -0.72077837
vn -0.64081104 -0.26496431 -0.72052420
vn -0.69312705 -0.00009903 -0.72081543
vn -0.64050592 0.26497775 -0.72079051
vn -0.49016175 0.49012243 -0.72077837
vn -0.26496431 0.64081104 -0.72052420
vn -0.00009903 0.69312705 -0.72081543
vn 0.26497775 0.64050592 -0.72079051
vn 0.49012243 0.49016175 -0.72077837
vn 0.64081104 0.26496431 -0.72052420
vn 0.09861441 0.23241490 0.96760452
vn 0.01338416 0.19725004 0.98026185
vn 0.02316055 0.06705067 0.99748072
vn 0.00302146 0.05260702 0.99861072
vn 0.33003021 0.22681492 0.91631602
vn 0.08419692 0.06246683 0.99448920
vn 0.01946700 0.37613077 0.92636207
vn 0.00470115 0.09422912 0.99553944
vn 0.07883681 0.36470237 0.92778065
vn 0.02029172 0.08749257 0.99595848
vn 0.18746292 0.32499821 0.92694866
vn 0.04243680 0.07811321 0.99604088
vn 0.25952708 0.25957005 0.93019841
vn 0.06256469 0.06257999 0.99607701
vn 0.32503202 0.18742557 0.92694436
vn 0.07812330 0.04241567 0.99604099
vn 0.36470267 0.07886278 0.92777833
vn 0.08748309 0.02030771 0.99595899
vn 0.37606176 0.01957125 0.92638789
vn 0.09430231 0.00480557 0.99553201
vn 0.37606551 -0.01957814 0.92638622
vn 0.09429834 -0.00481071 0.99553236
vn 0.36470237 -0.07883681 0.92778065
vn 0.08749257 -0.02029172 0.99595848
vn 0.32499821 -0.18746292 0.92694866
vn 0.07811321 -0.04243680 0.99604088
vn 0.25957005 -0.25952708 0.93019841
vn 0.06257999 -0.06256469 0.99607701
vn 0.18742557 -0.32503202 0.92694436
vn 0.04241567 -0.07812330 0.99604099
vn 0.07886278 -0.36470267 0.92777833
vn 0.02030771 -0.08748309 0.99595899
vn 0.01957058 -0.37606177 0.92638790
vn 0.00480557 -0.09430231 0.99553201
vn 0.00160434 -0.09794307 0.99519073
vn 0.28924547 -0.28626096 0.91345045
vn 0.08226138 -0.08636182 0.99286187
vn 0.03293096 -0.07839831 0.99637807
vn 0.12160302 -0.20225268 0.97175437
vn 0.52964398 -0.03554404 0.84747500
vn 0.31958197 -0.02165222 0.94731122
vn 0.39606419 -0.10944865 0.91167656
vn 0.10130908 -0.00648373 0.99483387
vn 0.10947323 -0.04005958 0.99318218
vn 0.10371459 0.01108845 0.99454529
vn 0.32405408 0.03375548 0.94543615
vn 0.52839357 0.05684429 0.84709442
vn 0.70926478 0.07141015 0.70131595
vn 0.84934960 0.08673174 0.52065619
vn 0.94496949 0.09314604 0.31361835
vn 0.85542044 0.34619492 0.38523363
vn 0.35097550 0.85478940 0.38229738
vn 0.64612097 0.65939537 0.38435067
vn 0.65984366 0.28428053 0.69555081
vn 0.50797955 0.50764325 0.69588441
vn 0.28386083 0.65941939 0.69612434
vn 0.36374170 0.16022282 0.91761682
vn 0.09352783 0.94502810 0.31332799
vn 0.08672816 0.84935107 0.52065439
vn 0.07141015 0.70926478 0.70131595
vn 0.05684429 0.52839357 0.84709442
vn 0.28279607 0.28367109 0.91627349
vn 0.16113530 0.36400323 0.91735329
vn 0.03366554 0.32420054 0.94538915
vn 0.10223916 0.04238065 0.99385665
vn 0.07853926 0.07841930 0.99382191
vn 0.04244550 0.10193960 0.99388465
vn 0.01085503 0.10350930 0.99456925
vn -0.00364375 0.08744982 0.99616226
vn -0.01252579 0.30491598 0.95229688
vn -0.02146417 0.52370288 0.85163054
vn -0.02870887 0.70846119 0.70516562
vn -0.03474143 0.85327186 0.52030776
vn -0.03853739 0.95297530 0.30058767
vn -0.06067411 0.36561531 0.92878636
vn -0.01447727 0.08931418 0.99589828
vn -0.02442509 0.08468576 0.99610830
vn -0.07897340 0.27334733 0.95866805
vn -0.13188360 0.45660000 0.87984269
vn -0.11679115 0.70318218 0.70135202
vn -0.19718741 0.68217590 0.70409742
vn -0.24313179 0.83999507 0.48507237
vn -0.15057017 0.92113550 0.35894012
vn -0.26513443 0.91834231 0.29385563
vn -0.02308005 0.07935347 0.99657932
vn -0.08395859 0.29074228 0.95311063
vn -0.13810383 0.47534461 0.86889288
vn -0.19582023 0.67468777 0.71165360
vn -0.26856728 0.92853254 0.25631804
vn -0.24883650 0.85724165 0.45079613
vn -0.02981149 0.85333357 0.52051233
vn -0.02547153 0.70398184 0.70976106
vn -0.11243863 0.69302000 0.71209608
vn -0.05693073 0.34946404 0.93521857
vn -0.01304453 0.08066087 0.99665624
vn -0.01184797 0.29864861 0.95428960
vn -0.00327171 0.08308801 0.99653684
vn -0.01812062 0.52127012 0.85319934
vn -0.03430864 0.95161640 0.30536723
vn -0.14837325 0.91659376 0.37126980
vn -0.00478295 0.08808543 0.99610144
vn -0.01628393 0.30581687 0.95195109
vn -0.02781534 0.52422372 0.85112619
vn -0.03729363 0.70874091 0.70448244
vn -0.04513003 0.85317160 0.51967443
vn -0.04988795 0.95251878 0.30036505
vn -0.16616246 0.69819800 0.69635450
vn -0.20021028 0.90734063 0.36966040
vn -0.85317160 0.04513003 0.51967443
vn -0.70874091 0.03729363 0.70448244
vn -0.69819589 0.16603965 0.69638591
vn -0.52422372 0.02781534 0.85112619
vn -0.30582027 0.01627929 0.95195008
vn -0.36596966 0.08774207 0.92648127
vn -0.08777139 0.36597177 0.92647766
vn -0.02107026 0.08965250 0.99575021
vn -0.18090133 0.33312322 0.92536676
vn -0.04441109 0.08194176 0.99564713
vn -0.26727625 0.26741209 0.92577221
vn -0.06629508 0.06633701 0.99559247
vn -0.33312238 0.18082857 0.92538128
vn -0.08193546 0.04438165 0.99564896
vn -0.08964558 0.02106853 0.99575087
vn -0.08808181 0.00477685 0.99610179
vn -0.95251878 0.04988795 0.30036505
vn -0.90737842 0.20013642 0.36960765
vn -0.80616335 0.46106009 0.37084263
vn -0.66179145 0.66092834 0.35384431
vn -0.46108486 0.80617017 0.37079699
vn -0.63046663 0.34250848 0.69656282
vn -0.50736026 0.50773696 0.69626773
vn -0.34240119 0.63050277 0.69658286
vn -0.95190937 -0.06367238 0.29969046
vn -0.85277754 -0.05783865 0.51906181
vn -0.70900794 -0.04803474 0.70356265
vn -0.52476204 -0.03612644 0.85048203
vn -0.30695948 -0.02119651 0.95148651
vn -0.08890145 -0.00628511 0.99602060
vn -0.68592501 -0.20733785 0.69750835
vn -0.05783865 -0.85277754 0.51906181
vn -0.04803474 -0.70900794 0.70356265
vn -0.20738559 -0.68588097 0.69753746
vn -0.03612644 -0.52476204 0.85048203
vn -0.02113815 -0.30700567 0.95147291
vn -0.11098292 -0.36236705 0.92540419
vn -0.36235314 -0.11079862 0.92543172
vn -0.09053266 -0.02681024 0.99553254
vn -0.31348780 -0.21997131 0.92376297
vn -0.07750918 -0.05446160 0.99550302
vn -0.21988838 -0.31356843 0.92375534
vn -0.05443642 -0.07756082 0.99550037
vn -0.02693524 -0.09047418 0.99553449
vn -0.00620054 -0.08885114 0.99602562
vn -0.06367238 -0.95190937 0.29969046
vn -0.25588510 -0.89509933 0.36513012
vn -0.55229286 -0.74479881 0.37449610
vn -0.74634882 -0.55041120 0.37418036
vn -0.89456242 -0.26653014 0.35877536
vn -0.58746950 -0.41322008 0.69579361
vn -0.41315595 -0.58747877 0.69582387
vn -0.06372403 -0.95086462 0.30297810
vn -0.05638993 -0.85044320 0.52303588
vn -0.04684182 -0.70356542 0.70908500
vn -0.03407003 -0.51827533 0.85453491
vn -0.01941087 -0.29650032 0.95483547
vn -0.00520676 -0.08169207 0.99664402
vn -0.19212867 -0.66901171 0.71799019
vn -0.26030961 -0.89148797 0.37079388
vn -0.09542910 -0.33132108 0.93867973
vn -0.02191125 -0.07462241 0.99697111
vn -0.19727684 -0.28064135 0.93932012
vn -0.04373021 -0.06223784 0.99710286
vn -0.28059724 -0.19726839 0.93933507
vn -0.06224080 -0.04376451 0.99710117
vn -0.33221157 -0.09757253 0.93814449
vn -0.07462483 -0.02183210 0.99697266
vn -0.08165126 -0.00525668 0.99664710
vn -0.28544310 -0.01876884 0.95821186
vn -0.47957002 -0.03109644 0.87695246
vn -0.70177350 -0.04594415 0.71091707
vn -0.95450423 -0.06394076 0.29126150
vn -0.89060802 -0.26174428 0.37189686
vn -0.77298730 -0.52236426 0.36003639
vn -0.52216394 -0.77313187 0.36001657
vn -0.40012239 -0.56914823 0.71831216
vn -0.56917015 -0.40023185 0.71823381
vn -0.66768011 -0.19603486 0.71817380
vn -0.87376557 -0.05814838 0.48285867
vn -0.95450423 0.06394076 0.29126150
vn -0.47914245 0.03168700 0.87716501
vn -0.70246934 0.04613262 0.71021729
vn -0.87356411 0.05738500 0.48331429
vn -0.08169207 0.00520676 0.99664402
vn -0.28540260 0.01869650 0.95822534
vn -0.33193584 0.09705337 0.93829592
vn -0.07462241 0.02191125 0.99697111
vn -0.28064135 0.19727684 0.93932012
vn -0.06223784 0.04373021 0.99710286
vn -0.19726839 0.28059724 0.93933507
vn -0.04376451 0.06224080 0.99710117
vn -0.09736676 0.33222472 0.93816121
vn -0.02183210 0.07462483 0.99697266
vn -0.00525668 0.08165126 0.99664710
vn -0.01948329 0.29654066 0.95482147
vn -0.03077551 0.52044600 0.85333981
vn -0.04284796 0.70189604 0.71098945
vn -0.05777966 0.94997172 0.30694503
vn -0.05043304 0.85282242 0.51975997
vn -0.19636065 0.66787439 0.71790410
vn -0.26242895 0.89023178 0.37231496
vn -0.52236426 0.77298730 0.36003639
vn -0.77313187 0.52216394 0.36001657
vn -0.89019500 0.26258443 0.37229328
vn -0.66825441 0.19608761 0.71762504
vn -0.56914823 0.40012239 0.71831216
vn -0.40023185 0.56917015 0.71823381
vn -0.06367238 0.95190937 0.29969046
vn -0.05783865 0.85277754 0.51906181
vn -0.04803474 0.70900794 0.70356265
vn -0.03612644 0.52476204 0.85048203
vn -0.02119651 0.30695948 0.95148651
vn -0.00628511 0.08890145 0.99602060
vn -0.20733785 0.68592501 0.69750835
vn -0.85277754 0.05783865 0.51906181
vn -0.70900794 0.04803474 0.70356265
vn -0.68588097 0.20738559 0.69753746
vn -0.52476204 0.03612644 0.85048203
vn -0.30700567 0.02113815 0.95147291
vn -0.36236705 0.11098292 0.92540419
vn -0.11079862 0.36235314 0.92543172
vn -0.02681024 0.09053266 0.99553254
vn -0.21997131 0.31348780 0.92376297
vn -0.05446160 0.07750918 0.99550302
vn -0.31356843 0.21988838 0.92375534
vn -0.07756082 0.05443642 0.99550037
vn -0.09047418 0.02693524 0.99553449
vn -0.08885114 0.00620054 0.99602562
vn -0.95190937 0.06367238 0.29969046
vn -0.89509933 0.25588510 0.36513012
vn -0.74479881 0.55229286 0.37449610
vn -0.55041120 0.74634882 0.37418036
vn -0.26653014 0.89456242 0.35877536
vn -0.41322008 0.58746950 0.69579361
vn -0.58747877 0.41315595 0.69582387
vn -0.08808543 -0.00478295 0.99610144
vn -0.30581687 -0.01628393 0.95195109
vn -0.52422372 -0.02781534 0.85112619
vn -0.70874091 -0.03729363 0.70448244
vn -0.85317160 -0.04513003 0.51967443
vn -0.95251878 -0.04988795 0.30036505
vn -0.69819800 -0.16616246 0.69635450
vn -0.90734063 -0.20021028 0.36966040
vn -0.04513003 -0.85317160 0.51967443
vn -0.03729363 -0.70874091 0.70448244
vn -0.16603965 -0.69819589 0.69638591
vn -0.02781534 -0.52422372 0.85112619
vn -0.01627929 -0.30582027 0.95195008
vn -0.08774207 -0.36596966 0.92648127
vn -0.36597177 -0.08777139 0.92647766
vn -0.08965250 -0.02107026 0.99575021
vn -0.33312322 -0.18090133 0.92536676
vn -0.08194176 -0.04441109 0.99564713
vn -0.26741209 -0.26727625 0.92577221
vn -0.06633701 -0.06629508 0.99559247
vn -0.18082857 -0.33312238 0.92538128
vn -0.04438165 -0.08193546 0.99564896
vn -0.02106853 -0.08964558 0.99575087
vn -0.00477685 -0.08808181 0.99610179
vn -0.04988795 -0.95251878 0.30036505
vn -0.20013642 -0.90737842 0.36960765
vn -0.46113148 -0.80612419 0.37083898
vn -0.66187212 -0.66085085 0.35383817
vn -0.80617248 -0.46108098 0.37079678
vn -0.34255199 -0.63046174 0.69654586
vn -0.50735409 -0.50776709 0.69625024
vn -0.63050277 -0.34240119 0.69658286
vn -0.03833406 -0.95229360 0.30276626
vn -0.03388478 -0.85182442 0.52273031
vn -0.02820100 -0.70516703 0.70848018
vn -0.02057854 -0.51976864 0.85405918
vn -0.01180154 -0.29862167 0.95429860
vn -0.00323444 -0.08311583 0.99653464
vn -0.05532445 -0.34901667 0.93548200
vn -0.01313883 -0.08062790 0.99665767
vn -0.08312255 -0.28681104 0.95437418
vn -0.02300673 -0.07933372 0.99658259
vn -0.26852451 -0.91312322 0.30675816
vn -0.24164553 -0.82007135 0.51873927
vn -0.10903114 -0.69334796 0.71230669
vn -0.19873918 -0.67666393 0.70896309
vn -0.14828102 -0.50214693 0.85197488
vn -0.14674935 -0.91726881 0.37024661
vn -0.02442085 -0.08469707 0.99610744
vn -0.08364614 -0.28944565 0.95353266
vn -0.14439415 -0.50066971 0.85351050
vn -0.19733664 -0.68215240 0.70407837
vn -0.23687996 -0.82080821 0.51977088
vn -0.26505929 -0.91638281 0.29997687
vn -0.05922534 -0.36509667 0.92908384
vn -0.01453436 -0.08928078 0.99590044
vn -0.00359409 -0.08741943 0.99616511
vn -0.01248252 -0.30494634 0.95228773
vn -0.02126712 -0.52380898 0.85157023
vn -0.11433709 -0.70361394 0.70132335
vn -0.02851298 -0.70837783 0.70525730
vn -0.03446802 -0.85337070 0.52016383
vn -0.14947120 -0.92159780 0.35821202
vn -0.03828939 -0.95292654 0.30077389
vn 0.01995951 -0.13906616 0.99008193
vn 0.07005942 -0.51283538 0.85562349
vn 0.11354883 -0.86605824 0.48687758
vn 0.75798589 -0.44535059 0.47657135
vn 0.43874159 -0.75853206 0.48180383
vn 0.26526599 -0.46040928 0.84714653
vn 0.07494838 -0.13032992 0.98863383
vn 0.45042116 -0.27224091 0.85029740
vn 0.13012026 -0.07505387 0.98865345
vn 0.89412176 -0.11781656 0.43204808
vn 0.70843734 -0.09777892 0.69896768
vn 0.45339998 -0.06147197 0.88918483
vn 0.13884521 -0.01991161 0.99011390
vn 0.08856757 0.00566936 0.99605404
vn 0.36381258 0.02089624 0.93123775
vn 0.40123361 0.10991983 0.90935649
vn 0.10507854 0.04231893 0.99356309
vn 0.63757736 0.00000000 0.77038634
vn 0.55227568 0.31903642 0.77019955
vn 0.31903642 0.55227568 0.77019955
vn -0.00000000 0.63757736 0.77038634
vn -0.31903642 0.55227568 0.77019955
vn -0.55227568 0.31903642 0.77019955
vn -0.63757736 -0.00000000 0.77038634
vn -0.55227568 -0.31903642 0.77019955
vn -0.31903642 -0.55227568 0.77019955
vn 0.00000000 -0.63757736 0.77038634
vn 0.31903642 -0.55227568 0.77019955
vn 0.55227568 -0.31903642 0.77019955
vn 0.63757736 0.00000000 0.77038634
vn 0.55227568 0.31903642 0.77019955
vn 0.31903642 0.55227568 0.77019955
vn -0.00000000 0.63757736 0.77038634
vn -0.31903642 0.55227568 0.77019955
vn -0.55227568 0.31903642 0.77019955
vn -0.63757736 -0.00000000 0.77038634
vn -0.55227568 -0.31903642 0.77019955
vn -0.31903642 -0.55227568 0.77019955
vn 0.00000000 -0.63757736 0.77038634
vn 0.31903642 -0.55227568 0.77019955
vn 0.55227568 -0.31903642 0.77019955
vn 0.63767223 0.00000000 0.77030782
vn 0.55203750 0.31909507 0.77034599
vn 0.31886882 0.55252186 0.77009238
vn -0.00000000 0.63757736 0.77038634
vn -0.31886882 0.55252186 0.77009238
vn -0.55203750 0.31909507 0.77034599
vn -0.63767223 -0.00000000 0.77030782
vn -0.55203750 -0.31909507 0.77034599
vn -0.31886882 -0.55252186 0.77009238
vn 0.00000000 -0.63757736 0.77038634
vn 0.31886882 -0.55252186 0.77009238
vn 0.55203750 -0.31909507 0.77034599
vn 0.63767223 0.00000000 0.77030782
vn 0.55203750 0.31909507 0.77034599
vn 0.31886882 0.55252186 0.77009238
vn -0.00000000 0.63757736 0.77038634
vn -0.31886882 0.55252186 0.77009238
vn -0.55203750 0.31909507 0.77034599
vn -0.63767223 -0.00000000 0.77030782
vn -0.55203750 -0.31909507 0.77034599
vn -0.31886882 -0.55252186 0.77009238
vn 0.00000000 -0.63757736 0.77038634
vn 0.31886882 -0.55252186 0.77009238
vn 0.55203750 -0.31909507 0.77034599
vn -0.55884273 0.32143993 0.76444174
vn -0.64317347 -0.00008338 0.76572050
vn -0.32143993 0.55884273 0.76444174
vn -0.00000000 0.64320748 0.76569193
vn 0.32143993 0.55884273 0.76444174
vn 0.55884273 0.32143993 0.76444174
vn 0.64317347 -0.00008338 0.76572050
vn 0.55912022 -0.32138675 0.76426117
vn 0.32159830 -0.55863227 0.76452896
vn -0.00000000 -0.64320748 0.76569193
vn -0.32159830 -0.55863227 0.76452896
vn -0.55912022 -0.32138675 0.76426117
vn -0.55912022 0.32138675 0.76426117
vn -0.64317347 0.00008338 0.76572050
vn -0.32159830 0.55863227 0.76452896
vn -0.00000000 0.64320748 0.76569193
vn 0.32159830 0.55863227 0.76452896
vn 0.55912022 0.32138675 0.76426117
vn 0.64317347 0.00008338 0.76572050
vn 0.55884273 -0.32143993 0.76444174
vn 0.32143993 -0.55884273 0.76444174
vn -0.00000000 -0.64320748 0.76569193
vn -0.32143993 -0.55884273 0.76444174
vn -0.55884273 -0.32143993 0.76444174
vn 0.00000000 0.00000000 1.00000000
vn 0.00000000 0.00000000 1.00000000
vn 0.00000000 0.00000000 1.00000000
vn 0.00000000 0.00000000 1.00000000
vn 0.00000000 0.00000000 1.00000000
vn 0.00000000 0.00000000 1.00000000
vn 0.00000000 0.00000000 1.00000000
vn 0.00000000 0.00000000 1.00000000
vn 0.00000000 0.00000000 1.00000000
vn 0.00000000 0.00000000 1.00000000
vn 0.00000000 0.00000000 1.00000000
vn 0.00000000 0.00000000 1.00000000
vn 0.00000000 0.00000000 1.00000000
vn 0.00000000 0.00000000 1.00000000
f 1//1 2//2 3//3
f 4//4 5//5 6//6
f 6//6 5//5 1//1
f 6//6 1//1 7//7
f 7//7 1//1 3//3
f 8//8 9//9 10//10
f 10//10 9//9 11//11
f 10//10 11//11 12//12
f 12//12 11//11 13//13
f 13//13 11//11 14//14
f 13//13 14//14 15//15
f 15//15 14//14 16//16
f 16//16 14//14 3//3
f 16//16 3//3 2//2
f 9//9 8//8 17//17
f 17//17 8//8 18//18
f 17//17 18//18 19//19
f 19//19 18//18 20//20
f 19//19 20//20 21//21
f 21//21 20//20 22//22
f 23//23 24//24 25//25
f 25//25 24//24 26//26
f 27//27 28//28 29//29
f 29//29 28//28 30//30
f 29//29 30//30 31//31
f 31//31 30//30 32//32
f 31//31 32//32 33//33
f 33//33 32//32 25//25
f 33//33 25//25 26//26
f 34//34 35//35 36//36
f 36//36 35//35 37//37
f 28//28 27//27 38//38
f 38//38 27//27 39//39
f 38//38 39//39 40//40
f 40//40 39//39 41//41
f 40//40 41//41 34//34
f 34//34 41//41 42//42
f 34//34 42//42 35//35
f 43//43 44//44 45//45
f 45//45 44//44 46//46
f 47//47 48//48 49//49
f 49//49 48//48 50//50
f 49//49 50//50 51//51
f 51//51 50//50 52//52
f 51//51 52//52 53//53
f 53//53 52//52 45//45
f 53//53 45//45 46//46
f 54//54 55//55 56//56
f 56//56 55//55 57//57
f 48//48 47//47 58//58
f 58//58 47//47 59//59
f 58//58 59//59 60//60
f 60//60 59//59 61//61
f 60//60 61//61 54//54
f 54//54 61//61 62//62
f 54//54 62//62 55//55
f 63//63 64//64 65//65
f 65//65 64//64 66//66
f 67//67 68//68 69//69
f 69//69 68//68 70//70
f 69//69 70//70 71//71
f 71//71 70//70 72//72
f 71//71 72//72 73//73
f 73//73 72//72 65//65
f 73//73 65//65 66//66
f 74//74 75//75 76//76
f 76//76 75//75 77//77
f 68//68 67//67 78//78
f 78//78 67//67 79//79
f 78//78 79//79 80//80
f 80//80 79//79 81//81
f 80//80 81//81 74//74
f 74//74 81//81 82//82
f 74//74 82//82 75//75
f 83//83 84//84 85//85
f 85//85 84//84 86//86
f 87//87 88//88 89//89
f 89//89 88//88 90//90
f 89//89 90//90 91//91
f 91//91 90//90 92//92
f 91//91 92//92 93//93
f 93//93 92//92 85//85
f 93//93 85//85 86//86
f 94//94 95//95 96//96
f 96//96 95//95 97//97
f 88//88 87//87 98//98
f 98//98 87//87 99//99
f 98//98 99//99 100//100
f 100//100 99//99 101//101
f 100//100 101//101 94//94
f 94//94 101//101 102//102
f 94//94 102//102 95//95
f 103//103 104//104 105//105
f 106//106 107//107 108//108
f 108//108 107//107 103//103
f 108//108 103//103 109//109
f 109//109 103//103 105//105
f 110//110 111//111 112//112
f 112//112 111//111 113//113
f 112//112 113//113 114//114
f 114//114 113//113 115//115
f 115//115 113//113 116//116
f 115//115 116//116 117//117
f 117//117 116//116 118//118
f 118//118 116//116 105//105
f 118//118 105//105 104//104
f 111//111 110//110 119//119
f 119//119 110//110 120//120
f 119//119 120//120 121//121
f 121//121 120//120 122//122
f 121//121 122//122 123//123
f 123//123 122//122 124//124
f 125//125 126//126 127//127
f 128//128 129//129 130//130
f 130//130 129//129 125//125
f 130//130 125//125 131//131
f 131//131 125//125 127//127
f 132//132 133//133 134//134
f 134//134 133//133 135//135
f 134//134 135//135 136//136
f 136//136 135//135 137//137
f 137//137 135//135 138//138
f 137//137 138//138 139//139
f 139//139 138//138 140//140
f 140//140 138//138 127//127
f 140//140 127//127 126//126
f 133//133 132//132 141//141
f 141//141 132//132 142//142
f 141//141 142//142 143//143
f 143//143 142//142 144//144
f 143//143 144//144 145//145
f 145//145 144//144 146//146
f 147//147 148//148 149//149
f 150//150 151//151 152//152
f 152//152 151//151 147//147
f 152//152 147//147 153//153
f 153//153 147//147 149//149
f 154//154 155//155 156//156
f 156//156 155//155 157//157
f 156//156 157//157 158//158
f 158//158 157//157 159//159
f 159//159 157//157 160//160
f 159//159 160//160 161//161
f 161//161 160//160 162//162
f 162//162 160//160 149//149
f 162//162 149//149 148//148
f 155//155 154//154 163//163
f 163//163 154//154 164//164
f 163//163 164//164 165//165
f 165//165 164//164 166//166
f 165//165 166//166 167//167
f 167//167 166//166 168//168
f 169//169 170//170 171//171
f 171//171 170//170 172//172
f 173//173 174//174 175//175
f 175//175 174//174 176//176
f 177//177 178//178 179//179
f 179//179 178//178 180//180
f 181//181 182//182 183//183
f 183//183 182//182 184//184
f 185//185 186//186 187//187
f 187//187 186//186 188//188
f 187//187 188//188 189//189
f 169//169 171//171 190//190
f 169//169 190//190 191//191
f 191//191 190//190 192//192
f 191//191 192//192 193//193
f 184//184 182//182 194//194
f 184//184 194//194 195//195
f 195//195 194//194 196//196
f 195//195 196//196 197//197
f 198//198 199//199 200//200
f 200//200 199//199 201//201
f 200//200 201//201 170//170
f 170//170 201//201 172//172
f 202//202 203//203 204//204
f 204//204 203//203 205//205
f 204//204 205//205 175//175
f 175//175 205//205 173//173
f 177//177 179//179 206//206
f 177//177 206//206 207//207
f 207//207 206//206 208//208
f 207//207 208//208 209//209
f 176//176 174//174 210//210
f 176//176 210//210 211//211
f 211//211 210//210 212//212
f 211//211 212//212 213//213
f 214//214 215//215 216//216
f 216//216 215//215 217//217
f 216//216 217//217 178//178
f 178//178 217//217 180//180
f 218//218 219//219 220//220
f 220//220 219//219 221//221
f 220//220 221//221 183//183
f 183//183 221//221 181//181
f 222//222 223//223 224//224
f 225//225 226//226 227//227
f 227//227 226//226 228//228
f 227//227 228//228 229//229
f 230//230 223//223 231//231
f 231//231 223//223 222//222
f 231//231 222//222 232//232
f 233//233 234//234 235//235
f 235//235 234//234 236//236
f 235//235 236//236 229//229
f 229//229 236//236 237//237
f 229//229 237//237 227//227
f 227//227 237//237 238//238
f 227//227 238//238 225//225
f 226//226 232//232 228//228
f 228//228 232//232 222//222
f 228//228 222//222 229//229
f 229//229 222//222 224//224
f 229//229 224//224 235//235
f 235//235 224//224 239//239
f 235//235 239//239 233//233
f 233//233 239//239 240//240
f 230//230 241//241 242//242
f 234//234 243//243 244//244
f 234//234 244//244 236//236
f 236//236 244//244 245//245
f 236//236 245//245 237//237
f 237//237 245//245 246//246
f 237//237 246//246 238//238
f 238//238 246//246 247//247
f 238//238 247//247 225//225
f 248//248 240//240 239//239
f 248//248 239//239 249//249
f 249//249 239//239 224//224
f 249//249 224//224 250//250
f 250//250 224//224 223//223
f 250//250 223//223 251//251
f 251//251 223//223 230//230
f 251//251 230//230 242//242
f 252//252 248//248 249//249
f 252//252 249//249 253//253
f 253//253 249//249 250//250
f 253//253 250//250 254//254
f 254//254 250//250 251//251
f 254//254 251//251 255//255
f 255//255 251//251 242//242
f 255//255 242//242 256//256
f 257//257 258//258 259//259
f 260//260 252//252 253//253
f 261//261 259//259 262//262
f 262//262 259//259 258//258
f 262//262 258//258 263//263
f 257//257 259//259 264//264
f 264//264 259//259 265//265
f 264//264 265//265 266//266
f 266//266 265//265 267//267
f 266//266 267//267 268//268
f 269//269 268//268 270//270
f 270//270 268//268 267//267
f 270//270 267//267 256//256
f 256//256 267//267 255//255
f 255//255 267//267 265//265
f 255//255 265//265 254//254
f 254//254 265//265 259//259
f 254//254 259//259 253//253
f 253//253 259//259 261//261
f 253//253 261//261 260//260
f 271//271 272//272 273//273
f 273//273 272//272 274//274
f 273//273 274//274 275//275
f 268//268 269//269 274//274
f 274//274 269//269 276//276
f 274//274 276//276 275//275
f 275//275 276//276 277//277
f 271//271 258//258 257//257
f 278//278 279//279 280//280
f 280//280 281//281 278//278
f 278//278 281//281 282//282
f 278//278 282//282 283//283
f 283//283 282//282 284//284
f 277//277 285//285 282//282
f 282//282 285//285 286//286
f 282//282 286//286 284//284
f 271//271 257//257 272//272
f 272//272 257//257 264//264
f 272//272 264//264 274//274
f 274//274 264//264 266//266
f 274//274 266//266 268//268
f 287//287 288//288 289//289
f 289//289 288//288 280//280
f 289//289 280//280 290//290
f 290//290 280//280 279//279
f 277//277 282//282 275//275
f 275//275 282//282 281//281
f 275//275 281//281 273//273
f 273//273 281//281 280//280
f 273//273 280//280 271//271
f 271//271 280//280 288//288
f 271//271 288//288 258//258
f 258//258 288//288 291//291
f 258//258 291//291 263//263
f 292//292 293//293 294//294
f 295//295 296//296 292//292
f 294//294 297//297 298//298
f 292//292 294//294 295//295
f 295//295 294//294 298//298
f 295//295 298//298 299//299
f 107//107 106//106 300//300
f 300//300 106//106 301//301
f 302//302 303//303 304//304
f 305//305 306//306 307//307
f 305//305 307//307 308//308
f 308//308 307//307 304//304
f 304//304 307//307 309//309
f 304//304 309//309 302//302
f 293//293 310//310 311//311
f 311//311 310//310 312//312
f 311//311 312//312 313//313
f 293//293 311//311 294//294
f 294//294 311//311 314//314
f 294//294 314//314 297//297
f 311//311 313//313 315//315
f 316//316 317//317 318//318
f 318//318 317//317 314//314
f 318//318 314//314 311//311
f 311//311 315//315 318//318
f 318//318 315//315 316//316
f 319//319 320//320 321//321
f 322//322 323//323 320//320
f 320//320 319//319 322//322
f 322//322 319//319 324//324
f 322//322 324//324 325//325
f 325//325 324//324 326//326
f 325//325 326//326 327//327
f 327//327 326//326 328//328
f 327//327 328//328 329//329
f 329//329 328//328 330//330
f 329//329 330//330 331//331
f 331//331 330//330 332//332
f 331//331 332//332 333//333
f 333//333 332//332 334//334
f 333//333 334//334 335//335
f 335//335 334//334 336//336
f 335//335 336//336 337//337
f 338//338 339//339 340//340
f 341//341 337//337 340//340
f 340//340 337//337 336//336
f 340//340 336//336 338//338
f 338//338 336//336 334//334
f 338//338 334//334 342//342
f 342//342 334//334 332//332
f 342//342 332//332 343//343
f 343//343 332//332 330//330
f 343//343 330//330 344//344
f 344//344 330//330 328//328
f 344//344 328//328 345//345
f 345//345 328//328 326//326
f 345//345 326//326 346//346
f 346//346 326//326 324//324
f 346//346 324//324 347//347
f 347//347 324//324 319//319
f 347//347 319//319 348//348
f 348//348 319//319 321//321
f 187//187 189//189 339//339
f 339//339 189//189 349//349
f 339//339 349//349 350//350
f 188//188 186//186 351//351
f 188//188 351//351 189//189
f 352//352 353//353 354//354
f 354//354 355//355 352//352
f 352//352 355//355 356//356
f 352//352 356//356 357//357
f 353//353 352//352 351//351
f 351//351 352//352 358//358
f 351//351 358//358 189//189
f 186//186 185//185 359//359
f 186//186 359//359 351//351
f 351//351 359//359 360//360
f 351//351 360//360 353//353
f 360//360 361//361 353//353
f 353//353 361//361 362//362
f 353//353 362//362 354//354
f 354//354 362//362 363//363
f 354//354 363//363 355//355
f 187//187 364//364 185//185
f 185//185 364//364 365//365
f 366//366 367//367 368//368
f 368//368 367//367 365//365
f 368//368 365//365 369//369
f 369//369 365//365 364//364
f 321//321 370//370 371//371
f 371//371 370//370 372//372
f 371//371 372//372 373//373
f 374//374 375//375 372//372
f 372//372 375//375 376//376
f 372//372 376//376 373//373
f 377//377 378//378 379//379
f 379//379 378//378 380//380
f 379//379 380//380 381//381
f 381//381 380//380 382//382
f 381//381 382//382 383//383
f 370//370 377//377 372//372
f 372//372 377//377 379//379
f 372//372 379//379 374//374
f 374//374 379//379 381//381
f 374//374 381//381 384//384
f 384//384 381//381 383//383
f 384//384 383//383 385//385
f 373//373 366//366 368//368
f 346//346 347//347 371//371
f 371//371 347//347 348//348
f 371//371 348//348 321//321
f 187//187 339//339 338//338
f 187//187 338//338 364//364
f 338//338 342//342 364//364
f 364//364 342//342 343//343
f 364//364 343//343 369//369
f 371//371 373//373 346//346
f 346//346 373//373 368//368
f 346//346 368//368 345//345
f 345//345 368//368 369//369
f 345//345 369//369 344//344
f 344//344 369//369 343//343
f 167//167 168//168 386//386
f 386//386 168//168 387//387
f 386//386 387//387 301//301
f 301//301 387//387 300//300
f 388//388 389//389 390//390
f 321//321 320//320 370//370
f 370//370 320//320 391//391
f 370//370 391//391 377//377
f 377//377 391//391 392//392
f 377//377 392//392 378//378
f 378//378 392//392 390//390
f 378//378 390//390 380//380
f 380//380 390//390 389//389
f 380//380 389//389 382//382
f 388//388 390//390 393//393
f 393//393 390//390 392//392
f 393//393 392//392 394//394
f 394//394 392//392 391//391
f 394//394 391//391 395//395
f 395//395 391//391 320//320
f 395//395 320//320 323//323
f 396//396 397//397 398//398
f 398//398 397//397 388//388
f 399//399 400//400 401//401
f 315//315 313//313 402//402
f 313//313 312//312 403//403
f 403//403 312//312 310//310
f 403//403 310//310 293//293
f 402//402 404//404 315//315
f 315//315 404//404 405//405
f 315//315 405//405 316//316
f 395//395 323//323 406//406
f 313//313 403//403 402//402
f 402//402 403//403 399//399
f 402//402 399//399 398//398
f 398//398 399//399 401//401
f 398//398 401//401 396//396
f 388//388 393//393 398//398
f 398//398 393//393 394//394
f 398//398 394//394 402//402
f 402//402 394//394 395//395
f 402//402 395//395 404//404
f 404//404 395//395 406//406
f 404//404 406//406 405//405
f 197//197 196//196 407//407
f 407//407 196//196 63//63
f 407//407 63//63 408//408
f 408//408 63//63 65//65
f 408//408 65//65 21//21
f 21//21 65//65 72//72
f 21//21 72//72 19//19
f 19//19 72//72 17//17
f 17//17 72//72 70//70
f 17//17 70//70 9//9
f 193//193 192//192 409//409
f 409//409 192//192 4//4
f 409//409 4//4 410//410
f 4//4 6//6 410//410
f 410//410 6//6 7//7
f 410//410 7//7 76//76
f 76//76 7//7 3//3
f 76//76 3//3 74//74
f 74//74 3//3 14//14
f 74//74 14//14 80//80
f 80//80 14//14 11//11
f 80//80 11//11 78//78
f 78//78 11//11 9//9
f 78//78 9//9 68//68
f 68//68 9//9 70//70
f 199//199 198//198 202//202
f 202//202 198//198 203//203
f 145//145 146//146 411//411
f 411//411 146//146 412//412
f 411//411 412//412 413//413
f 413//413 412//412 414//414
f 415//415 416//416 417//417
f 417//417 416//416 418//418
f 417//417 418//418 419//419
f 420//420 421//421 417//417
f 417//417 421//421 422//422
f 417//417 422//422 415//415
f 423//423 424//424 417//417
f 417//417 424//424 425//425
f 417//417 425//425 420//420
f 419//419 426//426 417//417
f 417//417 426//426 427//427
f 417//417 427//427 423//423
f 213//213 212//212 413//413
f 413//413 212//212 43//43
f 413//413 43//43 411//411
f 411//411 43//43 45//45
f 411//411 45//45 145//145
f 145//145 45//45 52//52
f 145//145 52//52 143//143
f 143//143 52//52 141//141
f 141//141 52//52 50//50
f 141//141 50//50 133//133
f 209//209 208//208 428//428
f 428//428 208//208 128//128
f 428//428 128//128 429//429
f 128//128 130//130 429//429
f 429//429 130//130 131//131
f 429//429 131//131 56//56
f 56//56 131//131 127//127
f 56//56 127//127 54//54
f 54//54 127//127 138//138
f 54//54 138//138 60//60
f 60//60 138//138 135//135
f 60//60 135//135 58//58
f 58//58 135//135 133//133
f 58//58 133//133 48//48
f 48//48 133//133 50//50
f 215//215 214//214 430//430
f 430//430 214//214 23//23
f 430//430 23//23 431//431
f 431//431 23//23 25//25
f 431//431 25//25 123//123
f 123//123 25//25 32//32
f 123//123 32//32 121//121
f 92//92 90//90 163//163
f 163//163 90//90 155//155
f 219//219 218//218 432//432
f 432//432 218//218 150//150
f 432//432 150//150 433//433
f 121//121 32//32 119//119
f 119//119 32//32 30//30
f 119//119 30//30 111//111
f 150//150 152//152 433//433
f 433//433 152//152 153//153
f 433//433 153//153 96//96
f 96//96 153//153 149//149
f 96//96 149//149 94//94
f 94//94 149//149 160//160
f 94//94 160//160 100//100
f 100//100 160//160 157//157
f 100//100 157//157 98//98
f 98//98 157//157 155//155
f 98//98 155//155 88//88
f 88//88 155//155 90//90
f 434//434 109//109 36//36
f 36//36 109//109 105//105
f 36//36 105//105 34//34
f 34//34 105//105 116//116
f 34//34 116//116 40//40
f 40//40 116//116 113//113
f 40//40 113//113 38//38
f 38//38 113//113 111//111
f 38//38 111//111 28//28
f 28//28 111//111 30//30
f 163//163 165//165 92//92
f 92//92 165//165 167//167
f 92//92 167//167 85//85
f 85//85 167//167 386//386
f 85//85 386//386 83//83
f 83//83 386//386 301//301
f 83//83 301//301 435//435
f 435//435 301//301 106//106
f 435//435 106//106 434//434
f 434//434 106//106 108//108
f 434//434 108//108 109//109
f 123//123 124//124 431//431
f 431//431 124//124 436//436
f 431//431 436//436 430//430
f 430//430 436//436 437//437
f 438//438 439//439 440//440
f 441//441 438//438 442//442
f 443//443 441//441 444//444
f 438//438 440//440 442//442
f 442//442 440//440 445//445
f 442//442 445//445 446//446
f 446//446 445//445 447//447
f 446//446 447//447 448//448
f 448//448 447//447 449//449
f 448//448 449//449 450//450
f 441//441 442//442 444//444
f 444//444 442//442 446//446
f 444//444 446//446 451//451
f 451//451 446//446 448//448
f 451//451 448//448 452//452
f 452//452 448//448 450//450
f 452//452 450//450 453//453
f 443//443 444//444 454//454
f 454//454 444//444 451//451
f 454//454 451//451 455//455
f 455//455 451//451 452//452
f 455//455 452//452 456//456
f 456//456 452//452 453//453
f 456//456 453//453 457//457
f 458//458 457//457 459//459
f 459//459 460//460 458//458
f 458//458 460//460 461//461
f 458//458 461//461 462//462
f 462//462 461//461 463//463
f 462//462 463//463 464//464
f 464//464 463//463 465//465
f 464//464 465//465 466//466
f 457//457 458//458 456//456
f 456//456 458//458 462//462
f 456//456 462//462 455//455
f 455//455 462//462 464//464
f 455//455 464//464 454//454
f 454//454 464//464 466//466
f 454//454 466//466 443//443
f 270//270 256//256 467//467
f 457//457 468//468 459//459
f 459//459 468//468 469//469
f 459//459 469//469 470//470
f 471//471 269//269 270//270
f 471//471 270//270 472//472
f 472//472 270//270 467//467
f 472//472 467//467 473//473
f 473//473 467//467 474//474
f 473//473 474//474 470//470
f 470//470 474//474 475//475
f 470//470 475//475 459//459
f 476//476 477//477 225//225
f 225//225 477//477 478//478
f 225//225 478//478 226//226
f 226//226 478//478 232//232
f 479//479 241//241 230//230
f 478//478 480//480 232//232
f 232//232 480//480 479//479
f 232//232 479//479 231//231
f 231//231 479//479 230//230
f 475//475 474//474 481//481
f 481//481 474//474 467//467
f 481//481 467//467 482//482
f 482//482 467//467 256//256
f 482//482 256//256 483//483
f 483//483 256//256 242//242
f 483//483 242//242 241//241
f 247//247 476//476 225//225
f 484//484 485//485 486//486
f 485//485 487//487 488//488
f 244//244 243//243 484//484
f 484//484 486//486 244//244
f 244//244 486//486 489//489
f 244//244 489//489 245//245
f 490//490 491//491 492//492
f 490//490 492//492 493//493
f 493//493 492//492 494//494
f 493//493 494//494 495//495
f 485//485 488//488 486//486
f 486//486 488//488 491//491
f 486//486 491//491 489//489
f 489//489 491//491 490//490
f 489//489 490//490 245//245
f 245//245 490//490 493//493
f 245//245 493//493 246//246
f 246//246 493//493 495//495
f 246//246 495//495 247//247
f 496//496 497//497 498//498
f 496//496 498//498 499//499
f 498//498 500//500 499//499
f 499//499 500//500 501//501
f 499//499 501//501 502//502
f 502//502 501//501 503//503
f 503//503 501//501 504//504
f 503//503 504//504 505//505
f 505//505 504//504 506//506
f 505//505 506//506 507//507
f 508//508 509//509 510//510
f 510//510 509//509 511//511
f 510//510 511//511 512//512
f 512//512 511//511 513//513
f 512//512 513//513 514//514
f 514//514 513//513 515//515
f 514//514 515//515 506//506
f 506//506 515//515 516//516
f 506//506 516//516 507//507
f 517//517 518//518 519//519
f 519//519 518//518 508//508
f 519//519 508//508 520//520
f 520//520 508//508 510//510
f 521//521 522//522 523//523
f 523//523 522//522 524//524
f 523//523 524//524 525//525
f 525//525 524//524 526//526
f 525//525 526//526 517//517
f 517//517 526//526 527//527
f 517//517 527//527 518//518
f 521//521 523//523 528//528
f 528//528 523//523 529//529
f 528//528 529//529 530//530
f 531//531 532//532 533//533
f 533//533 534//534 531//531
f 531//531 534//534 535//535
f 531//531 535//535 536//536
f 536//536 535//535 537//537
f 536//536 537//537 538//538
f 538//538 537//537 539//539
f 538//538 539//539 530//530
f 530//530 539//539 540//540
f 530//530 540//540 528//528
f 532//532 531//531 541//541
f 541//541 531//531 542//542
f 541//541 542//542 543//543
f 544//544 545//545 546//546
f 546//546 545//545 547//547
f 546//546 547//547 542//542
f 542//542 547//547 548//548
f 542//542 548//548 543//543
f 549//549 550//550 551//551
f 551//551 550//550 552//552
f 550//550 549//549 553//553
f 553//553 549//549 554//554
f 553//553 554//554 555//555
f 555//555 554//554 556//556
f 555//555 556//556 557//557
f 557//557 556//556 558//558
f 557//557 558//558 559//559
f 559//559 558//558 560//560
f 559//559 560//560 561//561
f 561//561 560//560 562//562
f 561//561 562//562 563//563
f 563//563 562//562 564//564
f 563//563 564//564 565//565
f 565//565 564//564 566//566
f 567//567 568//568 566//566
f 566//566 568//568 565//565
f 569//569 570//570 567//567
f 567//567 570//570 568//568
f 570//570 569//569 571//571
f 571//571 569//569 572//572
f 571//571 572//572 573//573
f 573//573 572//572 574//574
f 573//573 574//574 575//575
f 575//575 574//574 576//576
f 575//575 576//576 577//577
f 577//577 576//576 578//578
f 577//577 578//578 579//579
f 579//579 578//578 580//580
f 579//579 580//580 581//581
f 581//581 580//580 582//582
f 581//581 582//582 552//552
f 552//552 582//582 551//551
f 583//583 584//584 585//585
f 585//585 584//584 586//586
f 585//585 586//586 587//587
f 588//588 589//589 585//585
f 585//585 589//589 590//590
f 585//585 590//590 583//583
f 591//591 592//592 585//585
f 585//585 592//592 593//593
f 585//585 593//593 588//588
f 587//587 594//594 585//585
f 585//585 594//594 595//595
f 585//585 595//595 591//591
f 596//596 597//597 598//598
f 598//598 597//597 599//599
f 598//598 599//599 600//600
f 601//601 602//602 603//603
f 604//604 605//605 606//606
f 606//606 605//605 607//607
f 606//606 607//607 608//608
f 608//608 607//607 609//609
f 608//608 609//609 603//603
f 603//603 609//609 610//610
f 603//603 610//610 601//601
f 600//600 599//599 611//611
f 611//611 599//599 612//612
f 611//611 612//612 613//613
f 614//614 612//612 615//615
f 615//615 612//612 599//599
f 615//615 599//599 616//616
f 616//616 599//599 597//597
f 602//602 617//617 603//603
f 603//603 617//617 616//616
f 603//603 616//616 608//608
f 608//608 616//616 597//597
f 608//608 597//597 606//606
f 606//606 597//597 596//596
f 606//606 596//596 604//604
f 485//485 484//484 618//618
f 619//619 291//291 288//288
f 619//619 288//288 620//620
f 620//620 288//288 287//287
f 620//620 287//287 621//621
f 260//260 261//261 622//622
f 622//622 261//261 262//262
f 622//622 262//262 263//263
f 291//291 619//619 263//263
f 263//263 619//619 623//623
f 263//263 623//623 622//622
f 248//248 252//252 618//618
f 248//248 618//618 240//240
f 233//233 240//240 234//234
f 234//234 240//240 618//618
f 234//234 618//618 243//243
f 243//243 618//618 484//484
f 260//260 622//622 252//252
f 252//252 622//622 624//624
f 252//252 624//624 618//618
f 625//625 626//626 627//627
f 627//627 626//626 628//628
f 627//627 628//628 629//629
f 629//629 628//628 630//630
f 629//629 630//630 631//631
f 631//631 630//630 632//632
f 631//631 632//632 633//633
f 633//633 632//632 634//634
f 633//633 634//634 635//635
f 635//635 634//634 636//636
f 635//635 636//636 618//618
f 618//618 636//636 487//487
f 618//618 487//487 485//485
f 637//637 638//638 639//639
f 637//637 639//639 640//640
f 640//640 639//639 641//641
f 640//640 641//641 642//642
f 642//642 641//641 643//643
f 642//642 643//643 644//644
f 644//644 643//643 645//645
f 644//644 645//645 646//646
f 646//646 645//645 647//647
f 646//646 647//647 648//648
f 649//649 650//650 651//651
f 651//651 650//650 652//652
f 651//651 652//652 647//647
f 647//647 652//652 653//653
f 647//647 653//653 648//648
f 287//287 654//654 621//621
f 621//621 654//654 655//655
f 621//621 655//655 656//656
f 656//656 655//655 657//657
f 656//656 657//657 658//658
f 658//658 657//657 659//659
f 658//658 659//659 660//660
f 660//660 659//659 661//661
f 660//660 661//661 649//649
f 649//649 661//661 662//662
f 649//649 662//662 650//650
f 289//289 290//290 663//663
f 664//664 665//665 666//666
f 667//667 668//668 669//669
f 283//283 284//284 670//670
f 670//670 284//284 286//286
f 670//670 286//286 671//671
f 666//666 663//663 672//672
f 663//663 290//290 672//672
f 672//672 290//290 279//279
f 672//672 279//279 278//278
f 673//673 674//674 664//664
f 668//668 675//675 676//676
f 676//676 675//675 677//677
f 676//676 677//677 678//678
f 679//679 680//680 677//677
f 677//677 680//680 681//681
f 677//677 681//681 678//678
f 668//668 667//667 675//675
f 675//675 667//667 682//682
f 675//675 682//682 677//677
f 677//677 682//682 683//683
f 677//677 683//683 679//679
f 654//654 287//287 289//289
f 664//664 666//666 673//673
f 673//673 666//666 672//672
f 673//673 672//672 670//670
f 670//670 672//672 278//278
f 670//670 278//278 283//283
f 654//654 289//289 655//655
f 655//655 289//289 663//663
f 655//655 663//663 657//657
f 657//657 663//663 666//666
f 657//657 666//666 659//659
f 659//659 666//666 665//665
f 659//659 665//665 661//661
f 671//671 679//679 670//670
f 670//670 679//679 683//683
f 670//670 683//683 673//673
f 673//673 683//683 682//682
f 673//673 682//682 674//674
f 674//674 682//682 667//667
f 674//674 667//667 664//664
f 664//664 667//667 669//669
f 664//664 669//669 665//665
f 665//665 669//669 684//684
f 665//665 684//684 661//661
f 285//285 277//277 685//685
f 685//685 277//277 276//276
f 686//686 286//286 285//285
f 687//687 453//453 450//450
f 285//285 685//685 686//686
f 686//686 685//685 688//688
f 686//686 688//688 689//689
f 689//689 688//688 690//690
f 689//689 690//690 691//691
f 691//691 690//690 692//692
f 691//691 692//692 693//693
f 693//693 692//692 694//694
f 693//693 694//694 695//695
f 695//695 694//694 687//687
f 695//695 687//687 696//696
f 696//696 687//687 450//450
f 696//696 450//450 449//449
f 468//468 457//457 453//453
f 453//453 687//687 468//468
f 468//468 687//687 694//694
f 468//468 694//694 469//469
f 469//469 694//694 692//692
f 469//469 692//692 470//470
f 470//470 692//692 690//690
f 470//470 690//690 473//473
f 473//473 690//690 688//688
f 473//473 688//688 472//472
f 472//472 688//688 685//685
f 472//472 685//685 471//471
f 471//471 685//685 276//276
f 471//471 276//276 269//269
f 697//697 449//449 447//447
f 698//698 699//699 700//700
f 700//700 699//699 701//701
f 698//698 702//702 699//699
f 699//699 702//702 703//703
f 699//699 703//703 704//704
f 705//705 706//706 697//697
f 309//309 707//707 708//708
f 708//708 707//707 709//709
f 697//697 447//447 705//705
f 705//705 447//447 445//445
f 705//705 445//445 710//710
f 710//710 445//445 440//440
f 710//710 440//440 699//699
f 699//699 440//440 439//439
f 699//699 439//439 701//701
f 704//704 711//711 699//699
f 699//699 711//711 708//708
f 699//699 708//708 710//710
f 710//710 708//708 709//709
f 710//710 709//709 705//705
f 705//705 709//709 712//712
f 705//705 712//712 706//706
f 706//706 712//712 713//713
f 714//714 706//706 713//713
f 715//715 714//714 716//716
f 716//716 714//714 713//713
f 716//716 713//713 709//709
f 709//709 713//713 712//712
f 707//707 309//309 307//307
f 716//716 709//709 707//707
f 707//707 307//307 716//716
f 716//716 307//307 306//306
f 716//716 306//306 715//715
f 717//717 718//718 719//719
f 719//719 306//306 305//305
f 305//305 308//308 719//719
f 719//719 308//308 720//720
f 719//719 720//720 717//717
f 297//297 721//721 298//298
f 298//298 721//721 299//299
f 722//722 723//723 721//721
f 721//721 723//723 724//724
f 721//721 724//724 299//299
f 296//296 725//725 292//292
f 292//292 725//725 726//726
f 292//292 726//726 293//293
f 299//299 724//724 295//295
f 295//295 724//724 296//296
f 727//727 728//728 729//729
f 729//729 728//728 730//730
f 731//731 732//732 733//733
f 733//733 732//732 734//734
f 733//733 734//734 735//735
f 735//735 734//734 736//736
f 735//735 736//736 737//737
f 737//737 736//736 738//738
f 737//737 738//738 728//728
f 728//728 738//738 739//739
f 728//728 739//739 730//730
f 740//740 741//741 742//742
f 742//742 741//741 731//731
f 743//743 744//744 745//745
f 745//745 744//744 746//746
f 747//747 748//748 749//749
f 749//749 748//748 744//744
f 749//749 744//744 750//750
f 750//750 744//744 743//743
f 749//749 740//740 747//747
f 747//747 740//740 742//742
f 747//747 742//742 751//751
f 751//751 742//742 752//752
f 731//731 733//733 742//742
f 742//742 733//733 753//753
f 742//742 753//753 752//752
f 754//754 755//755 756//756
f 756//756 755//755 757//757
f 758//758 759//759 760//760
f 760//760 759//759 761//761
f 760//760 761//761 762//762
f 296//296 724//724 725//725
f 725//725 724//724 723//723
f 725//725 723//723 758//758
f 758//758 723//723 722//722
f 758//758 722//722 759//759
f 762//762 756//756 760//760
f 760//760 756//756 757//757
f 760//760 757//757 758//758
f 758//758 757//757 763//763
f 758//758 763//763 725//725
f 725//725 763//763 764//764
f 725//725 764//764 726//726
f 726//726 764//764 765//765
f 726//726 765//765 293//293
f 403//403 728//728 399//399
f 399//399 728//728 727//727
f 399//399 727//727 400//400
f 754//754 753//753 755//755
f 755//755 753//753 733//733
f 755//755 733//733 757//757
f 757//757 733//733 735//735
f 757//757 735//735 763//763
f 763//763 735//735 737//737
f 763//763 737//737 764//764
f 764//764 737//737 728//728
f 764//764 728//728 765//765
f 765//765 728//728 403//403
f 765//765 403//403 293//293
f 766//766 746//746 767//767
f 768//768 769//769 770//770
f 752//752 753//753 771//771
f 772//772 773//773 751//751
f 751//751 773//773 767//767
f 751//751 767//767 747//747
f 746//746 744//744 767//767
f 767//767 744//744 748//748
f 767//767 748//748 747//747
f 773//773 774//774 768//768
f 751//751 752//752 772//772
f 772//772 752//752 771//771
f 772//772 771//771 773//773
f 773//773 771//771 774//774
f 768//768 770//770 773//773
f 773//773 770//770 775//775
f 773//773 775//775 767//767
f 767//767 775//775 776//776
f 767//767 776//776 766//766
f 107//107 300//300 777//777
f 777//777 300//300 778//778
f 779//779 780//780 781//781
f 782//782 783//783 784//784
f 784//784 785//785 786//786
f 779//779 787//787 788//788
f 787//787 779//779 786//786
f 786//786 779//779 789//789
f 786//786 789//789 784//784
f 785//785 784//784 790//790
f 790//790 784//784 783//783
f 790//790 783//783 791//791
f 782//782 784//784 792//792
f 792//792 784//784 789//789
f 792//792 789//789 793//793
f 779//779 781//781 789//789
f 789//789 781//781 794//794
f 789//789 794//794 793//793
f 788//788 780//780 779//779
f 790//790 791//791 795//795
f 302//302 796//796 797//797
f 309//309 708//708 798//798
f 799//799 800//800 786//786
f 786//786 800//800 787//787
f 787//787 800//800 801//801
f 787//787 801//801 788//788
f 788//788 801//801 780//780
f 802//802 803//803 804//804
f 804//804 803//803 805//805
f 804//804 805//805 704//704
f 704//704 805//805 711//711
f 308//308 304//304 720//720
f 720//720 304//304 303//303
f 806//806 717//717 807//807
f 807//807 717//717 720//720
f 807//807 720//720 797//797
f 797//797 720//720 303//303
f 797//797 303//303 302//302
f 808//808 809//809 806//806
f 806//806 809//809 718//718
f 806//806 718//718 717//717
f 791//791 810//810 795//795
f 795//795 810//810 811//811
f 795//795 811//811 812//812
f 811//811 808//808 812//812
f 812//812 808//808 806//806
f 812//812 806//806 813//813
f 813//813 806//806 807//807
f 813//813 807//807 814//814
f 814//814 807//807 797//797
f 814//814 797//797 798//798
f 798//798 797//797 796//796
f 798//798 796//796 309//309
f 309//309 796//796 302//302
f 815//815 816//816 817//817
f 817//817 816//816 818//818
f 817//817 818//818 786//786
f 786//786 818//818 819//819
f 786//786 819//819 799//799
f 802//802 820//820 803//803
f 803//803 820//820 821//821
f 803//803 821//821 822//822
f 822//822 821//821 823//823
f 822//822 823//823 824//824
f 824//824 823//823 825//825
f 824//824 825//825 815//815
f 815//815 825//825 826//826
f 815//815 826//826 816//816
f 708//708 711//711 798//798
f 798//798 711//711 805//805
f 798//798 805//805 814//814
f 814//814 805//805 803//803
f 814//814 803//803 813//813
f 813//813 803//803 822//822
f 813//813 822//822 812//812
f 812//812 822//822 824//824
f 812//812 824//824 795//795
f 795//795 824//824 815//815
f 795//795 815//815 790//790
f 790//790 815//815 817//817
f 790//790 817//817 785//785
f 785//785 817//817 786//786
f 827//827 828//828 829//829
f 829//829 828//828 830//830
f 829//829 830//830 831//831
f 832//832 833//833 829//829
f 829//829 833//833 834//834
f 829//829 834//834 827//827
f 835//835 836//836 829//829
f 829//829 836//836 837//837
f 829//829 837//837 832//832
f 831//831 838//838 829//829
f 829//829 838//838 839//839
f 829//829 839//839 835//835
f 840//840 841//841 842//842
f 842//842 841//841 843//843
f 842//842 843//843 844//844
f 845//845 846//846 842//842
f 842//842 846//846 847//847
f 842//842 847//847 840//840
f 848//848 849//849 842//842
f 842//842 849//849 850//850
f 842//842 850//850 845//845
f 844//844 851//851 842//842
f 842//842 851//851 852//852
f 842//842 852//852 848//848
f 853//853 854//854 855//855
f 855//855 854//854 856//856
f 855//855 856//856 857//857
f 858//858 859//859 855//855
f 855//855 859//859 860//860
f 855//855 860//860 853//853
f 861//861 862//862 855//855
f 855//855 862//862 863//863
f 855//855 863//863 858//858
f 857//857 864//864 855//855
f 855//855 864//864 865//865
f 855//855 865//865 861//861
f 866//866 867//867 868//868
f 868//868 867//867 869//869
f 868//868 869//869 870//870
f 871//871 872//872 868//868
f 868//868 872//872 873//873
f 868//868 873//873 866//866
f 874//874 875//875 868//868
f 868//868 875//875 876//876
f 868//868 876//876 871//871
f 870//870 877//877 868//868
f 868//868 877//877 878//878
f 868//868 878//878 874//874
f 879//879 432//432 880//880
f 880//880 432//432 433//433
f 880//880 433//433 881//881
f 881//881 433//433 882//882
f 882//882 433//433 96//96
f 882//882 96//96 97//97
f 64//64 63//63 883//883
f 883//883 63//63 196//196
f 883//883 196//196 194//194
f 883//883 194//194 884//884
f 884//884 194//194 182//182
f 884//884 182//182 885//885
f 885//885 182//182 886//886
f 886//886 182//182 181//181
f 219//219 887//887 221//221
f 221//221 887//887 888//888
f 221//221 888//888 181//181
f 181//181 888//888 886//886
f 887//887 219//219 879//879
f 879//879 219//219 432//432
f 889//889 409//409 890//890
f 890//890 409//409 410//410
f 890//890 410//410 891//891
f 891//891 410//410 892//892
f 892//892 410//410 76//76
f 892//892 76//76 77//77
f 44//44 43//43 893//893
f 893//893 43//43 212//212
f 893//893 212//212 210//210
f 893//893 210//210 894//894
f 894//894 210//210 174//174
f 894//894 174//174 895//895
f 895//895 174//174 896//896
f 896//896 174//174 173//173
f 203//203 897//897 205//205
f 205//205 897//897 898//898
f 205//205 898//898 173//173
f 173//173 898//898 896//896
f 897//897 203//203 899//899
f 899//899 203//203 198//198
f 170//170 900//900 200//200
f 200//200 900//900 901//901
f 200//200 901//901 198//198
f 198//198 901//901 899//899
f 900//900 170//170 902//902
f 902//902 170//170 169//169
f 902//902 169//169 191//191
f 902//902 191//191 903//903
f 903//903 191//191 193//193
f 903//903 193//193 904//904
f 904//904 193//193 889//889
f 889//889 193//193 409//409
f 905//905 428//428 906//906
f 906//906 428//428 429//429
f 906//906 429//429 907//907
f 907//907 429//429 908//908
f 908//908 429//429 56//56
f 908//908 56//56 57//57
f 909//909 209//209 905//905
f 905//905 209//209 428//428
f 24//24 23//23 910//910
f 910//910 23//23 214//214
f 178//178 911//911 216//216
f 216//216 911//911 912//912
f 216//216 912//912 214//214
f 214//214 912//912 910//910
f 911//911 178//178 913//913
f 913//913 178//178 177//177
f 913//913 177//177 207//207
f 913//913 207//207 914//914
f 914//914 207//207 209//209
f 914//914 209//209 909//909
f 915//915 916//916 567//567
f 567//567 916//916 569//569
f 567//567 566//566 915//915
f 915//915 566//566 917//917
f 549//549 918//918 554//554
f 554//554 918//918 919//919
f 554//554 919//919 556//556
f 556//556 919//919 920//920
f 556//556 920//920 558//558
f 558//558 920//920 921//921
f 558//558 921//921 560//560
f 560//560 921//921 922//922
f 560//560 922//922 562//562
f 562//562 922//922 923//923
f 562//562 923//923 564//564
f 564//564 923//923 924//924
f 564//564 924//924 566//566
f 566//566 924//924 917//917
f 551//551 925//925 549//549
f 549//549 925//925 918//918
f 569//569 916//916 572//572
f 572//572 916//916 926//926
f 572//572 926//926 574//574
f 574//574 926//926 927//927
f 574//574 927//927 576//576
f 576//576 927//927 928//928
f 576//576 928//928 578//578
f 578//578 928//928 929//929
f 578//578 929//929 580//580
f 580//580 929//929 930//930
f 580//580 930//930 582//582
f 582//582 930//930 931//931
f 582//582 931//931 551//551
f 551//551 931//931 925//925
f 932//932 435//435 933//933
f 933//933 435//435 434//434
f 933//933 434//434 934//934
f 934//934 434//434 935//935
f 935//935 434//434 36//36
f 935//935 36//36 37//37
f 84//84 83//83 932//932
f 932//932 83//83 435//435
f 721//721 297//297 936//936
f 936//936 297//297 314//314
f 936//936 314//314 317//317
f 316//316 405//405 322//322
f 322//322 405//405 406//406
f 322//322 406//406 323//323
f 341//341 937//937 337//337
f 337//337 937//937 938//938
f 317//317 316//316 936//936
f 936//936 316//316 322//322
f 936//936 322//322 939//939
f 939//939 322//322 325//325
f 939//939 325//325 940//940
f 940//940 325//325 327//327
f 940//940 327//327 941//941
f 941//941 327//327 329//329
f 941//941 329//329 942//942
f 942//942 329//329 331//331
f 942//942 331//331 943//943
f 943//943 331//331 333//333
f 943//943 333//333 938//938
f 938//938 333//333 335//335
f 938//938 335//335 337//337
f 944//944 945//945 946//946
f 946//946 945//945 341//341
f 946//946 341//341 340//340
f 339//339 350//350 340//340
f 340//340 350//350 947//947
f 340//340 947//947 946//946
f 948//948 949//949 950//950
f 352//352 357//357 951//951
f 951//951 357//357 952//952
f 951//951 952//952 953//953
f 953//953 952//952 954//954
f 953//953 954//954 955//955
f 352//352 951//951 358//358
f 358//358 951//951 956//956
f 358//358 956//956 189//189
f 956//956 957//957 958//958
f 189//189 956//956 349//349
f 349//349 956//956 958//958
f 349//349 958//958 350//350
f 957//957 956//956 959//959
f 959//959 956//956 951//951
f 959//959 951//951 960//960
f 960//960 951//951 953//953
f 960//960 953//953 950//950
f 950//950 953//953 955//955
f 950//950 955//955 948//948
f 961//961 197//197 962//962
f 962//962 197//197 407//407
f 963//963 964//964 965//965
f 966//966 967//967 968//968
f 969//969 365//365 970//970
f 970//970 365//365 367//367
f 185//185 365//365 359//359
f 359//359 365//365 969//969
f 359//359 969//969 360//360
f 360//360 969//969 361//361
f 966//966 968//968 971//971
f 362//362 361//361 972//972
f 972//972 361//361 969//969
f 972//972 969//969 968//968
f 968//968 969//969 970//970
f 968//968 970//970 971//971
f 971//971 970//970 367//367
f 971//971 367//367 366//366
f 363//363 362//362 973//973
f 973//973 362//362 972//972
f 973//973 972//972 965//965
f 965//965 972//972 968//968
f 965//965 968//968 963//963
f 963//963 968//968 967//967
f 971//971 375//375 374//374
f 385//385 964//964 963//963
f 385//385 963//963 384//384
f 384//384 963//963 967//967
f 384//384 967//967 374//374
f 374//374 967//967 966//966
f 374//374 966//966 971//971
f 375//375 971//971 376//376
f 376//376 971//971 366//366
f 376//376 366//366 373//373
f 749//749 750//750 166//166
f 166//166 750//750 743//743
f 166//166 743//743 168//168
f 743//743 745//745 168//168
f 168//168 745//745 746//746
f 168//168 746//746 387//387
f 387//387 746//746 974//974
f 387//387 974//974 975//975
f 749//749 166//166 740//740
f 740//740 166//166 164//164
f 740//740 164//164 741//741
f 156//156 734//734 154//154
f 154//154 734//734 732//732
f 154//154 732//732 164//164
f 164//164 732//732 731//731
f 164//164 731//731 741//741
f 729//729 730//730 159//159
f 159//159 730//730 739//739
f 159//159 739//739 158//158
f 158//158 739//739 738//738
f 158//158 738//738 156//156
f 156//156 738//738 736//736
f 156//156 736//736 734//734
f 401//401 400//400 162//162
f 162//162 400//400 727//727
f 729//729 159//159 727//727
f 727//727 159//159 161//161
f 727//727 161//161 162//162
f 397//397 396//396 147//147
f 401//401 162//162 396//396
f 396//396 162//162 148//148
f 396//396 148//148 147//147
f 151//151 385//385 383//383
f 383//383 382//382 151//151
f 151//151 382//382 389//389
f 151//151 389//389 147//147
f 147//147 389//389 388//388
f 147//147 388//388 397//397
f 975//975 976//976 387//387
f 387//387 976//976 778//778
f 387//387 778//778 300//300
f 151//151 150//150 977//977
f 977//977 150//150 218//218
f 183//183 978//978 220//220
f 220//220 978//978 979//979
f 220//220 979//979 218//218
f 218//218 979//979 977//977
f 978//978 183//183 980//980
f 980//980 183//183 184//184
f 980//980 184//184 195//195
f 980//980 195//195 981//981
f 981//981 195//195 197//197
f 981//981 197//197 961//961
f 21//21 22//22 408//408
f 408//408 22//22 982//982
f 408//408 982//982 407//407
f 407//407 982//982 962//962
f 983//983 213//213 414//414
f 414//414 213//213 413//413
f 5//5 4//4 984//984
f 984//984 4//4 192//192
f 984//984 192//192 190//190
f 984//984 190//190 985//985
f 985//985 190//190 171//171
f 985//985 171//171 986//986
f 986//986 171//171 987//987
f 987//987 171//171 172//172
f 199//199 988//988 201//201
f 201//201 988//988 989//989
f 201//201 989//989 172//172
f 172//172 989//989 987//987
f 988//988 199//199 990//990
f 990//990 199//199 202//202
f 175//175 991//991 204//204
f 204//204 991//991 992//992
f 204//204 992//992 202//202
f 202//202 992//992 990//990
f 991//991 175//175 993//993
f 993//993 175//175 176//176
f 993//993 176//176 211//211
f 993//993 211//211 994//994
f 994//994 211//211 213//213
f 994//994 213//213 983//983
f 129//129 995//995 996//996
f 997//997 414//414 412//412
f 997//997 412//412 998//998
f 998//998 412//412 146//146
f 998//998 146//146 999//999
f 146//146 144//144 999//999
f 999//999 144//144 142//142
f 999//999 142//142 1000//1000
f 1000//1000 142//142 132//132
f 1000//1000 132//132 1001//1001
f 132//132 134//134 1001//1001
f 1001//1001 134//134 136//136
f 1001//1001 136//136 1002//1002
f 136//136 137//137 1002//1002
f 1002//1002 137//137 139//139
f 1002//1002 139//139 1003//1003
f 139//139 140//140 1003//1003
f 1003//1003 140//140 126//126
f 1003//1003 126//126 996//996
f 996//996 126//126 125//125
f 996//996 125//125 129//129
f 1004//1004 545//545 1005//1005
f 1005//1005 545//545 1006//1006
f 1005//1005 1006//1006 1007//1007
f 1007//1007 1006//1006 1008//1008
f 1007//1007 1008//1008 1009//1009
f 1009//1009 1008//1008 1010//1010
f 1009//1009 1010//1010 1011//1011
f 1011//1011 1010//1010 1012//1012
f 1011//1011 1013//1013 1009//1009
f 1009//1009 1013//1013 1014//1014
f 1009//1009 1014//1014 1007//1007
f 1007//1007 1014//1014 1015//1015
f 1007//1007 1015//1015 1005//1005
f 1005//1005 1015//1015 1016//1016
f 1005//1005 1016//1016 1004//1004
f 1004//1004 1016//1016 1017//1017
f 1004//1004 1017//1017 1018//1018
f 1018//1018 1017//1017 1019//1019
f 1012//1012 1020//1020 1021//1021
f 1012//1012 1021//1021 1011//1011
f 1022//1022 1013//1013 1023//1023
f 1023//1023 1013//1013 1011//1011
f 1023//1023 1011//1011 1024//1024
f 1024//1024 1011//1011 1021//1021
f 1006//1006 545//545 544//544
f 1025//1025 1012//1012 1026//1026
f 1026//1026 1012//1012 1010//1010
f 1026//1026 1010//1010 1027//1027
f 1027//1027 1010//1010 1008//1008
f 1027//1027 1008//1008 1028//1028
f 1028//1028 1008//1008 1006//1006
f 1028//1028 1006//1006 1029//1029
f 1029//1029 1006//1006 544//544
f 1030//1030 1031//1031 1032//1032
f 1032//1032 1031//1031 1033//1033
f 1032//1032 1033//1033 1025//1025
f 1034//1034 1035//1035 1036//1036
f 1036//1036 1035//1035 1037//1037
f 1037//1037 1038//1038 1036//1036
f 1036//1036 1038//1038 1039//1039
f 1036//1036 1039//1039 1030//1030
f 1030//1030 1039//1039 1040//1040
f 1030//1030 1040//1040 1031//1031
f 1041//1041 1042//1042 1043//1043
f 1043//1043 1042//1042 1044//1044
f 1043//1043 1044//1044 1034//1034
f 1034//1034 1044//1044 1045//1045
f 1034//1034 1045//1045 1035//1035
f 1034//1034 1036//1036 1046//1046
f 1030//1030 1032//1032 1047//1047
f 544//544 1048//1048 1049//1049
f 544//544 1049//1049 1029//1029
f 1029//1029 1049//1049 1050//1050
f 1029//1029 1050//1050 1028//1028
f 1028//1028 1050//1050 1027//1027
f 1027//1027 1050//1050 1047//1047
f 1027//1027 1047//1047 1026//1026
f 1026//1026 1047//1047 1032//1032
f 1026//1026 1032//1032 1025//1025
f 1051//1051 1041//1041 1043//1043
f 1043//1043 1052//1052 1051//1051
f 1051//1051 1052//1052 1053//1053
f 1051//1051 1053//1053 1054//1054
f 1054//1054 1053//1053 1055//1055
f 1054//1054 1055//1055 1056//1056
f 1056//1056 1055//1055 1057//1057
f 1056//1056 1057//1057 1058//1058
f 1043//1043 1034//1034 1052//1052
f 1052//1052 1034//1034 1046//1046
f 1052//1052 1046//1046 1053//1053
f 1053//1053 1046//1046 1059//1059
f 1053//1053 1059//1059 1055//1055
f 1055//1055 1059//1059 1060//1060
f 1055//1055 1060//1060 1057//1057
f 1057//1057 1060//1060 1061//1061
f 1036//1036 1030//1030 1046//1046
f 1046//1046 1030//1030 1047//1047
f 1046//1046 1047//1047 1059//1059
f 1059//1059 1047//1047 1050//1050
f 1059//1059 1050//1050 1060//1060
f 1060//1060 1050//1050 1049//1049
f 1060//1060 1049//1049 1061//1061
f 1061//1061 1049//1049 1048//1048
f 497//497 1062//1062 1063//1063
f 497//497 1063//1063 498//498
f 498//498 1063//1063 1064//1064
f 498//498 1064//1064 500//500
f 500//500 1064//1064 501//501
f 501//501 1064//1064 1065//1065
f 501//501 1065//1065 504//504
f 504//504 1065//1065 1066//1066
f 504//504 1066//1066 506//506
f 506//506 1066//1066 1067//1067
f 506//506 1067//1067 514//514
f 523//523 525//525 1068//1068
f 1068//1068 525//525 517//517
f 1068//1068 517//517 1069//1069
f 1069//1069 517//517 519//519
f 1069//1069 519//519 1070//1070
f 1070//1070 519//519 520//520
f 1070//1070 520//520 1071//1071
f 1071//1071 520//520 510//510
f 1071//1071 510//510 1067//1067
f 1067//1067 510//510 512//512
f 1067//1067 512//512 514//514
f 523//523 1068//1068 529//529
f 529//529 1068//1068 1072//1072
f 529//529 1072//1072 530//530
f 530//530 1072//1072 1073//1073
f 530//530 1073//1073 538//538
f 538//538 1073//1073 1074//1074
f 538//538 1074//1074 536//536
f 536//536 1074//1074 1075//1075
f 536//536 1075//1075 531//531
f 531//531 1075//1075 1076//1076
f 531//531 1076//1076 542//542
f 542//542 1076//1076 1077//1077
f 542//542 1077//1077 546//546
f 546//546 1077//1077 1048//1048
f 546//546 1048//1048 544//544
f 1078//1078 1058//1058 1057//1057
f 1057//1057 1079//1079 1078//1078
f 1078//1078 1079//1079 1080//1080
f 1078//1078 1080//1080 1081//1081
f 1081//1081 1080//1080 1082//1082
f 1081//1081 1082//1082 1083//1083
f 1083//1083 1082//1082 1084//1084
f 1083//1083 1084//1084 1085//1085
f 1085//1085 1084//1084 1086//1086
f 1085//1085 1086//1086 1087//1087
f 1087//1087 1086//1086 1088//1088
f 1087//1087 1088//1088 1089//1089
f 1089//1089 1088//1088 1090//1090
f 1089//1089 1090//1090 1091//1091
f 1091//1091 1090//1090 1092//1092
f 1091//1091 1092//1092 1093//1093
f 1093//1093 1092//1092 1094//1094
f 1093//1093 1094//1094 1095//1095
f 1095//1095 1094//1094 1096//1096
f 1095//1095 1096//1096 1097//1097
f 1097//1097 1096//1096 1098//1098
f 1097//1097 1098//1098 1099//1099
f 1099//1099 1098//1098 1100//1100
f 1099//1099 1100//1100 1101//1101
f 1101//1101 1100//1100 1102//1102
f 1101//1101 1102//1102 1103//1103
f 1103//1103 1102//1102 1104//1104
f 1103//1103 1104//1104 1105//1105
f 1105//1105 1104//1104 1106//1106
f 1105//1105 1106//1106 1107//1107
f 1107//1107 1106//1106 1108//1108
f 1107//1107 1108//1108 1109//1109
f 1062//1062 1110//1110 1063//1063
f 1063//1063 1110//1110 1111//1111
f 1063//1063 1111//1111 1064//1064
f 1064//1064 1111//1111 1112//1112
f 1064//1064 1112//1112 1065//1065
f 1065//1065 1112//1112 1113//1113
f 1065//1065 1113//1113 1066//1066
f 1066//1066 1113//1113 1114//1114
f 1066//1066 1114//1114 1067//1067
f 1067//1067 1114//1114 1115//1115
f 1067//1067 1115//1115 1071//1071
f 1071//1071 1115//1115 1116//1116
f 1071//1071 1116//1116 1070//1070
f 1070//1070 1116//1116 1117//1117
f 1070//1070 1117//1117 1069//1069
f 1069//1069 1117//1117 1118//1118
f 1069//1069 1118//1118 1068//1068
f 1068//1068 1118//1118 1119//1119
f 1068//1068 1119//1119 1072//1072
f 1072//1072 1119//1119 1120//1120
f 1072//1072 1120//1120 1073//1073
f 1073//1073 1120//1120 1121//1121
f 1073//1073 1121//1121 1074//1074
f 1074//1074 1121//1121 1122//1122
f 1074//1074 1122//1122 1075//1075
f 1075//1075 1122//1122 1123//1123
f 1075//1075 1123//1123 1076//1076
f 1076//1076 1123//1123 1124//1124
f 1076//1076 1124//1124 1077//1077
f 1077//1077 1124//1124 1125//1125
f 1077//1077 1125//1125 1048//1048
f 1048//1048 1125//1125 1061//1061
f 1110//1110 1108//1108 1111//1111
f 1111//1111 1108//1108 1106//1106
f 1111//1111 1106//1106 1112//1112
f 1112//1112 1106//1106 1104//1104
f 1112//1112 1104//1104 1113//1113
f 1113//1113 1104//1104 1102//1102
f 1113//1113 1102//1102 1114//1114
f 1114//1114 1102//1102 1100//1100
f 1114//1114 1100//1100 1115//1115
f 1115//1115 1100//1100 1098//1098
f 1115//1115 1098//1098 1116//1116
f 1116//1116 1098//1098 1096//1096
f 1116//1116 1096//1096 1117//1117
f 1117//1117 1096//1096 1094//1094
f 1117//1117 1094//1094 1118//1118
f 1118//1118 1094//1094 1092//1092
f 1118//1118 1092//1092 1119//1119
f 1119//1119 1092//1092 1090//1090
f 1119//1119 1090//1090 1120//1120
f 1120//1120 1090//1090 1088//1088
f 1120//1120 1088//1088 1121//1121
f 1121//1121 1088//1088 1086//1086
f 1121//1121 1086//1086 1122//1122
f 1122//1122 1086//1086 1084//1084
f 1122//1122 1084//1084 1123//1123
f 1123//1123 1084//1084 1082//1082
f 1123//1123 1082//1082 1124//1124
f 1124//1124 1082//1082 1080//1080
f 1124//1124 1080//1080 1125//1125
f 1125//1125 1080//1080 1079//1079
f 1125//1125 1079//1079 1061//1061
f 1061//1061 1079//1079 1057//1057
f 1126//1126 1127//1127 1128//1128
f 1128//1128 1127//1127 1129//1129
f 1129//1129 1127//1127 1130//1130
f 1130//1130 1127//1127 1131//1131
f 1130//1130 1131//1131 1132//1132
f 1132//1132 1131//1131 1133//1133
f 1132//1132 1133//1133 1134//1134
f 1134//1134 1133//1133 1062//1062
f 1134//1134 1062//1062 497//497
f 1135//1135 1109//1109 1108//1108
f 1108//1108 1136//1136 1135//1135
f 1135//1135 1136//1136 1137//1137
f 1135//1135 1137//1137 1138//1138
f 1138//1138 1137//1137 1139//1139
f 1138//1138 1139//1139 1140//1140
f 1140//1140 1139//1139 1141//1141
f 1140//1140 1141//1141 1142//1142
f 1108//1108 1110//1110 1136//1136
f 1136//1136 1110//1110 1143//1143
f 1136//1136 1143//1143 1137//1137
f 1137//1137 1143//1143 1144//1144
f 1137//1137 1144//1144 1139//1139
f 1139//1139 1144//1144 1145//1145
f 1139//1139 1145//1145 1141//1141
f 1141//1141 1145//1145 1146//1146
f 1110//1110 1062//1062 1143//1143
f 1143//1143 1062//1062 1133//1133
f 1143//1143 1133//1133 1144//1144
f 1144//1144 1133//1133 1131//1131
f 1144//1144 1131//1131 1145//1145
f 1145//1145 1131//1131 1127//1127
f 1145//1145 1127//1127 1146//1146
f 1146//1146 1127//1127 1126//1126
f 1147//1147 418//418 1148//1148
f 1148//1148 418//418 416//416
f 1148//1148 416//416 1149//1149
f 1149//1149 416//416 415//415
f 1149//1149 415//415 1150//1150
f 1150//1150 415//415 422//422
f 1150//1150 422//422 1151//1151
f 1151//1151 422//422 421//421
f 1151//1151 421//421 1152//1152
f 1152//1152 421//421 420//420
f 1152//1152 420//420 1153//1153
f 1153//1153 420//420 425//425
f 1153//1153 425//425 1154//1154
f 1154//1154 425//425 424//424
f 1154//1154 424//424 1155//1155
f 1155//1155 424//424 423//423
f 1155//1155 423//423 1156//1156
f 1156//1156 423//423 427//427
f 1156//1156 427//427 1157//1157
f 1157//1157 427//427 426//426
f 1157//1157 426//426 1158//1158
f 1158//1158 426//426 419//419
f 1158//1158 419//419 1147//1147
f 1147//1147 419//419 418//418
f 1159//1159 1160//1160 1142//1142
f 1142//1142 1160//1160 1161//1161
f 1161//1161 1162//1162 1142//1142
f 1142//1142 1162//1162 1163//1163
f 1142//1142 1163//1163 1164//1164
f 1159//1159 1142//1142 1165//1165
f 1165//1165 1142//1142 1141//1141
f 1165//1165 1141//1141 1166//1166
f 1166//1166 1141//1141 1146//1146
f 1166//1166 1146//1146 1167//1167
f 1167//1167 1146//1146 1126//1126
f 1167//1167 1126//1126 1168//1168
f 1168//1168 1126//1126 1128//1128
f 1168//1168 1128//1128 1169//1169
f 1128//1128 1129//1129 1170//1170
f 1170//1170 1129//1129 1171//1171
f 1129//1129 1130//1130 1171//1171
f 1171//1171 1130//1130 1132//1132
f 1171//1171 1132//1132 1172//1172
f 1132//1132 1134//1134 1172//1172
f 1172//1172 1134//1134 497//497
f 1172//1172 497//497 496//496
f 1173//1173 1174//1174 1175//1175
f 1175//1175 1174//1174 1170//1170
f 1173//1173 1175//1175 1176//1176
f 1176//1176 1175//1175 1177//1177
f 1176//1176 1177//1177 1178//1178
f 1178//1178 1177//1177 1179//1179
f 1178//1178 1179//1179 1180//1180
f 1180//1180 1179//1179 1181//1181
f 1180//1180 1181//1181 1182//1182
f 1182//1182 1181//1181 1183//1183
f 1182//1182 1183//1183 1184//1184
f 1184//1184 1183//1183 1185//1185
f 1184//1184 1185//1185 1186//1186
f 1172//1172 496//496 1187//1187
f 1171//1171 1172//1172 1188//1188
f 1170//1170 1171//1171 1175//1175
f 1175//1175 1171//1171 1189//1189
f 1175//1175 1189//1189 1177//1177
f 1172//1172 1187//1187 1188//1188
f 1188//1188 1187//1187 1190//1190
f 1188//1188 1190//1190 1191//1191
f 1191//1191 1190//1190 1192//1192
f 1191//1191 1192//1192 1193//1193
f 1193//1193 1192//1192 1194//1194
f 1193//1193 1194//1194 1195//1195
f 1171//1171 1188//1188 1189//1189
f 1189//1189 1188//1188 1191//1191
f 1189//1189 1191//1191 1196//1196
f 1196//1196 1191//1191 1193//1193
f 1196//1196 1193//1193 1197//1197
f 1197//1197 1193//1193 1195//1195
f 1197//1197 1195//1195 1198//1198
f 1177//1177 1189//1189 1179//1179
f 1179//1179 1189//1189 1196//1196
f 1179//1179 1196//1196 1181//1181
f 1181//1181 1196//1196 1197//1197
f 1181//1181 1197//1197 1183//1183
f 1183//1183 1197//1197 1198//1198
f 1183//1183 1198//1198 1185//1185
f 129//129 128//128 1199//1199
f 1199//1199 128//128 208//208
f 1199//1199 208//208 206//206
f 1199//1199 206//206 1200//1200
f 1200//1200 206//206 179//179
f 1200//1200 179//179 1201//1201
f 1201//1201 179//179 1202//1202
f 1202//1202 179//179 180//180
f 215//215 1203//1203 217//217
f 217//217 1203//1203 1204//1204
f 217//217 1204//1204 180//180
f 180//180 1204//1204 1202//1202
f 1203//1203 215//215 437//437
f 437//437 215//215 430//430
f 437//437 436//436 441//441
f 441//441 443//443 437//437
f 437//437 443//443 466//466
f 437//437 466//466 465//465
f 701//701 439//439 436//436
f 436//436 439//439 438//438
f 436//436 438//438 441//441
f 120//120 804//804 122//122
f 122//122 804//804 704//704
f 704//704 703//703 122//122
f 122//122 703//703 702//702
f 122//122 702//702 124//124
f 124//124 702//702 698//698
f 124//124 698//698 436//436
f 436//436 698//698 700//700
f 436//436 700//700 701//701
f 115//115 825//825 114//114
f 114//114 825//825 823//823
f 114//114 823//823 112//112
f 112//112 823//823 821//821
f 112//112 821//821 110//110
f 110//110 821//821 820//820
f 110//110 820//820 120//120
f 120//120 820//820 802//802
f 120//120 802//802 804//804
f 104//104 800//800 118//118
f 118//118 800//800 799//799
f 799//799 819//819 118//118
f 118//118 819//819 818//818
f 118//118 818//818 117//117
f 117//117 818//818 816//816
f 117//117 816//816 115//115
f 115//115 816//816 826//826
f 115//115 826//826 825//825
f 777//777 1205//1205 107//107
f 107//107 1205//1205 1206//1206
f 107//107 1206//1206 103//103
f 103//103 1206//1206 780//780
f 103//103 780//780 104//104
f 104//104 780//780 801//801
f 104//104 801//801 800//800
f 459//459 475//475 1207//1207
f 1208//1208 1209//1209 461//461
f 461//461 1209//1209 1210//1210
f 461//461 1210//1210 463//463
f 463//463 1210//1210 1211//1211
f 463//463 1211//1211 465//465
f 1208//1208 461//461 1207//1207
f 1207//1207 461//461 460//460
f 1207//1207 460//460 459//459
f 478//478 477//477 1212//1212
f 1209//1209 1208//1208 1213//1213
f 1213//1213 1208//1208 1207//1207
f 241//241 479//479 483//483
f 483//483 479//479 1214//1214
f 483//483 1214//1214 482//482
f 482//482 1214//1214 1213//1213
f 482//482 1213//1213 481//481
f 481//481 1213//1213 1207//1207
f 481//481 1207//1207 475//475
f 1210//1210 1209//1209 1215//1215
f 1215//1215 1209//1209 1213//1213
f 1215//1215 1213//1213 1216//1216
f 1216//1216 1213//1213 1214//1214
f 1216//1216 1214//1214 480//480
f 480//480 1214//1214 479//479
f 1211//1211 1210//1210 1217//1217
f 1217//1217 1210//1210 1215//1215
f 1217//1217 1215//1215 1212//1212
f 1212//1212 1215//1215 1216//1216
f 1212//1212 1216//1216 478//478
f 478//478 1216//1216 480//480
f 495//495 476//476 247//247
f 476//476 495//495 494//494
f 488//488 1218//1218 1219//1219
f 1220//1220 1221//1221 1222//1222
f 1220//1220 1222//1222 1223//1223
f 1223//1223 1222//1222 1224//1224
f 1223//1223 1224//1224 1225//1225
f 1225//1225 1224//1224 1226//1226
f 1225//1225 1226//1226 1227//1227
f 630//630 1227//1227 632//632
f 632//632 1227//1227 1226//1226
f 632//632 1226//1226 634//634
f 634//634 1226//1226 636//636
f 488//488 1219//1219 491//491
f 491//491 1219//1219 1228//1228
f 491//491 1228//1228 492//492
f 492//492 1228//1228 1229//1229
f 492//492 1229//1229 494//494
f 1221//1221 1229//1229 1222//1222
f 1222//1222 1229//1229 1228//1228
f 1222//1222 1228//1228 1224//1224
f 1224//1224 1228//1228 1219//1219
f 1224//1224 1219//1219 1226//1226
f 1226//1226 1219//1219 1218//1218
f 1226//1226 1218//1218 636//636
f 636//636 1218//1218 488//488
f 636//636 488//488 487//487
f 1230//1230 1231//1231 1232//1232
f 537//537 535//535 1233//1233
f 1234//1234 1235//1235 1236//1236
f 1237//1237 1238//1238 1239//1239
f 1240//1240 1241//1241 1242//1242
f 1242//1242 1241//1241 1243//1243
f 1242//1242 1243//1243 1239//1239
f 1239//1239 1243//1243 1244//1244
f 1239//1239 1244//1244 1237//1237
f 1245//1245 1246//1246 1247//1247
f 1247//1247 1246//1246 1248//1248
f 1247//1247 1248//1248 1240//1240
f 1240//1240 1248//1248 1249//1249
f 1240//1240 1249//1249 1241//1241
f 1247//1247 1250//1250 1245//1245
f 1245//1245 1250//1250 1251//1251
f 1245//1245 1251//1251 1252//1252
f 1252//1252 1251//1251 1018//1018
f 1252//1252 1018//1018 1019//1019
f 1194//1194 1192//1192 1253//1253
f 1253//1253 1192//1192 1254//1254
f 1255//1255 1256//1256 1254//1254
f 1254//1254 1256//1256 1257//1257
f 1254//1254 1257//1257 1253//1253
f 1255//1255 1254//1254 1258//1258
f 1258//1258 1254//1254 1259//1259
f 1258//1258 1259//1259 1260//1260
f 1261//1261 1262//1262 1263//1263
f 1263//1263 1262//1262 1264//1264
f 1263//1263 1264//1264 1259//1259
f 1259//1259 1264//1264 1265//1265
f 1259//1259 1265//1265 1260//1260
f 1261//1261 1263//1263 1266//1266
f 1266//1266 1263//1263 1267//1267
f 1266//1266 1267//1267 1268//1268
f 1268//1268 1267//1267 1269//1269
f 1268//1268 1269//1269 1270//1270
f 1271//1271 1272//1272 1273//1273
f 1273//1273 1272//1272 1274//1274
f 1273//1273 1274//1274 1275//1275
f 1275//1275 1274//1274 1276//1276
f 1275//1275 1276//1276 1269//1269
f 1269//1269 1276//1276 1277//1277
f 1269//1269 1277//1277 1270//1270
f 1278//1278 1279//1279 1280//1280
f 1278//1278 1280//1280 1273//1273
f 1273//1273 1280//1280 1281//1281
f 1273//1273 1281//1281 1271//1271
f 1235//1235 1234//1234 1278//1278
f 1278//1278 1234//1234 1282//1282
f 1278//1278 1282//1282 1279//1279
f 1237//1237 1283//1283 1238//1238
f 1238//1238 1283//1283 1284//1284
f 1238//1238 1284//1284 1236//1236
f 1236//1236 1284//1284 1285//1285
f 1236//1236 1285//1285 1234//1234
f 521//521 1286//1286 522//522
f 522//522 1286//1286 524//524
f 1287//1287 1286//1286 1288//1288
f 1288//1288 1286//1286 521//521
f 1288//1288 521//521 1289//1289
f 1289//1289 521//521 528//528
f 1289//1289 528//528 1290//1290
f 1290//1290 528//528 540//540
f 1290//1290 540//540 1291//1291
f 1291//1291 540//540 539//539
f 1291//1291 539//539 1292//1292
f 1293//1293 1294//1294 1295//1295
f 1295//1295 1294//1294 1296//1296
f 1295//1295 1296//1296 1187//1187
f 1187//1187 1296//1296 1190//1190
f 1232//1232 1231//1231 1297//1297
f 1297//1297 1231//1231 1298//1298
f 1297//1297 1298//1298 1299//1299
f 1300//1300 1301//1301 1302//1302
f 1302//1302 1301//1301 1303//1303
f 1302//1302 1303//1303 1304//1304
f 503//503 1301//1301 1293//1293
f 1293//1293 1301//1301 1300//1300
f 1293//1293 1300//1300 1294//1294
f 1187//1187 496//496 1295//1295
f 1295//1295 496//496 499//499
f 1295//1295 499//499 1293//1293
f 1293//1293 499//499 502//502
f 1293//1293 502//502 503//503
f 515//515 513//513 1230//1230
f 503//503 505//505 1301//1301
f 1301//1301 505//505 507//507
f 1301//1301 507//507 1303//1303
f 1303//1303 507//507 516//516
f 539//539 537//537 1292//1292
f 1292//1292 537//537 1233//1233
f 1292//1292 1233//1233 1291//1291
f 1291//1291 1233//1233 1305//1305
f 1291//1291 1305//1305 1290//1290
f 1290//1290 1305//1305 1306//1306
f 1290//1290 1306//1306 1289//1289
f 1289//1289 1306//1306 1307//1307
f 1289//1289 1307//1307 1288//1288
f 1288//1288 1307//1307 1308//1308
f 1288//1288 1308//1308 1287//1287
f 1287//1287 1308//1308 1299//1299
f 1192//1192 1190//1190 1254//1254
f 1254//1254 1190//1190 1296//1296
f 1254//1254 1296//1296 1259//1259
f 1259//1259 1296//1296 1294//1294
f 1259//1259 1294//1294 1263//1263
f 1263//1263 1294//1294 1300//1300
f 1263//1263 1300//1300 1267//1267
f 1267//1267 1300//1300 1302//1302
f 1267//1267 1302//1302 1269//1269
f 1269//1269 1302//1302 1304//1304
f 1269//1269 1304//1304 1275//1275
f 533//533 532//532 1309//1309
f 1309//1309 532//532 541//541
f 1309//1309 541//541 1310//1310
f 1310//1310 541//541 543//543
f 1310//1310 543//543 1311//1311
f 1311//1311 543//543 548//548
f 1311//1311 548//548 1004//1004
f 1004//1004 548//548 547//547
f 1004//1004 547//547 545//545
f 1004//1004 1018//1018 1311//1311
f 1311//1311 1018//1018 1251//1251
f 1311//1311 1251//1251 1310//1310
f 1310//1310 1251//1251 1250//1250
f 1310//1310 1250//1250 1309//1309
f 1309//1309 1250//1250 1247//1247
f 1309//1309 1247//1247 533//533
f 533//533 1247//1247 1240//1240
f 533//533 1240//1240 534//534
f 534//534 1240//1240 1242//1242
f 513//513 511//511 1230//1230
f 1230//1230 511//511 509//509
f 1230//1230 509//509 1231//1231
f 1231//1231 509//509 508//508
f 1231//1231 508//508 1298//1298
f 1298//1298 508//508 518//518
f 1298//1298 518//518 1312//1312
f 1312//1312 518//518 527//527
f 1312//1312 527//527 526//526
f 1299//1299 1298//1298 1287//1287
f 1287//1287 1298//1298 1312//1312
f 1287//1287 1312//1312 1286//1286
f 1286//1286 1312//1312 526//526
f 1286//1286 526//526 524//524
f 516//516 515//515 1303//1303
f 1303//1303 515//515 1230//1230
f 1303//1303 1230//1230 1304//1304
f 1304//1304 1230//1230 1232//1232
f 1304//1304 1232//1232 1275//1275
f 1275//1275 1232//1232 1297//1297
f 1275//1275 1297//1297 1273//1273
f 1273//1273 1297//1297 1299//1299
f 1273//1273 1299//1299 1278//1278
f 1278//1278 1299//1299 1308//1308
f 1278//1278 1308//1308 1235//1235
f 1235//1235 1308//1308 1307//1307
f 1235//1235 1307//1307 1236//1236
f 1236//1236 1307//1307 1306//1306
f 1236//1236 1306//1306 1238//1238
f 1238//1238 1306//1306 1305//1305
f 1238//1238 1305//1305 1239//1239
f 1239//1239 1305//1305 1233//1233
f 1239//1239 1233//1233 1242//1242
f 1242//1242 1233//1233 535//535
f 1242//1242 535//535 534//534
f 550//550 1313//1313 552//552
f 552//552 1313//1313 1314//1314
f 565//565 1315//1315 563//563
f 563//563 1315//1315 1316//1316
f 563//563 1316//1316 561//561
f 561//561 1316//1316 1317//1317
f 561//561 1317//1317 559//559
f 559//559 1317//1317 1318//1318
f 559//559 1318//1318 557//557
f 557//557 1318//1318 1319//1319
f 557//557 1319//1319 555//555
f 555//555 1319//1319 1320//1320
f 555//555 1320//1320 553//553
f 553//553 1320//1320 1321//1321
f 553//553 1321//1321 550//550
f 550//550 1321//1321 1313//1313
f 1322//1322 1315//1315 568//568
f 568//568 1315//1315 565//565
f 568//568 570//570 1322//1322
f 1322//1322 570//570 1323//1323
f 552//552 1314//1314 581//581
f 581//581 1314//1314 1324//1324
f 581//581 1324//1324 579//579
f 579//579 1324//1324 1325//1325
f 579//579 1325//1325 577//577
f 577//577 1325//1325 1326//1326
f 577//577 1326//1326 575//575
f 575//575 1326//1326 1327//1327
f 575//575 1327//1327 573//573
f 573//573 1327//1327 1328//1328
f 573//573 1328//1328 571//571
f 571//571 1328//1328 1329//1329
f 571//571 1329//1329 570//570
f 570//570 1329//1329 1323//1323
f 1330//1330 1331//1331 1332//1332
f 1227//1227 630//630 1333//1333
f 1333//1333 630//630 628//628
f 1333//1333 628//628 1334//1334
f 1334//1334 628//628 626//626
f 1225//1225 1227//1227 1332//1332
f 1332//1332 1227//1227 1333//1333
f 1332//1332 1333//1333 1330//1330
f 1330//1330 1333//1333 1334//1334
f 1335//1335 1336//1336 1337//1337
f 1335//1335 1337//1337 1338//1338
f 1338//1338 1337//1337 1339//1339
f 1338//1338 1339//1339 1340//1340
f 1331//1331 1336//1336 1332//1332
f 1332//1332 1336//1336 1335//1335
f 1332//1332 1335//1335 1225//1225
f 1225//1225 1335//1335 1338//1338
f 1225//1225 1338//1338 1223//1223
f 1223//1223 1338//1338 1340//1340
f 1223//1223 1340//1340 1220//1220
f 1341//1341 1342//1342 1343//1343
f 1343//1343 1342//1342 1344//1344
f 1343//1343 1344//1344 1345//1345
f 626//626 1345//1345 1334//1334
f 1334//1334 1345//1345 1346//1346
f 1334//1334 1346//1346 1330//1330
f 1342//1342 1347//1347 1344//1344
f 1344//1344 1347//1347 1348//1348
f 1344//1344 1348//1348 1349//1349
f 1348//1348 1350//1350 1349//1349
f 1349//1349 1350//1350 1351//1351
f 1349//1349 1351//1351 1352//1352
f 1352//1352 1351//1351 1353//1353
f 1352//1352 1353//1353 1354//1354
f 1345//1345 1344//1344 1346//1346
f 1346//1346 1344//1344 1349//1349
f 1346//1346 1349//1349 1355//1355
f 1355//1355 1349//1349 1352//1352
f 1355//1355 1352//1352 1356//1356
f 1356//1356 1352//1352 1354//1354
f 1356//1356 1354//1354 1357//1357
f 1330//1330 1346//1346 1331//1331
f 1331//1331 1346//1346 1355//1355
f 1331//1331 1355//1355 1336//1336
f 1336//1336 1355//1355 1356//1356
f 1336//1336 1356//1356 1337//1337
f 1337//1337 1356//1356 1357//1357
f 1337//1337 1357//1357 1339//1339
f 1342//1342 1341//1341 1358//1358
f 1358//1358 1341//1341 1359//1359
f 1342//1342 1358//1358 1347//1347
f 1347//1347 1358//1358 1360//1360
f 1347//1347 1360//1360 1348//1348
f 1348//1348 1360//1360 1361//1361
f 1348//1348 1361//1361 1350//1350
f 1350//1350 1361//1361 1362//1362
f 1350//1350 1362//1362 1351//1351
f 1363//1363 1353//1353 1364//1364
f 1364//1364 1353//1353 1351//1351
f 1364//1364 1351//1351 1365//1365
f 1365//1365 1351//1351 1362//1362
f 625//625 1366//1366 626//626
f 626//626 1366//1366 1345//1345
f 1366//1366 1367//1367 1345//1345
f 1345//1345 1367//1367 1368//1368
f 1345//1345 1368//1368 1343//1343
f 1368//1368 1369//1369 1343//1343
f 1343//1343 1369//1369 1370//1370
f 1343//1343 1370//1370 1341//1341
f 1371//1371 1372//1372 1373//1373
f 1374//1374 1375//1375 1376//1376
f 1376//1376 1375//1375 1370//1370
f 1377//1377 1378//1378 1379//1379
f 1379//1379 1378//1378 1380//1380
f 1379//1379 1380//1380 1376//1376
f 1376//1376 1380//1380 1381//1381
f 1376//1376 1381//1381 1374//1374
f 1382//1382 1383//1383 1379//1379
f 1379//1379 1383//1383 1384//1384
f 1379//1379 1384//1384 1377//1377
f 1382//1382 1379//1379 1373//1373
f 1373//1373 1379//1379 1385//1385
f 1373//1373 1385//1385 1371//1371
f 1371//1371 1385//1385 1386//1386
f 1371//1371 1386//1386 1387//1387
f 1387//1387 1386//1386 1388//1388
f 1387//1387 1388//1388 1389//1389
f 1389//1389 1388//1388 1390//1390
f 1389//1389 1390//1390 1391//1391
f 1391//1391 1390//1390 1392//1392
f 1391//1391 1392//1392 1393//1393
f 625//625 1394//1394 1366//1366
f 1366//1366 1394//1394 1395//1395
f 1366//1366 1395//1395 1367//1367
f 1367//1367 1395//1395 1396//1396
f 1367//1367 1396//1396 1368//1368
f 1368//1368 1396//1396 1397//1397
f 1368//1368 1397//1397 1369//1369
f 1369//1369 1397//1397 1376//1376
f 1369//1369 1376//1376 1370//1370
f 1385//1385 1379//1379 1386//1386
f 1386//1386 1379//1379 1398//1398
f 1386//1386 1398//1398 1388//1388
f 1388//1388 1398//1398 1399//1399
f 1388//1388 1399//1399 1390//1390
f 1390//1390 1399//1399 1400//1400
f 1390//1390 1400//1400 1392//1392
f 1392//1392 1400//1400 1401//1401
f 1379//1379 1376//1376 1398//1398
f 1398//1398 1376//1376 1397//1397
f 1398//1398 1397//1397 1399//1399
f 1399//1399 1397//1397 1396//1396
f 1399//1399 1396//1396 1400//1400
f 1400//1400 1396//1396 1395//1395
f 1400//1400 1395//1395 1401//1401
f 1401//1401 1395//1395 1394//1394
f 1393//1393 1392//1392 1402//1402
f 1393//1393 1402//1402 1403//1403
f 1403//1403 1402//1402 1404//1404
f 1403//1403 1404//1404 1405//1405
f 1405//1405 1404//1404 1406//1406
f 1405//1405 1406//1406 1407//1407
f 1407//1407 1406//1406 1408//1408
f 1407//1407 1408//1408 1409//1409
f 1409//1409 1408//1408 1410//1410
f 1409//1409 1410//1410 1411//1411
f 1411//1411 1410//1410 1412//1412
f 1411//1411 1412//1412 1413//1413
f 1413//1413 1412//1412 1414//1414
f 1413//1413 1414//1414 1415//1415
f 1415//1415 1414//1414 1416//1416
f 1415//1415 1416//1416 1417//1417
f 1417//1417 1416//1416 1418//1418
f 1417//1417 1418//1418 1419//1419
f 1419//1419 1418//1418 1420//1420
f 1419//1419 1420//1420 1421//1421
f 1421//1421 1420//1420 1422//1422
f 1421//1421 1422//1422 1423//1423
f 1423//1423 1422//1422 1424//1424
f 1423//1423 1424//1424 1425//1425
f 1425//1425 1424//1424 1426//1426
f 1425//1425 1426//1426 1427//1427
f 1427//1427 1426//1426 1428//1428
f 1427//1427 1428//1428 1429//1429
f 1429//1429 1428//1428 1430//1430
f 1429//1429 1430//1430 1431//1431
f 1431//1431 1430//1430 1432//1432
f 1431//1431 1432//1432 1433//1433
f 638//638 1434//1434 639//639
f 639//639 1434//1434 1435//1435
f 639//639 1435//1435 1436//1436
f 649//649 651//651 1437//1437
f 1437//1437 651//651 647//647
f 1437//1437 647//647 1438//1438
f 1438//1438 647//647 645//645
f 1438//1438 645//645 1439//1439
f 1439//1439 645//645 643//643
f 1439//1439 643//643 1436//1436
f 1436//1436 643//643 641//641
f 1436//1436 641//641 639//639
f 649//649 1437//1437 660//660
f 660//660 1437//1437 1440//1440
f 660//660 1440//1440 658//658
f 658//658 1440//1440 1441//1441
f 658//658 1441//1441 656//656
f 656//656 1441//1441 1442//1442
f 656//656 1442//1442 621//621
f 621//621 1442//1442 1443//1443
f 621//621 1443//1443 620//620
f 633//633 635//635 1444//1444
f 1444//1444 635//635 618//618
f 1444//1444 618//618 1445//1445
f 1445//1445 618//618 624//624
f 1445//1445 624//624 1446//1446
f 1446//1446 624//624 622//622
f 1446//1446 622//622 1447//1447
f 1447//1447 622//622 623//623
f 1447//1447 623//623 1443//1443
f 1443//1443 623//623 619//619
f 1443//1443 619//619 620//620
f 633//633 1444//1444 631//631
f 631//631 1444//1444 1448//1448
f 631//631 1448//1448 629//629
f 629//629 1448//1448 1449//1449
f 629//629 1449//1449 627//627
f 627//627 1449//1449 1394//1394
f 627//627 1394//1394 625//625
f 1434//1434 1450//1450 1435//1435
f 1435//1435 1450//1450 1451//1451
f 1435//1435 1451//1451 1436//1436
f 1436//1436 1451//1451 1452//1452
f 1436//1436 1452//1452 1439//1439
f 1439//1439 1452//1452 1453//1453
f 1439//1439 1453//1453 1438//1438
f 1438//1438 1453//1453 1454//1454
f 1438//1438 1454//1454 1437//1437
f 1437//1437 1454//1454 1455//1455
f 1437//1437 1455//1455 1440//1440
f 1440//1440 1455//1455 1456//1456
f 1440//1440 1456//1456 1441//1441
f 1441//1441 1456//1456 1457//1457
f 1441//1441 1457//1457 1442//1442
f 1442//1442 1457//1457 1458//1458
f 1442//1442 1458//1458 1443//1443
f 1443//1443 1458//1458 1459//1459
f 1443//1443 1459//1459 1447//1447
f 1447//1447 1459//1459 1460//1460
f 1447//1447 1460//1460 1446//1446
f 1446//1446 1460//1460 1461//1461
f 1446//1446 1461//1461 1445//1445
f 1445//1445 1461//1461 1462//1462
f 1445//1445 1462//1462 1444//1444
f 1444//1444 1462//1462 1463//1463
f 1444//1444 1463//1463 1448//1448
f 1448//1448 1463//1463 1464//1464
f 1448//1448 1464//1464 1449//1449
f 1449//1449 1464//1464 1465//1465
f 1449//1449 1465//1465 1394//1394
f 1394//1394 1465//1465 1401//1401
f 1450//1450 1432//1432 1451//1451
f 1451//1451 1432//1432 1430//1430
f 1451//1451 1430//1430 1452//1452
f 1452//1452 1430//1430 1428//1428
f 1452//1452 1428//1428 1453//1453
f 1453//1453 1428//1428 1426//1426
f 1453//1453 1426//1426 1454//1454
f 1454//1454 1426//1426 1424//1424
f 1454//1454 1424//1424 1455//1455
f 1455//1455 1424//1424 1422//1422
f 1455//1455 1422//1422 1456//1456
f 1456//1456 1422//1422 1420//1420
f 1456//1456 1420//1420 1457//1457
f 1457//1457 1420//1420 1418//1418
f 1457//1457 1418//1418 1458//1458
f 1458//1458 1418//1418 1416//1416
f 1458//1458 1416//1416 1459//1459
f 1459//1459 1416//1416 1414//1414
f 1459//1459 1414//1414 1460//1460
f 1460//1460 1414//1414 1412//1412
f 1460//1460 1412//1412 1461//1461
f 1461//1461 1412//1412 1410//1410
f 1461//1461 1410//1410 1462//1462
f 1462//1462 1410//1410 1408//1408
f 1462//1462 1408//1408 1463//1463
f 1463//1463 1408//1408 1406//1406
f 1463//1463 1406//1406 1464//1464
f 1464//1464 1406//1406 1404//1404
f 1464//1464 1404//1404 1465//1465
f 1465//1465 1404//1404 1402//1402
f 1465//1465 1402//1402 1401//1401
f 1401//1401 1402//1402 1392//1392
f 1466//1466 1467//1467 1468//1468
f 1469//1469 1470//1470 1467//1467
f 1467//1467 1466//1466 1469//1469
f 1469//1469 1466//1466 1471//1471
f 1469//1469 1471//1471 1472//1472
f 1472//1472 1471//1471 1473//1473
f 1472//1472 1473//1473 1474//1474
f 1475//1475 1476//1476 1477//1477
f 1477//1477 1476//1476 1478//1478
f 1434//1434 638//638 1479//1479
f 1433//1433 1432//1432 1480//1480
f 1480//1480 1432//1432 1450//1450
f 1480//1480 1450//1450 1481//1481
f 1481//1481 1450//1450 1434//1434
f 1481//1481 1434//1434 1482//1482
f 1482//1482 1434//1434 1479//1479
f 1482//1482 1479//1479 1475//1475
f 1475//1475 1477//1477 1482//1482
f 1482//1482 1477//1477 1483//1483
f 1482//1482 1483//1483 1481//1481
f 1481//1481 1483//1483 1484//1484
f 1481//1481 1484//1484 1480//1480
f 1480//1480 1484//1484 1485//1485
f 1480//1480 1485//1485 1433//1433
f 1486//1486 1474//1474 1478//1478
f 1478//1478 1474//1474 1473//1473
f 1478//1478 1473//1473 1477//1477
f 1477//1477 1473//1473 1471//1471
f 1477//1477 1471//1471 1483//1483
f 1483//1483 1471//1471 1466//1466
f 1483//1483 1466//1466 1484//1484
f 1484//1484 1466//1466 1468//1468
f 1484//1484 1468//1468 1485//1485
f 1487//1487 586//586 1488//1488
f 1488//1488 586//586 584//584
f 1488//1488 584//584 1489//1489
f 1489//1489 584//584 583//583
f 1489//1489 583//583 1490//1490
f 1490//1490 583//583 590//590
f 1490//1490 590//590 1491//1491
f 1491//1491 590//590 589//589
f 1491//1491 589//589 1492//1492
f 1492//1492 589//589 588//588
f 1492//1492 588//588 1493//1493
f 1493//1493 588//588 593//593
f 1493//1493 593//593 1494//1494
f 1494//1494 593//593 592//592
f 1494//1494 592//592 1495//1495
f 1495//1495 592//592 591//591
f 1495//1495 591//591 1496//1496
f 1496//1496 591//591 595//595
f 1496//1496 595//595 1497//1497
f 1497//1497 595//595 594//594
f 1497//1497 594//594 1498//1498
f 1498//1498 594//594 587//587
f 1498//1498 587//587 1487//1487
f 1487//1487 587//587 586//586
f 1499//1499 1500//1500 1470//1470
f 1470//1470 1500//1500 1501//1501
f 1501//1501 1502//1502 1470//1470
f 1470//1470 1502//1502 1503//1503
f 1470//1470 1503//1503 1504//1504
f 1499//1499 1470//1470 1505//1505
f 1505//1505 1470//1470 1469//1469
f 1505//1505 1469//1469 1506//1506
f 1506//1506 1469//1469 1472//1472
f 1506//1506 1472//1472 1507//1507
f 1507//1507 1472//1472 1474//1474
f 1507//1507 1474//1474 1508//1508
f 1508//1508 1474//1474 1486//1486
f 1508//1508 1486//1486 1509//1509
f 1510//1510 1486//1486 1511//1511
f 1511//1511 1486//1486 1478//1478
f 638//638 637//637 1479//1479
f 1479//1479 637//637 1512//1512
f 1479//1479 1512//1512 1475//1475
f 1475//1475 1512//1512 613//613
f 1475//1475 613//613 1476//1476
f 1476//1476 613//613 612//612
f 1476//1476 612//612 1478//1478
f 1478//1478 612//612 614//614
f 1478//1478 614//614 1511//1511
f 1513//1513 1514//1514 1515//1515
f 1513//1513 1515//1515 1516//1516
f 1514//1514 1517//1517 1515//1515
f 1515//1515 1517//1517 1518//1518
f 1515//1515 1518//1518 1519//1519
f 1520//1520 1521//1521 1522//1522
f 1518//1518 1523//1523 1519//1519
f 1519//1519 1523//1523 1520//1520
f 1519//1519 1520//1520 1524//1524
f 1524//1524 1520//1520 1522//1522
f 1524//1524 1522//1522 1525//1525
f 1525//1525 1522//1522 1510//1510
f 1524//1524 1526//1526 1519//1519
f 1519//1519 1526//1526 1527//1527
f 1519//1519 1527//1527 1515//1515
f 1515//1515 1527//1527 1528//1528
f 1515//1515 1528//1528 1516//1516
f 1529//1529 1530//1530 1531//1531
f 602//602 601//601 1532//1532
f 617//617 602//602 1533//1533
f 1516//1516 1528//1528 1534//1534
f 1534//1534 1528//1528 1535//1535
f 1534//1534 1535//1535 1536//1536
f 1529//1529 1531//1531 1537//1537
f 1537//1537 1531//1531 1538//1538
f 1537//1537 1538//1538 1539//1539
f 1539//1539 1538//1538 1511//1511
f 1539//1539 1511//1511 614//614
f 614//614 615//615 1539//1539
f 1539//1539 615//615 616//616
f 1539//1539 616//616 1537//1537
f 1537//1537 616//616 617//617
f 1537//1537 617//617 1529//1529
f 1529//1529 617//617 1533//1533
f 1529//1529 1533//1533 1530//1530
f 1510//1510 1511//1511 1525//1525
f 1525//1525 1511//1511 1538//1538
f 1525//1525 1538//1538 1524//1524
f 1524//1524 1538//1538 1531//1531
f 1524//1524 1531//1531 1526//1526
f 1526//1526 1531//1531 1527//1527
f 602//602 1532//1532 1533//1533
f 1533//1533 1532//1532 1536//1536
f 1533//1533 1536//1536 1530//1530
f 1530//1530 1536//1536 1535//1535
f 1530//1530 1535//1535 1531//1531
f 1531//1531 1535//1535 1528//1528
f 1531//1531 1528//1528 1527//1527
f 601//601 610//610 1540//1540
f 1540//1540 610//610 609//609
f 1540//1540 609//609 1541//1541
f 1541//1541 609//609 1542//1542
f 1542//1542 609//609 607//607
f 1542//1542 607//607 605//605
f 1512//1512 637//637 1543//1543
f 611//611 613//613 1544//1544
f 1544//1544 613//613 1512//1512
f 611//611 1544//1544 600//600
f 600//600 1544//1544 1545//1545
f 600//600 1545//1545 598//598
f 1512//1512 1543//1543 1544//1544
f 1544//1544 1543//1543 1546//1546
f 1544//1544 1546//1546 1545//1545
f 1545//1545 1546//1546 1547//1547
f 1545//1545 1547//1547 1548//1548
f 1548//1548 1547//1547 1549//1549
f 1548//1548 1549//1549 1550//1550
f 598//598 1545//1545 596//596
f 596//596 1545//1545 1548//1548
f 596//596 1548//1548 604//604
f 604//604 1548//1548 1550//1550
f 604//604 1550//1550 605//605
f 669//669 668//668 1551//1551
f 1549//1549 1547//1547 1552//1552
f 1549//1549 1552//1552 1553//1553
f 1553//1553 1552//1552 1554//1554
f 1553//1553 1554//1554 1555//1555
f 1555//1555 1554//1554 1556//1556
f 1555//1555 1556//1556 1557//1557
f 1557//1557 1556//1556 1558//1558
f 1557//1557 1558//1558 1559//1559
f 1559//1559 1558//1558 1560//1560
f 1559//1559 1560//1560 1561//1561
f 1561//1561 1560//1560 1562//1562
f 1561//1561 1562//1562 1563//1563
f 1563//1563 1562//1562 1564//1564
f 1563//1563 1564//1564 1565//1565
f 1565//1565 1564//1564 1566//1566
f 1566//1566 1564//1564 676//676
f 1566//1566 676//676 678//678
f 1567//1567 653//653 1568//1568
f 1568//1568 653//653 652//652
f 1568//1568 652//652 1569//1569
f 1569//1569 652//652 650//650
f 1569//1569 650//650 662//662
f 1543//1543 637//637 1570//1570
f 1570//1570 637//637 640//640
f 1570//1570 640//640 1571//1571
f 1571//1571 640//640 642//642
f 1571//1571 642//642 1572//1572
f 1572//1572 642//642 644//644
f 1572//1572 644//644 1573//1573
f 1573//1573 644//644 646//646
f 1573//1573 646//646 1567//1567
f 1567//1567 646//646 648//648
f 1567//1567 648//648 653//653
f 669//669 1551//1551 684//684
f 1546//1546 1543//1543 1574//1574
f 1574//1574 1543//1543 1570//1570
f 1574//1574 1570//1570 1575//1575
f 1575//1575 1570//1570 1571//1571
f 1575//1575 1571//1571 1576//1576
f 1576//1576 1571//1571 1572//1572
f 1576//1576 1572//1572 1577//1577
f 1577//1577 1572//1572 1573//1573
f 1577//1577 1573//1573 1578//1578
f 1578//1578 1573//1573 1567//1567
f 1578//1578 1567//1567 1579//1579
f 1579//1579 1567//1567 1568//1568
f 1579//1579 1568//1568 1551//1551
f 1551//1551 1568//1568 1569//1569
f 1551//1551 1569//1569 684//684
f 684//684 1569//1569 662//662
f 684//684 662//662 661//661
f 1547//1547 1546//1546 1552//1552
f 1552//1552 1546//1546 1574//1574
f 1552//1552 1574//1574 1554//1554
f 1554//1554 1574//1574 1575//1575
f 1554//1554 1575//1575 1556//1556
f 1556//1556 1575//1575 1576//1576
f 1556//1556 1576//1576 1558//1558
f 1558//1558 1576//1576 1577//1577
f 1558//1558 1577//1577 1560//1560
f 1560//1560 1577//1577 1578//1578
f 1560//1560 1578//1578 1562//1562
f 1562//1562 1578//1578 1579//1579
f 1562//1562 1579//1579 1564//1564
f 1564//1564 1579//1579 1551//1551
f 1564//1564 1551//1551 676//676
f 676//676 1551//1551 668//668
f 696//696 449//449 697//697
f 706//706 714//714 1580//1580
f 714//714 715//715 1580//1580
f 1580//1580 715//715 306//306
f 1580//1580 306//306 719//719
f 671//671 286//286 686//686
f 1581//1581 678//678 1582//1582
f 1582//1582 678//678 681//681
f 1582//1582 681//681 1583//1583
f 1583//1583 681//681 680//680
f 697//697 706//706 696//696
f 696//696 706//706 1580//1580
f 696//696 1580//1580 695//695
f 695//695 1580//1580 1584//1584
f 695//695 1584//1584 693//693
f 693//693 1584//1584 1585//1585
f 693//693 1585//1585 691//691
f 691//691 1585//1585 1586//1586
f 691//691 1586//1586 689//689
f 689//689 1586//1586 1587//1587
f 689//689 1587//1587 686//686
f 686//686 1587//1587 1588//1588
f 686//686 1588//1588 671//671
f 671//671 1588//1588 1583//1583
f 671//671 1583//1583 679//679
f 679//679 1583//1583 680//680
f 1589//1589 1590//1590 1591//1591
f 1589//1589 1591//1591 1592//1592
f 1592//1592 1591//1591 1593//1593
f 1592//1592 1593//1593 1594//1594
f 1594//1594 1593//1593 1595//1595
f 1594//1594 1595//1595 1596//1596
f 1596//1596 1595//1595 719//719
f 1596//1596 719//719 718//718
f 1597//1597 1598//1598 1599//1599
f 1597//1597 1599//1599 1600//1600
f 1600//1600 1599//1599 1601//1601
f 1600//1600 1601//1601 1602//1602
f 1602//1602 1601//1601 1603//1603
f 1602//1602 1603//1603 1604//1604
f 1604//1604 1603//1603 1605//1605
f 1604//1604 1605//1605 1606//1606
f 1606//1606 1605//1605 1607//1607
f 1606//1606 1607//1607 1608//1608
f 1608//1608 1607//1607 1591//1591
f 1608//1608 1591//1591 1590//1590
f 1580//1580 719//719 1595//1595
f 1585//1585 1584//1584 1609//1609
f 1609//1609 1584//1584 1580//1580
f 1609//1609 1580//1580 1610//1610
f 1610//1610 1580//1580 1595//1595
f 1585//1585 1609//1609 1586//1586
f 1586//1586 1609//1609 1611//1611
f 1586//1586 1611//1611 1587//1587
f 1587//1587 1611//1611 1612//1612
f 1587//1587 1612//1612 1588//1588
f 1588//1588 1612//1612 1583//1583
f 1583//1583 1612//1612 1613//1613
f 1583//1583 1613//1613 1582//1582
f 1582//1582 1613//1613 1614//1614
f 1582//1582 1614//1614 1581//1581
f 1598//1598 1615//1615 1599//1599
f 1599//1599 1615//1615 1616//1616
f 1599//1599 1616//1616 1601//1601
f 1601//1601 1616//1616 1617//1617
f 1601//1601 1617//1617 1603//1603
f 1603//1603 1617//1617 1618//1618
f 1603//1603 1618//1618 1605//1605
f 1605//1605 1618//1618 1619//1619
f 1605//1605 1619//1619 1607//1607
f 1607//1607 1619//1619 1620//1620
f 1607//1607 1620//1620 1591//1591
f 1591//1591 1620//1620 1593//1593
f 1615//1615 1614//1614 1616//1616
f 1616//1616 1614//1614 1613//1613
f 1616//1616 1613//1613 1617//1617
f 1617//1617 1613//1613 1612//1612
f 1617//1617 1612//1612 1618//1618
f 1618//1618 1612//1612 1611//1611
f 1618//1618 1611//1611 1619//1619
f 1619//1619 1611//1611 1609//1609
f 1619//1619 1609//1609 1620//1620
f 1620//1620 1609//1609 1610//1610
f 1620//1620 1610//1610 1593//1593
f 1593//1593 1610//1610 1595//1595
f 1597//1597 1621//1621 1598//1598
f 1598//1598 1621//1621 1622//1622
f 1622//1622 1623//1623 1598//1598
f 1598//1598 1623//1623 1624//1624
f 1598//1598 1624//1624 1615//1615
f 1615//1615 1624//1624 1625//1625
f 1615//1615 1625//1625 1614//1614
f 1614//1614 1625//1625 1581//1581
f 1581//1581 1625//1625 1626//1626
f 1581//1581 1626//1626 1627//1627
f 1628//1628 1629//1629 937//937
f 937//937 1629//1629 1630//1630
f 1629//1629 1631//1631 1630//1630
f 1630//1630 1631//1631 1632//1632
f 1630//1630 1632//1632 1633//1633
f 1633//1633 1632//1632 1634//1634
f 1633//1633 1634//1634 1635//1635
f 1635//1635 1634//1634 1636//1636
f 1635//1635 1636//1636 1637//1637
f 1638//1638 1639//1639 1640//1640
f 1638//1638 1640//1640 1641//1641
f 1641//1641 1640//1640 1642//1642
f 1641//1641 1642//1642 1643//1643
f 1643//1643 1642//1642 1644//1644
f 1643//1643 1644//1644 1645//1645
f 1645//1645 1644//1644 1646//1646
f 1645//1645 1646//1646 1647//1647
f 1647//1647 1646//1646 1648//1648
f 1647//1647 1648//1648 1649//1649
f 1649//1649 1648//1648 1635//1635
f 1649//1649 1635//1635 1637//1637
f 938//938 937//937 1630//1630
f 942//942 943//943 1650//1650
f 1650//1650 943//943 938//938
f 1650//1650 938//938 1651//1651
f 1651//1651 938//938 1630//1630
f 942//942 1650//1650 941//941
f 941//941 1650//1650 1652//1652
f 941//941 1652//1652 940//940
f 940//940 1652//1652 1653//1653
f 940//940 1653//1653 939//939
f 939//939 1653//1653 1654//1654
f 939//939 1654//1654 936//936
f 936//936 1654//1654 1655//1655
f 936//936 1655//1655 721//721
f 1639//1639 1656//1656 1640//1640
f 1640//1640 1656//1656 1657//1657
f 1640//1640 1657//1657 1642//1642
f 1642//1642 1657//1657 1658//1658
f 1642//1642 1658//1658 1644//1644
f 1644//1644 1658//1658 1659//1659
f 1644//1644 1659//1659 1646//1646
f 1646//1646 1659//1659 1660//1660
f 1646//1646 1660//1660 1648//1648
f 1648//1648 1660//1660 1661//1661
f 1648//1648 1661//1661 1635//1635
f 1635//1635 1661//1661 1633//1633
f 1656//1656 1655//1655 1657//1657
f 1657//1657 1655//1655 1654//1654
f 1657//1657 1654//1654 1658//1658
f 1658//1658 1654//1654 1653//1653
f 1658//1658 1653//1653 1659//1659
f 1659//1659 1653//1653 1652//1652
f 1659//1659 1652//1652 1660//1660
f 1660//1660 1652//1652 1650//1650
f 1660//1660 1650//1650 1661//1661
f 1661//1661 1650//1650 1651//1651
f 1661//1661 1651//1651 1633//1633
f 1633//1633 1651//1651 1630//1630
f 722//722 721//721 1655//1655
f 722//722 1655//1655 1662//1662
f 1662//1662 1655//1655 1656//1656
f 1662//1662 1656//1656 1663//1663
f 1663//1663 1656//1656 1639//1639
f 1663//1663 1639//1639 1664//1664
f 1664//1664 1639//1639 1638//1638
f 1664//1664 1638//1638 1665//1665
f 1666//1666 1663//1663 1664//1664
f 759//759 722//722 1662//1662
f 754//754 756//756 1667//1667
f 1662//1662 1663//1663 1668//1668
f 1668//1668 1663//1663 1666//1666
f 1668//1668 1666//1666 1667//1667
f 771//771 753//753 754//754
f 771//771 1669//1669 774//774
f 774//774 1669//1669 1670//1670
f 774//774 1670//1670 768//768
f 768//768 1670//1670 1671//1671
f 768//768 1671//1671 769//769
f 769//769 1671//1671 1672//1672
f 1667//1667 756//756 1668//1668
f 1668//1668 756//756 762//762
f 1668//1668 762//762 1662//1662
f 1662//1662 762//762 761//761
f 1662//1662 761//761 759//759
f 1665//1665 1672//1672 1664//1664
f 1664//1664 1672//1672 1671//1671
f 1664//1664 1671//1671 1666//1666
f 1666//1666 1671//1671 1670//1670
f 1666//1666 1670//1670 1667//1667
f 1667//1667 1670//1670 1669//1669
f 1667//1667 1669//1669 754//754
f 754//754 1669//1669 771//771
f 776//776 775//775 1673//1673
f 1673//1673 775//775 770//770
f 1673//1673 770//770 769//769
f 975//975 974//974 1674//1674
f 1674//1674 974//974 746//746
f 1674//1674 746//746 766//766
f 1674//1674 1675//1675 975//975
f 975//975 1675//1675 1676//1676
f 975//975 1676//1676 976//976
f 976//976 1676//1676 1677//1677
f 976//976 1677//1677 778//778
f 766//766 776//776 1674//1674
f 1674//1674 776//776 1673//1673
f 1674//1674 1673//1673 1675//1675
f 1675//1675 1673//1673 1678//1678
f 1675//1675 1678//1678 1676//1676
f 1676//1676 1678//1678 1679//1679
f 1676//1676 1679//1679 1677//1677
f 1677//1677 1679//1679 1680//1680
f 1680//1680 1681//1681 1677//1677
f 1677//1677 1681//1681 1682//1682
f 1677//1677 1682//1682 778//778
f 778//778 1682//1682 777//777
f 781//781 780//780 1683//1683
f 1683//1683 780//780 1206//1206
f 1683//1683 1206//1206 1684//1684
f 1684//1684 1206//1206 1205//1205
f 1684//1684 1205//1205 1685//1685
f 1685//1685 1205//1205 777//777
f 1685//1685 777//777 1682//1682
f 1682//1682 1681//1681 1685//1685
f 1685//1685 1681//1681 1686//1686
f 1685//1685 1686//1686 1684//1684
f 1684//1684 1686//1686 1687//1687
f 1684//1684 1687//1687 1683//1683
f 1683//1683 1687//1687 1688//1688
f 1683//1683 1688//1688 781//781
f 781//781 1688//1688 794//794
f 1689//1689 1690//1690 1589//1589
f 791//791 783//783 1691//1691
f 1691//1691 783//783 782//782
f 1691//1691 782//782 792//792
f 1592//1592 1594//1594 1692//1692
f 1692//1692 1594//1594 1596//1596
f 1692//1692 1596//1596 1693//1693
f 1693//1693 1596//1596 718//718
f 1693//1693 718//718 809//809
f 1589//1589 1592//1592 1689//1689
f 1689//1689 1592//1592 1692//1692
f 1689//1689 1692//1692 1694//1694
f 1694//1694 1692//1692 1693//1693
f 1694//1694 1693//1693 1695//1695
f 1695//1695 1693//1693 809//809
f 808//808 811//811 1691//1691
f 1691//1691 811//811 810//810
f 1691//1691 810//810 791//791
f 809//809 808//808 1695//1695
f 1695//1695 808//808 1691//1691
f 1695//1695 1691//1691 1694//1694
f 1694//1694 1691//1691 792//792
f 1694//1694 792//792 1689//1689
f 1689//1689 792//792 793//793
f 1689//1689 793//793 1690//1690
f 1690//1690 793//793 794//794
f 1696//1696 830//830 1697//1697
f 1697//1697 830//830 828//828
f 1697//1697 828//828 1698//1698
f 1698//1698 828//828 827//827
f 1698//1698 827//827 1699//1699
f 1699//1699 827//827 834//834
f 1699//1699 834//834 1700//1700
f 1700//1700 834//834 833//833
f 1700//1700 833//833 1701//1701
f 1701//1701 833//833 832//832
f 1701//1701 832//832 1702//1702
f 1702//1702 832//832 837//837
f 1702//1702 837//837 1703//1703
f 1703//1703 837//837 836//836
f 1703//1703 836//836 1704//1704
f 1704//1704 836//836 835//835
f 1704//1704 835//835 1705//1705
f 1705//1705 835//835 839//839
f 1705//1705 839//839 1706//1706
f 1706//1706 839//839 838//838
f 1706//1706 838//838 1707//1707
f 1707//1707 838//838 831//831
f 1707//1707 831//831 1696//1696
f 1696//1696 831//831 830//830
f 1708//1708 843//843 1709//1709
f 1709//1709 843//843 841//841
f 1709//1709 841//841 1710//1710
f 1710//1710 841//841 840//840
f 1710//1710 840//840 1711//1711
f 1711//1711 840//840 847//847
f 1711//1711 847//847 1712//1712
f 1712//1712 847//847 846//846
f 1712//1712 846//846 1713//1713
f 1713//1713 846//846 845//845
f 1713//1713 845//845 1714//1714
f 1714//1714 845//845 850//850
f 1714//1714 850//850 1715//1715
f 1715//1715 850//850 849//849
f 1715//1715 849//849 1716//1716
f 1716//1716 849//849 848//848
f 1716//1716 848//848 1717//1717
f 1717//1717 848//848 852//852
f 1717//1717 852//852 1718//1718
f 1718//1718 852//852 851//851
f 1718//1718 851//851 1719//1719
f 1719//1719 851//851 844//844
f 1719//1719 844//844 1708//1708
f 1708//1708 844//844 843//843
f 1720//1720 856//856 1721//1721
f 1721//1721 856//856 854//854
f 1721//1721 854//854 1722//1722
f 1722//1722 854//854 853//853
f 1722//1722 853//853 1723//1723
f 1723//1723 853//853 860//860
f 1723//1723 860//860 1724//1724
f 1724//1724 860//860 859//859
f 1724//1724 859//859 1725//1725
f 1725//1725 859//859 858//858
f 1725//1725 858//858 1726//1726
f 1726//1726 858//858 863//863
f 1726//1726 863//863 1727//1727
f 1727//1727 863//863 862//862
f 1727//1727 862//862 1728//1728
f 1728//1728 862//862 861//861
f 1728//1728 861//861 1729//1729
f 1729//1729 861//861 865//865
f 1729//1729 865//865 1730//1730
f 1730//1730 865//865 864//864
f 1730//1730 864//864 1731//1731
f 1731//1731 864//864 857//857
f 1731//1731 857//857 1720//1720
f 1720//1720 857//857 856//856
f 1732//1732 869//869 1733//1733
f 1733//1733 869//869 867//867
f 1733//1733 867//867 1734//1734
f 1734//1734 867//867 866//866
f 1734//1734 866//866 1735//1735
f 1735//1735 866//866 873//873
f 1735//1735 873//873 1736//1736
f 1736//1736 873//873 872//872
f 1736//1736 872//872 1737//1737
f 1737//1737 872//872 871//871
f 1737//1737 871//871 1738//1738
f 1738//1738 871//871 876//876
f 1738//1738 876//876 1739//1739
f 1739//1739 876//876 875//875
f 1739//1739 875//875 1740//1740
f 1740//1740 875//875 874//874
f 1740//1740 874//874 1741//1741
f 1741//1741 874//874 878//878
f 1741//1741 878//878 1742//1742
f 1742//1742 878//878 877//877
f 1742//1742 877//877 1743//1743
f 1743//1743 877//877 870//870
f 1743//1743 870//870 1732//1732
f 1732//1732 870//870 869//869
f 1744//1744 879//879 880//880
f 1744//1744 880//880 1745//1745
f 1745//1745 880//880 881//881
f 1745//1745 881//881 1746//1746
f 95//95 1747//1747 97//97
f 97//97 1747//1747 1746//1746
f 97//97 1746//1746 882//882
f 882//882 1746//1746 881//881
f 95//95 102//102 1747//1747
f 1747//1747 102//102 101//101
f 1747//1747 101//101 1748//1748
f 101//101 99//99 1748//1748
f 1748//1748 99//99 87//87
f 1748//1748 87//87 1749//1749
f 87//87 89//89 1749//1749
f 1749//1749 89//89 91//91
f 1749//1749 91//91 1750//1750
f 84//84 1751//1751 86//86
f 86//86 1751//1751 1750//1750
f 86//86 1750//1750 93//93
f 93//93 1750//1750 91//91
f 879//879 1744//1744 887//887
f 887//887 1744//1744 1752//1752
f 887//887 1752//1752 888//888
f 888//888 1752//1752 886//886
f 1752//1752 64//64 883//883
f 886//886 1752//1752 885//885
f 885//885 1752//1752 883//883
f 885//885 883//883 884//884
f 1753//1753 889//889 890//890
f 1753//1753 890//890 1754//1754
f 1754//1754 890//890 891//891
f 1754//1754 891//891 1755//1755
f 75//75 1756//1756 77//77
f 77//77 1756//1756 1755//1755
f 77//77 1755//1755 892//892
f 892//892 1755//1755 891//891
f 75//75 82//82 1756//1756
f 1756//1756 82//82 81//81
f 1756//1756 81//81 1757//1757
f 81//81 79//79 1757//1757
f 1757//1757 79//79 67//67
f 1757//1757 67//67 1758//1758
f 67//67 69//69 1758//1758
f 1758//1758 69//69 71//71
f 1758//1758 71//71 1759//1759
f 64//64 1752//1752 66//66
f 66//66 1752//1752 1759//1759
f 66//66 1759//1759 73//73
f 73//73 1759//1759 71//71
f 904//904 889//889 1753//1753
f 1760//1760 44//44 893//893
f 893//893 894//894 1760//1760
f 1760//1760 894//894 895//895
f 1760//1760 895//895 896//896
f 896//896 898//898 1760//1760
f 1760//1760 898//898 897//897
f 1760//1760 897//897 1753//1753
f 1753//1753 897//897 899//899
f 1753//1753 899//899 901//901
f 903//903 904//904 902//902
f 902//902 904//904 1753//1753
f 902//902 1753//1753 900//900
f 900//900 1753//1753 901//901
f 908//908 1761//1761 907//907
f 907//907 1761//1761 1762//1762
f 907//907 1762//1762 906//906
f 906//906 1762//1762 1763//1763
f 906//906 1763//1763 905//905
f 908//908 57//57 1761//1761
f 1761//1761 57//57 55//55
f 1761//1761 55//55 1764//1764
f 55//55 62//62 1764//1764
f 1764//1764 62//62 61//61
f 1764//1764 61//61 1765//1765
f 61//61 59//59 1765//1765
f 1765//1765 59//59 47//47
f 1765//1765 47//47 1766//1766
f 47//47 49//49 1766//1766
f 1766//1766 49//49 51//51
f 1766//1766 51//51 1767//1767
f 44//44 1760//1760 46//46
f 46//46 1760//1760 1767//1767
f 46//46 1767//1767 53//53
f 53//53 1767//1767 51//51
f 927//927 926//926 912//912
f 912//912 926//926 916//916
f 912//912 916//916 910//910
f 910//910 916//916 915//915
f 910//910 915//915 24//24
f 24//24 915//915 917//917
f 24//24 917//917 924//924
f 924//924 923//923 24//24
f 24//24 923//923 922//922
f 24//24 922//922 1768//1768
f 1768//1768 922//922 921//921
f 1768//1768 921//921 920//920
f 931//931 930//930 1763//1763
f 920//920 919//919 1768//1768
f 1768//1768 919//919 918//918
f 1768//1768 918//918 1763//1763
f 1763//1763 918//918 925//925
f 1763//1763 925//925 931//931
f 912//912 911//911 927//927
f 927//927 911//911 913//913
f 927//927 913//913 914//914
f 930//930 929//929 1763//1763
f 1763//1763 929//929 928//928
f 1763//1763 928//928 905//905
f 905//905 928//928 927//927
f 905//905 927//927 909//909
f 909//909 927//927 914//914
f 935//935 1769//1769 934//934
f 934//934 1769//1769 1770//1770
f 934//934 1770//1770 933//933
f 933//933 1770//1770 1771//1771
f 933//933 1771//1771 932//932
f 935//935 37//37 1769//1769
f 1769//1769 37//37 35//35
f 1769//1769 35//35 1772//1772
f 35//35 42//42 1772//1772
f 1772//1772 42//42 41//41
f 1772//1772 41//41 1773//1773
f 41//41 39//39 1773//1773
f 1773//1773 39//39 27//27
f 1773//1773 27//27 1774//1774
f 27//27 29//29 1774//1774
f 1774//1774 29//29 31//31
f 1774//1774 31//31 1775//1775
f 24//24 1768//1768 26//26
f 26//26 1768//1768 1775//1775
f 26//26 1775//1775 33//33
f 33//33 1775//1775 31//31
f 1751//1751 84//84 1771//1771
f 1771//1771 84//84 932//932
f 945//945 1628//1628 341//341
f 341//341 1628//1628 937//937
f 944//944 946//946 1776//1776
f 1776//1776 946//946 1777//1777
f 1776//1776 1777//1777 1778//1778
f 1779//1779 1780//1780 1781//1781
f 1781//1781 1780//1780 1782//1782
f 1783//1783 1782//1782 1784//1784
f 1784//1784 1782//1782 1780//1780
f 1784//1784 1780//1780 1785//1785
f 1785//1785 1780//1780 1786//1786
f 950//950 949//949 1787//1787
f 350//350 958//958 947//947
f 947//947 958//958 1788//1788
f 1781//1781 1778//1778 1779//1779
f 1779//1779 1778//1778 1777//1777
f 1779//1779 1777//1777 1788//1788
f 1788//1788 1777//1777 946//946
f 1788//1788 946//946 947//947
f 1787//1787 1786//1786 950//950
f 950//950 1786//1786 1780//1780
f 950//950 1780//1780 960//960
f 960//960 1780//1780 1779//1779
f 960//960 1779//1779 959//959
f 959//959 1779//1779 1788//1788
f 959//959 1788//1788 957//957
f 957//957 1788//1788 958//958
f 1784//1784 1789//1789 1783//1783
f 356//356 355//355 1790//1790
f 356//356 1790//1790 357//357
f 1791//1791 1787//1787 1792//1792
f 1792//1792 1787//1787 949//949
f 1792//1792 949//949 1793//1793
f 1793//1793 949//949 948//948
f 948//948 955//955 1793//1793
f 1793//1793 955//955 954//954
f 1793//1793 954//954 1790//1790
f 1790//1790 954//954 952//952
f 1790//1790 952//952 357//357
f 1789//1789 1784//1784 1794//1794
f 1794//1794 1784//1784 1785//1785
f 1794//1794 1785//1785 1791//1791
f 1791//1791 1785//1785 1786//1786
f 1791//1791 1786//1786 1787//1787
f 961//961 962//962 1795//1795
f 1795//1795 1790//1790 355//355
f 981//981 961//961 980//980
f 980//980 961//961 1795//1795
f 980//980 1795//1795 978//978
f 978//978 1795//1795 979//979
f 385//385 151//151 964//964
f 964//964 151//151 977//977
f 964//964 977//977 965//965
f 965//965 977//977 979//979
f 965//965 979//979 973//973
f 973//973 979//979 1795//1795
f 973//973 1795//1795 363//363
f 363//363 1795//1795 355//355
f 5//5 1796//1796 1797//1797
f 1798//1798 1795//1795 982//982
f 982//982 1795//1795 962//962
f 1798//1798 982//982 1799//1799
f 1799//1799 982//982 22//22
f 1799//1799 22//22 1800//1800
f 1800//1800 22//22 20//20
f 1800//1800 20//20 1801//1801
f 1801//1801 20//20 18//18
f 1801//1801 18//18 1802//1802
f 1802//1802 18//18 1803//1803
f 1803//1803 18//18 8//8
f 1803//1803 8//8 1804//1804
f 1804//1804 8//8 10//10
f 1804//1804 10//10 1805//1805
f 1805//1805 10//10 12//12
f 1805//1805 12//12 1806//1806
f 1806//1806 12//12 13//13
f 1806//1806 13//13 1807//1807
f 1807//1807 13//13 15//15
f 1807//1807 15//15 1808//1808
f 15//15 16//16 1808//1808
f 1808//1808 16//16 2//2
f 1808//1808 2//2 1797//1797
f 1797//1797 2//2 1//1
f 1797//1797 1//1 5//5
f 1796//1796 5//5 984//984
f 983//983 414//414 997//997
f 984//984 985//985 1796//1796
f 1796//1796 985//985 986//986
f 1796//1796 986//986 987//987
f 990//990 1809//1809 988//988
f 988//988 1809//1809 1796//1796
f 988//988 1796//1796 989//989
f 989//989 1796//1796 987//987
f 994//994 983//983 993//993
f 993//993 983//983 997//997
f 993//993 997//997 991//991
f 991//991 997//997 1809//1809
f 991//991 1809//1809 992//992
f 992//992 1809//1809 990//990
f 1013//1013 1022//1022 1810//1810
f 1244//1244 1243//1243 1000//1000
f 1000//1000 1243//1243 1241//1241
f 1000//1000 1241//1241 1249//1249
f 1246//1246 1245//1245 1811//1811
f 1246//1246 1811//1811 1248//1248
f 1245//1245 1252//1252 1811//1811
f 1811//1811 1252//1252 1019//1019
f 1811//1811 1019//1019 1812//1812
f 1285//1285 1001//1001 1234//1234
f 1234//1234 1001//1001 1002//1002
f 1234//1234 1002//1002 1282//1282
f 1285//1285 1284//1284 1001//1001
f 1001//1001 1284//1284 1283//1283
f 1001//1001 1283//1283 1000//1000
f 1000//1000 1283//1283 1237//1237
f 1000//1000 1237//1237 1244//1244
f 1003//1003 1281//1281 1280//1280
f 1003//1003 1280//1280 1002//1002
f 1002//1002 1280//1280 1279//1279
f 1002//1002 1279//1279 1282//1282
f 996//996 1274//1274 1272//1272
f 996//996 1272//1272 1003//1003
f 1003//1003 1272//1272 1271//1271
f 1003//1003 1271//1271 1281//1281
f 1261//1261 1266//1266 995//995
f 995//995 1266//1266 1268//1268
f 1268//1268 1270//1270 995//995
f 995//995 1270//1270 1277//1277
f 995//995 1277//1277 996//996
f 996//996 1277//1277 1276//1276
f 996//996 1276//1276 1274//1274
f 1812//1812 1019//1019 1810//1810
f 1810//1810 1019//1019 1017//1017
f 1810//1810 1017//1017 1016//1016
f 1016//1016 1015//1015 1810//1810
f 1810//1810 1015//1015 1014//1014
f 1810//1810 1014//1014 1013//1013
f 1813//1813 1809//1809 998//998
f 998//998 1809//1809 997//997
f 1813//1813 998//998 1814//1814
f 1814//1814 998//998 999//999
f 1814//1814 999//999 1815//1815
f 1815//1815 999//999 1816//1816
f 1816//1816 999//999 1000//1000
f 1816//1816 1000//1000 1811//1811
f 1811//1811 1000//1000 1249//1249
f 1811//1811 1249//1249 1248//1248
f 1033//1033 1020//1020 1025//1025
f 1025//1025 1020//1020 1012//1012
f 1817//1817 1818//1818 1819//1819
f 1820//1820 1818//1818 1817//1817
f 1821//1821 1820//1820 1817//1817
f 1817//1817 1822//1822 1823//1823
f 1824//1824 1822//1822 1817//1817
f 1819//1819 1824//1824 1817//1817
f 1040//1040 1817//1817 1825//1825
f 1817//1817 1040//1040 1039//1039
f 1823//1823 1825//1825 1817//1817
f 1038//1038 1037//1037 1817//1817
f 1035//1035 1045//1045 1817//1817
f 1044//1044 1821//1821 1817//1817
f 1826//1826 1827//1827 1828//1828
f 1829//1829 1830//1830 1831//1831
f 1831//1831 1830//1830 1826//1826
f 1831//1831 1826//1826 1832//1832
f 1832//1832 1826//1826 1828//1828
f 1045//1045 1044//1044 1817//1817
f 1037//1037 1035//1035 1817//1817
f 1039//1039 1038//1038 1817//1817
f 1824//1824 1833//1833 1822//1822
f 1822//1822 1833//1833 1834//1834
f 1822//1822 1834//1834 1823//1823
f 1823//1823 1834//1834 1033//1033
f 1823//1823 1033//1033 1825//1825
f 1825//1825 1033//1033 1031//1031
f 1825//1825 1031//1031 1040//1040
f 1828//1828 1833//1833 1832//1832
f 1832//1832 1833//1833 1824//1824
f 1832//1832 1824//1824 1831//1831
f 1831//1831 1824//1824 1819//1819
f 1831//1831 1819//1819 1829//1829
f 1829//1829 1819//1819 1818//1818
f 1829//1829 1818//1818 1835//1835
f 1835//1835 1818//1818 1820//1820
f 1835//1835 1820//1820 1836//1836
f 1836//1836 1820//1820 1821//1821
f 1836//1836 1821//1821 1042//1042
f 1042//1042 1821//1821 1044//1044
f 1089//1089 1147//1147 1148//1148
f 1155//1155 1107//1107 1154//1154
f 1154//1154 1107//1107 1109//1109
f 1154//1154 1109//1109 1153//1153
f 1156//1156 1103//1103 1155//1155
f 1155//1155 1103//1103 1105//1105
f 1155//1155 1105//1105 1107//1107
f 1089//1089 1091//1091 1147//1147
f 1147//1147 1091//1091 1093//1093
f 1147//1147 1093//1093 1158//1158
f 1158//1158 1093//1093 1095//1095
f 1158//1158 1095//1095 1157//1157
f 1149//1149 1085//1085 1148//1148
f 1148//1148 1085//1085 1087//1087
f 1148//1148 1087//1087 1089//1089
f 1109//1109 1135//1135 1153//1153
f 1153//1153 1135//1135 1138//1138
f 1153//1153 1138//1138 1152//1152
f 1152//1152 1138//1138 1041//1041
f 1056//1056 1151//1151 1054//1054
f 1054//1054 1151//1151 1152//1152
f 1054//1054 1152//1152 1051//1051
f 1051//1051 1152//1152 1041//1041
f 1164//1164 1042//1042 1142//1142
f 1142//1142 1042//1042 1041//1041
f 1142//1142 1041//1041 1140//1140
f 1140//1140 1041//1041 1138//1138
f 1095//1095 1097//1097 1157//1157
f 1157//1157 1097//1097 1099//1099
f 1157//1157 1099//1099 1156//1156
f 1156//1156 1099//1099 1101//1101
f 1156//1156 1101//1101 1103//1103
f 1056//1056 1058//1058 1151//1151
f 1151//1151 1058//1058 1078//1078
f 1151//1151 1078//1078 1150//1150
f 1150//1150 1078//1078 1081//1081
f 1150//1150 1081//1081 1149//1149
f 1149//1149 1081//1081 1083//1083
f 1149//1149 1083//1083 1085//1085
f 1837//1837 1838//1838 1839//1839
f 1163//1163 1837//1837 1164//1164
f 1837//1837 1163//1163 1162//1162
f 1840//1840 1841//1841 1842//1842
f 1843//1843 1844//1844 1837//1837
f 1837//1837 1844//1844 1845//1845
f 1846//1846 1837//1837 1845//1845
f 1846//1846 1164//1164 1837//1837
f 1847//1847 1843//1843 1837//1837
f 1848//1848 1839//1839 1849//1849
f 1849//1849 1839//1839 1850//1850
f 1848//1848 1851//1851 1839//1839
f 1839//1839 1851//1851 1847//1847
f 1839//1839 1847//1847 1837//1837
f 1852//1852 1853//1853 1854//1854
f 1854//1854 1853//1853 1855//1855
f 1854//1854 1855//1855 1856//1856
f 1856//1856 1855//1855 1857//1857
f 1856//1856 1857//1857 1858//1858
f 1858//1858 1857//1857 1859//1859
f 1858//1858 1859//1859 1860//1860
f 1860//1860 1859//1859 1168//1168
f 1860//1860 1168//1168 1169//1169
f 1161//1161 1160//1160 1837//1837
f 1837//1837 1159//1159 1861//1861
f 1861//1861 1159//1159 1165//1165
f 1861//1861 1165//1165 1166//1166
f 1838//1838 1837//1837 1861//1861
f 1162//1162 1161//1161 1837//1837
f 1853//1853 1840//1840 1855//1855
f 1855//1855 1840//1840 1842//1842
f 1855//1855 1842//1842 1857//1857
f 1857//1857 1842//1842 1862//1862
f 1857//1857 1862//1862 1859//1859
f 1859//1859 1862//1862 1863//1863
f 1859//1859 1863//1863 1168//1168
f 1168//1168 1863//1863 1167//1167
f 1841//1841 1850//1850 1842//1842
f 1842//1842 1850//1850 1839//1839
f 1842//1842 1839//1839 1862//1862
f 1862//1862 1839//1839 1838//1838
f 1862//1862 1838//1838 1863//1863
f 1863//1863 1838//1838 1861//1861
f 1863//1863 1861//1861 1167//1167
f 1167//1167 1861//1861 1166//1166
f 1160//1160 1159//1159 1837//1837
f 1174//1174 1169//1169 1170//1170
f 1170//1170 1169//1169 1128//1128
f 1864//1864 1194//1194 1865//1865
f 1865//1865 1194//1194 1253//1253
f 1865//1865 1253//1253 1257//1257
f 1864//1864 1186//1186 1185//1185
f 1185//1185 1198//1198 1864//1864
f 1864//1864 1198//1198 1195//1195
f 1864//1864 1195//1195 1194//1194
f 1313//1313 1321//1321 1866//1866
f 1321//1321 1320//1320 1866//1866
f 1866//1866 1320//1320 1319//1319
f 1866//1866 1319//1319 1220//1220
f 1220//1220 1319//1319 1318//1318
f 1220//1220 1318//1318 1221//1221
f 1329//1329 1328//1328 1261//1261
f 995//995 129//129 1199//1199
f 1322//1322 1323//1323 1204//1204
f 1313//1313 1866//1866 1314//1314
f 1314//1314 1866//1866 1865//1865
f 1314//1314 1865//1865 1324//1324
f 1323//1323 1329//1329 1204//1204
f 1204//1204 1329//1329 1261//1261
f 1204//1204 1261//1261 1202//1202
f 1202//1202 1261//1261 995//995
f 1202//1202 995//995 1201//1201
f 1201//1201 995//995 1199//1199
f 1201//1201 1199//1199 1200//1200
f 477//477 1317//1317 1212//1212
f 1212//1212 1317//1317 1316//1316
f 1212//1212 1316//1316 1217//1217
f 1221//1221 1318//1318 1229//1229
f 1229//1229 1318//1318 1317//1317
f 1229//1229 1317//1317 494//494
f 494//494 1317//1317 477//477
f 494//494 477//477 476//476
f 465//465 1211//1211 437//437
f 437//437 1211//1211 1322//1322
f 437//437 1322//1322 1203//1203
f 1203//1203 1322//1322 1204//1204
f 1217//1217 1316//1316 1211//1211
f 1211//1211 1316//1316 1315//1315
f 1211//1211 1315//1315 1322//1322
f 1265//1265 1328//1328 1260//1260
f 1260//1260 1328//1328 1327//1327
f 1265//1265 1264//1264 1328//1328
f 1328//1328 1264//1264 1262//1262
f 1328//1328 1262//1262 1261//1261
f 1257//1257 1326//1326 1865//1865
f 1865//1865 1326//1326 1325//1325
f 1865//1865 1325//1325 1324//1324
f 1257//1257 1256//1256 1326//1326
f 1326//1326 1256//1256 1255//1255
f 1326//1326 1255//1255 1327//1327
f 1327//1327 1255//1255 1258//1258
f 1327//1327 1258//1258 1260//1260
f 1866//1866 1220//1220 1340//1340
f 1357//1357 1354//1354 1867//1867
f 1867//1867 1354//1354 1353//1353
f 1867//1867 1353//1353 1363//1363
f 1866//1866 1340//1340 1867//1867
f 1867//1867 1340//1340 1339//1339
f 1867//1867 1339//1339 1357//1357
f 1375//1375 1359//1359 1370//1370
f 1370//1370 1359//1359 1341//1341
f 1868//1868 1869//1869 1870//1870
f 1868//1868 1871//1871 1872//1872
f 1868//1868 1873//1873 1874//1874
f 1875//1875 1873//1873 1868//1868
f 1872//1872 1875//1875 1868//1868
f 1377//1377 1384//1384 1868//1868
f 1876//1876 1877//1877 1878//1878
f 1879//1879 1880//1880 1881//1881
f 1881//1881 1880//1880 1876//1876
f 1881//1881 1876//1876 1882//1882
f 1882//1882 1876//1876 1878//1878
f 1868//1868 1382//1382 1883//1883
f 1883//1883 1382//1382 1373//1373
f 1871//1871 1868//1868 1883//1883
f 1383//1383 1382//1382 1868//1868
f 1384//1384 1383//1383 1868//1868
f 1378//1378 1377//1377 1868//1868
f 1381//1381 1380//1380 1870//1870
f 1870//1870 1380//1380 1868//1868
f 1378//1378 1868//1868 1380//1380
f 1874//1874 1869//1869 1868//1868
f 1873//1873 1884//1884 1874//1874
f 1874//1874 1884//1884 1885//1885
f 1874//1874 1885//1885 1869//1869
f 1869//1869 1885//1885 1375//1375
f 1869//1869 1375//1375 1870//1870
f 1870//1870 1375//1375 1374//1374
f 1870//1870 1374//1374 1381//1381
f 1878//1878 1884//1884 1882//1882
f 1882//1882 1884//1884 1873//1873
f 1882//1882 1873//1873 1881//1881
f 1881//1881 1873//1873 1875//1875
f 1881//1881 1875//1875 1879//1879
f 1879//1879 1875//1875 1872//1872
f 1879//1879 1872//1872 1886//1886
f 1886//1886 1872//1872 1871//1871
f 1886//1886 1871//1871 1887//1887
f 1887//1887 1871//1871 1883//1883
f 1887//1887 1883//1883 1372//1372
f 1372//1372 1883//1883 1373//1373
f 1493//1493 1468//1468 1492//1492
f 1492//1492 1468//1468 1371//1371
f 1495//1495 1431//1431 1494//1494
f 1494//1494 1431//1431 1433//1433
f 1494//1494 1433//1433 1493//1493
f 1493//1493 1433//1433 1485//1485
f 1493//1493 1485//1485 1468//1468
f 1496//1496 1427//1427 1495//1495
f 1495//1495 1427//1427 1429//1429
f 1495//1495 1429//1429 1431//1431
f 1413//1413 1487//1487 1488//1488
f 1391//1391 1491//1491 1389//1389
f 1389//1389 1491//1491 1492//1492
f 1389//1389 1492//1492 1387//1387
f 1387//1387 1492//1492 1371//1371
f 1504//1504 1372//1372 1470//1470
f 1470//1470 1372//1372 1371//1371
f 1470//1470 1371//1371 1467//1467
f 1467//1467 1371//1371 1468//1468
f 1413//1413 1415//1415 1487//1487
f 1487//1487 1415//1415 1417//1417
f 1487//1487 1417//1417 1498//1498
f 1498//1498 1417//1417 1419//1419
f 1498//1498 1419//1419 1497//1497
f 1489//1489 1409//1409 1488//1488
f 1488//1488 1409//1409 1411//1411
f 1488//1488 1411//1411 1413//1413
f 1391//1391 1393//1393 1491//1491
f 1491//1491 1393//1393 1403//1403
f 1491//1491 1403//1403 1490//1490
f 1490//1490 1403//1403 1405//1405
f 1490//1490 1405//1405 1489//1489
f 1489//1489 1405//1405 1407//1407
f 1489//1489 1407//1407 1409//1409
f 1419//1419 1421//1421 1497//1497
f 1497//1497 1421//1421 1423//1423
f 1497//1497 1423//1423 1496//1496
f 1496//1496 1423//1423 1425//1425
f 1496//1496 1425//1425 1427//1427
f 1888//1888 1889//1889 1890//1890
f 1503//1503 1888//1888 1504//1504
f 1888//1888 1503//1503 1502//1502
f 1891//1891 1892//1892 1893//1893
f 1894//1894 1895//1895 1888//1888
f 1888//1888 1895//1895 1896//1896
f 1897//1897 1888//1888 1896//1896
f 1897//1897 1504//1504 1888//1888
f 1898//1898 1894//1894 1888//1888
f 1899//1899 1890//1890 1900//1900
f 1900//1900 1890//1890 1901//1901
f 1899//1899 1902//1902 1890//1890
f 1890//1890 1902//1902 1898//1898
f 1890//1890 1898//1898 1888//1888
f 1903//1903 1904//1904 1905//1905
f 1905//1905 1904//1904 1906//1906
f 1905//1905 1906//1906 1907//1907
f 1907//1907 1906//1906 1908//1908
f 1907//1907 1908//1908 1909//1909
f 1909//1909 1908//1908 1910//1910
f 1909//1909 1910//1910 1911//1911
f 1911//1911 1910//1910 1508//1508
f 1911//1911 1508//1508 1509//1509
f 1501//1501 1500//1500 1888//1888
f 1888//1888 1499//1499 1912//1912
f 1912//1912 1499//1499 1505//1505
f 1912//1912 1505//1505 1506//1506
f 1889//1889 1888//1888 1912//1912
f 1502//1502 1501//1501 1888//1888
f 1904//1904 1891//1891 1906//1906
f 1906//1906 1891//1891 1893//1893
f 1906//1906 1893//1893 1908//1908
f 1908//1908 1893//1893 1913//1913
f 1908//1908 1913//1913 1910//1910
f 1910//1910 1913//1913 1914//1914
f 1910//1910 1914//1914 1508//1508
f 1508//1508 1914//1914 1507//1507
f 1892//1892 1901//1901 1893//1893
f 1893//1893 1901//1901 1890//1890
f 1893//1893 1890//1890 1913//1913
f 1913//1913 1890//1890 1889//1889
f 1913//1913 1889//1889 1914//1914
f 1914//1914 1889//1889 1912//1912
f 1914//1914 1912//1912 1507//1507
f 1507//1507 1912//1912 1506//1506
f 1500//1500 1499//1499 1888//1888
f 1521//1521 1915//1915 1509//1509
f 1521//1521 1509//1509 1522//1522
f 1522//1522 1509//1509 1486//1486
f 1522//1522 1486//1486 1510//1510
f 1915//1915 1521//1521 1916//1916
f 1916//1916 1521//1521 1520//1520
f 1916//1916 1520//1520 1917//1917
f 1917//1917 1520//1520 1523//1523
f 1917//1917 1523//1523 1918//1918
f 1918//1918 1523//1523 1518//1518
f 1918//1918 1518//1518 1919//1919
f 1919//1919 1518//1518 1517//1517
f 1920//1920 1921//1921 1922//1922
f 1922//1922 1921//1921 1919//1919
f 1922//1922 1919//1919 1517//1517
f 1922//1922 1517//1517 1923//1923
f 1516//1516 1924//1924 1513//1513
f 1513//1513 1924//1924 1923//1923
f 1513//1513 1923//1923 1514//1514
f 1514//1514 1923//1923 1517//1517
f 1920//1920 1922//1922 1925//1925
f 1925//1925 1922//1922 1923//1923
f 1925//1925 1923//1923 1926//1926
f 1926//1926 1923//1923 1924//1924
f 1926//1926 1924//1924 1927//1927
f 1927//1927 1924//1924 1928//1928
f 1928//1928 1924//1924 1540//1540
f 1928//1928 1540//1540 1541//1541
f 1516//1516 1534//1534 1924//1924
f 1924//1924 1534//1534 1536//1536
f 1924//1924 1536//1536 1540//1540
f 1540//1540 1536//1536 1532//1532
f 1540//1540 1532//1532 601//601
f 1549//1549 1553//1553 1627//1627
f 1542//1542 605//605 1627//1627
f 1627//1627 605//605 1550//1550
f 1627//1627 1550//1550 1549//1549
f 1561//1561 1563//1563 1581//1581
f 1563//1563 1565//1565 1581//1581
f 1581//1581 1565//1565 1566//1566
f 1581//1581 1566//1566 678//678
f 1553//1553 1555//1555 1627//1627
f 1627//1627 1555//1555 1557//1557
f 1627//1627 1557//1557 1581//1581
f 1581//1581 1557//1557 1559//1559
f 1581//1581 1559//1559 1561//1561
f 1929//1929 1930//1930 1931//1931
f 1621//1621 1932//1932 1933//1933
f 1624//1624 1623//1623 1933//1933
f 1933//1933 1623//1623 1622//1622
f 1933//1933 1622//1622 1621//1621
f 1934//1934 1627//1627 1626//1626
f 1933//1933 1935//1935 1624//1624
f 1624//1624 1935//1935 1936//1936
f 1624//1624 1936//1936 1625//1625
f 1625//1625 1936//1936 1937//1937
f 1625//1625 1937//1937 1626//1626
f 1626//1626 1937//1937 1938//1938
f 1626//1626 1938//1938 1934//1934
f 1934//1934 1938//1938 1931//1931
f 1934//1934 1931//1931 1939//1939
f 1939//1939 1931//1931 1930//1930
f 1939//1939 1930//1930 1940//1940
f 1941//1941 1942//1942 1943//1943
f 1943//1943 1942//1942 1944//1944
f 1943//1943 1944//1944 1945//1945
f 1945//1945 1944//1944 1946//1946
f 1947//1947 1948//1948 1949//1949
f 1949//1949 1948//1948 1950//1950
f 1949//1949 1950//1950 1951//1951
f 1951//1951 1950//1950 1952//1952
f 1951//1951 1952//1952 1953//1953
f 1953//1953 1952//1952 1954//1954
f 1953//1953 1954//1954 1941//1941
f 1941//1941 1954//1954 1955//1955
f 1941//1941 1955//1955 1942//1942
f 1932//1932 1947//1947 1933//1933
f 1933//1933 1947//1947 1949//1949
f 1933//1933 1949//1949 1935//1935
f 1935//1935 1949//1949 1951//1951
f 1935//1935 1951//1951 1936//1936
f 1936//1936 1951//1951 1953//1953
f 1936//1936 1953//1953 1937//1937
f 1937//1937 1953//1953 1941//1941
f 1937//1937 1941//1941 1938//1938
f 1938//1938 1941//1941 1943//1943
f 1938//1938 1943//1943 1931//1931
f 1931//1931 1943//1943 1945//1945
f 1931//1931 1945//1945 1929//1929
f 1929//1929 1945//1945 1946//1946
f 1737//1737 1738//1738 1597//1597
f 1597//1597 1600//1600 1714//1714
f 1714//1714 1600//1600 1602//1602
f 1714//1714 1602//1602 1713//1713
f 1597//1597 1738//1738 1621//1621
f 1729//1729 1730//1730 1636//1636
f 1636//1636 1730//1730 1731//1731
f 1636//1636 1731//1731 1720//1720
f 1702//1702 1723//1723 1724//1724
f 1698//1698 1643//1643 1697//1697
f 1697//1697 1643//1643 1645//1645
f 1697//1697 1645//1645 1696//1696
f 769//769 1672//1672 1673//1673
f 1673//1673 1672//1672 1678//1678
f 1714//1714 1715//1715 1597//1597
f 1597//1597 1715//1715 1716//1716
f 1597//1597 1716//1716 1737//1737
f 1738//1738 1739//1739 1621//1621
f 1621//1621 1739//1739 1740//1740
f 1621//1621 1740//1740 1741//1741
f 1702//1702 1703//1703 1723//1723
f 1723//1723 1703//1703 1704//1704
f 1723//1723 1704//1704 1722//1722
f 1722//1722 1704//1704 1705//1705
f 1722//1722 1705//1705 1721//1721
f 1645//1645 1647//1647 1696//1696
f 1696//1696 1647//1647 1649//1649
f 1696//1696 1649//1649 1707//1707
f 1707//1707 1649//1649 1637//1637
f 1707//1707 1637//1637 1706//1706
f 1706//1706 1637//1637 1636//1636
f 1706//1706 1636//1636 1705//1705
f 1705//1705 1636//1636 1720//1720
f 1705//1705 1720//1720 1721//1721
f 1679//1679 1678//1678 1701//1701
f 1701//1701 1678//1678 1672//1672
f 1701//1701 1672//1672 1700//1700
f 1700//1700 1672//1672 1665//1665
f 1700//1700 1665//1665 1699//1699
f 1699//1699 1665//1665 1638//1638
f 1699//1699 1638//1638 1698//1698
f 1698//1698 1638//1638 1641//1641
f 1698//1698 1641//1641 1643//1643
f 1717//1717 1718//1718 1702//1702
f 1702//1702 1718//1718 1719//1719
f 1702//1702 1719//1719 1701//1701
f 1701//1701 1719//1719 1708//1708
f 1726//1726 1743//1743 1725//1725
f 1725//1725 1743//1743 1732//1732
f 1725//1725 1732//1732 1724//1724
f 1724//1724 1732//1732 1733//1733
f 1724//1724 1733//1733 1702//1702
f 1702//1702 1733//1733 1734//1734
f 1702//1702 1734//1734 1717//1717
f 1717//1717 1734//1734 1735//1735
f 1717//1717 1735//1735 1716//1716
f 1716//1716 1735//1735 1736//1736
f 1716//1716 1736//1736 1737//1737
f 1729//1729 1636//1636 1728//1728
f 1728//1728 1636//1636 1621//1621
f 1728//1728 1621//1621 1727//1727
f 1727//1727 1621//1621 1741//1741
f 1727//1727 1741//1741 1726//1726
f 1726//1726 1741//1741 1742//1742
f 1726//1726 1742//1742 1743//1743
f 1708//1708 1709//1709 1687//1687
f 1690//1690 794//794 1688//1688
f 1602//1602 1604//1604 1713//1713
f 1713//1713 1604//1604 1606//1606
f 1713//1713 1606//1606 1712//1712
f 1712//1712 1606//1606 1608//1608
f 1712//1712 1608//1608 1711//1711
f 1711//1711 1608//1608 1590//1590
f 1711//1711 1590//1590 1710//1710
f 1710//1710 1590//1590 1589//1589
f 1710//1710 1589//1589 1709//1709
f 1709//1709 1589//1589 1690//1690
f 1709//1709 1690//1690 1687//1687
f 1687//1687 1690//1690 1688//1688
f 1687//1687 1686//1686 1708//1708
f 1708//1708 1686//1686 1681//1681
f 1708//1708 1681//1681 1701//1701
f 1701//1701 1681//1681 1680//1680
f 1701//1701 1680//1680 1679//1679
f 1956//1956 1957//1957 1958//1958
f 1959//1959 1957//1957 1956//1956
f 1960//1960 1959//1959 1956//1956
f 1956//1956 1961//1961 1962//1962
f 1963//1963 1961//1961 1956//1956
f 1958//1958 1963//1963 1956//1956
f 1964//1964 1956//1956 1965//1965
f 1956//1956 1964//1964 1966//1966
f 1966//1966 1967//1967 1956//1956
f 1956//1956 1967//1967 1968//1968
f 1632//1632 1631//1631 1969//1969
f 1969//1969 1631//1631 1629//1629
f 1969//1969 1629//1629 1970//1970
f 1971//1971 1636//1636 1972//1972
f 1972//1972 1636//1636 1634//1634
f 1972//1972 1634//1634 1973//1973
f 1973//1973 1634//1634 1632//1632
f 1973//1973 1632//1632 1974//1974
f 1974//1974 1632//1632 1969//1969
f 1975//1975 1960//1960 1968//1968
f 1968//1968 1960//1960 1956//1956
f 1976//1976 1977//1977 1962//1962
f 1962//1962 1977//1977 1965//1965
f 1962//1962 1965//1965 1956//1956
f 1978//1978 1979//1979 1980//1980
f 1980//1980 1979//1979 1981//1981
f 1980//1980 1981//1981 1982//1982
f 1982//1982 1981//1981 1970//1970
f 1982//1982 1970//1970 1983//1983
f 1983//1983 1970//1970 1629//1629
f 1983//1983 1629//1629 1628//1628
f 1975//1975 1971//1971 1960//1960
f 1960//1960 1971//1971 1972//1972
f 1960//1960 1972//1972 1959//1959
f 1959//1959 1972//1972 1973//1973
f 1959//1959 1973//1973 1957//1957
f 1957//1957 1973//1973 1974//1974
f 1957//1957 1974//1974 1958//1958
f 1958//1958 1974//1974 1969//1969
f 1958//1958 1969//1969 1963//1963
f 1963//1963 1969//1969 1970//1970
f 1963//1963 1970//1970 1961//1961
f 1961//1961 1970//1970 1981//1981
f 1961//1961 1981//1981 1962//1962
f 1962//1962 1981//1981 1979//1979
f 1962//1962 1979//1979 1976//1976
f 1976//1976 1979//1979 1978//1978
f 1746//1746 1747//1747 1984//1984
f 1762//1762 1985//1985 1763//1763
f 1763//1763 1985//1985 1986//1986
f 1763//1763 1986//1986 1768//1768
f 1987//1987 1988//1988 1989//1989
f 1762//1762 1761//1761 1985//1985
f 1985//1985 1761//1761 1764//1764
f 1985//1985 1764//1764 1765//1765
f 1990//1990 1991//1991 1992//1992
f 1752//1752 1744//1744 1993//1993
f 1992//1992 1991//1991 1994//1994
f 1993//1993 1744//1744 1984//1984
f 1984//1984 1744//1744 1745//1745
f 1984//1984 1745//1745 1746//1746
f 1995//1995 1753//1753 1996//1996
f 1996//1996 1753//1753 1754//1754
f 1996//1996 1754//1754 1755//1755
f 1986//1986 1997//1997 1768//1768
f 1768//1768 1997//1997 1998//1998
f 1768//1768 1998//1998 1775//1775
f 1775//1775 1998//1998 1999//1999
f 1775//1775 1999//1999 1774//1774
f 2000//2000 1771//1771 1999//1999
f 1999//1999 1771//1771 1770//1770
f 1999//1999 1770//1770 1769//1769
f 1995//1995 1990//1990 1753//1753
f 1753//1753 1990//1990 1992//1992
f 1753//1753 1992//1992 1760//1760
f 1760//1760 1992//1992 2001//2001
f 1760//1760 2001//2001 1767//1767
f 1767//1767 2001//2001 1985//1985
f 1767//1767 1985//1985 1766//1766
f 1766//1766 1985//1985 1765//1765
f 2000//2000 1987//1987 1771//1771
f 1771//1771 1987//1987 1989//1989
f 1771//1771 1989//1989 1751//1751
f 1751//1751 1989//1989 2002//2002
f 1751//1751 2002//2002 1750//1750
f 1750//1750 2002//2002 1984//1984
f 1994//1994 1991//1991 2003//2003
f 2003//2003 1991//1991 2004//2004
f 2003//2003 2004//2004 1988//1988
f 1988//1988 2004//2004 2005//2005
f 1988//1988 2005//2005 1989//1989
f 1747//1747 1748//1748 1984//1984
f 1984//1984 1748//1748 1749//1749
f 1984//1984 1749//1749 1750//1750
f 1993//1993 2006//2006 1752//1752
f 1752//1752 2006//2006 2007//2007
f 1752//1752 2007//2007 1759//1759
f 1759//1759 2007//2007 1996//1996
f 1759//1759 1996//1996 1758//1758
f 1755//1755 1756//1756 1996//1996
f 1996//1996 1756//1756 1757//1757
f 1996//1996 1757//1757 1758//1758
f 1769//1769 1772//1772 1999//1999
f 1999//1999 1772//1772 1773//1773
f 1999//1999 1773//1773 1774//1774
f 1628//1628 945//945 2008//2008
f 1978//1978 1980//1980 2009//2009
f 2009//2009 1980//1980 2010//2010
f 2010//2010 1980//1980 2011//2011
f 2011//2011 1980//1980 1982//1982
f 2011//2011 1982//1982 2008//2008
f 2008//2008 1982//1982 1983//1983
f 2008//2008 1983//1983 1628//1628
f 2012//2012 2009//2009 2010//2010
f 2012//2012 2010//2010 2013//2013
f 2013//2013 2010//2010 2011//2011
f 2013//2013 2011//2011 2014//2014
f 2014//2014 2011//2011 2008//2008
f 2014//2014 2008//2008 2015//2015
f 2015//2015 2008//2008 945//945
f 2015//2015 945//945 944//944
f 2016//2016 2017//2017 2018//2018
f 2019//2019 2020//2020 2021//2021
f 2022//2022 2023//2023 2021//2021
f 2020//2020 2024//2024 2021//2021
f 2021//2021 2024//2024 2025//2025
f 2021//2021 2025//2025 2022//2022
f 2022//2022 2025//2025 2026//2026
f 2018//2018 2012//2012 2027//2027
f 2027//2027 2012//2012 2013//2013
f 2027//2027 2013//2013 2014//2014
f 1782//1782 2023//2023 1781//1781
f 1781//1781 2023//2023 2022//2022
f 1781//1781 2022//2022 1778//1778
f 1778//1778 2022//2022 2026//2026
f 1778//1778 2026//2026 1776//1776
f 1776//1776 2026//2026 944//944
f 2016//2016 2018//2018 2020//2020
f 2019//2019 2021//2021 2028//2028
f 2028//2028 2021//2021 2023//2023
f 2028//2028 2023//2023 2029//2029
f 2029//2029 2023//2023 1782//1782
f 2029//2029 1782//1782 1783//1783
f 2020//2020 2018//2018 2024//2024
f 2024//2024 2018//2018 2027//2027
f 2024//2024 2027//2027 2025//2025
f 2025//2025 2027//2027 2014//2014
f 2025//2025 2014//2014 2026//2026
f 2026//2026 2014//2014 2015//2015
f 2026//2026 2015//2015 944//944
f 2020//2020 2019//2019 2030//2030
f 1791//1791 1792//1792 2031//2031
f 2032//2032 1793//1793 2033//2033
f 2033//2033 1793//1793 1790//1790
f 1794//1794 2034//2034 1789//1789
f 1789//1789 2034//2034 2029//2029
f 1789//1789 2029//2029 1783//1783
f 2028//2028 2029//2029 2035//2035
f 2035//2035 2029//2029 2034//2034
f 2035//2035 2034//2034 2031//2031
f 2031//2031 2034//2034 1794//1794
f 2031//2031 1794//1794 1791//1791
f 2019//2019 2028//2028 2030//2030
f 2030//2030 2028//2028 2035//2035
f 2030//2030 2035//2035 2036//2036
f 2036//2036 2035//2035 2031//2031
f 2036//2036 2031//2031 2032//2032
f 2032//2032 2031//2031 1792//1792
f 2032//2032 1792//1792 1793//1793
f 2037//2037 2038//2038 2039//2039
f 2039//2039 2038//2038 2040//2040
f 2039//2039 2040//2040 2041//2041
f 2041//2041 2042//2042 2039//2039
f 2039//2039 2042//2042 2043//2043
f 2039//2039 2043//2043 2037//2037
f 2037//2037 2043//2043 2044//2044
f 2016//2016 2020//2020 2044//2044
f 2044//2044 2020//2020 2030//2030
f 2044//2044 2030//2030 2037//2037
f 2037//2037 2030//2030 2036//2036
f 2037//2037 2036//2036 2038//2038
f 2038//2038 2036//2036 2032//2032
f 2038//2038 2032//2032 2040//2040
f 2040//2040 2032//2032 2033//2033
f 2017//2017 2016//2016 2045//2045
f 2045//2045 2016//2016 2044//2044
f 2045//2045 2044//2044 2046//2046
f 2046//2046 2044//2044 2043//2043
f 2046//2046 2043//2043 2047//2047
f 2047//2047 2043//2043 2042//2042
f 2047//2047 2042//2042 2048//2048
f 2048//2048 2042//2042 2041//2041
f 2033//2033 1790//1790 1795//1795
f 1795//1795 2049//2049 2033//2033
f 2033//2033 2049//2049 2050//2050
f 2033//2033 2050//2050 2040//2040
f 2040//2040 2050//2050 2051//2051
f 2040//2040 2051//2051 2041//2041
f 2041//2041 2051//2051 2052//2052
f 2041//2041 2052//2052 2048//2048
f 2053//2053 2051//2051 2050//2050
f 1797//1797 2054//2054 1808//1808
f 1808//1808 2054//2054 2055//2055
f 1808//1808 2055//2055 1807//1807
f 1807//1807 2055//2055 2056//2056
f 1807//1807 2056//2056 1806//1806
f 1806//1806 2056//2056 1805//1805
f 1805//1805 2056//2056 2057//2057
f 1805//1805 2057//2057 1804//1804
f 1804//1804 2057//2057 2058//2058
f 1804//1804 2058//2058 1803//1803
f 1803//1803 2058//2058 1802//1802
f 1802//1802 2058//2058 2059//2059
f 1802//1802 2059//2059 1801//1801
f 1801//1801 2059//2059 1800//1800
f 1800//1800 2059//2059 2060//2060
f 1800//1800 2060//2060 1799//1799
f 2049//2049 1795//1795 1798//1798
f 2061//2061 2054//2054 2062//2062
f 2062//2062 2054//2054 1797//1797
f 2062//2062 1797//1797 1796//1796
f 2063//2063 2064//2064 2065//2065
f 2063//2063 2065//2065 2066//2066
f 2066//2066 2065//2065 2067//2067
f 2066//2066 2067//2067 2068//2068
f 2068//2068 2067//2067 2069//2069
f 2068//2068 2069//2069 2070//2070
f 2070//2070 2069//2069 2071//2071
f 2070//2070 2071//2071 2072//2072
f 2072//2072 2071//2071 2073//2073
f 2072//2072 2073//2073 2074//2074
f 2074//2074 2073//2073 2075//2075
f 2074//2074 2075//2075 2076//2076
f 2077//2077 2064//2064 2061//2061
f 2061//2061 2064//2064 2063//2063
f 2061//2061 2063//2063 2054//2054
f 2054//2054 2063//2063 2066//2066
f 2054//2054 2066//2066 2055//2055
f 2055//2055 2066//2066 2068//2068
f 2055//2055 2068//2068 2056//2056
f 2056//2056 2068//2068 2070//2070
f 2056//2056 2070//2070 2057//2057
f 2057//2057 2070//2070 2072//2072
f 2057//2057 2072//2072 2058//2058
f 2058//2058 2072//2072 2074//2074
f 2058//2058 2074//2074 2059//2059
f 2059//2059 2074//2074 2076//2076
f 2059//2059 2076//2076 2060//2060
f 2077//2077 2078//2078 2064//2064
f 2064//2064 2078//2078 2079//2079
f 2064//2064 2079//2079 2065//2065
f 2065//2065 2079//2079 2080//2080
f 2065//2065 2080//2080 2067//2067
f 2067//2067 2080//2080 2081//2081
f 2067//2067 2081//2081 2069//2069
f 2069//2069 2081//2081 2082//2082
f 2069//2069 2082//2082 2071//2071
f 2071//2071 2082//2082 2083//2083
f 2071//2071 2083//2083 2073//2073
f 2073//2073 2083//2083 2053//2053
f 2073//2073 2053//2053 2075//2075
f 2075//2075 2053//2053 2050//2050
f 2075//2075 2050//2050 2076//2076
f 2076//2076 2050//2050 2049//2049
f 2076//2076 2049//2049 2060//2060
f 2060//2060 2049//2049 1798//1798
f 2060//2060 1798//1798 1799//1799
f 2052//2052 2051//2051 2084//2084
f 2084//2084 2051//2051 2053//2053
f 2084//2084 2053//2053 2085//2085
f 2085//2085 2053//2053 2083//2083
f 2085//2085 2083//2083 2086//2086
f 2086//2086 2083//2083 2082//2082
f 2086//2086 2082//2082 2087//2087
f 2087//2087 2082//2082 2081//2081
f 2087//2087 2081//2081 2088//2088
f 2088//2088 2081//2081 2080//2080
f 2088//2088 2080//2080 2089//2089
f 2089//2089 2080//2080 2079//2079
f 2089//2089 2079//2079 2090//2090
f 2090//2090 2079//2079 2078//2078
f 2090//2090 2078//2078 2091//2091
f 2091//2091 2078//2078 2077//2077
f 2062//2062 1796//1796 1809//1809
f 1809//1809 2092//2092 2062//2062
f 2062//2062 2092//2092 2093//2093
f 2062//2062 2093//2093 2061//2061
f 2061//2061 2093//2093 2094//2094
f 2061//2061 2094//2094 2077//2077
f 2077//2077 2094//2094 2095//2095
f 2077//2077 2095//2095 2091//2091
f 2096//2096 2094//2094 2093//2093
f 1810//1810 2097//2097 2098//2098
f 2099//2099 1811//1811 2098//2098
f 2098//2098 1811//1811 1812//1812
f 2098//2098 1812//1812 1810//1810
f 1813//1813 1814//1814 2100//2100
f 2100//2100 1814//1814 1815//1815
f 2100//2100 1815//1815 2099//2099
f 2099//2099 1815//1815 1816//1816
f 2099//2099 1816//1816 1811//1811
f 1810//1810 1022//1022 2097//2097
f 2097//2097 1022//1022 2101//2101
f 2097//2097 2101//2101 2102//2102
f 1809//1809 1813//1813 2092//2092
f 2092//2092 1813//1813 2100//2100
f 2092//2092 2100//2100 2103//2103
f 2103//2103 2100//2100 2099//2099
f 2103//2103 2099//2099 2104//2104
f 2104//2104 2099//2099 2098//2098
f 2104//2104 2098//2098 2105//2105
f 2105//2105 2098//2098 2097//2097
f 2105//2105 2097//2097 2106//2106
f 2106//2106 2097//2097 2102//2102
f 2106//2106 2102//2102 2107//2107
f 2107//2107 2108//2108 2106//2106
f 2106//2106 2108//2108 2109//2109
f 2106//2106 2109//2109 2105//2105
f 2105//2105 2109//2109 2110//2110
f 2105//2105 2110//2110 2104//2104
f 2104//2104 2110//2110 2096//2096
f 2104//2104 2096//2096 2103//2103
f 2103//2103 2096//2096 2093//2093
f 2103//2103 2093//2093 2092//2092
f 2095//2095 2094//2094 2111//2111
f 2111//2111 2094//2094 2096//2096
f 2111//2111 2096//2096 2112//2112
f 2112//2112 2096//2096 2110//2110
f 2112//2112 2110//2110 2113//2113
f 2113//2113 2110//2110 2109//2109
f 2113//2113 2109//2109 2114//2114
f 2114//2114 2109//2109 2108//2108
f 2114//2114 2108//2108 2115//2115
f 2115//2115 2108//2108 2107//2107
f 1024//1024 2116//2116 1023//1023
f 1023//1023 2116//2116 2117//2117
f 1023//1023 2117//2117 1022//1022
f 2101//2101 2118//2118 2102//2102
f 2102//2102 2118//2118 2119//2119
f 2102//2102 2119//2119 2107//2107
f 2107//2107 2119//2119 2120//2120
f 2107//2107 2120//2120 2115//2115
f 1024//1024 1021//1021 2121//2121
f 2121//2121 1021//1021 1020//1020
f 2121//2121 1020//1020 2122//2122
f 1024//1024 2121//2121 2116//2116
f 2116//2116 2121//2121 2118//2118
f 2116//2116 2118//2118 2117//2117
f 2117//2117 2118//2118 2101//2101
f 2117//2117 2101//2101 1022//1022
f 2122//2122 2123//2123 2121//2121
f 2121//2121 2123//2123 2124//2124
f 2121//2121 2124//2124 2118//2118
f 2118//2118 2124//2124 2125//2125
f 2118//2118 2125//2125 2119//2119
f 2119//2119 2125//2125 2126//2126
f 2119//2119 2126//2126 2120//2120
f 1020//1020 1033//1033 1834//1834
f 1827//1827 2126//2126 1828//1828
f 1828//1828 2126//2126 2125//2125
f 1828//1828 2125//2125 2124//2124
f 1828//1828 2124//2124 1833//1833
f 1833//1833 2124//2124 2123//2123
f 1833//1833 2123//2123 1834//1834
f 1834//1834 2123//2123 2122//2122
f 1834//1834 2122//2122 1020//1020
f 1845//1845 1042//1042 1846//1846
f 1846//1846 1042//1042 1164//1164
f 1042//1042 1845//1845 1844//1844
f 1844//1844 1843//1843 1042//1042
f 1042//1042 1843//1843 1847//1847
f 1042//1042 1847//1847 1851//1851
f 1851//1851 1848//1848 1042//1042
f 1042//1042 1848//1848 1849//1849
f 1042//1042 1849//1849 1836//1836
f 1836//1836 1849//1849 1850//1850
f 1836//1836 1850//1850 1835//1835
f 1835//1835 1850//1850 1841//1841
f 1852//1852 1827//1827 1853//1853
f 1853//1853 1827//1827 1826//1826
f 1853//1853 1826//1826 1840//1840
f 1840//1840 1826//1826 1830//1830
f 1840//1840 1830//1830 1841//1841
f 1841//1841 1830//1830 1829//1829
f 1841//1841 1829//1829 1835//1835
f 1174//1174 2127//2127 1169//1169
f 1169//1169 2127//2127 1860//1860
f 1860//1860 2127//2127 1858//1858
f 1858//1858 2127//2127 2128//2128
f 1858//1858 2128//2128 1856//1856
f 2128//2128 2129//2129 1856//1856
f 1856//1856 2129//2129 2130//2130
f 1856//1856 2130//2130 1854//1854
f 1854//1854 2130//2130 2131//2131
f 1854//1854 2131//2131 1852//1852
f 2132//2132 2133//2133 2134//2134
f 2127//2127 1174//1174 1173//1173
f 2129//2129 2128//2128 2135//2135
f 2135//2135 2128//2128 2136//2136
f 2136//2136 2137//2137 2135//2135
f 2135//2135 2137//2137 2138//2138
f 2135//2135 2138//2138 2139//2139
f 2139//2139 2138//2138 2140//2140
f 2139//2139 2140//2140 2141//2141
f 2141//2141 2140//2140 2142//2142
f 2141//2141 2142//2142 2143//2143
f 2130//2130 2129//2129 2144//2144
f 2144//2144 2129//2129 2135//2135
f 2144//2144 2135//2135 2145//2145
f 2145//2145 2135//2135 2139//2139
f 2145//2145 2139//2139 2146//2146
f 2146//2146 2139//2139 2141//2141
f 2146//2146 2141//2141 2147//2147
f 1186//1186 2133//2133 1184//1184
f 1184//1184 2133//2133 2132//2132
f 1184//1184 2132//2132 1182//1182
f 2128//2128 2127//2127 2136//2136
f 2136//2136 2127//2127 1173//1173
f 2136//2136 1173//1173 2137//2137
f 2137//2137 1173//1173 1176//1176
f 2137//2137 1176//1176 2138//2138
f 2138//2138 1176//1176 1178//1178
f 2138//2138 1178//1178 2140//2140
f 2140//2140 1178//1178 1180//1180
f 2140//2140 1180//1180 2142//2142
f 2142//2142 1180//1180 1182//1182
f 2142//2142 1182//1182 2143//2143
f 2143//2143 1182//1182 2132//2132
f 2143//2143 2132//2132 2141//2141
f 2141//2141 2132//2132 2134//2134
f 2141//2141 2134//2134 2147//2147
f 2131//2131 2130//2130 2148//2148
f 2148//2148 2130//2130 2144//2144
f 2148//2148 2144//2144 2149//2149
f 2149//2149 2144//2144 2145//2145
f 2149//2149 2145//2145 2150//2150
f 2150//2150 2145//2145 2146//2146
f 2150//2150 2146//2146 2151//2151
f 2151//2151 2146//2146 2147//2147
f 1864//1864 1865//1865 2152//2152
f 2133//2133 1186//1186 1864//1864
f 1864//1864 2152//2152 2133//2133
f 2133//2133 2152//2152 2153//2153
f 2133//2133 2153//2153 2134//2134
f 2134//2134 2153//2153 2154//2154
f 2134//2134 2154//2154 2147//2147
f 2147//2147 2154//2154 2155//2155
f 2147//2147 2155//2155 2151//2151
f 2156//2156 2155//2155 2154//2154
f 2156//2156 2154//2154 2157//2157
f 2157//2157 2154//2154 2153//2153
f 2157//2157 2153//2153 2158//2158
f 2158//2158 2153//2153 2152//2152
f 2158//2158 2152//2152 2159//2159
f 2159//2159 2152//2152 1865//1865
f 2159//2159 1865//1865 1866//1866
f 1867//1867 1363//1363 2160//2160
f 2159//2159 1866//1866 1867//1867
f 1867//1867 2160//2160 2159//2159
f 2159//2159 2160//2160 2161//2161
f 2159//2159 2161//2161 2158//2158
f 2158//2158 2161//2161 2162//2162
f 2158//2158 2162//2162 2157//2157
f 2157//2157 2162//2162 2163//2163
f 2157//2157 2163//2163 2156//2156
f 2164//2164 2165//2165 2166//2166
f 1360//1360 1358//1358 2167//2167
f 1364//1364 1365//1365 2168//2168
f 2167//2167 1358//1358 2166//2166
f 2166//2166 1358//1358 1359//1359
f 2166//2166 1359//1359 2164//2164
f 1363//1363 2169//2169 2160//2160
f 2160//2160 2169//2169 2170//2170
f 2160//2160 2170//2170 2161//2161
f 2168//2168 1365//1365 2171//2171
f 2171//2171 1365//1365 1362//1362
f 2171//2171 1362//1362 2172//2172
f 2172//2172 1362//1362 1361//1361
f 2172//2172 1361//1361 2173//2173
f 1363//1363 1364//1364 2169//2169
f 2169//2169 1364//1364 2168//2168
f 2169//2169 2168//2168 2170//2170
f 2170//2170 2168//2168 2171//2171
f 2170//2170 2171//2171 2174//2174
f 2174//2174 2171//2171 2172//2172
f 2174//2174 2172//2172 2175//2175
f 2175//2175 2172//2172 2173//2173
f 2165//2165 2176//2176 2166//2166
f 2166//2166 2176//2176 2175//2175
f 2166//2166 2175//2175 2167//2167
f 2167//2167 2175//2175 2173//2173
f 2167//2167 2173//2173 1360//1360
f 1360//1360 2173//2173 1361//1361
f 2162//2162 2161//2161 2177//2177
f 2177//2177 2161//2161 2170//2170
f 2177//2177 2170//2170 2178//2178
f 2178//2178 2170//2170 2174//2174
f 2178//2178 2174//2174 2179//2179
f 2179//2179 2174//2174 2175//2175
f 2179//2179 2175//2175 2180//2180
f 2180//2180 2175//2175 2176//2176
f 2163//2163 2162//2162 2181//2181
f 2181//2181 2162//2162 2177//2177
f 2181//2181 2177//2177 2182//2182
f 2182//2182 2177//2177 2178//2178
f 2182//2182 2178//2178 2183//2183
f 2183//2183 2178//2178 2179//2179
f 2183//2183 2179//2179 2184//2184
f 2184//2184 2179//2179 2180//2180
f 1878//1878 1877//1877 2184//2184
f 1359//1359 1375//1375 1885//1885
f 2184//2184 2180//2180 1878//1878
f 1878//1878 2180//2180 2176//2176
f 1878//1878 2176//2176 1884//1884
f 1884//1884 2176//2176 2165//2165
f 1884//1884 2165//2165 1885//1885
f 1885//1885 2165//2165 2164//2164
f 1885//1885 2164//2164 1359//1359
f 1903//1903 1877//1877 1904//1904
f 1904//1904 1877//1877 1876//1876
f 1904//1904 1876//1876 1891//1891
f 1372//1372 1504//1504 1887//1887
f 1887//1887 1504//1504 1897//1897
f 1887//1887 1897//1897 1896//1896
f 1887//1887 1896//1896 1895//1895
f 1887//1887 1895//1895 1894//1894
f 1894//1894 1898//1898 1887//1887
f 1887//1887 1898//1898 1902//1902
f 1887//1887 1902//1902 1899//1899
f 1876//1876 1880//1880 1891//1891
f 1891//1891 1880//1880 1879//1879
f 1891//1891 1879//1879 1892//1892
f 1892//1892 1879//1879 1886//1886
f 1892//1892 1886//1886 1901//1901
f 1901//1901 1886//1886 1887//1887
f 1901//1901 1887//1887 1900//1900
f 1900//1900 1887//1887 1899//1899
f 1907//1907 2185//2185 1905//1905
f 1905//1905 2185//2185 2186//2186
f 1905//1905 2186//2186 1903//1903
f 1911//1911 1509//1509 2187//2187
f 2187//2187 1509//1509 1915//1915
f 1911//1911 2187//2187 1909//1909
f 1909//1909 2187//2187 2188//2188
f 1909//1909 2188//2188 1907//1907
f 1907//1907 2188//2188 2189//2189
f 1907//1907 2189//2189 2185//2185
f 1918//1918 1919//1919 2190//2190
f 1916//1916 1917//1917 2191//2191
f 2191//2191 2192//2192 1916//1916
f 1916//1916 2192//2192 2187//2187
f 1916//1916 2187//2187 1915//1915
f 2188//2188 2193//2193 2189//2189
f 2189//2189 2193//2193 2194//2194
f 2189//2189 2194//2194 2185//2185
f 2185//2185 2194//2194 2195//2195
f 2185//2185 2195//2195 2186//2186
f 1917//1917 1918//1918 2196//2196
f 1917//1917 2196//2196 2191//2191
f 2191//2191 2196//2196 2193//2193
f 2191//2191 2193//2193 2192//2192
f 2192//2192 2193//2193 2188//2188
f 2192//2192 2188//2188 2187//2187
f 1918//1918 2190//2190 2196//2196
f 2196//2196 2190//2190 2197//2197
f 2196//2196 2197//2197 2193//2193
f 2193//2193 2197//2197 2198//2198
f 2193//2193 2198//2198 2194//2194
f 2194//2194 2198//2198 2199//2199
f 2194//2194 2199//2199 2195//2195
f 1921//1921 1920//1920 2200//2200
f 1921//1921 2200//2200 1919//1919
f 1919//1919 2200//2200 2190//2190
f 2190//2190 2200//2200 2201//2201
f 2190//2190 2201//2201 2197//2197
f 2197//2197 2201//2201 2202//2202
f 2197//2197 2202//2202 2198//2198
f 2198//2198 2202//2202 2203//2203
f 2198//2198 2203//2203 2199//2199
f 2204//2204 2205//2205 2206//2206
f 2207//2207 2208//2208 2209//2209
f 2209//2209 2208//2208 2210//2210
f 2211//2211 2204//2204 2212//2212
f 2212//2212 2204//2204 2206//2206
f 2212//2212 2206//2206 2213//2213
f 2213//2213 2206//2206 2214//2214
f 2213//2213 2214//2214 2215//2215
f 2215//2215 2214//2214 2216//2216
f 2208//2208 2200//2200 2210//2210
f 2210//2210 2200//2200 1920//1920
f 2210//2210 1920//1920 1925//1925
f 2217//2217 2203//2203 2207//2207
f 2207//2207 2203//2203 2202//2202
f 2207//2207 2202//2202 2208//2208
f 2208//2208 2202//2202 2201//2201
f 2208//2208 2201//2201 2200//2200
f 1541//1541 2205//2205 1928//1928
f 1928//1928 2205//2205 2204//2204
f 1928//1928 2204//2204 1927//1927
f 1927//1927 2204//2204 2211//2211
f 1927//1927 2211//2211 1926//1926
f 1925//1925 1926//1926 2210//2210
f 2210//2210 1926//1926 2211//2211
f 2210//2210 2211//2211 2209//2209
f 2209//2209 2211//2211 2212//2212
f 2209//2209 2212//2212 2207//2207
f 2207//2207 2212//2212 2213//2213
f 2207//2207 2213//2213 2217//2217
f 2217//2217 2213//2213 2215//2215
f 2218//2218 2216//2216 2214//2214
f 2218//2218 2214//2214 2219//2219
f 2219//2219 2214//2214 2206//2206
f 2219//2219 2206//2206 2220//2220
f 2220//2220 2206//2206 2205//2205
f 2220//2220 2205//2205 2221//2221
f 2221//2221 2205//2205 1541//1541
f 2221//2221 1541//1541 1542//1542
f 2221//2221 1542//1542 1934//1934
f 1934//1934 1542//1542 1627//1627
f 2221//2221 1934//1934 2220//2220
f 2220//2220 1934//1934 1939//1939
f 2220//2220 1939//1939 2219//2219
f 2219//2219 1939//1939 1940//1940
f 2219//2219 1940//1940 2218//2218
f 1978//1978 1940//1940 1976//1976
f 1976//1976 1940//1940 1930//1930
f 1976//1976 1930//1930 1929//1929
f 1946//1946 1944//1944 1966//1966
f 1966//1966 1944//1944 1942//1942
f 1964//1964 1965//1965 1929//1929
f 1929//1929 1965//1965 1977//1977
f 1929//1929 1977//1977 1976//1976
f 1946//1946 1966//1966 1929//1929
f 1929//1929 1966//1966 1964//1964
f 1942//1942 1955//1955 1966//1966
f 1966//1966 1955//1955 1954//1954
f 1966//1966 1954//1954 1967//1967
f 1954//1954 1952//1952 1967//1967
f 1967//1967 1952//1952 1950//1950
f 1967//1967 1950//1950 1968//1968
f 1968//1968 1950//1950 1948//1948
f 1968//1968 1948//1948 1975//1975
f 1975//1975 1948//1948 1947//1947
f 1975//1975 1947//1947 1971//1971
f 1947//1947 1932//1932 1971//1971
f 1971//1971 1932//1932 1621//1621
f 1971//1971 1621//1621 1636//1636
f 2002//2002 2222//2222 1984//1984
f 1984//1984 2222//2222 2223//2223
f 1984//1984 2223//2223 1993//1993
f 1993//1993 2223//2223 2224//2224
f 1993//1993 2224//2224 2006//2006
f 2006//2006 2224//2224 2225//2225
f 2006//2006 2225//2225 2007//2007
f 2007//2007 2225//2225 2226//2226
f 2007//2007 2226//2226 1996//1996
f 1996//1996 2226//2226 2227//2227
f 1996//1996 2227//2227 1995//1995
f 1995//1995 2227//2227 2228//2228
f 1995//1995 2228//2228 1990//1990
f 1990//1990 2228//2228 2229//2229
f 1990//1990 2229//2229 1991//1991
f 1991//1991 2229//2229 2230//2230
f 1991//1991 2230//2230 2004//2004
f 2004//2004 2230//2230 2231//2231
f 2004//2004 2231//2231 2005//2005
f 2005//2005 2231//2231 2232//2232
f 2005//2005 2232//2232 1989//1989
f 1989//1989 2232//2232 2233//2233
f 1989//1989 2233//2233 2002//2002
f 2002//2002 2233//2233 2222//2222
f 2000//2000 2234//2234 1987//1987
f 1987//1987 2234//2234 2235//2235
f 1987//1987 2235//2235 1988//1988
f 1988//1988 2235//2235 2236//2236
f 1988//1988 2236//2236 2003//2003
f 2003//2003 2236//2236 2237//2237
f 2003//2003 2237//2237 1994//1994
f 1994//1994 2237//2237 2238//2238
f 1994//1994 2238//2238 1992//1992
f 1992//1992 2238//2238 2239//2239
f 1992//1992 2239//2239 2001//2001
f 2001//2001 2239//2239 2240//2240
f 2001//2001 2240//2240 1985//1985
f 1985//1985 2240//2240 2241//2241
f 1985//1985 2241//2241 1986//1986
f 1986//1986 2241//2241 2242//2242
f 1986//1986 2242//2242 1997//1997
f 1997//1997 2242//2242 2243//2243
f 1997//1997 2243//2243 1998//1998
f 1998//1998 2243//2243 2244//2244
f 1998//1998 2244//2244 1999//1999
f 1999//1999 2244//2244 2245//2245
f 1999//1999 2245//2245 2000//2000
f 2000//2000 2245//2245 2234//2234
f 2126//2126 1827//1827 1852//1852
f 2245//2245 2199//2199 2234//2234
f 2234//2234 2199//2199 2203//2203
f 2203//2203 2217//2217 2234//2234
f 2234//2234 2217//2217 2215//2215
f 2234//2234 2215//2215 2216//2216
f 2241//2241 2115//2115 2242//2242
f 2242//2242 2115//2115 2120//2120
f 2009//2009 2012//2012 2222//2222
f 2222//2222 2012//2012 2018//2018
f 2222//2222 2018//2018 2223//2223
f 2223//2223 2018//2018 2017//2017
f 2223//2223 2017//2017 2045//2045
f 2216//2216 2218//2218 2234//2234
f 2234//2234 2218//2218 1940//1940
f 2234//2234 1940//1940 2235//2235
f 2235//2235 1940//1940 1978//1978
f 2235//2235 1978//1978 2236//2236
f 1852//1852 2131//2131 2126//2126
f 2126//2126 2131//2131 2148//2148
f 2126//2126 2148//2148 2120//2120
f 2120//2120 2148//2148 2149//2149
f 2120//2120 2149//2149 2242//2242
f 2242//2242 2149//2149 2150//2150
f 2052//2052 2084//2084 2227//2227
f 2227//2227 2084//2084 2085//2085
f 2227//2227 2226//2226 2052//2052
f 2052//2052 2226//2226 2225//2225
f 2052//2052 2225//2225 2048//2048
f 2048//2048 2225//2225 2224//2224
f 2048//2048 2224//2224 2047//2047
f 2047//2047 2224//2224 2223//2223
f 2047//2047 2223//2223 2046//2046
f 2046//2046 2223//2223 2045//2045
f 2186//2186 2195//2195 2182//2182
f 2182//2182 2195//2195 2199//2199
f 2182//2182 2199//2199 2181//2181
f 2156//2156 2243//2243 2155//2155
f 2155//2155 2243//2243 2242//2242
f 2155//2155 2242//2242 2151//2151
f 2151//2151 2242//2242 2150//2150
f 2112//2112 2113//2113 2241//2241
f 2241//2241 2113//2113 2114//2114
f 2241//2241 2114//2114 2115//2115
f 2009//2009 2222//2222 1978//1978
f 1978//1978 2222//2222 2233//2233
f 1978//1978 2233//2233 2236//2236
f 2236//2236 2233//2233 2232//2232
f 2236//2236 2232//2232 2237//2237
f 2237//2237 2232//2232 2231//2231
f 2237//2237 2231//2231 2238//2238
f 2238//2238 2231//2231 2230//2230
f 2238//2238 2230//2230 2239//2239
f 2239//2239 2230//2230 2091//2091
f 2239//2239 2091//2091 2240//2240
f 2240//2240 2091//2091 2095//2095
f 2240//2240 2095//2095 2241//2241
f 2241//2241 2095//2095 2111//2111
f 2241//2241 2111//2111 2112//2112
f 2230//2230 2229//2229 2091//2091
f 2091//2091 2229//2229 2228//2228
f 2091//2091 2228//2228 2090//2090
f 2090//2090 2228//2228 2227//2227
f 2090//2090 2227//2227 2089//2089
f 2089//2089 2227//2227 2088//2088
f 2085//2085 2086//2086 2227//2227
f 2227//2227 2086//2086 2087//2087
f 2227//2227 2087//2087 2088//2088
f 2181//2181 2199//2199 2163//2163
f 2163//2163 2199//2199 2245//2245
f 2163//2163 2245//2245 2156//2156
f 2156//2156 2245//2245 2244//2244
f 2156//2156 2244//2244 2243//2243
f 1877//1877 1903//1903 2184//2184
f 2184//2184 1903//1903 2186//2186
f 2184//2184 2186//2186 2183//2183
f 2183//2183 2186//2186 2182//2182
f 2246//2246 2247//2247 2248//2248
f 2248//2248 2247//2247 2249//2249
f 2250//2250 2249//2249 2251//2251
f 2251//2251 2249//2249 2247//2247
f 2252//2252 2253//2253 2250//2250
f 2254//2254 2252//2252 2255//2255
f 2255//2255 2252//2252 2250//2250
f 2255//2255 2250//2250 2256//2256
f 2256//2256 2250//2250 2251//2251
f 2257//2257 2246//2246 2258//2258
f 2258//2258 2246//2246 2248//2248
f 2259//2259 2260//2260 2257//2257
f 2261//2261 2262//2262 2259//2259
f 2257//2257 2258//2258 2259//2259
f 2259//2259 2258//2258 2263//2263
f 2259//2259 2263//2263 2261//2261
f 2248//2248 2249//2249 2258//2258
f 2258//2258 2249//2249 2250//2250
f 2258//2258 2250//2250 2263//2263
f 2263//2263 2250//2250 2253//2253
f 2263//2263 2253//2253 2261//2261
f 2261//2261 2253//2253 2252//2252
f 2261//2261 2252//2252 2262//2262
f 2262//2262 2252//2252 2254//2254
f 2262//2262 2254//2254 2259//2259
f 2259//2259 2254//2254 2255//2255
f 2259//2259 2255//2255 2260//2260
f 2260//2260 2255//2255 2256//2256
f 2260//2260 2256//2256 2257//2257
f 2257//2257 2256//2256 2251//2251
f 2257//2257 2251//2251 2246//2246
f 2246//2246 2251//2251 2247//2247
f 2264//2264 2265//2265 2266//2266
f 2266//2266 2265//2265 2267//2267
f 2266//2266 2267//2267 2268//2268
f 2269//2269 2270//2270 2266//2266
f 2266//2266 2270//2270 2271//2271
f 2266//2266 2271//2271 2264//2264
f 2272//2272 2273//2273 2266//2266
f 2266//2266 2273//2273 2274//2274
f 2266//2266 2274//2274 2269//2269
f 2268//2268 2275//2275 2266//2266
f 2266//2266 2275//2275 2276//2276
f 2266//2266 2276//2276 2272//2272
f 2277//2277 2278//2278 2279//2279
f 2279//2279 2278//2278 2280//2280
f 2279//2279 2280//2280 2281//2281
f 2282//2282 2283//2283 2279//2279
f 2279//2279 2283//2283 2284//2284
f 2279//2279 2284//2284 2277//2277
f 2285//2285 2286//2286 2279//2279
f 2279//2279 2286//2286 2287//2287
f 2279//2279 2287//2287 2282//2282
f 2281//2281 2288//2288 2279//2279
f 2279//2279 2288//2288 2289//2289
f 2279//2279 2289//2289 2285//2285
f 2280//2280 2267//2267 2281//2281
f 2281//2281 2267//2267 2265//2265
f 2281//2281 2265//2265 2288//2288
f 2288//2288 2265//2265 2264//2264
f 2288//2288 2264//2264 2289//2289
f 2289//2289 2264//2264 2271//2271
f 2289//2289 2271//2271 2285//2285
f 2285//2285 2271//2271 2270//2270
f 2285//2285 2270//2270 2286//2286
f 2286//2286 2270//2270 2269//2269
f 2286//2286 2269//2269 2287//2287
f 2287//2287 2269//2269 2274//2274
f 2287//2287 2274//2274 2282//2282
f 2282//2282 2274//2274 2273//2273
f 2282//2282 2273//2273 2283//2283
f 2283//2283 2273//2273 2272//2272
f 2283//2283 2272//2272 2284//2284
f 2284//2284 2272//2272 2276//2276
f 2284//2284 2276//2276 2277//2277
f 2277//2277 2276//2276 2275//2275
f 2277//2277 2275//2275 2278//2278
f 2278//2278 2275//2275 2268//2268
f 2278//2278 2268//2268 2280//2280
f 2280//2280 2268//2268 2267//2267
f 2290//2290 2291//2291 2292//2292
f 2293//2293 2294//2294 2291//2291
f 2291//2291 2290//2290 2293//2293
f 2293//2293 2290//2290 2295//2295
f 2293//2293 2295//2295 2296//2296
f 2296//2296 2295//2295 2297//2297
f 2297//2297 2295//2295 2298//2298
f 2297//2297 2298//2298 2299//2299
f 2300//2300 2301//2301 2302//2302
f 2303//2303 2304//2304 2301//2301
f 2305//2305 2306//2306 2304//2304
f 2307//2307 2308//2308 2306//2306
f 2306//2306 2305//2305 2307//2307
f 2307//2307 2305//2305 2309//2309
f 2307//2307 2309//2309 2310//2310
f 2310//2310 2309//2309 2311//2311
f 2310//2310 2311//2311 2312//2312
f 2313//2313 2314//2314 2315//2315
f 2315//2315 2314//2314 2316//2316
f 2304//2304 2303//2303 2305//2305
f 2305//2305 2303//2303 2315//2315
f 2305//2305 2315//2315 2309//2309
f 2309//2309 2315//2315 2316//2316
f 2309//2309 2316//2316 2311//2311
f 2301//2301 2300//2300 2303//2303
f 2303//2303 2300//2300 2317//2317
f 2303//2303 2317//2317 2315//2315
f 2315//2315 2317//2317 2318//2318
f 2315//2315 2318//2318 2313//2313
f 2313//2313 2318//2318 2319//2319
f 2313//2313 2319//2319 2314//2314
f 2320//2320 2299//2299 2302//2302
f 2302//2302 2299//2299 2298//2298
f 2302//2302 2298//2298 2300//2300
f 2300//2300 2298//2298 2295//2295
f 2300//2300 2295//2295 2317//2317
f 2317//2317 2295//2295 2290//2290
f 2317//2317 2290//2290 2318//2318
f 2318//2318 2290//2290 2292//2292
f 2318//2318 2292//2292 2319//2319
f 2321//2321 2322//2322 2323//2323
f 2324//2324 2325//2325 2326//2326
f 2326//2326 2325//2325 2327//2327
f 2328//2328 2329//2329 2330//2330
f 2330//2330 2331//2331 2328//2328
f 2328//2328 2331//2331 2332//2332
f 2328//2328 2332//2332 2333//2333
f 2333//2333 2332//2332 2334//2334
f 2333//2333 2334//2334 2335//2335
f 2335//2335 2334//2334 2336//2336
f 2335//2335 2336//2336 2337//2337
f 2337//2337 2336//2336 2338//2338
f 2337//2337 2338//2338 2339//2339
f 2340//2340 2341//2341 2342//2342
f 2343//2343 2344//2344 2345//2345
f 2345//2345 2344//2344 2346//2346
f 2345//2345 2346//2346 2347//2347
f 2347//2347 2346//2346 2340//2340
f 2347//2347 2340//2340 2348//2348
f 2348//2348 2340//2340 2342//2342
f 2327//2327 2349//2349 2326//2326
f 2326//2326 2349//2349 2343//2343
f 2326//2326 2343//2343 2350//2350
f 2350//2350 2343//2343 2345//2345
f 2350//2350 2345//2345 2351//2351
f 2351//2351 2345//2345 2347//2347
f 2351//2351 2347//2347 2323//2323
f 2323//2323 2347//2347 2348//2348
f 2323//2323 2348//2348 2321//2321
f 2321//2321 2348//2348 2342//2342
f 2330//2330 2324//2324 2331//2331
f 2331//2331 2324//2324 2326//2326
f 2331//2331 2326//2326 2332//2332
f 2332//2332 2326//2326 2350//2350
f 2332//2332 2350//2350 2334//2334
f 2334//2334 2350//2350 2351//2351
f 2334//2334 2351//2351 2336//2336
f 2336//2336 2351//2351 2323//2323
f 2336//2336 2323//2323 2338//2338
f 2338//2338 2323//2323 2322//2322
f 2352//2352 2320//2320 2302//2302
f 2352//2352 2302//2302 2353//2353
f 2353//2353 2302//2302 2301//2301
f 2353//2353 2301//2301 2354//2354
f 2354//2354 2301//2301 2304//2304
f 2354//2354 2304//2304 2355//2355
f 2355//2355 2304//2304 2306//2306
f 2355//2355 2306//2306 2356//2356
f 2356//2356 2306//2306 2308//2308
f 2356//2356 2308//2308 2357//2357
f 2339//2339 2358//2358 2359//2359
f 2339//2339 2359//2359 2337//2337
f 2337//2337 2359//2359 2360//2360
f 2337//2337 2360//2360 2335//2335
f 2335//2335 2360//2360 2361//2361
f 2335//2335 2361//2361 2333//2333
f 2333//2333 2361//2361 2362//2362
f 2333//2333 2362//2362 2328//2328
f 2328//2328 2362//2362 2363//2363
f 2328//2328 2363//2363 2329//2329
f 2364//2364 2365//2365 2366//2366
f 2364//2364 2366//2366 2367//2367
f 2367//2367 2366//2366 2368//2368
f 2367//2367 2368//2368 2369//2369
f 2369//2369 2368//2368 2370//2370
f 2369//2369 2370//2370 2371//2371
f 2371//2371 2370//2370 2372//2372
f 2371//2371 2372//2372 2373//2373
f 2373//2373 2372//2372 2374//2374
f 2373//2373 2374//2374 2375//2375
f 2376//2376 2377//2377 2378//2378
f 2378//2378 2377//2377 2379//2379
f 2378//2378 2379//2379 2380//2380
f 2380//2380 2379//2379 2381//2381
f 2380//2380 2381//2381 2382//2382
f 2382//2382 2381//2381 2383//2383
f 2382//2382 2383//2383 2384//2384
f 2384//2384 2383//2383 2385//2385
f 2384//2384 2385//2385 2386//2386
f 2386//2386 2385//2385 2387//2387
f 2386//2386 2387//2387 2388//2388
f 2388//2388 2387//2387 2389//2389
f 2388//2388 2389//2389 2390//2390
f 2390//2390 2389//2389 2391//2391
f 2390//2390 2391//2391 2392//2392
f 2392//2392 2391//2391 2393//2393
f 2392//2392 2393//2393 2394//2394
f 2394//2394 2393//2393 2395//2395
f 2394//2394 2395//2395 2396//2396
f 2396//2396 2395//2395 2397//2397
f 2396//2396 2397//2397 2398//2398
f 2398//2398 2397//2397 2399//2399
f 2398//2398 2399//2399 2400//2400
f 2400//2400 2399//2399 2401//2401
f 2400//2400 2401//2401 2402//2402
f 2402//2402 2401//2401 2403//2403
f 2402//2402 2403//2403 2404//2404
f 2404//2404 2403//2403 2405//2405
f 2404//2404 2405//2405 2406//2406
f 2406//2406 2405//2405 2407//2407
f 2406//2406 2407//2407 2408//2408
f 2408//2408 2407//2407 2409//2409
f 2408//2408 2409//2409 2410//2410
f 2410//2410 2409//2409 2411//2411
f 2410//2410 2411//2411 2412//2412
f 2412//2412 2411//2411 2413//2413
f 2412//2412 2413//2413 2414//2414
f 2414//2414 2413//2413 2415//2415
f 2414//2414 2415//2415 2416//2416
f 2416//2416 2415//2415 2417//2417
f 2416//2416 2417//2417 2418//2418
f 2418//2418 2417//2417 2419//2419
f 2418//2418 2419//2419 2420//2420
f 2420//2420 2419//2419 2421//2421
f 2420//2420 2421//2421 2422//2422
f 2422//2422 2421//2421 2423//2423
f 2422//2422 2423//2423 2376//2376
f 2376//2376 2423//2423 2377//2377
f 2424//2424 2425//2425 2426//2426
f 2426//2426 2425//2425 2427//2427
f 2428//2428 2429//2429 2430//2430
f 2430//2430 2429//2429 2425//2425
f 2430//2430 2425//2425 2431//2431
f 2431//2431 2425//2425 2424//2424
f 2431//2431 2424//2424 2432//2432
f 2433//2433 2434//2434 2435//2435
f 2433//2433 2435//2435 2436//2436
f 2436//2436 2435//2435 2437//2437
f 2436//2436 2437//2437 2438//2438
f 2438//2438 2437//2437 2439//2439
f 2438//2438 2439//2439 2440//2440
f 2440//2440 2439//2439 2441//2441
f 2440//2440 2441//2441 2442//2442
f 2442//2442 2441//2441 2432//2432
f 2442//2442 2432//2432 2443//2443
f 2444//2444 2445//2445 2446//2446
f 2447//2447 2448//2448 2449//2449
f 2446//2446 2445//2445 2450//2450
f 2451//2451 2452//2452 2453//2453
f 2453//2453 2452//2452 2454//2454
f 2451//2451 2453//2453 2455//2455
f 2455//2455 2453//2453 2456//2456
f 2455//2455 2456//2456 2457//2457
f 2457//2457 2456//2456 2458//2458
f 2457//2457 2458//2458 2459//2459
f 2459//2459 2458//2458 2460//2460
f 2459//2459 2460//2460 2461//2461
f 2461//2461 2460//2460 2462//2462
f 2461//2461 2462//2462 2463//2463
f 2464//2464 2465//2465 2466//2466
f 2467//2467 2468//2468 2465//2465
f 2469//2469 2470//2470 2468//2468
f 2471//2471 2472//2472 2470//2470
f 2470//2470 2469//2469 2471//2471
f 2471//2471 2469//2469 2473//2473
f 2471//2471 2473//2473 2474//2474
f 2474//2474 2473//2473 2475//2475
f 2474//2474 2475//2475 2476//2476
f 2476//2476 2475//2475 2477//2477
f 2476//2476 2477//2477 2478//2478
f 2479//2479 2480//2480 2481//2481
f 2448//2448 2447//2447 2482//2482
f 2444//2444 2453//2453 2445//2445
f 2445//2445 2453//2453 2454//2454
f 2445//2445 2454//2454 2450//2450
f 2450//2450 2454//2454 2483//2483
f 2450//2450 2483//2483 2484//2484
f 2468//2468 2467//2467 2469//2469
f 2469//2469 2467//2467 2485//2485
f 2469//2469 2485//2485 2473//2473
f 2473//2473 2485//2485 2486//2486
f 2473//2473 2486//2486 2475//2475
f 2475//2475 2486//2486 2479//2479
f 2475//2475 2479//2479 2477//2477
f 2477//2477 2479//2479 2481//2481
f 2477//2477 2481//2481 2478//2478
f 2465//2465 2464//2464 2467//2467
f 2467//2467 2464//2464 2487//2487
f 2467//2467 2487//2487 2485//2485
f 2485//2485 2487//2487 2488//2488
f 2485//2485 2488//2488 2486//2486
f 2486//2486 2488//2488 2482//2482
f 2486//2486 2482//2482 2479//2479
f 2479//2479 2482//2482 2447//2447
f 2479//2479 2447//2447 2480//2480
f 2489//2489 2463//2463 2466//2466
f 2466//2466 2463//2463 2462//2462
f 2466//2466 2462//2462 2464//2464
f 2464//2464 2462//2462 2460//2460
f 2464//2464 2460//2460 2487//2487
f 2487//2487 2460//2460 2458//2458
f 2487//2487 2458//2458 2488//2488
f 2488//2488 2458//2458 2456//2456
f 2488//2488 2456//2456 2482//2482
f 2482//2482 2456//2456 2453//2453
f 2482//2482 2453//2453 2448//2448
f 2448//2448 2453//2453 2444//2444
f 2448//2448 2444//2444 2449//2449
f 2490//2490 2428//2428 2430//2430
f 2491//2491 2492//2492 2493//2493
f 2493//2493 2492//2492 2494//2494
f 2493//2493 2494//2494 2495//2495
f 2495//2495 2494//2494 2496//2496
f 2497//2497 2498//2498 2499//2499
f 2499//2499 2500//2500 2497//2497
f 2497//2497 2500//2500 2501//2501
f 2497//2497 2501//2501 2502//2502
f 2502//2502 2501//2501 2503//2503
f 2502//2502 2503//2503 2504//2504
f 2504//2504 2503//2503 2505//2505
f 2504//2504 2505//2505 2506//2506
f 2507//2507 2352//2352 2353//2353
f 2508//2508 2509//2509 2510//2510
f 2510//2510 2509//2509 2511//2511
f 2510//2510 2511//2511 2512//2512
f 2512//2512 2511//2511 2507//2507
f 2512//2512 2507//2507 2513//2513
f 2513//2513 2507//2507 2353//2353
f 2513//2513 2353//2353 2354//2354
f 2431//2431 2514//2514 2430//2430
f 2430//2430 2514//2514 2515//2515
f 2430//2430 2515//2515 2490//2490
f 2490//2490 2515//2515 2516//2516
f 2490//2490 2516//2516 2517//2517
f 2517//2517 2516//2516 2518//2518
f 2517//2517 2518//2518 2508//2508
f 2508//2508 2518//2518 2519//2519
f 2508//2508 2519//2519 2509//2509
f 2357//2357 2506//2506 2356//2356
f 2356//2356 2506//2506 2505//2505
f 2356//2356 2505//2505 2520//2520
f 2520//2520 2505//2505 2503//2503
f 2520//2520 2503//2503 2521//2521
f 2521//2521 2503//2503 2501//2501
f 2521//2521 2501//2501 2522//2522
f 2522//2522 2501//2501 2500//2500
f 2522//2522 2500//2500 2494//2494
f 2494//2494 2500//2500 2499//2499
f 2494//2494 2499//2499 2496//2496
f 2492//2492 2523//2523 2494//2494
f 2494//2494 2523//2523 2524//2524
f 2494//2494 2524//2524 2522//2522
f 2522//2522 2524//2524 2525//2525
f 2522//2522 2525//2525 2521//2521
f 2521//2521 2525//2525 2526//2526
f 2521//2521 2526//2526 2520//2520
f 2520//2520 2526//2526 2355//2355
f 2520//2520 2355//2355 2356//2356
f 2428//2428 2490//2490 2491//2491
f 2491//2491 2490//2490 2517//2517
f 2491//2491 2517//2517 2492//2492
f 2492//2492 2517//2517 2508//2508
f 2492//2492 2508//2508 2523//2523
f 2523//2523 2508//2508 2510//2510
f 2523//2523 2510//2510 2524//2524
f 2524//2524 2510//2510 2512//2512
f 2524//2524 2512//2512 2525//2525
f 2525//2525 2512//2512 2513//2513
f 2525//2525 2513//2513 2526//2526
f 2526//2526 2513//2513 2354//2354
f 2526//2526 2354//2354 2355//2355
f 2527//2527 2528//2528 2396//2396
f 2529//2529 2392//2392 2528//2528
f 2528//2528 2392//2392 2394//2394
f 2528//2528 2394//2394 2396//2396
f 2530//2530 2388//2388 2529//2529
f 2529//2529 2388//2388 2390//2390
f 2529//2529 2390//2390 2392//2392
f 2531//2531 2384//2384 2530//2530
f 2530//2530 2384//2384 2386//2386
f 2530//2530 2386//2386 2388//2388
f 2532//2532 2380//2380 2531//2531
f 2531//2531 2380//2380 2382//2382
f 2531//2531 2382//2382 2384//2384
f 2533//2533 2376//2376 2532//2532
f 2532//2532 2376//2376 2378//2378
f 2532//2532 2378//2378 2380//2380
f 2534//2534 2420//2420 2533//2533
f 2533//2533 2420//2420 2422//2422
f 2533//2533 2422//2422 2376//2376
f 2535//2535 2416//2416 2534//2534
f 2534//2534 2416//2416 2418//2418
f 2534//2534 2418//2418 2420//2420
f 2536//2536 2412//2412 2535//2535
f 2535//2535 2412//2412 2414//2414
f 2535//2535 2414//2414 2416//2416
f 2537//2537 2408//2408 2536//2536
f 2536//2536 2408//2408 2410//2410
f 2536//2536 2410//2410 2412//2412
f 2538//2538 2404//2404 2537//2537
f 2537//2537 2404//2404 2406//2406
f 2537//2537 2406//2406 2408//2408
f 2396//2396 2398//2398 2527//2527
f 2527//2527 2398//2398 2400//2400
f 2527//2527 2400//2400 2538//2538
f 2538//2538 2400//2400 2402//2402
f 2538//2538 2402//2402 2404//2404
f 2539//2539 2540//2540 2541//2541
f 2541//2541 2540//2540 2542//2542
f 2543//2543 2544//2544 2427//2427
f 2427//2427 2544//2544 2426//2426
f 2545//2545 2546//2546 2547//2547
f 2548//2548 2549//2549 2550//2550
f 2550//2550 2545//2545 2548//2548
f 2548//2548 2545//2545 2547//2547
f 2548//2548 2547//2547 2539//2539
f 2539//2539 2547//2547 2540//2540
f 2551//2551 2552//2552 2553//2553
f 2551//2551 2553//2553 2554//2554
f 2554//2554 2553//2553 2555//2555
f 2554//2554 2555//2555 2556//2556
f 2556//2556 2555//2555 2557//2557
f 2556//2556 2557//2557 2558//2558
f 2558//2558 2557//2557 2559//2559
f 2558//2558 2559//2559 2560//2560
f 2560//2560 2559//2559 2561//2561
f 2560//2560 2561//2561 2562//2562
f 2563//2563 2564//2564 2565//2565
f 2565//2565 2564//2564 2566//2566
f 2565//2565 2566//2566 2567//2567
f 2567//2567 2566//2566 2568//2568
f 2567//2567 2568//2568 2569//2569
f 2569//2569 2568//2568 2570//2570
f 2569//2569 2570//2570 2571//2571
f 2571//2571 2570//2570 2572//2572
f 2571//2571 2572//2572 2573//2573
f 2573//2573 2572//2572 2574//2574
f 2573//2573 2574//2574 2575//2575
f 2575//2575 2574//2574 2576//2576
f 2575//2575 2576//2576 2577//2577
f 2577//2577 2576//2576 2578//2578
f 2577//2577 2578//2578 2579//2579
f 2579//2579 2578//2578 2580//2580
f 2579//2579 2580//2580 2581//2581
f 2581//2581 2580//2580 2582//2582
f 2581//2581 2582//2582 2583//2583
f 2583//2583 2582//2582 2584//2584
f 2583//2583 2584//2584 2585//2585
f 2585//2585 2584//2584 2586//2586
f 2585//2585 2586//2586 2587//2587
f 2587//2587 2586//2586 2588//2588
f 2587//2587 2588//2588 2589//2589
f 2589//2589 2588//2588 2590//2590
f 2589//2589 2590//2590 2591//2591
f 2591//2591 2590//2590 2592//2592
f 2591//2591 2592//2592 2593//2593
f 2593//2593 2592//2592 2594//2594
f 2593//2593 2594//2594 2595//2595
f 2595//2595 2594//2594 2596//2596
f 2595//2595 2596//2596 2597//2597
f 2597//2597 2596//2596 2598//2598
f 2597//2597 2598//2598 2599//2599
f 2599//2599 2598//2598 2600//2600
f 2599//2599 2600//2600 2601//2601
f 2601//2601 2600//2600 2602//2602
f 2601//2601 2602//2602 2603//2603
f 2603//2603 2602//2602 2604//2604
f 2603//2603 2604//2604 2605//2605
f 2605//2605 2604//2604 2606//2606
f 2605//2605 2606//2606 2607//2607
f 2607//2607 2606//2606 2608//2608
f 2607//2607 2608//2608 2609//2609
f 2609//2609 2608//2608 2610//2610
f 2609//2609 2610//2610 2563//2563
f 2563//2563 2610//2610 2564//2564
f 2550//2550 2611//2611 2545//2545
f 2612//2612 2613//2613 2614//2614
f 2615//2615 2359//2359 2358//2358
f 2616//2616 2360//2360 2359//2359
f 2617//2617 2361//2361 2360//2360
f 2618//2618 2362//2362 2361//2361
f 2619//2619 2363//2363 2362//2362
f 2362//2362 2618//2618 2619//2619
f 2619//2619 2618//2618 2620//2620
f 2619//2619 2620//2620 2621//2621
f 2621//2621 2620//2620 2622//2622
f 2621//2621 2622//2622 2623//2623
f 2623//2623 2622//2622 2624//2624
f 2623//2623 2624//2624 2625//2625
f 2625//2625 2624//2624 2626//2626
f 2625//2625 2626//2626 2627//2627
f 2628//2628 2629//2629 2630//2630
f 2614//2614 2613//2613 2631//2631
f 2632//2632 2633//2633 2634//2634
f 2611//2611 2550//2550 2635//2635
f 2636//2636 2637//2637 2632//2632
f 2632//2632 2637//2637 2635//2635
f 2632//2632 2635//2635 2633//2633
f 2633//2633 2635//2635 2550//2550
f 2633//2633 2550//2550 2634//2634
f 2358//2358 2638//2638 2615//2615
f 2615//2615 2638//2638 2639//2639
f 2615//2615 2639//2639 2640//2640
f 2640//2640 2639//2639 2641//2641
f 2640//2640 2641//2641 2642//2642
f 2642//2642 2641//2641 2643//2643
f 2642//2642 2643//2643 2636//2636
f 2636//2636 2643//2643 2644//2644
f 2636//2636 2644//2644 2637//2637
f 2361//2361 2617//2617 2618//2618
f 2618//2618 2617//2617 2645//2645
f 2618//2618 2645//2645 2620//2620
f 2620//2620 2645//2645 2646//2646
f 2620//2620 2646//2646 2622//2622
f 2622//2622 2646//2646 2628//2628
f 2622//2622 2628//2628 2624//2624
f 2624//2624 2628//2628 2630//2630
f 2624//2624 2630//2630 2626//2626
f 2360//2360 2616//2616 2617//2617
f 2617//2617 2616//2616 2647//2647
f 2617//2617 2647//2647 2645//2645
f 2645//2645 2647//2647 2648//2648
f 2645//2645 2648//2648 2646//2646
f 2646//2646 2648//2648 2631//2631
f 2646//2646 2631//2631 2628//2628
f 2628//2628 2631//2631 2613//2613
f 2628//2628 2613//2613 2629//2629
f 2359//2359 2615//2615 2616//2616
f 2616//2616 2615//2615 2640//2640
f 2616//2616 2640//2640 2647//2647
f 2647//2647 2640//2640 2642//2642
f 2647//2647 2642//2642 2648//2648
f 2648//2648 2642//2642 2636//2636
f 2648//2648 2636//2636 2631//2631
f 2631//2631 2636//2636 2632//2632
f 2631//2631 2632//2632 2614//2614
f 2614//2614 2632//2632 2634//2634
f 2614//2614 2634//2634 2612//2612
f 2649//2649 2650//2650 2651//2651
f 2652//2652 2653//2653 2654//2654
f 2654//2654 2653//2653 2655//2655
f 2656//2656 2657//2657 2658//2658
f 2658//2658 2657//2657 2659//2659
f 2658//2658 2659//2659 2660//2660
f 2660//2660 2659//2659 2661//2661
f 2660//2660 2661//2661 2662//2662
f 2656//2656 2658//2658 2663//2663
f 2663//2663 2658//2658 2664//2664
f 2663//2663 2664//2664 2665//2665
f 2665//2665 2664//2664 2666//2666
f 2665//2665 2666//2666 2667//2667
f 2667//2667 2666//2666 2650//2650
f 2667//2667 2650//2650 2655//2655
f 2655//2655 2650//2650 2649//2649
f 2655//2655 2649//2649 2654//2654
f 2668//2668 2669//2669 2670//2670
f 2670//2670 2669//2669 2671//2671
f 2670//2670 2671//2671 2672//2672
f 2673//2673 2674//2674 2672//2672
f 2674//2674 2673//2673 2675//2675
f 2675//2675 2673//2673 2676//2676
f 2675//2675 2676//2676 2677//2677
f 2677//2677 2676//2676 2678//2678
f 2677//2677 2678//2678 2679//2679
f 2679//2679 2678//2678 2680//2680
f 2679//2679 2680//2680 2681//2681
f 2661//2661 2682//2682 2662//2662
f 2662//2662 2682//2682 2683//2683
f 2662//2662 2683//2683 2684//2684
f 2672//2672 2685//2685 2673//2673
f 2673//2673 2685//2685 2686//2686
f 2673//2673 2686//2686 2676//2676
f 2676//2676 2686//2686 2687//2687
f 2676//2676 2687//2687 2678//2678
f 2678//2678 2687//2687 2688//2688
f 2678//2678 2688//2688 2680//2680
f 2680//2680 2688//2688 2689//2689
f 2680//2680 2689//2689 2681//2681
f 2681//2681 2689//2689 2690//2690
f 2672//2672 2671//2671 2685//2685
f 2685//2685 2671//2671 2691//2691
f 2685//2685 2691//2691 2686//2686
f 2686//2686 2691//2691 2692//2692
f 2686//2686 2692//2692 2687//2687
f 2687//2687 2692//2692 2693//2693
f 2687//2687 2693//2693 2688//2688
f 2688//2688 2693//2693 2694//2694
f 2688//2688 2694//2694 2689//2689
f 2651//2651 2650//2650 2668//2668
f 2668//2668 2650//2650 2666//2666
f 2668//2668 2666//2666 2669//2669
f 2669//2669 2666//2666 2664//2664
f 2669//2669 2664//2664 2671//2671
f 2671//2671 2664//2664 2658//2658
f 2671//2671 2658//2658 2691//2691
f 2691//2691 2658//2658 2660//2660
f 2691//2691 2660//2660 2692//2692
f 2692//2692 2660//2660 2662//2662
f 2692//2692 2662//2662 2693//2693
f 2693//2693 2662//2662 2684//2684
f 2693//2693 2684//2684 2694//2694
f 2583//2583 2695//2695 2696//2696
f 2697//2697 2579//2579 2696//2696
f 2696//2696 2579//2579 2581//2581
f 2696//2696 2581//2581 2583//2583
f 2698//2698 2575//2575 2697//2697
f 2697//2697 2575//2575 2577//2577
f 2697//2697 2577//2577 2579//2579
f 2699//2699 2571//2571 2698//2698
f 2698//2698 2571//2571 2573//2573
f 2698//2698 2573//2573 2575//2575
f 2700//2700 2567//2567 2699//2699
f 2699//2699 2567//2567 2569//2569
f 2699//2699 2569//2569 2571//2571
f 2701//2701 2563//2563 2700//2700
f 2700//2700 2563//2563 2565//2565
f 2700//2700 2565//2565 2567//2567
f 2702//2702 2607//2607 2701//2701
f 2701//2701 2607//2607 2609//2609
f 2701//2701 2609//2609 2563//2563
f 2703//2703 2603//2603 2702//2702
f 2702//2702 2603//2603 2605//2605
f 2702//2702 2605//2605 2607//2607
f 2704//2704 2599//2599 2703//2703
f 2703//2703 2599//2599 2601//2601
f 2703//2703 2601//2601 2603//2603
f 2705//2705 2595//2595 2704//2704
f 2704//2704 2595//2595 2597//2597
f 2704//2704 2597//2597 2599//2599
f 2706//2706 2591//2591 2705//2705
f 2705//2705 2591//2591 2593//2593
f 2705//2705 2593//2593 2595//2595
f 2583//2583 2585//2585 2695//2695
f 2695//2695 2585//2585 2587//2587
f 2695//2695 2587//2587 2706//2706
f 2706//2706 2587//2587 2589//2589
f 2706//2706 2589//2589 2591//2591
f 2707//2707 2561//2561 2652//2652
f 2634//2634 2550//2550 2549//2549
f 2670//2670 2672//2672 2708//2708
f 2649//2649 2651//2651 2708//2708
f 2708//2708 2651//2651 2668//2668
f 2708//2708 2668//2668 2670//2670
f 2707//2707 2652//2652 2708//2708
f 2708//2708 2652//2652 2654//2654
f 2708//2708 2654//2654 2649//2649
f 2627//2627 2549//2549 2675//2675
f 2675//2675 2549//2549 2708//2708
f 2675//2675 2708//2708 2674//2674
f 2674//2674 2708//2708 2672//2672
f 2627//2627 2626//2626 2549//2549
f 2549//2549 2626//2626 2630//2630
f 2549//2549 2630//2630 2629//2629
f 2629//2629 2613//2613 2549//2549
f 2549//2549 2613//2613 2612//2612
f 2549//2549 2612//2612 2634//2634
f 2709//2709 2710//2710 2711//2711
f 2711//2711 2710//2710 2712//2712
f 2713//2713 2714//2714 2715//2715
f 2716//2716 2717//2717 2718//2718
f 2718//2718 2717//2717 2719//2719
f 2720//2720 2721//2721 2722//2722
f 2722//2722 2721//2721 2723//2723
f 2722//2722 2723//2723 2724//2724
f 2720//2720 2722//2722 2725//2725
f 2725//2725 2722//2722 2726//2726
f 2725//2725 2726//2726 2727//2727
f 2728//2728 2727//2727 2729//2729
f 2729//2729 2727//2727 2726//2726
f 2729//2729 2726//2726 2730//2730
f 2730//2730 2726//2726 2715//2715
f 2730//2730 2715//2715 2731//2731
f 2731//2731 2715//2715 2714//2714
f 2731//2731 2714//2714 2708//2708
f 2711//2711 2732//2732 2733//2733
f 2733//2733 2732//2732 2734//2734
f 2733//2733 2734//2734 2735//2735
f 2735//2735 2734//2734 2736//2736
f 2735//2735 2736//2736 2737//2737
f 2737//2737 2736//2736 2738//2738
f 2737//2737 2738//2738 2739//2739
f 2739//2739 2738//2738 2740//2740
f 2740//2740 2738//2738 2719//2719
f 2740//2740 2719//2719 2741//2741
f 2741//2741 2719//2719 2717//2717
f 2741//2741 2717//2717 2742//2742
f 2723//2723 2718//2718 2724//2724
f 2724//2724 2718//2718 2719//2719
f 2724//2724 2719//2719 2722//2722
f 2722//2722 2719//2719 2738//2738
f 2722//2722 2738//2738 2726//2726
f 2726//2726 2738//2738 2736//2736
f 2726//2726 2736//2736 2715//2715
f 2715//2715 2736//2736 2734//2734
f 2715//2715 2734//2734 2713//2713
f 2713//2713 2734//2734 2732//2732
f 2743//2743 2744//2744 2745//2745
f 2745//2745 2744//2744 2746//2746
f 2747//2747 2748//2748 2749//2749
f 2750//2750 2751//2751 2752//2752
f 2752//2752 2751//2751 2753//2753
f 2752//2752 2753//2753 2754//2754
f 2755//2755 2756//2756 2757//2757
f 2757//2757 2756//2756 2751//2751
f 2757//2757 2751//2751 2758//2758
f 2758//2758 2751//2751 2750//2750
f 2759//2759 2760//2760 2761//2761
f 2761//2761 2760//2760 2762//2762
f 2761//2761 2762//2762 2763//2763
f 2763//2763 2762//2762 2764//2764
f 2763//2763 2764//2764 2765//2765
f 2765//2765 2764//2764 2766//2766
f 2765//2765 2766//2766 2767//2767
f 2767//2767 2766//2766 2768//2768
f 2768//2768 2766//2766 2749//2749
f 2768//2768 2749//2749 2769//2769
f 2769//2769 2749//2749 2748//2748
f 2769//2769 2748//2748 2743//2743
f 2770//2770 2771//2771 2772//2772
f 2772//2772 2771//2771 2773//2773
f 2772//2772 2773//2773 2774//2774
f 2774//2774 2773//2773 2756//2756
f 2774//2774 2756//2756 2775//2775
f 2775//2775 2756//2756 2755//2755
f 2775//2775 2755//2755 2776//2776
f 2771//2771 2747//2747 2773//2773
f 2773//2773 2747//2747 2749//2749
f 2773//2773 2749//2749 2756//2756
f 2756//2756 2749//2749 2766//2766
f 2756//2756 2766//2766 2751//2751
f 2751//2751 2766//2766 2764//2764
f 2751//2751 2764//2764 2753//2753
f 2753//2753 2764//2764 2762//2762
f 2753//2753 2762//2762 2754//2754
f 2754//2754 2762//2762 2760//2760
f 2754//2754 2760//2760 2777//2777
f 2495//2495 2496//2496 2429//2429
f 2481//2481 2480//2480 2770//2770
f 2770//2770 2480//2480 2447//2447
f 2496//2496 2499//2499 2429//2429
f 2429//2429 2499//2499 2498//2498
f 2429//2429 2498//2498 2770//2770
f 2770//2770 2498//2498 2478//2478
f 2770//2770 2478//2478 2481//2481
f 2428//2428 2491//2491 2429//2429
f 2429//2429 2491//2491 2493//2493
f 2429//2429 2493//2493 2495//2495
f 2447//2447 2449//2449 2770//2770
f 2770//2770 2449//2449 2444//2444
f 2770//2770 2444//2444 2446//2446
f 2365//2365 2778//2778 2484//2484
f 2484//2484 2778//2778 2770//2770
f 2484//2484 2770//2770 2450//2450
f 2450//2450 2770//2770 2446//2446
f 2779//2779 2780//2780 2781//2781
f 2779//2779 2781//2781 2782//2782
f 2782//2782 2781//2781 2783//2783
f 2782//2782 2783//2783 2784//2784
f 2785//2785 2786//2786 2787//2787
f 2784//2784 2783//2783 2788//2788
f 2788//2788 2783//2783 2789//2789
f 2788//2788 2789//2789 2790//2790
f 2787//2787 2790//2790 2785//2785
f 2785//2785 2790//2790 2789//2789
f 2785//2785 2789//2789 2791//2791
f 2791//2791 2789//2789 2543//2543
f 2791//2791 2543//2543 2427//2427
f 2792//2792 2793//2793 2794//2794
f 2792//2792 2794//2794 2795//2795
f 2795//2795 2794//2794 2541//2541
f 2795//2795 2541//2541 2542//2542
f 2544//2544 2543//2543 2796//2796
f 2544//2544 2796//2796 2797//2797
f 2797//2797 2796//2796 2798//2798
f 2797//2797 2798//2798 2799//2799
f 2800//2800 2801//2801 2802//2802
f 2803//2803 2804//2804 2805//2805
f 2805//2805 2804//2804 2806//2806
f 2805//2805 2806//2806 2807//2807
f 2807//2807 2806//2806 2808//2808
f 2806//2806 2809//2809 2808//2808
f 2808//2808 2809//2809 2810//2810
f 2808//2808 2810//2810 2811//2811
f 2539//2539 2541//2541 2812//2812
f 2812//2812 2541//2541 2804//2804
f 2812//2812 2804//2804 2802//2802
f 2802//2802 2804//2804 2803//2803
f 2802//2802 2803//2803 2800//2800
f 2708//2708 2714//2714 2707//2707
f 2707//2707 2714//2714 2813//2813
f 2711//2711 2712//2712 2732//2732
f 2732//2732 2712//2712 2813//2813
f 2732//2732 2813//2813 2713//2713
f 2713//2713 2813//2813 2714//2714
f 2814//2814 2815//2815 2816//2816
f 2817//2817 2818//2818 2819//2819
f 2819//2819 2818//2818 2814//2814
f 2819//2819 2814//2814 2820//2820
f 2820//2820 2814//2814 2816//2816
f 2821//2821 2822//2822 2823//2823
f 2823//2823 2822//2822 2824//2824
f 2824//2824 2822//2822 2825//2825
f 2825//2825 2822//2822 2826//2826
f 2825//2825 2826//2826 2827//2827
f 2743//2743 2748//2748 2744//2744
f 2744//2744 2748//2748 2828//2828
f 2770//2770 2778//2778 2771//2771
f 2771//2771 2778//2778 2828//2828
f 2771//2771 2828//2828 2747//2747
f 2747//2747 2828//2828 2748//2748
f 2489//2489 2374//2374 2463//2463
f 2463//2463 2374//2374 2372//2372
f 2463//2463 2372//2372 2461//2461
f 2461//2461 2372//2372 2459//2459
f 2459//2459 2372//2372 2370//2370
f 2459//2459 2370//2370 2457//2457
f 2457//2457 2370//2370 2455//2455
f 2455//2455 2370//2370 2368//2368
f 2455//2455 2368//2368 2451//2451
f 2451//2451 2368//2368 2452//2452
f 2452//2452 2368//2368 2366//2366
f 2452//2452 2366//2366 2454//2454
f 2454//2454 2366//2366 2483//2483
f 2483//2483 2366//2366 2365//2365
f 2483//2483 2365//2365 2484//2484
f 2829//2829 2489//2489 2466//2466
f 2829//2829 2466//2466 2830//2830
f 2830//2830 2466//2466 2465//2465
f 2830//2830 2465//2465 2831//2831
f 2831//2831 2465//2465 2468//2468
f 2831//2831 2468//2468 2832//2832
f 2832//2832 2468//2468 2470//2470
f 2832//2832 2470//2470 2833//2833
f 2833//2833 2470//2470 2472//2472
f 2833//2833 2472//2472 2834//2834
f 2835//2835 2836//2836 2837//2837
f 2835//2835 2837//2837 2838//2838
f 2838//2838 2837//2837 2839//2839
f 2838//2838 2839//2839 2840//2840
f 2840//2840 2839//2839 2841//2841
f 2840//2840 2841//2841 2842//2842
f 2842//2842 2841//2841 2843//2843
f 2842//2842 2843//2843 2844//2844
f 2844//2844 2843//2843 2845//2845
f 2844//2844 2845//2845 2846//2846
f 2846//2846 2845//2845 2847//2847
f 2846//2846 2847//2847 2848//2848
f 2848//2848 2847//2847 2849//2849
f 2848//2848 2849//2849 2850//2850
f 2850//2850 2849//2849 2851//2851
f 2850//2850 2851//2851 2852//2852
f 2852//2852 2851//2851 2853//2853
f 2852//2852 2853//2853 2854//2854
f 2855//2855 2856//2856 2857//2857
f 2855//2855 2857//2857 2858//2858
f 2859//2859 2860//2860 2861//2861
f 2861//2861 2860//2860 2862//2862
f 2861//2861 2862//2862 2863//2863
f 2864//2864 2865//2865 2866//2866
f 2866//2866 2865//2865 2867//2867
f 2866//2866 2867//2867 2861//2861
f 2861//2861 2867//2867 2868//2868
f 2861//2861 2868//2868 2859//2859
f 2857//2857 2423//2423 2858//2858
f 2858//2858 2423//2423 2421//2421
f 2858//2858 2421//2421 2869//2869
f 2869//2869 2421//2421 2419//2419
f 2869//2869 2419//2419 2870//2870
f 2419//2419 2417//2417 2870//2870
f 2870//2870 2417//2417 2415//2415
f 2870//2870 2415//2415 2871//2871
f 2871//2871 2415//2415 2413//2413
f 2871//2871 2413//2413 2872//2872
f 2864//2864 2391//2391 2389//2389
f 2413//2413 2411//2411 2872//2872
f 2872//2872 2411//2411 2409//2409
f 2872//2872 2409//2409 2873//2873
f 2389//2389 2387//2387 2864//2864
f 2864//2864 2387//2387 2385//2385
f 2864//2864 2385//2385 2874//2874
f 2874//2874 2385//2385 2383//2383
f 2874//2874 2383//2383 2875//2875
f 2875//2875 2383//2383 2381//2381
f 2875//2875 2381//2381 2876//2876
f 2876//2876 2381//2381 2379//2379
f 2876//2876 2379//2379 2857//2857
f 2857//2857 2379//2379 2377//2377
f 2857//2857 2377//2377 2423//2423
f 2409//2409 2407//2407 2873//2873
f 2873//2873 2407//2407 2405//2405
f 2873//2873 2405//2405 2877//2877
f 2877//2877 2405//2405 2403//2403
f 2877//2877 2403//2403 2866//2866
f 2866//2866 2403//2403 2401//2401
f 2866//2866 2401//2401 2399//2399
f 2399//2399 2397//2397 2866//2866
f 2866//2866 2397//2397 2395//2395
f 2866//2866 2395//2395 2864//2864
f 2864//2864 2395//2395 2393//2393
f 2864//2864 2393//2393 2391//2391
f 2431//2431 2432//2432 2514//2514
f 2514//2514 2432//2432 2441//2441
f 2514//2514 2441//2441 2515//2515
f 2515//2515 2441//2441 2516//2516
f 2516//2516 2441//2441 2439//2439
f 2516//2516 2439//2439 2518//2518
f 2518//2518 2439//2439 2519//2519
f 2519//2519 2439//2439 2437//2437
f 2519//2519 2437//2437 2509//2509
f 2509//2509 2437//2437 2435//2435
f 2509//2509 2435//2435 2511//2511
f 2511//2511 2435//2435 2507//2507
f 2507//2507 2435//2435 2434//2434
f 2507//2507 2434//2434 2352//2352
f 2307//2307 2310//2310 2538//2538
f 2476//2476 2478//2478 2498//2498
f 2476//2476 2498//2498 2474//2474
f 2310//2310 2312//2312 2538//2538
f 2538//2538 2312//2312 2878//2878
f 2538//2538 2878//2878 2527//2527
f 2527//2527 2878//2878 2879//2879
f 2504//2504 2537//2537 2502//2502
f 2502//2502 2537//2537 2536//2536
f 2880//2880 2881//2881 2534//2534
f 2529//2529 2844//2844 2530//2530
f 2530//2530 2844//2844 2846//2846
f 2530//2530 2846//2846 2531//2531
f 2879//2879 2835//2835 2527//2527
f 2527//2527 2835//2835 2838//2838
f 2527//2527 2838//2838 2528//2528
f 2528//2528 2838//2838 2840//2840
f 2528//2528 2840//2840 2529//2529
f 2529//2529 2840//2840 2842//2842
f 2529//2529 2842//2842 2844//2844
f 2471//2471 2474//2474 2535//2535
f 2535//2535 2474//2474 2498//2498
f 2535//2535 2498//2498 2536//2536
f 2536//2536 2498//2498 2497//2497
f 2536//2536 2497//2497 2502//2502
f 2504//2504 2506//2506 2537//2537
f 2537//2537 2506//2506 2357//2357
f 2537//2537 2357//2357 2538//2538
f 2538//2538 2357//2357 2308//2308
f 2538//2538 2308//2308 2307//2307
f 2882//2882 2880//2880 2883//2883
f 2883//2883 2880//2880 2534//2534
f 2883//2883 2534//2534 2854//2854
f 2854//2854 2534//2534 2533//2533
f 2854//2854 2533//2533 2852//2852
f 2852//2852 2533//2533 2532//2532
f 2852//2852 2532//2532 2850//2850
f 2850//2850 2532//2532 2531//2531
f 2850//2850 2531//2531 2848//2848
f 2848//2848 2531//2531 2846//2846
f 2881//2881 2884//2884 2534//2534
f 2534//2534 2884//2884 2834//2834
f 2534//2534 2834//2834 2535//2535
f 2535//2535 2834//2834 2472//2472
f 2535//2535 2472//2472 2471//2471
f 2885//2885 2836//2836 2879//2879
f 2879//2879 2836//2836 2835//2835
f 2886//2886 2887//2887 2888//2888
f 2294//2294 2888//2888 2291//2291
f 2291//2291 2888//2888 2887//2887
f 2291//2291 2887//2887 2292//2292
f 2292//2292 2887//2887 2319//2319
f 2434//2434 2433//2433 2889//2889
f 2889//2889 2433//2433 2890//2890
f 2891//2891 2546//2546 2892//2892
f 2891//2891 2892//2892 2893//2893
f 2893//2893 2892//2892 2894//2894
f 2893//2893 2894//2894 2895//2895
f 2895//2895 2894//2894 2896//2896
f 2895//2895 2896//2896 2897//2897
f 2897//2897 2896//2896 2898//2898
f 2897//2897 2898//2898 2899//2899
f 2899//2899 2898//2898 2900//2900
f 2899//2899 2900//2900 2901//2901
f 2546//2546 2891//2891 2547//2547
f 2547//2547 2891//2891 2902//2902
f 2547//2547 2902//2902 2540//2540
f 2540//2540 2902//2902 2903//2903
f 2540//2540 2903//2903 2542//2542
f 2542//2542 2903//2903 2904//2904
f 2542//2542 2904//2904 2795//2795
f 2795//2795 2904//2904 2905//2905
f 2795//2795 2905//2905 2792//2792
f 2792//2792 2905//2905 2906//2906
f 2792//2792 2906//2906 2799//2799
f 2799//2799 2906//2906 2907//2907
f 2799//2799 2907//2907 2797//2797
f 2797//2797 2907//2907 2908//2908
f 2797//2797 2908//2908 2544//2544
f 2544//2544 2908//2908 2909//2909
f 2910//2910 2426//2426 2909//2909
f 2909//2909 2426//2426 2544//2544
f 2426//2426 2910//2910 2424//2424
f 2424//2424 2910//2910 2911//2911
f 2424//2424 2911//2911 2432//2432
f 2432//2432 2911//2911 2443//2443
f 2546//2546 2545//2545 2611//2611
f 2546//2546 2611//2611 2892//2892
f 2611//2611 2635//2635 2892//2892
f 2892//2892 2635//2635 2637//2637
f 2892//2892 2637//2637 2894//2894
f 2894//2894 2637//2637 2644//2644
f 2894//2894 2644//2644 2896//2896
f 2644//2644 2643//2643 2896//2896
f 2896//2896 2643//2643 2641//2641
f 2896//2896 2641//2641 2898//2898
f 2358//2358 2900//2900 2638//2638
f 2638//2638 2900//2900 2898//2898
f 2638//2638 2898//2898 2639//2639
f 2639//2639 2898//2898 2641//2641
f 2912//2912 2913//2913 2900//2900
f 2900//2900 2913//2913 2901//2901
f 2914//2914 2915//2915 2916//2916
f 2916//2916 2915//2915 2917//2917
f 2918//2918 2919//2919 2920//2920
f 2346//2346 2344//2344 2919//2919
f 2346//2346 2919//2919 2340//2340
f 2340//2340 2919//2919 2918//2918
f 2340//2340 2918//2918 2341//2341
f 2652//2652 2561//2561 2653//2653
f 2653//2653 2561//2561 2559//2559
f 2653//2653 2559//2559 2655//2655
f 2655//2655 2559//2559 2667//2667
f 2667//2667 2559//2559 2557//2557
f 2667//2667 2557//2557 2665//2665
f 2665//2665 2557//2557 2663//2663
f 2663//2663 2557//2557 2555//2555
f 2663//2663 2555//2555 2656//2656
f 2656//2656 2555//2555 2657//2657
f 2657//2657 2555//2555 2553//2553
f 2657//2657 2553//2553 2659//2659
f 2659//2659 2553//2553 2661//2661
f 2661//2661 2553//2553 2552//2552
f 2661//2661 2552//2552 2682//2682
f 2921//2921 2922//2922 2923//2923
f 2921//2921 2923//2923 2924//2924
f 2924//2924 2923//2923 2925//2925
f 2924//2924 2925//2925 2926//2926
f 2926//2926 2925//2925 2927//2927
f 2926//2926 2927//2927 2928//2928
f 2928//2928 2927//2927 2929//2929
f 2928//2928 2929//2929 2930//2930
f 2930//2930 2929//2929 2931//2931
f 2930//2930 2931//2931 2932//2932
f 2932//2932 2931//2931 2933//2933
f 2932//2932 2933//2933 2934//2934
f 2934//2934 2933//2933 2935//2935
f 2934//2934 2935//2935 2936//2936
f 2936//2936 2935//2935 2937//2937
f 2936//2936 2937//2937 2938//2938
f 2938//2938 2937//2937 2917//2917
f 2938//2938 2917//2917 2915//2915
f 2939//2939 2940//2940 2941//2941
f 2942//2942 2570//2570 2568//2568
f 2568//2568 2566//2566 2942//2942
f 2942//2942 2566//2566 2564//2564
f 2942//2942 2564//2564 2610//2610
f 2943//2943 2944//2944 2945//2945
f 2945//2945 2944//2944 2946//2946
f 2947//2947 2944//2944 2948//2948
f 2948//2948 2944//2944 2943//2943
f 2948//2948 2943//2943 2949//2949
f 2949//2949 2943//2943 2950//2950
f 2951//2951 2600//2600 2598//2598
f 2600//2600 2951//2951 2602//2602
f 2602//2602 2951//2951 2952//2952
f 2602//2602 2952//2952 2604//2604
f 2604//2604 2952//2952 2953//2953
f 2604//2604 2953//2953 2606//2606
f 2606//2606 2953//2953 2954//2954
f 2606//2606 2954//2954 2608//2608
f 2608//2608 2954//2954 2939//2939
f 2608//2608 2939//2939 2610//2610
f 2610//2610 2939//2939 2941//2941
f 2610//2610 2941//2941 2942//2942
f 2955//2955 2956//2956 2578//2578
f 2598//2598 2596//2596 2951//2951
f 2951//2951 2596//2596 2594//2594
f 2951//2951 2594//2594 2592//2592
f 2945//2945 2590//2590 2588//2588
f 2946//2946 2957//2957 2945//2945
f 2945//2945 2957//2957 2951//2951
f 2945//2945 2951//2951 2590//2590
f 2590//2590 2951//2951 2592//2592
f 2942//2942 2958//2958 2570//2570
f 2570//2570 2958//2958 2959//2959
f 2570//2570 2959//2959 2572//2572
f 2572//2572 2959//2959 2960//2960
f 2572//2572 2960//2960 2574//2574
f 2574//2574 2960//2960 2955//2955
f 2574//2574 2955//2955 2576//2576
f 2576//2576 2955//2955 2578//2578
f 2588//2588 2586//2586 2945//2945
f 2945//2945 2586//2586 2584//2584
f 2945//2945 2584//2584 2961//2961
f 2961//2961 2584//2584 2582//2582
f 2961//2961 2582//2582 2956//2956
f 2956//2956 2582//2582 2580//2580
f 2956//2956 2580//2580 2578//2578
f 2682//2682 2962//2962 2963//2963
f 2682//2682 2963//2963 2683//2683
f 2683//2683 2963//2963 2964//2964
f 2683//2683 2964//2964 2684//2684
f 2684//2684 2964//2964 2965//2965
f 2684//2684 2965//2965 2694//2694
f 2694//2694 2965//2965 2966//2966
f 2694//2694 2966//2966 2689//2689
f 2689//2689 2966//2966 2967//2967
f 2689//2689 2967//2967 2690//2690
f 2619//2619 2621//2621 2697//2697
f 2695//2695 2706//2706 2938//2938
f 2625//2625 2627//2627 2698//2698
f 2704//2704 2932//2932 2705//2705
f 2705//2705 2932//2932 2934//2934
f 2705//2705 2934//2934 2706//2706
f 2706//2706 2934//2934 2936//2936
f 2706//2706 2936//2936 2938//2938
f 2968//2968 2969//2969 2700//2700
f 2697//2697 2621//2621 2698//2698
f 2698//2698 2621//2621 2623//2623
f 2698//2698 2623//2623 2625//2625
f 2325//2325 2324//2324 2970//2970
f 2970//2970 2324//2324 2696//2696
f 2970//2970 2696//2696 2914//2914
f 2914//2914 2696//2696 2695//2695
f 2914//2914 2695//2695 2915//2915
f 2915//2915 2695//2695 2938//2938
f 2700//2700 2971//2971 2701//2701
f 2701//2701 2971//2971 2921//2921
f 2701//2701 2921//2921 2702//2702
f 2921//2921 2924//2924 2702//2702
f 2702//2702 2924//2924 2926//2926
f 2702//2702 2926//2926 2703//2703
f 2703//2703 2926//2926 2928//2928
f 2703//2703 2928//2928 2704//2704
f 2704//2704 2928//2928 2930//2930
f 2704//2704 2930//2930 2932//2932
f 2700//2700 2969//2969 2971//2971
f 2971//2971 2969//2969 2972//2972
f 2971//2971 2972//2972 2973//2973
f 2699//2699 2698//2698 2679//2679
f 2679//2679 2698//2698 2627//2627
f 2679//2679 2627//2627 2677//2677
f 2677//2677 2627//2627 2675//2675
f 2324//2324 2330//2330 2696//2696
f 2696//2696 2330//2330 2329//2329
f 2696//2696 2329//2329 2697//2697
f 2697//2697 2329//2329 2363//2363
f 2697//2697 2363//2363 2619//2619
f 2679//2679 2681//2681 2699//2699
f 2699//2699 2681//2681 2690//2690
f 2699//2699 2690//2690 2700//2700
f 2700//2700 2690//2690 2967//2967
f 2700//2700 2967//2967 2968//2968
f 2974//2974 2975//2975 2976//2976
f 2976//2976 2975//2975 2977//2977
f 2976//2976 2977//2977 2978//2978
f 2979//2979 2980//2980 2981//2981
f 2801//2801 2980//2980 2802//2802
f 2802//2802 2980//2980 2979//2979
f 2802//2802 2979//2979 2812//2812
f 2812//2812 2979//2979 2548//2548
f 2812//2812 2548//2548 2539//2539
f 2981//2981 2974//2974 2979//2979
f 2979//2979 2974//2974 2976//2976
f 2979//2979 2976//2976 2548//2548
f 2548//2548 2976//2976 2549//2549
f 2978//2978 2982//2982 2976//2976
f 2976//2976 2982//2982 2983//2983
f 2976//2976 2983//2983 2984//2984
f 2728//2728 2729//2729 2985//2985
f 2985//2985 2729//2729 2730//2730
f 2985//2985 2730//2730 2986//2986
f 2708//2708 2549//2549 2731//2731
f 2731//2731 2549//2549 2976//2976
f 2731//2731 2976//2976 2730//2730
f 2730//2730 2976//2976 2984//2984
f 2730//2730 2984//2984 2986//2986
f 2709//2709 2987//2987 2710//2710
f 2710//2710 2987//2987 2988//2988
f 2987//2987 2989//2989 2988//2988
f 2988//2988 2989//2989 2990//2990
f 2988//2988 2990//2990 2991//2991
f 2990//2990 2992//2992 2991//2991
f 2991//2991 2992//2992 2993//2993
f 2991//2991 2993//2993 2994//2994
f 2814//2814 2818//2818 2995//2995
f 2995//2995 2818//2818 2994//2994
f 2995//2995 2994//2994 2996//2996
f 2996//2996 2994//2994 2993//2993
f 2709//2709 2711//2711 2997//2997
f 2997//2997 2711//2711 2733//2733
f 2997//2997 2733//2733 2998//2998
f 2998//2998 2733//2733 2735//2735
f 2998//2998 2735//2735 2999//2999
f 2999//2999 2735//2735 2737//2737
f 2999//2999 2737//2737 3000//3000
f 3000//3000 2737//2737 2739//2739
f 3000//3000 2739//2739 3001//3001
f 3001//3001 2739//2739 2740//2740
f 3001//3001 2740//2740 3002//3002
f 3002//3002 2740//2740 2741//2741
f 3002//3002 2741//2741 3003//3003
f 3003//3003 2741//2741 2742//2742
f 2822//2822 3004//3004 2826//2826
f 2826//2826 3004//3004 3005//3005
f 3004//3004 3006//3006 3005//3005
f 3005//3005 3006//3006 3007//3007
f 3005//3005 3007//3007 3008//3008
f 3007//3007 3009//3009 3008//3008
f 3008//3008 3009//3009 3010//3010
f 3008//3008 3010//3010 3011//3011
f 2745//2745 2746//2746 3012//3012
f 3012//3012 2746//2746 3011//3011
f 3012//3012 3011//3011 3013//3013
f 3013//3013 3011//3011 3010//3010
f 3014//3014 2759//2759 3015//3015
f 3015//3015 2759//2759 2761//2761
f 3015//3015 2761//2761 3016//3016
f 3016//3016 2761//2761 2763//2763
f 3016//3016 2763//2763 3017//3017
f 3017//3017 2763//2763 2765//2765
f 3017//3017 2765//2765 3018//3018
f 3018//3018 2765//2765 2767//2767
f 3018//3018 2767//2767 3019//3019
f 3019//3019 2767//2767 2768//2768
f 3019//3019 2768//2768 3020//3020
f 3020//3020 2768//2768 2769//2769
f 3020//3020 2769//2769 2745//2745
f 2745//2745 2769//2769 2743//2743
f 3021//3021 2774//2774 3022//3022
f 3022//3022 2774//2774 2775//2775
f 3022//3022 2775//2775 2776//2776
f 3023//3023 3024//3024 3025//3025
f 3025//3025 3024//3024 3026//3026
f 3025//3025 3026//3026 3027//3027
f 3021//3021 3023//3023 2774//2774
f 2774//2774 3023//3023 3025//3025
f 2774//2774 3025//3025 2772//2772
f 2772//2772 3025//3025 2429//2429
f 2772//2772 2429//2429 2770//2770
f 2427//2427 2425//2425 3028//3028
f 3029//3029 3030//3030 3028//3028
f 3028//3028 3030//3030 3031//3031
f 3031//3031 2786//2786 2785//2785
f 3025//3025 3027//3027 3032//3032
f 3031//3031 2785//2785 3028//3028
f 3028//3028 2785//2785 2791//2791
f 3028//3028 2791//2791 2427//2427
f 2425//2425 2429//2429 3028//3028
f 3028//3028 2429//2429 3025//3025
f 3028//3028 3025//3025 3029//3029
f 3029//3029 3025//3025 3032//3032
f 2798//2798 3033//3033 3034//3034
f 3035//3035 3036//3036 3037//3037
f 3034//3034 3033//3033 3038//3038
f 2798//2798 2796//2796 3035//3035
f 3035//3035 2796//2796 2543//2543
f 3035//3035 2543//2543 3036//3036
f 3036//3036 2543//2543 2789//2789
f 3036//3036 2789//2789 3037//3037
f 3037//3037 2789//2789 2783//2783
f 3039//3039 3040//3040 3041//3041
f 3041//3041 3040//3040 3042//3042
f 3041//3041 3042//3042 3043//3043
f 2798//2798 3044//3044 3033//3033
f 3033//3033 3044//3044 3040//3040
f 3033//3033 3040//3040 3038//3038
f 3038//3038 3040//3040 3039//3039
f 2780//2780 3043//3043 2781//2781
f 2781//2781 3043//3043 3042//3042
f 2781//2781 3042//3042 2783//2783
f 2783//2783 3042//3042 3040//3040
f 2783//2783 3040//3040 3037//3037
f 3037//3037 3040//3040 3044//3044
f 3037//3037 3044//3044 3035//3035
f 3035//3035 3044//3044 2798//2798
f 2793//2793 2792//2792 2798//2798
f 2798//2798 2792//2792 2799//2799
f 2793//2793 3045//3045 3046//3046
f 2793//2793 3047//3047 2794//2794
f 2806//2806 3048//3048 2809//2809
f 2804//2804 3049//3049 3050//3050
f 2794//2794 3047//3047 2541//2541
f 2804//2804 3050//3050 2806//2806
f 2806//2806 3050//3050 3051//3051
f 2806//2806 3051//3051 3048//3048
f 2810//2810 2809//2809 3052//3052
f 3052//3052 2809//2809 3048//3048
f 3052//3052 3048//3048 3053//3053
f 3053//3053 3048//3048 3051//3051
f 3053//3053 3051//3051 3054//3054
f 3054//3054 3051//3051 3055//3055
f 3049//3049 3056//3056 3050//3050
f 3050//3050 3056//3056 3046//3046
f 3050//3050 3046//3046 3051//3051
f 3051//3051 3046//3046 3045//3045
f 3051//3051 3045//3045 3055//3055
f 3056//3056 2793//2793 3046//3046
f 2804//2804 2541//2541 3049//3049
f 3049//3049 2541//2541 3047//3047
f 3049//3049 3047//3047 3056//3056
f 3056//3056 3047//3047 2793//2793
f 3057//3057 2817//2817 3058//3058
f 3057//3057 3058//3058 3059//3059
f 3059//3059 3058//3058 3060//3060
f 3059//3059 3060//3060 3061//3061
f 3061//3061 3060//3060 3062//3062
f 3061//3061 3062//3062 3063//3063
f 3063//3063 3062//3062 3064//3064
f 3063//3063 3064//3064 3065//3065
f 2817//2817 3057//3057 2818//2818
f 2818//2818 3057//3057 3066//3066
f 2818//2818 3066//3066 2994//2994
f 2994//2994 3066//3066 3067//3067
f 2994//2994 3067//3067 2991//2991
f 2991//2991 3067//3067 3068//3068
f 2991//2991 3068//3068 2988//2988
f 2988//2988 3068//3068 3069//3069
f 2988//2988 3069//3069 2710//2710
f 2710//2710 3069//3069 3070//3070
f 2710//2710 3070//3070 2712//2712
f 2712//2712 3070//3070 3071//3071
f 2712//2712 3071//3071 2813//2813
f 2813//2813 3071//3071 3072//3072
f 2813//2813 3072//3072 2707//2707
f 2707//2707 3072//3072 3073//3073
f 2707//2707 3073//3073 2561//2561
f 2561//2561 3073//3073 2562//2562
f 2552//2552 2551//2551 3074//3074
f 3074//3074 2551//2551 3075//3075
f 3076//3076 3077//3077 3064//3064
f 3064//3064 3077//3077 3065//3065
f 3078//3078 3064//3064 3079//3079
f 3079//3079 3064//3064 3062//3062
f 3079//3079 3062//3062 3080//3080
f 3080//3080 3062//3062 3081//3081
f 3081//3081 3062//3062 3060//3060
f 3081//3081 3060//3060 3082//3082
f 3082//3082 3060//3060 3083//3083
f 3083//3083 3060//3060 3058//3058
f 3083//3083 3058//3058 3084//3084
f 3084//3084 3058//3058 3085//3085
f 3085//3085 3058//3058 2817//2817
f 3085//3085 2817//2817 2819//2819
f 3086//3086 3087//3087 3088//3088
f 3089//3089 3087//3087 3090//3090
f 3090//3090 3087//3087 3086//3086
f 3090//3090 3086//3086 3091//3091
f 3091//3091 3086//3086 3092//3092
f 3092//3092 3086//3086 3093//3093
f 3092//3092 3093//3093 3094//3094
f 3094//3094 3093//3093 3095//3095
f 3094//3094 3095//3095 3096//3096
f 3096//3096 3095//3095 3097//3097
f 3097//3097 3095//3095 3098//3098
f 3097//3097 3098//3098 3099//3099
f 3100//3100 2823//2823 2824//2824
f 2821//2821 2823//2823 3101//3101
f 3101//3101 2823//2823 3100//3100
f 3101//3101 3100//3100 3102//3102
f 3103//3103 3104//3104 3102//3102
f 3102//3102 3104//3104 3105//3105
f 3102//3102 3105//3105 3101//3101
f 3106//3106 3107//3107 3108//3108
f 3108//3108 3107//3107 3103//3103
f 3108//3108 3103//3103 3109//3109
f 3109//3109 3103//3103 3102//3102
f 2825//2825 3099//3099 2824//2824
f 2824//2824 3099//3099 3098//3098
f 2824//2824 3098//3098 3100//3100
f 3100//3100 3098//3098 3095//3095
f 3100//3100 3095//3095 3102//3102
f 3102//3102 3095//3095 3093//3093
f 3102//3102 3093//3093 3109//3109
f 3109//3109 3093//3093 3086//3086
f 3109//3109 3086//3086 3108//3108
f 3108//3108 3086//3086 3088//3088
f 3108//3108 3088//3088 3106//3106
f 3110//3110 3111//3111 3112//3112
f 3113//3113 3114//3114 2821//2821
f 3115//3115 3116//3116 3117//3117
f 3117//3117 3116//3116 3101//3101
f 3117//3117 3101//3101 3105//3105
f 2821//2821 3101//3101 3113//3113
f 3113//3113 3101//3101 3116//3116
f 3113//3113 3116//3116 3118//3118
f 3118//3118 3116//3116 3115//3115
f 3118//3118 3115//3115 3119//3119
f 3120//3120 3121//3121 3119//3119
f 3119//3119 3121//3121 3122//3122
f 3119//3119 3122//3122 3118//3118
f 3118//3118 3122//3122 3123//3123
f 3118//3118 3123//3123 3113//3113
f 3113//3113 3123//3123 3124//3124
f 3113//3113 3124//3124 3114//3114
f 3110//3110 3112//3112 3125//3125
f 3125//3125 3112//3112 3126//3126
f 3125//3125 3126//3126 3127//3127
f 3127//3127 3126//3126 3128//3128
f 3127//3127 3128//3128 3129//3129
f 3129//3129 3128//3128 3130//3130
f 3129//3129 3130//3130 3131//3131
f 3132//3132 3130//3130 3133//3133
f 3133//3133 3130//3130 3128//3128
f 3133//3133 3128//3128 3134//3134
f 3134//3134 3128//3128 3126//3126
f 3134//3134 3126//3126 3135//3135
f 3135//3135 3126//3126 3112//3112
f 3135//3135 3112//3112 3111//3111
f 3136//3136 3137//3137 3138//3138
f 3138//3138 3139//3139 3136//3136
f 3136//3136 3139//3139 3140//3140
f 3136//3136 3140//3140 3141//3141
f 3141//3141 3140//3140 3142//3142
f 3141//3141 3142//3142 3143//3143
f 3107//3107 3106//3106 3144//3144
f 3107//3107 3144//3144 3145//3145
f 3146//3146 3147//3147 3148//3148
f 3144//3144 3149//3149 3145//3145
f 3145//3145 3149//3149 3150//3150
f 3145//3145 3150//3150 3148//3148
f 3148//3148 3150//3150 3151//3151
f 3148//3148 3151//3151 3146//3146
f 3147//3147 3152//3152 3148//3148
f 3148//3148 3152//3152 3153//3153
f 3148//3148 3153//3153 3145//3145
f 3145//3145 3153//3153 3154//3154
f 3145//3145 3154//3154 3107//3107
f 3103//3103 3107//3107 3155//3155
f 3155//3155 3107//3107 3154//3154
f 3155//3155 3154//3154 3156//3156
f 3156//3156 3154//3154 3153//3153
f 3156//3156 3153//3153 3157//3157
f 3157//3157 3153//3153 3152//3152
f 3157//3157 3152//3152 3137//3137
f 3137//3137 3152//3152 3158//3158
f 3137//3137 3158//3158 3138//3138
f 3132//3132 3120//3120 3130//3130
f 3130//3130 3120//3120 3119//3119
f 3130//3130 3119//3119 3131//3131
f 3131//3131 3119//3119 3115//3115
f 3131//3131 3115//3115 3159//3159
f 3159//3159 3115//3115 3117//3117
f 3159//3159 3117//3117 3160//3160
f 3160//3160 3117//3117 3105//3105
f 3160//3160 3105//3105 3104//3104
f 3104//3104 3103//3103 3160//3160
f 3160//3160 3103//3103 3155//3155
f 3160//3160 3155//3155 3159//3159
f 3159//3159 3155//3155 3156//3156
f 3159//3159 3156//3156 3131//3131
f 3131//3131 3156//3156 3157//3157
f 3131//3131 3157//3157 3129//3129
f 3129//3129 3157//3157 3137//3137
f 3129//3129 3137//3137 3127//3127
f 3127//3127 3137//3137 3136//3136
f 3127//3127 3136//3136 3125//3125
f 3125//3125 3136//3136 3141//3141
f 3125//3125 3141//3141 3110//3110
f 3110//3110 3141//3141 3143//3143
f 3110//3110 3143//3143 3111//3111
f 3161//3161 3111//3111 3162//3162
f 3163//3163 3164//3164 3165//3165
f 3166//3166 3167//3167 3168//3168
f 3167//3167 3166//3166 3169//3169
f 3170//3170 3171//3171 2815//2815
f 3172//3172 3173//3173 3174//3174
f 3175//3175 3176//3176 3177//3177
f 3177//3177 3176//3176 3178//3178
f 3179//3179 3180//3180 3181//3181
f 3175//3175 3177//3177 3181//3181
f 3181//3181 3177//3177 3182//3182
f 3181//3181 3182//3182 3179//3179
f 3183//3183 3161//3161 3184//3184
f 3184//3184 3161//3161 3185//3185
f 3184//3184 3185//3185 3186//3186
f 3186//3186 3185//3185 3187//3187
f 3186//3186 3187//3187 3188//3188
f 3188//3188 3187//3187 3189//3189
f 3188//3188 3189//3189 3178//3178
f 3178//3178 3189//3189 3190//3190
f 3178//3178 3190//3190 3177//3177
f 3177//3177 3190//3190 3191//3191
f 3177//3177 3191//3191 3182//3182
f 3170//3170 3192//3192 3171//3171
f 3171//3171 3192//3192 3193//3193
f 3171//3171 3193//3193 3194//3194
f 3194//3194 3193//3193 3195//3195
f 3194//3194 3195//3195 3196//3196
f 3196//3196 3195//3195 3197//3197
f 3163//3163 3165//3165 3198//3198
f 3174//3174 3197//3197 3199//3199
f 3199//3199 3197//3197 3195//3195
f 3199//3199 3195//3195 3198//3198
f 3198//3198 3195//3195 3193//3193
f 3198//3198 3193//3193 3163//3163
f 3163//3163 3193//3193 3192//3192
f 3163//3163 3192//3192 3164//3164
f 3164//3164 3192//3192 3170//3170
f 2815//2815 3169//3169 3170//3170
f 3170//3170 3169//3169 3166//3166
f 3170//3170 3166//3166 3164//3164
f 3164//3164 3166//3166 3168//3168
f 3164//3164 3168//3168 3165//3165
f 3165//3165 3168//3168 3200//3200
f 3165//3165 3200//3200 3201//3201
f 3201//3201 3200//3200 3202//3202
f 3201//3201 3202//3202 3203//3203
f 3203//3203 3202//3202 3204//3204
f 3203//3203 3204//3204 3205//3205
f 3205//3205 3204//3204 3206//3206
f 3205//3205 3206//3206 3207//3207
f 3161//3161 3162//3162 3185//3185
f 3185//3185 3162//3162 3208//3208
f 3185//3185 3208//3208 3187//3187
f 3187//3187 3208//3208 3209//3209
f 3187//3187 3209//3209 3189//3189
f 3189//3189 3209//3209 3210//3210
f 3189//3189 3210//3210 3190//3190
f 3190//3190 3210//3210 3211//3211
f 3190//3190 3211//3211 3191//3191
f 3183//3183 3111//3111 3161//3161
f 3184//3184 3212//3212 3183//3183
f 3183//3183 3212//3212 3111//3111
f 3207//3207 3212//3212 3205//3205
f 3205//3205 3212//3212 3184//3184
f 3205//3205 3184//3184 3203//3203
f 3203//3203 3184//3184 3186//3186
f 3203//3203 3186//3186 3201//3201
f 3201//3201 3186//3186 3188//3188
f 3201//3201 3188//3188 3165//3165
f 3165//3165 3188//3188 3178//3178
f 3165//3165 3178//3178 3198//3198
f 3198//3198 3178//3178 3176//3176
f 3198//3198 3176//3176 3199//3199
f 3199//3199 3176//3176 3175//3175
f 3199//3199 3175//3175 3174//3174
f 3174//3174 3175//3175 3181//3181
f 3174//3174 3181//3181 3172//3172
f 3172//3172 3181//3181 3180//3180
f 3082//3082 3083//3083 3213//3213
f 2816//2816 3214//3214 2820//2820
f 2820//2820 3214//3214 3085//3085
f 2820//2820 3085//3085 2819//2819
f 3213//3213 3083//3083 3214//3214
f 3214//3214 3083//3083 3084//3084
f 3214//3214 3084//3084 3085//3085
f 3082//3082 3213//3213 3081//3081
f 3081//3081 3213//3213 3215//3215
f 3081//3081 3215//3215 3080//3080
f 3080//3080 3215//3215 3216//3216
f 3080//3080 3216//3216 3079//3079
f 3217//3217 3218//3218 3219//3219
f 3173//3173 3218//3218 3174//3174
f 3174//3174 3218//3218 3217//3217
f 3174//3174 3217//3217 3220//3220
f 2815//2815 3171//3171 3221//3221
f 3221//3221 3171//3171 3194//3194
f 3221//3221 3194//3194 3222//3222
f 3222//3222 3194//3194 3196//3196
f 3222//3222 3196//3196 3220//3220
f 3220//3220 3196//3196 3197//3197
f 3220//3220 3197//3197 3174//3174
f 3078//3078 3079//3079 3219//3219
f 3219//3219 3079//3079 3216//3216
f 3219//3219 3216//3216 3217//3217
f 3217//3217 3216//3216 3215//3215
f 3217//3217 3215//3215 3220//3220
f 3220//3220 3215//3215 3213//3213
f 3220//3220 3213//3213 3222//3222
f 3222//3222 3213//3213 3214//3214
f 3222//3222 3214//3214 3221//3221
f 3221//3221 3214//3214 2816//2816
f 3221//3221 2816//2816 2815//2815
f 2825//2825 2827//2827 3099//3099
f 3099//3099 2827//2827 3223//3223
f 3099//3099 3223//3223 3097//3097
f 3097//3097 3223//3223 3096//3096
f 3096//3096 3223//3223 3224//3224
f 3096//3096 3224//3224 3094//3094
f 3094//3094 3224//3224 3092//3092
f 3092//3092 3224//3224 3225//3225
f 3092//3092 3225//3225 3091//3091
f 3091//3091 3225//3225 3090//3090
f 3090//3090 3225//3225 3226//3226
f 3090//3090 3226//3226 3089//3089
f 3227//3227 3228//3228 2374//2374
f 2374//2374 3228//3228 2375//2375
f 2365//2365 2364//2364 2778//2778
f 2778//2778 2364//2364 3229//3229
f 2778//2778 3229//3229 2828//2828
f 2828//2828 3229//3229 3230//3230
f 2828//2828 3230//3230 2744//2744
f 2744//2744 3230//3230 3231//3231
f 2744//2744 3231//3231 2746//2746
f 2746//2746 3231//3231 3232//3232
f 2746//2746 3232//3232 3011//3011
f 3011//3011 3232//3232 3233//3233
f 3011//3011 3233//3233 3008//3008
f 3008//3008 3233//3233 3234//3234
f 3008//3008 3234//3234 3005//3005
f 3005//3005 3234//3234 3235//3235
f 3005//3005 3235//3235 2826//2826
f 2826//2826 3235//3235 3236//3236
f 2826//2826 3236//3236 2827//2827
f 2827//2827 3236//3236 3237//3237
f 3238//3238 3226//3226 3225//3225
f 3238//3238 3225//3225 3239//3239
f 3239//3239 3225//3225 3224//3224
f 3239//3239 3224//3224 3240//3240
f 3240//3240 3224//3224 3223//3223
f 3240//3240 3223//3223 3241//3241
f 3241//3241 3223//3223 2827//2827
f 3241//3241 2827//2827 3237//3237
f 3226//3226 3238//3238 3242//3242
f 3242//3242 3238//3238 3243//3243
f 3228//3228 3227//3227 3244//3244
f 3228//3228 3244//3244 3245//3245
f 3245//3245 3244//3244 3246//3246
f 3245//3245 3246//3246 3247//3247
f 2829//2829 3227//3227 2489//2489
f 2489//2489 3227//3227 2374//2374
f 3248//3248 2880//2880 2882//2882
f 2833//2833 2834//2834 2884//2884
f 2884//2884 3249//3249 2833//2833
f 2833//2833 3249//3249 3250//3250
f 2833//2833 3250//3250 2832//2832
f 2832//2832 3250//3250 3251//3251
f 2832//2832 3251//3251 2831//2831
f 2831//2831 3251//3251 3252//3252
f 2831//2831 3252//3252 2830//2830
f 2830//2830 3252//3252 3253//3253
f 2830//2830 3253//3253 2829//2829
f 3254//3254 3255//3255 3256//3256
f 2882//2882 3257//3257 3248//3248
f 3248//3248 3257//3257 3258//3258
f 3248//3248 3258//3258 3259//3259
f 3259//3259 3258//3258 3260//3260
f 3259//3259 3260//3260 3261//3261
f 3261//3261 3260//3260 3254//3254
f 3261//3261 3254//3254 3262//3262
f 3262//3262 3254//3254 3256//3256
f 2881//2881 2880//2880 3263//3263
f 3263//3263 2880//2880 3248//3248
f 3263//3263 3248//3248 3264//3264
f 3264//3264 3248//3248 3259//3259
f 3264//3264 3259//3259 3265//3265
f 3265//3265 3259//3259 3261//3261
f 3265//3265 3261//3261 3266//3266
f 3266//3266 3261//3261 3262//3262
f 3266//3266 3262//3262 3267//3267
f 3267//3267 3262//3262 3256//3256
f 2884//2884 2881//2881 3249//3249
f 3249//3249 2881//2881 3263//3263
f 3249//3249 3263//3263 3250//3250
f 3250//3250 3263//3263 3264//3264
f 3250//3250 3264//3264 3251//3251
f 3251//3251 3264//3264 3265//3265
f 3251//3251 3265//3265 3252//3252
f 3252//3252 3265//3265 3266//3266
f 3252//3252 3266//3266 3253//3253
f 3253//3253 3266//3266 3267//3267
f 2857//2857 2853//2853 2851//2851
f 2857//2857 2851//2851 2876//2876
f 2876//2876 2851//2851 2849//2849
f 2876//2876 2849//2849 2875//2875
f 2875//2875 2849//2849 2847//2847
f 2875//2875 2847//2847 2874//2874
f 2874//2874 2847//2847 2845//2845
f 2874//2874 2845//2845 2864//2864
f 2864//2864 2845//2845 2843//2843
f 2864//2864 2843//2843 2865//2865
f 2865//2865 2843//2843 2841//2841
f 2865//2865 2841//2841 2867//2867
f 2867//2867 2841//2841 2839//2839
f 2867//2867 2839//2839 2868//2868
f 2868//2868 2839//2839 2837//2837
f 2868//2868 2837//2837 2859//2859
f 2859//2859 2837//2837 2836//2836
f 2859//2859 2836//2836 2860//2860
f 3268//3268 2882//2882 3269//3269
f 3269//3269 2882//2882 2883//2883
f 3269//3269 2883//2883 2853//2853
f 2853//2853 2883//2883 2854//2854
f 3268//3268 3270//3270 2882//2882
f 2882//2882 3270//3270 3257//3257
f 3271//3271 3272//3272 3273//3273
f 3273//3273 3274//3274 3271//3271
f 3271//3271 3274//3274 3275//3275
f 3271//3271 3275//3275 3276//3276
f 3276//3276 3275//3275 3257//3257
f 3276//3276 3257//3257 3270//3270
f 3277//3277 3278//3278 3279//3279
f 3279//3279 3278//3278 3280//3280
f 3279//3279 3280//3280 3281//3281
f 3280//3280 3282//3282 3281//3281
f 3281//3281 3282//3282 3283//3283
f 3281//3281 3283//3283 3272//3272
f 3272//3272 3283//3283 3284//3284
f 3272//3272 3284//3284 3273//3273
f 2858//2858 2869//2869 3285//3285
f 3285//3285 2869//2869 3286//3286
f 3286//3286 2869//2869 3287//3287
f 3287//3287 2869//2869 2870//2870
f 3287//3287 2870//2870 3288//3288
f 3288//3288 2870//2870 3289//3289
f 3289//3289 2870//2870 2871//2871
f 3289//3289 2871//2871 3290//3290
f 3291//3291 3292//3292 2872//2872
f 2872//2872 3292//3292 3293//3293
f 2872//2872 3293//3293 2871//2871
f 2871//2871 3293//3293 3294//3294
f 2871//2871 3294//3294 3290//3290
f 2873//2873 3295//3295 2872//2872
f 2872//2872 3295//3295 3296//3296
f 3296//3296 3297//3297 2872//2872
f 2872//2872 3297//3297 3298//3298
f 2872//2872 3298//3298 3291//3291
f 2866//2866 3299//3299 2877//2877
f 2877//2877 3299//3299 3300//3300
f 2877//2877 3300//3300 2873//2873
f 2873//2873 3300//3300 3301//3301
f 2873//2873 3301//3301 3295//3295
f 2352//2352 2434//2434 2320//2320
f 2320//2320 2434//2434 2889//2889
f 3302//3302 3303//3303 3304//3304
f 3302//3302 3304//3304 3305//3305
f 3305//3305 3304//3304 3306//3306
f 3305//3305 3306//3306 3307//3307
f 3307//3307 3306//3306 2889//2889
f 3307//3307 2889//2889 2890//2890
f 2885//2885 2879//2879 3308//3308
f 3308//3308 2879//2879 2878//2878
f 3308//3308 2878//2878 3309//3309
f 3309//3309 2878//2878 2312//2312
f 2860//2860 2836//2836 2862//2862
f 2862//2862 2836//2836 2885//2885
f 3310//3310 2319//2319 3311//3311
f 3311//3311 2319//2319 2887//2887
f 3311//3311 2887//2887 2886//2886
f 2319//2319 3310//3310 3312//3312
f 2319//2319 3312//3312 2314//2314
f 2314//2314 3312//3312 3313//3313
f 2314//2314 3313//3313 2316//2316
f 2316//2316 3313//3313 3314//3314
f 2316//2316 3314//3314 2311//2311
f 3309//3309 2312//2312 3315//3315
f 3315//3315 2312//2312 2311//2311
f 3315//3315 2311//2311 3316//3316
f 3316//3316 2311//2311 3314//3314
f 3317//3317 2911//2911 2910//2910
f 2907//2907 2906//2906 3318//3318
f 3318//3318 2906//2906 3319//3319
f 3319//3319 2906//2906 2905//2905
f 3319//3319 2905//2905 3320//3320
f 3320//3320 2905//2905 2904//2904
f 3320//3320 2904//2904 3321//3321
f 3321//3321 2904//2904 3322//3322
f 3322//3322 2904//2904 2903//2903
f 3322//3322 2903//2903 3323//3323
f 3323//3323 2903//2903 2902//2902
f 3323//3323 2902//2902 3324//3324
f 2891//2891 3325//3325 2902//2902
f 2902//2902 3325//3325 3326//3326
f 2902//2902 3326//3326 3324//3324
f 3317//3317 3302//3302 2911//2911
f 2911//2911 3302//3302 3305//3305
f 2911//2911 3305//3305 2443//2443
f 2443//2443 3305//3305 3307//3307
f 2443//2443 3307//3307 2890//2890
f 3318//3318 3327//3327 2907//2907
f 2907//2907 3327//3327 3328//3328
f 2907//2907 3328//3328 2908//2908
f 2908//2908 3328//3328 3329//3329
f 2908//2908 3329//3329 2909//2909
f 2909//2909 3329//3329 3330//3330
f 2909//2909 3330//3330 2910//2910
f 2910//2910 3330//3330 3331//3331
f 2910//2910 3331//3331 3317//3317
f 2893//2893 2895//2895 2897//2897
f 2436//2436 2438//2438 2440//2440
f 2897//2897 2899//2899 2893//2893
f 2893//2893 2899//2899 2901//2901
f 2893//2893 2901//2901 2891//2891
f 2891//2891 2901//2901 2913//2913
f 2891//2891 2913//2913 3325//3325
f 2890//2890 2433//2433 2443//2443
f 2443//2443 2433//2433 2436//2436
f 2443//2443 2436//2436 2442//2442
f 2442//2442 2436//2436 2440//2440
f 2913//2913 2912//2912 3332//3332
f 2913//2913 3332//3332 3325//3325
f 3325//3325 3332//3332 3333//3333
f 3325//3325 3333//3333 3326//3326
f 3326//3326 3333//3333 3334//3334
f 3326//3326 3334//3334 3324//3324
f 2339//2339 2912//2912 2358//2358
f 2358//2358 2912//2912 2900//2900
f 2949//2949 2916//2916 2948//2948
f 2948//2948 2916//2916 2917//2917
f 3335//3335 2325//2325 3336//3336
f 3336//3336 2325//2325 2970//2970
f 3336//3336 2970//2970 2916//2916
f 2916//2916 2970//2970 2914//2914
f 3337//3337 2344//2344 3338//3338
f 3338//3338 2344//2344 2343//2343
f 3338//3338 2343//2343 3339//3339
f 3339//3339 2343//2343 3340//3340
f 3340//3340 2343//2343 2349//2349
f 3340//3340 2349//2349 3341//3341
f 2349//2349 2327//2327 3341//3341
f 3341//3341 2327//2327 2325//2325
f 3341//3341 2325//2325 3335//3335
f 2344//2344 3337//3337 2919//2919
f 2919//2919 3337//3337 3342//3342
f 2919//2919 3342//3342 2920//2920
f 2945//2945 2961//2961 3343//3343
f 3343//3343 2961//2961 3344//3344
f 3344//3344 2961//2961 3345//3345
f 3345//3345 2961//2961 2956//2956
f 3345//3345 2956//2956 3346//3346
f 3346//3346 2956//2956 3347//3347
f 3347//3347 2956//2956 2955//2955
f 3347//3347 2955//2955 3348//3348
f 3349//3349 3350//3350 2960//2960
f 2960//2960 3350//3350 3351//3351
f 2960//2960 3351//3351 2955//2955
f 2955//2955 3351//3351 3352//3352
f 2955//2955 3352//3352 3348//3348
f 2959//2959 3353//3353 2960//2960
f 2960//2960 3353//3353 3354//3354
f 3354//3354 3355//3355 2960//2960
f 2960//2960 3355//3355 3356//3356
f 2960//2960 3356//3356 3349//3349
f 2942//2942 3357//3357 2958//2958
f 2958//2958 3357//3357 3358//3358
f 2958//2958 3358//3358 2959//2959
f 2959//2959 3358//3358 3359//3359
f 2959//2959 3359//3359 3353//3353
f 2682//2682 2552//2552 2962//2962
f 2962//2962 2552//2552 3074//3074
f 3360//3360 3361//3361 3362//3362
f 3360//3360 3362//3362 3363//3363
f 3363//3363 3362//3362 3074//3074
f 3363//3363 3074//3074 3075//3075
f 2922//2922 2921//2921 3364//3364
f 3364//3364 2921//2921 2971//2971
f 3364//3364 2971//2971 3365//3365
f 3365//3365 2971//2971 2973//2973
f 2948//2948 2917//2917 2937//2937
f 2948//2948 2937//2937 2947//2947
f 2947//2947 2937//2937 2935//2935
f 2947//2947 2935//2935 2944//2944
f 2944//2944 2935//2935 2933//2933
f 2944//2944 2933//2933 2946//2946
f 2946//2946 2933//2933 2931//2931
f 2946//2946 2931//2931 2957//2957
f 2957//2957 2931//2931 2929//2929
f 2957//2957 2929//2929 2951//2951
f 2951//2951 2929//2929 2927//2927
f 2951//2951 2927//2927 2952//2952
f 2952//2952 2927//2927 2925//2925
f 2952//2952 2925//2925 2953//2953
f 2953//2953 2925//2925 2923//2923
f 2953//2953 2923//2923 2954//2954
f 2954//2954 2923//2923 2922//2922
f 2954//2954 2922//2922 2939//2939
f 2973//2973 3366//3366 3365//3365
f 3365//3365 3366//3366 3367//3367
f 3366//3366 2973//2973 2972//2972
f 2972//2972 3368//3368 3366//3366
f 3366//3366 3368//3368 3369//3369
f 3366//3366 3369//3369 3370//3370
f 3370//3370 3369//3369 3371//3371
f 3370//3370 3371//3371 3372//3372
f 3372//3372 3371//3371 3373//3373
f 3372//3372 3373//3373 3374//3374
f 3374//3374 3373//3373 3375//3375
f 3374//3374 3375//3375 3376//3376
f 2963//2963 2962//2962 3377//3377
f 3377//3377 3378//3378 2963//2963
f 2963//2963 3378//3378 3379//3379
f 2963//2963 3379//3379 2964//2964
f 2964//2964 3379//3379 3380//3380
f 2964//2964 3380//3380 2965//2965
f 2965//2965 3380//3380 3381//3381
f 2965//2965 3381//3381 2966//2966
f 2966//2966 3381//3381 2968//2968
f 2966//2966 2968//2968 2967//2967
f 2969//2969 2968//2968 3382//3382
f 3382//3382 2968//2968 3381//3381
f 3382//3382 3381//3381 3383//3383
f 3383//3383 3381//3381 3380//3380
f 3383//3383 3380//3380 3384//3384
f 3384//3384 3380//3380 3379//3379
f 3384//3384 3379//3379 3385//3385
f 3385//3385 3379//3379 3378//3378
f 3385//3385 3378//3378 3386//3386
f 3386//3386 3378//3378 3377//3377
f 2972//2972 2969//2969 3368//3368
f 3368//3368 2969//2969 3382//3382
f 3368//3368 3382//3382 3369//3369
f 3369//3369 3382//3382 3383//3383
f 3369//3369 3383//3383 3371//3371
f 3371//3371 3383//3383 3384//3384
f 3371//3371 3384//3384 3373//3373
f 3373//3373 3384//3384 3385//3385
f 3373//3373 3385//3385 3375//3375
f 3375//3375 3385//3385 3386//3386
f 3387//3387 3388//3388 3389//3389
f 3390//3390 3367//3367 3366//3366
f 3391//3391 3392//3392 3393//3393
f 3391//3391 3393//3393 3388//3388
f 3388//3388 3393//3393 3394//3394
f 3388//3388 3394//3394 3389//3389
f 3392//3392 3395//3395 3393//3393
f 3393//3393 3395//3395 3396//3396
f 3393//3393 3396//3396 3397//3397
f 3390//3390 3366//3366 3398//3398
f 3398//3398 3366//3366 3399//3399
f 3398//3398 3399//3399 3400//3400
f 3400//3400 3399//3399 3401//3401
f 3400//3400 3401//3401 3389//3389
f 3389//3389 3401//3401 3402//3402
f 3389//3389 3402//3402 3387//3387
f 2807//2807 3403//3403 2805//2805
f 2805//2805 3403//3403 3404//3404
f 2805//2805 3404//3404 2803//2803
f 2803//2803 3404//3404 2800//2800
f 2800//2800 3404//3404 3405//3405
f 2800//2800 3405//3405 2801//2801
f 3406//3406 2975//2975 3405//3405
f 3405//3405 2975//2975 2974//2974
f 2974//2974 2981//2981 3405//3405
f 3405//3405 2981//2981 2980//2980
f 3405//3405 2980//2980 2801//2801
f 2977//2977 2975//2975 3406//3406
f 3407//3407 2982//2982 3406//3406
f 3406//3406 2982//2982 2978//2978
f 3406//3406 2978//2978 2977//2977
f 2986//2986 3408//3408 2985//2985
f 2985//2985 3408//3408 3409//3409
f 2728//2728 2985//2985 3409//3409
f 2728//2728 3409//3409 2727//2727
f 2727//2727 3409//3409 3410//3410
f 2727//2727 3410//3410 2725//2725
f 2725//2725 3410//3410 2720//2720
f 2720//2720 3410//3410 3411//3411
f 2720//2720 3411//3411 2721//2721
f 2721//2721 3411//3411 3412//3412
f 2721//2721 3412//3412 2723//2723
f 2723//2723 3412//3412 3413//3413
f 2723//2723 3413//3413 2718//2718
f 3413//3413 2716//2716 2718//2718
f 3414//3414 3002//3002 3003//3003
f 3415//3415 2999//2999 3000//3000
f 3416//3416 2997//2997 2998//2998
f 2709//2709 2997//2997 2987//2987
f 2987//2987 2997//2997 3416//3416
f 2987//2987 3416//3416 2989//2989
f 2989//2989 3416//3416 2990//2990
f 2990//2990 3416//3416 3417//3417
f 2990//2990 3417//3417 2992//2992
f 2992//2992 3417//3417 3418//3418
f 2992//2992 3418//3418 2993//2993
f 2993//2993 3418//3418 2996//2996
f 2996//2996 3418//3418 3419//3419
f 2996//2996 3419//3419 2995//2995
f 3420//3420 3421//3421 3422//3422
f 3422//3422 3421//3421 3423//3423
f 3424//3424 3425//3425 3420//3420
f 3426//3426 3427//3427 3428//3428
f 3003//3003 3429//3429 3414//3414
f 3414//3414 3429//3429 3430//3430
f 3414//3414 3430//3430 3431//3431
f 3431//3431 3430//3430 3432//3432
f 3431//3431 3432//3432 3433//3433
f 3433//3433 3432//3432 3426//3426
f 3433//3433 3426//3426 3434//3434
f 3434//3434 3426//3426 3428//3428
f 3434//3434 3428//3428 3425//3425
f 3425//3425 3424//3424 3434//3434
f 3434//3434 3424//3424 3435//3435
f 3434//3434 3435//3435 3433//3433
f 3433//3433 3435//3435 3436//3436
f 3433//3433 3436//3436 3431//3431
f 3431//3431 3436//3436 3437//3437
f 3431//3431 3437//3437 3414//3414
f 3414//3414 3437//3437 3001//3001
f 3414//3414 3001//3001 3002//3002
f 3420//3420 3422//3422 3424//3424
f 3424//3424 3422//3422 3438//3438
f 3424//3424 3438//3438 3435//3435
f 3435//3435 3438//3438 3439//3439
f 3435//3435 3439//3439 3436//3436
f 3436//3436 3439//3439 3415//3415
f 3436//3436 3415//3415 3437//3437
f 3437//3437 3415//3415 3000//3000
f 3437//3437 3000//3000 3001//3001
f 2814//2814 2995//2995 3423//3423
f 3423//3423 2995//2995 3419//3419
f 3423//3423 3419//3419 3422//3422
f 3422//3422 3419//3419 3418//3418
f 3422//3422 3418//3418 3438//3438
f 3438//3438 3418//3418 3417//3417
f 3438//3438 3417//3417 3439//3439
f 3439//3439 3417//3417 3416//3416
f 3439//3439 3416//3416 3415//3415
f 3415//3415 3416//3416 2998//2998
f 3415//3415 2998//2998 2999//2999
f 3111//3111 3212//3212 3427//3427
f 3427//3427 3212//3212 3207//3207
f 3427//3427 3207//3207 3428//3428
f 2815//2815 2814//2814 3169//3169
f 3169//3169 2814//2814 3423//3423
f 3169//3169 3423//3423 3167//3167
f 3420//3420 3200//3200 3168//3168
f 3167//3167 3423//3423 3168//3168
f 3168//3168 3423//3423 3421//3421
f 3168//3168 3421//3421 3420//3420
f 3207//3207 3206//3206 3428//3428
f 3428//3428 3206//3206 3204//3204
f 3428//3428 3204//3204 3202//3202
f 3200//3200 3420//3420 3202//3202
f 3202//3202 3420//3420 3425//3425
f 3202//3202 3425//3425 3428//3428
f 3121//3121 3120//3120 3440//3440
f 3441//3441 3134//3134 3442//3442
f 3442//3442 3134//3134 3135//3135
f 3442//3442 3135//3135 3111//3111
f 3440//3440 3120//3120 3443//3443
f 3443//3443 3120//3120 3132//3132
f 3443//3443 3132//3132 3441//3441
f 3441//3441 3132//3132 3133//3133
f 3441//3441 3133//3133 3134//3134
f 2822//2822 2821//2821 3444//3444
f 3444//3444 2821//2821 3114//3114
f 3444//3444 3114//3114 3445//3445
f 3445//3445 3114//3114 3124//3124
f 3445//3445 3124//3124 3446//3446
f 3446//3446 3124//3124 3123//3123
f 3446//3446 3123//3123 3440//3440
f 3440//3440 3123//3123 3122//3122
f 3440//3440 3122//3122 3121//3121
f 3013//3013 3010//3010 3447//3447
f 3442//3442 3448//3448 3449//3449
f 3442//3442 3449//3449 3441//3441
f 3441//3441 3449//3449 3450//3450
f 3441//3441 3450//3450 3443//3443
f 3443//3443 3450//3450 3440//3440
f 3440//3440 3450//3450 3451//3451
f 3440//3440 3451//3451 3446//3446
f 3446//3446 3451//3451 3445//3445
f 3445//3445 3451//3451 3452//3452
f 3445//3445 3452//3452 3444//3444
f 2822//2822 3444//3444 3004//3004
f 3004//3004 3444//3444 3452//3452
f 3004//3004 3452//3452 3006//3006
f 3006//3006 3452//3452 3007//3007
f 2745//2745 3012//3012 3020//3020
f 3020//3020 3012//3012 3453//3453
f 3020//3020 3453//3453 3019//3019
f 3019//3019 3453//3453 3454//3454
f 3019//3019 3454//3454 3018//3018
f 3018//3018 3454//3454 3455//3455
f 3018//3018 3455//3455 3017//3017
f 3017//3017 3455//3455 3016//3016
f 3016//3016 3455//3455 3456//3456
f 3016//3016 3456//3456 3015//3015
f 3015//3015 3456//3456 3457//3457
f 3015//3015 3457//3457 3014//3014
f 3458//3458 3457//3457 3459//3459
f 3459//3459 3457//3457 3456//3456
f 3459//3459 3456//3456 3460//3460
f 3460//3460 3456//3456 3455//3455
f 3460//3460 3455//3455 3461//3461
f 3461//3461 3455//3455 3454//3454
f 3461//3461 3454//3454 3447//3447
f 3447//3447 3454//3454 3453//3453
f 3447//3447 3453//3453 3013//3013
f 3013//3013 3453//3453 3012//3012
f 3462//3462 3458//3458 3463//3463
f 3463//3463 3458//3458 3459//3459
f 3463//3463 3459//3459 3464//3464
f 3464//3464 3459//3459 3460//3460
f 3464//3464 3460//3460 3465//3465
f 3465//3465 3460//3460 3461//3461
f 3465//3465 3461//3461 3466//3466
f 3466//3466 3461//3461 3447//3447
f 3466//3466 3447//3447 3009//3009
f 3009//3009 3447//3447 3010//3010
f 3448//3448 3462//3462 3449//3449
f 3449//3449 3462//3462 3463//3463
f 3449//3449 3463//3463 3450//3450
f 3450//3450 3463//3463 3464//3464
f 3450//3450 3464//3464 3451//3451
f 3451//3451 3464//3464 3465//3465
f 3451//3451 3465//3465 3452//3452
f 3452//3452 3465//3465 3466//3466
f 3452//3452 3466//3466 3007//3007
f 3007//3007 3466//3466 3009//3009
f 3467//3467 2754//2754 2777//2777
f 2754//2754 3467//3467 3468//3468
f 3469//3469 3022//3022 2776//2776
f 3469//3469 2776//2776 3470//3470
f 3471//3471 2750//2750 3468//3468
f 3468//3468 2750//2750 2752//2752
f 3468//3468 2752//2752 2754//2754
f 2776//2776 2755//2755 3470//3470
f 3470//3470 2755//2755 2757//2757
f 3470//3470 2757//2757 3471//3471
f 3471//3471 2757//2757 2758//2758
f 3471//3471 2758//2758 2750//2750
f 3472//3472 3021//3021 3469//3469
f 3469//3469 3021//3021 3022//3022
f 3026//3026 3473//3473 3027//3027
f 3027//3027 3473//3473 3474//3474
f 3027//3027 3474//3474 3032//3032
f 3032//3032 3474//3474 3029//3029
f 3475//3475 2787//2787 2786//2786
f 3475//3475 2786//2786 3476//3476
f 2787//2787 3475//3475 2790//2790
f 2790//2790 3475//3475 3477//3477
f 2790//2790 3477//3477 2788//2788
f 2788//2788 3477//3477 3478//3478
f 2788//2788 3478//3478 2784//2784
f 3029//3029 3474//3474 3030//3030
f 3030//3030 3474//3474 3476//3476
f 3030//3030 3476//3476 3031//3031
f 3031//3031 3476//3476 2786//2786
f 2784//2784 3478//3478 2782//2782
f 2782//2782 3478//3478 2779//2779
f 2793//2793 2798//2798 3045//3045
f 3045//3045 2798//2798 3034//3034
f 3045//3045 3034//3034 3055//3055
f 3055//3055 3034//3034 3038//3038
f 3055//3055 3038//3038 3054//3054
f 3054//3054 3038//3038 3039//3039
f 3054//3054 3039//3039 3053//3053
f 3053//3053 3039//3039 3041//3041
f 3053//3053 3041//3041 3052//3052
f 3052//3052 3041//3041 3043//3043
f 3052//3052 3043//3043 2810//2810
f 2810//2810 3043//3043 2780//2780
f 2811//2811 3403//3403 2808//2808
f 2808//2808 3403//3403 2807//2807
f 3065//3065 3077//3077 3479//3479
f 3479//3479 3068//3068 3067//3067
f 2562//2562 3073//3073 2551//2551
f 3068//3068 3479//3479 3069//3069
f 3069//3069 3479//3479 3480//3480
f 3069//3069 3480//3480 3070//3070
f 3481//3481 3072//3072 3480//3480
f 3480//3480 3072//3072 3071//3071
f 3480//3480 3071//3071 3070//3070
f 3481//3481 3360//3360 3072//3072
f 3072//3072 3360//3360 3363//3363
f 3072//3072 3363//3363 3073//3073
f 3073//3073 3363//3363 3075//3075
f 3073//3073 3075//3075 2551//2551
f 3061//3061 3063//3063 3059//3059
f 3059//3059 3063//3063 3065//3065
f 3059//3059 3065//3065 3057//3057
f 3057//3057 3065//3065 3479//3479
f 3057//3057 3479//3479 3066//3066
f 3066//3066 3479//3479 3067//3067
f 2558//2558 2560//2560 2556//2556
f 2556//2556 2560//2560 2562//2562
f 2556//2556 2562//2562 2554//2554
f 2554//2554 2562//2562 2551//2551
f 3482//3482 3483//3483 3484//3484
f 3482//3482 3484//3484 3485//3485
f 3485//3485 3484//3484 3486//3486
f 3485//3485 3486//3486 3487//3487
f 3487//3487 3486//3486 3488//3488
f 3487//3487 3488//3488 3489//3489
f 3489//3489 3488//3488 3077//3077
f 3489//3489 3077//3077 3076//3076
f 3064//3064 3078//3078 3076//3076
f 3076//3076 3078//3078 3490//3490
f 3076//3076 3490//3490 3482//3482
f 3482//3482 3485//3485 3076//3076
f 3076//3076 3485//3485 3487//3487
f 3076//3076 3487//3487 3489//3489
f 3151//3151 3491//3491 3146//3146
f 3146//3146 3491//3491 3147//3147
f 3151//3151 3150//3150 3491//3491
f 3491//3491 3150//3150 3149//3149
f 3491//3491 3149//3149 3492//3492
f 3492//3492 3149//3149 3144//3144
f 3492//3492 3144//3144 3493//3493
f 3493//3493 3144//3144 3106//3106
f 3493//3493 3106//3106 3494//3494
f 3494//3494 3106//3106 3088//3088
f 3494//3494 3088//3088 3495//3495
f 3495//3495 3088//3088 3087//3087
f 3495//3495 3087//3087 3496//3496
f 3496//3496 3087//3087 3089//3089
f 3158//3158 3152//3152 3497//3497
f 3140//3140 3139//3139 3497//3497
f 3497//3497 3139//3139 3138//3138
f 3497//3497 3138//3138 3158//3158
f 3147//3147 3491//3491 3152//3152
f 3152//3152 3491//3491 3498//3498
f 3152//3152 3498//3498 3497//3497
f 3142//3142 3499//3499 3143//3143
f 3143//3143 3499//3499 3111//3111
f 3140//3140 3497//3497 3142//3142
f 3142//3142 3497//3497 3500//3500
f 3142//3142 3500//3500 3499//3499
f 3179//3179 3182//3182 3501//3501
f 3182//3182 3191//3191 3501//3501
f 3501//3501 3191//3191 3211//3211
f 3501//3501 3211//3211 3502//3502
f 3502//3502 3211//3211 3210//3210
f 3502//3502 3210//3210 3503//3503
f 3503//3503 3210//3210 3209//3209
f 3503//3503 3209//3209 3504//3504
f 3504//3504 3209//3209 3208//3208
f 3504//3504 3208//3208 3499//3499
f 3499//3499 3208//3208 3162//3162
f 3499//3499 3162//3162 3111//3111
f 3179//3179 3501//3501 3180//3180
f 3180//3180 3501//3501 3505//3505
f 3180//3180 3505//3505 3172//3172
f 3172//3172 3505//3505 3506//3506
f 3172//3172 3506//3506 3173//3173
f 3173//3173 3506//3506 3507//3507
f 3173//3173 3507//3507 3218//3218
f 3218//3218 3507//3507 3508//3508
f 3218//3218 3508//3508 3219//3219
f 3219//3219 3508//3508 3490//3490
f 3219//3219 3490//3490 3078//3078
f 3496//3496 3089//3089 3509//3509
f 3509//3509 3089//3089 3226//3226
f 3509//3509 3226//3226 3242//3242
f 3242//3242 3510//3510 3509//3509
f 3509//3509 3510//3510 3511//3511
f 3509//3509 3511//3511 3512//3512
f 3243//3243 3237//3237 3513//3513
f 3513//3513 3237//3237 3236//3236
f 3513//3513 3236//3236 3235//3235
f 3240//3240 3241//3241 3239//3239
f 3239//3239 3241//3241 3237//3237
f 3239//3239 3237//3237 3238//3238
f 3238//3238 3237//3237 3243//3243
f 3235//3235 3234//3234 3513//3513
f 3513//3513 3234//3234 3233//3233
f 3513//3513 3233//3233 3514//3514
f 3245//3245 3247//3247 3230//3230
f 3230//3230 3247//3247 3515//3515
f 3230//3230 3515//3515 3231//3231
f 3231//3231 3515//3515 3514//3514
f 3231//3231 3514//3514 3232//3232
f 3232//3232 3514//3514 3233//3233
f 2364//2364 2367//2367 2369//2369
f 3245//3245 3230//3230 3228//3228
f 3228//3228 3230//3230 3229//3229
f 3228//3228 3229//3229 2375//2375
f 2375//2375 3229//3229 2364//2364
f 2375//2375 2364//2364 2373//2373
f 2373//2373 2364//2364 2369//2369
f 2373//2373 2369//2369 2371//2371
f 3242//3242 3243//3243 3516//3516
f 3242//3242 3516//3516 3510//3510
f 3510//3510 3516//3516 3517//3517
f 3510//3510 3517//3517 3511//3511
f 3511//3511 3517//3517 3518//3518
f 3511//3511 3518//3518 3512//3512
f 3512//3512 3518//3518 3519//3519
f 3512//3512 3519//3519 3509//3509
f 3520//3520 3521//3521 3514//3514
f 3514//3514 3521//3521 3513//3513
f 3513//3513 3521//3521 3522//3522
f 3522//3522 3521//3521 3523//3523
f 3522//3522 3523//3523 3524//3524
f 3525//3525 3526//3526 3527//3527
f 3525//3525 3527//3527 3523//3523
f 3523//3523 3527//3527 3528//3528
f 3523//3523 3528//3528 3524//3524
f 3529//3529 3530//3530 3525//3525
f 3525//3525 3530//3530 3531//3531
f 3525//3525 3531//3531 3526//3526
f 3532//3532 3533//3533 3534//3534
f 3534//3534 3533//3533 3535//3535
f 3534//3534 3535//3535 3529//3529
f 3529//3529 3535//3535 3536//3536
f 3529//3529 3536//3536 3530//3530
f 3247//3247 3246//3246 3537//3537
f 3247//3247 3537//3537 3515//3515
f 3515//3515 3537//3537 3520//3520
f 3515//3515 3520//3520 3514//3514
f 3255//3255 3246//3246 3256//3256
f 3256//3256 3246//3246 3244//3244
f 3256//3256 3244//3244 3267//3267
f 3267//3267 3244//3244 3253//3253
f 3253//3253 3244//3244 3227//3227
f 3253//3253 3227//3227 2829//2829
f 3257//3257 3275//3275 3258//3258
f 3258//3258 3275//3275 3274//3274
f 3258//3258 3274//3274 3260//3260
f 3260//3260 3274//3274 3273//3273
f 3273//3273 3538//3538 3260//3260
f 3260//3260 3538//3538 3539//3539
f 3260//3260 3539//3539 3254//3254
f 3540//3540 3255//3255 3254//3254
f 3254//3254 3539//3539 3540//3540
f 3540//3540 3539//3539 3541//3541
f 3540//3540 3541//3541 3542//3542
f 3542//3542 3541//3541 3278//3278
f 3542//3542 3278//3278 3277//3277
f 3273//3273 3284//3284 3538//3538
f 3538//3538 3284//3284 3283//3283
f 3538//3538 3283//3283 3539//3539
f 3539//3539 3283//3283 3282//3282
f 3539//3539 3282//3282 3541//3541
f 3541//3541 3282//3282 3280//3280
f 3541//3541 3280//3280 3278//3278
f 3281//3281 3543//3543 3279//3279
f 3279//3279 3543//3543 3544//3544
f 3544//3544 3545//3545 3279//3279
f 3279//3279 3545//3545 3546//3546
f 3279//3279 3546//3546 3277//3277
f 3281//3281 3272//3272 3543//3543
f 3543//3543 3272//3272 3271//3271
f 3543//3543 3271//3271 3547//3547
f 3548//3548 3549//3549 3276//3276
f 3276//3276 3549//3549 3550//3550
f 3276//3276 3550//3550 3271//3271
f 3271//3271 3550//3550 3551//3551
f 3271//3271 3551//3551 3547//3547
f 3269//3269 2853//2853 2857//2857
f 3276//3276 3270//3270 3548//3548
f 3548//3548 3270//3270 3268//3268
f 3548//3548 3268//3268 3552//3552
f 3552//3552 3268//3268 3269//3269
f 3552//3552 3269//3269 2856//2856
f 2856//2856 3269//3269 2857//2857
f 3553//3553 3554//3554 3555//3555
f 3556//3556 3557//3557 3555//3555
f 3548//3548 3552//3552 3558//3558
f 3558//3558 3552//3552 2856//2856
f 3558//3558 2856//2856 2855//2855
f 3551//3551 3550//3550 3559//3559
f 3559//3559 3550//3550 3549//3549
f 3559//3559 3549//3549 3560//3560
f 3560//3560 3549//3549 3548//3548
f 3560//3560 3548//3548 3561//3561
f 3561//3561 3548//3548 3558//3558
f 3547//3547 3562//3562 3543//3543
f 3543//3543 3562//3562 3544//3544
f 3556//3556 3555//3555 3563//3563
f 3563//3563 3555//3555 3554//3554
f 3563//3563 3554//3554 3564//3564
f 3561//3561 3565//3565 3560//3560
f 3560//3560 3565//3565 3566//3566
f 3560//3560 3566//3566 3559//3559
f 3559//3559 3566//3566 3567//3567
f 3559//3559 3567//3567 3553//3553
f 3553//3553 3567//3567 3568//3568
f 3553//3553 3568//3568 3554//3554
f 3554//3554 3568//3568 3569//3569
f 3554//3554 3569//3569 3564//3564
f 3564//3564 3569//3569 3570//3570
f 3551//3551 3559//3559 3547//3547
f 3547//3547 3559//3559 3553//3553
f 3547//3547 3553//3553 3562//3562
f 3562//3562 3553//3553 3555//3555
f 3562//3562 3555//3555 3544//3544
f 3544//3544 3555//3555 3557//3557
f 3544//3544 3557//3557 3545//3545
f 3545//3545 3557//3557 3556//3556
f 3545//3545 3556//3556 3546//3546
f 3571//3571 3300//3300 3299//3299
f 3571//3571 3299//3299 3572//3572
f 3572//3572 3299//3299 2866//2866
f 3572//3572 2866//2866 2861//2861
f 3301//3301 3573//3573 3295//3295
f 3295//3295 3573//3573 3296//3296
f 3300//3300 3571//3571 3301//3301
f 3301//3301 3571//3571 3574//3574
f 3301//3301 3574//3574 3573//3573
f 3566//3566 3289//3289 3567//3567
f 3567//3567 3289//3289 3290//3290
f 3567//3567 3290//3290 3568//3568
f 3568//3568 3290//3290 3294//3294
f 3568//3568 3294//3294 3293//3293
f 3292//3292 3291//3291 3575//3575
f 3575//3575 3291//3291 3298//3298
f 3575//3575 3298//3298 3297//3297
f 3296//3296 3573//3573 3297//3297
f 3297//3297 3573//3573 3576//3576
f 3297//3297 3576//3576 3575//3575
f 2855//2855 2858//2858 3558//3558
f 3558//3558 2858//2858 3285//3285
f 3558//3558 3285//3285 3561//3561
f 3561//3561 3285//3285 3286//3286
f 3561//3561 3286//3286 3565//3565
f 3565//3565 3286//3286 3287//3287
f 3565//3565 3287//3287 3566//3566
f 3566//3566 3287//3287 3288//3288
f 3566//3566 3288//3288 3289//3289
f 3293//3293 3292//3292 3568//3568
f 3568//3568 3292//3292 3575//3575
f 3568//3568 3575//3575 3569//3569
f 3569//3569 3575//3575 3577//3577
f 3569//3569 3577//3577 3570//3570
f 3570//3570 3577//3577 3578//3578
f 3303//3303 2294//2294 2293//2293
f 3303//3303 2293//2293 3304//3304
f 3304//3304 2293//2293 2296//2296
f 3304//3304 2296//2296 3306//3306
f 2320//2320 2889//2889 2299//2299
f 2299//2299 2889//2889 3306//3306
f 2299//2299 3306//3306 2297//2297
f 2297//2297 3306//3306 2296//2296
f 3331//3331 3579//3579 3580//3580
f 3331//3331 3580//3580 3317//3317
f 3317//3317 3580//3580 3303//3303
f 3317//3317 3303//3303 3302//3302
f 3581//3581 3582//3582 3583//3583
f 3584//3584 3585//3585 3586//3586
f 3587//3587 3588//3588 3589//3589
f 3589//3589 3588//3588 3584//3584
f 3581//3581 3586//3586 3582//3582
f 3582//3582 3586//3586 3585//3585
f 3582//3582 3585//3585 3590//3590
f 3590//3590 3585//3585 3591//3591
f 3592//3592 3593//3593 3583//3583
f 3571//3571 3594//3594 3592//3592
f 3592//3592 3594//3594 3595//3595
f 3592//3592 3595//3595 3593//3593
f 3571//3571 3572//3572 3594//3594
f 3594//3594 3572//3572 2861//2861
f 3594//3594 2861//2861 2863//2863
f 3596//3596 3573//3573 3597//3597
f 3597//3597 3573//3573 3574//3574
f 3577//3577 3575//3575 3596//3596
f 3596//3596 3575//3575 3576//3576
f 3596//3596 3576//3576 3573//3573
f 3596//3596 3598//3598 3577//3577
f 3577//3577 3598//3598 3599//3599
f 3577//3577 3599//3599 3578//3578
f 3584//3584 3588//3588 3585//3585
f 3585//3585 3588//3588 3600//3600
f 3585//3585 3600//3600 3591//3591
f 3591//3591 3599//3599 3590//3590
f 3590//3590 3599//3599 3598//3598
f 3590//3590 3598//3598 3582//3582
f 3582//3582 3598//3598 3596//3596
f 3582//3582 3596//3596 3583//3583
f 3583//3583 3596//3596 3597//3597
f 3583//3583 3597//3597 3592//3592
f 3592//3592 3597//3597 3574//3574
f 3592//3592 3574//3574 3571//3571
f 3589//3589 3310//3310 3587//3587
f 3587//3587 3310//3310 3311//3311
f 3587//3587 3311//3311 2886//2886
f 3309//3309 3315//3315 3593//3593
f 3309//3309 3593//3593 3308//3308
f 3581//3581 3583//3583 3314//3314
f 3314//3314 3583//3583 3593//3593
f 3314//3314 3593//3593 3316//3316
f 3316//3316 3593//3593 3315//3315
f 3589//3589 3584//3584 3310//3310
f 3310//3310 3584//3584 3586//3586
f 3310//3310 3586//3586 3312//3312
f 3312//3312 3586//3586 3581//3581
f 3312//3312 3581//3581 3313//3313
f 3313//3313 3581//3581 3314//3314
f 3593//3593 3595//3595 3308//3308
f 3308//3308 3595//3595 3594//3594
f 3308//3308 3594//3594 2885//2885
f 2885//2885 3594//3594 2863//2863
f 2885//2885 2863//2863 2862//2862
f 3331//3331 3330//3330 3579//3579
f 3579//3579 3330//3330 3601//3601
f 3327//3327 3602//3602 3603//3603
f 3327//3327 3603//3603 3328//3328
f 3328//3328 3603//3603 3604//3604
f 3328//3328 3604//3604 3329//3329
f 3329//3329 3604//3604 3601//3601
f 3329//3329 3601//3601 3330//3330
f 3327//3327 3318//3318 3602//3602
f 3602//3602 3318//3318 3605//3605
f 3321//3321 3606//3606 3607//3607
f 3321//3321 3607//3607 3320//3320
f 3320//3320 3607//3607 3608//3608
f 3320//3320 3608//3608 3319//3319
f 3319//3319 3608//3608 3605//3605
f 3319//3319 3605//3605 3318//3318
f 3321//3321 3322//3322 3606//3606
f 3606//3606 3322//3322 3609//3609
f 3324//3324 3334//3334 3610//3610
f 3324//3324 3610//3610 3323//3323
f 3323//3323 3610//3610 3609//3609
f 3323//3323 3609//3609 3322//3322
f 2341//2341 3334//3334 2342//2342
f 2342//2342 3334//3334 3333//3333
f 2342//2342 3333//3333 2321//2321
f 2321//2321 3333//3333 2322//2322
f 2322//2322 3333//3333 3332//3332
f 2322//2322 3332//3332 2338//2338
f 2338//2338 3332//3332 2912//2912
f 2338//2338 2912//2912 2339//2339
f 3611//3611 3612//3612 3336//3336
f 2920//2920 3342//3342 3613//3613
f 3613//3613 3342//3342 3337//3337
f 3613//3613 3337//3337 3614//3614
f 3338//3338 3615//3615 3337//3337
f 3337//3337 3615//3615 3616//3616
f 3337//3337 3616//3616 3614//3614
f 3338//3338 3339//3339 3615//3615
f 3615//3615 3339//3339 3340//3340
f 3615//3615 3340//3340 3341//3341
f 3336//3336 3612//3612 3335//3335
f 3335//3335 3612//3612 3617//3617
f 3335//3335 3617//3617 3341//3341
f 3341//3341 3617//3617 3618//3618
f 3341//3341 3618//3618 3615//3615
f 3611//3611 3336//3336 2950//2950
f 2950//2950 3336//3336 2916//2916
f 2950//2950 2916//2916 2949//2949
f 3619//3619 3620//3620 3621//3621
f 3622//3622 3623//3623 3621//3621
f 3614//3614 3624//3624 3613//3613
f 3612//3612 3611//3611 3625//3625
f 2950//2950 2943//2943 3626//3626
f 3627//3627 3625//3625 3626//3626
f 3626//3626 3625//3625 3611//3611
f 3626//3626 3611//3611 2950//2950
f 3618//3618 3628//3628 3615//3615
f 3615//3615 3628//3628 3616//3616
f 3622//3622 3621//3621 3629//3629
f 3629//3629 3621//3621 3620//3620
f 3629//3629 3620//3620 3630//3630
f 3627//3627 3631//3631 3625//3625
f 3625//3625 3631//3631 3632//3632
f 3625//3625 3632//3632 3633//3633
f 3633//3633 3632//3632 3634//3634
f 3633//3633 3634//3634 3619//3619
f 3619//3619 3634//3634 3635//3635
f 3619//3619 3635//3635 3620//3620
f 3620//3620 3635//3635 3636//3636
f 3620//3620 3636//3636 3630//3630
f 3630//3630 3636//3636 3637//3637
f 3612//3612 3625//3625 3617//3617
f 3617//3617 3625//3625 3633//3633
f 3617//3617 3633//3633 3618//3618
f 3618//3618 3633//3633 3619//3619
f 3618//3618 3619//3619 3628//3628
f 3628//3628 3619//3619 3621//3621
f 3628//3628 3621//3621 3616//3616
f 3616//3616 3621//3621 3623//3623
f 3616//3616 3623//3623 3614//3614
f 3614//3614 3623//3623 3622//3622
f 3614//3614 3622//3622 3624//3624
f 3638//3638 3358//3358 3357//3357
f 3638//3638 3357//3357 3639//3639
f 3639//3639 3357//3357 2942//2942
f 3639//3639 2942//2942 2941//2941
f 3359//3359 3640//3640 3353//3353
f 3353//3353 3640//3640 3354//3354
f 3358//3358 3638//3638 3359//3359
f 3359//3359 3638//3638 3641//3641
f 3359//3359 3641//3641 3640//3640
f 3632//3632 3347//3347 3634//3634
f 3634//3634 3347//3347 3348//3348
f 3634//3634 3348//3348 3635//3635
f 3635//3635 3348//3348 3352//3352
f 3635//3635 3352//3352 3351//3351
f 3350//3350 3349//3349 3642//3642
f 3642//3642 3349//3349 3356//3356
f 3642//3642 3356//3356 3355//3355
f 3354//3354 3640//3640 3355//3355
f 3355//3355 3640//3640 3643//3643
f 3355//3355 3643//3643 3642//3642
f 2943//2943 2945//2945 3626//3626
f 3626//3626 2945//2945 3343//3343
f 3626//3626 3343//3343 3627//3627
f 3627//3627 3343//3343 3344//3344
f 3627//3627 3344//3344 3631//3631
f 3631//3631 3344//3344 3345//3345
f 3631//3631 3345//3345 3632//3632
f 3632//3632 3345//3345 3346//3346
f 3632//3632 3346//3346 3347//3347
f 3351//3351 3350//3350 3635//3635
f 3635//3635 3350//3350 3642//3642
f 3635//3635 3642//3642 3636//3636
f 3636//3636 3642//3642 3644//3644
f 3636//3636 3644//3644 3637//3637
f 3637//3637 3644//3644 3645//3645
f 3361//3361 3376//3376 3375//3375
f 3361//3361 3375//3375 3362//3362
f 2962//2962 3074//3074 3377//3377
f 3377//3377 3074//3074 3362//3362
f 3377//3377 3362//3362 3386//3386
f 3386//3386 3362//3362 3375//3375
f 3480//3480 3646//3646 3647//3647
f 3480//3480 3647//3647 3481//3481
f 3481//3481 3647//3647 3361//3361
f 3481//3481 3361//3361 3360//3360
f 3648//3648 3649//3649 3650//3650
f 3651//3651 3652//3652 3653//3653
f 3653//3653 3652//3652 3654//3654
f 3653//3653 3654//3654 3655//3655
f 3649//3649 3648//3648 3656//3656
f 3657//3657 3658//3658 3659//3659
f 3660//3660 3661//3661 3658//3658
f 3658//3658 3661//3661 3662//3662
f 3658//3658 3662//3662 3659//3659
f 3641//3641 3638//3638 3663//3663
f 3663//3663 3638//3638 3664//3664
f 3638//3638 3639//3639 3664//3664
f 3664//3664 3639//3639 2941//2941
f 3664//3664 2941//2941 2940//2940
f 3657//3657 3640//3640 3658//3658
f 3658//3658 3640//3640 3641//3641
f 3658//3658 3641//3641 3660//3660
f 3660//3660 3641//3641 3663//3663
f 3660//3660 3663//3663 3661//3661
f 3644//3644 3642//3642 3657//3657
f 3657//3657 3642//3642 3643//3643
f 3657//3657 3643//3643 3640//3640
f 3657//3657 3665//3665 3644//3644
f 3644//3644 3665//3665 3666//3666
f 3644//3644 3666//3666 3645//3645
f 3648//3648 3655//3655 3656//3656
f 3656//3656 3655//3655 3654//3654
f 3656//3656 3654//3654 3667//3667
f 3667//3667 3654//3654 3652//3652
f 3667//3667 3666//3666 3656//3656
f 3656//3656 3666//3666 3665//3665
f 3656//3656 3665//3665 3649//3649
f 3649//3649 3665//3665 3657//3657
f 3649//3649 3657//3657 3650//3650
f 3650//3650 3657//3657 3659//3659
f 3393//3393 3397//3397 3651//3651
f 3661//3661 3663//3663 3390//3390
f 3364//3364 3365//3365 3663//3663
f 3663//3663 3365//3365 3367//3367
f 3663//3663 3367//3367 3390//3390
f 2939//2939 2922//2922 2940//2940
f 2940//2940 2922//2922 3364//3364
f 2940//2940 3364//3364 3664//3664
f 3664//3664 3364//3364 3663//3663
f 3648//3648 3650//3650 3398//3398
f 3398//3398 3650//3650 3659//3659
f 3398//3398 3659//3659 3390//3390
f 3390//3390 3659//3659 3662//3662
f 3390//3390 3662//3662 3661//3661
f 3393//3393 3651//3651 3394//3394
f 3398//3398 3400//3400 3648//3648
f 3648//3648 3400//3400 3389//3389
f 3648//3648 3389//3389 3655//3655
f 3655//3655 3389//3389 3394//3394
f 3655//3655 3394//3394 3653//3653
f 3653//3653 3394//3394 3651//3651
f 3402//3402 3401//3401 3668//3668
f 3396//3396 3395//3395 3669//3669
f 3670//3670 3397//3397 3396//3396
f 3396//3396 3669//3669 3670//3670
f 3670//3670 3669//3669 3671//3671
f 3670//3670 3671//3671 3672//3672
f 3374//3374 3376//3376 3672//3672
f 3672//3672 3671//3671 3374//3374
f 3374//3374 3671//3671 3668//3668
f 3374//3374 3668//3668 3372//3372
f 3372//3372 3668//3668 3401//3401
f 3372//3372 3401//3401 3370//3370
f 3370//3370 3401//3401 3399//3399
f 3370//3370 3399//3399 3366//3366
f 3395//3395 3392//3392 3669//3669
f 3669//3669 3392//3392 3391//3391
f 3669//3669 3391//3391 3671//3671
f 3671//3671 3391//3391 3388//3388
f 3671//3671 3388//3388 3668//3668
f 3668//3668 3388//3388 3387//3387
f 3668//3668 3387//3387 3402//3402
f 3673//3673 3646//3646 3479//3479
f 3479//3479 3646//3646 3480//3480
f 3674//3674 3675//3675 3676//3676
f 3677//3677 3678//3678 3679//3679
f 3679//3679 3678//3678 3676//3676
f 3679//3679 3676//3676 3680//3680
f 3680//3680 3676//3676 3675//3675
f 3674//3674 3676//3676 3681//3681
f 3681//3681 3676//3676 3682//3682
f 3681//3681 3682//3682 3683//3683
f 3684//3684 3685//3685 3682//3682
f 3682//3682 3685//3685 3686//3686
f 3682//3682 3686//3686 3683//3683
f 3479//3479 3687//3687 3673//3673
f 3673//3673 3687//3687 3688//3688
f 3673//3673 3688//3688 3684//3684
f 3684//3684 3688//3688 3689//3689
f 3684//3684 3689//3689 3685//3685
f 3411//3411 3410//3410 3409//3409
f 3690//3690 3472//3472 3469//3469
f 3412//3412 3411//3411 3691//3691
f 3691//3691 3411//3411 3409//3409
f 3691//3691 3409//3409 3692//3692
f 3692//3692 3409//3409 3408//3408
f 2810//2810 2780//2780 3693//3693
f 2777//2777 3694//3694 3467//3467
f 3467//3467 3694//3694 3695//3695
f 3467//3467 3695//3695 3468//3468
f 3471//3471 3468//3468 3470//3470
f 3470//3470 3468//3468 3695//3695
f 3470//3470 3695//3695 3469//3469
f 3469//3469 3695//3695 3696//3696
f 3469//3469 3696//3696 3690//3690
f 3405//3405 3697//3697 3406//3406
f 3406//3406 3697//3697 3698//3698
f 3406//3406 3698//3698 3407//3407
f 2810//2810 3693//3693 2811//2811
f 2779//2779 3478//3478 3699//3699
f 3699//3699 3478//3478 3477//3477
f 3699//3699 3477//3477 3475//3475
f 3693//3693 3700//3700 2811//2811
f 2811//2811 3700//3700 3701//3701
f 2811//2811 3701//3701 3403//3403
f 3403//3403 3701//3701 3697//3697
f 3403//3403 3697//3697 3404//3404
f 3404//3404 3697//3697 3405//3405
f 3003//3003 3702//3702 3429//3429
f 3429//3429 3702//3702 3430//3430
f 3003//3003 2742//2742 3702//3702
f 3702//3702 2742//2742 2717//2717
f 3702//3702 2717//2717 3703//3703
f 3703//3703 2717//2717 2716//2716
f 3703//3703 2716//2716 3691//3691
f 3691//3691 2716//2716 3413//3413
f 3691//3691 3413//3413 3412//3412
f 3473//3473 3704//3704 3474//3474
f 3474//3474 3704//3704 3699//3699
f 3474//3474 3699//3699 3476//3476
f 3476//3476 3699//3699 3475//3475
f 3699//3699 3705//3705 2779//2779
f 2779//2779 3705//3705 3706//3706
f 2779//2779 3706//3706 2780//2780
f 2780//2780 3706//3706 3707//3707
f 2780//2780 3707//3707 3693//3693
f 3693//3693 3707//3707 3708//3708
f 3693//3693 3708//3708 3709//3709
f 3709//3709 3708//3708 3710//3710
f 3709//3709 3710//3710 3711//3711
f 3711//3711 3710//3710 3712//3712
f 3430//3430 3702//3702 3432//3432
f 3432//3432 3702//3702 3713//3713
f 3432//3432 3713//3713 3426//3426
f 3458//3458 3462//3462 3448//3448
f 3712//3712 3442//3442 3714//3714
f 3714//3714 3442//3442 3111//3111
f 3714//3714 3111//3111 3713//3713
f 3713//3713 3111//3111 3427//3427
f 3713//3713 3427//3427 3426//3426
f 3710//3710 3715//3715 3712//3712
f 3712//3712 3715//3715 3716//3716
f 3712//3712 3716//3716 2777//2777
f 2777//2777 3716//3716 3717//3717
f 2777//2777 3717//3717 3694//3694
f 2777//2777 2760//2760 3712//3712
f 3712//3712 2760//2760 2759//2759
f 3712//3712 2759//2759 3442//3442
f 3442//3442 2759//2759 3014//3014
f 3442//3442 3014//3014 3448//3448
f 3448//3448 3014//3014 3457//3457
f 3448//3448 3457//3457 3458//3458
f 3678//3678 3677//3677 3718//3718
f 3718//3718 3677//3677 3719//3719
f 3685//3685 3689//3689 3488//3488
f 3687//3687 3479//3479 3077//3077
f 3488//3488 3689//3689 3077//3077
f 3077//3077 3689//3689 3688//3688
f 3077//3077 3688//3688 3687//3687
f 3674//3674 3681//3681 3486//3486
f 3486//3486 3681//3681 3683//3683
f 3486//3486 3683//3683 3488//3488
f 3488//3488 3683//3683 3686//3686
f 3488//3488 3686//3686 3685//3685
f 3674//3674 3486//3486 3675//3675
f 3675//3675 3486//3486 3484//3484
f 3675//3675 3484//3484 3680//3680
f 3483//3483 3677//3677 3484//3484
f 3484//3484 3677//3677 3679//3679
f 3484//3484 3679//3679 3680//3680
f 3482//3482 3490//3490 3483//3483
f 3483//3483 3490//3490 3720//3720
f 3496//3496 3721//3721 3495//3495
f 3495//3495 3721//3721 3722//3722
f 3495//3495 3722//3722 3494//3494
f 3494//3494 3722//3722 3723//3723
f 3494//3494 3723//3723 3493//3493
f 3493//3493 3723//3723 3724//3724
f 3493//3493 3724//3724 3492//3492
f 3492//3492 3724//3724 3725//3725
f 3492//3492 3725//3725 3491//3491
f 3491//3491 3725//3725 3726//3726
f 3491//3491 3726//3726 3498//3498
f 3498//3498 3726//3726 3727//3727
f 3498//3498 3727//3727 3497//3497
f 3497//3497 3727//3727 3728//3728
f 3497//3497 3728//3728 3500//3500
f 3500//3500 3728//3728 3729//3729
f 3500//3500 3729//3729 3499//3499
f 3499//3499 3729//3729 3730//3730
f 3499//3499 3730//3730 3504//3504
f 3504//3504 3730//3730 3731//3731
f 3504//3504 3731//3731 3503//3503
f 3503//3503 3731//3731 3732//3732
f 3503//3503 3732//3732 3502//3502
f 3502//3502 3732//3732 3733//3733
f 3502//3502 3733//3733 3501//3501
f 3501//3501 3733//3733 3734//3734
f 3501//3501 3734//3734 3505//3505
f 3505//3505 3734//3734 3735//3735
f 3505//3505 3735//3735 3506//3506
f 3506//3506 3735//3735 3736//3736
f 3506//3506 3736//3736 3507//3507
f 3507//3507 3736//3736 3737//3737
f 3507//3507 3737//3737 3508//3508
f 3508//3508 3737//3737 3738//3738
f 3508//3508 3738//3738 3490//3490
f 3490//3490 3738//3738 3720//3720
f 3496//3496 3509//3509 3721//3721
f 3721//3721 3509//3509 3519//3519
f 3518//3518 3536//3536 3535//3535
f 3518//3518 3535//3535 3519//3519
f 3519//3519 3535//3535 3533//3533
f 3519//3519 3533//3533 3532//3532
f 3536//3536 3518//3518 3530//3530
f 3530//3530 3518//3518 3517//3517
f 3530//3530 3517//3517 3531//3531
f 3524//3524 3528//3528 3516//3516
f 3516//3516 3528//3528 3527//3527
f 3516//3516 3527//3527 3517//3517
f 3517//3517 3527//3527 3526//3526
f 3517//3517 3526//3526 3531//3531
f 3524//3524 3516//3516 3522//3522
f 3522//3522 3516//3516 3243//3243
f 3522//3522 3243//3243 3513//3513
f 3739//3739 3740//3740 3534//3534
f 3534//3534 3740//3740 3532//3532
f 3521//3521 3520//3520 3741//3741
f 3534//3534 3529//3529 3525//3525
f 3741//3741 3739//3739 3521//3521
f 3521//3521 3739//3739 3534//3534
f 3521//3521 3534//3534 3523//3523
f 3523//3523 3534//3534 3525//3525
f 3570//3570 3742//3742 3564//3564
f 3564//3564 3742//3742 3743//3743
f 3564//3564 3743//3743 3563//3563
f 3563//3563 3743//3743 3556//3556
f 3556//3556 3743//3743 3741//3741
f 3556//3556 3741//3741 3546//3546
f 3546//3546 3741//3741 3520//3520
f 3546//3546 3520//3520 3277//3277
f 3277//3277 3520//3520 3542//3542
f 3542//3542 3520//3520 3537//3537
f 3542//3542 3537//3537 3540//3540
f 3540//3540 3537//3537 3246//3246
f 3540//3540 3246//3246 3255//3255
f 3570//3570 3578//3578 3742//3742
f 3742//3742 3578//3578 3744//3744
f 3744//3744 3578//3578 3599//3599
f 3744//3744 3599//3599 3745//3745
f 3599//3599 3591//3591 3745//3745
f 3745//3745 3591//3591 3600//3600
f 3745//3745 3600//3600 3746//3746
f 3746//3746 3600//3600 3588//3588
f 3746//3746 3588//3588 3747//3747
f 3747//3747 3588//3588 3587//3587
f 3747//3747 3587//3587 3579//3579
f 3579//3579 3587//3587 2886//2886
f 3579//3579 2886//2886 3580//3580
f 3580//3580 2886//2886 2888//2888
f 3580//3580 2888//2888 3303//3303
f 3303//3303 2888//2888 2294//2294
f 3748//3748 3747//3747 3601//3601
f 3601//3601 3747//3747 3579//3579
f 3602//3602 3749//3749 3750//3750
f 3602//3602 3750//3750 3603//3603
f 3603//3603 3750//3750 3751//3751
f 3603//3603 3751//3751 3604//3604
f 3604//3604 3751//3751 3748//3748
f 3604//3604 3748//3748 3601//3601
f 3752//3752 3749//3749 3605//3605
f 3605//3605 3749//3749 3602//3602
f 3606//3606 3753//3753 3754//3754
f 3606//3606 3754//3754 3607//3607
f 3607//3607 3754//3754 3755//3755
f 3607//3607 3755//3755 3608//3608
f 3608//3608 3755//3755 3752//3752
f 3608//3608 3752//3752 3605//3605
f 3756//3756 3753//3753 3609//3609
f 3609//3609 3753//3753 3606//3606
f 3637//3637 3757//3757 3630//3630
f 3630//3630 3757//3757 3758//3758
f 3630//3630 3758//3758 3629//3629
f 3629//3629 3758//3758 3759//3759
f 2918//2918 2920//2920 3609//3609
f 3609//3609 2920//2920 3613//3613
f 3609//3609 3613//3613 3756//3756
f 3756//3756 3613//3613 3624//3624
f 3756//3756 3624//3624 3759//3759
f 3759//3759 3624//3624 3622//3622
f 3759//3759 3622//3622 3629//3629
f 3609//3609 3610//3610 2918//2918
f 2918//2918 3610//3610 3334//3334
f 2918//2918 3334//3334 2341//2341
f 3637//3637 3645//3645 3757//3757
f 3757//3757 3645//3645 3760//3760
f 3761//3761 3667//3667 3652//3652
f 3761//3761 3652//3652 3762//3762
f 3762//3762 3652//3652 3651//3651
f 3762//3762 3651//3651 3646//3646
f 3646//3646 3651//3651 3397//3397
f 3646//3646 3397//3397 3647//3647
f 3667//3667 3761//3761 3666//3666
f 3666//3666 3761//3761 3760//3760
f 3666//3666 3760//3760 3645//3645
f 3376//3376 3361//3361 3672//3672
f 3672//3672 3361//3361 3647//3647
f 3672//3672 3647//3647 3670//3670
f 3670//3670 3647//3647 3397//3397
f 3682//3682 3676//3676 3684//3684
f 3684//3684 3676//3676 3678//3678
f 3684//3684 3678//3678 3673//3673
f 3673//3673 3678//3678 3718//3718
f 3673//3673 3718//3718 3646//3646
f 3646//3646 3718//3718 3762//3762
f 3473//3473 3763//3763 3764//3764
f 3473//3473 3764//3764 3704//3704
f 3021//3021 3472//3472 3023//3023
f 3023//3023 3472//3472 3763//3763
f 3023//3023 3763//3763 3024//3024
f 3024//3024 3763//3763 3473//3473
f 3024//3024 3473//3473 3026//3026
f 3764//3764 3765//3765 3704//3704
f 3704//3704 3765//3765 3766//3766
f 3704//3704 3766//3766 3699//3699
f 3699//3699 3766//3766 3767//3767
f 3699//3699 3767//3767 3705//3705
f 3705//3705 3767//3767 3768//3768
f 3768//3768 3769//3769 3705//3705
f 3705//3705 3769//3769 3770//3770
f 3705//3705 3770//3770 3706//3706
f 3770//3770 3771//3771 3706//3706
f 3706//3706 3771//3771 3772//3772
f 3706//3706 3772//3772 3707//3707
f 3772//3772 3773//3773 3707//3707
f 3707//3707 3773//3773 3774//3774
f 3707//3707 3774//3774 3708//3708
f 3774//3774 3775//3775 3708//3708
f 3708//3708 3775//3775 3776//3776
f 3708//3708 3776//3776 3710//3710
f 3776//3776 3777//3777 3710//3710
f 3710//3710 3777//3777 3778//3778
f 3710//3710 3778//3778 3715//3715
f 3778//3778 3779//3779 3715//3715
f 3715//3715 3779//3779 3780//3780
f 3715//3715 3780//3780 3716//3716
f 3780//3780 3781//3781 3716//3716
f 3716//3716 3781//3781 3782//3782
f 3716//3716 3782//3782 3717//3717
f 3782//3782 3783//3783 3717//3717
f 3717//3717 3783//3783 3784//3784
f 3717//3717 3784//3784 3694//3694
f 3694//3694 3784//3784 3785//3785
f 3694//3694 3785//3785 3695//3695
f 3695//3695 3785//3785 3786//3786
f 3786//3786 3787//3787 3695//3695
f 3695//3695 3787//3787 3788//3788
f 3695//3695 3788//3788 3696//3696
f 3788//3788 3789//3789 3696//3696
f 3696//3696 3789//3789 3790//3790
f 3696//3696 3790//3790 3690//3690
f 3690//3690 3790//3790 3791//3791
f 3690//3690 3791//3791 3472//3472
f 3472//3472 3791//3791 3792//3792
f 3472//3472 3792//3792 3763//3763
f 3408//3408 3793//3793 3794//3794
f 3408//3408 3794//3794 3692//3692
f 2982//2982 3407//3407 2983//2983
f 2983//2983 3407//3407 3793//3793
f 2983//2983 3793//3793 2984//2984
f 2984//2984 3793//3793 3408//3408
f 2984//2984 3408//3408 2986//2986
f 3794//3794 3795//3795 3692//3692
f 3692//3692 3795//3795 3796//3796
f 3692//3692 3796//3796 3691//3691
f 3796//3796 3797//3797 3691//3691
f 3691//3691 3797//3797 3798//3798
f 3691//3691 3798//3798 3703//3703
f 3798//3798 3799//3799 3703//3703
f 3703//3703 3799//3799 3800//3800
f 3703//3703 3800//3800 3702//3702
f 3702//3702 3800//3800 3801//3801
f 3702//3702 3801//3801 3713//3713
f 3713//3713 3801//3801 3802//3802
f 3802//3802 3803//3803 3713//3713
f 3713//3713 3803//3803 3804//3804
f 3713//3713 3804//3804 3714//3714
f 3804//3804 3805//3805 3714//3714
f 3714//3714 3805//3805 3806//3806
f 3714//3714 3806//3806 3712//3712
f 3806//3806 3807//3807 3712//3712
f 3712//3712 3807//3807 3808//3808
f 3712//3712 3808//3808 3711//3711
f 3808//3808 3809//3809 3711//3711
f 3711//3711 3809//3809 3810//3810
f 3711//3711 3810//3810 3709//3709
f 3810//3810 3811//3811 3709//3709
f 3709//3709 3811//3811 3812//3812
f 3709//3709 3812//3812 3693//3693
f 3812//3812 3813//3813 3693//3693
f 3693//3693 3813//3813 3814//3814
f 3693//3693 3814//3814 3700//3700
f 3814//3814 3815//3815 3700//3700
f 3700//3700 3815//3815 3816//3816
f 3700//3700 3816//3816 3701//3701
f 3816//3816 3817//3817 3701//3701
f 3701//3701 3817//3817 3818//3818
f 3701//3701 3818//3818 3697//3697
f 3818//3818 3819//3819 3697//3697
f 3697//3697 3819//3819 3820//3820
f 3697//3697 3820//3820 3698//3698
f 3698//3698 3820//3820 3821//3821
f 3698//3698 3821//3821 3407//3407
f 3407//3407 3821//3821 3822//3822
f 3407//3407 3822//3822 3793//3793
f 3519//3519 3532//3532 3721//3721
f 3721//3721 3532//3532 3740//3740
f 3721//3721 3740//3740 3722//3722
f 3719//3719 3677//3677 3720//3720
f 3720//3720 3677//3677 3483//3483
f 3726//3726 3725//3725 3740//3740
f 3720//3720 3738//3738 3719//3719
f 3719//3719 3738//3738 3737//3737
f 3719//3719 3737//3737 3736//3736
f 3725//3725 3724//3724 3740//3740
f 3740//3740 3724//3724 3723//3723
f 3740//3740 3723//3723 3722//3722
f 3726//3726 3740//3740 3727//3727
f 3727//3727 3740//3740 3823//3823
f 3727//3727 3823//3823 3728//3728
f 3736//3736 3735//3735 3719//3719
f 3719//3719 3735//3735 3734//3734
f 3719//3719 3734//3734 3824//3824
f 3824//3824 3734//3734 3733//3733
f 3824//3824 3733//3733 3732//3732
f 3732//3732 3731//3731 3824//3824
f 3824//3824 3731//3731 3730//3730
f 3824//3824 3730//3730 3823//3823
f 3823//3823 3730//3730 3729//3729
f 3823//3823 3729//3729 3728//3728
f 3739//3739 3741//3741 3740//3740
f 3740//3740 3741//3741 3825//3825
f 3740//3740 3825//3825 3823//3823
f 3825//3825 3741//3741 3743//3743
f 3825//3825 3743//3743 3826//3826
f 3826//3826 3743//3743 3742//3742
f 3826//3826 3742//3742 3827//3827
f 3744//3744 3828//3828 3742//3742
f 3742//3742 3828//3828 3827//3827
f 3828//3828 3744//3744 3745//3745
f 3828//3828 3745//3745 3829//3829
f 3829//3829 3745//3745 3746//3746
f 3829//3829 3746//3746 3830//3830
f 3830//3830 3746//3746 3747//3747
f 3830//3830 3747//3747 3831//3831
f 3748//3748 3832//3832 3747//3747
f 3747//3747 3832//3832 3831//3831
f 3832//3832 3748//3748 3751//3751
f 3832//3832 3751//3751 3833//3833
f 3833//3833 3751//3751 3750//3750
f 3833//3833 3750//3750 3834//3834
f 3834//3834 3750//3750 3749//3749
f 3834//3834 3749//3749 3835//3835
f 3752//3752 3836//3836 3749//3749
f 3749//3749 3836//3836 3835//3835
f 3836//3836 3752//3752 3755//3755
f 3836//3836 3755//3755 3837//3837
f 3837//3837 3755//3755 3754//3754
f 3837//3837 3754//3754 3838//3838
f 3838//3838 3754//3754 3753//3753
f 3838//3838 3753//3753 3839//3839
f 3756//3756 3840//3840 3753//3753
f 3753//3753 3840//3840 3839//3839
f 3840//3840 3756//3756 3759//3759
f 3840//3840 3759//3759 3841//3841
f 3841//3841 3759//3759 3758//3758
f 3841//3841 3758//3758 3842//3842
f 3842//3842 3758//3758 3757//3757
f 3842//3842 3757//3757 3843//3843
f 3760//3760 3844//3844 3757//3757
f 3757//3757 3844//3844 3843//3843
f 3844//3844 3760//3760 3761//3761
f 3844//3844 3761//3761 3845//3845
f 3845//3845 3761//3761 3762//3762
f 3845//3845 3762//3762 3846//3846
f 3762//3762 3718//3718 3846//3846
f 3846//3846 3718//3718 3719//3719
f 3846//3846 3719//3719 3824//3824
f 3786//3786 3847//3847 3787//3787
f 3787//3787 3847//3847 3848//3848
f 3787//3787 3848//3848 3788//3788
f 3788//3788 3848//3848 3849//3849
f 3788//3788 3849//3849 3789//3789
f 3789//3789 3849//3849 3850//3850
f 3789//3789 3850//3850 3790//3790
f 3790//3790 3850//3850 3851//3851
f 3790//3790 3851//3851 3791//3791
f 3791//3791 3851//3851 3852//3852
f 3791//3791 3852//3852 3792//3792
f 3792//3792 3852//3852 3853//3853
f 3792//3792 3853//3853 3763//3763
f 3763//3763 3853//3853 3854//3854
f 3763//3763 3854//3854 3764//3764
f 3764//3764 3854//3854 3855//3855
f 3764//3764 3855//3855 3765//3765
f 3765//3765 3855//3855 3856//3856
f 3765//3765 3856//3856 3766//3766
f 3766//3766 3856//3856 3857//3857
f 3766//3766 3857//3857 3767//3767
f 3767//3767 3857//3857 3858//3858
f 3767//3767 3858//3858 3768//3768
f 3768//3768 3858//3858 3859//3859
f 3768//3768 3859//3859 3769//3769
f 3769//3769 3859//3859 3860//3860
f 3769//3769 3860//3860 3770//3770
f 3770//3770 3860//3860 3861//3861
f 3770//3770 3861//3861 3771//3771
f 3771//3771 3861//3861 3862//3862
f 3771//3771 3862//3862 3772//3772
f 3772//3772 3862//3862 3863//3863
f 3772//3772 3863//3863 3773//3773
f 3773//3773 3863//3863 3864//3864
f 3773//3773 3864//3864 3774//3774
f 3774//3774 3864//3864 3865//3865
f 3774//3774 3865//3865 3775//3775
f 3775//3775 3865//3865 3866//3866
f 3775//3775 3866//3866 3776//3776
f 3776//3776 3866//3866 3867//3867
f 3776//3776 3867//3867 3777//3777
f 3777//3777 3867//3867 3868//3868
f 3777//3777 3868//3868 3778//3778
f 3778//3778 3868//3868 3869//3869
f 3778//3778 3869//3869 3779//3779
f 3779//3779 3869//3869 3870//3870
f 3779//3779 3870//3870 3780//3780
f 3780//3780 3870//3870 3871//3871
f 3780//3780 3871//3871 3781//3781
f 3781//3781 3871//3871 3872//3872
f 3781//3781 3872//3872 3782//3782
f 3782//3782 3872//3872 3873//3873
f 3782//3782 3873//3873 3783//3783
f 3783//3783 3873//3873 3874//3874
f 3783//3783 3874//3874 3784//3784
f 3784//3784 3874//3874 3875//3875
f 3784//3784 3875//3875 3785//3785
f 3785//3785 3875//3875 3876//3876
f 3785//3785 3876//3876 3786//3786
f 3786//3786 3876//3876 3847//3847
f 3802//3802 3877//3877 3803//3803
f 3803//3803 3877//3877 3878//3878
f 3803//3803 3878//3878 3804//3804
f 3804//3804 3878//3878 3879//3879
f 3804//3804 3879//3879 3805//3805
f 3805//3805 3879//3879 3880//3880
f 3805//3805 3880//3880 3806//3806
f 3806//3806 3880//3880 3881//3881
f 3806//3806 3881//3881 3807//3807
f 3807//3807 3881//3881 3882//3882
f 3807//3807 3882//3882 3808//3808
f 3808//3808 3882//3882 3883//3883
f 3808//3808 3883//3883 3809//3809
f 3809//3809 3883//3883 3884//3884
f 3809//3809 3884//3884 3810//3810
f 3810//3810 3884//3884 3885//3885
f 3810//3810 3885//3885 3811//3811
f 3811//3811 3885//3885 3886//3886
f 3811//3811 3886//3886 3812//3812
f 3812//3812 3886//3886 3887//3887
f 3812//3812 3887//3887 3813//3813
f 3813//3813 3887//3887 3888//3888
f 3813//3813 3888//3888 3814//3814
f 3814//3814 3888//3888 3889//3889
f 3814//3814 3889//3889 3815//3815
f 3815//3815 3889//3889 3890//3890
f 3815//3815 3890//3890 3816//3816
f 3816//3816 3890//3890 3891//3891
f 3816//3816 3891//3891 3817//3817
f 3817//3817 3891//3891 3892//3892
f 3817//3817 3892//3892 3818//3818
f 3818//3818 3892//3892 3893//3893
f 3818//3818 3893//3893 3819//3819
f 3819//3819 3893//3893 3894//3894
f 3819//3819 3894//3894 3820//3820
f 3820//3820 3894//3894 3895//3895
f 3820//3820 3895//3895 3821//3821
f 3821//3821 3895//3895 3896//3896
f 3821//3821 3896//3896 3822//3822
f 3822//3822 3896//3896 3897//3897
f 3822//3822 3897//3897 3793//3793
f 3793//3793 3897//3897 3898//3898
f 3793//3793 3898//3898 3794//3794
f 3794//3794 3898//3898 3899//3899
f 3794//3794 3899//3899 3795//3795
f 3795//3795 3899//3899 3900//3900
f 3795//3795 3900//3900 3796//3796
f 3796//3796 3900//3900 3901//3901
f 3796//3796 3901//3901 3797//3797
f 3797//3797 3901//3901 3902//3902
f 3797//3797 3902//3902 3798//3798
f 3798//3798 3902//3902 3903//3903
f 3798//3798 3903//3903 3799//3799
f 3799//3799 3903//3903 3904//3904
f 3799//3799 3904//3904 3800//3800
f 3800//3800 3904//3904 3905//3905
f 3800//3800 3905//3905 3801//3801
f 3801//3801 3905//3905 3906//3906
f 3801//3801 3906//3906 3802//3802
f 3802//3802 3906//3906 3877//3877
f 3846//3846 3824//3824 3906//3906
f 3855//3855 3854//3854 3828//3828
f 3828//3828 3854//3854 3853//3853
f 3828//3828 3853//3853 3827//3827
f 3827//3827 3853//3853 3852//3852
f 3825//3825 3847//3847 3823//3823
f 3823//3823 3847//3847 3876//3876
f 3823//3823 3876//3876 3875//3875
f 3906//3906 3905//3905 3846//3846
f 3846//3846 3905//3905 3904//3904
f 3846//3846 3904//3904 3845//3845
f 3845//3845 3904//3904 3903//3903
f 3845//3845 3903//3903 3844//3844
f 3844//3844 3903//3903 3902//3902
f 3844//3844 3902//3902 3901//3901
f 3852//3852 3851//3851 3827//3827
f 3827//3827 3851//3851 3850//3850
f 3827//3827 3850//3850 3826//3826
f 3826//3826 3850//3850 3849//3849
f 3826//3826 3849//3849 3825//3825
f 3825//3825 3849//3849 3848//3848
f 3825//3825 3848//3848 3847//3847
f 3875//3875 3874//3874 3823//3823
f 3823//3823 3874//3874 3873//3873
f 3823//3823 3873//3873 3880//3880
f 3880//3880 3873//3873 3872//3872
f 3880//3880 3879//3879 3823//3823
f 3823//3823 3879//3879 3878//3878
f 3823//3823 3878//3878 3824//3824
f 3824//3824 3878//3878 3877//3877
f 3824//3824 3877//3877 3906//3906
f 3901//3901 3900//3900 3844//3844
f 3844//3844 3900//3900 3899//3899
f 3844//3844 3899//3899 3843//3843
f 3843//3843 3899//3899 3898//3898
f 3843//3843 3898//3898 3897//3897
f 3858//3858 3857//3857 3828//3828
f 3828//3828 3857//3857 3856//3856
f 3828//3828 3856//3856 3855//3855
f 3872//3872 3871//3871 3880//3880
f 3880//3880 3871//3871 3870//3870
f 3880//3880 3870//3870 3881//3881
f 3881//3881 3870//3870 3869//3869
f 3881//3881 3869//3869 3882//3882
f 3889//3889 3888//3888 3836//3836
f 3836//3836 3888//3888 3864//3864
f 3836//3836 3864//3864 3835//3835
f 3828//3828 3829//3829 3858//3858
f 3858//3858 3829//3829 3830//3830
f 3858//3858 3830//3830 3859//3859
f 3859//3859 3830//3830 3831//3831
f 3859//3859 3831//3831 3860//3860
f 3897//3897 3896//3896 3843//3843
f 3843//3843 3896//3896 3895//3895
f 3843//3843 3895//3895 3842//3842
f 3842//3842 3895//3895 3894//3894
f 3842//3842 3894//3894 3841//3841
f 3831//3831 3832//3832 3860//3860
f 3860//3860 3832//3832 3833//3833
f 3860//3860 3833//3833 3861//3861
f 3861//3861 3833//3833 3834//3834
f 3861//3861 3834//3834 3862//3862
f 3862//3862 3834//3834 3835//3835
f 3862//3862 3835//3835 3863//3863
f 3863//3863 3835//3835 3864//3864
f 3868//3868 3867//3867 3884//3884
f 3884//3884 3867//3867 3866//3866
f 3884//3884 3866//3866 3885//3885
f 3885//3885 3866//3866 3865//3865
f 3885//3885 3865//3865 3886//3886
f 3886//3886 3865//3865 3864//3864
f 3886//3886 3864//3864 3887//3887
f 3887//3887 3864//3864 3888//3888
f 3868//3868 3884//3884 3869//3869
f 3869//3869 3884//3884 3883//3883
f 3869//3869 3883//3883 3882//3882
f 3841//3841 3894//3894 3840//3840
f 3840//3840 3894//3894 3893//3893
f 3840//3840 3893//3893 3839//3839
f 3839//3839 3893//3893 3892//3892
f 3839//3839 3892//3892 3838//3838
f 3838//3838 3892//3892 3891//3891
f 3838//3838 3891//3891 3837//3837
f 3837//3837 3891//3891 3836//3836
f 3836//3836 3891//3891 3890//3890
f 3836//3836 3890//3890 3889//3889
f 3907//3907 3908//3908 3909//3909
f 3910//3910 3911//3911 3912//3912
f 3912//3912 3911//3911 3913//3913
f 3914//3914 3915//3915 3916//3916
f 3916//3916 3915//3915 3917//3917
f 3916//3916 3917//3917 3907//3907
f 3913//3913 3918//3918 3912//3912
f 3912//3912 3918//3918 3919//3919
f 3912//3912 3919//3919 3915//3915
f 3915//3915 3919//3919 3920//3920
f 3915//3915 3920//3920 3917//3917
f 3907//3907 3909//3909 3916//3916
f 3916//3916 3909//3909 3921//3921
f 3916//3916 3921//3921 3914//3914
f 3922//3922 3910//3910 3923//3923
f 3923//3923 3910//3910 3912//3912
f 3923//3923 3912//3912 3924//3924
f 3924//3924 3912//3912 3915//3915
f 3924//3924 3915//3915 3925//3925
f 3925//3925 3915//3915 3914//3914
f 3926//3926 3927//3927 3928//3928
f 3929//3929 3926//3926 3930//3930
f 3929//3929 3930//3930 3931//3931
f 3931//3931 3930//3930 3932//3932
f 3931//3931 3932//3932 3933//3933
f 3933//3933 3932//3932 3934//3934
f 3933//3933 3934//3934 3935//3935
f 3936//3936 3937//3937 3938//3938
f 3938//3938 3937//3937 3939//3939
f 3926//3926 3928//3928 3930//3930
f 3930//3930 3928//3928 3940//3940
f 3930//3930 3940//3940 3932//3932
f 3932//3932 3940//3940 3939//3939
f 3932//3932 3939//3939 3934//3934
f 3934//3934 3939//3939 3937//3937
f 3934//3934 3937//3937 3935//3935
f 3935//3935 3937//3937 3936//3936
f 3935//3935 3936//3936 3941//3941
f 3942//3942 3943//3943 3944//3944
f 3944//3944 3943//3943 3945//3945
f 3944//3944 3945//3945 3946//3946
f 3947//3947 3948//3948 3949//3949
f 3947//3947 3949//3949 3950//3950
f 3950//3950 3949//3949 3951//3951
f 3950//3950 3951//3951 3952//3952
f 3953//3953 3954//3954 3955//3955
f 3955//3955 3954//3954 3956//3956
f 3955//3955 3956//3956 3957//3957
f 3957//3957 3956//3956 3958//3958
f 3943//3943 3959//3959 3945//3945
f 3945//3945 3959//3959 3960//3960
f 3945//3945 3960//3960 3958//3958
f 3958//3958 3960//3960 3961//3961
f 3958//3958 3961//3961 3957//3957
f 3962//3962 3946//3946 3963//3963
f 3963//3963 3946//3946 3945//3945
f 3963//3963 3945//3945 3964//3964
f 3964//3964 3945//3945 3958//3958
f 3964//3964 3958//3958 3952//3952
f 3952//3952 3958//3958 3956//3956
f 3952//3952 3956//3956 3950//3950
f 3950//3950 3956//3956 3954//3954
f 3950//3950 3954//3954 3947//3947
f 3965//3965 3966//3966 3967//3967
f 3968//3968 3965//3965 3969//3969
f 3968//3968 3969//3969 3970//3970
f 3970//3970 3969//3969 3971//3971
f 3970//3970 3971//3971 3972//3972
f 3972//3972 3971//3971 3973//3973
f 3972//3972 3973//3973 3974//3974
f 3975//3975 3976//3976 3977//3977
f 3977//3977 3976//3976 3978//3978
f 3965//3965 3967//3967 3969//3969
f 3969//3969 3967//3967 3979//3979
f 3969//3969 3979//3979 3971//3971
f 3971//3971 3979//3979 3978//3978
f 3971//3971 3978//3978 3973//3973
f 3973//3973 3978//3978 3976//3976
f 3973//3973 3976//3976 3974//3974
f 3974//3974 3976//3976 3975//3975
f 3974//3974 3975//3975 3980//3980
f 3981//3981 3982//3982 3983//3983
f 3984//3984 3985//3985 3986//3986
f 3986//3986 3985//3985 3987//3987
f 3988//3988 3989//3989 3990//3990
f 3982//3982 3991//3991 3983//3983
f 3983//3983 3991//3991 3988//3988
f 3983//3983 3988//3988 3992//3992
f 3992//3992 3988//3988 3990//3990
f 3987//3987 3993//3993 3986//3986
f 3986//3986 3993//3993 3994//3994
f 3986//3986 3994//3994 3988//3988
f 3988//3988 3994//3994 3995//3995
f 3988//3988 3995//3995 3989//3989
f 3996//3996 3981//3981 3997//3997
f 3997//3997 3981//3981 3983//3983
f 3997//3997 3983//3983 3998//3998
f 3998//3998 3983//3983 3992//3992
f 3998//3998 3992//3992 3999//3999
f 3999//3999 3992//3992 3990//3990
f 4000//4000 3984//3984 4001//4001
f 4001//4001 3984//3984 3986//3986
f 4001//4001 3986//3986 4002//4002
f 4002//4002 3986//3986 3988//3988
f 4002//4002 3988//3988 4003//4003
f 4003//4003 3988//3988 3991//3991
f 4004//4004 4005//4005 4006//4006
f 4004//4004 4006//4006 4007//4007
f 4008//4008 4007//4007 4009//4009
f 4007//4007 4006//4006 4009//4009
f 4009//4009 4006//4006 4010//4010
f 4009//4009 4010//4010 4011//4011
f 4011//4011 4010//4010 4012//4012
f 4011//4011 4012//4012 4013//4013
f 4013//4013 4012//4012 4014//4014
f 4013//4013 4014//4014 4015//4015
f 4008//4008 4009//4009 4016//4016
f 4016//4016 4009//4009 4011//4011
f 4016//4016 4011//4011 4017//4017
f 4017//4017 4011//4011 4013//4013
f 4017//4017 4013//4013 4018//4018
f 4018//4018 4013//4013 4015//4015
f 4018//4018 4015//4015 4019//4019
f 4020//4020 4021//4021 4022//4022
f 4023//4023 4024//4024 4025//4025
f 4025//4025 4024//4024 4026//4026
f 4025//4025 4026//4026 4027//4027
f 4027//4027 4026//4026 4028//4028
f 4020//4020 4022//4022 4029//4029
f 4029//4029 4022//4022 4030//4030
f 4029//4029 4030//4030 4031//4031
f 4021//4021 4032//4032 4023//4023
f 4023//4023 4032//4032 4033//4033
f 4023//4023 4033//4033 4024//4024
f 4033//4033 4034//4034 4024//4024
f 4024//4024 4034//4034 4035//4035
f 4024//4024 4035//4035 4026//4026
f 4026//4026 4035//4035 4036//4036
f 4026//4026 4036//4036 4028//4028
f 4028//4028 4036//4036 4037//4037
f 4021//4021 4023//4023 4022//4022
f 4022//4022 4023//4023 4025//4025
f 4022//4022 4025//4025 4030//4030
f 4030//4030 4025//4025 4027//4027
f 4030//4030 4027//4027 4038//4038
f 4038//4038 4027//4027 4028//4028
f 4038//4038 4028//4028 4039//4039
f 4039//4039 4028//4028 4037//4037
f 4039//4039 4037//4037 4040//4040
f 4041//4041 4042//4042 4043//4043
f 4044//4044 4045//4045 4046//4046
f 4046//4046 4045//4045 4047//4047
f 4046//4046 4047//4047 4048//4048
f 4048//4048 4047//4047 4049//4049
f 4041//4041 4043//4043 4050//4050
f 4050//4050 4043//4043 4051//4051
f 4050//4050 4051//4051 4052//4052
f 4042//4042 4053//4053 4044//4044
f 4044//4044 4053//4053 4054//4054
f 4044//4044 4054//4054 4045//4045
f 4054//4054 4055//4055 4045//4045
f 4045//4045 4055//4055 4056//4056
f 4045//4045 4056//4056 4047//4047
f 4047//4047 4056//4056 4057//4057
f 4047//4047 4057//4057 4049//4049
f 4049//4049 4057//4057 4058//4058
f 4042//4042 4044//4044 4043//4043
f 4043//4043 4044//4044 4046//4046
f 4043//4043 4046//4046 4051//4051
f 4051//4051 4046//4046 4048//4048
f 4051//4051 4048//4048 4059//4059
f 4059//4059 4048//4048 4049//4049
f 4059//4059 4049//4049 4060//4060
f 4060//4060 4049//4049 4058//4058
f 4060//4060 4058//4058 4061//4061
f 4062//4062 4063//4063 4064//4064
f 4064//4064 4065//4065 4062//4062
f 4062//4062 4065//4065 4066//4066
f 4062//4062 4066//4066 4067//4067
f 4067//4067 4066//4066 4068//4068
f 4067//4067 4068//4068 4069//4069
f 4069//4069 4068//4068 4070//4070
f 4069//4069 4070//4070 4071//4071
f 4071//4071 4070//4070 4072//4072
f 4071//4071 4072//4072 4073//4073
f 4072//4072 4074//4074 4073//4073
f 4073//4073 4074//4074 4075//4075
f 4073//4073 4075//4075 4076//4076
f 4077//4077 4078//4078 4079//4079
f 4079//4079 4078//4078 4080//4080
f 4079//4079 4080//4080 4081//4081
f 4081//4081 4080//4080 4082//4082
f 4081//4081 4082//4082 4083//4083
f 4079//4079 4084//4084 4077//4077
f 4077//4077 4084//4084 4085//4085
f 4077//4077 4085//4085 4086//4086
f 4086//4086 4085//4085 4087//4087
f 4085//4085 4088//4088 4087//4087
f 4087//4087 4088//4088 4089//4089
f 4087//4087 4089//4089 4090//4090
f 4090//4090 4089//4089 4091//4091
f 4091//4091 4092//4092 4090//4090
f 4090//4090 4092//4092 4093//4093
f 4090//4090 4093//4093 4094//4094
f 4095//4095 4088//4088 4085//4085
f 4084//4084 4096//4096 4085//4085
f 4085//4085 4096//4096 4097//4097
f 4085//4085 4097//4097 4095//4095
f 4098//4098 4091//4091 4089//4089
f 4088//4088 4095//4095 4089//4089
f 4089//4089 4095//4095 4099//4099
f 4089//4089 4099//4099 4098//4098
f 4092//4092 4100//4100 4093//4093
f 4093//4093 4100//4100 4094//4094
f 4091//4091 4098//4098 4092//4092
f 4092//4092 4098//4098 4101//4101
f 4092//4092 4101//4101 4100//4100
f 4102//4102 4031//4031 4103//4103
f 4103//4103 4031//4031 4030//4030
f 4103//4103 4030//4030 4104//4104
f 4104//4104 4030//4030 4038//4038
f 4104//4104 4038//4038 4105//4105
f 4105//4105 4038//4038 4039//4039
f 4105//4105 4039//4039 4106//4106
f 4106//4106 4039//4039 4040//4040
f 4106//4106 4040//4040 4107//4107
f 4081//4081 4083//4083 4108//4108
f 4108//4108 4083//4083 4020//4020
f 4020//4020 4029//4029 4108//4108
f 4108//4108 4029//4029 4031//4031
f 4108//4108 4031//4031 4102//4102
f 4109//4109 4110//4110 4111//4111
f 4112//4112 4113//4113 4114//4114
f 4112//4112 4114//4114 4115//4115
f 4115//4115 4114//4114 4116//4116
f 4115//4115 4116//4116 4117//4117
f 4117//4117 4116//4116 4111//4111
f 4117//4117 4111//4111 4118//4118
f 4118//4118 4111//4111 4110//4110
f 4118//4118 4110//4110 4119//4119
f 4106//4106 4107//4107 4109//4109
f 4109//4109 4111//4111 4106//4106
f 4106//4106 4111//4111 4116//4116
f 4106//4106 4116//4116 4105//4105
f 4105//4105 4116//4116 4114//4114
f 4105//4105 4114//4114 4104//4104
f 4104//4104 4114//4114 4113//4113
f 4104//4104 4113//4113 4103//4103
f 4120//4120 4121//4121 4112//4112
f 4122//4122 4123//4123 4121//4121
f 4121//4121 4120//4120 4122//4122
f 4122//4122 4120//4120 4124//4124
f 4122//4122 4124//4124 4125//4125
f 4125//4125 4124//4124 4126//4126
f 4125//4125 4126//4126 4127//4127
f 4118//4118 4119//4119 4128//4128
f 4112//4112 4115//4115 4120//4120
f 4120//4120 4115//4115 4117//4117
f 4120//4120 4117//4117 4124//4124
f 4124//4124 4117//4117 4118//4118
f 4124//4124 4118//4118 4126//4126
f 4126//4126 4118//4118 4128//4128
f 4126//4126 4128//4128 4127//4127
f 4127//4127 4128//4128 4129//4129
f 4130//4130 4131//4131 4132//4132
f 4132//4132 4131//4131 4133//4133
f 4134//4134 4132//4132 4135//4135
f 4135//4135 4132//4132 4133//4133
f 4135//4135 4133//4133 4136//4136
f 4130//4130 4137//4137 4138//4138
f 4138//4138 4137//4137 4139//4139
f 4138//4138 4139//4139 4140//4140
f 4130//4130 4132//4132 4137//4137
f 4137//4137 4132//4132 4134//4134
f 4137//4137 4134//4134 4139//4139
f 4139//4139 4134//4134 4141//4141
f 4139//4139 4141//4141 4142//4142
f 4142//4142 4141//4141 4143//4143
f 4142//4142 4143//4143 4144//4144
f 4140//4140 4139//4139 4145//4145
f 4145//4145 4139//4139 4142//4142
f 4145//4145 4142//4142 4146//4146
f 4146//4146 4142//4142 4144//4144
f 4146//4146 4144//4144 4147//4147
f 4148//4148 4149//4149 4051//4051
f 4051//4051 4149//4149 4150//4150
f 4051//4051 4150//4150 4052//4052
f 4052//4052 4150//4150 4151//4151
f 4052//4052 4151//4151 4076//4076
f 4051//4051 4059//4059 4148//4148
f 4148//4148 4059//4059 4060//4060
f 4148//4148 4060//4060 4152//4152
f 4152//4152 4060//4060 4061//4061
f 4152//4152 4061//4061 4153//4153
f 4154//4154 4155//4155 4156//4156
f 4157//4157 4158//4158 4159//4159
f 4160//4160 4161//4161 4162//4162
f 4162//4162 4161//4161 4156//4156
f 4162//4162 4156//4156 4163//4163
f 4163//4163 4156//4156 4155//4155
f 4163//4163 4155//4155 4164//4164
f 4157//4157 4159//4159 4164//4164
f 4165//4165 4166//4166 4167//4167
f 4073//4073 4168//4168 4071//4071
f 4071//4071 4168//4168 4167//4167
f 4071//4071 4167//4167 4069//4069
f 4076//4076 4151//4151 4169//4169
f 4150//4150 4149//4149 4170//4170
f 4170//4170 4149//4149 4148//4148
f 4170//4170 4148//4148 4171//4171
f 4171//4171 4148//4148 4152//4152
f 4171//4171 4152//4152 4172//4172
f 4172//4172 4152//4152 4153//4153
f 4069//4069 4167//4167 4067//4067
f 4067//4067 4167//4167 4166//4166
f 4067//4067 4166//4166 4062//4062
f 4164//4164 4159//4159 4163//4163
f 4163//4163 4159//4159 4165//4165
f 4163//4163 4165//4165 4162//4162
f 4162//4162 4165//4165 4167//4167
f 4162//4162 4167//4167 4160//4160
f 4160//4160 4167//4167 4168//4168
f 4160//4160 4168//4168 4169//4169
f 4169//4169 4168//4168 4073//4073
f 4169//4169 4073//4073 4076//4076
f 4151//4151 4150//4150 4169//4169
f 4169//4169 4150//4150 4170//4170
f 4169//4169 4170//4170 4160//4160
f 4160//4160 4170//4170 4171//4171
f 4160//4160 4171//4171 4161//4161
f 4161//4161 4171//4171 4172//4172
f 4161//4161 4172//4172 4156//4156
f 4156//4156 4172//4172 4153//4153
f 4156//4156 4153//4153 4154//4154
f 4173//4173 4062//4062 4166//4166
f 4174//4174 4175//4175 4176//4176
f 4177//4177 4178//4178 4179//4179
f 4180//4180 4181//4181 4182//4182
f 4177//4177 4179//4179 4183//4183
f 4181//4181 4184//4184 4183//4183
f 4175//4175 4174//4174 4182//4182
f 4182//4182 4174//4174 4185//4185
f 4182//4182 4185//4185 4180//4180
f 4173//4173 4166//4166 4186//4186
f 4187//4187 4188//4188 4189//4189
f 4189//4189 4188//4188 4190//4190
f 4189//4189 4190//4190 4191//4191
f 4191//4191 4190//4190 4192//4192
f 4191//4191 4192//4192 4193//4193
f 4190//4190 4194//4194 4192//4192
f 4192//4192 4194//4194 4165//4165
f 4192//4192 4165//4165 4159//4159
f 4195//4195 4196//4196 4180//4180
f 4180//4180 4196//4196 4197//4197
f 4180//4180 4197//4197 4181//4181
f 4181//4181 4197//4197 4198//4198
f 4181//4181 4198//4198 4184//4184
f 4179//4179 4199//4199 4200//4200
f 4200//4200 4199//4199 4201//4201
f 4200//4200 4201//4201 4202//4202
f 4202//4202 4201//4201 4203//4203
f 4202//4202 4203//4203 4204//4204
f 4183//4183 4179//4179 4181//4181
f 4181//4181 4179//4179 4200//4200
f 4181//4181 4200//4200 4182//4182
f 4182//4182 4200//4200 4202//4202
f 4182//4182 4202//4202 4175//4175
f 4175//4175 4202//4202 4204//4204
f 4175//4175 4204//4204 4176//4176
f 4188//4188 4205//4205 4190//4190
f 4190//4190 4205//4205 4186//4186
f 4190//4190 4186//4186 4194//4194
f 4194//4194 4186//4186 4166//4166
f 4194//4194 4166//4166 4165//4165
f 4176//4176 4187//4187 4174//4174
f 4174//4174 4187//4187 4189//4189
f 4174//4174 4189//4189 4185//4185
f 4185//4185 4189//4189 4191//4191
f 4185//4185 4191//4191 4180//4180
f 4180//4180 4191//4191 4193//4193
f 4180//4180 4193//4193 4195//4195
f 4195//4195 4193//4193 4192//4192
f 4195//4195 4192//4192 4206//4206
f 4206//4206 4192//4192 4159//4159
f 4206//4206 4159//4159 4158//4158
f 4207//4207 4208//4208 4209//4209
f 4210//4210 4211//4211 4212//4212
f 4207//4207 4209//4209 4213//4213
f 4214//4214 4215//4215 4216//4216
f 4216//4216 4215//4215 4217//4217
f 4216//4216 4217//4217 4218//4218
f 4218//4218 4217//4217 4219//4219
f 4218//4218 4219//4219 4220//4220
f 4220//4220 4219//4219 4221//4221
f 4221//4221 4219//4219 4222//4222
f 4221//4221 4222//4222 4223//4223
f 4223//4223 4222//4222 4224//4224
f 4224//4224 4222//4222 4225//4225
f 4224//4224 4225//4225 4226//4226
f 4226//4226 4225//4225 4227//4227
f 4226//4226 4227//4227 4228//4228
f 4228//4228 4227//4227 4229//4229
f 4228//4228 4229//4229 4230//4230
f 4230//4230 4229//4229 4231//4231
f 4231//4231 4229//4229 4232//4232
f 4231//4231 4232//4232 4233//4233
f 4233//4233 4232//4232 4234//4234
f 4234//4234 4232//4232 4235//4235
f 4234//4234 4235//4235 4236//4236
f 4236//4236 4235//4235 4237//4237
f 4236//4236 4237//4237 4238//4238
f 4238//4238 4237//4237 4239//4239
f 4239//4239 4237//4237 4240//4240
f 4239//4239 4240//4240 4241//4241
f 4241//4241 4240//4240 4179//4179
f 4241//4241 4179//4179 4178//4178
f 4242//4242 4203//4203 4201//4201
f 4201//4201 4243//4243 4242//4242
f 4242//4242 4243//4243 4244//4244
f 4242//4242 4244//4244 4245//4245
f 4245//4245 4244//4244 4246//4246
f 4245//4245 4246//4246 4247//4247
f 4247//4247 4246//4246 4248//4248
f 4247//4247 4248//4248 4249//4249
f 4249//4249 4248//4248 4250//4250
f 4249//4249 4250//4250 4251//4251
f 4251//4251 4250//4250 4252//4252
f 4251//4251 4252//4252 4253//4253
f 4253//4253 4252//4252 4254//4254
f 4253//4253 4254//4254 4255//4255
f 4255//4255 4254//4254 4256//4256
f 4255//4255 4256//4256 4257//4257
f 4257//4257 4256//4256 4258//4258
f 4257//4257 4258//4258 4259//4259
f 4259//4259 4258//4258 4260//4260
f 4259//4259 4260//4260 4261//4261
f 4261//4261 4260//4260 4209//4209
f 4261//4261 4209//4209 4212//4212
f 4212//4212 4209//4209 4208//4208
f 4212//4212 4208//4208 4210//4210
f 4215//4215 4262//4262 4217//4217
f 4217//4217 4262//4262 4263//4263
f 4217//4217 4263//4263 4219//4219
f 4219//4219 4263//4263 4264//4264
f 4219//4219 4264//4264 4222//4222
f 4222//4222 4264//4264 4265//4265
f 4222//4222 4265//4265 4225//4225
f 4225//4225 4265//4265 4266//4266
f 4225//4225 4266//4266 4227//4227
f 4227//4227 4266//4266 4267//4267
f 4227//4227 4267//4267 4229//4229
f 4229//4229 4267//4267 4268//4268
f 4229//4229 4268//4268 4232//4232
f 4232//4232 4268//4268 4269//4269
f 4232//4232 4269//4269 4235//4235
f 4235//4235 4269//4269 4270//4270
f 4235//4235 4270//4270 4237//4237
f 4237//4237 4270//4270 4271//4271
f 4237//4237 4271//4271 4240//4240
f 4240//4240 4271//4271 4272//4272
f 4240//4240 4272//4272 4179//4179
f 4179//4179 4272//4272 4199//4199
f 4201//4201 4199//4199 4243//4243
f 4243//4243 4199//4199 4272//4272
f 4243//4243 4272//4272 4244//4244
f 4244//4244 4272//4272 4271//4271
f 4244//4244 4271//4271 4246//4246
f 4246//4246 4271//4271 4270//4270
f 4246//4246 4270//4270 4248//4248
f 4248//4248 4270//4270 4269//4269
f 4248//4248 4269//4269 4250//4250
f 4250//4250 4269//4269 4268//4268
f 4250//4250 4268//4268 4252//4252
f 4252//4252 4268//4268 4267//4267
f 4252//4252 4267//4267 4254//4254
f 4254//4254 4267//4267 4266//4266
f 4254//4254 4266//4266 4256//4256
f 4256//4256 4266//4266 4265//4265
f 4256//4256 4265//4265 4258//4258
f 4258//4258 4265//4265 4264//4264
f 4258//4258 4264//4264 4260//4260
f 4260//4260 4264//4264 4263//4263
f 4260//4260 4263//4263 4209//4209
f 4209//4209 4263//4263 4262//4262
f 4209//4209 4262//4262 4213//4213
f 4213//4213 4262//4262 4215//4215
f 4213//4213 4215//4215 4273//4273
f 4273//4273 4215//4215 4214//4214
f 4273//4273 4214//4214 4274//4274
f 4275//4275 4276//4276 4277//4277
f 4278//4278 4279//4279 4280//4280
f 4281//4281 4278//4278 4276//4276
f 4278//4278 4280//4280 4276//4276
f 4276//4276 4280//4280 4282//4282
f 4276//4276 4282//4282 4277//4277
f 4283//4283 4284//4284 4285//4285
f 4285//4285 4284//4284 4286//4286
f 4285//4285 4286//4286 4287//4287
f 4288//4288 4211//4211 4289//4289
f 4289//4289 4211//4211 4210//4210
f 4289//4289 4210//4210 4290//4290
f 4290//4290 4210//4210 4208//4208
f 4290//4290 4208//4208 4291//4291
f 4291//4291 4208//4208 4207//4207
f 4273//4273 4274//4274 4292//4292
f 4292//4292 4274//4274 4293//4293
f 4294//4294 4279//4279 4295//4295
f 4295//4295 4279//4279 4278//4278
f 4295//4295 4278//4278 4296//4296
f 4296//4296 4278//4278 4281//4281
f 4296//4296 4281//4281 4297//4297
f 4297//4297 4281//4281 4292//4292
f 4297//4297 4292//4292 4298//4298
f 4298//4298 4292//4292 4293//4293
f 4090//4090 4282//4282 4299//4299
f 4299//4299 4282//4282 4280//4280
f 4299//4299 4280//4280 4300//4300
f 4300//4300 4280//4280 4279//4279
f 4300//4300 4279//4279 4301//4301
f 4301//4301 4279//4279 4294//4294
f 4283//4283 4288//4288 4284//4284
f 4284//4284 4288//4288 4289//4289
f 4284//4284 4289//4289 4286//4286
f 4286//4286 4289//4289 4290//4290
f 4286//4286 4290//4290 4302//4302
f 4302//4302 4290//4290 4291//4291
f 4302//4302 4291//4291 4303//4303
f 4303//4303 4291//4291 4207//4207
f 4303//4303 4207//4207 4213//4213
f 4277//4277 4287//4287 4275//4275
f 4275//4275 4287//4287 4286//4286
f 4275//4275 4286//4286 4276//4276
f 4276//4276 4286//4286 4302//4302
f 4276//4276 4302//4302 4281//4281
f 4281//4281 4302//4302 4303//4303
f 4281//4281 4303//4303 4292//4292
f 4292//4292 4303//4303 4213//4213
f 4292//4292 4213//4213 4273//4273
f 4304//4304 4305//4305 4306//4306
f 4080//4080 4078//4078 4307//4307
f 4090//4090 4299//4299 4087//4087
f 4087//4087 4299//4299 4308//4308
f 4299//4299 4300//4300 4308//4308
f 4308//4308 4300//4300 4309//4309
f 4308//4308 4309//4309 4310//4310
f 4310//4310 4309//4309 4311//4311
f 4310//4310 4311//4311 4307//4307
f 4312//4312 4305//4305 4313//4313
f 4313//4313 4305//4305 4304//4304
f 4313//4313 4304//4304 4314//4314
f 4314//4314 4304//4304 4315//4315
f 4314//4314 4315//4315 4316//4316
f 4083//4083 4082//4082 4317//4317
f 4317//4317 4082//4082 4318//4318
f 4317//4317 4318//4318 4319//4319
f 4319//4319 4318//4318 4320//4320
f 4082//4082 4321//4321 4318//4318
f 4318//4318 4321//4321 4306//4306
f 4318//4318 4306//4306 4320//4320
f 4320//4320 4306//4306 4305//4305
f 4320//4320 4305//4305 4322//4322
f 4322//4322 4305//4305 4312//4312
f 4322//4322 4312//4312 4323//4323
f 4307//4307 4078//4078 4310//4310
f 4310//4310 4078//4078 4077//4077
f 4310//4310 4077//4077 4308//4308
f 4308//4308 4077//4077 4086//4086
f 4308//4308 4086//4086 4087//4087
f 4301//4301 4316//4316 4300//4300
f 4300//4300 4316//4316 4315//4315
f 4300//4300 4315//4315 4309//4309
f 4309//4309 4315//4315 4304//4304
f 4309//4309 4304//4304 4311//4311
f 4311//4311 4304//4304 4306//4306
f 4311//4311 4306//4306 4307//4307
f 4307//4307 4306//4306 4321//4321
f 4307//4307 4321//4321 4080//4080
f 4080//4080 4321//4321 4082//4082
f 4021//4021 4020//4020 4083//4083
f 4083//4083 4317//4317 4021//4021
f 4021//4021 4317//4317 4319//4319
f 4021//4021 4319//4319 4032//4032
f 4319//4319 4320//4320 4032//4032
f 4032//4032 4320//4320 4322//4322
f 4032//4032 4322//4322 4033//4033
f 4033//4033 4322//4322 4323//4323
f 4033//4033 4323//4323 4034//4034
f 4324//4324 4325//4325 3908//3908
f 3908//3908 4325//4325 3909//3909
f 4326//4326 4327//4327 4328//4328
f 3921//3921 3909//3909 4328//4328
f 4328//4328 3909//3909 4325//4325
f 4328//4328 4325//4325 4326//4326
f 4326//4326 4325//4325 4324//4324
f 4326//4326 4324//4324 4329//4329
f 3947//3947 3954//3954 4330//4330
f 3948//3948 3947//3947 4331//4331
f 4331//4331 3947//3947 4330//4330
f 4331//4331 4330//4330 3938//3938
f 3938//3938 4330//4330 3936//3936
f 3954//3954 3953//3953 4330//4330
f 4330//4330 3953//3953 4332//4332
f 4330//4330 4332//4332 3936//3936
f 3936//3936 4332//4332 4333//4333
f 3936//3936 4333//4333 3941//3941
f 4334//4334 3996//3996 3997//3997
f 4335//4335 3997//3997 4336//4336
f 4336//4336 3997//3997 3998//3998
f 4336//4336 3998//3998 3999//3999
f 3975//3975 3977//3977 4337//4337
f 4334//4334 3997//3997 4337//4337
f 4337//4337 3997//3997 4335//4335
f 4337//4337 4335//4335 3975//3975
f 3975//3975 4335//4335 4336//4336
f 3975//3975 4336//4336 3980//3980
f 4338//4338 4339//4339 4340//4340
f 4340//4340 4339//4339 4341//4341
f 4340//4340 4341//4341 4342//4342
f 4342//4342 4341//4341 4343//4343
f 4344//4344 4338//4338 4345//4345
f 4345//4345 4338//4338 4340//4340
f 4345//4345 4340//4340 4346//4346
f 4346//4346 4340//4340 4342//4342
f 4347//4347 4348//4348 4349//4349
f 4349//4349 4348//4348 4350//4350
f 4349//4349 4350//4350 4351//4351
f 4351//4351 4350//4350 4352//4352
f 4351//4351 4352//4352 4353//4353
f 4346//4346 4347//4347 4345//4345
f 4345//4345 4347//4347 4349//4349
f 4345//4345 4349//4349 4344//4344
f 4344//4344 4349//4349 4351//4351
f 4344//4344 4351//4351 4354//4354
f 4354//4354 4351//4351 4353//4353
f 4354//4354 4353//4353 4355//4355
f 4356//4356 4015//4015 4014//4014
f 4357//4357 4358//4358 4359//4359
f 4359//4359 4358//4358 4356//4356
f 4359//4359 4356//4356 4360//4360
f 4360//4360 4356//4356 4014//4014
f 4019//4019 4015//4015 4361//4361
f 4361//4361 4015//4015 4356//4356
f 4361//4361 4356//4356 4362//4362
f 4362//4362 4356//4356 4358//4358
f 4363//4363 4364//4364 4042//4042
f 4054//4054 4365//4365 4055//4055
f 4055//4055 4365//4365 4366//4366
f 4042//4042 4364//4364 4053//4053
f 4364//4364 4367//4367 4053//4053
f 4053//4053 4367//4367 4368//4368
f 4053//4053 4368//4368 4054//4054
f 4054//4054 4368//4368 4369//4369
f 4054//4054 4369//4369 4365//4365
f 4041//4041 4370//4370 4042//4042
f 4042//4042 4370//4370 4371//4371
f 4042//4042 4371//4371 4363//4363
f 4066//4066 4065//4065 4372//4372
f 4372//4372 4065//4065 4064//4064
f 4372//4372 4064//4064 4063//4063
f 4372//4372 4373//4373 4066//4066
f 4066//4066 4373//4373 4374//4374
f 4066//4066 4374//4374 4068//4068
f 4068//4068 4374//4374 4375//4375
f 4068//4068 4375//4375 4070//4070
f 4070//4070 4375//4375 4376//4376
f 4070//4070 4376//4376 4072//4072
f 4377//4377 4378//4378 4379//4379
f 4379//4379 4378//4378 4380//4380
f 4379//4379 4380//4380 4381//4381
f 4381//4381 4380//4380 4382//4382
f 4381//4381 4382//4382 4383//4383
f 4384//4384 4385//4385 4383//4383
f 4382//4382 4364//4364 4363//4363
f 4383//4383 4382//4382 4384//4384
f 4384//4384 4382//4382 4363//4363
f 4384//4384 4363//4363 4371//4371
f 4364//4364 4382//4382 4367//4367
f 4367//4367 4382//4382 4380//4380
f 4367//4367 4380//4380 4368//4368
f 4368//4368 4380//4380 4369//4369
f 4369//4369 4380//4380 4378//4378
f 4369//4369 4378//4378 4365//4365
f 4377//4377 4386//4386 4378//4378
f 4378//4378 4386//4386 4387//4387
f 4378//4378 4387//4387 4365//4365
f 4365//4365 4387//4387 4366//4366
f 4041//4041 4050//4050 4052//4052
f 4370//4370 4041//4041 4388//4388
f 4388//4388 4041//4041 4052//4052
f 4388//4388 4052//4052 4075//4075
f 4075//4075 4052//4052 4076//4076
f 4389//4389 4390//4390 4391//4391
f 4383//4383 4385//4385 4390//4390
f 4390//4390 4389//4389 4383//4383
f 4383//4383 4389//4389 4392//4392
f 4383//4383 4392//4392 4381//4381
f 4381//4381 4392//4392 4393//4393
f 4381//4381 4393//4393 4379//4379
f 4394//4394 4395//4395 4396//4396
f 4391//4391 4397//4397 4389//4389
f 4389//4389 4397//4397 4398//4398
f 4389//4389 4398//4398 4392//4392
f 4392//4392 4398//4398 4394//4394
f 4392//4392 4394//4394 4393//4393
f 4393//4393 4394//4394 4396//4396
f 4393//4393 4396//4396 4379//4379
f 4379//4379 4396//4396 4377//4377
f 4399//4399 4400//4400 4401//4401
f 4399//4399 4401//4401 4402//4402
f 4403//4403 4404//4404 4405//4405
f 4404//4404 4403//4403 4406//4406
f 4406//4406 4403//4403 4326//4326
f 4406//4406 4326//4326 4329//4329
f 4405//4405 4402//4402 4403//4403
f 4403//4403 4402//4402 4401//4401
f 4403//4403 4401//4401 4326//4326
f 4326//4326 4401//4401 4327//4327
f 4407//4407 4408//4408 4409//4409
f 4409//4409 4408//4408 4410//4410
f 4409//4409 4410//4410 4411//4411
f 4034//4034 4410//4410 4035//4035
f 4035//4035 4410//4410 4408//4408
f 4035//4035 4408//4408 4036//4036
f 4036//4036 4408//4408 4407//4407
f 4036//4036 4407//4407 4037//4037
f 4037//4037 4407//4407 4412//4412
f 4037//4037 4412//4412 4040//4040
f 4413//4413 4414//4414 4415//4415
f 4415//4415 4414//4414 4416//4416
f 4415//4415 4416//4416 4417//4417
f 4417//4417 4416//4416 4418//4418
f 4056//4056 4055//4055 4419//4419
f 4419//4419 4420//4420 4056//4056
f 4056//4056 4420//4420 4418//4418
f 4056//4056 4418//4418 4057//4057
f 4057//4057 4418//4418 4416//4416
f 4057//4057 4416//4416 4058//4058
f 4058//4058 4416//4416 4414//4414
f 4058//4058 4414//4414 4061//4061
f 4421//4421 4422//4422 4423//4423
f 4424//4424 4425//4425 4426//4426
f 4426//4426 4425//4425 4427//4427
f 4426//4426 4427//4427 4421//4421
f 4421//4421 4423//4423 4426//4426
f 4426//4426 4423//4423 4362//4362
f 4426//4426 4362//4362 4358//4358
f 4358//4358 4357//4357 4426//4426
f 4426//4426 4357//4357 4428//4428
f 4426//4426 4428//4428 4424//4424
f 4424//4424 4428//4428 4429//4429
f 4430//4430 4431//4431 4432//4432
f 4432//4432 4431//4431 3977//3977
f 4433//4433 4434//4434 4430//4430
f 4430//4430 4432//4432 4433//4433
f 4433//4433 4432//4432 4435//4435
f 4433//4433 4435//4435 4436//4436
f 4436//4436 4435//4435 4437//4437
f 4437//4437 4435//4435 4438//4438
f 4437//4437 4438//4438 4439//4439
f 3967//3967 3966//3966 4440//4440
f 3977//3977 3978//3978 4432//4432
f 4432//4432 3978//3978 3979//3979
f 4432//4432 3979//3979 4435//4435
f 4435//4435 3979//3979 3967//3967
f 4435//4435 3967//3967 4438//4438
f 4438//4438 3967//3967 4440//4440
f 4438//4438 4440//4440 4439//4439
f 4439//4439 4440//4440 4441//4441
f 4442//4442 4443//4443 3970//3970
f 3970//3970 4443//4443 3968//3968
f 4442//4442 3970//3970 4444//4444
f 4444//4444 3970//3970 3972//3972
f 4444//4444 3972//3972 4445//4445
f 4445//4445 3972//3972 3974//3974
f 4445//4445 3974//3974 4446//4446
f 4446//4446 3974//3974 3980//3980
f 4446//4446 3980//3980 4447//4447
f 4448//4448 4449//4449 3938//3938
f 3938//3938 3939//3939 4448//4448
f 4448//4448 3939//3939 3940//3940
f 4448//4448 3940//3940 4450//4450
f 4450//4450 3940//3940 3928//3928
f 4450//4450 3928//3928 4451//4451
f 4451//4451 3928//3928 3927//3927
f 4451//4451 3927//3927 4452//4452
f 4453//4453 4454//4454 4455//4455
f 3935//3935 3941//3941 4454//4454
f 4454//4454 4453//4453 3935//3935
f 3935//3935 4453//4453 4456//4456
f 3935//3935 4456//4456 3933//3933
f 4457//4457 4458//4458 3931//3931
f 3931//3931 4458//4458 3929//3929
f 4459//4459 4460//4460 4457//4457
f 4457//4457 4460//4460 4461//4461
f 4457//4457 4461//4461 4458//4458
f 4458//4458 4461//4461 4462//4462
f 4458//4458 4462//4462 4463//4463
f 3931//3931 3933//3933 4457//4457
f 4457//4457 3933//3933 4456//4456
f 4457//4457 4456//4456 4459//4459
f 4459//4459 4456//4456 4453//4453
f 4459//4459 4453//4453 4464//4464
f 4464//4464 4453//4453 4455//4455
f 4464//4464 4455//4455 4465//4465
f 4063//4063 4466//4466 4372//4372
f 4372//4372 4466//4466 4467//4467
f 4203//4203 4468//4468 4204//4204
f 4204//4204 4468//4468 4469//4469
f 4204//4204 4469//4469 4176//4176
f 4176//4176 4469//4469 4187//4187
f 4187//4187 4469//4469 4470//4470
f 4187//4187 4470//4470 4188//4188
f 4188//4188 4470//4470 4205//4205
f 4205//4205 4470//4470 4471//4471
f 4205//4205 4471//4471 4186//4186
f 4471//4471 4466//4466 4063//4063
f 4186//4186 4471//4471 4173//4173
f 4173//4173 4471//4471 4063//4063
f 4173//4173 4063//4063 4062//4062
f 4212//4212 4211//4211 4472//4472
f 4468//4468 4247//4247 4249//4249
f 4203//4203 4242//4242 4468//4468
f 4468//4468 4242//4242 4245//4245
f 4468//4468 4245//4245 4247//4247
f 4257//4257 4259//4259 4472//4472
f 4472//4472 4259//4259 4261//4261
f 4472//4472 4261//4261 4212//4212
f 4249//4249 4251//4251 4468//4468
f 4468//4468 4251//4251 4253//4253
f 4468//4468 4253//4253 4472//4472
f 4472//4472 4253//4253 4255//4255
f 4472//4472 4255//4255 4257//4257
f 4473//4473 4474//4474 4094//4094
f 4094//4094 4474//4474 4282//4282
f 4094//4094 4282//4282 4090//4090
f 4283//4283 4285//4285 4474//4474
f 4285//4285 4287//4287 4474//4474
f 4474//4474 4287//4287 4277//4277
f 4474//4474 4277//4277 4282//4282
f 4474//4474 4475//4475 4283//4283
f 4283//4283 4475//4475 4476//4476
f 4283//4283 4476//4476 4288//4288
f 4288//4288 4476//4476 4472//4472
f 4288//4288 4472//4472 4211//4211
f 4100//4100 4477//4477 4094//4094
f 4094//4094 4477//4477 4473//4473
f 4478//4478 4479//4479 4480//4480
f 4481//4481 4482//4482 4483//4483
f 4123//4123 4122//4122 4484//4484
f 4123//4123 4484//4484 4485//4485
f 4485//4485 4484//4484 4486//4486
f 4485//4485 4486//4486 4487//4487
f 4487//4487 4486//4486 4483//4483
f 4487//4487 4483//4483 4488//4488
f 4488//4488 4483//4483 4482//4482
f 4488//4488 4482//4482 4489//4489
f 4490//4490 4491//4491 4492//4492
f 4492//4492 4491//4491 4493//4493
f 4492//4492 4493//4493 4494//4494
f 4494//4494 4493//4493 4495//4495
f 4495//4495 4493//4493 4496//4496
f 4495//4495 4496//4496 4497//4497
f 4497//4497 4496//4496 4498//4498
f 4497//4497 4498//4498 4499//4499
f 4499//4499 4498//4498 4127//4127
f 4499//4499 4127//4127 4129//4129
f 4122//4122 4125//4125 4484//4484
f 4484//4484 4125//4125 4500//4500
f 4484//4484 4500//4500 4486//4486
f 4486//4486 4500//4500 4501//4501
f 4486//4486 4501//4501 4483//4483
f 4483//4483 4501//4501 4480//4480
f 4483//4483 4480//4480 4481//4481
f 4481//4481 4480//4480 4479//4479
f 4125//4125 4127//4127 4500//4500
f 4500//4500 4127//4127 4498//4498
f 4500//4500 4498//4498 4501//4501
f 4501//4501 4498//4498 4496//4496
f 4501//4501 4496//4496 4480//4480
f 4480//4480 4496//4496 4493//4493
f 4480//4480 4493//4493 4478//4478
f 4478//4478 4493//4493 4491//4491
f 4119//4119 4502//4502 4128//4128
f 4128//4128 4502//4502 4503//4503
f 4128//4128 4503//4503 4129//4129
f 4129//4129 4503//4503 4504//4504
f 4096//4096 4084//4084 4079//4079
f 4108//4108 4505//4505 4081//4081
f 4081//4081 4505//4505 4506//4506
f 4507//4507 4508//4508 4509//4509
f 4509//4509 4508//4508 4510//4510
f 4509//4509 4510//4510 4506//4506
f 4506//4506 4510//4510 4096//4096
f 4506//4506 4096//4096 4081//4081
f 4081//4081 4096//4096 4079//4079
f 4098//4098 4099//4099 4511//4511
f 4095//4095 4097//4097 4512//4512
f 4506//4506 4513//4513 4514//4514
f 4506//4506 4514//4514 4509//4509
f 4509//4509 4514//4514 4515//4515
f 4509//4509 4515//4515 4507//4507
f 4507//4507 4515//4515 4516//4516
f 4507//4507 4516//4516 4508//4508
f 4508//4508 4516//4516 4512//4512
f 4508//4508 4512//4512 4510//4510
f 4510//4510 4512//4512 4097//4097
f 4510//4510 4097//4097 4096//4096
f 4517//4517 4100//4100 4101//4101
f 4101//4101 4518//4518 4517//4517
f 4517//4517 4518//4518 4519//4519
f 4517//4517 4519//4519 4520//4520
f 4520//4520 4519//4519 4521//4521
f 4521//4521 4519//4519 4522//4522
f 4521//4521 4522//4522 4523//4523
f 4523//4523 4522//4522 4524//4524
f 4523//4523 4524//4524 4525//4525
f 4525//4525 4524//4524 4526//4526
f 4525//4525 4526//4526 4527//4527
f 4513//4513 4528//4528 4514//4514
f 4514//4514 4528//4528 4529//4529
f 4514//4514 4529//4529 4515//4515
f 4515//4515 4529//4529 4530//4530
f 4515//4515 4530//4530 4516//4516
f 4516//4516 4530//4530 4531//4531
f 4516//4516 4531//4531 4512//4512
f 4512//4512 4531//4531 4511//4511
f 4512//4512 4511//4511 4095//4095
f 4095//4095 4511//4511 4099//4099
f 4528//4528 4526//4526 4529//4529
f 4529//4529 4526//4526 4524//4524
f 4529//4529 4524//4524 4530//4530
f 4530//4530 4524//4524 4522//4522
f 4530//4530 4522//4522 4531//4531
f 4531//4531 4522//4522 4519//4519
f 4531//4531 4519//4519 4511//4511
f 4511//4511 4519//4519 4518//4518
f 4511//4511 4518//4518 4098//4098
f 4098//4098 4518//4518 4101//4101
f 4040//4040 4412//4412 4532//4532
f 4040//4040 4532//4532 4107//4107
f 4532//4532 4533//4533 4107//4107
f 4107//4107 4533//4533 4534//4534
f 4107//4107 4534//4534 4535//4535
f 4502//4502 4119//4119 4536//4536
f 4536//4536 4119//4119 4110//4110
f 4536//4536 4110//4110 4537//4537
f 4537//4537 4110//4110 4109//4109
f 4537//4537 4109//4109 4538//4538
f 4538//4538 4109//4109 4107//4107
f 4538//4538 4107//4107 4539//4539
f 4539//4539 4107//4107 4535//4535
f 4539//4539 4535//4535 4540//4540
f 4540//4540 4541//4541 4539//4539
f 4539//4539 4541//4541 4542//4542
f 4539//4539 4542//4542 4543//4543
f 4543//4543 4542//4542 4544//4544
f 4543//4543 4544//4544 4545//4545
f 4546//4546 4547//4547 4548//4548
f 4548//4548 4547//4547 4545//4545
f 4548//4548 4545//4545 4549//4549
f 4549//4549 4545//4545 4544//4544
f 4546//4546 4550//4550 4547//4547
f 4547//4547 4550//4550 4551//4551
f 4547//4547 4551//4551 4329//4329
f 4551//4551 4552//4552 4329//4329
f 4329//4329 4552//4552 4553//4553
f 4329//4329 4553//4553 4406//4406
f 4406//4406 4553//4553 4404//4404
f 4505//4505 4554//4554 4555//4555
f 4112//4112 4121//4121 4556//4556
f 4556//4556 4121//4121 4123//4123
f 4554//4554 4505//4505 4557//4557
f 4557//4557 4505//4505 4108//4108
f 4557//4557 4108//4108 4558//4558
f 4112//4112 4556//4556 4113//4113
f 4113//4113 4556//4556 4559//4559
f 4113//4113 4559//4559 4560//4560
f 4103//4103 4113//4113 4102//4102
f 4102//4102 4113//4113 4560//4560
f 4102//4102 4560//4560 4108//4108
f 4108//4108 4560//4560 4561//4561
f 4108//4108 4561//4561 4558//4558
f 4555//4555 4562//4562 4505//4505
f 4505//4505 4562//4562 4563//4563
f 4505//4505 4563//4563 4489//4489
f 4489//4489 4563//4563 4564//4564
f 4489//4489 4564//4564 4488//4488
f 4488//4488 4564//4564 4565//4565
f 4488//4488 4565//4565 4487//4487
f 4487//4487 4565//4565 4556//4556
f 4487//4487 4556//4556 4485//4485
f 4485//4485 4556//4556 4123//4123
f 4566//4566 4567//4567 4568//4568
f 4569//4569 4570//4570 4571//4571
f 4566//4566 4568//4568 4572//4572
f 4572//4572 4568//4568 4573//4573
f 4572//4572 4573//4573 4574//4574
f 4574//4574 4573//4573 4569//4569
f 4574//4574 4569//4569 4575//4575
f 4575//4575 4569//4569 4571//4571
f 4575//4575 4571//4571 4576//4576
f 4577//4577 4578//4578 4579//4579
f 4579//4579 4578//4578 4580//4580
f 4580//4580 4581//4581 4579//4579
f 4579//4579 4581//4581 4582//4582
f 4579//4579 4582//4582 3948//3948
f 4566//4566 4547//4547 4329//4329
f 4566//4566 4329//4329 4567//4567
f 4567//4567 4329//4329 4324//4324
f 4567//4567 4324//4324 4577//4577
f 4577//4577 4324//4324 3908//3908
f 4577//4577 3908//3908 4578//4578
f 4449//4449 4583//4583 4584//4584
f 4584//4584 4583//4583 4585//4585
f 4584//4584 4585//4585 4586//4586
f 3938//3938 4449//4449 4136//4136
f 4136//4136 4449//4449 4584//4584
f 4136//4136 4584//4584 4587//4587
f 4587//4587 4584//4584 4586//4586
f 4587//4587 4586//4586 4588//4588
f 3938//3938 4136//4136 4331//4331
f 4331//4331 4136//4136 4133//4133
f 4331//4331 4133//4133 3948//3948
f 3948//3948 4133//4133 4131//4131
f 3948//3948 4131//4131 4579//4579
f 4589//4589 4590//4590 4591//4591
f 4592//4592 4593//4593 4594//4594
f 4594//4594 4593//4593 4595//4595
f 4594//4594 4595//4595 4596//4596
f 4596//4596 4595//4595 4597//4597
f 4596//4596 4597//4597 4589//4589
f 4589//4589 4597//4597 4598//4598
f 4589//4589 4598//4598 4590//4590
f 4599//4599 4587//4587 4600//4600
f 4600//4600 4587//4587 4588//4588
f 4600//4600 4588//4588 4601//4601
f 4601//4601 4588//4588 4586//4586
f 4601//4601 4586//4586 4602//4602
f 4602//4602 4586//4586 4585//4585
f 4602//4602 4585//4585 4603//4603
f 4603//4603 4585//4585 4583//4583
f 4450//4450 4603//4603 4448//4448
f 4448//4448 4603//4603 4583//4583
f 4448//4448 4583//4583 4449//4449
f 4599//4599 4600//4600 4604//4604
f 4604//4604 4600//4600 4601//4601
f 4604//4604 4601//4601 4605//4605
f 4605//4605 4601//4601 4602//4602
f 4605//4605 4602//4602 4606//4606
f 4606//4606 4602//4602 4603//4603
f 4606//4606 4603//4603 4607//4607
f 4607//4607 4603//4603 4450//4450
f 4607//4607 4450//4450 4451//4451
f 4451//4451 4608//4608 4607//4607
f 4607//4607 4608//4608 4609//4609
f 4607//4607 4609//4609 4606//4606
f 4606//4606 4609//4609 4610//4610
f 4606//4606 4610//4610 4605//4605
f 4605//4605 4610//4610 4611//4611
f 4605//4605 4611//4611 4604//4604
f 4604//4604 4611//4611 4612//4612
f 4604//4604 4612//4612 4599//4599
f 4452//4452 4593//4593 4451//4451
f 4451//4451 4593//4593 4592//4592
f 4451//4451 4592//4592 4608//4608
f 4608//4608 4592//4592 4594//4594
f 4608//4608 4594//4594 4609//4609
f 4609//4609 4594//4594 4596//4596
f 4609//4609 4596//4596 4610//4610
f 4610//4610 4596//4596 4589//4589
f 4610//4610 4589//4589 4611//4611
f 4611//4611 4589//4589 4591//4591
f 4611//4611 4591//4591 4612//4612
f 4613//4613 4614//4614 4615//4615
f 4616//4616 4617//4617 4618//4618
f 4619//4619 4620//4620 4621//4621
f 4619//4619 4621//4621 4622//4622
f 4621//4621 4623//4623 4624//4624
f 4463//4463 4462//4462 4625//4625
f 4461//4461 4460//4460 4626//4626
f 4626//4626 4460//4460 4459//4459
f 4626//4626 4459//4459 4627//4627
f 4627//4627 4459//4459 4464//4464
f 4627//4627 4464//4464 4628//4628
f 4628//4628 4464//4464 4465//4465
f 4628//4628 4465//4465 4629//4629
f 4623//4623 4613//4613 4624//4624
f 4624//4624 4613//4613 4615//4615
f 4624//4624 4615//4615 4630//4630
f 4630//4630 4615//4615 4631//4631
f 4630//4630 4631//4631 4632//4632
f 4633//4633 4622//4622 4634//4634
f 4634//4634 4622//4622 4621//4621
f 4634//4634 4621//4621 4617//4617
f 4617//4617 4621//4621 4618//4618
f 4618//4618 4621//4621 4624//4624
f 4618//4618 4624//4624 4616//4616
f 4616//4616 4624//4624 4630//4630
f 4616//4616 4630//4630 4625//4625
f 4625//4625 4630//4630 4632//4632
f 4625//4625 4632//4632 4463//4463
f 4462//4462 4461//4461 4625//4625
f 4625//4625 4461//4461 4626//4626
f 4625//4625 4626//4626 4616//4616
f 4616//4616 4626//4626 4627//4627
f 4616//4616 4627//4627 4617//4617
f 4617//4617 4627//4627 4628//4628
f 4617//4617 4628//4628 4634//4634
f 4634//4634 4628//4628 4629//4629
f 4634//4634 4629//4629 4633//4633
f 4635//4635 4636//4636 4239//4239
f 4153//4153 4061//4061 4414//4414
f 4414//4414 4413//4413 4153//4153
f 4153//4153 4413//4413 4637//4637
f 4153//4153 4637//4637 4429//4429
f 4196//4196 4195//4195 4428//4428
f 4360//4360 4014//4014 4638//4638
f 4183//4183 4184//4184 4359//4359
f 4359//4359 4184//4184 4357//4357
f 4357//4357 4184//4184 4198//4198
f 4357//4357 4198//4198 4428//4428
f 4428//4428 4198//4198 4197//4197
f 4428//4428 4197//4197 4196//4196
f 4429//4429 4428//4428 4153//4153
f 4153//4153 4428//4428 4639//4639
f 4153//4153 4639//4639 4154//4154
f 4154//4154 4639//4639 4155//4155
f 4164//4164 4155//4155 4157//4157
f 4157//4157 4155//4155 4639//4639
f 4157//4157 4639//4639 4158//4158
f 4158//4158 4639//4639 4428//4428
f 4158//4158 4428//4428 4206//4206
f 4206//4206 4428//4428 4195//4195
f 4359//4359 4360//4360 4183//4183
f 4183//4183 4360//4360 4638//4638
f 4183//4183 4638//4638 4177//4177
f 4177//4177 4638//4638 4640//4640
f 4177//4177 4640//4640 4178//4178
f 4635//4635 4239//4239 4641//4641
f 4178//4178 4640//4640 4241//4241
f 4241//4241 4640//4640 4642//4642
f 4241//4241 4642//4642 4239//4239
f 4239//4239 4642//4642 4643//4643
f 4239//4239 4643//4643 4641//4641
f 4644//4644 4645//4645 4646//4646
f 4430//4430 4434//4434 4647//4647
f 4434//4434 4648//4648 4647//4647
f 4647//4647 4648//4648 4649//4649
f 4647//4647 4649//4649 4650//4650
f 4651//4651 4636//4636 4652//4652
f 4652//4652 4636//4636 4646//4646
f 4652//4652 4646//4646 4653//4653
f 4653//4653 4646//4646 4645//4645
f 4234//4234 4236//4236 4651//4651
f 4651//4651 4236//4236 4636//4636
f 4636//4636 4236//4236 4238//4238
f 4636//4636 4238//4238 4239//4239
f 4651//4651 4654//4654 4234//4234
f 4234//4234 4654//4654 4655//4655
f 4234//4234 4655//4655 4233//4233
f 4233//4233 4655//4655 4656//4656
f 4233//4233 4656//4656 4231//4231
f 4231//4231 4656//4656 4657//4657
f 4231//4231 4657//4657 4230//4230
f 4230//4230 4657//4657 4658//4658
f 4230//4230 4658//4658 4228//4228
f 4228//4228 4658//4658 4659//4659
f 4228//4228 4659//4659 4226//4226
f 4226//4226 4659//4659 4660//4660
f 4226//4226 4660//4660 4224//4224
f 4224//4224 4660//4660 4661//4661
f 4224//4224 4661//4661 4223//4223
f 4223//4223 4661//4661 4662//4662
f 4223//4223 4662//4662 4221//4221
f 4221//4221 4662//4662 4663//4663
f 4221//4221 4663//4663 4664//4664
f 4665//4665 4666//4666 4667//4667
f 4667//4667 4666//4666 4668//4668
f 4667//4667 4668//4668 4669//4669
f 4455//4455 4670//4670 4465//4465
f 4465//4465 4670//4670 4633//4633
f 4465//4465 4633//4633 4629//4629
f 4622//4622 4633//4633 4619//4619
f 4619//4619 4633//4633 4670//4670
f 4619//4619 4670//4670 4620//4620
f 4620//4620 4670//4670 4455//4455
f 4620//4620 4455//4455 4671//4671
f 4671//4671 4455//4455 4672//4672
f 4673//4673 4221//4221 4665//4665
f 4665//4665 4221//4221 4664//4664
f 4665//4665 4664//4664 4666//4666
f 4216//4216 4218//4218 4673//4673
f 4673//4673 4218//4218 4220//4220
f 4673//4673 4220//4220 4221//4221
f 4673//4673 4674//4674 4216//4216
f 4216//4216 4674//4674 4675//4675
f 4216//4216 4675//4675 4676//4676
f 4676//4676 4677//4677 4216//4216
f 4216//4216 4677//4677 4678//4678
f 4216//4216 4678//4678 4214//4214
f 4214//4214 4678//4678 4679//4679
f 4214//4214 4679//4679 4274//4274
f 4274//4274 4679//4679 4293//4293
f 4680//4680 4323//4323 4312//4312
f 4316//4316 4301//4301 4314//4314
f 4314//4314 4301//4301 4680//4680
f 4314//4314 4680//4680 4313//4313
f 4313//4313 4680//4680 4312//4312
f 4401//4401 4294//4294 4295//4295
f 4295//4295 4296//4296 4401//4401
f 4401//4401 4296//4296 4297//4297
f 4401//4401 4297//4297 4327//4327
f 4327//4327 4297//4297 4298//4298
f 4327//4327 4298//4298 4328//4328
f 4328//4328 4298//4298 4293//4293
f 4328//4328 4293//4293 3921//3921
f 3921//3921 4293//4293 4679//4679
f 4301//4301 4294//4294 4680//4680
f 4680//4680 4294//4294 4401//4401
f 4680//4680 4401//4401 4323//4323
f 4323//4323 4401//4401 4400//4400
f 4323//4323 4400//4400 4681//4681
f 4681//4681 4411//4411 4323//4323
f 4323//4323 4411//4411 4410//4410
f 4323//4323 4410//4410 4034//4034
f 4332//4332 3953//3953 4682//4682
f 4454//4454 3941//3941 4333//4333
f 4669//4669 4672//4672 4667//4667
f 4667//4667 4672//4672 4455//4455
f 4667//4667 4455//4455 4683//4683
f 4683//4683 4455//4455 4684//4684
f 4333//4333 4332//4332 4454//4454
f 4454//4454 4332//4332 4682//4682
f 4454//4454 4682//4682 4455//4455
f 4455//4455 4682//4682 4685//4685
f 4455//4455 4685//4685 4684//4684
f 4686//4686 4687//4687 4430//4430
f 4650//4650 4688//4688 4647//4647
f 4647//4647 4688//4688 4644//4644
f 4647//4647 4644//4644 4430//4430
f 4430//4430 4644//4644 4646//4646
f 4430//4430 4646//4646 4686//4686
f 4687//4687 4689//4689 4430//4430
f 4430//4430 4689//4689 4690//4690
f 4430//4430 4690//4690 4431//4431
f 4431//4431 4690//4690 4691//4691
f 4431//4431 4691//4691 3977//3977
f 3996//3996 4334//4334 4691//4691
f 4691//4691 4334//4334 4337//4337
f 4691//4691 4337//4337 3977//3977
f 4439//4439 4441//4441 4692//4692
f 4434//4434 4433//4433 4648//4648
f 4648//4648 4433//4433 4693//4693
f 4648//4648 4693//4693 4649//4649
f 4649//4649 4693//4693 4694//4694
f 4649//4649 4694//4694 4650//4650
f 4436//4436 4437//4437 4695//4695
f 4436//4436 4695//4695 4696//4696
f 4695//4695 4697//4697 4696//4696
f 4696//4696 4697//4697 4698//4698
f 4696//4696 4698//4698 4699//4699
f 4699//4699 4698//4698 4700//4700
f 4699//4699 4700//4700 4701//4701
f 4701//4701 4700//4700 4702//4702
f 4701//4701 4702//4702 4703//4703
f 4703//4703 4702//4702 4704//4704
f 4650//4650 4694//4694 4688//4688
f 4688//4688 4694//4694 4705//4705
f 4688//4688 4705//4705 4644//4644
f 4437//4437 4439//4439 4695//4695
f 4695//4695 4439//4439 4692//4692
f 4695//4695 4692//4692 4697//4697
f 4697//4697 4692//4692 4706//4706
f 4697//4697 4706//4706 4698//4698
f 4698//4698 4706//4706 4707//4707
f 4698//4698 4707//4707 4700//4700
f 4700//4700 4707//4707 4708//4708
f 4700//4700 4708//4708 4702//4702
f 4702//4702 4708//4708 4709//4709
f 4702//4702 4709//4709 4704//4704
f 4704//4704 4709//4709 4710//4710
f 4433//4433 4436//4436 4693//4693
f 4693//4693 4436//4436 4696//4696
f 4693//4693 4696//4696 4694//4694
f 4694//4694 4696//4696 4699//4699
f 4694//4694 4699//4699 4705//4705
f 4705//4705 4699//4699 4701//4701
f 4705//4705 4701//4701 4711//4711
f 4711//4711 4701//4701 4703//4703
f 4712//4712 4442//4442 4444//4444
f 4713//4713 4714//4714 4715//4715
f 4715//4715 4714//4714 4716//4716
f 4715//4715 4716//4716 4717//4717
f 4717//4717 4716//4716 4718//4718
f 4717//4717 4718//4718 4712//4712
f 4712//4712 4718//4718 4443//4443
f 4712//4712 4443//4443 4442//4442
f 4446//4446 4447//4447 4719//4719
f 4719//4719 4447//4447 4720//4720
f 4719//4719 4720//4720 4721//4721
f 4721//4721 4720//4720 4722//4722
f 4721//4721 4722//4722 4723//4723
f 4723//4723 4722//4722 4724//4724
f 4723//4723 4724//4724 4725//4725
f 4725//4725 4724//4724 4726//4726
f 4727//4727 4725//4725 4728//4728
f 4728//4728 4725//4725 4726//4726
f 4728//4728 4726//4726 4729//4729
f 4446//4446 4719//4719 4730//4730
f 4730//4730 4719//4719 4721//4721
f 4730//4730 4721//4721 4731//4731
f 4731//4731 4721//4721 4723//4723
f 4731//4731 4723//4723 4732//4732
f 4732//4732 4723//4723 4725//4725
f 4732//4732 4725//4725 4733//4733
f 4733//4733 4725//4725 4727//4727
f 4733//4733 4727//4727 4734//4734
f 4734//4734 4735//4735 4733//4733
f 4733//4733 4735//4735 4736//4736
f 4733//4733 4736//4736 4732//4732
f 4732//4732 4736//4736 4737//4737
f 4732//4732 4737//4737 4731//4731
f 4731//4731 4737//4737 4738//4738
f 4731//4731 4738//4738 4730//4730
f 4730//4730 4738//4738 4445//4445
f 4730//4730 4445//4445 4446//4446
f 4739//4739 4714//4714 4734//4734
f 4734//4734 4714//4714 4713//4713
f 4734//4734 4713//4713 4735//4735
f 4735//4735 4713//4713 4715//4715
f 4735//4735 4715//4715 4736//4736
f 4736//4736 4715//4715 4717//4717
f 4736//4736 4717//4717 4737//4737
f 4737//4737 4717//4717 4712//4712
f 4737//4737 4712//4712 4738//4738
f 4738//4738 4712//4712 4444//4444
f 4738//4738 4444//4444 4445//4445
f 4740//4740 4447//4447 3980//3980
f 4741//4741 4742//4742 4743//4743
f 4741//4741 4743//4743 4744//4744
f 4744//4744 4743//4743 4745//4745
f 4744//4744 4745//4745 4746//4746
f 4742//4742 4741//4741 3999//3999
f 3999//3999 4741//4741 4343//4343
f 3999//3999 4343//4343 4336//4336
f 4720//4720 4447//4447 4722//4722
f 4722//4722 4447//4447 4740//4740
f 4722//4722 4740//4740 4724//4724
f 4343//4343 4341//4341 4336//4336
f 4336//4336 4341//4341 4339//4339
f 4336//4336 4339//4339 3980//3980
f 3980//3980 4339//4339 4729//4729
f 3980//3980 4729//4729 4740//4740
f 4740//4740 4729//4729 4726//4726
f 4740//4740 4726//4726 4724//4724
f 4745//4745 4747//4747 4746//4746
f 4746//4746 4747//4747 4019//4019
f 4746//4746 4019//4019 4748//4748
f 4748//4748 4019//4019 4361//4361
f 4748//4748 4361//4361 4749//4749
f 4749//4749 4361//4361 4362//4362
f 4749//4749 4362//4362 4750//4750
f 4750//4750 4362//4362 4751//4751
f 4752//4752 4753//4753 4754//4754
f 4755//4755 4756//4756 4757//4757
f 4757//4757 4756//4756 4758//4758
f 4757//4757 4758//4758 4759//4759
f 4759//4759 4758//4758 4749//4749
f 4759//4759 4749//4749 4750//4750
f 4760//4760 4752//4752 4755//4755
f 4755//4755 4752//4752 4754//4754
f 4755//4755 4754//4754 4756//4756
f 4377//4377 4761//4761 4386//4386
f 4386//4386 4761//4761 4762//4762
f 4386//4386 4762//4762 4387//4387
f 4763//4763 4764//4764 4765//4765
f 4766//4766 4767//4767 4366//4366
f 4366//4366 4767//4767 4768//4768
f 4366//4366 4768//4768 4055//4055
f 4055//4055 4768//4768 4769//4769
f 4055//4055 4769//4769 4419//4419
f 4764//4764 4766//4766 4765//4765
f 4765//4765 4766//4766 4366//4366
f 4765//4765 4366//4366 4770//4770
f 4770//4770 4366//4366 4387//4387
f 4770//4770 4387//4387 4771//4771
f 4771//4771 4387//4387 4762//4762
f 4772//4772 4751//4751 4773//4773
f 4773//4773 4751//4751 4362//4362
f 4773//4773 4362//4362 4774//4774
f 4774//4774 4362//4362 4423//4423
f 4774//4774 4423//4423 4422//4422
f 4772//4772 4775//4775 4751//4751
f 4751//4751 4775//4775 4776//4776
f 4751//4751 4776//4776 4777//4777
f 4776//4776 4778//4778 4777//4777
f 4777//4777 4778//4778 4779//4779
f 4777//4777 4779//4779 4780//4780
f 4780//4780 4779//4779 4781//4781
f 4780//4780 4781//4781 4765//4765
f 4765//4765 4781//4781 4782//4782
f 4765//4765 4782//4782 4763//4763
f 4376//4376 4375//4375 4783//4783
f 4376//4376 4783//4783 4784//4784
f 4784//4784 4783//4783 4785//4785
f 4784//4784 4785//4785 4786//4786
f 4786//4786 4785//4785 4787//4787
f 4786//4786 4787//4787 4788//4788
f 4788//4788 4787//4787 4789//4789
f 4788//4788 4789//4789 4790//4790
f 4790//4790 4789//4789 4791//4791
f 4790//4790 4791//4791 4792//4792
f 4793//4793 4794//4794 4795//4795
f 4795//4795 4796//4796 4793//4793
f 4793//4793 4796//4796 4797//4797
f 4793//4793 4797//4797 4798//4798
f 4798//4798 4797//4797 4799//4799
f 4799//4799 4797//4797 4800//4800
f 4799//4799 4800//4800 4801//4801
f 4801//4801 4800//4800 4802//4802
f 4801//4801 4802//4802 4803//4803
f 4803//4803 4802//4802 4373//4373
f 4803//4803 4373//4373 4372//4372
f 4375//4375 4374//4374 4783//4783
f 4783//4783 4374//4374 4804//4804
f 4783//4783 4804//4804 4785//4785
f 4785//4785 4804//4804 4805//4805
f 4785//4785 4805//4805 4787//4787
f 4787//4787 4805//4805 4806//4806
f 4787//4787 4806//4806 4789//4789
f 4789//4789 4806//4806 4807//4807
f 4789//4789 4807//4807 4791//4791
f 4791//4791 4807//4807 4808//4808
f 4374//4374 4373//4373 4804//4804
f 4804//4804 4373//4373 4802//4802
f 4804//4804 4802//4802 4805//4805
f 4805//4805 4802//4802 4800//4800
f 4805//4805 4800//4800 4806//4806
f 4806//4806 4800//4800 4797//4797
f 4806//4806 4797//4797 4807//4807
f 4807//4807 4797//4797 4796//4796
f 4807//4807 4796//4796 4808//4808
f 4808//4808 4796//4796 4795//4795
f 4074//4074 4072//4072 4376//4376
f 4074//4074 4376//4376 4075//4075
f 4792//4792 4809//4809 4388//4388
f 4786//4786 4788//4788 4784//4784
f 4784//4784 4788//4788 4790//4790
f 4784//4784 4790//4790 4376//4376
f 4376//4376 4790//4790 4792//4792
f 4376//4376 4792//4792 4075//4075
f 4075//4075 4792//4792 4388//4388
f 4810//4810 4391//4391 4811//4811
f 4388//4388 4812//4812 4813//4813
f 4814//4814 4809//4809 4815//4815
f 4815//4815 4809//4809 4816//4816
f 4815//4815 4816//4816 4817//4817
f 4817//4817 4816//4816 4818//4818
f 4818//4818 4816//4816 4819//4819
f 4818//4818 4819//4819 4811//4811
f 4811//4811 4819//4819 4820//4820
f 4811//4811 4820//4820 4810//4810
f 4388//4388 4813//4813 4370//4370
f 4370//4370 4813//4813 4821//4821
f 4370//4370 4821//4821 4822//4822
f 4814//4814 4823//4823 4809//4809
f 4809//4809 4823//4823 4824//4824
f 4809//4809 4824//4824 4388//4388
f 4388//4388 4824//4824 4825//4825
f 4388//4388 4825//4825 4812//4812
f 4371//4371 4370//4370 4384//4384
f 4384//4384 4370//4370 4822//4822
f 4384//4384 4822//4822 4385//4385
f 4385//4385 4822//4822 4811//4811
f 4385//4385 4811//4811 4390//4390
f 4390//4390 4811//4811 4391//4391
f 4761//4761 4377//4377 4826//4826
f 4826//4826 4377//4377 4396//4396
f 4826//4826 4396//4396 4827//4827
f 4827//4827 4396//4396 4395//4395
f 4816//4816 4828//4828 4829//4829
f 4816//4816 4829//4829 4819//4819
f 4819//4819 4829//4829 4830//4830
f 4819//4819 4830//4830 4820//4820
f 4820//4820 4830//4830 4831//4831
f 4820//4820 4831//4831 4810//4810
f 4810//4810 4831//4831 4397//4397
f 4810//4810 4397//4397 4391//4391
f 4395//4395 4394//4394 4832//4832
f 4832//4832 4394//4394 4833//4833
f 4832//4832 4833//4833 4834//4834
f 4834//4834 4833//4833 4835//4835
f 4835//4835 4833//4833 4836//4836
f 4835//4835 4836//4836 4837//4837
f 4837//4837 4836//4836 4838//4838
f 4837//4837 4838//4838 4839//4839
f 4839//4839 4838//4838 4840//4840
f 4839//4839 4840//4840 4841//4841
f 4828//4828 4842//4842 4829//4829
f 4829//4829 4842//4842 4843//4843
f 4829//4829 4843//4843 4830//4830
f 4830//4830 4843//4843 4844//4844
f 4830//4830 4844//4844 4831//4831
f 4831//4831 4844//4844 4845//4845
f 4831//4831 4845//4845 4397//4397
f 4397//4397 4845//4845 4398//4398
f 4842//4842 4840//4840 4843//4843
f 4843//4843 4840//4840 4838//4838
f 4843//4843 4838//4838 4844//4844
f 4844//4844 4838//4838 4836//4836
f 4844//4844 4836//4836 4845//4845
f 4845//4845 4836//4836 4833//4833
f 4845//4845 4833//4833 4398//4398
f 4398//4398 4833//4833 4394//4394
f 4581//4581 4580//4580 4846//4846
f 4847//4847 4848//4848 4849//4849
f 4849//4849 4848//4848 4850//4850
f 4849//4849 4850//4850 4851//4851
f 3962//3962 3963//3963 4852//4852
f 4852//4852 3963//3963 4851//4851
f 4852//4852 4851//4851 4853//4853
f 4853//4853 4851//4851 4850//4850
f 4854//4854 4855//4855 4856//4856
f 4856//4856 4855//4855 4857//4857
f 4857//4857 4855//4855 4858//4858
f 4857//4857 4858//4858 4859//4859
f 4859//4859 4858//4858 4860//4860
f 4859//4859 4860//4860 3964//3964
f 3908//3908 3907//3907 4861//4861
f 4846//4846 4580//4580 4862//4862
f 4862//4862 4580//4580 4578//4578
f 4862//4862 4578//4578 4863//4863
f 4859//4859 4582//4582 4857//4857
f 4857//4857 4582//4582 4581//4581
f 4857//4857 4581//4581 4856//4856
f 4856//4856 4581//4581 4846//4846
f 4856//4856 4846//4846 4854//4854
f 4854//4854 4846//4846 4862//4862
f 4854//4854 4862//4862 4864//4864
f 4864//4864 4862//4862 4863//4863
f 4864//4864 4863//4863 4861//4861
f 4861//4861 4863//4863 4578//4578
f 4861//4861 4578//4578 3908//3908
f 4865//4865 4866//4866 4867//4867
f 4867//4867 4866//4866 4868//4868
f 4867//4867 4868//4868 4869//4869
f 4869//4869 4868//4868 4870//4870
f 4869//4869 4870//4870 4871//4871
f 4871//4871 4870//4870 4872//4872
f 4871//4871 4872//4872 4847//4847
f 4847//4847 4872//4872 4873//4873
f 4847//4847 4873//4873 4848//4848
f 3907//3907 3917//3917 4861//4861
f 4861//4861 3917//3917 3920//3920
f 4861//4861 3920//3920 4864//4864
f 4864//4864 3920//3920 3919//3919
f 4864//4864 3919//3919 4874//4874
f 4874//4874 3919//3919 3918//3918
f 4874//4874 3918//3918 4875//4875
f 4875//4875 3918//3918 3913//3913
f 3964//3964 3952//3952 4859//4859
f 4859//4859 3952//3952 3951//3951
f 4859//4859 3951//3951 4582//4582
f 4582//4582 3951//3951 3949//3949
f 4582//4582 3949//3949 3948//3948
f 4875//4875 4865//4865 4874//4874
f 4874//4874 4865//4865 4867//4867
f 4874//4874 4867//4867 4864//4864
f 4864//4864 4867//4867 4869//4869
f 4864//4864 4869//4869 4854//4854
f 4854//4854 4869//4869 4871//4871
f 4854//4854 4871//4871 4855//4855
f 4855//4855 4871//4871 4847//4847
f 4855//4855 4847//4847 4858//4858
f 4858//4858 4847//4847 4849//4849
f 4858//4858 4849//4849 4860//4860
f 4860//4860 4849//4849 4851//4851
f 4860//4860 4851//4851 3964//3964
f 3964//3964 4851//4851 3963//3963
f 4876//4876 4877//4877 4878//4878
f 4879//4879 4880//4880 4881//4881
f 3924//3924 3925//3925 4882//4882
f 4882//4882 3925//3925 3914//3914
f 4883//4883 4884//4884 4885//4885
f 4885//4885 4884//4884 4886//4886
f 4885//4885 4886//4886 4887//4887
f 4887//4887 4886//4886 4888//4888
f 4888//4888 4886//4886 4889//4889
f 4888//4888 4889//4889 4890//4890
f 3922//3922 3923//3923 4891//4891
f 4891//4891 3923//3923 4892//4892
f 4891//4891 4892//4892 4890//4890
f 4893//4893 4894//4894 4895//4895
f 4895//4895 4894//4894 4896//4896
f 4895//4895 4896//4896 4897//4897
f 4880//4880 4897//4897 4881//4881
f 4881//4881 4897//4897 4896//4896
f 4881//4881 4896//4896 4898//4898
f 4898//4898 4896//4896 4894//4894
f 4898//4898 4894//4894 4899//4899
f 4899//4899 4894//4894 4900//4900
f 4900//4900 4894//4894 4893//4893
f 4900//4900 4893//4893 4901//4901
f 4901//4901 4893//4893 4902//4902
f 4901//4901 4902//4902 4903//4903
f 4903//4903 4902//4902 4904//4904
f 4903//4903 4904//4904 4905//4905
f 4906//4906 4907//4907 4908//4908
f 4908//4908 4907//4907 4882//4882
f 4908//4908 4882//4882 4909//4909
f 4909//4909 4882//4882 3914//3914
f 4909//4909 3914//3914 3921//3921
f 4910//4910 3955//3955 3957//3957
f 4911//4911 4912//4912 4913//4913
f 4914//4914 4910//4910 4915//4915
f 4916//4916 4917//4917 4918//4918
f 4918//4918 4917//4917 4919//4919
f 4918//4918 4919//4919 4920//4920
f 4920//4920 4919//4919 4921//4921
f 4913//4913 4912//4912 4916//4916
f 4912//4912 4922//4922 4916//4916
f 4916//4916 4922//4922 4923//4923
f 4916//4916 4923//4923 4917//4917
f 4917//4917 4923//4923 4924//4924
f 4917//4917 4924//4924 4919//4919
f 4919//4919 4924//4924 4879//4879
f 4919//4919 4879//4879 4921//4921
f 4921//4921 4879//4879 4881//4881
f 4925//4925 3959//3959 4878//4878
f 4878//4878 3959//3959 3943//3943
f 4878//4878 3943//3943 4876//4876
f 4876//4876 3943//3943 3942//3942
f 4926//4926 4927//4927 4928//4928
f 4928//4928 4927//4927 4929//4929
f 4930//4930 4926//4926 4931//4931
f 4931//4931 4926//4926 4928//4928
f 4931//4931 4928//4928 4932//4932
f 4910//4910 3957//3957 4915//4915
f 4915//4915 3957//3957 3961//3961
f 4915//4915 3961//3961 3960//3960
f 4913//4913 4914//4914 4911//4911
f 4911//4911 4914//4914 4915//4915
f 4911//4911 4915//4915 4925//4925
f 4925//4925 4915//4915 3960//3960
f 4925//4925 3960//3960 3959//3959
f 4927//4927 4933//4933 4929//4929
f 4929//4929 4933//4933 4934//4934
f 4929//4929 4934//4934 4935//4935
f 4935//4935 4934//4934 4936//4936
f 4935//4935 4936//4936 4937//4937
f 4937//4937 4936//4936 4938//4938
f 4937//4937 4938//4938 4939//4939
f 4939//4939 4938//4938 4940//4940
f 4938//4938 4941//4941 4940//4940
f 4940//4940 4941//4941 4942//4942
f 4940//4940 4942//4942 4943//4943
f 4943//4943 4942//4942 4944//4944
f 4943//4943 4944//4944 4883//4883
f 4883//4883 4944//4944 4945//4945
f 4883//4883 4945//4945 4884//4884
f 4906//4906 4946//4946 4947//4947
f 4947//4947 4946//4946 4948//4948
f 4947//4947 4948//4948 4949//4949
f 4949//4949 4948//4948 4950//4950
f 4949//4949 4950//4950 4951//4951
f 4951//4951 4950//4950 4952//4952
f 4951//4951 4952//4952 4953//4953
f 4953//4953 4952//4952 4954//4954
f 4953//4953 4954//4954 4955//4955
f 4955//4955 4954//4954 4956//4956
f 4955//4955 4956//4956 4957//4957
f 4957//4957 4956//4956 4958//4958
f 4957//4957 4958//4958 4959//4959
f 4959//4959 4958//4958 4960//4960
f 4959//4959 4960//4960 4961//4961
f 4961//4961 4960//4960 4962//4962
f 4961//4961 4962//4962 4963//4963
f 4963//4963 4962//4962 4964//4964
f 4963//4963 4964//4964 4965//4965
f 4965//4965 4964//4964 4932//4932
f 4932//4932 4928//4928 4965//4965
f 4965//4965 4928//4928 4929//4929
f 4965//4965 4929//4929 4963//4963
f 4963//4963 4929//4929 4935//4935
f 4963//4963 4935//4935 4961//4961
f 4961//4961 4935//4935 4937//4937
f 4961//4961 4937//4937 4959//4959
f 4959//4959 4937//4937 4939//4939
f 4959//4959 4939//4939 4957//4957
f 4957//4957 4939//4939 4940//4940
f 4957//4957 4940//4940 4955//4955
f 4955//4955 4940//4940 4943//4943
f 4955//4955 4943//4943 4953//4953
f 4953//4953 4943//4943 4883//4883
f 4953//4953 4883//4883 4951//4951
f 4951//4951 4883//4883 4885//4885
f 4951//4951 4885//4885 4949//4949
f 4949//4949 4885//4885 4887//4887
f 4949//4949 4887//4887 4947//4947
f 4947//4947 4887//4887 4888//4888
f 4947//4947 4888//4888 4906//4906
f 4906//4906 4888//4888 4890//4890
f 4906//4906 4890//4890 4907//4907
f 4907//4907 4890//4890 4892//4892
f 4907//4907 4892//4892 4882//4882
f 4882//4882 4892//4892 3923//3923
f 4882//4882 3923//3923 3924//3924
f 4905//4905 4679//4679 4903//4903
f 4903//4903 4679//4679 4678//4678
f 4903//4903 4678//4678 4901//4901
f 4901//4901 4678//4678 4677//4677
f 4901//4901 4677//4677 4900//4900
f 4900//4900 4677//4677 4676//4676
f 4900//4900 4676//4676 4899//4899
f 4899//4899 4676//4676 4675//4675
f 4899//4899 4675//4675 4898//4898
f 4898//4898 4675//4675 4674//4674
f 4898//4898 4674//4674 4881//4881
f 4881//4881 4674//4674 4673//4673
f 4881//4881 4673//4673 4921//4921
f 4921//4921 4673//4673 4665//4665
f 4921//4921 4665//4665 4920//4920
f 4920//4920 4665//4665 4667//4667
f 4920//4920 4667//4667 4918//4918
f 4918//4918 4667//4667 4683//4683
f 4918//4918 4683//4683 4916//4916
f 4916//4916 4683//4683 4684//4684
f 4916//4916 4684//4684 4913//4913
f 4913//4913 4684//4684 4685//4685
f 4913//4913 4685//4685 4914//4914
f 4914//4914 4685//4685 4682//4682
f 4914//4914 4682//4682 4910//4910
f 4910//4910 4682//4682 3953//3953
f 4910//4910 3953//3953 3955//3955
f 4877//4877 4930//4930 4878//4878
f 4878//4878 4930//4930 4931//4931
f 4878//4878 4931//4931 4925//4925
f 4925//4925 4931//4931 4932//4932
f 4925//4925 4932//4932 4911//4911
f 4911//4911 4932//4932 4964//4964
f 4911//4911 4964//4964 4912//4912
f 4912//4912 4964//4964 4962//4962
f 4912//4912 4962//4962 4922//4922
f 4922//4922 4962//4962 4960//4960
f 4922//4922 4960//4960 4923//4923
f 4923//4923 4960//4960 4958//4958
f 4923//4923 4958//4958 4924//4924
f 4924//4924 4958//4958 4956//4956
f 4924//4924 4956//4956 4879//4879
f 4879//4879 4956//4956 4954//4954
f 4879//4879 4954//4954 4880//4880
f 4880//4880 4954//4954 4952//4952
f 4880//4880 4952//4952 4897//4897
f 4897//4897 4952//4952 4950//4950
f 4897//4897 4950//4950 4895//4895
f 4895//4895 4950//4950 4948//4948
f 4895//4895 4948//4948 4893//4893
f 4893//4893 4948//4948 4946//4946
f 4893//4893 4946//4946 4902//4902
f 4902//4902 4946//4946 4906//4906
f 4902//4902 4906//4906 4904//4904
f 4904//4904 4906//4906 4908//4908
f 4904//4904 4908//4908 4905//4905
f 4905//4905 4908//4908 4909//4909
f 4905//4905 4909//4909 4679//4679
f 4679//4679 4909//4909 3921//3921
f 4966//4966 4967//4967 4968//4968
f 4968//4968 4967//4967 4969//4969
f 4968//4968 4969//4969 4970//4970
f 4971//4971 4972//4972 4973//4973
f 4973//4973 4972//4972 4974//4974
f 4973//4973 4974//4974 4975//4975
f 4975//4975 4974//4974 4976//4976
f 4975//4975 4976//4976 4016//4016
f 4016//4016 4976//4976 4977//4977
f 4016//4016 4977//4977 4008//4008
f 4978//4978 4017//4017 4018//4018
f 4979//4979 4980//4980 4981//4981
f 4981//4981 4980//4980 4978//4978
f 4981//4981 4978//4978 4982//4982
f 4982//4982 4978//4978 4018//4018
f 4743//4743 4742//4742 4983//4983
f 4983//4983 4742//4742 4984//4984
f 4983//4983 4984//4984 4985//4985
f 4745//4745 4743//4743 4986//4986
f 4986//4986 4743//4743 4983//4983
f 4986//4986 4983//4983 4987//4987
f 4987//4987 4983//4983 4985//4985
f 4987//4987 4985//4985 4988//4988
f 3993//3993 3987//3987 4989//4989
f 4989//4989 3987//3987 4990//4990
f 4989//4989 4990//4990 4991//4991
f 3999//3999 3990//3990 4992//4992
f 4992//4992 3990//3990 3989//3989
f 4992//4992 3989//3989 4993//4993
f 4993//4993 3989//3989 3995//3995
f 4993//4993 3995//3995 4989//4989
f 4989//4989 3995//3995 3994//3994
f 4989//4989 3994//3994 3993//3993
f 4994//4994 4966//4966 4995//4995
f 4995//4995 4966//4966 4968//4968
f 4995//4995 4968//4968 4980//4980
f 4980//4980 4968//4968 4970//4970
f 4980//4980 4970//4970 4978//4978
f 4991//4991 4988//4988 4989//4989
f 4989//4989 4988//4988 4985//4985
f 4989//4989 4985//4985 4993//4993
f 4993//4993 4985//4985 4984//4984
f 4993//4993 4984//4984 4992//4992
f 4992//4992 4984//4984 4742//4742
f 4992//4992 4742//4742 3999//3999
f 4016//4016 4017//4017 4975//4975
f 4975//4975 4017//4017 4978//4978
f 4975//4975 4978//4978 4973//4973
f 4973//4973 4978//4978 4970//4970
f 4973//4973 4970//4970 4971//4971
f 4971//4971 4970//4970 4969//4969
f 4991//4991 4994//4994 4988//4988
f 4988//4988 4994//4994 4995//4995
f 4988//4988 4995//4995 4987//4987
f 4987//4987 4995//4995 4980//4980
f 4987//4987 4980//4980 4986//4986
f 4986//4986 4980//4980 4979//4979
f 4986//4986 4979//4979 4745//4745
f 4745//4745 4979//4979 4981//4981
f 4745//4745 4981//4981 4747//4747
f 4747//4747 4981//4981 4982//4982
f 4747//4747 4982//4982 4019//4019
f 4019//4019 4982//4982 4018//4018
f 3981//3981 3996//3996 4691//4691
f 4996//4996 4997//4997 4998//4998
f 4999//4999 5000//5000 5001//5001
f 5001//5001 5000//5000 5002//5002
f 5003//5003 4012//4012 4010//4010
f 3991//3991 3982//3982 5004//5004
f 5005//5005 4000//4000 4001//4001
f 5006//5006 5007//5007 5008//5008
f 5008//5008 5007//5007 5009//5009
f 5008//5008 5009//5009 5010//5010
f 5010//5010 5009//5009 5011//5011
f 5012//5012 5013//5013 5014//5014
f 5005//5005 4001//4001 5015//5015
f 5015//5015 4001//4001 5016//5016
f 5015//5015 5016//5016 5006//5006
f 5006//5006 5016//5016 5017//5017
f 5006//5006 5017//5017 5007//5007
f 5018//5018 5019//5019 5020//5020
f 5020//5020 5019//5019 5021//5021
f 5020//5020 5021//5021 5022//5022
f 5022//5022 5021//5021 5023//5023
f 5024//5024 5025//5025 5018//5018
f 5018//5018 5025//5025 5026//5026
f 5018//5018 5026//5026 5019//5019
f 5019//5019 5026//5026 5027//5027
f 5019//5019 5027//5027 5021//5021
f 5021//5021 5027//5027 5028//5028
f 5021//5021 5028//5028 5023//5023
f 5028//5028 5029//5029 5030//5030
f 5030//5030 5029//5029 5031//5031
f 4689//4689 5030//5030 4690//4690
f 4690//4690 5030//5030 5031//5031
f 4690//4690 5031//5031 4691//4691
f 4640//4640 4638//4638 5003//5003
f 5003//5003 4638//4638 4014//4014
f 5003//5003 4014//4014 4012//4012
f 5002//5002 5032//5032 5033//5033
f 5033//5033 5032//5032 5034//5034
f 5033//5033 5034//5034 5035//5035
f 5035//5035 5034//5034 5036//5036
f 5018//5018 5036//5036 5024//5024
f 5024//5024 5036//5036 5034//5034
f 5024//5024 5034//5034 5037//5037
f 5037//5037 5034//5034 5032//5032
f 5037//5037 5032//5032 5038//5038
f 5038//5038 5032//5032 5002//5002
f 5038//5038 5002//5002 5039//5039
f 5039//5039 5002//5002 5000//5000
f 4005//4005 5040//5040 5041//5041
f 5041//5041 5040//5040 5042//5042
f 5041//5041 5042//5042 5043//5043
f 5043//5043 5042//5042 4999//4999
f 5043//5043 4999//4999 5044//5044
f 5044//5044 4999//4999 5001//5001
f 5044//5044 5045//5045 5043//5043
f 5043//5043 5045//5045 5046//5046
f 5043//5043 5046//5046 5041//5041
f 5041//5041 5046//5046 4006//4006
f 5041//5041 4006//4006 4005//4005
f 4996//4996 4998//4998 5047//5047
f 5047//5047 4998//4998 5048//5048
f 5047//5047 5048//5048 5049//5049
f 5048//5048 5050//5050 5049//5049
f 5049//5049 5050//5050 5051//5051
f 5049//5049 5051//5051 5052//5052
f 5052//5052 5051//5051 5053//5053
f 5052//5052 5053//5053 5054//5054
f 5054//5054 5053//5053 5055//5055
f 5054//5054 5055//5055 5056//5056
f 5056//5056 5055//5055 5057//5057
f 5056//5056 5057//5057 5058//5058
f 5058//5058 5057//5057 5059//5059
f 5058//5058 5059//5059 5060//5060
f 5060//5060 5059//5059 5061//5061
f 5060//5060 5061//5061 5011//5011
f 5011//5011 5061//5061 5062//5062
f 5011//5011 5062//5062 5010//5010
f 5012//5012 5063//5063 5064//5064
f 5064//5064 5063//5063 5065//5065
f 5064//5064 5065//5065 5066//5066
f 5066//5066 5065//5065 5067//5067
f 5066//5066 5067//5067 5068//5068
f 5068//5068 5067//5067 5069//5069
f 5068//5068 5069//5069 5070//5070
f 5070//5070 5069//5069 5071//5071
f 5070//5070 5071//5071 5072//5072
f 5072//5072 5071//5071 5073//5073
f 5072//5072 5073//5073 5074//5074
f 5074//5074 5073//5073 5075//5075
f 5074//5074 5075//5075 5076//5076
f 5076//5076 5075//5075 5077//5077
f 5076//5076 5077//5077 5078//5078
f 5078//5078 5077//5077 5079//5079
f 5078//5078 5079//5079 5080//5080
f 5080//5080 5079//5079 5081//5081
f 5080//5080 5081//5081 5082//5082
f 5082//5082 5081//5081 5083//5083
f 5029//5029 5084//5084 5031//5031
f 5031//5031 5084//5084 5004//5004
f 5031//5031 5004//5004 4691//4691
f 4691//4691 5004//5004 3982//3982
f 4691//4691 3982//3982 3981//3981
f 4997//4997 4996//4996 5083//5083
f 5083//5083 4996//4996 5047//5047
f 5083//5083 5047//5047 5082//5082
f 5082//5082 5047//5047 5049//5049
f 5082//5082 5049//5049 5080//5080
f 5080//5080 5049//5049 5052//5052
f 5080//5080 5052//5052 5078//5078
f 5078//5078 5052//5052 5054//5054
f 5078//5078 5054//5054 5076//5076
f 5076//5076 5054//5054 5056//5056
f 5076//5076 5056//5056 5074//5074
f 5074//5074 5056//5056 5058//5058
f 5074//5074 5058//5058 5072//5072
f 5072//5072 5058//5058 5060//5060
f 5072//5072 5060//5060 5070//5070
f 5070//5070 5060//5060 5011//5011
f 5070//5070 5011//5011 5068//5068
f 5068//5068 5011//5011 5009//5009
f 5068//5068 5009//5009 5066//5066
f 5066//5066 5009//5009 5007//5007
f 5066//5066 5007//5007 5064//5064
f 5064//5064 5007//5007 5017//5017
f 5064//5064 5017//5017 5012//5012
f 5012//5012 5017//5017 5016//5016
f 5012//5012 5016//5016 5013//5013
f 5013//5013 5016//5016 4001//4001
f 5013//5013 4001//4001 5014//5014
f 5014//5014 4001//4001 4002//4002
f 5014//5014 4002//4002 4003//4003
f 5028//5028 5030//5030 5023//5023
f 5023//5023 5030//5030 4689//4689
f 5023//5023 4689//4689 5022//5022
f 5022//5022 4689//4689 4687//4687
f 5022//5022 4687//4687 5020//5020
f 5020//5020 4687//4687 4686//4686
f 5020//5020 4686//4686 5018//5018
f 5018//5018 4686//4686 4646//4646
f 5018//5018 4646//4646 5036//5036
f 5036//5036 4646//4646 4636//4636
f 5036//5036 4636//4636 5035//5035
f 5035//5035 4636//4636 4635//4635
f 5035//5035 4635//4635 5033//5033
f 5033//5033 4635//4635 4641//4641
f 5033//5033 4641//4641 5002//5002
f 5002//5002 4641//4641 4643//4643
f 5002//5002 4643//4643 5001//5001
f 5001//5001 4643//4643 4642//4642
f 5001//5001 4642//4642 5044//5044
f 5044//5044 4642//4642 4640//4640
f 5044//5044 4640//4640 5045//5045
f 5045//5045 4640//4640 5003//5003
f 5045//5045 5003//5003 5046//5046
f 5046//5046 5003//5003 4010//4010
f 5046//5046 4010//4010 4006//4006
f 5040//5040 4997//4997 5042//5042
f 5042//5042 4997//4997 5083//5083
f 5042//5042 5083//5083 4999//4999
f 4999//4999 5083//5083 5081//5081
f 4999//4999 5081//5081 5000//5000
f 5000//5000 5081//5081 5079//5079
f 5000//5000 5079//5079 5039//5039
f 5039//5039 5079//5079 5077//5077
f 5039//5039 5077//5077 5038//5038
f 5038//5038 5077//5077 5075//5075
f 5038//5038 5075//5075 5037//5037
f 5037//5037 5075//5075 5073//5073
f 5037//5037 5073//5073 5024//5024
f 5024//5024 5073//5073 5071//5071
f 5024//5024 5071//5071 5025//5025
f 5025//5025 5071//5071 5069//5069
f 5025//5025 5069//5069 5026//5026
f 5026//5026 5069//5069 5067//5067
f 5026//5026 5067//5067 5027//5027
f 5027//5027 5067//5067 5065//5065
f 5027//5027 5065//5065 5028//5028
f 5028//5028 5065//5065 5063//5063
f 5028//5028 5063//5063 5029//5029
f 5029//5029 5063//5063 5012//5012
f 5029//5029 5012//5012 5084//5084
f 5084//5084 5012//5012 5014//5014
f 5084//5084 5014//5014 5004//5004
f 5004//5004 5014//5014 4003//4003
f 5004//5004 4003//4003 3991//3991
f 5085//5085 4404//4404 4553//4553
f 5086//5086 5087//5087 5088//5088
f 5089//5089 5090//5090 5091//5091
f 5091//5091 5090//5090 5092//5092
f 5091//5091 5092//5092 5093//5093
f 5093//5093 5092//5092 5094//5094
f 5094//5094 5092//5092 5095//5095
f 5094//5094 5095//5095 5096//5096
f 5097//5097 5098//5098 5099//5099
f 5099//5099 5098//5098 5100//5100
f 5099//5099 5100//5100 5095//5095
f 5095//5095 5100//5100 5101//5101
f 5095//5095 5101//5101 5096//5096
f 5102//5102 5103//5103 5104//5104
f 5104//5104 5103//5103 5105//5105
f 5104//5104 5105//5105 5097//5097
f 5097//5097 5105//5105 5106//5106
f 5097//5097 5106//5106 5098//5098
f 5107//5107 5108//5108 5109//5109
f 5109//5109 5108//5108 5110//5110
f 5109//5109 5110//5110 5102//5102
f 5102//5102 5110//5110 5111//5111
f 5102//5102 5111//5111 5103//5103
f 5112//5112 5113//5113 5114//5114
f 5114//5114 5113//5113 5115//5115
f 5114//5114 5115//5115 5116//5116
f 5116//5116 5115//5115 5117//5117
f 5116//5116 5117//5117 5118//5118
f 5118//5118 5117//5117 5119//5119
f 5118//5118 5119//5119 5107//5107
f 5107//5107 5119//5119 5120//5120
f 5107//5107 5120//5120 5108//5108
f 5121//5121 5122//5122 5123//5123
f 5123//5123 5122//5122 5124//5124
f 5123//5123 5124//5124 5125//5125
f 5125//5125 5124//5124 5126//5126
f 5125//5125 5126//5126 5112//5112
f 5112//5112 5126//5126 5127//5127
f 5112//5112 5127//5127 5113//5113
f 5090//5090 5128//5128 5129//5129
f 5090//5090 5129//5129 5092//5092
f 5092//5092 5129//5129 5130//5130
f 5092//5092 5130//5130 5095//5095
f 5095//5095 5130//5130 5131//5131
f 5095//5095 5131//5131 5099//5099
f 5099//5099 5131//5131 5132//5132
f 5099//5099 5132//5132 5097//5097
f 5097//5097 5132//5132 5133//5133
f 5097//5097 5133//5133 5104//5104
f 5104//5104 5133//5133 5134//5134
f 5104//5104 5134//5134 5102//5102
f 5102//5102 5134//5134 5135//5135
f 5102//5102 5135//5135 5109//5109
f 5109//5109 5135//5135 5136//5136
f 5109//5109 5136//5136 5107//5107
f 5107//5107 5136//5136 5137//5137
f 5107//5107 5137//5137 5118//5118
f 5118//5118 5137//5137 5138//5138
f 5118//5118 5138//5138 5116//5116
f 5116//5116 5138//5138 5139//5139
f 5116//5116 5139//5139 5114//5114
f 5114//5114 5139//5139 5140//5140
f 5114//5114 5140//5140 5112//5112
f 5112//5112 5140//5140 5141//5141
f 5112//5112 5141//5141 5125//5125
f 5125//5125 5141//5141 5142//5142
f 5125//5125 5142//5142 5123//5123
f 5123//5123 5142//5142 5143//5143
f 5123//5123 5143//5143 5121//5121
f 5128//5128 5144//5144 5145//5145
f 5128//5128 5145//5145 5129//5129
f 5129//5129 5145//5145 5146//5146
f 5129//5129 5146//5146 5130//5130
f 5130//5130 5146//5146 5147//5147
f 5130//5130 5147//5147 5131//5131
f 5131//5131 5147//5147 5148//5148
f 5131//5131 5148//5148 5132//5132
f 5132//5132 5148//5148 5149//5149
f 5132//5132 5149//5149 5133//5133
f 5133//5133 5149//5149 5150//5150
f 5133//5133 5150//5150 5134//5134
f 5134//5134 5150//5150 5151//5151
f 5134//5134 5151//5151 5135//5135
f 5135//5135 5151//5151 5152//5152
f 5135//5135 5152//5152 5136//5136
f 5136//5136 5152//5152 5153//5153
f 5136//5136 5153//5153 5137//5137
f 5137//5137 5153//5153 5154//5154
f 5137//5137 5154//5154 5138//5138
f 5138//5138 5154//5154 5155//5155
f 5138//5138 5155//5155 5139//5139
f 5139//5139 5155//5155 5156//5156
f 5139//5139 5156//5156 5140//5140
f 5140//5140 5156//5156 5157//5157
f 5140//5140 5157//5157 5141//5141
f 5141//5141 5157//5157 5086//5086
f 5141//5141 5086//5086 5142//5142
f 5142//5142 5086//5086 5088//5088
f 5142//5142 5088//5088 5143//5143
f 5085//5085 4553//4553 5158//5158
f 4412//4412 5087//5087 4532//4532
f 4532//4532 5087//5087 5086//5086
f 4532//4532 5086//5086 4533//4533
f 4533//4533 5086//5086 5157//5157
f 4533//4533 5157//5157 4534//4534
f 4534//4534 5157//5157 5156//5156
f 4534//4534 5156//5156 4535//4535
f 4535//4535 5156//5156 5155//5155
f 4535//4535 5155//5155 4540//4540
f 4540//4540 5155//5155 5154//5154
f 4540//4540 5154//5154 4541//4541
f 4541//4541 5154//5154 5153//5153
f 4541//4541 5153//5153 4542//4542
f 4542//4542 5153//5153 5152//5152
f 4542//4542 5152//5152 4544//4544
f 4544//4544 5152//5152 5151//5151
f 4544//4544 5151//5151 4549//4549
f 4549//4549 5151//5151 5150//5150
f 4549//4549 5150//5150 4548//4548
f 4548//4548 5150//5150 5149//5149
f 4548//4548 5149//5149 4546//4546
f 4546//4546 5149//5149 5148//5148
f 4546//4546 5148//5148 4550//4550
f 4550//4550 5148//5148 5147//5147
f 4550//4550 5147//5147 4551//4551
f 4551//4551 5147//5147 5146//5146
f 4551//4551 5146//5146 4552//4552
f 4552//4552 5146//5146 5145//5145
f 4552//4552 5145//5145 4553//4553
f 4553//4553 5145//5145 5144//5144
f 4553//4553 5144//5144 5158//5158
f 5158//5158 5144//5144 5128//5128
f 5158//5158 5128//5128 5159//5159
f 5159//5159 5128//5128 5090//5090
f 5159//5159 5090//5090 5160//5160
f 5160//5160 5090//5090 5089//5089
f 5160//5160 5089//5089 5161//5161
f 5162//5162 4400//4400 4399//4399
f 5163//5163 5164//5164 5165//5165
f 5166//5166 5167//5167 5168//5168
f 5168//5168 5167//5167 5169//5169
f 5169//5169 5170//5170 5168//5168
f 5168//5168 5170//5170 5171//5171
f 5168//5168 5171//5171 5172//5172
f 4399//4399 4402//4402 5173//5173
f 4405//4405 4404//4404 5174//5174
f 5174//5174 4404//4404 5085//5085
f 5174//5174 5085//5085 5175//5175
f 5175//5175 5085//5085 5158//5158
f 5175//5175 5158//5158 5176//5176
f 5176//5176 5158//5158 5159//5159
f 5176//5176 5159//5159 5177//5177
f 5160//5160 5161//5161 5178//5178
f 5160//5160 5178//5178 5179//5179
f 5178//5178 5167//5167 5179//5179
f 5179//5179 5167//5167 5166//5166
f 5179//5179 5166//5166 5180//5180
f 5180//5180 5166//5166 5168//5168
f 5180//5180 5168//5168 5181//5181
f 5181//5181 5168//5168 5172//5172
f 5181//5181 5172//5172 5182//5182
f 5183//5183 5184//5184 5185//5185
f 5185//5185 5184//5184 5186//5186
f 5185//5185 5186//5186 5187//5187
f 5187//5187 5186//5186 5188//5188
f 5187//5187 5188//5188 5189//5189
f 5189//5189 5188//5188 5190//5190
f 5189//5189 5190//5190 5173//5173
f 5173//5173 5190//5190 5165//5165
f 5173//5173 5165//5165 4399//4399
f 4399//4399 5165//5165 5164//5164
f 4399//4399 5164//5164 5162//5162
f 4402//4402 4405//4405 5173//5173
f 5173//5173 4405//4405 5174//5174
f 5173//5173 5174//5174 5189//5189
f 5189//5189 5174//5174 5175//5175
f 5189//5189 5175//5175 5187//5187
f 5187//5187 5175//5175 5176//5176
f 5187//5187 5176//5176 5185//5185
f 5185//5185 5176//5176 5177//5177
f 5185//5185 5177//5177 5183//5183
f 5163//5163 5165//5165 5191//5191
f 5191//5191 5165//5165 5190//5190
f 5191//5191 5190//5190 5192//5192
f 5192//5192 5190//5190 5188//5188
f 5192//5192 5188//5188 5193//5193
f 5193//5193 5188//5188 5186//5186
f 5193//5193 5186//5186 5182//5182
f 5182//5182 5186//5186 5184//5184
f 5182//5182 5184//5184 5181//5181
f 5181//5181 5184//5184 5183//5183
f 5181//5181 5183//5183 5180//5180
f 5180//5180 5183//5183 5177//5177
f 5180//5180 5177//5177 5179//5179
f 5179//5179 5177//5177 5159//5159
f 5179//5179 5159//5159 5160//5160
f 5194//5194 5195//5195 5196//5196
f 5195//5195 5197//5197 5198//5198
f 5172//5172 5171//5171 5194//5194
f 5194//5194 5196//5196 5172//5172
f 5172//5172 5196//5196 5199//5199
f 5172//5172 5199//5199 5182//5182
f 5182//5182 5199//5199 5200//5200
f 5182//5182 5200//5200 5193//5193
f 5193//5193 5200//5200 5201//5201
f 5193//5193 5201//5201 5192//5192
f 5192//5192 5201//5201 5202//5202
f 5192//5192 5202//5202 5191//5191
f 5191//5191 5202//5202 5203//5203
f 5191//5191 5203//5203 5163//5163
f 5195//5195 5198//5198 5196//5196
f 5196//5196 5198//5198 5204//5204
f 5196//5196 5204//5204 5199//5199
f 5199//5199 5204//5204 5205//5205
f 5199//5199 5205//5205 5200//5200
f 5200//5200 5205//5205 5206//5206
f 5200//5200 5206//5206 5201//5201
f 5201//5201 5206//5206 5207//5207
f 5201//5201 5207//5207 5202//5202
f 5202//5202 5207//5207 5208//5208
f 5202//5202 5208//5208 5203//5203
f 5203//5203 5208//5208 5209//5209
f 5203//5203 5209//5209 5210//5210
f 5210//5210 5209//5209 4411//4411
f 5210//5210 4411//4411 4681//4681
f 5163//5163 5203//5203 5164//5164
f 5164//5164 5203//5203 5210//5210
f 5164//5164 5210//5210 5162//5162
f 5162//5162 5210//5210 4681//4681
f 5162//5162 4681//4681 4400//4400
f 5211//5211 5143//5143 5088//5088
f 5121//5121 5143//5143 5212//5212
f 5212//5212 5143//5143 5211//5211
f 5212//5212 5211//5211 5213//5213
f 5214//5214 5215//5215 5216//5216
f 5216//5216 5215//5215 4407//4407
f 5216//5216 4407//4407 4409//4409
f 5205//5205 5217//5217 5206//5206
f 5206//5206 5217//5217 5218//5218
f 5206//5206 5218//5218 5207//5207
f 5207//5207 5218//5218 5219//5219
f 5207//5207 5219//5219 5208//5208
f 5208//5208 5219//5219 5220//5220
f 5208//5208 5220//5220 5209//5209
f 5209//5209 5220//5220 4411//4411
f 5221//5221 5222//5222 5223//5223
f 5223//5223 5222//5222 5224//5224
f 5223//5223 5224//5224 5225//5225
f 5225//5225 5224//5224 5226//5226
f 5205//5205 5204//5204 5227//5227
f 5225//5225 5228//5228 5223//5223
f 5223//5223 5228//5228 5213//5213
f 5223//5223 5213//5213 5221//5221
f 5221//5221 5213//5213 5211//5211
f 5221//5221 5211//5211 5229//5229
f 5229//5229 5211//5211 5088//5088
f 5229//5229 5088//5088 5214//5214
f 5214//5214 5088//5088 5087//5087
f 5214//5214 5087//5087 5215//5215
f 5215//5215 5087//5087 4412//4412
f 5215//5215 4412//4412 4407//4407
f 5205//5205 5227//5227 5217//5217
f 5217//5217 5227//5227 5230//5230
f 5217//5217 5230//5230 5218//5218
f 5218//5218 5230//5230 5231//5231
f 5218//5218 5231//5231 5219//5219
f 5219//5219 5231//5231 5232//5232
f 5219//5219 5232//5232 5220//5220
f 5197//5197 5226//5226 5198//5198
f 5198//5198 5226//5226 5224//5224
f 5198//5198 5224//5224 5204//5204
f 5204//5204 5224//5224 5222//5222
f 5204//5204 5222//5222 5227//5227
f 5227//5227 5222//5222 5221//5221
f 5227//5227 5221//5221 5230//5230
f 5230//5230 5221//5221 5229//5229
f 5230//5230 5229//5229 5231//5231
f 5231//5231 5229//5229 5214//5214
f 5231//5231 5214//5214 5232//5232
f 5232//5232 5214//5214 5216//5216
f 5232//5232 5216//5216 5220//5220
f 5220//5220 5216//5216 4409//4409
f 5220//5220 4409//4409 4411//4411
f 5233//5233 4420//4420 4419//4419
f 5234//5234 5235//5235 5236//5236
f 5236//5236 5235//5235 5237//5237
f 5235//5235 5238//5238 5237//5237
f 5237//5237 5238//5238 5239//5239
f 5237//5237 5239//5239 5240//5240
f 5241//5241 5242//5242 5243//5243
f 5243//5243 5242//5242 5244//5244
f 5243//5243 5244//5244 5233//5233
f 5245//5245 5241//5241 5246//5246
f 5246//5246 5241//5241 5243//5243
f 5246//5246 5243//5243 5247//5247
f 5247//5247 5243//5243 5233//5233
f 5247//5247 5233//5233 5248//5248
f 5248//5248 5233//5233 4419//4419
f 5249//5249 5245//5245 5250//5250
f 5250//5250 5245//5245 5246//5246
f 5250//5250 5246//5246 5251//5251
f 5251//5251 5246//5246 5247//5247
f 5251//5251 5247//5247 5252//5252
f 5252//5252 5247//5247 5248//5248
f 5253//5253 5234//5234 5254//5254
f 5254//5254 5234//5234 5236//5236
f 5254//5254 5236//5236 5255//5255
f 5255//5255 5236//5236 5237//5237
f 5255//5255 5237//5237 5256//5256
f 5256//5256 5237//5237 5240//5240
f 5256//5256 5240//5240 5257//5257
f 5252//5252 5258//5258 5254//5254
f 5254//5254 5258//5258 5259//5259
f 5254//5254 5259//5259 5253//5253
f 4417//4417 5260//5260 4415//4415
f 4415//4415 5260//5260 5261//5261
f 4415//4415 5261//5261 4413//4413
f 5242//5242 5260//5260 5244//5244
f 5244//5244 5260//5260 4417//4417
f 5244//5244 4417//4417 5233//5233
f 5233//5233 4417//4417 4418//4418
f 5233//5233 4418//4418 4420//4420
f 5252//5252 5254//5254 5251//5251
f 5251//5251 5254//5254 5255//5255
f 5251//5251 5255//5255 5250//5250
f 5250//5250 5255//5255 5256//5256
f 5250//5250 5256//5256 5249//5249
f 5249//5249 5256//5256 5257//5257
f 5249//5249 5257//5257 5245//5245
f 5245//5245 5257//5257 5262//5262
f 5245//5245 5262//5262 5241//5241
f 5241//5241 5262//5262 5263//5263
f 5241//5241 5263//5263 5242//5242
f 5242//5242 5263//5263 5264//5264
f 5242//5242 5264//5264 5260//5260
f 5260//5260 5264//5264 5265//5265
f 5260//5260 5265//5265 5261//5261
f 5266//5266 5267//5267 5268//5268
f 5267//5267 5266//5266 5239//5239
f 5269//5269 5270//5270 5271//5271
f 5271//5271 5270//5270 5272//5272
f 5271//5271 5272//5272 5273//5273
f 5273//5273 5272//5272 5274//5274
f 5273//5273 5274//5274 5275//5275
f 5275//5275 5274//5274 5276//5276
f 5275//5275 5276//5276 5277//5277
f 5277//5277 5276//5276 5266//5266
f 5277//5277 5266//5266 5278//5278
f 5278//5278 5266//5266 5268//5268
f 5278//5278 5268//5268 5279//5279
f 5280//5280 5281//5281 5269//5269
f 5269//5269 5281//5281 5282//5282
f 5269//5269 5282//5282 5270//5270
f 5280//5280 5283//5283 5281//5281
f 5281//5281 5283//5283 4429//4429
f 5281//5281 4429//4429 4637//4637
f 5239//5239 5266//5266 5240//5240
f 5240//5240 5266//5266 5276//5276
f 5240//5240 5276//5276 5257//5257
f 5257//5257 5276//5276 5274//5274
f 5257//5257 5274//5274 5262//5262
f 5262//5262 5274//5274 5272//5272
f 5262//5262 5272//5272 5263//5263
f 5263//5263 5272//5272 5270//5270
f 5263//5263 5270//5270 5264//5264
f 5264//5264 5270//5270 5282//5282
f 5264//5264 5282//5282 5265//5265
f 5265//5265 5282//5282 5281//5281
f 5265//5265 5281//5281 5261//5261
f 5261//5261 5281//5281 4637//4637
f 5261//5261 4637//4637 4413//4413
f 5284//5284 5285//5285 5286//5286
f 5287//5287 5288//5288 5289//5289
f 5290//5290 5291//5291 5285//5285
f 5292//5292 5293//5293 5284//5284
f 5294//5294 5295//5295 5296//5296
f 5290//5290 5285//5285 5297//5297
f 5297//5297 5285//5285 5284//5284
f 5297//5297 5284//5284 5296//5296
f 5296//5296 5284//5284 5293//5293
f 5296//5296 5293//5293 5294//5294
f 5289//5289 5288//5288 5298//5298
f 5298//5298 5288//5288 5299//5299
f 5298//5298 5299//5299 5300//5300
f 5300//5300 5299//5299 5301//5301
f 5300//5300 5301//5301 5292//5292
f 4427//4427 5302//5302 4421//4421
f 4421//4421 5302//5302 5303//5303
f 5298//5298 5303//5303 5289//5289
f 5289//5289 5303//5303 5302//5302
f 5289//5289 5302//5302 5287//5287
f 5287//5287 5302//5302 4427//4427
f 5287//5287 4427//4427 4425//4425
f 5304//5304 4424//4424 5283//5283
f 5283//5283 4424//4424 4429//4429
f 5279//5279 5305//5305 5278//5278
f 5278//5278 5305//5305 5306//5306
f 5278//5278 5306//5306 5277//5277
f 5283//5283 5280//5280 5304//5304
f 5304//5304 5280//5280 5269//5269
f 5304//5304 5269//5269 5307//5307
f 5307//5307 5269//5269 5271//5271
f 5307//5307 5271//5271 5308//5308
f 5308//5308 5271//5271 5273//5273
f 5308//5308 5273//5273 5309//5309
f 5309//5309 5273//5273 5275//5275
f 5309//5309 5275//5275 5310//5310
f 5310//5310 5275//5275 5277//5277
f 5310//5310 5277//5277 5311//5311
f 5311//5311 5277//5277 5306//5306
f 5292//5292 5284//5284 5300//5300
f 5300//5300 5284//5284 5286//5286
f 5300//5300 5286//5286 5298//5298
f 5298//5298 5286//5286 5312//5312
f 5298//5298 5312//5312 5303//5303
f 5303//5303 5312//5312 4422//4422
f 5303//5303 4422//4422 4421//4421
f 4425//4425 4424//4424 5287//5287
f 5287//5287 4424//4424 5304//5304
f 5287//5287 5304//5304 5288//5288
f 5288//5288 5304//5304 5307//5307
f 5288//5288 5307//5307 5299//5299
f 5299//5299 5307//5307 5308//5308
f 5299//5299 5308//5308 5301//5301
f 5301//5301 5308//5308 5309//5309
f 5301//5301 5309//5309 5292//5292
f 5292//5292 5309//5309 5310//5310
f 5292//5292 5310//5310 5293//5293
f 5293//5293 5310//5310 5311//5311
f 5293//5293 5311//5311 5294//5294
f 5294//5294 5311//5311 5306//5306
f 5294//5294 5306//5306 5295//5295
f 5295//5295 5306//5306 5305//5305
f 5313//5313 5312//5312 5286//5286
f 5314//5314 5315//5315 5316//5316
f 5317//5317 5318//5318 5319//5319
f 5319//5319 5318//5318 5320//5320
f 5319//5319 5320//5320 5321//5321
f 5321//5321 5320//5320 5322//5322
f 5321//5321 5322//5322 5323//5323
f 5316//5316 5315//5315 5324//5324
f 5324//5324 5315//5315 5325//5325
f 5324//5324 5325//5325 5317//5317
f 5317//5317 5325//5325 5326//5326
f 5317//5317 5326//5326 5318//5318
f 5314//5314 5316//5316 5327//5327
f 5327//5327 5316//5316 5328//5328
f 5327//5327 5328//5328 5329//5329
f 5329//5329 5328//5328 5330//5330
f 5329//5329 5330//5330 5331//5331
f 5331//5331 5330//5330 5332//5332
f 5332//5332 5330//5330 5333//5333
f 5332//5332 5333//5333 5334//5334
f 5334//5334 5333//5333 5335//5335
f 5334//5334 5335//5335 5336//5336
f 5336//5336 5335//5335 5337//5337
f 5337//5337 5335//5335 5338//5338
f 5337//5337 5338//5338 5339//5339
f 5339//5339 5338//5338 5340//5340
f 5339//5339 5340//5340 5341//5341
f 5341//5341 5340//5340 5342//5342
f 5342//5342 5340//5340 5343//5343
f 5342//5342 5343//5343 5344//5344
f 5344//5344 5343//5343 5345//5345
f 5344//5344 5345//5345 5346//5346
f 5347//5347 5348//5348 5345//5345
f 5345//5345 5348//5348 5349//5349
f 5345//5345 5349//5349 5346//5346
f 5285//5285 5291//5291 5350//5350
f 5350//5350 5291//5291 5351//5351
f 5350//5350 5351//5351 5347//5347
f 5347//5347 5351//5351 5352//5352
f 5347//5347 5352//5352 5348//5348
f 5252//5252 5321//5321 5258//5258
f 5258//5258 5321//5321 5323//5323
f 5258//5258 5323//5323 5259//5259
f 5285//5285 5350//5350 5353//5353
f 5353//5353 5350//5350 5347//5347
f 5353//5353 5347//5347 5354//5354
f 5354//5354 5347//5347 5345//5345
f 5354//5354 5345//5345 5355//5355
f 5355//5355 5345//5345 5343//5343
f 5355//5355 5343//5343 5356//5356
f 5356//5356 5343//5343 5340//5340
f 5356//5356 5340//5340 5357//5357
f 5357//5357 5340//5340 5338//5338
f 5357//5357 5338//5338 5358//5358
f 5358//5358 5338//5338 5335//5335
f 5358//5358 5335//5335 5359//5359
f 5359//5359 5335//5335 5333//5333
f 5359//5359 5333//5333 5360//5360
f 5360//5360 5333//5333 5330//5330
f 5360//5360 5330//5330 5361//5361
f 5361//5361 5330//5330 5328//5328
f 5361//5361 5328//5328 5362//5362
f 5362//5362 5328//5328 5316//5316
f 5362//5362 5316//5316 5363//5363
f 5363//5363 5316//5316 5324//5324
f 5363//5363 5324//5324 5364//5364
f 5364//5364 5324//5324 5317//5317
f 5364//5364 5317//5317 5365//5365
f 5365//5365 5317//5317 5319//5319
f 5365//5365 5319//5319 5366//5366
f 5366//5366 5319//5319 5321//5321
f 5366//5366 5321//5321 5367//5367
f 5367//5367 5321//5321 5252//5252
f 5367//5367 5252//5252 5248//5248
f 5248//5248 5368//5368 5367//5367
f 5367//5367 5368//5368 5369//5369
f 5367//5367 5369//5369 5366//5366
f 5366//5366 5369//5369 5370//5370
f 5366//5366 5370//5370 5365//5365
f 5365//5365 5370//5370 5371//5371
f 5365//5365 5371//5371 5364//5364
f 5364//5364 5371//5371 5372//5372
f 5364//5364 5372//5372 5363//5363
f 5363//5363 5372//5372 5373//5373
f 5363//5363 5373//5373 5362//5362
f 5362//5362 5373//5373 5374//5374
f 5362//5362 5374//5374 5361//5361
f 5361//5361 5374//5374 5375//5375
f 5361//5361 5375//5375 5360//5360
f 5360//5360 5375//5375 5376//5376
f 5360//5360 5376//5376 5359//5359
f 5359//5359 5376//5376 5377//5377
f 5359//5359 5377//5377 5358//5358
f 5358//5358 5377//5377 5378//5378
f 5358//5358 5378//5378 5357//5357
f 5357//5357 5378//5378 5379//5379
f 5357//5357 5379//5379 5356//5356
f 5356//5356 5379//5379 5380//5380
f 5356//5356 5380//5380 5355//5355
f 5355//5355 5380//5380 5381//5381
f 5355//5355 5381//5381 5354//5354
f 5354//5354 5381//5381 5313//5313
f 5354//5354 5313//5313 5353//5353
f 5353//5353 5313//5313 5286//5286
f 5353//5353 5286//5286 5285//5285
f 4422//4422 5312//5312 4774//4774
f 4774//4774 5312//5312 5313//5313
f 4774//4774 5313//5313 4773//4773
f 4773//4773 5313//5313 5381//5381
f 4773//4773 5381//5381 4772//4772
f 4772//4772 5381//5381 5380//5380
f 4772//4772 5380//5380 4775//4775
f 4775//4775 5380//5380 5379//5379
f 4775//4775 5379//5379 4776//4776
f 4776//4776 5379//5379 5378//5378
f 4776//4776 5378//5378 4778//4778
f 4778//4778 5378//5378 5377//5377
f 4778//4778 5377//5377 4779//4779
f 4779//4779 5377//5377 5376//5376
f 4779//4779 5376//5376 4781//4781
f 4781//4781 5376//5376 5375//5375
f 4781//4781 5375//5375 4782//4782
f 4782//4782 5375//5375 5374//5374
f 4782//4782 5374//5374 4763//4763
f 4763//4763 5374//5374 5373//5373
f 4763//4763 5373//5373 4764//4764
f 4764//4764 5373//5373 5372//5372
f 4764//4764 5372//5372 4766//4766
f 4766//4766 5372//5372 5371//5371
f 4766//4766 5371//5371 4767//4767
f 4767//4767 5371//5371 5370//5370
f 4767//4767 5370//5370 4768//4768
f 4768//4768 5370//5370 5369//5369
f 4768//4768 5369//5369 4769//4769
f 4769//4769 5369//5369 5368//5368
f 4769//4769 5368//5368 4419//4419
f 4419//4419 5368//5368 5248//5248
f 5382//5382 4441//4441 5383//5383
f 5383//5383 4441//4441 4440//4440
f 5383//5383 4440//4440 3966//3966
f 3966//3966 3965//3965 5383//5383
f 5383//5383 3965//3965 3968//3968
f 5383//5383 3968//3968 4443//4443
f 4463//4463 5384//5384 4458//4458
f 4458//4458 5384//5384 5385//5385
f 5385//5385 4452//4452 3927//3927
f 3927//3927 3926//3926 5385//5385
f 5385//5385 3926//3926 3929//3929
f 5385//5385 3929//3929 4458//4458
f 5386//5386 5387//5387 5388//5388
f 5389//5389 5390//5390 5391//5391
f 5391//5391 5390//5390 5392//5392
f 5391//5391 5392//5392 5393//5393
f 5393//5393 5392//5392 5394//5394
f 5395//5395 4467//4467 5396//5396
f 5397//5397 5398//5398 5386//5386
f 5386//5386 5398//5398 5395//5395
f 5386//5386 5395//5395 5387//5387
f 5387//5387 5395//5395 5396//5396
f 5387//5387 5396//5396 5399//5399
f 5399//5399 5396//5396 5400//5400
f 5401//5401 5402//5402 5403//5403
f 5403//5403 5402//5402 5404//5404
f 5403//5403 5404//5404 5405//5405
f 5405//5405 5404//5404 5406//5406
f 5399//5399 5407//5407 5387//5387
f 5387//5387 5407//5407 5394//5394
f 5387//5387 5394//5394 5388//5388
f 5388//5388 5394//5394 5392//5392
f 5388//5388 5392//5392 5408//5408
f 5408//5408 5392//5392 5390//5390
f 5409//5409 5405//5405 5410//5410
f 5410//5410 5405//5405 5406//5406
f 5410//5410 5406//5406 5408//5408
f 5408//5408 5406//5406 5404//5404
f 5408//5408 5404//5404 5388//5388
f 5388//5388 5404//5404 5402//5402
f 5388//5388 5402//5402 5386//5386
f 5386//5386 5402//5402 5401//5401
f 5386//5386 5401//5401 5397//5397
f 5411//5411 5409//5409 5412//5412
f 5412//5412 5409//5409 5410//5410
f 5412//5412 5410//5410 5413//5413
f 5413//5413 5410//5410 5408//5408
f 5413//5413 5408//5408 5390//5390
f 5413//5413 5390//5390 5414//5414
f 5414//5414 5390//5390 5389//5389
f 5414//5414 5389//5389 5415//5415
f 5414//5414 5415//5415 5416//5416
f 5417//5417 5413//5413 5418//5418
f 5418//5418 5413//5413 5414//5414
f 5414//5414 5416//5416 5418//5418
f 5418//5418 5416//5416 5419//5419
f 5418//5418 5419//5419 5420//5420
f 5417//5417 5418//5418 5421//5421
f 5421//5421 5418//5418 5420//5420
f 5421//5421 5420//5420 5422//5422
f 5423//5423 5424//5424 5400//5400
f 5400//5400 5396//5396 5423//5423
f 5423//5423 5396//5396 4467//4467
f 5423//5423 4467//4467 4466//4466
f 5425//5425 5426//5426 5427//5427
f 5427//5427 5426//5426 5428//5428
f 5427//5427 5428//5428 5429//5429
f 5429//5429 5428//5428 5430//5430
f 5429//5429 5430//5430 5431//5431
f 5431//5431 5430//5430 5432//5432
f 5431//5431 5432//5432 5423//5423
f 5423//5423 5432//5432 5424//5424
f 4468//4468 5425//5425 4469//4469
f 4469//4469 5425//5425 5427//5427
f 4469//4469 5427//5427 4470//4470
f 4470//4470 5427//5427 5429//5429
f 4470//4470 5429//5429 4471//4471
f 4471//4471 5429//5429 5431//5431
f 4471//4471 5431//5431 4466//4466
f 4466//4466 5431//5431 5423//5423
f 5433//5433 5426//5426 5425//5425
f 5433//5433 5425//5425 5434//5434
f 5434//5434 5425//5425 4468//4468
f 5434//5434 4468//4468 4472//4472
f 5435//5435 5436//5436 5437//5437
f 5437//5437 5436//5436 5438//5438
f 5437//5437 5438//5438 5439//5439
f 5439//5439 5438//5438 5440//5440
f 5439//5439 5440//5440 5441//5441
f 5441//5441 5440//5440 5442//5442
f 5441//5441 5442//5442 5434//5434
f 5434//5434 5442//5442 5433//5433
f 4473//4473 5435//5435 4474//4474
f 4474//4474 5435//5435 5437//5437
f 4474//4474 5437//5437 4475//4475
f 4475//4475 5437//5437 5439//5439
f 4475//4475 5439//5439 4476//4476
f 4476//4476 5439//5439 5441//5441
f 4476//4476 5441//5441 4472//4472
f 4472//4472 5441//5441 5434//5434
f 5443//5443 5444//5444 5445//5445
f 5446//5446 5447//5447 5448//5448
f 5449//5449 5450//5450 5451//5451
f 5451//5451 5450//5450 5443//5443
f 5451//5451 5443//5443 5452//5452
f 5452//5452 5443//5443 5445//5445
f 5453//5453 5454//5454 5455//5455
f 5456//5456 5457//5457 5458//5458
f 5457//5457 5456//5456 5459//5459
f 4477//4477 5460//5460 5448//5448
f 5448//5448 5460//5460 5445//5445
f 5448//5448 5445//5445 5446//5446
f 5446//5446 5445//5445 5444//5444
f 5461//5461 5462//5462 5463//5463
f 5463//5463 5462//5462 5459//5459
f 5463//5463 5459//5459 5464//5464
f 5464//5464 5459//5459 5456//5456
f 5464//5464 5456//5456 5453//5453
f 5453//5453 5456//5456 5458//5458
f 5453//5453 5458//5458 5454//5454
f 5465//5465 5464//5464 5466//5466
f 5466//5466 5464//5464 5453//5453
f 5466//5466 5453//5453 5467//5467
f 5467//5467 5453//5453 5455//5455
f 5467//5467 5455//5455 5468//5468
f 5467//5467 5469//5469 5466//5466
f 5466//5466 5469//5469 5470//5470
f 5466//5466 5470//5470 5465//5465
f 5465//5465 5470//5470 5471//5471
f 5465//5465 5471//5471 5472//5472
f 5472//5472 5471//5471 5473//5473
f 5472//5472 5473//5473 5474//5474
f 5474//5474 5473//5473 5475//5475
f 5474//5474 5449//5449 5472//5472
f 5472//5472 5449//5449 5451//5451
f 5472//5472 5451//5451 5465//5465
f 5465//5465 5451//5451 5452//5452
f 5465//5465 5452//5452 5464//5464
f 5464//5464 5452//5452 5445//5445
f 5464//5464 5445//5445 5463//5463
f 5463//5463 5445//5445 5460//5460
f 5463//5463 5460//5460 5461//5461
f 5448//5448 5447//5447 5436//5436
f 5436//5436 5435//5435 5448//5448
f 5448//5448 5435//5435 4473//4473
f 5448//5448 4473//4473 4477//4477
f 5476//5476 5477//5477 5478//5478
f 5478//5478 5477//5477 5479//5479
f 5478//5478 5479//5479 5473//5473
f 5473//5473 5479//5479 5475//5475
f 5480//5480 5476//5476 5481//5481
f 5481//5481 5476//5476 5478//5478
f 5481//5481 5478//5478 5471//5471
f 5471//5471 5478//5478 5473//5473
f 4129//4129 4504//4504 4499//4499
f 4499//4499 4504//4504 5482//5482
f 4499//4499 5482//5482 4497//4497
f 4497//4497 5482//5482 5483//5483
f 4497//4497 5483//5483 4495//4495
f 4495//4495 5483//5483 5484//5484
f 4495//4495 5484//5484 4494//4494
f 4494//4494 5484//5484 5485//5485
f 4494//4494 5485//5485 4492//4492
f 4492//4492 5485//5485 5486//5486
f 4492//4492 5486//5486 4490//4490
f 4490//4490 5486//5486 5487//5487
f 5488//5488 5489//5489 4481//4481
f 4481//4481 5489//5489 5490//5490
f 4481//4481 5490//5490 4482//4482
f 4482//4482 5490//5490 4505//4505
f 4482//4482 4505//4505 4489//4489
f 4490//4490 5491//5491 4491//4491
f 4491//4491 5491//5491 5492//5492
f 4491//4491 5492//5492 4478//4478
f 4478//4478 5492//5492 5488//5488
f 4478//4478 5488//5488 4479//4479
f 4479//4479 5488//5488 4481//4481
f 5491//5491 4527//4527 4526//4526
f 5491//5491 4526//4526 5492//5492
f 5492//5492 4526//4526 4528//4528
f 5492//5492 4528//4528 5488//5488
f 5488//5488 4528//4528 4513//4513
f 5488//5488 4513//4513 5489//5489
f 4506//4506 4505//4505 4513//4513
f 4513//4513 4505//4505 5490//5490
f 4513//4513 5490//5490 5489//5489
f 5462//5462 5461//5461 4517//4517
f 4517//4517 5461//5461 4100//4100
f 4100//4100 5461//5461 5460//5460
f 4100//4100 5460//5460 4477//4477
f 5454//5454 5458//5458 4525//4525
f 5462//5462 4517//4517 5459//5459
f 5459//5459 4517//4517 4520//4520
f 5459//5459 4520//4520 5457//5457
f 5457//5457 4520//4520 4521//4521
f 5457//5457 4521//4521 5458//5458
f 5458//5458 4521//4521 4523//4523
f 5458//5458 4523//4523 4525//4525
f 5493//5493 5494//5494 4527//4527
f 4527//4527 5494//5494 5468//5468
f 4527//4527 5468//5468 4525//4525
f 4525//4525 5468//5468 5455//5455
f 4525//4525 5455//5455 5454//5454
f 5481//5481 5471//5471 5470//5470
f 5468//5468 5494//5494 5467//5467
f 5467//5467 5494//5494 5469//5469
f 5495//5495 5493//5493 5496//5496
f 5496//5496 5493//5493 5497//5497
f 5480//5480 5481//5481 5498//5498
f 5498//5498 5481//5481 5470//5470
f 5498//5498 5470//5470 5499//5499
f 5499//5499 5470//5470 5469//5469
f 5499//5499 5469//5469 5495//5495
f 5495//5495 5469//5469 5494//5494
f 5495//5495 5494//5494 5493//5493
f 5500//5500 5487//5487 5501//5501
f 5501//5501 5487//5487 5502//5502
f 5501//5501 5502//5502 5503//5503
f 5503//5503 5502//5502 5504//5504
f 5503//5503 5504//5504 5505//5505
f 5505//5505 5504//5504 5506//5506
f 5505//5505 5506//5506 5507//5507
f 5507//5507 5506//5506 5508//5508
f 5507//5507 5508//5508 5509//5509
f 5509//5509 5508//5508 5510//5510
f 5509//5509 5510//5510 5511//5511
f 5511//5511 5510//5510 5512//5512
f 5508//5508 5506//5506 5513//5513
f 5504//5504 5502//5502 5514//5514
f 5483//5483 5482//5482 5515//5515
f 5515//5515 5482//5482 4504//4504
f 5515//5515 4504//4504 5516//5516
f 5483//5483 5515//5515 5484//5484
f 5484//5484 5515//5515 5517//5517
f 5484//5484 5517//5517 5485//5485
f 5485//5485 5517//5517 5514//5514
f 5485//5485 5514//5514 5486//5486
f 5486//5486 5514//5514 5502//5502
f 5486//5486 5502//5502 5487//5487
f 5518//5518 5512//5512 5510//5510
f 5510//5510 5519//5519 5518//5518
f 5518//5518 5519//5519 5520//5520
f 5518//5518 5520//5520 5521//5521
f 5521//5521 5520//5520 5522//5522
f 5521//5521 5522//5522 5523//5523
f 5523//5523 5522//5522 5524//5524
f 5523//5523 5524//5524 5525//5525
f 5510//5510 5508//5508 5519//5519
f 5519//5519 5508//5508 5513//5513
f 5519//5519 5513//5513 5520//5520
f 5520//5520 5513//5513 5526//5526
f 5520//5520 5526//5526 5522//5522
f 5522//5522 5526//5526 5527//5527
f 5522//5522 5527//5527 5524//5524
f 5524//5524 5527//5527 5528//5528
f 5506//5506 5504//5504 5513//5513
f 5513//5513 5504//5504 5514//5514
f 5513//5513 5514//5514 5526//5526
f 5526//5526 5514//5514 5517//5517
f 5526//5526 5517//5517 5527//5527
f 5527//5527 5517//5517 5515//5515
f 5527//5527 5515//5515 5528//5528
f 5528//5528 5515//5515 5516//5516
f 5529//5529 4503//4503 4502//4502
f 5516//5516 4504//4504 4503//4503
f 4503//4503 5529//5529 5516//5516
f 5516//5516 5529//5529 5530//5530
f 5516//5516 5530//5530 5528//5528
f 5528//5528 5530//5530 5531//5531
f 5528//5528 5531//5531 5524//5524
f 5532//5532 5533//5533 5534//5534
f 4502//4502 5535//5535 5529//5529
f 5529//5529 5535//5535 5536//5536
f 5529//5529 5536//5536 5530//5530
f 5530//5530 5536//5536 5532//5532
f 5530//5530 5532//5532 5531//5531
f 5531//5531 5532//5532 5534//5534
f 5531//5531 5534//5534 5524//5524
f 5524//5524 5534//5534 5525//5525
f 5537//5537 5538//5538 4547//4547
f 4547//4547 5538//5538 4545//4545
f 4545//4545 5538//5538 4543//4543
f 4543//4543 5538//5538 5539//5539
f 4543//4543 5539//5539 4539//4539
f 4539//4539 5539//5539 5540//5540
f 4539//4539 5540//5540 4538//4538
f 4538//4538 5540//5540 4537//4537
f 4537//4537 5540//5540 5541//5541
f 4537//4537 5541//5541 4536//4536
f 4536//4536 5541//5541 5535//5535
f 4536//4536 5535//5535 4502//4502
f 5542//5542 5533//5533 5532//5532
f 5532//5532 5543//5543 5542//5542
f 5542//5542 5543//5543 5544//5544
f 5542//5542 5544//5544 5545//5545
f 5545//5545 5544//5544 5546//5546
f 5545//5545 5546//5546 5547//5547
f 5547//5547 5546//5546 5548//5548
f 5547//5547 5548//5548 5549//5549
f 5549//5549 5548//5548 5550//5550
f 5549//5549 5550//5550 5551//5551
f 5537//5537 5552//5552 5538//5538
f 5538//5538 5552//5552 5553//5553
f 5538//5538 5553//5553 5539//5539
f 5539//5539 5553//5553 5554//5554
f 5539//5539 5554//5554 5540//5540
f 5540//5540 5554//5554 5555//5555
f 5540//5540 5555//5555 5541//5541
f 5541//5541 5555//5555 5556//5556
f 5541//5541 5556//5556 5535//5535
f 5535//5535 5556//5556 5536//5536
f 5552//5552 5550//5550 5553//5553
f 5553//5553 5550//5550 5548//5548
f 5553//5553 5548//5548 5554//5554
f 5554//5554 5548//5548 5546//5546
f 5554//5554 5546//5546 5555//5555
f 5555//5555 5546//5546 5544//5544
f 5555//5555 5544//5544 5556//5556
f 5556//5556 5544//5544 5543//5543
f 5556//5556 5543//5543 5536//5536
f 5536//5536 5543//5543 5532//5532
f 5537//5537 4547//4547 4566//4566
f 4566//4566 4572//4572 5537//5537
f 5537//5537 4572//4572 4574//4574
f 5537//5537 4574//4574 5552//5552
f 5552//5552 4574//4574 4575//4575
f 5552//5552 4575//4575 5550//5550
f 5550//5550 4575//4575 4576//4576
f 5550//5550 4576//4576 5551//5551
f 4556//4556 5557//5557 4559//4559
f 4559//4559 5557//5557 5558//5558
f 4559//4559 5558//5558 4560//4560
f 4560//4560 5558//5558 5559//5559
f 4560//4560 5559//5559 4561//4561
f 4561//4561 5559//5559 5560//5560
f 4561//4561 5560//5560 4558//4558
f 4558//4558 5560//5560 5561//5561
f 4558//4558 5561//5561 4557//4557
f 4557//4557 5561//5561 5562//5562
f 4557//4557 5562//5562 4554//4554
f 4554//4554 5562//5562 5563//5563
f 4554//4554 5563//5563 4555//4555
f 4555//4555 5563//5563 5564//5564
f 4555//4555 5564//5564 4562//4562
f 4562//4562 5564//5564 5565//5565
f 4562//4562 5565//5565 4563//4563
f 4563//4563 5565//5565 5566//5566
f 4563//4563 5566//5566 4564//4564
f 4564//4564 5566//5566 5567//5567
f 4564//4564 5567//5567 4565//4565
f 4565//4565 5567//5567 5568//5568
f 4565//4565 5568//5568 4556//4556
f 4556//4556 5568//5568 5557//5557
f 5569//5569 4576//4576 4571//4571
f 5569//5569 4571//4571 5570//5570
f 5570//5570 4571//4571 4570//4570
f 5570//5570 4570//4570 5571//5571
f 5572//5572 5573//5573 5574//5574
f 4146//4146 4147//4147 5572//5572
f 4579//4579 4131//4131 4130//4130
f 4577//4577 4579//4579 5575//5575
f 4579//4579 4130//4130 5575//5575
f 5575//5575 4130//4130 4138//4138
f 5575//5575 4138//4138 5576//5576
f 5576//5576 4138//4138 5577//5577
f 5577//5577 4138//4138 4140//4140
f 5577//5577 4140//4140 4145//4145
f 4567//4567 4577//4577 5578//5578
f 5578//5578 4577//4577 5575//5575
f 5578//5578 5575//5575 5579//5579
f 5579//5579 5575//5575 5576//5576
f 5579//5579 5576//5576 5574//5574
f 5574//5574 5576//5576 5577//5577
f 5574//5574 5577//5577 5572//5572
f 5572//5572 5577//5577 4145//4145
f 5572//5572 4145//4145 4146//4146
f 4567//4567 5578//5578 4568//4568
f 4568//4568 5578//5578 5579//5579
f 4568//4568 5579//5579 4573//4573
f 4573//4573 5579//5579 5574//5574
f 4573//4573 5574//5574 4569//4569
f 4569//4569 5574//5574 5573//5573
f 4569//4569 5573//5573 4570//4570
f 5580//5580 5581//5581 5582//5582
f 5583//5583 5584//5584 5582//5582
f 5582//5582 5584//5584 5585//5585
f 5582//5582 5585//5585 5580//5580
f 5586//5586 5587//5587 5588//5588
f 5581//5581 5580//5580 5588//5588
f 5588//5588 5580//5580 5589//5589
f 5588//5588 5589//5589 5586//5586
f 5590//5590 5591//5591 5592//5592
f 5592//5592 5591//5591 5593//5593
f 5592//5592 5593//5593 5594//5594
f 5587//5587 5586//5586 5594//5594
f 5594//5594 5586//5586 5595//5595
f 5594//5594 5595//5595 5592//5592
f 5591//5591 5590//5590 4598//4598
f 4595//4595 4593//4593 5596//5596
f 5596//5596 4593//4593 4452//4452
f 5596//5596 4452//4452 5385//5385
f 5596//5596 5583//5583 4595//4595
f 4595//4595 5583//5583 5582//5582
f 4595//4595 5582//5582 4597//4597
f 4597//4597 5582//5582 5581//5581
f 4597//4597 5581//5581 5588//5588
f 5588//5588 5587//5587 4597//4597
f 4597//4597 5587//5587 5594//5594
f 4597//4597 5594//5594 4598//4598
f 4598//4598 5594//5594 5593//5593
f 4598//4598 5593//5593 5591//5591
f 4135//4135 4136//4136 4587//4587
f 4587//4587 4599//4599 4135//4135
f 4135//4135 4599//4599 4612//4612
f 4135//4135 4612//4612 4134//4134
f 4134//4134 4612//4612 4591//4591
f 4134//4134 4591//4591 4141//4141
f 4591//4591 4590//4590 4141//4141
f 4141//4141 4590//4590 4598//4598
f 4141//4141 4598//4598 4143//4143
f 4143//4143 5597//5597 4144//4144
f 4144//4144 5597//5597 5598//5598
f 4144//4144 5598//5598 4147//4147
f 4147//4147 5598//5598 5599//5599
f 5586//5586 5589//5589 5600//5600
f 5580//5580 5585//5585 5601//5601
f 5602//5602 5603//5603 5604//5604
f 5595//5595 5605//5605 5592//5592
f 5592//5592 5605//5605 5606//5606
f 5606//5606 5605//5605 5607//5607
f 5607//5607 5605//5605 5608//5608
f 5607//5607 5608//5608 5609//5609
f 5609//5609 5608//5608 5610//5610
f 5609//5609 5610//5610 5611//5611
f 5611//5611 5610//5610 5612//5612
f 5611//5611 5612//5612 5613//5613
f 5614//5614 5615//5615 5612//5612
f 5612//5612 5615//5615 5616//5616
f 5612//5612 5616//5616 5613//5613
f 5617//5617 5615//5615 5618//5618
f 5618//5618 5615//5615 5614//5614
f 5618//5618 5614//5614 5619//5619
f 5620//5620 5621//5621 5622//5622
f 5622//5622 5623//5623 5620//5620
f 5620//5620 5623//5623 5624//5624
f 5620//5620 5624//5624 5625//5625
f 5625//5625 5624//5624 5626//5626
f 5625//5625 5626//5626 5627//5627
f 5627//5627 5626//5626 5628//5628
f 5627//5627 5628//5628 5629//5629
f 5629//5629 5628//5628 5601//5601
f 5629//5629 5601//5601 5630//5630
f 5630//5630 5601//5601 5585//5585
f 5630//5630 5585//5585 5584//5584
f 5595//5595 5586//5586 5605//5605
f 5605//5605 5586//5586 5600//5600
f 5605//5605 5600//5600 5608//5608
f 5608//5608 5600//5600 5631//5631
f 5608//5608 5631//5631 5610//5610
f 5610//5610 5631//5631 5632//5632
f 5610//5610 5632//5632 5612//5612
f 5612//5612 5632//5632 5633//5633
f 5612//5612 5633//5633 5614//5614
f 5614//5614 5633//5633 5604//5604
f 5614//5614 5604//5604 5619//5619
f 5619//5619 5604//5604 5603//5603
f 5589//5589 5580//5580 5600//5600
f 5600//5600 5580//5580 5601//5601
f 5600//5600 5601//5601 5631//5631
f 5631//5631 5601//5601 5628//5628
f 5631//5631 5628//5628 5632//5632
f 5632//5632 5628//5628 5626//5626
f 5632//5632 5626//5626 5633//5633
f 5633//5633 5626//5626 5624//5624
f 5633//5633 5624//5624 5604//5604
f 5604//5604 5624//5624 5623//5623
f 5604//5604 5623//5623 5602//5602
f 5602//5602 5623//5623 5622//5622
f 5634//5634 5617//5617 5635//5635
f 5635//5635 5617//5617 5618//5618
f 5635//5635 5618//5618 5636//5636
f 5636//5636 5618//5618 5619//5619
f 5636//5636 5619//5619 5637//5637
f 5637//5637 5619//5619 5603//5603
f 5637//5637 5603//5603 5638//5638
f 5638//5638 5603//5603 5602//5602
f 5638//5638 5602//5602 5639//5639
f 5639//5639 5602//5602 5622//5622
f 5639//5639 5622//5622 5640//5640
f 5640//5640 5622//5622 5621//5621
f 5636//5636 5637//5637 5641//5641
f 5638//5638 5639//5639 5642//5642
f 5643//5643 5644//5644 5645//5645
f 5635//5635 5646//5646 5634//5634
f 5634//5634 5646//5646 5647//5647
f 5647//5647 5646//5646 5648//5648
f 5648//5648 5646//5646 5649//5649
f 5648//5648 5649//5649 5650//5650
f 5650//5650 5649//5649 5651//5651
f 5650//5650 5651//5651 5652//5652
f 5653//5653 5654//5654 5651//5651
f 5651//5651 5654//5654 5655//5655
f 5651//5651 5655//5655 5652//5652
f 5656//5656 5654//5654 5657//5657
f 5657//5657 5654//5654 5653//5653
f 5657//5657 5653//5653 5658//5658
f 5659//5659 5660//5660 5661//5661
f 5661//5661 5662//5662 5659//5659
f 5659//5659 5662//5662 5663//5663
f 5659//5659 5663//5663 5664//5664
f 5664//5664 5663//5663 5665//5665
f 5664//5664 5665//5665 5666//5666
f 5666//5666 5665//5665 5642//5642
f 5666//5666 5642//5642 5667//5667
f 5667//5667 5642//5642 5639//5639
f 5667//5667 5639//5639 5640//5640
f 5661//5661 5643//5643 5662//5662
f 5662//5662 5643//5643 5645//5645
f 5662//5662 5645//5645 5663//5663
f 5663//5663 5645//5645 5668//5668
f 5663//5663 5668//5668 5665//5665
f 5665//5665 5668//5668 5669//5669
f 5665//5665 5669//5669 5642//5642
f 5642//5642 5669//5669 5641//5641
f 5642//5642 5641//5641 5638//5638
f 5638//5638 5641//5641 5637//5637
f 5644//5644 5658//5658 5645//5645
f 5645//5645 5658//5658 5653//5653
f 5645//5645 5653//5653 5668//5668
f 5668//5668 5653//5653 5651//5651
f 5668//5668 5651//5651 5669//5669
f 5669//5669 5651//5651 5649//5649
f 5669//5669 5649//5649 5641//5641
f 5641//5641 5649//5649 5646//5646
f 5641//5641 5646//5646 5636//5636
f 5636//5636 5646//5646 5635//5635
f 5660//5660 5670//5670 5661//5661
f 5661//5661 5670//5670 5671//5671
f 5661//5661 5671//5671 5643//5643
f 5643//5643 5671//5671 5672//5672
f 5643//5643 5672//5672 5644//5644
f 5644//5644 5672//5672 5673//5673
f 5644//5644 5673//5673 5658//5658
f 5658//5658 5673//5673 5674//5674
f 5658//5658 5674//5674 5657//5657
f 5657//5657 5674//5674 5675//5675
f 5657//5657 5675//5675 5656//5656
f 5656//5656 5675//5675 5676//5676
f 5656//5656 5676//5676 5677//5677
f 4671//4671 4672//4672 5678//5678
f 4613//4613 4623//4623 5679//5679
f 5680//5680 5681//5681 5682//5682
f 5683//5683 5684//5684 5685//5685
f 4613//4613 5679//5679 4614//4614
f 4623//4623 4621//4621 5679//5679
f 5679//5679 4621//4621 5686//5686
f 5679//5679 5686//5686 5687//5687
f 5687//5687 5686//5686 5688//5688
f 5687//5687 5688//5688 5685//5685
f 5678//5678 4672//4672 5680//5680
f 4672//4672 4669//4669 5680//5680
f 5680//5680 4669//4669 4668//4668
f 5680//5680 4668//4668 5681//5681
f 5681//5681 4668//4668 4666//4666
f 5681//5681 4666//4666 4664//4664
f 5689//5689 5690//5690 5691//5691
f 5691//5691 5690//5690 5692//5692
f 5691//5691 5692//5692 5693//5693
f 5693//5693 5692//5692 5694//5694
f 5690//5690 5695//5695 5692//5692
f 5692//5692 5695//5695 5682//5682
f 5692//5692 5682//5682 5694//5694
f 5694//5694 5682//5682 5681//5681
f 5694//5694 5681//5681 5696//5696
f 5696//5696 5681//5681 4664//4664
f 5696//5696 4664//4664 4663//4663
f 5685//5685 5684//5684 5687//5687
f 5687//5687 5684//5684 5697//5697
f 5687//5687 5697//5697 5679//5679
f 5679//5679 5697//5697 5698//5698
f 5679//5679 5698//5698 4614//4614
f 4620//4620 4671//4671 4621//4621
f 4621//4621 4671//4671 5678//5678
f 4621//4621 5678//5678 5686//5686
f 5686//5686 5678//5678 5680//5680
f 5686//5686 5680//5680 5688//5688
f 5688//5688 5680//5680 5682//5682
f 5688//5688 5682//5682 5685//5685
f 5685//5685 5682//5682 5695//5695
f 5685//5685 5695//5695 5683//5683
f 5683//5683 5695//5695 5690//5690
f 4632//4632 4631//4631 5670//5670
f 4615//4615 5672//5672 4631//4631
f 4631//4631 5672//5672 5671//5671
f 4631//4631 5671//5671 5670//5670
f 4614//4614 5677//5677 5676//5676
f 5676//5676 5675//5675 4614//4614
f 4614//4614 5675//5675 5674//5674
f 4614//4614 5674//5674 4615//4615
f 4615//4615 5674//5674 5673//5673
f 4615//4615 5673//5673 5672//5672
f 5670//5670 5699//5699 4632//4632
f 4632//4632 5699//5699 5384//5384
f 4632//4632 5384//5384 4463//4463
f 5693//5693 5694//5694 5700//5700
f 5701//5701 5702//5702 5703//5703
f 5704//5704 5705//5705 5706//5706
f 5701//5701 5703//5703 5707//5707
f 4656//4656 5708//5708 4657//4657
f 4657//4657 5708//5708 5709//5709
f 4657//4657 5709//5709 4658//4658
f 4658//4658 5709//5709 5710//5710
f 4658//4658 5710//5710 4659//4659
f 4659//4659 5710//5710 5711//5711
f 4659//4659 5711//5711 4660//4660
f 4660//4660 5711//5711 4661//4661
f 4661//4661 5711//5711 5712//5712
f 4661//4661 5712//5712 4662//4662
f 4662//4662 5712//5712 5696//5696
f 4662//4662 5696//5696 4663//4663
f 5713//5713 5689//5689 5691//5691
f 5691//5691 5714//5714 5713//5713
f 5713//5713 5714//5714 5715//5715
f 5713//5713 5715//5715 5716//5716
f 5716//5716 5715//5715 5717//5717
f 5716//5716 5717//5717 5718//5718
f 5718//5718 5717//5717 5719//5719
f 5718//5718 5719//5719 5720//5720
f 5720//5720 5719//5719 5703//5703
f 5720//5720 5703//5703 5706//5706
f 5706//5706 5703//5703 5702//5702
f 5706//5706 5702//5702 5704//5704
f 5708//5708 5721//5721 5709//5709
f 5709//5709 5721//5721 5722//5722
f 5709//5709 5722//5722 5710//5710
f 5710//5710 5722//5722 5723//5723
f 5710//5710 5723//5723 5711//5711
f 5711//5711 5723//5723 5724//5724
f 5711//5711 5724//5724 5712//5712
f 5712//5712 5724//5724 5700//5700
f 5712//5712 5700//5700 5696//5696
f 5696//5696 5700//5700 5694//5694
f 5691//5691 5693//5693 5714//5714
f 5714//5714 5693//5693 5700//5700
f 5714//5714 5700//5700 5715//5715
f 5715//5715 5700//5700 5724//5724
f 5715//5715 5724//5724 5717//5717
f 5717//5717 5724//5724 5723//5723
f 5717//5717 5723//5723 5719//5719
f 5719//5719 5723//5723 5722//5722
f 5719//5719 5722//5722 5703//5703
f 5703//5703 5722//5722 5721//5721
f 5703//5703 5721//5721 5707//5707
f 5707//5707 5721//5721 5708//5708
f 5707//5707 5708//5708 5725//5725
f 5725//5725 5708//5708 4656//4656
f 5725//5725 4656//4656 4655//4655
f 4708//4708 5726//5726 5727//5727
f 5726//5726 4708//4708 5728//5728
f 5728//5728 4708//4708 4707//4707
f 5728//5728 4707//4707 5729//5729
f 5729//5729 4707//4707 4706//4706
f 5729//5729 4706//4706 5382//5382
f 5382//5382 4706//4706 4692//4692
f 5382//5382 4692//4692 4441//4441
f 5730//5730 4710//4710 5727//5727
f 5727//5727 4710//4710 4709//4709
f 5727//5727 4709//4709 4708//4708
f 5730//5730 5731//5731 4710//4710
f 4710//4710 5731//5731 5732//5732
f 4710//4710 5732//5732 5733//5733
f 4654//4654 4651//4651 5734//5734
f 5735//5735 5736//5736 5737//5737
f 5738//5738 5701//5701 5707//5707
f 5739//5739 5740//5740 5741//5741
f 5741//5741 5740//5740 4653//4653
f 5741//5741 4653//4653 4645//4645
f 5742//5742 5705//5705 5743//5743
f 5743//5743 5705//5705 5704//5704
f 5743//5743 5704//5704 5738//5738
f 5738//5738 5704//5704 5702//5702
f 5738//5738 5702//5702 5701//5701
f 5734//5734 4651//4651 5740//5740
f 5740//5740 4651//4651 4652//4652
f 5740//5740 4652//4652 4653//4653
f 5707//5707 5725//5725 5734//5734
f 5734//5734 5725//5725 4655//4655
f 5734//5734 4655//4655 4654//4654
f 4710//4710 5744//5744 4704//4704
f 4704//4704 5744//5744 5745//5745
f 4704//4704 5745//5745 4703//4703
f 4703//4703 5745//5745 5739//5739
f 4703//4703 5739//5739 4711//4711
f 4711//4711 5739//5739 5741//5741
f 4711//4711 5741//5741 4705//4705
f 4705//4705 5741//5741 4645//4645
f 4705//4705 4645//4645 4644//4644
f 5746//5746 5742//5742 5747//5747
f 5747//5747 5742//5742 5743//5743
f 5747//5747 5743//5743 5737//5737
f 5737//5737 5743//5743 5738//5738
f 5737//5737 5738//5738 5735//5735
f 5735//5735 5738//5738 5707//5707
f 5707//5707 5734//5734 5735//5735
f 5735//5735 5734//5734 5740//5740
f 5735//5735 5740//5740 5736//5736
f 5736//5736 5740//5740 5739//5739
f 5736//5736 5739//5739 5737//5737
f 5737//5737 5739//5739 5745//5745
f 5737//5737 5745//5745 5747//5747
f 5747//5747 5745//5745 5744//5744
f 5747//5747 5744//5744 5746//5746
f 5748//5748 5727//5727 5749//5749
f 5749//5749 5727//5727 5726//5726
f 5749//5749 5726//5726 5750//5750
f 5750//5750 5726//5726 5728//5728
f 5750//5750 5728//5728 5751//5751
f 5733//5733 5732//5732 5752//5752
f 5752//5752 5732//5732 5731//5731
f 5752//5752 5731//5731 5748//5748
f 5748//5748 5731//5731 5730//5730
f 5748//5748 5730//5730 5727//5727
f 5753//5753 5754//5754 5755//5755
f 5756//5756 5757//5757 5758//5758
f 5756//5756 5758//5758 5759//5759
f 5759//5759 5758//5758 5760//5760
f 5759//5759 5760//5760 5761//5761
f 5761//5761 5760//5760 5762//5762
f 5761//5761 5762//5762 5763//5763
f 5763//5763 5762//5762 5764//5764
f 5763//5763 5764//5764 5765//5765
f 5765//5765 5764//5764 5750//5750
f 5765//5765 5750//5750 5751//5751
f 5752//5752 5748//5748 5766//5766
f 5766//5766 5748//5748 5767//5767
f 5766//5766 5767//5767 5768//5768
f 5768//5768 5767//5767 5769//5769
f 5768//5768 5769//5769 5770//5770
f 5770//5770 5769//5769 5771//5771
f 5770//5770 5771//5771 5772//5772
f 5773//5773 5774//5774 5771//5771
f 5771//5771 5774//5774 5775//5775
f 5771//5771 5775//5775 5772//5772
f 5776//5776 5774//5774 5777//5777
f 5777//5777 5774//5774 5773//5773
f 5777//5777 5773//5773 5778//5778
f 5757//5757 5753//5753 5758//5758
f 5758//5758 5753//5753 5755//5755
f 5758//5758 5755//5755 5760//5760
f 5760//5760 5755//5755 5779//5779
f 5760//5760 5779//5779 5762//5762
f 5762//5762 5779//5779 5780//5780
f 5762//5762 5780//5780 5764//5764
f 5764//5764 5780//5780 5781//5781
f 5764//5764 5781//5781 5750//5750
f 5750//5750 5781//5781 5749//5749
f 5754//5754 5778//5778 5755//5755
f 5755//5755 5778//5778 5773//5773
f 5755//5755 5773//5773 5779//5779
f 5779//5779 5773//5773 5771//5771
f 5779//5779 5771//5771 5780//5780
f 5780//5780 5771//5771 5769//5769
f 5780//5780 5769//5769 5781//5781
f 5781//5781 5769//5769 5767//5767
f 5781//5781 5767//5767 5749//5749
f 5749//5749 5767//5767 5748//5748
f 5756//5756 5782//5782 5757//5757
f 5757//5757 5782//5782 5783//5783
f 5757//5757 5783//5783 5753//5753
f 5784//5784 5754//5754 5785//5785
f 5785//5785 5754//5754 5753//5753
f 5785//5785 5753//5753 5786//5786
f 5786//5786 5753//5753 5783//5783
f 5787//5787 5776//5776 5788//5788
f 5788//5788 5776//5776 5777//5777
f 5788//5788 5777//5777 5784//5784
f 5784//5784 5777//5777 5778//5778
f 5784//5784 5778//5778 5754//5754
f 5789//5789 5790//5790 5791//5791
f 5784//5784 5785//5785 5792//5792
f 5786//5786 5783//5783 5793//5793
f 5794//5794 5795//5795 5796//5796
f 5794//5794 5796//5796 5797//5797
f 5797//5797 5796//5796 5798//5798
f 5797//5797 5798//5798 5799//5799
f 5799//5799 5798//5798 5800//5800
f 5799//5799 5800//5800 5801//5801
f 5801//5801 5800//5800 5802//5802
f 5801//5801 5802//5802 5803//5803
f 5803//5803 5802//5802 5793//5793
f 5803//5803 5793//5793 5804//5804
f 5804//5804 5793//5793 5783//5783
f 5804//5804 5783//5783 5782//5782
f 5787//5787 5788//5788 5805//5805
f 5805//5805 5788//5788 5806//5806
f 5805//5805 5806//5806 5807//5807
f 5807//5807 5806//5806 5808//5808
f 5807//5807 5808//5808 5809//5809
f 5809//5809 5808//5808 5810//5810
f 5809//5809 5810//5810 5811//5811
f 5811//5811 5810//5810 5812//5812
f 5811//5811 5812//5812 5813//5813
f 5814//5814 5815//5815 5812//5812
f 5812//5812 5815//5815 5816//5816
f 5812//5812 5816//5816 5813//5813
f 5817//5817 5815//5815 5818//5818
f 5818//5818 5815//5815 5814//5814
f 5818//5818 5814//5814 5819//5819
f 5788//5788 5784//5784 5806//5806
f 5806//5806 5784//5784 5792//5792
f 5806//5806 5792//5792 5808//5808
f 5808//5808 5792//5792 5820//5820
f 5808//5808 5820//5820 5810//5810
f 5810//5810 5820//5820 5821//5821
f 5810//5810 5821//5821 5812//5812
f 5812//5812 5821//5821 5822//5822
f 5812//5812 5822//5822 5814//5814
f 5814//5814 5822//5822 5791//5791
f 5814//5814 5791//5791 5819//5819
f 5819//5819 5791//5791 5790//5790
f 5785//5785 5786//5786 5792//5792
f 5792//5792 5786//5786 5793//5793
f 5792//5792 5793//5793 5820//5820
f 5820//5820 5793//5793 5802//5802
f 5820//5820 5802//5802 5821//5821
f 5821//5821 5802//5802 5800//5800
f 5821//5821 5800//5800 5822//5822
f 5822//5822 5800//5800 5798//5798
f 5822//5822 5798//5798 5791//5791
f 5791//5791 5798//5798 5796//5796
f 5791//5791 5796//5796 5789//5789
f 5789//5789 5796//5796 5795//5795
f 4728//4728 4729//4729 4339//4339
f 4339//4339 4338//4338 4728//4728
f 4728//4728 4338//4338 4344//4344
f 4728//4728 4344//4344 4727//4727
f 4727//4727 4344//4344 4354//4354
f 4727//4727 4354//4354 4734//4734
f 4734//4734 4354//4354 4355//4355
f 4734//4734 4355//4355 4739//4739
f 4716//4716 5823//5823 5824//5824
f 4716//4716 5824//5824 4718//4718
f 5824//5824 5825//5825 4718//4718
f 4718//4718 5825//5825 5383//5383
f 4718//4718 5383//5383 4443//4443
f 5823//5823 4716//4716 5826//5826
f 5826//5826 4716//4716 4714//4714
f 5826//5826 4714//4714 5827//5827
f 5828//5828 5829//5829 4739//4739
f 4739//4739 5829//5829 5830//5830
f 4739//4739 5830//5830 4714//4714
f 4714//4714 5830//5830 5831//5831
f 4714//4714 5831//5831 5827//5827
f 5794//5794 5824//5824 5795//5795
f 5795//5795 5824//5824 5823//5823
f 5795//5795 5823//5823 5789//5789
f 5789//5789 5823//5823 5826//5826
f 5789//5789 5826//5826 5790//5790
f 5790//5790 5826//5826 5827//5827
f 5790//5790 5827//5827 5819//5819
f 5819//5819 5827//5827 5831//5831
f 5819//5819 5831//5831 5818//5818
f 5818//5818 5831//5831 5830//5830
f 5818//5818 5830//5830 5817//5817
f 5817//5817 5830//5830 5829//5829
f 5817//5817 5829//5829 5828//5828
f 4352//4352 5832//5832 4353//4353
f 4353//4353 5832//5832 5833//5833
f 4353//4353 5833//5833 4355//4355
f 4355//4355 5833//5833 5834//5834
f 5835//5835 5836//5836 5837//5837
f 4741//4741 4744//4744 5838//5838
f 4746//4746 4748//4748 5839//5839
f 4343//4343 4741//4741 4342//4342
f 4342//4342 4741//4741 5838//5838
f 4342//4342 5838//5838 4346//4346
f 4753//4753 5840//5840 4754//4754
f 4754//4754 5840//5840 5841//5841
f 4754//4754 5841//5841 4756//4756
f 4756//4756 5841//5841 5839//5839
f 4756//4756 5839//5839 4758//4758
f 4758//4758 5839//5839 4748//4748
f 4758//4758 4748//4748 4749//4749
f 4753//4753 5835//5835 5840//5840
f 5840//5840 5835//5835 5837//5837
f 5840//5840 5837//5837 5841//5841
f 5841//5841 5837//5837 5842//5842
f 5841//5841 5842//5842 5839//5839
f 5839//5839 5842//5842 5838//5838
f 5839//5839 5838//5838 4746//4746
f 4746//4746 5838//5838 4744//4744
f 4346//4346 5838//5838 4347//4347
f 4347//4347 5838//5838 5842//5842
f 4347//4347 5842//5842 4348//4348
f 4348//4348 5842//5842 5837//5837
f 4348//4348 5837//5837 4350//4350
f 4350//4350 5837//5837 5836//5836
f 4350//4350 5836//5836 4352//4352
f 5843//5843 4753//4753 5844//5844
f 5844//5844 4753//4753 4752//4752
f 5844//5844 4752//4752 5845//5845
f 5845//5845 4752//4752 4760//4760
f 4759//4759 4750//4750 4751//4751
f 4751//4751 5846//5846 4759//4759
f 4759//4759 5846//5846 5847//5847
f 4759//4759 5847//5847 4757//4757
f 4757//4757 5847//5847 5848//5848
f 4757//4757 5848//5848 4755//4755
f 4755//4755 5848//5848 5849//5849
f 4755//4755 5849//5849 4760//4760
f 5850//5850 5851//5851 4761//4761
f 4761//4761 5851//5851 4762//4762
f 4762//4762 5851//5851 4771//4771
f 4771//4771 5851//5851 5852//5852
f 4771//4771 5852//5852 4770//4770
f 4770//4770 5852//5852 5853//5853
f 4770//4770 5853//5853 4765//4765
f 4765//4765 5853//5853 4780//4780
f 4780//4780 5853//5853 5854//5854
f 4780//4780 5854//5854 4777//4777
f 4777//4777 5854//5854 5846//5846
f 4777//4777 5846//5846 4751//4751
f 5855//5855 5849//5849 5848//5848
f 5848//5848 5856//5856 5855//5855
f 5855//5855 5856//5856 5857//5857
f 5855//5855 5857//5857 5858//5858
f 5858//5858 5857//5857 5859//5859
f 5858//5858 5859//5859 5860//5860
f 5860//5860 5859//5859 5861//5861
f 5860//5860 5861//5861 5862//5862
f 5862//5862 5861//5861 5863//5863
f 5862//5862 5863//5863 5864//5864
f 5850//5850 5865//5865 5851//5851
f 5851//5851 5865//5865 5866//5866
f 5851//5851 5866//5866 5852//5852
f 5852//5852 5866//5866 5867//5867
f 5852//5852 5867//5867 5853//5853
f 5853//5853 5867//5867 5868//5868
f 5853//5853 5868//5868 5854//5854
f 5854//5854 5868//5868 5869//5869
f 5854//5854 5869//5869 5846//5846
f 5846//5846 5869//5869 5847//5847
f 5865//5865 5863//5863 5866//5866
f 5866//5866 5863//5863 5861//5861
f 5866//5866 5861//5861 5867//5867
f 5867//5867 5861//5861 5859//5859
f 5867//5867 5859//5859 5868//5868
f 5868//5868 5859//5859 5857//5857
f 5868//5868 5857//5857 5869//5869
f 5869//5869 5857//5857 5856//5856
f 5869//5869 5856//5856 5847//5847
f 5847//5847 5856//5856 5848//5848
f 5870//5870 4826//4826 4827//4827
f 5850//5850 4761//4761 4826//4826
f 4826//4826 5870//5870 5850//5850
f 5850//5850 5870//5870 5871//5871
f 5850//5850 5871//5871 5865//5865
f 5865//5865 5871//5871 5872//5872
f 5865//5865 5872//5872 5863//5863
f 5873//5873 5874//5874 5875//5875
f 4827//4827 5876//5876 5870//5870
f 5870//5870 5876//5876 5877//5877
f 5870//5870 5877//5877 5871//5871
f 5871//5871 5877//5877 5873//5873
f 5871//5871 5873//5873 5872//5872
f 5872//5872 5873//5873 5875//5875
f 5872//5872 5875//5875 5863//5863
f 5863//5863 5875//5875 5864//5864
f 5878//5878 5879//5879 5880//5880
f 5881//5881 5882//5882 5883//5883
f 5884//5884 5885//5885 5886//5886
f 5886//5886 5885//5885 5887//5887
f 5886//5886 5887//5887 5888//5888
f 5884//5884 5886//5886 5889//5889
f 5889//5889 5886//5886 5890//5890
f 5889//5889 5890//5890 5891//5891
f 5891//5891 5890//5890 5892//5892
f 5891//5891 5892//5892 5893//5893
f 5893//5893 5892//5892 5876//5876
f 5893//5893 5876//5876 4827//4827
f 5894//5894 5874//5874 5873//5873
f 5873//5873 5895//5895 5894//5894
f 5894//5894 5895//5895 5896//5896
f 5894//5894 5896//5896 5897//5897
f 5897//5897 5896//5896 5883//5883
f 5897//5897 5883//5883 5898//5898
f 5898//5898 5883//5883 5882//5882
f 5898//5898 5882//5882 5899//5899
f 5873//5873 5877//5877 5895//5895
f 5895//5895 5877//5877 5900//5900
f 5895//5895 5900//5900 5896//5896
f 5896//5896 5900//5900 5901//5901
f 5896//5896 5901//5901 5883//5883
f 5883//5883 5901//5901 5880//5880
f 5883//5883 5880//5880 5881//5881
f 5881//5881 5880//5880 5879//5879
f 5877//5877 5876//5876 5900//5900
f 5900//5900 5876//5876 5892//5892
f 5900//5900 5892//5892 5901//5901
f 5901//5901 5892//5892 5890//5890
f 5901//5901 5890//5890 5880//5880
f 5880//5880 5890//5890 5886//5886
f 5880//5880 5886//5886 5878//5878
f 5878//5878 5886//5886 5888//5888
f 5902//5902 4811//4811 5903//5903
f 5903//5903 4811//4811 4822//4822
f 5903//5903 4822//4822 5904//5904
f 5904//5904 4822//4822 4821//4821
f 5904//5904 4821//4821 5905//5905
f 5905//5905 4821//4821 4813//4813
f 5905//5905 4813//4813 5906//5906
f 5906//5906 4813//4813 4812//4812
f 5906//5906 4812//4812 5907//5907
f 5907//5907 4812//4812 4825//4825
f 5907//5907 4825//4825 5908//5908
f 5908//5908 4825//4825 4824//4824
f 5908//5908 4824//4824 5909//5909
f 5909//5909 4824//4824 4823//4823
f 5909//5909 4823//4823 5910//5910
f 5910//5910 4823//4823 4814//4814
f 5910//5910 4814//4814 5911//5911
f 5911//5911 4814//4814 4815//4815
f 5911//5911 4815//4815 5912//5912
f 5912//5912 4815//4815 4817//4817
f 5912//5912 4817//4817 5913//5913
f 5913//5913 4817//4817 4818//4818
f 5913//5913 4818//4818 5902//5902
f 5902//5902 4818//4818 4811//4811
f 5405//5405 5409//5409 4794//4794
f 5409//5409 5411//5411 4794//4794
f 4794//4794 5411//5411 5914//5914
f 4794//4794 5914//5914 5915//5915
f 4799//4799 5403//5403 4798//4798
f 4798//4798 5403//5403 5405//5405
f 4798//4798 5405//5405 4793//4793
f 4793//4793 5405//5405 4794//4794
f 4803//4803 4372//4372 4467//4467
f 4467//4467 5395//5395 4803//4803
f 4803//4803 5395//5395 5398//5398
f 4803//4803 5398//5398 4801//4801
f 4801//4801 5398//5398 5397//5397
f 4801//4801 5397//5397 4799//4799
f 4799//4799 5397//5397 5401//5401
f 4799//4799 5401//5401 5403//5403
f 4809//4809 4792//4792 5916//5916
f 5916//5916 4792//4792 4791//4791
f 5916//5916 4791//4791 5917//5917
f 5917//5917 4791//4791 4808//4808
f 5917//5917 4808//4808 5918//5918
f 5918//5918 4808//4808 4795//4795
f 5918//5918 4795//4795 5919//5919
f 5919//5919 4795//4795 4794//4794
f 5919//5919 4794//4794 5920//5920
f 5920//5920 4841//4841 4840//4840
f 5920//5920 4840//4840 5919//5919
f 5919//5919 4840//4840 4842//4842
f 5919//5919 4842//4842 5918//5918
f 5918//5918 4842//4842 4828//4828
f 5918//5918 4828//4828 5917//5917
f 4816//4816 4809//4809 4828//4828
f 4828//4828 4809//4809 5916//5916
f 4828//4828 5916//5916 5917//5917
f 4827//4827 4395//4395 5893//5893
f 5893//5893 4395//4395 4832//4832
f 5893//5893 4832//4832 5891//5891
f 5891//5891 4832//4832 4834//4834
f 5891//5891 4834//4834 5889//5889
f 5889//5889 4834//4834 4835//4835
f 5889//5889 4835//4835 5884//5884
f 5884//5884 4835//4835 4837//4837
f 5884//5884 4837//4837 5885//5885
f 5885//5885 4837//4837 4839//4839
f 5885//5885 4839//4839 5887//5887
f 5887//5887 4839//4839 4841//4841
f 5887//5887 5921//5921 5888//5888
f 5888//5888 5921//5921 5922//5922
f 5888//5888 5922//5922 5878//5878
f 5878//5878 5922//5922 5879//5879
f 5879//5879 5922//5922 5923//5923
f 5879//5879 5923//5923 5881//5881
f 5881//5881 5923//5923 5882//5882
f 5882//5882 5923//5923 5924//5924
f 5882//5882 5924//5924 5899//5899
f 5925//5925 5914//5914 5411//5411
f 5925//5925 5417//5417 5926//5926
f 5926//5926 5417//5417 5421//5421
f 5413//5413 5417//5417 5925//5925
f 5413//5413 5925//5925 5412//5412
f 5412//5412 5925//5925 5411//5411
f 5422//5422 5927//5927 5421//5421
f 5421//5421 5927//5927 5928//5928
f 5421//5421 5928//5928 5926//5926
f 5926//5926 5928//5928 5929//5929
f 5926//5926 5929//5929 5930//5930
f 5930//5930 5931//5931 5926//5926
f 5926//5926 5931//5931 5932//5932
f 5926//5926 5932//5932 5925//5925
f 5925//5925 5932//5932 5915//5915
f 5925//5925 5915//5915 5914//5914
f 4870//4870 4868//4868 5933//5933
f 4865//4865 4875//4875 5934//5934
f 3922//3922 4891//4891 5935//5935
f 5935//5935 4891//4891 5936//5936
f 4875//4875 3913//3913 5934//5934
f 5934//5934 3913//3913 3911//3911
f 5934//5934 3911//3911 5935//5935
f 5935//5935 3911//3911 3910//3910
f 5935//5935 3910//3910 3922//3922
f 5933//5933 4868//4868 5934//5934
f 5934//5934 4868//4868 4866//4866
f 5934//5934 4866//4866 4865//4865
f 4850//4850 5937//5937 4853//4853
f 4853//4853 5937//5937 5938//5938
f 4853//4853 5938//5938 4852//4852
f 4850//4850 4848//4848 5937//5937
f 5937//5937 4848//4848 4873//4873
f 5937//5937 4873//4873 5933//5933
f 5933//5933 4873//4873 4872//4872
f 5933//5933 4872//4872 4870//4870
f 5939//5939 3946//3946 5938//5938
f 5938//5938 3946//3946 3962//3962
f 5938//5938 3962//3962 4852//4852
f 5940//5940 4930//4930 5939//5939
f 5939//5939 4930//4930 4877//4877
f 5939//5939 4877//4877 4876//4876
f 4876//4876 3942//3942 5939//5939
f 5939//5939 3942//3942 3944//3944
f 5939//5939 3944//3944 3946//3946
f 4934//4934 4933//4933 5941//5941
f 5941//5941 4933//4933 4927//4927
f 5941//5941 4927//4927 5940//5940
f 5940//5940 4927//4927 4926//4926
f 5940//5940 4926//4926 4930//4930
f 4934//4934 5941//5941 4936//4936
f 4936//4936 5941//5941 5942//5942
f 4936//4936 5942//5942 4938//4938
f 4938//4938 5942//5942 5943//5943
f 4938//4938 5943//5943 4941//4941
f 5944//5944 4944//4944 5943//5943
f 5943//5943 4944//4944 4942//4942
f 5943//5943 4942//4942 4941//4941
f 5945//5945 4884//4884 5944//5944
f 5944//5944 4884//4884 4945//4945
f 5944//5944 4945//4945 4944//4944
f 4891//4891 4890//4890 5936//5936
f 5936//5936 4890//4890 4889//4889
f 5936//5936 4889//4889 5945//5945
f 5945//5945 4889//4889 4886//4886
f 5945//5945 4886//4886 4884//4884
f 4000//4000 5005//5005 5946//5946
f 5946//5946 5005//5005 5015//5015
f 5946//5946 5015//5015 5947//5947
f 4990//4990 3987//3987 5948//5948
f 5948//5948 3987//3987 3985//3985
f 5948//5948 3985//3985 5946//5946
f 5946//5946 3985//3985 3984//3984
f 5946//5946 3984//3984 4000//4000
f 5949//5949 4994//4994 5948//5948
f 5948//5948 4994//4994 4991//4991
f 5948//5948 4991//4991 4990//4990
f 4971//4971 4969//4969 5950//5950
f 5950//5950 4969//4969 4967//4967
f 5950//5950 4967//4967 5949//5949
f 5949//5949 4967//4967 4966//4966
f 5949//5949 4966//4966 4994//4994
f 4977//4977 4976//4976 5951//5951
f 5951//5951 4976//4976 4974//4974
f 5951//5951 4974//4974 5950//5950
f 5950//5950 4974//4974 4972//4972
f 5950//5950 4972//4972 4971//4971
f 5952//5952 4007//4007 5951//5951
f 5951//5951 4007//4007 4008//4008
f 5951//5951 4008//4008 4977//4977
f 5953//5953 4997//4997 5952//5952
f 5952//5952 4997//4997 5040//5040
f 5040//5040 4005//4005 5952//5952
f 5952//5952 4005//4005 4004//4004
f 5952//5952 4004//4004 4007//4007
f 5954//5954 5955//5955 5051//5051
f 5051//5051 5050//5050 5954//5954
f 5954//5954 5050//5050 5048//5048
f 5954//5954 5048//5048 5953//5953
f 5953//5953 5048//5048 4998//4998
f 5953//5953 4998//4998 4997//4997
f 5956//5956 5957//5957 5059//5059
f 5059//5059 5057//5057 5956//5956
f 5956//5956 5057//5057 5055//5055
f 5956//5956 5055//5055 5955//5955
f 5955//5955 5055//5055 5053//5053
f 5955//5955 5053//5053 5051//5051
f 5958//5958 5062//5062 5957//5957
f 5957//5957 5062//5062 5061//5061
f 5957//5957 5061//5061 5059//5059
f 5015//5015 5006//5006 5947//5947
f 5947//5947 5006//5006 5008//5008
f 5947//5947 5008//5008 5958//5958
f 5958//5958 5008//5008 5010//5010
f 5958//5958 5010//5010 5062//5062
f 5091//5091 5093//5093 5959//5959
f 5959//5959 5093//5093 5094//5094
f 5959//5959 5094//5094 5960//5960
f 5091//5091 5959//5959 5089//5089
f 5089//5089 5959//5959 5961//5961
f 5089//5089 5961//5961 5161//5161
f 5170//5170 5169//5169 5962//5962
f 5962//5962 5169//5169 5167//5167
f 5962//5962 5167//5167 5961//5961
f 5961//5961 5167//5167 5178//5178
f 5961//5961 5178//5178 5161//5161
f 5226//5226 5197//5197 5963//5963
f 5963//5963 5197//5197 5195//5195
f 5963//5963 5195//5195 5964//5964
f 5964//5964 5195//5195 5194//5194
f 5964//5964 5194//5194 5962//5962
f 5962//5962 5194//5194 5171//5171
f 5962//5962 5171//5171 5170//5170
f 5212//5212 5213//5213 5965//5965
f 5965//5965 5213//5213 5228//5228
f 5965//5965 5228//5228 5963//5963
f 5963//5963 5228//5228 5225//5225
f 5963//5963 5225//5225 5226//5226
f 5212//5212 5965//5965 5121//5121
f 5121//5121 5965//5965 5966//5966
f 5121//5121 5966//5966 5122//5122
f 5113//5113 5127//5127 5967//5967
f 5967//5967 5127//5127 5126//5126
f 5967//5967 5126//5126 5966//5966
f 5966//5966 5126//5126 5124//5124
f 5966//5966 5124//5124 5122//5122
f 5113//5113 5967//5967 5115//5115
f 5115//5115 5967//5967 5968//5968
f 5115//5115 5968//5968 5117//5117
f 5117//5117 5968//5968 5119//5119
f 5119//5119 5968//5968 5969//5969
f 5119//5119 5969//5969 5120//5120
f 5103//5103 5111//5111 5970//5970
f 5970//5970 5111//5111 5110//5110
f 5970//5970 5110//5110 5969//5969
f 5969//5969 5110//5110 5108//5108
f 5969//5969 5108//5108 5120//5120
f 5094//5094 5096//5096 5960//5960
f 5960//5960 5096//5096 5101//5101
f 5960//5960 5101//5101 5971//5971
f 5971//5971 5101//5101 5100//5100
f 5100//5100 5098//5098 5971//5971
f 5971//5971 5098//5098 5106//5106
f 5971//5971 5106//5106 5970//5970
f 5970//5970 5106//5106 5105//5105
f 5970//5970 5105//5105 5103//5103
f 5323//5323 5972//5972 5259//5259
f 5259//5259 5972//5972 5973//5973
f 5974//5974 5234//5234 5973//5973
f 5973//5973 5234//5234 5253//5253
f 5973//5973 5253//5253 5259//5259
f 5239//5239 5238//5238 5974//5974
f 5974//5974 5238//5238 5235//5235
f 5974//5974 5235//5235 5234//5234
f 5975//5975 5279//5279 5976//5976
f 5976//5976 5279//5279 5268//5268
f 5976//5976 5268//5268 5974//5974
f 5974//5974 5268//5268 5267//5267
f 5974//5974 5267//5267 5239//5239
f 5291//5291 5290//5290 5977//5977
f 5977//5977 5290//5290 5297//5297
f 5297//5297 5296//5296 5977//5977
f 5977//5977 5296//5296 5295//5295
f 5977//5977 5295//5295 5975//5975
f 5975//5975 5295//5295 5305//5305
f 5975//5975 5305//5305 5279//5279
f 5349//5349 5978//5978 5346//5346
f 5346//5346 5978//5978 5979//5979
f 5346//5346 5979//5979 5344//5344
f 5349//5349 5348//5348 5978//5978
f 5978//5978 5348//5348 5352//5352
f 5978//5978 5352//5352 5977//5977
f 5977//5977 5352//5352 5351//5351
f 5977//5977 5351//5351 5291//5291
f 5344//5344 5979//5979 5342//5342
f 5342//5342 5979//5979 5980//5980
f 5342//5342 5980//5980 5341//5341
f 5334//5334 5336//5336 5981//5981
f 5981//5981 5336//5336 5337//5337
f 5981//5981 5337//5337 5980//5980
f 5980//5980 5337//5337 5339//5339
f 5980//5980 5339//5339 5341//5341
f 5334//5334 5981//5981 5332//5332
f 5332//5332 5981//5981 5982//5982
f 5332//5332 5982//5982 5331//5331
f 5983//5983 5327//5327 5982//5982
f 5982//5982 5327//5327 5329//5329
f 5982//5982 5329//5329 5331//5331
f 5326//5326 5325//5325 5984//5984
f 5984//5984 5325//5325 5315//5315
f 5984//5984 5315//5315 5983//5983
f 5983//5983 5315//5315 5314//5314
f 5983//5983 5314//5314 5327//5327
f 5323//5323 5322//5322 5972//5972
f 5972//5972 5322//5322 5320//5320
f 5972//5972 5320//5320 5984//5984
f 5984//5984 5320//5320 5318//5318
f 5984//5984 5318//5318 5326//5326
f 5985//5985 5986//5986 5824//5824
f 5987//5987 5988//5988 5382//5382
f 5782//5782 5989//5989 5804//5804
f 5804//5804 5989//5989 5990//5990
f 5991//5991 5383//5383 5986//5986
f 5986//5986 5383//5383 5825//5825
f 5986//5986 5825//5825 5824//5824
f 5765//5765 5751//5751 5992//5992
f 5824//5824 5794//5794 5985//5985
f 5985//5985 5794//5794 5797//5797
f 5985//5985 5797//5797 5993//5993
f 5993//5993 5797//5797 5799//5799
f 5993//5993 5799//5799 5994//5994
f 5994//5994 5799//5799 5801//5801
f 5994//5994 5801//5801 5990//5990
f 5990//5990 5801//5801 5803//5803
f 5990//5990 5803//5803 5804//5804
f 5991//5991 5995//5995 5383//5383
f 5383//5383 5995//5995 5996//5996
f 5383//5383 5996//5996 5382//5382
f 5382//5382 5996//5996 5997//5997
f 5382//5382 5997//5997 5987//5987
f 5988//5988 5992//5992 5382//5382
f 5382//5382 5992//5992 5751//5751
f 5382//5382 5751//5751 5729//5729
f 5729//5729 5751//5751 5728//5728
f 5763//5763 5765//5765 5761//5761
f 5761//5761 5765//5765 5992//5992
f 5761//5761 5992//5992 5759//5759
f 5759//5759 5992//5992 5998//5998
f 5759//5759 5998//5998 5756//5756
f 5756//5756 5998//5998 5999//5999
f 5756//5756 5999//5999 5782//5782
f 5782//5782 5999//5999 6000//6000
f 5782//5782 6000//6000 5989//5989
f 5699//5699 5670//5670 5660//5660
f 5660//5660 6001//6001 6002//6002
f 5659//5659 6003//6003 5660//5660
f 5660//5660 6003//6003 6004//6004
f 5660//5660 6004//6004 6001//6001
f 6005//6005 5596//5596 6006//6006
f 6006//6006 5596//5596 5385//5385
f 6006//6006 5385//5385 6007//6007
f 6008//6008 5630//5630 6009//6009
f 6009//6009 5630//5630 5584//5584
f 6009//6009 5584//5584 6005//6005
f 6005//6005 5584//5584 5583//5583
f 6005//6005 5583//5583 5596//5596
f 5699//5699 5660//5660 5384//5384
f 5384//5384 5660//5660 6002//6002
f 5384//5384 6002//6002 5385//5385
f 5385//5385 6002//6002 6010//6010
f 5385//5385 6010//6010 6007//6007
f 5659//5659 5664//5664 6003//6003
f 6003//6003 5664//5664 5666//5666
f 6003//6003 5666//5666 6011//6011
f 6011//6011 5666//5666 5667//5667
f 6011//6011 5667//5667 6012//6012
f 6012//6012 5667//5667 5640//5640
f 6012//6012 5640//5640 6013//6013
f 6013//6013 5640//5640 5621//5621
f 6013//6013 5621//5621 6014//6014
f 6014//6014 5621//5621 5620//5620
f 6014//6014 5620//5620 6015//6015
f 6015//6015 5620//5620 5625//5625
f 6015//6015 5625//5625 6016//6016
f 6016//6016 5625//5625 5627//5627
f 6016//6016 5627//5627 6008//6008
f 6008//6008 5627//5627 5629//5629
f 6008//6008 5629//5629 5630//5630
f 6017//6017 6018//6018 6019//6019
f 6019//6019 6018//6018 5422//5422
f 6019//6019 5422//5422 5420//5420
f 6020//6020 6017//6017 6021//6021
f 6021//6021 6017//6017 6019//6019
f 6021//6021 6019//6019 6022//6022
f 6022//6022 6019//6019 5420//5420
f 6022//6022 5420//5420 5419//5419
f 5389//5389 5391//5391 6020//6020
f 5394//5394 5407//5407 6023//6023
f 5407//5407 5399//5399 6023//6023
f 6023//6023 5399//5399 5400//5400
f 6023//6023 5400//5400 5424//5424
f 6020//6020 5391//5391 6023//6023
f 6023//6023 5391//5391 5393//5393
f 6023//6023 5393//5393 5394//5394
f 6022//6022 5419//5419 6021//6021
f 6021//6021 5419//5419 5416//5416
f 6021//6021 5416//5416 6020//6020
f 6020//6020 5416//5416 5415//5415
f 6020//6020 5415//5415 5389//5389
f 6023//6023 5424//5424 6024//6024
f 6024//6024 5424//5424 5432//5432
f 6024//6024 5432//5432 6025//6025
f 6025//6025 5432//5432 6026//6026
f 6026//6026 5432//5432 5430//5430
f 6026//6026 5430//5430 6027//6027
f 6027//6027 5430//5430 6028//6028
f 6028//6028 5430//5430 5428//5428
f 6028//6028 5428//5428 6029//6029
f 6029//6029 5428//5428 6030//6030
f 6030//6030 5428//5428 5426//5426
f 6030//6030 5426//5426 6031//6031
f 6031//6031 5426//5426 6032//6032
f 6032//6032 5426//5426 5433//5433
f 6032//6032 5433//5433 6033//6033
f 6033//6033 5433//5433 5442//5442
f 6033//6033 5442//5442 6034//6034
f 6034//6034 5442//5442 6035//6035
f 6035//6035 5442//5442 5440//5440
f 6035//6035 5440//5440 6036//6036
f 6036//6036 5440//5440 6037//6037
f 6037//6037 5440//5440 5438//5438
f 6037//6037 5438//5438 6038//6038
f 6038//6038 5438//5438 6039//6039
f 6039//6039 5438//5438 5436//5436
f 6039//6039 5436//5436 6040//6040
f 6041//6041 6040//6040 5436//5436
f 5443//5443 5450//5450 6041//6041
f 6041//6041 5450//5450 5449//5449
f 5444//5444 5443//5443 5446//5446
f 5446//5446 5443//5443 6041//6041
f 5446//5446 6041//6041 5447//5447
f 5447//5447 6041//6041 5436//5436
f 5449//5449 5474//5474 6041//6041
f 6041//6041 5474//5474 5475//5475
f 6041//6041 5475//5475 5479//5479
f 5479//5479 5477//5477 6041//6041
f 6041//6041 5477//5477 6042//6042
f 6041//6041 6042//6042 6043//6043
f 6044//6044 6045//6045 6046//6046
f 6046//6046 6045//6045 6047//6047
f 6046//6046 6047//6047 5480//5480
f 5480//5480 6047//6047 5476//5476
f 6045//6045 6041//6041 6047//6047
f 6047//6047 6041//6041 6043//6043
f 6047//6047 6043//6043 5476//5476
f 5476//5476 6043//6043 6042//6042
f 5476//5476 6042//6042 5477//5477
f 5499//5499 5495//5495 6048//6048
f 6049//6049 6050//6050 6051//6051
f 5499//5499 6048//6048 5498//5498
f 5480//5480 5498//5498 6052//6052
f 6052//6052 5498//5498 6048//6048
f 6052//6052 6048//6048 6051//6051
f 6051//6051 6048//6048 6053//6053
f 6051//6051 6053//6053 6049//6049
f 6049//6049 6053//6053 6054//6054
f 5495//5495 5496//5496 6048//6048
f 6048//6048 5496//5496 5497//5497
f 6048//6048 5497//5497 6053//6053
f 6053//6053 5497//5497 6055//6055
f 6053//6053 6055//6055 6054//6054
f 5497//5497 5493//5493 4527//4527
f 5497//5497 4527//4527 6055//6055
f 4490//4490 5487//5487 5491//5491
f 5491//5491 5487//5487 5500//5500
f 5491//5491 5500//5500 4527//4527
f 4527//4527 5500//5500 6054//6054
f 4527//4527 6054//6054 6055//6055
f 5523//5523 5525//5525 5557//5557
f 5565//5565 5511//5511 5566//5566
f 5566//5566 5511//5511 5512//5512
f 5566//5566 5512//5512 5567//5567
f 5565//5565 5564//5564 5511//5511
f 5511//5511 5564//5564 5563//5563
f 5511//5511 5563//5563 5569//5569
f 5567//5567 5512//5512 5568//5568
f 5568//5568 5512//5512 5518//5518
f 5568//5568 5518//5518 5557//5557
f 5557//5557 5518//5518 5521//5521
f 5557//5557 5521//5521 5523//5523
f 5549//5549 5551//5551 5560//5560
f 5560//5560 5551//5551 4576//4576
f 5560//5560 4576//4576 5561//5561
f 5561//5561 4576//4576 5569//5569
f 5561//5561 5569//5569 5562//5562
f 5562//5562 5569//5569 5563//5563
f 5525//5525 5534//5534 5557//5557
f 5557//5557 5534//5534 5533//5533
f 5557//5557 5533//5533 5558//5558
f 5558//5558 5533//5533 5542//5542
f 5558//5558 5542//5542 5559//5559
f 5559//5559 5542//5542 5545//5545
f 5559//5559 5545//5545 5560//5560
f 5560//5560 5545//5545 5547//5547
f 5560//5560 5547//5547 5549//5549
f 5571//5571 4570//4570 5573//5573
f 5571//5571 5573//5573 5599//5599
f 5599//5599 5573//5573 5572//5572
f 5599//5599 5572//5572 4147//4147
f 5592//5592 6056//6056 5590//5590
f 5590//5590 6056//6056 5597//5597
f 5590//5590 5597//5597 4598//4598
f 4598//4598 5597//5597 4143//4143
f 6056//6056 5592//5592 6057//6057
f 6057//6057 5592//5592 5606//5606
f 6057//6057 5606//5606 6058//6058
f 6058//6058 5606//5606 5607//5607
f 6058//6058 5607//5607 6059//6059
f 6059//6059 5607//5607 5609//5609
f 6059//6059 5609//5609 6060//6060
f 6060//6060 5609//5609 5611//5611
f 6060//6060 5611//5611 6061//6061
f 6061//6061 5611//5611 5613//5613
f 6061//6061 5613//5613 6062//6062
f 6062//6062 5613//5613 5616//5616
f 6062//6062 5616//5616 6063//6063
f 6063//6063 5616//5616 5615//5615
f 6063//6063 5615//5615 6064//6064
f 6064//6064 5615//5615 5617//5617
f 6065//6065 6064//6064 5634//5634
f 5634//5634 6064//6064 5617//5617
f 6065//6065 5634//5634 6066//6066
f 6066//6066 5634//5634 5647//5647
f 6066//6066 5647//5647 6067//6067
f 6067//6067 5647//5647 5648//5648
f 6067//6067 5648//5648 6068//6068
f 6068//6068 5648//5648 5650//5650
f 6068//6068 5650//5650 6069//6069
f 6069//6069 5650//5650 5652//5652
f 6069//6069 5652//5652 6070//6070
f 6070//6070 5652//5652 5655//5655
f 6070//6070 5655//5655 6071//6071
f 6071//6071 5655//5655 5654//5654
f 6071//6071 5654//5654 6072//6072
f 6072//6072 5654//5654 5656//5656
f 5677//5677 6073//6073 5656//5656
f 5656//5656 6073//6073 6072//6072
f 5689//5689 6074//6074 5690//5690
f 5690//5690 6074//6074 6075//6075
f 5690//5690 6075//6075 5683//5683
f 5683//5683 6075//6075 5684//5684
f 5684//5684 6075//6075 6076//6076
f 5684//5684 6076//6076 5697//5697
f 6077//6077 5698//5698 6078//6078
f 6078//6078 5698//5698 5697//5697
f 6078//6078 5697//5697 6079//6079
f 6079//6079 5697//5697 6076//6076
f 6077//6077 6073//6073 5698//5698
f 5698//5698 6073//6073 5677//5677
f 5698//5698 5677//5677 4614//4614
f 5706//5706 5705//5705 6080//6080
f 6074//6074 5689//5689 5713//5713
f 5713//5713 5716//5716 6074//6074
f 6074//6074 5716//5716 5718//5718
f 6074//6074 5718//5718 6080//6080
f 6080//6080 5718//5718 5720//5720
f 6080//6080 5720//5720 5706//5706
f 5733//5733 6081//6081 6082//6082
f 5744//5744 4710//4710 5733//5733
f 5733//5733 6082//6082 5744//5744
f 5744//5744 6082//6082 6083//6083
f 5744//5744 6083//6083 5746//5746
f 6083//6083 6084//6084 5746//5746
f 5746//5746 6084//6084 6085//6085
f 5746//5746 6085//6085 5742//5742
f 6085//6085 6086//6086 5742//5742
f 5742//5742 6086//6086 6080//6080
f 5742//5742 6080//6080 5705//5705
f 5752//5752 6087//6087 5733//5733
f 5733//5733 6087//6087 6081//6081
f 5776//5776 6088//6088 5774//5774
f 5774//5774 6088//6088 6089//6089
f 5774//5774 6089//6089 5775//5775
f 5775//5775 6089//6089 6090//6090
f 5775//5775 6090//6090 5772//5772
f 5772//5772 6090//6090 6091//6091
f 5772//5772 6091//6091 5770//5770
f 5770//5770 6091//6091 6092//6092
f 5770//5770 6092//6092 5768//5768
f 5768//5768 6092//6092 6093//6093
f 5768//5768 6093//6093 5766//5766
f 5766//5766 6093//6093 6094//6094
f 5766//5766 6094//6094 5752//5752
f 5752//5752 6094//6094 6087//6087
f 6095//6095 6088//6088 5787//5787
f 5787//5787 6088//6088 5776//5776
f 5817//5817 6096//6096 5815//5815
f 5815//5815 6096//6096 6097//6097
f 5815//5815 6097//6097 5816//5816
f 5816//5816 6097//6097 6098//6098
f 5816//5816 6098//6098 5813//5813
f 5813//5813 6098//6098 6099//6099
f 5813//5813 6099//6099 5811//5811
f 5811//5811 6099//6099 6100//6100
f 5811//5811 6100//6100 5809//5809
f 5809//5809 6100//6100 6101//6101
f 5809//5809 6101//6101 5807//5807
f 5807//5807 6101//6101 6102//6102
f 5807//5807 6102//6102 5805//5805
f 5805//5805 6102//6102 6103//6103
f 5805//5805 6103//6103 5787//5787
f 5787//5787 6103//6103 6095//6095
f 4739//4739 4355//4355 5828//5828
f 5828//5828 4355//4355 5834//5834
f 5828//5828 5834//5834 5817//5817
f 5817//5817 5834//5834 6096//6096
f 5843//5843 5832//5832 4352//4352
f 4352//4352 5836//5836 5843//5843
f 5843//5843 5836//5836 5835//5835
f 5843//5843 5835//5835 4753//4753
f 5902//5902 5875//5875 5874//5874
f 5845//5845 4760//4760 5905//5905
f 5905//5905 4760//4760 5849//5849
f 5905//5905 5906//5906 5845//5845
f 5845//5845 5906//5906 5907//5907
f 5845//5845 5907//5907 5924//5924
f 5924//5924 5907//5907 5908//5908
f 5924//5924 5908//5908 5909//5909
f 5909//5909 5910//5910 5924//5924
f 5924//5924 5910//5910 5911//5911
f 5924//5924 5911//5911 5899//5899
f 5899//5899 5911//5911 5912//5912
f 5899//5899 5912//5912 5898//5898
f 5898//5898 5912//5912 5913//5913
f 5898//5898 5913//5913 5897//5897
f 5897//5897 5913//5913 5902//5902
f 5897//5897 5902//5902 5894//5894
f 5894//5894 5902//5902 5874//5874
f 5849//5849 5855//5855 5905//5905
f 5905//5905 5855//5855 5858//5858
f 5905//5905 5858//5858 5904//5904
f 5904//5904 5858//5858 5860//5860
f 5904//5904 5860//5860 5903//5903
f 5903//5903 5860//5860 5862//5862
f 5903//5903 5862//5862 5902//5902
f 5902//5902 5862//5862 5864//5864
f 5902//5902 5864//5864 5875//5875
f 5915//5915 5932//5932 4794//4794
f 4794//4794 5932//5932 5931//5931
f 5887//5887 4841//4841 5921//5921
f 5921//5921 4841//4841 5920//5920
f 5921//5921 5920//5920 6104//6104
f 6104//6104 5920//5920 4794//4794
f 6104//6104 4794//4794 6105//6105
f 6105//6105 4794//4794 5931//5931
f 6106//6106 6107//6107 6108//6108
f 6109//6109 6104//6104 5929//5929
f 5929//5929 6104//6104 6105//6105
f 5929//5929 6105//6105 5930//5930
f 5930//5930 6105//6105 5931//5931
f 6109//6109 5929//5929 6108//6108
f 6108//6108 5929//5929 5928//5928
f 6108//6108 5928//5928 6106//6106
f 6106//6106 5928//5928 5927//5927
f 6106//6106 5927//5927 5422//5422
f 5941//5941 5940//5940 6110//6110
f 6110//6110 5940//5940 5939//5939
f 6110//6110 5939//5939 6111//6111
f 6111//6111 5939//5939 5938//5938
f 6111//6111 5938//5938 6112//6112
f 6112//6112 5938//5938 5937//5937
f 6112//6112 5937//5937 6113//6113
f 6113//6113 5937//5937 5933//5933
f 6113//6113 5933//5933 6114//6114
f 6114//6114 5933//5933 5934//5934
f 6114//6114 5934//5934 6115//6115
f 6115//6115 5934//5934 5935//5935
f 6115//6115 5935//5935 6116//6116
f 6116//6116 5935//5935 5936//5936
f 6116//6116 5936//5936 6117//6117
f 6117//6117 5936//5936 5945//5945
f 6117//6117 5945//5945 6118//6118
f 6118//6118 5945//5945 5944//5944
f 6118//6118 5944//5944 6119//6119
f 6119//6119 5944//5944 5943//5943
f 6119//6119 5943//5943 6120//6120
f 6120//6120 5943//5943 5942//5942
f 6120//6120 5942//5942 6121//6121
f 6121//6121 5942//5942 5941//5941
f 6121//6121 5941//5941 6110//6110
f 5948//5948 5946//5946 6122//6122
f 6122//6122 5946//5946 5947//5947
f 6122//6122 5947//5947 6123//6123
f 6123//6123 5947//5947 5958//5958
f 6123//6123 5958//5958 6124//6124
f 6124//6124 5958//5958 5957//5957
f 6124//6124 5957//5957 6125//6125
f 6125//6125 5957//5957 5956//5956
f 6125//6125 5956//5956 6126//6126
f 6126//6126 5956//5956 5955//5955
f 6126//6126 5955//5955 6127//6127
f 6127//6127 5955//5955 5954//5954
f 6127//6127 5954//5954 6128//6128
f 6128//6128 5954//5954 5953//5953
f 6128//6128 5953//5953 6129//6129
f 6129//6129 5953//5953 5952//5952
f 6129//6129 5952//5952 6130//6130
f 6130//6130 5952//5952 5951//5951
f 6130//6130 5951//5951 6131//6131
f 6131//6131 5951//5951 5950//5950
f 6131//6131 5950//5950 6132//6132
f 6132//6132 5950//5950 5949//5949
f 6132//6132 5949//5949 6133//6133
f 6133//6133 5949//5949 5948//5948
f 6133//6133 5948//5948 6122//6122
f 5961//5961 5959//5959 6134//6134
f 6134//6134 5959//5959 5960//5960
f 6134//6134 5960//5960 6135//6135
f 6135//6135 5960//5960 5971//5971
f 6135//6135 5971//5971 6136//6136
f 6136//6136 5971//5971 5970//5970
f 6136//6136 5970//5970 6137//6137
f 6137//6137 5970//5970 5969//5969
f 6137//6137 5969//5969 6138//6138
f 6138//6138 5969//5969 5968//5968
f 6138//6138 5968//5968 6139//6139
f 6139//6139 5968//5968 5967//5967
f 6139//6139 5967//5967 6140//6140
f 6140//6140 5967//5967 5966//5966
f 6140//6140 5966//5966 6141//6141
f 6141//6141 5966//5966 5965//5965
f 6141//6141 5965//5965 6142//6142
f 6142//6142 5965//5965 5963//5963
f 6142//6142 5963//5963 6143//6143
f 6143//6143 5963//5963 5964//5964
f 6143//6143 5964//5964 6144//6144
f 6144//6144 5964//5964 5962//5962
f 6144//6144 5962//5962 6145//6145
f 6145//6145 5962//5962 5961//5961
f 6145//6145 5961//5961 6134//6134
f 5980//5980 5979//5979 6146//6146
f 6146//6146 5979//5979 5978//5978
f 6146//6146 5978//5978 6147//6147
f 6147//6147 5978//5978 5977//5977
f 6147//6147 5977//5977 6148//6148
f 6148//6148 5977//5977 5975//5975
f 6148//6148 5975//5975 6149//6149
f 6149//6149 5975//5975 5976//5976
f 6149//6149 5976//5976 6150//6150
f 6150//6150 5976//5976 5974//5974
f 6150//6150 5974//5974 6151//6151
f 6151//6151 5974//5974 5973//5973
f 6151//6151 5973//5973 6152//6152
f 6152//6152 5973//5973 5972//5972
f 6152//6152 5972//5972 6153//6153
f 6153//6153 5972//5972 5984//5984
f 6153//6153 5984//5984 6154//6154
f 6154//6154 5984//5984 5983//5983
f 6154//6154 5983//5983 6155//6155
f 6155//6155 5983//5983 5982//5982
f 6155//6155 5982//5982 6156//6156
f 6156//6156 5982//5982 5981//5981
f 6156//6156 5981//5981 6157//6157
f 6157//6157 5981//5981 5980//5980
f 6157//6157 5980//5980 6146//6146
f 6158//6158 5995//5995 6159//6159
f 6159//6159 5995//5995 5991//5991
f 6159//6159 5991//5991 6160//6160
f 6160//6160 5991//5991 5986//5986
f 6160//6160 5986//5986 6161//6161
f 6161//6161 5986//5986 5985//5985
f 6161//6161 5985//5985 6162//6162
f 6162//6162 5985//5985 5993//5993
f 6162//6162 5993//5993 6163//6163
f 6163//6163 5993//5993 5994//5994
f 6163//6163 5994//5994 6164//6164
f 6164//6164 5994//5994 5990//5990
f 6164//6164 5990//5990 6165//6165
f 6165//6165 5990//5990 5989//5989
f 6165//6165 5989//5989 6166//6166
f 6166//6166 5989//5989 6000//6000
f 6166//6166 6000//6000 6167//6167
f 6167//6167 6000//6000 5999//5999
f 6167//6167 5999//5999 6168//6168
f 6168//6168 5999//5999 5998//5998
f 6168//6168 5998//5998 6169//6169
f 6169//6169 5998//5998 5992//5992
f 6169//6169 5992//5992 6170//6170
f 6170//6170 5992//5992 5988//5988
f 6170//6170 5988//5988 6171//6171
f 6171//6171 5988//5988 5987//5987
f 6171//6171 5987//5987 6172//6172
f 6172//6172 5987//5987 5997//5997
f 6172//6172 5997//5997 6173//6173
f 6173//6173 5997//5997 5996//5996
f 6173//6173 5996//5996 6158//6158
f 6158//6158 5996//5996 5995//5995
f 6174//6174 6175//6175 6176//6176
f 6176//6176 6175//6175 6177//6177
f 6176//6176 6177//6177 6178//6178
f 6178//6178 6177//6177 6179//6179
f 6178//6178 6179//6179 6180//6180
f 6180//6180 6179//6179 6181//6181
f 6180//6180 6181//6181 6182//6182
f 6182//6182 6181//6181 6183//6183
f 6182//6182 6183//6183 6184//6184
f 6185//6185 6186//6186 6187//6187
f 6187//6187 6186//6186 6188//6188
f 6187//6187 6188//6188 6189//6189
f 6189//6189 6188//6188 6190//6190
f 6189//6189 6190//6190 6191//6191
f 6191//6191 6190//6190 6192//6192
f 6191//6191 6192//6192 6193//6193
f 6193//6193 6192//6192 6194//6194
f 6193//6193 6194//6194 6183//6183
f 6183//6183 6194//6194 6195//6195
f 6183//6183 6195//6195 6184//6184
f 6185//6185 6187//6187 6196//6196
f 6196//6196 6187//6187 6197//6197
f 6196//6196 6197//6197 6198//6198
f 6198//6198 6197//6197 6199//6199
f 6198//6198 6199//6199 6200//6200
f 6200//6200 6199//6199 6201//6201
f 6200//6200 6201//6201 6202//6202
f 6202//6202 6201//6201 6203//6203
f 6202//6202 6203//6203 6204//6204
f 6174//6174 6205//6205 6175//6175
f 6175//6175 6205//6205 6206//6206
f 6175//6175 6206//6206 6207//6207
f 6207//6207 6206//6206 6208//6208
f 6207//6207 6208//6208 6209//6209
f 6209//6209 6208//6208 6210//6210
f 6209//6209 6210//6210 6211//6211
f 6211//6211 6210//6210 6212//6212
f 6211//6211 6212//6212 6203//6203
f 6203//6203 6212//6212 6213//6213
f 6203//6203 6213//6213 6204//6204
f 6189//6189 6214//6214 6187//6187
f 6187//6187 6214//6214 6215//6215
f 6187//6187 6215//6215 6197//6197
f 6197//6197 6215//6215 6216//6216
f 6197//6197 6216//6216 6199//6199
f 6199//6199 6216//6216 6217//6217
f 6199//6199 6217//6217 6201//6201
f 6201//6201 6217//6217 6218//6218
f 6201//6201 6218//6218 6203//6203
f 6203//6203 6218//6218 6219//6219
f 6203//6203 6219//6219 6211//6211
f 6211//6211 6219//6219 6220//6220
f 6211//6211 6220//6220 6209//6209
f 6209//6209 6220//6220 6221//6221
f 6209//6209 6221//6221 6207//6207
f 6207//6207 6221//6221 6222//6222
f 6207//6207 6222//6222 6175//6175
f 6175//6175 6222//6222 6223//6223
f 6175//6175 6223//6223 6177//6177
f 6177//6177 6223//6223 6224//6224
f 6177//6177 6224//6224 6179//6179
f 6179//6179 6224//6224 6225//6225
f 6179//6179 6225//6225 6181//6181
f 6181//6181 6225//6225 6226//6226
f 6181//6181 6226//6226 6183//6183
f 6183//6183 6226//6226 6227//6227
f 6183//6183 6227//6227 6193//6193
f 6193//6193 6227//6227 6228//6228
f 6193//6193 6228//6228 6191//6191
f 6191//6191 6228//6228 6229//6229
f 6191//6191 6229//6229 6189//6189
f 6189//6189 6229//6229 6214//6214
f 6214//6214 6166//6166 6215//6215
f 6215//6215 6166//6166 6167//6167
f 6215//6215 6167//6167 6216//6216
f 6216//6216 6167//6167 6168//6168
f 6216//6216 6168//6168 6217//6217
f 6217//6217 6168//6168 6169//6169
f 6217//6217 6169//6169 6218//6218
f 6218//6218 6169//6169 6170//6170
f 6218//6218 6170//6170 6219//6219
f 6219//6219 6170//6170 6171//6171
f 6219//6219 6171//6171 6220//6220
f 6220//6220 6171//6171 6172//6172
f 6220//6220 6172//6172 6221//6221
f 6221//6221 6172//6172 6173//6173
f 6221//6221 6173//6173 6222//6222
f 6222//6222 6173//6173 6158//6158
f 6222//6222 6158//6158 6223//6223
f 6223//6223 6158//6158 6159//6159
f 6223//6223 6159//6159 6224//6224
f 6224//6224 6159//6159 6160//6160
f 6224//6224 6160//6160 6225//6225
f 6225//6225 6160//6160 6161//6161
f 6225//6225 6161//6161 6226//6226
f 6226//6226 6161//6161 6162//6162
f 6226//6226 6162//6162 6227//6227
f 6227//6227 6162//6162 6163//6163
f 6227//6227 6163//6163 6228//6228
f 6228//6228 6163//6163 6164//6164
f 6228//6228 6164//6164 6229//6229
f 6229//6229 6164//6164 6165//6165
f 6229//6229 6165//6165 6214//6214
f 6214//6214 6165//6165 6166//6166
f 6230//6230 6002//6002 6231//6231
f 6231//6231 6002//6002 6001//6001
f 6231//6231 6001//6001 6232//6232
f 6232//6232 6001//6001 6004//6004
f 6232//6232 6004//6004 6233//6233
f 6233//6233 6004//6004 6003//6003
f 6233//6233 6003//6003 6234//6234
f 6234//6234 6003//6003 6011//6011
f 6234//6234 6011//6011 6235//6235
f 6235//6235 6011//6011 6012//6012
f 6235//6235 6012//6012 6236//6236
f 6236//6236 6012//6012 6013//6013
f 6236//6236 6013//6013 6237//6237
f 6237//6237 6013//6013 6014//6014
f 6237//6237 6014//6014 6238//6238
f 6238//6238 6014//6014 6015//6015
f 6238//6238 6015//6015 6239//6239
f 6239//6239 6015//6015 6016//6016
f 6239//6239 6016//6016 6240//6240
f 6240//6240 6016//6016 6008//6008
f 6240//6240 6008//6008 6241//6241
f 6241//6241 6008//6008 6009//6009
f 6241//6241 6009//6009 6242//6242
f 6242//6242 6009//6009 6005//6005
f 6242//6242 6005//6005 6243//6243
f 6243//6243 6005//6005 6006//6006
f 6243//6243 6006//6006 6244//6244
f 6244//6244 6006//6006 6007//6007
f 6244//6244 6007//6007 6245//6245
f 6245//6245 6007//6007 6010//6010
f 6245//6245 6010//6010 6230//6230
f 6230//6230 6010//6010 6002//6002
f 6246//6246 6247//6247 6248//6248
f 6248//6248 6247//6247 6249//6249
f 6248//6248 6249//6249 6250//6250
f 6250//6250 6249//6249 6251//6251
f 6250//6250 6251//6251 6252//6252
f 6252//6252 6251//6251 6253//6253
f 6252//6252 6253//6253 6254//6254
f 6254//6254 6253//6253 6255//6255
f 6254//6254 6255//6255 6256//6256
f 6257//6257 6258//6258 6259//6259
f 6259//6259 6258//6258 6260//6260
f 6259//6259 6260//6260 6261//6261
f 6261//6261 6260//6260 6262//6262
f 6261//6261 6262//6262 6263//6263
f 6263//6263 6262//6262 6264//6264
f 6263//6263 6264//6264 6265//6265
f 6265//6265 6264//6264 6266//6266
f 6265//6265 6266//6266 6255//6255
f 6255//6255 6266//6266 6267//6267
f 6255//6255 6267//6267 6256//6256
f 6257//6257 6259//6259 6268//6268
f 6268//6268 6259//6259 6269//6269
f 6268//6268 6269//6269 6270//6270
f 6270//6270 6269//6269 6271//6271
f 6270//6270 6271//6271 6272//6272
f 6272//6272 6271//6271 6273//6273
f 6272//6272 6273//6273 6274//6274
f 6274//6274 6273//6273 6275//6275
f 6274//6274 6275//6275 6276//6276
f 6246//6246 6277//6277 6247//6247
f 6247//6247 6277//6277 6278//6278
f 6247//6247 6278//6278 6279//6279
f 6279//6279 6278//6278 6280//6280
f 6279//6279 6280//6280 6281//6281
f 6281//6281 6280//6280 6282//6282
f 6281//6281 6282//6282 6283//6283
f 6283//6283 6282//6282 6284//6284
f 6283//6283 6284//6284 6275//6275
f 6275//6275 6284//6284 6285//6285
f 6275//6275 6285//6285 6276//6276
f 6261//6261 6286//6286 6259//6259
f 6259//6259 6286//6286 6287//6287
f 6259//6259 6287//6287 6269//6269
f 6269//6269 6287//6287 6288//6288
f 6269//6269 6288//6288 6271//6271
f 6271//6271 6288//6288 6289//6289
f 6271//6271 6289//6289 6273//6273
f 6273//6273 6289//6289 6290//6290
f 6273//6273 6290//6290 6275//6275
f 6275//6275 6290//6290 6291//6291
f 6275//6275 6291//6291 6283//6283
f 6283//6283 6291//6291 6292//6292
f 6283//6283 6292//6292 6281//6281
f 6281//6281 6292//6292 6293//6293
f 6281//6281 6293//6293 6279//6279
f 6279//6279 6293//6293 6294//6294
f 6279//6279 6294//6294 6247//6247
f 6247//6247 6294//6294 6295//6295
f 6247//6247 6295//6295 6249//6249
f 6249//6249 6295//6295 6296//6296
f 6249//6249 6296//6296 6251//6251
f 6251//6251 6296//6296 6297//6297
f 6251//6251 6297//6297 6253//6253
f 6253//6253 6297//6297 6298//6298
f 6253//6253 6298//6298 6255//6255
f 6255//6255 6298//6298 6299//6299
f 6255//6255 6299//6299 6265//6265
f 6265//6265 6299//6299 6300//6300
f 6265//6265 6300//6300 6263//6263
f 6263//6263 6300//6300 6301//6301
f 6263//6263 6301//6301 6261//6261
f 6261//6261 6301//6301 6286//6286
f 6286//6286 6238//6238 6287//6287
f 6287//6287 6238//6238 6239//6239
f 6287//6287 6239//6239 6288//6288
f 6288//6288 6239//6239 6240//6240
f 6288//6288 6240//6240 6289//6289
f 6289//6289 6240//6240 6241//6241
f 6289//6289 6241//6241 6290//6290
f 6290//6290 6241//6241 6242//6242
f 6290//6290 6242//6242 6291//6291
f 6291//6291 6242//6242 6243//6243
f 6291//6291 6243//6243 6292//6292
f 6292//6292 6243//6243 6244//6244
f 6292//6292 6244//6244 6293//6293
f 6293//6293 6244//6244 6245//6245
f 6293//6293 6245//6245 6294//6294
f 6294//6294 6245//6245 6230//6230
f 6294//6294 6230//6230 6295//6295
f 6295//6295 6230//6230 6231//6231
f 6295//6295 6231//6231 6296//6296
f 6296//6296 6231//6231 6232//6232
f 6296//6296 6232//6232 6297//6297
f 6297//6297 6232//6232 6233//6233
f 6297//6297 6233//6233 6298//6298
f 6298//6298 6233//6233 6234//6234
f 6298//6298 6234//6234 6299//6299
f 6299//6299 6234//6234 6235//6235
f 6299//6299 6235//6235 6300//6300
f 6300//6300 6235//6235 6236//6236
f 6300//6300 6236//6236 6301//6301
f 6301//6301 6236//6236 6237//6237
f 6301//6301 6237//6237 6286//6286
f 6286//6286 6237//6237 6238//6238
f 6018//6018 6017//6017 6302//6302
f 6302//6302 6017//6017 6303//6303
f 6302//6302 6303//6303 6304//6304
f 6304//6304 6303//6303 6305//6305
f 5422//5422 6018//6018 6306//6306
f 6306//6306 6018//6018 6302//6302
f 6306//6306 6302//6302 6307//6307
f 6307//6307 6302//6302 6304//6304
f 6023//6023 6308//6308 6020//6020
f 6020//6020 6308//6308 6017//6017
f 6017//6017 6308//6308 6303//6303
f 6303//6303 6308//6308 6309//6309
f 6303//6303 6309//6309 6305//6305
f 6309//6309 6308//6308 6310//6310
f 6309//6309 6310//6310 6311//6311
f 6311//6311 6310//6310 6312//6312
f 6311//6311 6312//6312 6313//6313
f 6313//6313 6312//6312 6314//6314
f 6313//6313 6314//6314 6315//6315
f 6315//6315 6314//6314 6316//6316
f 6315//6315 6316//6316 6317//6317
f 6317//6317 6316//6316 6318//6318
f 6317//6317 6318//6318 6319//6319
f 6319//6319 6318//6318 6320//6320
f 6319//6319 6320//6320 6321//6321
f 6031//6031 6320//6320 6030//6030
f 6030//6030 6320//6320 6318//6318
f 6030//6030 6318//6318 6029//6029
f 6029//6029 6318//6318 6316//6316
f 6029//6029 6316//6316 6028//6028
f 6028//6028 6316//6316 6314//6314
f 6028//6028 6314//6314 6027//6027
f 6027//6027 6314//6314 6312//6312
f 6027//6027 6312//6312 6026//6026
f 6026//6026 6312//6312 6025//6025
f 6025//6025 6312//6312 6310//6310
f 6025//6025 6310//6310 6024//6024
f 6024//6024 6310//6310 6308//6308
f 6024//6024 6308//6308 6023//6023
f 6031//6031 6032//6032 6322//6322
f 6031//6031 6322//6322 6320//6320
f 6320//6320 6322//6322 6323//6323
f 6320//6320 6323//6323 6321//6321
f 6323//6323 6322//6322 6324//6324
f 6323//6323 6324//6324 6325//6325
f 6325//6325 6324//6324 6326//6326
f 6325//6325 6326//6326 6327//6327
f 6327//6327 6326//6326 6328//6328
f 6327//6327 6328//6328 6329//6329
f 6329//6329 6328//6328 6330//6330
f 6329//6329 6330//6330 6331//6331
f 6331//6331 6330//6330 6332//6332
f 6331//6331 6332//6332 6333//6333
f 6333//6333 6332//6332 6334//6334
f 6333//6333 6334//6334 6335//6335
f 6040//6040 6334//6334 6039//6039
f 6039//6039 6334//6334 6332//6332
f 6039//6039 6332//6332 6038//6038
f 6038//6038 6332//6332 6330//6330
f 6038//6038 6330//6330 6037//6037
f 6037//6037 6330//6330 6328//6328
f 6037//6037 6328//6328 6036//6036
f 6036//6036 6328//6328 6326//6326
f 6036//6036 6326//6326 6035//6035
f 6035//6035 6326//6326 6034//6034
f 6034//6034 6326//6326 6324//6324
f 6034//6034 6324//6324 6033//6033
f 6033//6033 6324//6324 6322//6322
f 6033//6033 6322//6322 6032//6032
f 6040//6040 6041//6041 6334//6334
f 6334//6334 6041//6041 6045//6045
f 6045//6045 6044//6044 6334//6334
f 6334//6334 6044//6044 6336//6336
f 6334//6334 6336//6336 6335//6335
f 6337//6337 6338//6338 6339//6339
f 6044//6044 6046//6046 6340//6340
f 6340//6340 6046//6046 5480//5480
f 6340//6340 5480//5480 6337//6337
f 6337//6337 6339//6339 6340//6340
f 6340//6340 6339//6339 6336//6336
f 6340//6340 6336//6336 6044//6044
f 6341//6341 6342//6342 6343//6343
f 6342//6342 6344//6344 6345//6345
f 6342//6342 6345//6345 6343//6343
f 6343//6343 6345//6345 6338//6338
f 6343//6343 6338//6338 6337//6337
f 6050//6050 6341//6341 6051//6051
f 6051//6051 6341//6341 6343//6343
f 6051//6051 6343//6343 6052//6052
f 6052//6052 6343//6343 6337//6337
f 6052//6052 6337//6337 5480//5480
f 6346//6346 6344//6344 6347//6347
f 6347//6347 6344//6344 6342//6342
f 6347//6347 6342//6342 6348//6348
f 6348//6348 6342//6342 6341//6341
f 6348//6348 6341//6341 6349//6349
f 6349//6349 6341//6341 6050//6050
f 6349//6349 6050//6050 6350//6350
f 6350//6350 6050//6050 6049//6049
f 6350//6350 6049//6049 6351//6351
f 6351//6351 6049//6049 6054//6054
f 6351//6351 6054//6054 5500//5500
f 6350//6350 6351//6351 6352//6352
f 6353//6353 5509//5509 5511//5511
f 6351//6351 5500//5500 5501//5501
f 6351//6351 5501//5501 6352//6352
f 6352//6352 5501//5501 5503//5503
f 6352//6352 5503//5503 6354//6354
f 6354//6354 5503//5503 5505//5505
f 6354//6354 5505//5505 6353//6353
f 6353//6353 5505//5505 5507//5507
f 6353//6353 5507//5507 5509//5509
f 6348//6348 6349//6349 6355//6355
f 6355//6355 6349//6349 6350//6350
f 6350//6350 6352//6352 6355//6355
f 6355//6355 6352//6352 6354//6354
f 6355//6355 6354//6354 6356//6356
f 6356//6356 6354//6354 6353//6353
f 6356//6356 6353//6353 6357//6357
f 6346//6346 6347//6347 6358//6358
f 6358//6358 6347//6347 6348//6348
f 5511//5511 6359//6359 6353//6353
f 6353//6353 6359//6359 6360//6360
f 6353//6353 6360//6360 6357//6357
f 6357//6357 6360//6360 6361//6361
f 6357//6357 6361//6361 6362//6362
f 6348//6348 6355//6355 6358//6358
f 6358//6358 6355//6355 6356//6356
f 6358//6358 6356//6356 6363//6363
f 6363//6363 6356//6356 6357//6357
f 6363//6363 6357//6357 6364//6364
f 6364//6364 6357//6357 6362//6362
f 6364//6364 6362//6362 6365//6365
f 6346//6346 6358//6358 6366//6366
f 6366//6366 6358//6358 6363//6363
f 6366//6366 6363//6363 6367//6367
f 6367//6367 6363//6363 6364//6364
f 6367//6367 6364//6364 6368//6368
f 6368//6368 6364//6364 6365//6365
f 6368//6368 6365//6365 6369//6369
f 6370//6370 6369//6369 6371//6371
f 6371//6371 6369//6369 6365//6365
f 6371//6371 6365//6365 6372//6372
f 6372//6372 6365//6365 6362//6362
f 6372//6372 6362//6362 6373//6373
f 6373//6373 6362//6362 6361//6361
f 6373//6373 6361//6361 6374//6374
f 6374//6374 6361//6361 6360//6360
f 6374//6374 6360//6360 6375//6375
f 6375//6375 6360//6360 6359//6359
f 6375//6375 6359//6359 5569//5569
f 5569//5569 6359//6359 5511//5511
f 6376//6376 6377//6377 6370//6370
f 6378//6378 6377//6377 6379//6379
f 6379//6379 6377//6377 6376//6376
f 6379//6379 6376//6376 6380//6380
f 6380//6380 6376//6376 6381//6381
f 6380//6380 6381//6381 6382//6382
f 6382//6382 6381//6381 6383//6383
f 6383//6383 6381//6381 6384//6384
f 6383//6383 6384//6384 6385//6385
f 6385//6385 6384//6384 5570//5570
f 6385//6385 5570//5570 5571//5571
f 5569//5569 5570//5570 6375//6375
f 6375//6375 5570//5570 6384//6384
f 6375//6375 6384//6384 6374//6374
f 6374//6374 6384//6384 6381//6381
f 6370//6370 6371//6371 6376//6376
f 6376//6376 6371//6371 6372//6372
f 6376//6376 6372//6372 6381//6381
f 6381//6381 6372//6372 6373//6373
f 6381//6381 6373//6373 6374//6374
f 6386//6386 6378//6378 6387//6387
f 6387//6387 6378//6378 6379//6379
f 6387//6387 6379//6379 6388//6388
f 6383//6383 6389//6389 6382//6382
f 6382//6382 6389//6389 6388//6388
f 6382//6382 6388//6388 6380//6380
f 6380//6380 6388//6388 6379//6379
f 5571//5571 5599//5599 6385//6385
f 6385//6385 5599//5599 6390//6390
f 6385//6385 6390//6390 6383//6383
f 6383//6383 6390//6390 6391//6391
f 6383//6383 6391//6391 6389//6389
f 6392//6392 6393//6393 6394//6394
f 6386//6386 6395//6395 6396//6396
f 6396//6396 6395//6395 6397//6397
f 6396//6396 6397//6397 6398//6398
f 6394//6394 6393//6393 6395//6395
f 6395//6395 6393//6393 6399//6399
f 6395//6395 6399//6399 6397//6397
f 5598//5598 5597//5597 6400//6400
f 6392//6392 6394//6394 6400//6400
f 6400//6400 6394//6394 6401//6401
f 6400//6400 6401//6401 5598//5598
f 5598//5598 6401//6401 6390//6390
f 5598//5598 6390//6390 5599//5599
f 6386//6386 6387//6387 6395//6395
f 6395//6395 6387//6387 6388//6388
f 6395//6395 6388//6388 6394//6394
f 6394//6394 6388//6388 6389//6389
f 6394//6394 6389//6389 6401//6401
f 6401//6401 6389//6389 6391//6391
f 6401//6401 6391//6391 6390//6390
f 6402//6402 6398//6398 6403//6403
f 6403//6403 6398//6398 6397//6397
f 6403//6403 6397//6397 6404//6404
f 6404//6404 6397//6397 6399//6399
f 6404//6404 6399//6399 6405//6405
f 6405//6405 6399//6399 6393//6393
f 6405//6405 6393//6393 6406//6406
f 6406//6406 6393//6393 6392//6392
f 6406//6406 6392//6392 6407//6407
f 6407//6407 6392//6392 6400//6400
f 6407//6407 6400//6400 6056//6056
f 6056//6056 6400//6400 5597//5597
f 6404//6404 6405//6405 6408//6408
f 6406//6406 6407//6407 6409//6409
f 6410//6410 6411//6411 6412//6412
f 6413//6413 6414//6414 6415//6415
f 6402//6402 6403//6403 6416//6416
f 6402//6402 6416//6416 6417//6417
f 6417//6417 6416//6416 6418//6418
f 6417//6417 6418//6418 6419//6419
f 6419//6419 6418//6418 6420//6420
f 6419//6419 6420//6420 6421//6421
f 6421//6421 6420//6420 6422//6422
f 6421//6421 6422//6422 6423//6423
f 6423//6423 6422//6422 6415//6415
f 6423//6423 6415//6415 6424//6424
f 6424//6424 6415//6415 6414//6414
f 6424//6424 6414//6414 6425//6425
f 6064//6064 6426//6426 6063//6063
f 6063//6063 6426//6426 6427//6427
f 6063//6063 6427//6427 6062//6062
f 6062//6062 6427//6427 6428//6428
f 6062//6062 6428//6428 6061//6061
f 6061//6061 6428//6428 6429//6429
f 6061//6061 6429//6429 6060//6060
f 6060//6060 6429//6429 6430//6430
f 6060//6060 6430//6430 6059//6059
f 6059//6059 6430//6430 6058//6058
f 6058//6058 6430//6430 6409//6409
f 6058//6058 6409//6409 6057//6057
f 6057//6057 6409//6409 6407//6407
f 6057//6057 6407//6407 6056//6056
f 6426//6426 6410//6410 6427//6427
f 6427//6427 6410//6410 6412//6412
f 6427//6427 6412//6412 6428//6428
f 6428//6428 6412//6412 6431//6431
f 6428//6428 6431//6431 6429//6429
f 6429//6429 6431//6431 6432//6432
f 6429//6429 6432//6432 6430//6430
f 6430//6430 6432//6432 6433//6433
f 6430//6430 6433//6433 6409//6409
f 6409//6409 6433//6433 6408//6408
f 6409//6409 6408//6408 6406//6406
f 6406//6406 6408//6408 6405//6405
f 6411//6411 6413//6413 6412//6412
f 6412//6412 6413//6413 6415//6415
f 6412//6412 6415//6415 6431//6431
f 6431//6431 6415//6415 6422//6422
f 6431//6431 6422//6422 6432//6432
f 6432//6432 6422//6422 6420//6420
f 6432//6432 6420//6420 6433//6433
f 6433//6433 6420//6420 6418//6418
f 6433//6433 6418//6418 6408//6408
f 6408//6408 6418//6418 6416//6416
f 6408//6408 6416//6416 6404//6404
f 6404//6404 6416//6416 6403//6403
f 6064//6064 6065//6065 6426//6426
f 6426//6426 6065//6065 6434//6434
f 6426//6426 6434//6434 6410//6410
f 6410//6410 6434//6434 6435//6435
f 6410//6410 6435//6435 6411//6411
f 6411//6411 6435//6435 6436//6436
f 6411//6411 6436//6436 6413//6413
f 6413//6413 6436//6436 6437//6437
f 6413//6413 6437//6437 6414//6414
f 6414//6414 6437//6437 6438//6438
f 6414//6414 6438//6438 6425//6425
f 6425//6425 6438//6438 6439//6439
f 6437//6437 6436//6436 6440//6440
f 6441//6441 6442//6442 6443//6443
f 6444//6444 6445//6445 6446//6446
f 6439//6439 6438//6438 6447//6447
f 6439//6439 6447//6447 6448//6448
f 6448//6448 6447//6447 6449//6449
f 6448//6448 6449//6449 6450//6450
f 6450//6450 6449//6449 6451//6451
f 6450//6450 6451//6451 6452//6452
f 6452//6452 6451//6451 6446//6446
f 6452//6452 6446//6446 6453//6453
f 6453//6453 6446//6446 6445//6445
f 6453//6453 6445//6445 6454//6454
f 6072//6072 6455//6455 6071//6071
f 6071//6071 6455//6455 6456//6456
f 6071//6071 6456//6456 6070//6070
f 6070//6070 6456//6456 6457//6457
f 6070//6070 6457//6457 6069//6069
f 6069//6069 6457//6457 6458//6458
f 6069//6069 6458//6458 6068//6068
f 6459//6459 6066//6066 6458//6458
f 6458//6458 6066//6066 6067//6067
f 6458//6458 6067//6067 6068//6068
f 6065//6065 6066//6066 6434//6434
f 6434//6434 6066//6066 6459//6459
f 6434//6434 6459//6459 6435//6435
f 6438//6438 6437//6437 6447//6447
f 6447//6447 6437//6437 6440//6440
f 6447//6447 6440//6440 6449//6449
f 6449//6449 6440//6440 6460//6460
f 6449//6449 6460//6460 6451//6451
f 6451//6451 6460//6460 6461//6461
f 6451//6451 6461//6461 6446//6446
f 6446//6446 6461//6461 6443//6443
f 6446//6446 6443//6443 6444//6444
f 6444//6444 6443//6443 6442//6442
f 6436//6436 6435//6435 6440//6440
f 6440//6440 6435//6435 6459//6459
f 6440//6440 6459//6459 6460//6460
f 6460//6460 6459//6459 6458//6458
f 6460//6460 6458//6458 6461//6461
f 6461//6461 6458//6458 6457//6457
f 6461//6461 6457//6457 6443//6443
f 6443//6443 6457//6457 6456//6456
f 6443//6443 6456//6456 6441//6441
f 6441//6441 6456//6456 6455//6455
f 6072//6072 6073//6073 6455//6455
f 6455//6455 6073//6073 6462//6462
f 6455//6455 6462//6462 6441//6441
f 6441//6441 6462//6462 6463//6463
f 6441//6441 6463//6463 6442//6442
f 6442//6442 6463//6463 6464//6464
f 6442//6442 6464//6464 6444//6444
f 6444//6444 6464//6464 6465//6465
f 6444//6444 6465//6465 6445//6445
f 6445//6445 6465//6465 6466//6466
f 6445//6445 6466//6466 6454//6454
f 6454//6454 6466//6466 6467//6467
f 6465//6465 6464//6464 6468//6468
f 6463//6463 6462//6462 6469//6469
f 6467//6467 6466//6466 6470//6470
f 6467//6467 6470//6470 6471//6471
f 6471//6471 6470//6470 6472//6472
f 6471//6471 6472//6472 6473//6473
f 6473//6473 6472//6472 6474//6474
f 6473//6473 6474//6474 6475//6475
f 6475//6475 6474//6474 6476//6476
f 6475//6475 6476//6476 6477//6477
f 6478//6478 6477//6477 6479//6479
f 6479//6479 6477//6477 6476//6476
f 6479//6479 6476//6476 6480//6480
f 6480//6480 6476//6476 6481//6481
f 6075//6075 6074//6074 6482//6482
f 6482//6482 6483//6483 6075//6075
f 6075//6075 6483//6483 6484//6484
f 6075//6075 6484//6484 6076//6076
f 6076//6076 6484//6484 6079//6079
f 6079//6079 6484//6484 6485//6485
f 6079//6079 6485//6485 6078//6078
f 6078//6078 6485//6485 6469//6469
f 6078//6078 6469//6469 6077//6077
f 6077//6077 6469//6469 6462//6462
f 6077//6077 6462//6462 6073//6073
f 6466//6466 6465//6465 6470//6470
f 6470//6470 6465//6465 6468//6468
f 6470//6470 6468//6468 6472//6472
f 6472//6472 6468//6468 6486//6486
f 6472//6472 6486//6486 6474//6474
f 6474//6474 6486//6486 6487//6487
f 6474//6474 6487//6487 6476//6476
f 6476//6476 6487//6487 6488//6488
f 6476//6476 6488//6488 6481//6481
f 6481//6481 6488//6488 6489//6489
f 6464//6464 6463//6463 6468//6468
f 6468//6468 6463//6463 6469//6469
f 6468//6468 6469//6469 6486//6486
f 6486//6486 6469//6469 6485//6485
f 6486//6486 6485//6485 6487//6487
f 6487//6487 6485//6485 6484//6484
f 6487//6487 6484//6484 6488//6488
f 6488//6488 6484//6484 6483//6483
f 6488//6488 6483//6483 6489//6489
f 6489//6489 6483//6483 6482//6482
f 6074//6074 6080//6080 6482//6482
f 6482//6482 6080//6080 6490//6490
f 6482//6482 6490//6490 6489//6489
f 6491//6491 6481//6481 6492//6492
f 6492//6492 6481//6481 6489//6489
f 6492//6492 6489//6489 6493//6493
f 6493//6493 6489//6489 6490//6490
f 6494//6494 6478//6478 6495//6495
f 6495//6495 6478//6478 6479//6479
f 6495//6495 6479//6479 6491//6491
f 6491//6491 6479//6479 6480//6480
f 6491//6491 6480//6480 6481//6481
f 6494//6494 6495//6495 6496//6496
f 6494//6494 6496//6496 6497//6497
f 6497//6497 6496//6496 6498//6498
f 6497//6497 6498//6498 6499//6499
f 6499//6499 6498//6498 6500//6500
f 6499//6499 6500//6500 6501//6501
f 6501//6501 6500//6500 6502//6502
f 6501//6501 6502//6502 6503//6503
f 6504//6504 6503//6503 6505//6505
f 6505//6505 6503//6503 6502//6502
f 6505//6505 6502//6502 6506//6506
f 6506//6506 6502//6502 6507//6507
f 6508//6508 6509//6509 6510//6510
f 6511//6511 6512//6512 6082//6082
f 6082//6082 6512//6512 6083//6083
f 6083//6083 6512//6512 6084//6084
f 6084//6084 6512//6512 6513//6513
f 6084//6084 6513//6513 6085//6085
f 6085//6085 6513//6513 6514//6514
f 6085//6085 6514//6514 6086//6086
f 6080//6080 6086//6086 6490//6490
f 6490//6490 6086//6086 6514//6514
f 6490//6490 6514//6514 6493//6493
f 6493//6493 6514//6514 6492//6492
f 6495//6495 6491//6491 6496//6496
f 6496//6496 6491//6491 6515//6515
f 6496//6496 6515//6515 6498//6498
f 6498//6498 6515//6515 6516//6516
f 6498//6498 6516//6516 6500//6500
f 6500//6500 6516//6516 6517//6517
f 6500//6500 6517//6517 6502//6502
f 6502//6502 6517//6517 6510//6510
f 6502//6502 6510//6510 6507//6507
f 6507//6507 6510//6510 6509//6509
f 6491//6491 6492//6492 6515//6515
f 6515//6515 6492//6492 6514//6514
f 6515//6515 6514//6514 6516//6516
f 6516//6516 6514//6514 6513//6513
f 6516//6516 6513//6513 6517//6517
f 6517//6517 6513//6513 6512//6512
f 6517//6517 6512//6512 6510//6510
f 6510//6510 6512//6512 6511//6511
f 6510//6510 6511//6511 6508//6508
f 6508//6508 6511//6511 6082//6082
f 6508//6508 6082//6082 6081//6081
f 6081//6081 6087//6087 6508//6508
f 6508//6508 6087//6087 6518//6518
f 6508//6508 6518//6518 6509//6509
f 6509//6509 6518//6518 6519//6519
f 6509//6509 6519//6519 6507//6507
f 6507//6507 6519//6519 6520//6520
f 6507//6507 6520//6520 6506//6506
f 6506//6506 6520//6520 6521//6521
f 6506//6506 6521//6521 6505//6505
f 6505//6505 6521//6521 6522//6522
f 6505//6505 6522//6522 6504//6504
f 6504//6504 6522//6522 6523//6523
f 6521//6521 6520//6520 6524//6524
f 6525//6525 6526//6526 6527//6527
f 6528//6528 6529//6529 6530//6530
f 6523//6523 6522//6522 6531//6531
f 6523//6523 6531//6531 6532//6532
f 6532//6532 6531//6531 6533//6533
f 6532//6532 6533//6533 6534//6534
f 6534//6534 6533//6533 6535//6535
f 6534//6534 6535//6535 6536//6536
f 6536//6536 6535//6535 6530//6530
f 6536//6536 6530//6530 6537//6537
f 6537//6537 6530//6530 6529//6529
f 6537//6537 6529//6529 6538//6538
f 6088//6088 6539//6539 6089//6089
f 6089//6089 6539//6539 6540//6540
f 6089//6089 6540//6540 6090//6090
f 6090//6090 6540//6540 6541//6541
f 6090//6090 6541//6541 6091//6091
f 6091//6091 6541//6541 6542//6542
f 6091//6091 6542//6542 6092//6092
f 6543//6543 6094//6094 6542//6542
f 6542//6542 6094//6094 6093//6093
f 6542//6542 6093//6093 6092//6092
f 6087//6087 6094//6094 6518//6518
f 6518//6518 6094//6094 6543//6543
f 6518//6518 6543//6543 6519//6519
f 6522//6522 6521//6521 6531//6531
f 6531//6531 6521//6521 6524//6524
f 6531//6531 6524//6524 6533//6533
f 6533//6533 6524//6524 6544//6544
f 6533//6533 6544//6544 6535//6535
f 6535//6535 6544//6544 6545//6545
f 6535//6535 6545//6545 6530//6530
f 6530//6530 6545//6545 6527//6527
f 6530//6530 6527//6527 6528//6528
f 6528//6528 6527//6527 6526//6526
f 6520//6520 6519//6519 6524//6524
f 6524//6524 6519//6519 6543//6543
f 6524//6524 6543//6543 6544//6544
f 6544//6544 6543//6543 6542//6542
f 6544//6544 6542//6542 6545//6545
f 6545//6545 6542//6542 6541//6541
f 6545//6545 6541//6541 6527//6527
f 6527//6527 6541//6541 6540//6540
f 6527//6527 6540//6540 6525//6525
f 6525//6525 6540//6540 6539//6539
f 6546//6546 6538//6538 6547//6547
f 6547//6547 6538//6538 6529//6529
f 6547//6547 6529//6529 6548//6548
f 6548//6548 6529//6529 6528//6528
f 6548//6548 6528//6528 6549//6549
f 6549//6549 6528//6528 6526//6526
f 6549//6549 6526//6526 6550//6550
f 6550//6550 6526//6526 6525//6525
f 6550//6550 6525//6525 6551//6551
f 6551//6551 6525//6525 6539//6539
f 6551//6551 6539//6539 6095//6095
f 6095//6095 6539//6539 6088//6088
f 6548//6548 6549//6549 6552//6552
f 6550//6550 6551//6551 6553//6553
f 6554//6554 6555//6555 6556//6556
f 6557//6557 6558//6558 6559//6559
f 6546//6546 6547//6547 6560//6560
f 6546//6546 6560//6560 6561//6561
f 6561//6561 6560//6560 6562//6562
f 6561//6561 6562//6562 6563//6563
f 6563//6563 6562//6562 6564//6564
f 6563//6563 6564//6564 6565//6565
f 6565//6565 6564//6564 6566//6566
f 6565//6565 6566//6566 6567//6567
f 6567//6567 6566//6566 6559//6559
f 6567//6567 6559//6559 6568//6568
f 6568//6568 6559//6559 6558//6558
f 6568//6568 6558//6558 6569//6569
f 6096//6096 6570//6570 6097//6097
f 6097//6097 6570//6570 6571//6571
f 6097//6097 6571//6571 6098//6098
f 6098//6098 6571//6571 6572//6572
f 6098//6098 6572//6572 6099//6099
f 6099//6099 6572//6572 6573//6573
f 6099//6099 6573//6573 6100//6100
f 6100//6100 6573//6573 6574//6574
f 6100//6100 6574//6574 6101//6101
f 6101//6101 6574//6574 6102//6102
f 6102//6102 6574//6574 6553//6553
f 6102//6102 6553//6553 6103//6103
f 6103//6103 6553//6553 6551//6551
f 6103//6103 6551//6551 6095//6095
f 6570//6570 6554//6554 6571//6571
f 6571//6571 6554//6554 6556//6556
f 6571//6571 6556//6556 6572//6572
f 6572//6572 6556//6556 6575//6575
f 6572//6572 6575//6575 6573//6573
f 6573//6573 6575//6575 6576//6576
f 6573//6573 6576//6576 6574//6574
f 6574//6574 6576//6576 6577//6577
f 6574//6574 6577//6577 6553//6553
f 6553//6553 6577//6577 6552//6552
f 6553//6553 6552//6552 6550//6550
f 6550//6550 6552//6552 6549//6549
f 6555//6555 6557//6557 6556//6556
f 6556//6556 6557//6557 6559//6559
f 6556//6556 6559//6559 6575//6575
f 6575//6575 6559//6559 6566//6566
f 6575//6575 6566//6566 6576//6576
f 6576//6576 6566//6566 6564//6564
f 6576//6576 6564//6564 6577//6577
f 6577//6577 6564//6564 6562//6562
f 6577//6577 6562//6562 6552//6552
f 6552//6552 6562//6562 6560//6560
f 6552//6552 6560//6560 6548//6548
f 6548//6548 6560//6560 6547//6547
f 6096//6096 5834//5834 6570//6570
f 6570//6570 5834//5834 6578//6578
f 6570//6570 6578//6578 6554//6554
f 6554//6554 6578//6578 6579//6579
f 6554//6554 6579//6579 6555//6555
f 6555//6555 6579//6579 6580//6580
f 6555//6555 6580//6580 6557//6557
f 6557//6557 6580//6580 6581//6581
f 6557//6557 6581//6581 6558//6558
f 6558//6558 6581//6581 6582//6582
f 6558//6558 6582//6582 6569//6569
f 6569//6569 6582//6582 6583//6583
f 6583//6583 6584//6584 6585//6585
f 6585//6585 6584//6584 6586//6586
f 6585//6585 6586//6586 6587//6587
f 6588//6588 6589//6589 6590//6590
f 6590//6590 6589//6589 6591//6591
f 6590//6590 6591//6591 6584//6584
f 6584//6584 6591//6591 6592//6592
f 6584//6584 6592//6592 6586//6586
f 6590//6590 6593//6593 6588//6588
f 6588//6588 6593//6593 5833//5833
f 6588//6588 5833//5833 5832//5832
f 5834//5834 5833//5833 6578//6578
f 6578//6578 5833//5833 6593//6593
f 6578//6578 6593//6593 6579//6579
f 6579//6579 6593//6593 6590//6590
f 6583//6583 6582//6582 6584//6584
f 6584//6584 6582//6582 6581//6581
f 6584//6584 6581//6581 6590//6590
f 6590//6590 6581//6581 6580//6580
f 6590//6590 6580//6580 6579//6579
f 6594//6594 6587//6587 6595//6595
f 6595//6595 6587//6587 6586//6586
f 6595//6595 6586//6586 6596//6596
f 6596//6596 6586//6586 6592//6592
f 6596//6596 6592//6592 6597//6597
f 6597//6597 6592//6592 6591//6591
f 6597//6597 6591//6591 6598//6598
f 6598//6598 6591//6591 6589//6589
f 6598//6598 6589//6589 6599//6599
f 6599//6599 6589//6589 6588//6588
f 6599//6599 6588//6588 5843//5843
f 5843//5843 6588//6588 5832//5832
f 6600//6600 6601//6601 6594//6594
f 6602//6602 6601//6601 6603//6603
f 6603//6603 6601//6601 6600//6600
f 6603//6603 6600//6600 6604//6604
f 6604//6604 6600//6600 6605//6605
f 6604//6604 6605//6605 6606//6606
f 6606//6606 6605//6605 6607//6607
f 6607//6607 6605//6605 6608//6608
f 6607//6607 6608//6608 6609//6609
f 6609//6609 6608//6608 5844//5844
f 6609//6609 5844//5844 5845//5845
f 5843//5843 5844//5844 6599//6599
f 6599//6599 5844//5844 6608//6608
f 6599//6599 6608//6608 6598//6598
f 6598//6598 6608//6608 6605//6605
f 6594//6594 6595//6595 6600//6600
f 6600//6600 6595//6595 6596//6596
f 6600//6600 6596//6596 6605//6605
f 6605//6605 6596//6596 6597//6597
f 6605//6605 6597//6597 6598//6598
f 6610//6610 6602//6602 6603//6603
f 6610//6610 6603//6603 6611//6611
f 6611//6611 6603//6603 6604//6604
f 6611//6611 6604//6604 6612//6612
f 6604//6604 6606//6606 6612//6612
f 6612//6612 6606//6606 6607//6607
f 6612//6612 6607//6607 5924//5924
f 5924//5924 6607//6607 6609//6609
f 5924//5924 6609//6609 5845//5845
f 6613//6613 5922//5922 5921//5921
f 5924//5924 5923//5923 6612//6612
f 6612//6612 5923//5923 6614//6614
f 6612//6612 6614//6614 6611//6611
f 6611//6611 6614//6614 6615//6615
f 6611//6611 6615//6615 6610//6610
f 6610//6610 6615//6615 6616//6616
f 5923//5923 5922//5922 6614//6614
f 6614//6614 5922//5922 6613//6613
f 6614//6614 6613//6613 6615//6615
f 6615//6615 6613//6613 6617//6617
f 6615//6615 6617//6617 6616//6616
f 6616//6616 6617//6617 6618//6618
f 5921//5921 6619//6619 6613//6613
f 6613//6613 6619//6619 6620//6620
f 6613//6613 6620//6620 6617//6617
f 6617//6617 6620//6620 6621//6621
f 6617//6617 6621//6621 6618//6618
f 6618//6618 6621//6621 6622//6622
f 6619//6619 5921//5921 6104//6104
f 6623//6623 6622//6622 6624//6624
f 6624//6624 6622//6622 6621//6621
f 6624//6624 6621//6621 6620//6620
f 6104//6104 6109//6109 6619//6619
f 6619//6619 6109//6109 6108//6108
f 6619//6619 6108//6108 6620//6620
f 6620//6620 6108//6108 6107//6107
f 6620//6620 6107//6107 6624//6624
f 6306//6306 6307//6307 6625//6625
f 6625//6625 6307//6307 6626//6626
f 6625//6625 6626//6626 6624//6624
f 6624//6624 6626//6626 6623//6623
f 5422//5422 6306//6306 6106//6106
f 6106//6106 6306//6306 6625//6625
f 6106//6106 6625//6625 6107//6107
f 6107//6107 6625//6625 6624//6624
f 6110//6110 6627//6627 6121//6121
f 6121//6121 6627//6627 6628//6628
f 6121//6121 6628//6628 6120//6120
f 6120//6120 6628//6628 6629//6629
f 6120//6120 6629//6629 6119//6119
f 6119//6119 6629//6629 6630//6630
f 6119//6119 6630//6630 6118//6118
f 6118//6118 6630//6630 6631//6631
f 6118//6118 6631//6631 6117//6117
f 6117//6117 6631//6631 6632//6632
f 6117//6117 6632//6632 6116//6116
f 6116//6116 6632//6632 6633//6633
f 6116//6116 6633//6633 6115//6115
f 6115//6115 6633//6633 6634//6634
f 6115//6115 6634//6634 6114//6114
f 6114//6114 6634//6634 6635//6635
f 6114//6114 6635//6635 6113//6113
f 6113//6113 6635//6635 6636//6636
f 6113//6113 6636//6636 6112//6112
f 6112//6112 6636//6636 6637//6637
f 6112//6112 6637//6637 6111//6111
f 6111//6111 6637//6637 6638//6638
f 6111//6111 6638//6638 6110//6110
f 6110//6110 6638//6638 6627//6627
f 6122//6122 6639//6639 6133//6133
f 6133//6133 6639//6639 6640//6640
f 6133//6133 6640//6640 6132//6132
f 6132//6132 6640//6640 6641//6641
f 6132//6132 6641//6641 6131//6131
f 6131//6131 6641//6641 6642//6642
f 6131//6131 6642//6642 6130//6130
f 6130//6130 6642//6642 6643//6643
f 6130//6130 6643//6643 6129//6129
f 6129//6129 6643//6643 6644//6644
f 6129//6129 6644//6644 6128//6128
f 6128//6128 6644//6644 6645//6645
f 6128//6128 6645//6645 6127//6127
f 6127//6127 6645//6645 6646//6646
f 6127//6127 6646//6646 6126//6126
f 6126//6126 6646//6646 6647//6647
f 6126//6126 6647//6647 6125//6125
f 6125//6125 6647//6647 6648//6648
f 6125//6125 6648//6648 6124//6124
f 6124//6124 6648//6648 6649//6649
f 6124//6124 6649//6649 6123//6123
f 6123//6123 6649//6649 6650//6650
f 6123//6123 6650//6650 6122//6122
f 6122//6122 6650//6650 6639//6639
f 6134//6134 6651//6651 6145//6145
f 6145//6145 6651//6651 6652//6652
f 6145//6145 6652//6652 6144//6144
f 6144//6144 6652//6652 6653//6653
f 6144//6144 6653//6653 6143//6143
f 6143//6143 6653//6653 6654//6654
f 6143//6143 6654//6654 6142//6142
f 6142//6142 6654//6654 6655//6655
f 6142//6142 6655//6655 6141//6141
f 6141//6141 6655//6655 6656//6656
f 6141//6141 6656//6656 6140//6140
f 6140//6140 6656//6656 6657//6657
f 6140//6140 6657//6657 6139//6139
f 6139//6139 6657//6657 6658//6658
f 6139//6139 6658//6658 6138//6138
f 6138//6138 6658//6658 6659//6659
f 6138//6138 6659//6659 6137//6137
f 6137//6137 6659//6659 6660//6660
f 6137//6137 6660//6660 6136//6136
f 6136//6136 6660//6660 6661//6661
f 6136//6136 6661//6661 6135//6135
f 6135//6135 6661//6661 6662//6662
f 6135//6135 6662//6662 6134//6134
f 6134//6134 6662//6662 6651//6651
f 6146//6146 6663//6663 6157//6157
f 6157//6157 6663//6663 6664//6664
f 6157//6157 6664//6664 6156//6156
f 6156//6156 6664//6664 6665//6665
f 6156//6156 6665//6665 6155//6155
f 6155//6155 6665//6665 6666//6666
f 6155//6155 6666//6666 6154//6154
f 6154//6154 6666//6666 6667//6667
f 6154//6154 6667//6667 6153//6153
f 6153//6153 6667//6667 6668//6668
f 6153//6153 6668//6668 6152//6152
f 6152//6152 6668//6668 6669//6669
f 6152//6152 6669//6669 6151//6151
f 6151//6151 6669//6669 6670//6670
f 6151//6151 6670//6670 6150//6150
f 6150//6150 6670//6670 6671//6671
f 6150//6150 6671//6671 6149//6149
f 6149//6149 6671//6671 6672//6672
f 6149//6149 6672//6672 6148//6148
f 6148//6148 6672//6672 6673//6673
f 6148//6148 6673//6673 6147//6147
f 6147//6147 6673//6673 6674//6674
f 6147//6147 6674//6674 6146//6146
f 6146//6146 6674//6674 6663//6663
f 6205//6205 6675//6675 6676//6676
f 6205//6205 6174//6174 6675//6675
f 6675//6675 6174//6174 6176//6176
f 6675//6675 6176//6176 6677//6677
f 6176//6176 6178//6178 6677//6677
f 6677//6677 6178//6178 6180//6180
f 6677//6677 6180//6180 6678//6678
f 6180//6180 6182//6182 6678//6678
f 6678//6678 6182//6182 6184//6184
f 6678//6678 6184//6184 6679//6679
f 6184//6184 6195//6195 6679//6679
f 6679//6679 6195//6195 6194//6194
f 6679//6679 6194//6194 6680//6680
f 6194//6194 6192//6192 6680//6680
f 6680//6680 6192//6192 6190//6190
f 6680//6680 6190//6190 6681//6681
f 6190//6190 6188//6188 6681//6681
f 6681//6681 6188//6188 6186//6186
f 6681//6681 6186//6186 6682//6682
f 6186//6186 6185//6185 6682//6682
f 6682//6682 6185//6185 6196//6196
f 6682//6682 6196//6196 6683//6683
f 6196//6196 6198//6198 6683//6683
f 6683//6683 6198//6198 6200//6200
f 6683//6683 6200//6200 6684//6684
f 6200//6200 6202//6202 6684//6684
f 6684//6684 6202//6202 6204//6204
f 6684//6684 6204//6204 6685//6685
f 6204//6204 6213//6213 6685//6685
f 6685//6685 6213//6213 6212//6212
f 6685//6685 6212//6212 6686//6686
f 6212//6212 6210//6210 6686//6686
f 6686//6686 6210//6210 6208//6208
f 6686//6686 6208//6208 6676//6676
f 6676//6676 6208//6208 6206//6206
f 6676//6676 6206//6206 6205//6205
f 6277//6277 6687//6687 6688//6688
f 6277//6277 6246//6246 6687//6687
f 6687//6687 6246//6246 6248//6248
f 6687//6687 6248//6248 6689//6689
f 6248//6248 6250//6250 6689//6689
f 6689//6689 6250//6250 6252//6252
f 6689//6689 6252//6252 6690//6690
f 6252//6252 6254//6254 6690//6690
f 6690//6690 6254//6254 6256//6256
f 6690//6690 6256//6256 6691//6691
f 6256//6256 6267//6267 6691//6691
f 6691//6691 6267//6267 6266//6266
f 6691//6691 6266//6266 6692//6692
f 6266//6266 6264//6264 6692//6692
f 6692//6692 6264//6264 6262//6262
f 6692//6692 6262//6262 6693//6693
f 6262//6262 6260//6260 6693//6693
f 6693//6693 6260//6260 6258//6258
f 6693//6693 6258//6258 6694//6694
f 6258//6258 6257//6257 6694//6694
f 6694//6694 6257//6257 6268//6268
f 6694//6694 6268//6268 6695//6695
f 6268//6268 6270//6270 6695//6695
f 6695//6695 6270//6270 6272//6272
f 6695//6695 6272//6272 6696//6696
f 6272//6272 6274//6274 6696//6696
f 6696//6696 6274//6274 6276//6276
f 6696//6696 6276//6276 6697//6697
f 6276//6276 6285//6285 6697//6697
f 6697//6697 6285//6285 6284//6284
f 6697//6697 6284//6284 6698//6698
f 6284//6284 6282//6282 6698//6698
f 6698//6698 6282//6282 6280//6280
f 6698//6698 6280//6280 6688//6688
f 6688//6688 6280//6280 6278//6278
f 6688//6688 6278//6278 6277//6277
f 6637//6637 6636//6636 6699//6699
f 6417//6417 6419//6419 6421//6421
f 6537//6537 6538//6538 6700//6700
f 6601//6601 6701//6701 6594//6594
f 6616//6616 6618//6618 6610//6610
f 6610//6610 6618//6618 6622//6622
f 6594//6594 6701//6701 6587//6587
f 6587//6587 6701//6701 6702//6702
f 6587//6587 6702//6702 6585//6585
f 6567//6567 6568//6568 6565//6565
f 6565//6565 6568//6568 6569//6569
f 6565//6565 6569//6569 6702//6702
f 6702//6702 6569//6569 6583//6583
f 6702//6702 6583//6583 6585//6585
f 6700//6700 6686//6686 6702//6702
f 6702//6702 6686//6686 6676//6676
f 6702//6702 6676//6676 6675//6675
f 6681//6681 6682//6682 6538//6538
f 6682//6682 6683//6683 6538//6538
f 6538//6538 6683//6683 6684//6684
f 6538//6538 6684//6684 6700//6700
f 6700//6700 6684//6684 6685//6685
f 6700//6700 6685//6685 6686//6686
f 6675//6675 6677//6677 6702//6702
f 6702//6702 6677//6677 6678//6678
f 6702//6702 6678//6678 6565//6565
f 6565//6565 6678//6678 6679//6679
f 6565//6565 6679//6679 6563//6563
f 6563//6563 6679//6679 6680//6680
f 6563//6563 6680//6680 6561//6561
f 6561//6561 6680//6680 6681//6681
f 6561//6561 6681//6681 6546//6546
f 6546//6546 6681//6681 6538//6538
f 6499//6499 6501//6501 6700//6700
f 6700//6700 6501//6501 6503//6503
f 6503//6503 6504//6504 6700//6700
f 6700//6700 6504//6504 6523//6523
f 6700//6700 6523//6523 6532//6532
f 6532//6532 6534//6534 6700//6700
f 6700//6700 6534//6534 6536//6536
f 6700//6700 6536//6536 6537//6537
f 6471//6471 6473//6473 6699//6699
f 6699//6699 6473//6473 6475//6475
f 6453//6453 6454//6454 6699//6699
f 6699//6699 6454//6454 6467//6467
f 6699//6699 6467//6467 6471//6471
f 6475//6475 6477//6477 6699//6699
f 6699//6699 6477//6477 6478//6478
f 6699//6699 6478//6478 6703//6703
f 6703//6703 6478//6478 6494//6494
f 6703//6703 6494//6494 6700//6700
f 6700//6700 6494//6494 6497//6497
f 6700//6700 6497//6497 6499//6499
f 6699//6699 6439//6439 6448//6448
f 6448//6448 6450//6450 6699//6699
f 6699//6699 6450//6450 6452//6452
f 6699//6699 6452//6452 6453//6453
f 6698//6698 6688//6688 6704//6704
f 6704//6704 6688//6688 6699//6699
f 6690//6690 6439//6439 6689//6689
f 6689//6689 6439//6439 6699//6699
f 6689//6689 6699//6699 6687//6687
f 6687//6687 6699//6699 6688//6688
f 6421//6421 6423//6423 6694//6694
f 6694//6694 6423//6423 6424//6424
f 6694//6694 6424//6424 6693//6693
f 6693//6693 6424//6424 6425//6425
f 6693//6693 6425//6425 6692//6692
f 6692//6692 6425//6425 6439//6439
f 6692//6692 6439//6439 6691//6691
f 6691//6691 6439//6439 6690//6690
f 6694//6694 6695//6695 6421//6421
f 6421//6421 6695//6695 6696//6696
f 6421//6421 6696//6696 6704//6704
f 6704//6704 6696//6696 6697//6697
f 6704//6704 6697//6697 6698//6698
f 6386//6386 6396//6396 6704//6704
f 6704//6704 6396//6396 6398//6398
f 6704//6704 6398//6398 6421//6421
f 6421//6421 6398//6398 6402//6402
f 6421//6421 6402//6402 6417//6417
f 6705//6705 6378//6378 6386//6386
f 6657//6657 6656//6656 6706//6706
f 6378//6378 6705//6705 6377//6377
f 6657//6657 6706//6706 6658//6658
f 6656//6656 6655//6655 6706//6706
f 6706//6706 6655//6655 6654//6654
f 6706//6706 6654//6654 6705//6705
f 6705//6705 6654//6654 6653//6653
f 6705//6705 6653//6653 6652//6652
f 6370//6370 6377//6377 6662//6662
f 6662//6662 6377//6377 6705//6705
f 6662//6662 6705//6705 6651//6651
f 6651//6651 6705//6705 6652//6652
f 6659//6659 6369//6369 6660//6660
f 6660//6660 6369//6369 6370//6370
f 6660//6660 6370//6370 6661//6661
f 6661//6661 6370//6370 6662//6662
f 6344//6344 6346//6346 6706//6706
f 6706//6706 6346//6346 6366//6366
f 6706//6706 6366//6366 6367//6367
f 6659//6659 6658//6658 6369//6369
f 6369//6369 6658//6658 6706//6706
f 6369//6369 6706//6706 6368//6368
f 6368//6368 6706//6706 6367//6367
f 6338//6338 6345//6345 6339//6339
f 6339//6339 6345//6345 6344//6344
f 6329//6329 6705//6705 6327//6327
f 6327//6327 6705//6705 6707//6707
f 6327//6327 6707//6707 6325//6325
f 6329//6329 6331//6331 6705//6705
f 6705//6705 6331//6331 6333//6333
f 6705//6705 6333//6333 6706//6706
f 6706//6706 6333//6333 6335//6335
f 6706//6706 6335//6335 6344//6344
f 6344//6344 6335//6335 6336//6336
f 6344//6344 6336//6336 6339//6339
f 6325//6325 6707//6707 6323//6323
f 6323//6323 6707//6707 6708//6708
f 6323//6323 6708//6708 6321//6321
f 6321//6321 6708//6708 6709//6709
f 6321//6321 6709//6709 6319//6319
f 6710//6710 6315//6315 6709//6709
f 6709//6709 6315//6315 6317//6317
f 6709//6709 6317//6317 6319//6319
f 6305//6305 6309//6309 6711//6711
f 6711//6711 6309//6309 6311//6311
f 6711//6711 6311//6311 6710//6710
f 6710//6710 6311//6311 6313//6313
f 6710//6710 6313//6313 6315//6315
f 6626//6626 6307//6307 6623//6623
f 6623//6623 6307//6307 6304//6304
f 6637//6637 6699//6699 6638//6638
f 6386//6386 6704//6704 6705//6705
f 6705//6705 6704//6704 6699//6699
f 6705//6705 6699//6699 6707//6707
f 6707//6707 6699//6699 6636//6636
f 6707//6707 6636//6636 6635//6635
f 6631//6631 6630//6630 6703//6703
f 6635//6635 6634//6634 6707//6707
f 6707//6707 6634//6634 6633//6633
f 6707//6707 6633//6633 6708//6708
f 6708//6708 6633//6633 6632//6632
f 6630//6630 6629//6629 6703//6703
f 6703//6703 6629//6629 6628//6628
f 6703//6703 6628//6628 6699//6699
f 6699//6699 6628//6628 6627//6627
f 6699//6699 6627//6627 6638//6638
f 6649//6649 6648//6648 6703//6703
f 6703//6703 6648//6648 6708//6708
f 6703//6703 6708//6708 6631//6631
f 6631//6631 6708//6708 6632//6632
f 6645//6645 6709//6709 6646//6646
f 6646//6646 6709//6709 6708//6708
f 6646//6646 6708//6708 6647//6647
f 6647//6647 6708//6708 6648//6648
f 6645//6645 6644//6644 6709//6709
f 6709//6709 6644//6644 6643//6643
f 6709//6709 6643//6643 6642//6642
f 6641//6641 6640//6640 6700//6700
f 6700//6700 6640//6640 6639//6639
f 6700//6700 6639//6639 6703//6703
f 6703//6703 6639//6639 6650//6650
f 6703//6703 6650//6650 6649//6649
f 6701//6701 6666//6666 6665//6665
f 6664//6664 6663//6663 6710//6710
f 6710//6710 6663//6663 6674//6674
f 6601//6601 6602//6602 6701//6701
f 6701//6701 6602//6602 6712//6712
f 6701//6701 6712//6712 6666//6666
f 6666//6666 6712//6712 6667//6667
f 6671//6671 6711//6711 6672//6672
f 6672//6672 6711//6711 6710//6710
f 6672//6672 6710//6710 6673//6673
f 6673//6673 6710//6710 6674//6674
f 6671//6671 6670//6670 6711//6711
f 6711//6711 6670//6670 6669//6669
f 6711//6711 6669//6669 6712//6712
f 6712//6712 6669//6669 6668//6668
f 6712//6712 6668//6668 6667//6667
f 6665//6665 6664//6664 6701//6701
f 6701//6701 6664//6664 6710//6710
f 6701//6701 6710//6710 6702//6702
f 6702//6702 6710//6710 6709//6709
f 6702//6702 6709//6709 6700//6700
f 6700//6700 6709//6709 6642//6642
f 6700//6700 6642//6642 6641//6641
f 6602//6602 6610//6610 6712//6712
f 6712//6712 6610//6610 6622//6622
f 6712//6712 6622//6622 6711//6711
f 6711//6711 6622//6622 6623//6623
f 6711//6711 6623//6623 6305//6305
f 6305//6305 6623//6623 6304//6304

