# https://github.com/mikedh/trimesh

o carriage_left.obj
v -0.00600000 -0.00945000 0.00950000
v -0.01250000 -0.00945000 0.00950000
v -0.00600000 -0.01445000 0.00950000
v -0.01250000 -0.01445000 0.00950000
v -0.00500000 0.00650000 0.00750000
v -0.00500000 0.00644900 0.00711200
v -0.00500000 0.00945000 0.00480000
v -0.00500000 0.00575000 0.00879900
v -0.00500000 0.00606100 0.00856100
v -0.00500000 0.00945000 0.00950000
v -0.00500000 0.00629900 0.00825000
v -0.00500000 0.00644900 0.00788800
v -0.00500000 -0.00538800 0.00894900
v -0.00500000 -0.00500000 0.00900000
v -0.00500000 -0.00945000 0.00950000
v -0.00500000 0.00425000 0.00620100
v -0.00500000 0.00393900 0.00643900
v -0.00500000 -0.00945000 0.00480000
v -0.00500000 0.00370100 0.00675000
v -0.00500000 0.00355100 0.00711200
v -0.00500000 -0.00629900 0.00675000
v -0.00500000 -0.00644900 0.00711200
v -0.00500000 0.00629900 0.00675000
v -0.00500000 0.00606100 0.00643900
v -0.00500000 0.00575000 0.00620100
v -0.00500000 0.00425000 0.00879900
v -0.00500000 0.00393900 0.00856100
v -0.00500000 0.00370100 0.00825000
v -0.00500000 0.00461200 0.00894900
v -0.00500000 0.00500000 0.00900000
v -0.00500000 0.00538800 0.00894900
v -0.00500000 0.00538800 0.00605100
v -0.00500000 0.00500000 0.00600000
v -0.00500000 0.00461200 0.00605100
v -0.00500000 -0.00370100 0.00675000
v -0.00500000 -0.00393900 0.00643900
v -0.00500000 -0.00461200 0.00894900
v -0.00500000 0.00355100 0.00788800
v -0.00500000 -0.00425000 0.00879900
v -0.00500000 -0.00393900 0.00856100
v -0.00500000 -0.00650000 0.00750000
v -0.00500000 -0.00644900 0.00788800
v -0.00500000 -0.00629900 0.00825000
v -0.00500000 -0.00606100 0.00856100
v -0.00500000 -0.00575000 0.00879900
v -0.00500000 -0.00538800 0.00605100
v -0.00500000 -0.00575000 0.00620100
v -0.00500000 -0.00606100 0.00643900
v -0.00500000 -0.00370100 0.00825000
v -0.00500000 -0.00355100 0.00788800
v -0.00500000 0.00350000 0.00750000
v -0.00500000 -0.00350000 0.00750000
v -0.00500000 -0.00355100 0.00711200
v -0.00500000 -0.00425000 0.00620100
v -0.00500000 -0.00461200 0.00605100
v -0.00500000 -0.00500000 0.00600000
v -0.00500000 0.00945000 -0.00480000
v -0.00500000 0.00575000 -0.00620100
v -0.00500000 0.00606100 -0.00643900
v -0.00500000 0.00355100 -0.00711200
v -0.00500000 0.00370100 -0.00675000
v -0.00500000 -0.00945000 -0.00480000
v -0.00500000 0.00393900 -0.00643900
v -0.00500000 0.00425000 -0.00620100
v -0.00500000 0.00629900 -0.00675000
v -0.00500000 0.00644900 -0.00711200
v -0.00500000 0.00945000 -0.00950000
v -0.00500000 0.00650000 -0.00750000
v -0.00500000 0.00644900 -0.00788800
v -0.00500000 -0.00538800 -0.00605100
v -0.00500000 -0.00500000 -0.00600000
v -0.00500000 -0.00461200 -0.00605100
v -0.00500000 -0.00425000 -0.00620100
v -0.00500000 -0.00393900 -0.00643900
v -0.00500000 0.00461200 -0.00605100
v -0.00500000 0.00500000 -0.00600000
v -0.00500000 0.00538800 -0.00605100
v -0.00500000 -0.00629900 -0.00825000
v -0.00500000 -0.00644900 -0.00788800
v -0.00500000 -0.00945000 -0.00950000
v -0.00500000 -0.00650000 -0.00750000
v -0.00500000 -0.00644900 -0.00711200
v -0.00500000 -0.00629900 -0.00675000
v -0.00500000 -0.00606100 -0.00643900
v -0.00500000 -0.00575000 -0.00620100
v -0.00500000 -0.00355100 -0.00788800
v -0.00500000 0.00355100 -0.00788800
v -0.00500000 -0.00350000 -0.00750000
v -0.00500000 0.00350000 -0.00750000
v -0.00500000 -0.00355100 -0.00711200
v -0.00500000 -0.00370100 -0.00675000
v -0.00500000 -0.00370100 -0.00825000
v -0.00500000 -0.00393900 -0.00856100
v -0.00500000 -0.00425000 -0.00879900
v -0.00500000 0.00629900 -0.00825000
v -0.00500000 0.00606100 -0.00856100
v -0.00500000 0.00575000 -0.00879900
v -0.00500000 0.00538800 -0.00894900
v -0.00500000 0.00500000 -0.00900000
v -0.00500000 0.00461200 -0.00894900
v -0.00500000 0.00425000 -0.00879900
v -0.00500000 -0.00500000 -0.00900000
v -0.00500000 -0.00538800 -0.00894900
v -0.00500000 -0.00575000 -0.00879900
v -0.00500000 -0.00606100 -0.00856100
v -0.00500000 0.00393900 -0.00856100
v -0.00500000 0.00370100 -0.00825000
v -0.00500000 -0.00461200 -0.00894900
v -0.00550000 0.00945000 -0.01000000
v -0.00550000 -0.00945000 -0.01000000
v -0.01250000 0.00945000 -0.01000000
v -0.01250000 -0.00945000 -0.01000000
v -0.01300000 0.00945000 -0.00950000
v -0.01300000 -0.00945000 -0.00950000
v -0.01300000 -0.01445000 -0.00450000
v -0.01300000 0.01445000 -0.00450000
v -0.01300000 0.00945000 -0.00900000
v -0.01300000 0.01445000 -0.00900000
v -0.01300000 -0.01445000 -0.00900000
v -0.01300000 -0.00945000 -0.00900000
v -0.01134200 -0.01445000 -0.00450000
v -0.01134200 0.01445000 -0.00450000
v -0.01125100 -0.01445000 -0.00414400
v -0.01125100 0.01445000 -0.00414400
v -0.01100000 -0.01445000 -0.00387500
v -0.01100000 0.01445000 -0.00387500
v -0.01100000 -0.01445000 -0.00345000
v -0.01100000 0.01445000 -0.00345000
v -0.01097300 -0.01445000 -0.00335000
v -0.01097300 0.01445000 -0.00335000
v -0.01090000 -0.01445000 -0.00327700
v -0.01090000 0.01445000 -0.00327700
v -0.01080000 -0.01445000 -0.00325000
v -0.01080000 0.01445000 -0.00325000
v -0.01040000 -0.01445000 -0.00325000
v -0.01040000 0.01445000 -0.00325000
v -0.01030000 -0.01445000 -0.00327700
v -0.01030000 0.01445000 -0.00327700
v -0.01022700 -0.01445000 -0.00335000
v -0.01022700 0.01445000 -0.00335000
v -0.01020000 -0.01445000 -0.00345000
v -0.01020000 0.01445000 -0.00345000
v -0.01020000 -0.01445000 -0.00387500
v -0.01020000 0.01445000 -0.00387500
v -0.00994900 -0.01445000 -0.00414400
v -0.00994900 0.01445000 -0.00414400
v -0.00985800 -0.01445000 -0.00450000
v -0.00985800 0.01445000 -0.00450000
v -0.00880000 -0.01445000 -0.00450000
v -0.00880000 0.01445000 -0.00450000
v -0.00850000 -0.01445000 -0.00420000
v -0.00850000 0.01445000 -0.00420000
v -0.00850000 -0.01445000 0.00420000
v -0.00850000 0.01445000 0.00420000
v -0.00880000 -0.01445000 0.00450000
v -0.00880000 0.01445000 0.00450000
v -0.00985800 -0.01445000 0.00450000
v -0.00985800 0.01445000 0.00450000
v -0.00994900 -0.01445000 0.00414400
v -0.00994900 0.01445000 0.00414400
v -0.01020000 -0.01445000 0.00387500
v -0.01020000 0.01445000 0.00387500
v -0.01020000 -0.01445000 0.00345000
v -0.01020000 0.01445000 0.00345000
v -0.01022700 -0.01445000 0.00335000
v -0.01022700 0.01445000 0.00335000
v -0.01030000 -0.01445000 0.00327700
v -0.01030000 0.01445000 0.00327700
v -0.01040000 -0.01445000 0.00325000
v -0.01040000 0.01445000 0.00325000
v -0.01080000 -0.01445000 0.00325000
v -0.01080000 0.01445000 0.00325000
v -0.01090000 -0.01445000 0.00327700
v -0.01090000 0.01445000 0.00327700
v -0.01097300 -0.01445000 0.00335000
v -0.01097300 0.01445000 0.00335000
v -0.01100000 -0.01445000 0.00345000
v -0.01100000 0.01445000 0.00345000
v -0.01100000 -0.01445000 0.00387500
v -0.01100000 0.01445000 0.00387500
v -0.01125100 -0.01445000 0.00414400
v -0.01125100 0.01445000 0.00414400
v -0.01134200 -0.01445000 0.00450000
v -0.01134200 0.01445000 0.00450000
v -0.01300000 -0.01445000 0.00450000
v -0.01300000 0.01445000 0.00450000
v -0.01300000 0.00945000 0.00900000
v -0.01300000 0.01445000 0.00900000
v -0.01300000 -0.01445000 0.00900000
v -0.01300000 -0.00945000 0.00900000
v -0.01300000 -0.00945000 0.00950000
v -0.01300000 0.00945000 0.00950000
v -0.01250000 0.00945000 0.01000000
v -0.01250000 -0.00945000 0.01000000
v -0.00550000 0.00945000 0.01000000
v -0.00550000 -0.00945000 0.01000000
v -0.00530000 -0.00945000 0.00450000
v -0.00530000 0.00945000 0.00450000
v -0.00540000 -0.00945000 0.00450000
v -0.00540000 0.00945000 0.00450000
v -0.00619400 -0.01065000 0.00035000
v -0.00645000 -0.01065000 0.00060600
v -0.00680000 -0.01065000 0.00000000
v -0.00680000 -0.01065000 0.00070000
v -0.00715000 -0.01065000 0.00060600
v -0.00645000 -0.01065000 -0.00060600
v -0.00619400 -0.01065000 -0.00035000
v -0.00610000 -0.01065000 0.00000000
v -0.00740600 -0.01065000 -0.00035000
v -0.00715000 -0.01065000 -0.00060600
v -0.00680000 -0.01065000 -0.00070000
v -0.00740600 -0.01065000 0.00035000
v -0.00750000 -0.01065000 0.00000000
v -0.00619400 0.01065000 -0.00035000
v -0.00645000 0.01065000 -0.00060600
v -0.00680000 0.01065000 -0.00000000
v -0.00680000 0.01065000 -0.00070000
v -0.00715000 0.01065000 -0.00060600
v -0.00645000 0.01065000 0.00060600
v -0.00619400 0.01065000 0.00035000
v -0.00610000 0.01065000 -0.00000000
v -0.00740600 0.01065000 0.00035000
v -0.00715000 0.01065000 0.00060600
v -0.00680000 0.01065000 0.00070000
v -0.00740600 0.01065000 -0.00035000
v -0.00750000 0.01065000 -0.00000000
v -0.00800000 -0.00393500 -0.00688500
v -0.00800000 -0.00438500 -0.00643500
v -0.00800000 -0.00500000 -0.00750000
v -0.00800000 -0.00500000 -0.00627000
v -0.00800000 -0.00561500 -0.00643500
v -0.00800000 -0.00438500 -0.00856500
v -0.00800000 -0.00393500 -0.00811500
v -0.00800000 -0.00377000 -0.00750000
v -0.00800000 -0.00606500 -0.00811500
v -0.00800000 -0.00561500 -0.00856500
v -0.00800000 -0.00500000 -0.00872900
v -0.00800000 -0.00606500 -0.00688500
v -0.00800000 -0.00622900 -0.00750000
v -0.00800000 0.00606500 -0.00688500
v -0.00800000 0.00561500 -0.00643500
v -0.00800000 0.00500000 -0.00750000
v -0.00800000 0.00500000 -0.00627000
v -0.00800000 0.00438500 -0.00643500
v -0.00800000 0.00561500 -0.00856500
v -0.00800000 0.00606500 -0.00811500
v -0.00800000 0.00622900 -0.00750000
v -0.00800000 0.00393500 -0.00811500
v -0.00800000 0.00438500 -0.00856500
v -0.00800000 0.00500000 -0.00872900
v -0.00800000 0.00393500 -0.00688500
v -0.00800000 0.00377000 -0.00750000
v -0.00800000 -0.00393500 0.00811500
v -0.00800000 -0.00438500 0.00856500
v -0.00800000 -0.00500000 0.00750000
v -0.00800000 -0.00500000 0.00872900
v -0.00800000 -0.00561500 0.00856500
v -0.00800000 -0.00438500 0.00643500
v -0.00800000 -0.00393500 0.00688500
v -0.00800000 -0.00377000 0.00750000
v -0.00800000 -0.00606500 0.00688500
v -0.00800000 -0.00561500 0.00643500
v -0.00800000 -0.00500000 0.00627000
v -0.00800000 -0.00606500 0.00811500
v -0.00800000 -0.00622900 0.00750000
v -0.00800000 0.00606500 0.00811500
v -0.00800000 0.00561500 0.00856500
v -0.00800000 0.00500000 0.00750000
v -0.00800000 0.00500000 0.00872900
v -0.00800000 0.00438500 0.00856500
v -0.00800000 0.00561500 0.00643500
v -0.00800000 0.00606500 0.00688500
v -0.00800000 0.00622900 0.00750000
v -0.00800000 0.00393500 0.00688500
v -0.00800000 0.00438500 0.00643500
v -0.00800000 0.00500000 0.00627000
v -0.00800000 0.00393500 0.00811500
v -0.00800000 0.00377000 0.00750000
v -0.01293300 0.01445000 0.00925000
v -0.01275000 0.01445000 0.00943300
v -0.00600000 0.01445000 0.00950000
v -0.01250000 0.01445000 0.00950000
v -0.00550000 0.01445000 -0.00900000
v -0.00600000 0.01445000 -0.00950000
v -0.01250000 0.01445000 -0.00950000
v -0.01275000 0.01445000 -0.00943300
v -0.01293300 0.01445000 -0.00925000
v -0.00715000 0.01445000 0.00060600
v -0.00680000 0.01445000 0.00070000
v -0.00645000 0.01445000 0.00060600
v -0.00550000 0.01445000 0.00900000
v -0.00740600 0.01445000 0.00035000
v -0.00750000 0.01445000 -0.00000000
v -0.00740600 0.01445000 -0.00035000
v -0.00715000 0.01445000 -0.00060600
v -0.00680000 0.01445000 -0.00070000
v -0.00645000 0.01445000 -0.00060600
v -0.00619400 0.01445000 -0.00035000
v -0.00610000 0.01445000 -0.00000000
v -0.00619400 0.01445000 0.00035000
v -0.01293300 0.00945000 -0.00925000
v -0.01275000 0.00945000 -0.00943300
v -0.01250000 0.00945000 -0.00950000
v -0.01250000 0.00945000 0.00950000
v -0.01275000 0.00945000 0.00943300
v -0.01293300 0.00945000 0.00925000
v -0.00600000 0.00945000 -0.00950000
v -0.00600000 0.00945000 0.00950000
v -0.01293300 -0.01445000 -0.00925000
v -0.01275000 -0.01445000 -0.00943300
v -0.01250000 -0.01445000 -0.00950000
v -0.00550000 -0.01445000 0.00900000
v -0.01275000 -0.01445000 0.00943300
v -0.01293300 -0.01445000 0.00925000
v -0.00600000 -0.01445000 -0.00950000
v -0.00750000 -0.01445000 0.00000000
v -0.00740600 -0.01445000 -0.00035000
v -0.00740600 -0.01445000 0.00035000
v -0.00715000 -0.01445000 0.00060600
v -0.00680000 -0.01445000 0.00070000
v -0.00645000 -0.01445000 0.00060600
v -0.00550000 -0.01445000 -0.00900000
v -0.00645000 -0.01445000 -0.00060600
v -0.00680000 -0.01445000 -0.00070000
v -0.00715000 -0.01445000 -0.00060600
v -0.00619400 -0.01445000 0.00035000
v -0.00610000 -0.01445000 0.00000000
v -0.00619400 -0.01445000 -0.00035000
v -0.00550000 0.00945000 0.00900000
v -0.00540000 -0.00945000 -0.00450000
v -0.00530000 -0.00945000 -0.00450000
v -0.00540000 0.00945000 -0.00450000
v -0.00530000 0.00945000 -0.00450000
v -0.01293300 -0.00945000 0.00925000
v -0.01275000 -0.00945000 0.00943300
v -0.01250000 -0.00945000 -0.00950000
v -0.01275000 -0.00945000 -0.00943300
v -0.01293300 -0.00945000 -0.00925000
v -0.00550000 0.00945000 -0.00900000
v -0.00550000 -0.00945000 0.00900000
v -0.00550000 -0.00945000 -0.00900000
v -0.00600000 -0.00945000 -0.00950000
v -0.00527000 -0.00531800 0.00868800
v -0.00527000 -0.00561500 0.00856500
v -0.00527000 -0.00586900 0.00836900
v -0.00527000 -0.00606500 0.00811500
v -0.00527000 -0.00618800 0.00781800
v -0.00527000 -0.00622900 0.00750000
v -0.00527000 -0.00618800 0.00718200
v -0.00527000 -0.00606500 0.00688500
v -0.00527000 -0.00586900 0.00663100
v -0.00527000 -0.00561500 0.00643500
v -0.00527000 -0.00531800 0.00631200
v -0.00527000 -0.00500000 0.00627000
v -0.00527000 -0.00468200 0.00631200
v -0.00527000 -0.00438500 0.00643500
v -0.00527000 -0.00413100 0.00663100
v -0.00527000 -0.00393500 0.00688500
v -0.00527000 -0.00381200 0.00718200
v -0.00527000 -0.00377000 0.00750000
v -0.00527000 -0.00381200 0.00781800
v -0.00527000 -0.00393500 0.00811500
v -0.00527000 -0.00413100 0.00836900
v -0.00527000 -0.00438500 0.00856500
v -0.00527000 -0.00468200 0.00868800
v -0.00527000 -0.00500000 0.00872900
v -0.00527000 0.00468200 -0.00631200
v -0.00527000 0.00438500 -0.00643500
v -0.00527000 0.00413100 -0.00663100
v -0.00527000 0.00393500 -0.00688500
v -0.00527000 0.00381200 -0.00718200
v -0.00527000 0.00377000 -0.00750000
v -0.00527000 0.00381200 -0.00781800
v -0.00527000 0.00393500 -0.00811500
v -0.00527000 0.00413100 -0.00836900
v -0.00527000 0.00438500 -0.00856500
v -0.00527000 0.00468200 -0.00868800
v -0.00527000 0.00500000 -0.00872900
v -0.00527000 0.00531800 -0.00868800
v -0.00527000 0.00561500 -0.00856500
v -0.00527000 0.00586900 -0.00836900
v -0.00527000 0.00606500 -0.00811500
v -0.00527000 0.00618800 -0.00781800
v -0.00527000 0.00622900 -0.00750000
v -0.00527000 0.00618800 -0.00718200
v -0.00527000 0.00606500 -0.00688500
v -0.00527000 0.00586900 -0.00663100
v -0.00527000 0.00561500 -0.00643500
v -0.00527000 0.00531800 -0.00631200
v -0.00527000 0.00500000 -0.00627000
v -0.00527000 -0.00531800 -0.00631200
v -0.00527000 -0.00561500 -0.00643500
v -0.00527000 -0.00586900 -0.00663100
v -0.00527000 -0.00606500 -0.00688500
v -0.00527000 -0.00618800 -0.00718200
v -0.00527000 -0.00622900 -0.00750000
v -0.00527000 -0.00618800 -0.00781800
v -0.00527000 -0.00606500 -0.00811500
v -0.00527000 -0.00586900 -0.00836900
v -0.00527000 -0.00561500 -0.00856500
v -0.00527000 -0.00531800 -0.00868800
v -0.00527000 -0.00500000 -0.00872900
v -0.00527000 -0.00468200 -0.00868800
v -0.00527000 -0.00438500 -0.00856500
v -0.00527000 -0.00413100 -0.00836900
v -0.00527000 -0.00393500 -0.00811500
v -0.00527000 -0.00381200 -0.00781800
v -0.00527000 -0.00377000 -0.00750000
v -0.00527000 -0.00381200 -0.00718200
v -0.00527000 -0.00393500 -0.00688500
v -0.00527000 -0.00413100 -0.00663100
v -0.00527000 -0.00438500 -0.00643500
v -0.00527000 -0.00468200 -0.00631200
v -0.00527000 -0.00500000 -0.00627000
v -0.00527000 0.00531800 0.00631200
v -0.00527000 0.00561500 0.00643500
v -0.00527000 0.00586900 0.00663100
v -0.00527000 0.00606500 0.00688500
v -0.00527000 0.00618800 0.00718200
v -0.00527000 0.00622900 0.00750000
v -0.00527000 0.00618800 0.00781800
v -0.00527000 0.00606500 0.00811500
v -0.00527000 0.00586900 0.00836900
v -0.00527000 0.00561500 0.00856500
v -0.00527000 0.00531800 0.00868800
v -0.00527000 0.00500000 0.00872900
v -0.00527000 0.00468200 0.00868800
v -0.00527000 0.00438500 0.00856500
v -0.00527000 0.00413100 0.00836900
v -0.00527000 0.00393500 0.00811500
v -0.00527000 0.00381200 0.00781800
v -0.00527000 0.00377000 0.00750000
v -0.00527000 0.00381200 0.00718200
v -0.00527000 0.00393500 0.00688500
v -0.00527000 0.00413100 0.00663100
v -0.00527000 0.00438500 0.00643500
v -0.00527000 0.00468200 0.00631200
v -0.00527000 0.00500000 0.00627000
v -0.00000000 0.00813200 0.00288200
v -0.00000000 0.01200000 0.00288200
v -0.00000000 0.01200000 0.01061800
v 0.00000000 -0.00763200 -0.00109500
v 0.00000000 -0.00809500 -0.00063200
v 0.00000000 -0.00813200 -0.00288200
v 0.00000000 -0.00205000 -0.01100000
v 0.00000000 -0.00000000 -0.01100000
v 0.00000000 0.00000000 -0.01061800
v -0.00000000 0.00464300 -0.01283300
v -0.00000000 0.00514600 -0.01367700
v -0.00000000 0.00536800 -0.01061800
v 0.00000000 -0.01141400 0.01441400
v 0.00000000 -0.01184800 0.01376500
v 0.00000000 -0.01200000 0.01300000
v 0.00000000 -0.01000000 -0.02100000
v 0.00000000 -0.00813200 -0.02100000
v 0.00000000 -0.00813200 -0.01638200
v -0.00000000 0.01141400 -0.02041400
v -0.00000000 0.01184800 -0.01976500
v -0.00000000 0.01200000 -0.01900000
v -0.00000000 0.00813200 -0.02100000
v -0.00000000 0.01000000 -0.02100000
v -0.00000000 0.00813200 -0.01638200
v -0.00000000 0.01076500 -0.02084800
v 0.00000000 -0.01076500 -0.02084800
v 0.00000000 -0.01141400 -0.02041400
v 0.00000000 -0.01184800 -0.01976500
v 0.00000000 -0.01200000 -0.01900000
v 0.00000000 -0.01076500 0.01484800
v 0.00000000 -0.00826400 0.01200000
v 0.00000000 -0.01000000 0.01500000
v 0.00000000 -0.00809500 0.01263200
v 0.00000000 -0.00813200 0.01500000
v -0.00000000 0.00205000 -0.01100000
v -0.00000000 0.00288300 -0.01112900
v -0.00000000 0.00363800 -0.01150500
v -0.00000000 0.00424400 -0.01209100
v 0.00000000 -0.00536800 -0.01061800
v 0.00000000 -0.00514600 -0.01367700
v 0.00000000 -0.00464300 -0.01283300
v 0.00000000 -0.00424400 -0.01209100
v 0.00000000 -0.00363800 -0.01150500
v 0.00000000 -0.00288300 -0.01112900
v 0.00000000 -0.00636800 -0.01090500
v 0.00000000 -0.00700000 -0.01073500
v 0.00000000 -0.00813200 -0.01061800
v 0.00000000 -0.00763200 -0.01090500
v 0.00000000 -0.00590500 -0.01136800
v 0.00000000 -0.00573500 -0.01200000
v 0.00000000 -0.00590500 -0.01263200
v 0.00000000 -0.00593500 -0.01426200
v 0.00000000 -0.00636800 -0.01309500
v 0.00000000 -0.00678600 -0.01488600
v 0.00000000 -0.00700000 -0.01326400
v 0.00000000 -0.00733900 -0.01578400
v 0.00000000 -0.00763200 -0.01309500
v 0.00000000 -0.00809500 -0.01263200
v 0.00000000 -0.00536800 -0.02100000
v 0.00000000 -0.00579900 -0.01929800
v 0.00000000 -0.00668200 -0.01872100
v 0.00000000 -0.00728300 -0.01785400
v 0.00000000 -0.00751300 -0.01682400
v -0.00000000 0.00536800 -0.02100000
v -0.00000000 0.00476400 -0.01950000
v 0.00000000 0.00000000 -0.02100000
v 0.00000000 -0.00000000 -0.01950000
v 0.00000000 -0.00476400 -0.01950000
v -0.00000000 0.00668200 -0.01872100
v -0.00000000 0.00579900 -0.01929800
v -0.00000000 0.00809500 -0.01263200
v -0.00000000 0.00763200 -0.01309500
v -0.00000000 0.00590500 -0.01136800
v -0.00000000 0.00636800 -0.01090500
v -0.00000000 0.00700000 -0.01073500
v -0.00000000 0.00813200 -0.01061800
v -0.00000000 0.00763200 -0.01090500
v -0.00000000 0.00809500 -0.01136800
v -0.00000000 0.00573500 -0.01200000
v -0.00000000 0.00590500 -0.01263200
v -0.00000000 0.00636800 -0.01309500
v -0.00000000 0.00593500 -0.01426200
v -0.00000000 0.00700000 -0.01326400
v -0.00000000 0.00678600 -0.01488600
v -0.00000000 0.00733900 -0.01578400
v -0.00000000 0.00751300 -0.01682400
v -0.00000000 0.00728300 -0.01785400
v -0.00000000 0.00500000 0.00000000
v -0.00000000 0.00479700 -0.00140900
v -0.00000000 0.00536800 -0.00288200
v -0.00000000 0.00536800 0.00288200
v -0.00000000 0.00420600 0.00270300
v -0.00000000 0.00479700 0.00140900
v -0.00000000 0.00000000 0.01061800
v -0.00000000 0.00231500 0.00883700
v -0.00000000 0.00297900 0.00971700
v -0.00000000 0.00500000 0.00450000
v -0.00000000 0.00444900 0.00455100
v -0.00000000 0.00327400 0.00377900
v -0.00000000 0.00342100 0.00494900
v -0.00000000 0.00207700 0.00454800
v -0.00000000 0.00260600 0.00569200
v -0.00000000 0.00071200 0.00494900
v -0.00000000 0.00211500 0.00667900
v -0.00000000 0.00201300 0.00777700
v 0.00000000 -0.00420600 0.00270300
v 0.00000000 -0.00327400 0.00377900
v 0.00000000 -0.00342100 0.00494900
v 0.00000000 -0.00260600 0.00569200
v 0.00000000 -0.00207700 0.00454800
v 0.00000000 -0.00071200 0.00494900
v 0.00000000 -0.00211500 0.00667900
v 0.00000000 -0.00201300 0.00777700
v 0.00000000 -0.00231500 0.00883700
v 0.00000000 -0.00297900 0.00971700
v 0.00000000 -0.00536800 -0.00288200
v 0.00000000 -0.00420600 -0.00270300
v 0.00000000 -0.00479700 -0.00140900
v 0.00000000 -0.00444900 0.00455100
v 0.00000000 -0.00536800 0.00288200
v 0.00000000 -0.00479700 0.00140900
v 0.00000000 -0.00500000 -0.00000000
v 0.00000000 -0.00260600 -0.00930800
v 0.00000000 -0.00342100 -0.01005100
v 0.00000000 -0.00391600 -0.00470300
v 0.00000000 -0.00297900 -0.00528300
v 0.00000000 -0.00207700 -0.00454800
v 0.00000000 -0.00071200 -0.00494900
v 0.00000000 -0.00444900 -0.01044900
v 0.00000000 -0.00231500 -0.00616300
v 0.00000000 -0.00201300 -0.00722300
v 0.00000000 -0.00211500 -0.00832100
v -0.00000000 0.00444900 -0.01044900
v -0.00000000 0.00342100 -0.01005100
v -0.00000000 0.00555100 -0.01044900
v -0.00000000 0.00500000 -0.01050000
v -0.00000000 0.00260600 -0.00930800
v -0.00000000 0.00211500 -0.00832100
v -0.00000000 0.00201300 -0.00722300
v -0.00000000 0.00231500 -0.00616300
v -0.00000000 0.00500000 -0.00450000
v -0.00000000 0.00420600 -0.00270300
v -0.00000000 0.00391600 -0.00470300
v -0.00000000 0.00327400 -0.00377900
v -0.00000000 0.00297900 -0.00528300
v -0.00000000 0.00207700 -0.00454800
v -0.00000000 0.00071200 -0.00494900
v -0.00000000 0.00590500 -0.00063200
v -0.00000000 0.00573500 -0.00000000
v -0.00000000 0.00700000 0.00126400
v -0.00000000 0.00636800 0.00109500
v -0.00000000 0.00590500 0.00063200
v -0.00000000 0.00809500 -0.00063200
v -0.00000000 0.00763200 -0.00109500
v -0.00000000 0.00813200 -0.00288200
v -0.00000000 0.00700000 -0.00126400
v -0.00000000 0.00636800 -0.00109500
v -0.00000000 0.00763200 0.00109500
v -0.00000000 0.00809500 0.00063200
v -0.00000000 0.00826400 0.00000000
v -0.00000000 0.01200000 -0.00288200
v 0.00000000 -0.00763200 0.01309500
v 0.00000000 -0.00700000 0.01326400
v 0.00000000 -0.00536800 0.01500000
v 0.00000000 -0.00636800 0.01309500
v 0.00000000 -0.00590500 0.01263200
v 0.00000000 -0.00536800 0.01061800
v 0.00000000 -0.00573500 0.01200000
v 0.00000000 -0.00590500 0.01136800
v 0.00000000 -0.00636800 0.01090500
v 0.00000000 -0.00700000 0.01073500
v 0.00000000 -0.00813200 0.01061800
v 0.00000000 -0.00763200 0.01090500
v 0.00000000 -0.00809500 0.01136800
v 0.00000000 -0.01200000 -0.01638200
v 0.00000000 -0.01200000 -0.01061800
v 0.00000000 -0.00826400 -0.01200000
v 0.00000000 -0.00809500 -0.01136800
v 0.00000000 -0.00763200 0.00109500
v 0.00000000 -0.00700000 0.00126400
v 0.00000000 -0.00813200 0.00288200
v 0.00000000 -0.00636800 0.00109500
v 0.00000000 -0.00590500 0.00063200
v 0.00000000 -0.00573500 0.00000000
v 0.00000000 -0.00590500 -0.00063200
v 0.00000000 -0.00636800 -0.00109500
v 0.00000000 -0.00700000 -0.00126400
v 0.00000000 -0.00809500 0.00063200
v 0.00000000 -0.01200000 0.00288200
v 0.00000000 -0.00826400 -0.00000000
v 0.00000000 -0.01200000 -0.00288200
v -0.00000000 0.00573500 0.01200000
v -0.00000000 0.00590500 0.01263200
v -0.00000000 0.00536800 0.01500000
v -0.00000000 0.00636800 0.01309500
v -0.00000000 0.00813200 0.01500000
v -0.00000000 0.00700000 0.01326400
v -0.00000000 0.00763200 0.01309500
v -0.00000000 0.00809500 0.01263200
v -0.00000000 0.01000000 0.01500000
v -0.00000000 0.00826400 0.01200000
v -0.00000000 0.01076500 0.01484800
v -0.00000000 0.00809500 0.01136800
v -0.00000000 0.00763200 0.01090500
v -0.00000000 0.00813200 0.01061800
v -0.00000000 0.00700000 0.01073500
v -0.00000000 0.00536800 0.01061800
v -0.00000000 0.00636800 0.01090500
v -0.00000000 0.00590500 0.01136800
v -0.00000000 0.01200000 -0.01638200
v -0.00000000 0.01200000 -0.01061800
v -0.00000000 0.00826400 -0.01200000
v -0.00000000 0.00657900 -0.01005100
v -0.00000000 0.00739400 -0.00930800
v -0.00000000 0.00608400 -0.00470300
v -0.00000000 0.00702100 -0.00528300
v -0.00000000 0.00768500 -0.00616300
v -0.00000000 0.00798700 -0.00722300
v -0.00000000 0.00788500 -0.00832100
v 0.00000000 -0.00500000 0.00450000
v 0.00000000 -0.00555100 0.00455100
v 0.00000000 -0.00657900 0.00494900
v 0.00000000 -0.00739400 0.00569200
v 0.00000000 -0.00788500 0.00667900
v 0.00000000 -0.00798700 0.00777700
v 0.00000000 -0.00768500 0.00883700
v 0.00000000 -0.00702100 0.00971700
v 0.00000000 -0.00608400 0.01029700
v 0.00000000 -0.00500000 0.01050000
v 0.00000000 -0.00391600 0.01029700
v -0.00000000 0.00768500 0.00883700
v -0.00000000 0.00798700 0.00777700
v -0.00000000 0.00391600 0.01029700
v -0.00000000 0.00500000 0.01050000
v -0.00000000 0.00608400 0.01029700
v -0.00000000 0.00702100 0.00971700
v -0.00000000 0.00788500 0.00667900
v -0.00000000 0.00739400 0.00569200
v -0.00000000 0.00657900 0.00494900
v -0.00000000 0.00555100 0.00455100
v 0.00000000 -0.00500000 -0.01050000
v 0.00000000 -0.00555100 -0.01044900
v 0.00000000 -0.00657900 -0.01005100
v 0.00000000 -0.00739400 -0.00930800
v 0.00000000 -0.00788500 -0.00832100
v 0.00000000 -0.00798700 -0.00722300
v 0.00000000 -0.00768500 -0.00616300
v 0.00000000 -0.00327400 -0.00377900
v 0.00000000 -0.00500000 -0.00450000
v 0.00000000 -0.00608400 -0.00470300
v 0.00000000 -0.00702100 -0.00528300
v 0.00000000 -0.01200000 0.01061800
v -0.00000000 0.01141400 0.01441400
v -0.00000000 0.01184800 0.01376500
v -0.00000000 0.01200000 0.01300000
v -0.00000000 0.00000000 0.01500000
v -0.00700000 0.01000000 0.01500000
v -0.00700000 -0.01000000 0.01500000
v -0.00500000 -0.00809500 -0.00063200
v -0.00500000 -0.00763200 -0.00109500
v -0.00500000 -0.00740700 -0.00313200
v -0.00500000 0.00809500 0.00063200
v -0.00500000 0.00763200 0.00109500
v -0.00500000 0.00740700 0.00313200
v -0.00500000 0.00577500 -0.00615800
v -0.00500000 0.00500000 -0.00595000
v -0.00500000 0.00536800 -0.00547500
v -0.00500000 -0.01182100 -0.01127300
v -0.00500000 -0.01200000 -0.01210000
v -0.00500000 -0.01200000 -0.01057500
v -0.00500000 -0.01000000 0.01010000
v -0.00500000 -0.00740700 0.01010000
v -0.00500000 -0.00740700 0.00547500
v -0.00500000 -0.00577500 0.00615800
v -0.00500000 -0.00500000 0.00595000
v -0.00500000 -0.00536800 0.00547500
v -0.00500000 0.01000000 -0.01010000
v -0.00500000 0.00740700 -0.01010000
v -0.00500000 0.00740700 -0.00547500
v -0.00500000 0.01057600 -0.01018500
v -0.00500000 0.01200000 -0.00547500
v -0.00500000 0.01131700 -0.01059400
v -0.00500000 0.01200000 -0.01057500
v -0.00500000 0.01182100 -0.01127300
v -0.00500000 0.01200000 -0.01210000
v -0.00500000 0.01200000 0.01210000
v -0.00500000 0.01200000 0.00547500
v -0.00500000 0.01184800 0.01133500
v -0.00500000 0.01141400 0.01068600
v -0.00500000 0.00740700 0.01010000
v -0.00500000 0.01000000 0.01010000
v -0.00500000 0.01076500 0.01025200
v -0.00500000 0.00634200 0.00827500
v -0.00500000 0.00577500 0.00884200
v -0.00500000 0.00500000 0.00595000
v -0.00500000 0.00577500 0.00615800
v -0.00500000 0.00740700 0.00547500
v -0.00500000 0.00634200 0.00672500
v -0.00500000 0.00655000 0.00750000
v -0.00500000 0.00536800 0.01010000
v -0.00500000 0.00500000 0.00905000
v -0.00500000 -0.00000000 0.01010000
v -0.00500000 -0.00000000 0.00547500
v -0.00500000 0.00365800 0.00672500
v -0.00500000 0.00422500 0.00615800
v -0.00500000 0.00536800 0.00547500
v -0.00500000 0.00422500 0.00884200
v -0.00500000 0.00365800 0.00827500
v -0.00500000 0.00345000 0.00750000
v -0.00500000 -0.00422500 0.00615800
v -0.00500000 -0.00365800 0.00672500
v -0.00500000 -0.00345000 0.00750000
v -0.00500000 -0.00365800 0.00827500
v -0.00500000 -0.00422500 0.00884200
v -0.00500000 -0.00536800 0.01010000
v -0.00500000 -0.00500000 0.00905000
v -0.00500000 -0.00577500 0.00884200
v -0.00500000 -0.00634200 0.00827500
v -0.00500000 -0.00655000 0.00750000
v -0.00500000 -0.00634200 0.00672500
v -0.00500000 -0.01200000 0.01210000
v -0.00500000 -0.01184800 0.01133500
v -0.00500000 -0.01200000 0.00547500
v -0.00500000 -0.01141400 0.01068600
v -0.00500000 -0.01076500 0.01025200
v -0.00500000 -0.00740700 -0.01010000
v -0.00500000 -0.01000000 -0.01010000
v -0.00500000 -0.01200000 -0.00547500
v -0.00500000 -0.01057600 -0.01018500
v -0.00500000 -0.01131700 -0.01059400
v -0.00500000 -0.00500000 -0.00595000
v -0.00500000 -0.00577500 -0.00615800
v -0.00500000 -0.00740700 -0.00547500
v -0.00500000 -0.00634200 -0.00672500
v -0.00500000 -0.00655000 -0.00750000
v -0.00500000 -0.00422500 -0.00884200
v -0.00500000 -0.00000000 -0.01010000
v -0.00500000 -0.00500000 -0.00905000
v -0.00500000 -0.00536800 -0.01010000
v -0.00500000 -0.00577500 -0.00884200
v -0.00500000 -0.00634200 -0.00827500
v -0.00500000 -0.00365800 -0.00827500
v -0.00500000 -0.00345000 -0.00750000
v -0.00500000 -0.00000000 -0.00547500
v -0.00500000 -0.00365800 -0.00672500
v -0.00500000 -0.00422500 -0.00615800
v -0.00500000 -0.00536800 -0.00547500
v -0.00500000 0.00422500 -0.00615800
v -0.00500000 0.00365800 -0.00672500
v -0.00500000 0.00345000 -0.00750000
v -0.00500000 0.00365800 -0.00827500
v -0.00500000 0.00422500 -0.00884200
v -0.00500000 0.00536800 -0.01010000
v -0.00500000 0.00500000 -0.00905000
v -0.00500000 0.00577500 -0.00884200
v -0.00500000 0.00634200 -0.00827500
v -0.00500000 0.00655000 -0.00750000
v -0.00500000 0.00634200 -0.00672500
v -0.00500000 0.00536800 0.00313200
v -0.00500000 0.00536800 -0.00313200
v -0.00500000 0.00500000 0.00000000
v -0.00500000 0.00479700 -0.00140900
v -0.00500000 0.00071200 -0.00494900
v -0.00500000 0.00207700 -0.00454800
v -0.00500000 0.00327400 -0.00377900
v -0.00500000 0.00420600 -0.00270300
v -0.00500000 -0.00207700 -0.00454800
v -0.00500000 -0.00071200 -0.00494900
v -0.00500000 -0.00500000 -0.00000000
v -0.00500000 -0.00479700 -0.00140900
v -0.00500000 -0.00536800 -0.00313200
v -0.00500000 -0.00420600 -0.00270300
v -0.00500000 -0.00327400 -0.00377900
v -0.00500000 -0.00071200 0.00494900
v -0.00500000 -0.00207700 0.00454800
v -0.00500000 -0.00327400 0.00377900
v -0.00500000 -0.00536800 0.00313200
v -0.00500000 -0.00420600 0.00270300
v -0.00500000 -0.00479700 0.00140900
v -0.00500000 0.00207700 0.00454800
v -0.00500000 0.00071200 0.00494900
v -0.00500000 0.00479700 0.00140900
v -0.00500000 0.00420600 0.00270300
v -0.00500000 0.00327400 0.00377900
v -0.00500000 0.00700000 0.00126400
v -0.00500000 0.00636800 0.00109500
v -0.00500000 0.00590500 0.00063200
v -0.00500000 0.00573500 -0.00000000
v -0.00500000 0.00590500 -0.00063200
v -0.00500000 0.00636800 -0.00109500
v -0.00500000 0.00700000 -0.00126400
v -0.00500000 0.00740700 -0.00313200
v -0.00500000 0.00826400 0.00000000
v -0.00500000 0.01200000 0.00313200
v -0.00500000 0.00809500 -0.00063200
v -0.00500000 0.01200000 -0.00313200
v -0.00500000 0.00763200 -0.00109500
v -0.00500000 -0.00636800 0.00109500
v -0.00500000 -0.00700000 0.00126400
v -0.00500000 -0.00740700 0.00313200
v -0.00500000 -0.00636800 -0.00109500
v -0.00500000 -0.00590500 -0.00063200
v -0.00500000 -0.00573500 0.00000000
v -0.00500000 -0.00590500 0.00063200
v -0.00500000 -0.00700000 -0.00126400
v -0.00500000 -0.00826400 -0.00000000
v -0.00500000 -0.01200000 -0.00313200
v -0.00500000 -0.00809500 0.00063200
v -0.00500000 -0.01200000 0.00313200
v -0.00500000 -0.00763200 0.00109500
v -0.00300000 -0.00500000 -0.00595000
v -0.00300000 -0.00422500 -0.00615800
v -0.00300000 -0.00365800 -0.00672500
v -0.00300000 -0.00345000 -0.00750000
v -0.00300000 -0.00365800 -0.00827500
v -0.00300000 -0.00422500 -0.00884200
v -0.00300000 -0.00500000 -0.00905000
v -0.00300000 -0.00577500 -0.00884200
v -0.00300000 -0.00634200 -0.00827500
v -0.00300000 -0.00655000 -0.00750000
v -0.00300000 -0.00634200 -0.00672500
v -0.00300000 -0.00577500 -0.00615800
v -0.00300000 -0.00500000 -0.00450000
v -0.00300000 -0.00391600 -0.00470300
v -0.00300000 -0.00297900 -0.00528300
v -0.00300000 -0.00231500 -0.00616300
v -0.00300000 -0.00201300 -0.00722300
v -0.00300000 -0.00211500 -0.00832100
v -0.00300000 -0.00260600 -0.00930800
v -0.00300000 -0.00342100 -0.01005100
v -0.00300000 -0.00444900 -0.01044900
v -0.00300000 -0.00500000 -0.01050000
v -0.00300000 -0.00555100 -0.01044900
v -0.00300000 -0.00657900 -0.01005100
v -0.00300000 -0.00739400 -0.00930800
v -0.00300000 -0.00788500 -0.00832100
v -0.00300000 -0.00798700 -0.00722300
v -0.00300000 -0.00768500 -0.00616300
v -0.00300000 -0.00702100 -0.00528300
v -0.00300000 -0.00608400 -0.00470300
v -0.00300000 0.00500000 0.00905000
v -0.00300000 0.00577500 0.00884200
v -0.00300000 0.00634200 0.00827500
v -0.00300000 0.00655000 0.00750000
v -0.00300000 0.00634200 0.00672500
v -0.00300000 0.00577500 0.00615800
v -0.00300000 0.00500000 0.00595000
v -0.00300000 0.00422500 0.00615800
v -0.00300000 0.00365800 0.00672500
v -0.00300000 0.00345000 0.00750000
v -0.00300000 0.00365800 0.00827500
v -0.00300000 0.00422500 0.00884200
v -0.00300000 0.00500000 0.01050000
v -0.00300000 0.00608400 0.01029700
v -0.00300000 0.00702100 0.00971700
v -0.00300000 0.00768500 0.00883700
v -0.00300000 0.00798700 0.00777700
v -0.00300000 0.00788500 0.00667900
v -0.00300000 0.00739400 0.00569200
v -0.00300000 0.00657900 0.00494900
v -0.00300000 0.00555100 0.00455100
v -0.00300000 0.00500000 0.00450000
v -0.00300000 0.00444900 0.00455100
v -0.00300000 0.00342100 0.00494900
v -0.00300000 0.00260600 0.00569200
v -0.00300000 0.00211500 0.00667900
v -0.00300000 0.00201300 0.00777700
v -0.00300000 0.00231500 0.00883700
v -0.00300000 0.00297900 0.00971700
v -0.00300000 0.00391600 0.01029700
v -0.00300000 -0.00500000 0.00905000
v -0.00300000 -0.00422500 0.00884200
v -0.00300000 -0.00365800 0.00827500
v -0.00300000 -0.00345000 0.00750000
v -0.00300000 -0.00365800 0.00672500
v -0.00300000 -0.00422500 0.00615800
v -0.00300000 -0.00500000 0.00595000
v -0.00300000 -0.00577500 0.00615800
v -0.00300000 -0.00634200 0.00672500
v -0.00300000 -0.00655000 0.00750000
v -0.00300000 -0.00634200 0.00827500
v -0.00300000 -0.00577500 0.00884200
v -0.00300000 -0.00500000 0.01050000
v -0.00300000 -0.00391600 0.01029700
v -0.00300000 -0.00297900 0.00971700
v -0.00300000 -0.00231500 0.00883700
v -0.00300000 -0.00201300 0.00777700
v -0.00300000 -0.00211500 0.00667900
v -0.00300000 -0.00260600 0.00569200
v -0.00300000 -0.00342100 0.00494900
v -0.00300000 -0.00444900 0.00455100
v -0.00300000 -0.00500000 0.00450000
v -0.00300000 -0.00555100 0.00455100
v -0.00300000 -0.00657900 0.00494900
v -0.00300000 -0.00739400 0.00569200
v -0.00300000 -0.00788500 0.00667900
v -0.00300000 -0.00798700 0.00777700
v -0.00300000 -0.00768500 0.00883700
v -0.00300000 -0.00702100 0.00971700
v -0.00300000 -0.00608400 0.01029700
v -0.00300000 0.00500000 -0.00595000
v -0.00300000 0.00577500 -0.00615800
v -0.00300000 0.00634200 -0.00672500
v -0.00300000 0.00655000 -0.00750000
v -0.00300000 0.00634200 -0.00827500
v -0.00300000 0.00577500 -0.00884200
v -0.00300000 0.00500000 -0.00905000
v -0.00300000 0.00422500 -0.00884200
v -0.00300000 0.00365800 -0.00827500
v -0.00300000 0.00345000 -0.00750000
v -0.00300000 0.00365800 -0.00672500
v -0.00300000 0.00422500 -0.00615800
v -0.00300000 0.00500000 -0.00450000
v -0.00300000 0.00608400 -0.00470300
v -0.00300000 0.00702100 -0.00528300
v -0.00300000 0.00768500 -0.00616300
v -0.00300000 0.00798700 -0.00722300
v -0.00300000 0.00788500 -0.00832100
v -0.00300000 0.00739400 -0.00930800
v -0.00300000 0.00657900 -0.01005100
v -0.00300000 0.00555100 -0.01044900
v -0.00300000 0.00500000 -0.01050000
v -0.00300000 0.00444900 -0.01044900
v -0.00300000 0.00342100 -0.01005100
v -0.00300000 0.00260600 -0.00930800
v -0.00300000 0.00211500 -0.00832100
v -0.00300000 0.00201300 -0.00722300
v -0.00300000 0.00231500 -0.00616300
v -0.00300000 0.00297900 -0.00528300
v -0.00300000 0.00391600 -0.00470300
v -0.01000000 0.00590500 -0.01263200
v -0.01000000 0.00636800 -0.01309500
v -0.01000000 0.00700000 -0.01200000
v -0.01000000 0.00700000 -0.01326400
v -0.01000000 0.00763200 -0.01309500
v -0.01000000 0.00636800 -0.01090500
v -0.01000000 0.00590500 -0.01136800
v -0.01000000 0.00573500 -0.01200000
v -0.01000000 0.00809500 -0.01136800
v -0.01000000 0.00763200 -0.01090500
v -0.01000000 0.00700000 -0.01073500
v -0.01000000 0.00809500 -0.01263200
v -0.01000000 0.00826400 -0.01200000
v -0.00700000 0.00700000 0.01326400
v -0.00700000 0.00763200 0.01309500
v -0.00700000 0.00809500 0.01263200
v -0.00700000 0.00826400 0.01200000
v -0.00700000 0.00809500 0.01136800
v -0.00700000 0.00763200 0.01090500
v -0.00700000 0.00700000 0.01073500
v -0.00700000 0.00636800 0.01090500
v -0.00700000 0.00590500 0.01136800
v -0.00700000 0.00573500 0.01200000
v -0.00700000 0.00590500 0.01263200
v -0.00700000 0.00636800 0.01309500
v -0.01000000 -0.00809500 -0.01263200
v -0.01000000 -0.00763200 -0.01309500
v -0.01000000 -0.00700000 -0.01200000
v -0.01000000 -0.00700000 -0.01326400
v -0.01000000 -0.00636800 -0.01309500
v -0.01000000 -0.00763200 -0.01090500
v -0.01000000 -0.00809500 -0.01136800
v -0.01000000 -0.00826400 -0.01200000
v -0.01000000 -0.00590500 -0.01136800
v -0.01000000 -0.00636800 -0.01090500
v -0.01000000 -0.00700000 -0.01073500
v -0.01000000 -0.00590500 -0.01263200
v -0.01000000 -0.00573500 -0.01200000
v -0.00700000 -0.00700000 0.01326400
v -0.00700000 -0.00636800 0.01309500
v -0.00700000 -0.00590500 0.01263200
v -0.00700000 -0.00573500 0.01200000
v -0.00700000 -0.00590500 0.01136800
v -0.00700000 -0.00636800 0.01090500
v -0.00700000 -0.00700000 0.01073500
v -0.00700000 -0.00763200 0.01090500
v -0.00700000 -0.00809500 0.01136800
v -0.00700000 -0.00826400 0.01200000
v -0.00700000 -0.00809500 0.01263200
v -0.00700000 -0.00763200 0.01309500
v -0.01550000 0.01000000 -0.02100000
v -0.01550000 0.01076500 -0.02084800
v -0.01550000 0.01141400 -0.02041400
v -0.01550000 0.01184800 -0.01976500
v -0.01550000 0.01200000 -0.01900000
v -0.01550000 -0.01000000 -0.02100000
v -0.01550000 -0.01200000 -0.01900000
v -0.01550000 -0.01184800 -0.01976500
v -0.01550000 -0.01141400 -0.02041400
v -0.01550000 -0.01076500 -0.02084800
v -0.00700000 0.01200000 0.01300000
v -0.00700000 0.01184800 0.01376500
v -0.00700000 0.01141400 0.01441400
v -0.00700000 0.01076500 0.01484800
v -0.00700000 -0.01141400 0.01068600
v -0.00700000 -0.01184800 0.01133500
v -0.00700000 -0.01200000 0.01210000
v -0.00700000 0.01200000 0.01210000
v -0.00700000 0.01184800 0.01133500
v -0.00700000 -0.01000000 0.01010000
v -0.00700000 -0.01076500 0.01025200
v -0.00700000 0.01000000 0.01010000
v -0.00700000 0.01076500 0.01025200
v -0.00700000 0.01141400 0.01068600
v -0.00700000 -0.01076500 0.01484800
v -0.00700000 -0.01141400 0.01441400
v -0.00700000 -0.01184800 0.01376500
v -0.00700000 -0.01200000 0.01300000
v -0.01550000 0.01200000 -0.01210000
v -0.01550000 -0.01200000 -0.01210000
v -0.00550000 -0.00709500 -0.01666800
v -0.00550000 -0.00663200 -0.01620500
v -0.00550000 -0.00600000 -0.01730000
v -0.00550000 -0.00600000 -0.01603600
v -0.00550000 -0.00536800 -0.01620500
v -0.00550000 -0.00663200 -0.01839500
v -0.00550000 -0.00709500 -0.01793200
v -0.00550000 -0.00726500 -0.01730000
v -0.00550000 -0.00490500 -0.01793200
v -0.00550000 -0.00536800 -0.01839500
v -0.00550000 -0.00600000 -0.01856400
v -0.00550000 -0.00490500 -0.01666800
v -0.00550000 -0.00473600 -0.01730000
v -0.01550000 -0.00600000 -0.01856400
v -0.01550000 -0.00536800 -0.01839500
v -0.01550000 -0.00490500 -0.01793200
v -0.01550000 -0.00473600 -0.01730000
v -0.01550000 -0.00490500 -0.01666800
v -0.01550000 -0.00536800 -0.01620500
v -0.01550000 -0.00600000 -0.01603600
v -0.01550000 -0.00663200 -0.01620500
v -0.01550000 -0.00709500 -0.01666800
v -0.01550000 -0.00726500 -0.01730000
v -0.01550000 -0.00709500 -0.01793200
v -0.01550000 -0.00663200 -0.01839500
v -0.00550000 0.00490500 -0.01666800
v -0.00550000 0.00536800 -0.01620500
v -0.00550000 0.00600000 -0.01730000
v -0.00550000 0.00600000 -0.01603600
v -0.00550000 0.00663200 -0.01620500
v -0.00550000 0.00536800 -0.01839500
v -0.00550000 0.00490500 -0.01793200
v -0.00550000 0.00473600 -0.01730000
v -0.00550000 0.00709500 -0.01793200
v -0.00550000 0.00663200 -0.01839500
v -0.00550000 0.00600000 -0.01856400
v -0.00550000 0.00709500 -0.01666800
v -0.00550000 0.00726500 -0.01730000
v -0.01550000 0.00600000 -0.01856400
v -0.01550000 0.00663200 -0.01839500
v -0.01550000 0.00709500 -0.01793200
v -0.01550000 0.00726500 -0.01730000
v -0.01550000 0.00709500 -0.01666800
v -0.01550000 0.00663200 -0.01620500
v -0.01550000 0.00600000 -0.01603600
v -0.01550000 0.00536800 -0.01620500
v -0.01550000 0.00490500 -0.01666800
v -0.01550000 0.00473600 -0.01730000
v -0.01550000 0.00490500 -0.01793200
v -0.01550000 0.00536800 -0.01839500
v -0.00500000 0.00593500 -0.01426200
v -0.00500000 0.00678600 -0.01488600
v -0.00500000 0.00733900 -0.01578400
v -0.00500000 0.00751300 -0.01682400
v -0.00500000 0.00728300 -0.01785400
v -0.00500000 0.00668200 -0.01872100
v -0.00500000 0.00579900 -0.01929800
v -0.00500000 0.00476400 -0.01950000
v -0.00500000 -0.00476400 -0.01950000
v -0.00500000 -0.00579900 -0.01929800
v -0.00500000 -0.00668200 -0.01872100
v -0.00500000 -0.00728300 -0.01785400
v -0.00500000 -0.00751300 -0.01682400
v -0.00500000 -0.00733900 -0.01578400
v -0.00500000 -0.00678600 -0.01488600
v -0.00500000 -0.00593500 -0.01426200
v -0.00500000 -0.00514600 -0.01367700
v -0.00500000 -0.00464300 -0.01283300
v -0.00500000 -0.00205000 -0.01100000
v -0.00500000 -0.00288300 -0.01112900
v -0.00500000 -0.00363800 -0.01150500
v -0.00500000 -0.00424400 -0.01209100
v -0.00500000 0.00205000 -0.01100000
v -0.00500000 0.00514600 -0.01367700
v -0.00500000 0.00464300 -0.01283300
v -0.00500000 0.00424400 -0.01209100
v -0.00500000 0.00363800 -0.01150500
v -0.00500000 0.00288300 -0.01112900
v -0.01050000 -0.01000000 -0.01010000
v -0.01050000 0.01000000 -0.01010000
v -0.01550000 -0.00531000 -0.01410000
v -0.01050000 -0.00531000 -0.01410000
v -0.01550000 0.00531000 -0.01410000
v -0.01050000 0.00531000 -0.01410000
v -0.01550000 0.00973300 -0.01011800
v -0.01550000 0.01057600 -0.01018500
v -0.01550000 0.00626000 -0.01393000
v -0.01550000 0.01131700 -0.01059400
v -0.01550000 0.01182100 -0.01127300
v -0.01550000 -0.01057600 -0.01018500
v -0.01550000 -0.00973300 -0.01011800
v -0.01550000 -0.01131700 -0.01059400
v -0.01550000 -0.01182100 -0.01127300
v -0.01550000 0.00833200 -0.01099600
v -0.01550000 0.00893800 -0.01040500
v -0.01550000 0.00802500 -0.01178400
v -0.01550000 0.00770700 -0.01269600
v -0.01550000 0.00709400 -0.01344200
v -0.01550000 -0.00893800 -0.01040500
v -0.01550000 -0.00833200 -0.01099600
v -0.01550000 -0.00802500 -0.01178400
v -0.01550000 -0.00770700 -0.01269600
v -0.01550000 -0.00709400 -0.01344200
v -0.01550000 -0.00626000 -0.01393000
v -0.01050000 -0.00802500 -0.01178400
v -0.01050000 -0.00833200 -0.01099600
v -0.01050000 -0.00893800 -0.01040500
v -0.01050000 -0.00973300 -0.01011800
v -0.01050000 0.00893800 -0.01040500
v -0.01050000 0.00833200 -0.01099600
v -0.01050000 0.00973300 -0.01011800
v -0.01050000 -0.00770700 -0.01269600
v -0.01050000 -0.00709400 -0.01344200
v -0.01050000 -0.00626000 -0.01393000
v -0.01050000 0.00709400 -0.01344200
v -0.01050000 0.00626000 -0.01393000
v -0.01050000 0.00770700 -0.01269600
v -0.01050000 0.00802500 -0.01178400
v -0.01550000 -0.03095200 -0.01031200
v -0.01550000 -0.03197600 -0.00750000
v -0.01550000 -0.03302900 -0.00750000
v -0.01550000 -0.01234100 -0.00750000
v -0.01550000 -0.01339400 -0.00750000
v -0.01550000 -0.01131700 -0.01031200
v -0.01550000 -0.01441800 -0.01031200
v -0.01550000 -0.03487900 -0.01031200
v -0.01550000 -0.03590300 -0.00750000
v -0.01550000 -0.03695600 -0.00750000
v -0.01550000 0.01137500 -0.02393200
v -0.01550000 0.01238200 -0.02292500
v -0.01550000 0.01275000 -0.02155000
v -0.01550000 -0.01524400 -0.01031200
v -0.01550000 -0.01529300 -0.01750000
v -0.01550000 -0.01416900 -0.01774000
v -0.01550000 -0.03798000 -0.01031200
v -0.01550000 -0.03880600 -0.01031200
v -0.01550000 -0.07450000 -0.01750000
v -0.01550000 -0.02702500 -0.01031200
v -0.01550000 -0.02619900 -0.01031200
v -0.01550000 -0.02309800 -0.01031200
v -0.01550000 -0.02517500 -0.00750000
v -0.01550000 -0.02412200 -0.00750000
v -0.01550000 -0.01324100 -0.01841900
v -0.01550000 -0.01267200 -0.01941800
v -0.01550000 -0.00600000 -0.02430000
v -0.01550000 -0.02019500 -0.00750000
v -0.01550000 -0.02124800 -0.00750000
v -0.01550000 -0.01917100 -0.01031200
v -0.01550000 -0.02227200 -0.01031200
v -0.01550000 -0.01626800 -0.00750000
v -0.01550000 -0.01732100 -0.00750000
v -0.01550000 -0.01834500 -0.01031200
v -0.01550000 -0.03405300 -0.01031200
v -0.01550000 -0.04273300 -0.01031200
v -0.01550000 -0.04375700 -0.00750000
v -0.01550000 -0.04481000 -0.00750000
v -0.01550000 -0.01168400 -0.02138600
v -0.01550000 -0.01013400 -0.02294900
v -0.01550000 -0.00817400 -0.02395400
v -0.01550000 -0.02804900 -0.00750000
v -0.01550000 -0.02910200 -0.00750000
v -0.01550000 -0.03012600 -0.01031200
v -0.01550000 -0.04583400 -0.01031200
v -0.01550000 -0.04666000 -0.01031200
v -0.01550000 -0.00600000 -0.01885000
v -0.01550000 -0.00677500 -0.01864200
v -0.01550000 -0.00734200 -0.01807500
v -0.01550000 -0.00522500 -0.01595800
v -0.01550000 0.01000000 -0.01031200
v -0.01550000 -0.00600000 -0.01575000
v -0.01550000 -0.04190700 -0.01031200
v -0.01550000 -0.04088300 -0.00750000
v -0.01550000 -0.03983000 -0.00750000
v -0.01550000 -0.05058700 -0.01031200
v -0.01550000 -0.05161100 -0.00750000
v -0.01550000 -0.05266400 -0.00750000
v -0.01550000 -0.00755000 -0.01730000
v -0.01550000 -0.00734200 -0.01652500
v -0.01550000 -0.00677500 -0.01595800
v -0.01550000 0.00734200 -0.01807500
v -0.01550000 0.00677500 -0.01864200
v -0.01550000 0.01000000 -0.02430000
v -0.01550000 0.00600000 -0.01885000
v -0.01550000 0.00522500 -0.01864200
v -0.01550000 0.00465800 -0.01807500
v -0.01550000 0.00734200 -0.01652500
v -0.01550000 0.01137500 -0.01068100
v -0.01550000 0.00677500 -0.01595800
v -0.01550000 0.00600000 -0.01575000
v -0.01550000 0.00755000 -0.01730000
v -0.01550000 0.01275000 -0.01306300
v -0.01550000 0.01238200 -0.01168800
v -0.01550000 -0.05368800 -0.01031200
v -0.01550000 -0.05451400 -0.01031200
v -0.01550000 0.00522500 -0.01595800
v -0.01550000 0.00465800 -0.01652500
v -0.01550000 -0.00465800 -0.01652500
v -0.01550000 0.00445000 -0.01730000
v -0.01550000 -0.00445000 -0.01730000
v -0.01550000 -0.00465800 -0.01807500
v -0.01550000 -0.00522500 -0.01864200
v -0.01550000 -0.06154200 -0.01031200
v -0.01550000 -0.06236800 -0.01031200
v -0.01550000 -0.04976100 -0.01031200
v -0.01550000 -0.04873700 -0.00750000
v -0.01550000 -0.04768400 -0.00750000
v -0.01550000 -0.05844100 -0.01031200
v -0.01550000 -0.05946500 -0.00750000
v -0.01550000 -0.06051800 -0.00750000
v -0.01550000 -0.05761500 -0.01031200
v -0.01550000 -0.05659100 -0.00750000
v -0.01550000 -0.05553800 -0.00750000
v -0.01550000 -0.06339200 -0.00750000
v -0.01550000 -0.06444500 -0.00750000
v -0.01550000 -0.06546900 -0.01031200
v -0.01550000 -0.06629500 -0.01031200
v -0.01550000 -0.06731900 -0.00750000
v -0.01550000 -0.06837200 -0.00750000
v -0.01550000 -0.06939600 -0.01031200
v -0.01550000 -0.07022200 -0.01031200
v -0.01550000 -0.07332300 -0.01031200
v -0.01550000 -0.07124600 -0.00750000
v -0.01550000 -0.07229900 -0.00750000
v -0.01550000 -0.07587500 -0.01713200
v -0.01550000 -0.07688200 -0.01612500
v -0.01550000 -0.07725000 -0.01475000
v -0.01550000 -0.07414900 -0.01031200
v -0.01550000 -0.07725000 -0.01031200
v -0.01550000 -0.07517300 -0.00750000
v -0.01550000 -0.07622600 -0.00750000
v -0.01850000 -0.01529300 -0.01750000
v -0.01850000 -0.07450000 -0.01750000
v -0.01850000 0.01275000 -0.01306300
v -0.01850000 0.01275000 -0.02155000
v -0.01850000 -0.02619900 -0.01031200
v -0.01850000 -0.02517500 -0.00750000
v -0.01850000 -0.02412200 -0.00750000
v -0.01850000 -0.07622600 -0.00750000
v -0.01850000 -0.07517300 -0.00750000
v -0.01850000 -0.07725000 -0.01031200
v -0.01850000 -0.07414900 -0.01031200
v -0.01850000 -0.07587500 -0.01713200
v -0.01850000 -0.07332300 -0.01031200
v -0.01850000 -0.07688200 -0.01612500
v -0.01850000 -0.07725000 -0.01475000
v -0.01850000 -0.07229900 -0.00750000
v -0.01850000 -0.07124600 -0.00750000
v -0.01850000 -0.07022200 -0.01031200
v -0.01850000 -0.06939600 -0.01031200
v -0.01850000 -0.06546900 -0.01031200
v -0.01850000 -0.06444500 -0.00750000
v -0.01850000 -0.06339200 -0.00750000
v -0.01850000 -0.03302900 -0.00750000
v -0.01850000 -0.03197600 -0.00750000
v -0.01850000 -0.03405300 -0.01031200
v -0.01850000 -0.03095200 -0.01031200
v -0.01850000 -0.02309800 -0.01031200
v -0.01850000 -0.02227200 -0.01031200
v -0.01850000 -0.01416900 -0.01774000
v -0.01850000 -0.01324100 -0.01841900
v -0.01850000 -0.01732100 -0.00750000
v -0.01850000 -0.01626800 -0.00750000
v -0.01850000 -0.01834500 -0.01031200
v -0.01850000 -0.01524400 -0.01031200
v -0.01850000 -0.06236800 -0.01031200
v -0.01850000 -0.06154200 -0.01031200
v -0.01850000 -0.05761500 -0.01031200
v -0.01850000 -0.05659100 -0.00750000
v -0.01850000 -0.05553800 -0.00750000
v -0.01850000 -0.01013400 -0.02294900
v -0.01850000 -0.01168400 -0.02138600
v -0.01850000 -0.00817400 -0.02395400
v -0.01850000 -0.01267200 -0.01941800
v -0.01850000 -0.00600000 -0.01885000
v -0.01850000 -0.00522500 -0.01864200
v -0.01850000 -0.00600000 -0.02430000
v -0.01850000 -0.06629500 -0.01031200
v -0.01850000 -0.06731900 -0.00750000
v -0.01850000 -0.06837200 -0.00750000
v -0.01850000 -0.05451400 -0.01031200
v -0.01850000 -0.05368800 -0.01031200
v -0.01850000 -0.02702500 -0.01031200
v -0.01850000 -0.03012600 -0.01031200
v -0.01850000 -0.02804900 -0.00750000
v -0.01850000 -0.02910200 -0.00750000
v -0.01850000 -0.01441800 -0.01031200
v -0.01850000 -0.01917100 -0.01031200
v -0.01850000 -0.02019500 -0.00750000
v -0.01850000 -0.02124800 -0.00750000
v -0.01850000 -0.05844100 -0.01031200
v -0.01850000 -0.05946500 -0.00750000
v -0.01850000 -0.06051800 -0.00750000
v -0.01850000 -0.04976100 -0.01031200
v -0.01850000 -0.04873700 -0.00750000
v -0.01850000 -0.04768400 -0.00750000
v -0.01850000 -0.04666000 -0.01031200
v -0.01850000 -0.04583400 -0.01031200
v -0.01850000 -0.00734200 -0.01652500
v -0.01850000 -0.00755000 -0.01730000
v -0.01850000 -0.00734200 -0.01807500
v -0.01850000 -0.00677500 -0.01864200
v -0.01850000 0.00522500 -0.01595800
v -0.01850000 0.00465800 -0.01652500
v -0.01850000 -0.00522500 -0.01595800
v -0.01850000 -0.05058700 -0.01031200
v -0.01850000 -0.05161100 -0.00750000
v -0.01850000 -0.05266400 -0.00750000
v -0.01850000 -0.00677500 -0.01595800
v -0.01850000 -0.01131700 -0.01031200
v -0.01850000 -0.01234100 -0.00750000
v -0.01850000 -0.01339400 -0.00750000
v -0.01850000 0.00734200 -0.01807500
v -0.01850000 0.00755000 -0.01730000
v -0.01850000 0.00734200 -0.01652500
v -0.01850000 -0.04190700 -0.01031200
v -0.01850000 -0.04088300 -0.00750000
v -0.01850000 -0.03983000 -0.00750000
v -0.01850000 0.00600000 -0.01575000
v -0.01850000 0.01000000 -0.01031200
v -0.01850000 -0.00600000 -0.01575000
v -0.01850000 0.01238200 -0.02292500
v -0.01850000 0.01137500 -0.02393200
v -0.01850000 0.00677500 -0.01864200
v -0.01850000 0.01000000 -0.02430000
v -0.01850000 0.00600000 -0.01885000
v -0.01850000 0.01238200 -0.01168800
v -0.01850000 0.01137500 -0.01068100
v -0.01850000 0.00677500 -0.01595800
v -0.01850000 -0.03880600 -0.01031200
v -0.01850000 -0.03798000 -0.01031200
v -0.01850000 0.00465800 -0.01807500
v -0.01850000 -0.00465800 -0.01807500
v -0.01850000 0.00445000 -0.01730000
v -0.01850000 -0.00445000 -0.01730000
v -0.01850000 -0.00465800 -0.01652500
v -0.01850000 0.00522500 -0.01864200
v -0.01850000 -0.04273300 -0.01031200
v -0.01850000 -0.04375700 -0.00750000
v -0.01850000 -0.04481000 -0.00750000
v -0.01850000 -0.03695600 -0.00750000
v -0.01850000 -0.03590300 -0.00750000
v -0.01850000 -0.03487900 -0.01031200
vn 0.22745828 -0.80418645 0.54913285
vn -0.08813699 -0.73770597 0.66934429
vn 0.29710858 -0.63026247 0.71728356
vn -0.09585728 -0.67886952 0.72797497
vn 0.93515318 -0.35424356 0.00017795
vn 0.93508313 -0.34239980 0.09155283
vn 0.71728356 0.63026247 -0.29710858
vn 0.93492443 -0.17723682 -0.30741410
vn 0.93539543 -0.25023905 -0.24983156
vn 0.71728356 0.63026247 0.29710858
vn 0.93503090 -0.30701945 -0.17735917
vn 0.93500906 -0.34254604 -0.09176201
vn 0.93500906 0.09176201 -0.34254604
vn 0.93515318 -0.00017795 -0.35424356
vn 0.71728356 -0.63026247 0.29710858
vn 0.93492443 0.17723682 0.30741410
vn 0.93539543 0.25023905 0.24983156
vn 0.71728356 -0.63026247 -0.29710858
vn 0.93503090 0.30701945 0.17735917
vn 0.93500906 0.34254604 0.09176201
vn 0.93503090 0.30701945 0.17735917
vn 0.93500906 0.34254604 0.09176201
vn 0.93492443 -0.30741410 0.17723682
vn 0.93539543 -0.24983156 0.25023905
vn 0.93503090 -0.17735917 0.30701945
vn 0.93503090 0.17735917 -0.30701945
vn 0.93539543 0.24983156 -0.25023905
vn 0.93492443 0.30741410 -0.17723682
vn 0.93500906 0.09176201 -0.34254604
vn 0.93515318 -0.00017795 -0.35424356
vn 0.93508313 -0.09155283 -0.34239980
vn 0.93500906 -0.09176201 0.34254604
vn 0.93493200 -0.00004487 0.35482694
vn 0.93499706 0.09182680 0.34256143
vn 0.93492443 -0.30741410 0.17723682
vn 0.93539543 -0.24983156 0.25023905
vn 0.93508313 -0.09155283 -0.34239980
vn 0.93499706 0.34256143 -0.09182680
vn 0.93492443 -0.17723682 -0.30741410
vn 0.93539543 -0.25023905 -0.24983156
vn 0.93515318 0.35424356 -0.00017795
vn 0.93508313 0.34239980 -0.09155283
vn 0.93492443 0.30741410 -0.17723682
vn 0.93539543 0.24983156 -0.25023905
vn 0.93503090 0.17735917 -0.30701945
vn 0.93499706 0.09182680 0.34256143
vn 0.93492443 0.17723682 0.30741410
vn 0.93539543 0.25023905 0.24983156
vn 0.93503090 -0.30701945 -0.17735917
vn 0.93500906 -0.34254604 -0.09176201
vn 0.93493200 0.35482694 0.00004487
vn 0.93493200 -0.35482694 -0.00004487
vn 0.93499706 -0.34256143 0.09182680
vn 0.93503090 -0.17735917 0.30701945
vn 0.93500906 -0.09176201 0.34254604
vn 0.93493200 -0.00004487 0.35482694
vn 0.71728356 0.63026247 0.29710858
vn 0.93492443 -0.17723682 -0.30741410
vn 0.93539543 -0.25023905 -0.24983156
vn 0.93499706 0.34256143 -0.09182680
vn 0.93492443 0.30741410 -0.17723682
vn 0.71728356 -0.63026247 0.29710858
vn 0.93539543 0.24983156 -0.25023905
vn 0.93503090 0.17735917 -0.30701945
vn 0.93503090 -0.30701945 -0.17735917
vn 0.93500906 -0.34254604 -0.09176201
vn 0.71728356 0.63026247 -0.29710858
vn 0.93515318 -0.35424356 0.00017795
vn 0.93508313 -0.34239980 0.09155283
vn 0.93500906 0.09176201 -0.34254604
vn 0.93493200 0.00004487 -0.35482694
vn 0.93499706 -0.09182680 -0.34256143
vn 0.93492443 -0.17723682 -0.30741410
vn 0.93539543 -0.25023905 -0.24983156
vn 0.93500906 0.09176201 -0.34254604
vn 0.93493200 0.00004487 -0.35482694
vn 0.93499706 -0.09182680 -0.34256143
vn 0.93503090 0.30701945 0.17735917
vn 0.93500906 0.34254604 0.09176201
vn 0.71728356 -0.63026247 -0.29710858
vn 0.93515318 0.35424356 -0.00017795
vn 0.93508313 0.34239980 -0.09155283
vn 0.93492443 0.30741410 -0.17723682
vn 0.93539543 0.24983156 -0.25023905
vn 0.93503090 0.17735917 -0.30701945
vn 0.93499706 -0.34256143 0.09182680
vn 0.93500906 0.34254604 0.09176201
vn 0.93493200 -0.35482694 -0.00004487
vn 0.93493200 0.35482694 0.00004487
vn 0.93500906 -0.34254604 -0.09176201
vn 0.93503090 -0.30701945 -0.17735917
vn 0.93492443 -0.30741410 0.17723682
vn 0.93539543 -0.24983156 0.25023905
vn 0.93503090 -0.17735917 0.30701945
vn 0.93492443 -0.30741410 0.17723682
vn 0.93539543 -0.24983156 0.25023905
vn 0.93503090 -0.17735917 0.30701945
vn 0.93500906 -0.09176201 0.34254604
vn 0.93515318 0.00017795 0.35424356
vn 0.93508313 0.09155283 0.34239980
vn 0.93492443 0.17723682 0.30741410
vn 0.93515318 0.00017795 0.35424356
vn 0.93508313 0.09155283 0.34239980
vn 0.93492443 0.17723682 0.30741410
vn 0.93539543 0.25023905 0.24983156
vn 0.93539543 0.25023905 0.24983156
vn 0.93503090 0.30701945 0.17735917
vn 0.93500906 -0.09176201 0.34254604
vn 0.29710858 0.63026247 -0.71728356
vn 0.29710858 -0.63026247 -0.71728356
vn -0.29710858 0.63026247 -0.71728356
vn -0.29710858 -0.63026247 -0.71728356
vn -0.71728356 0.63026247 -0.29710858
vn -0.71728356 -0.63026247 -0.29710858
vn -0.57735027 -0.57735027 0.57735027
vn -0.57735027 0.57735027 0.57735027
vn -0.99699995 0.04190630 -0.06507661
vn -0.72797497 0.67886952 -0.09585728
vn -0.72797497 -0.67886952 -0.09585728
vn -0.99699995 -0.04190630 -0.06507661
vn -0.29807509 -0.87396136 0.38385255
vn -0.29807509 0.87396136 0.38385255
vn -0.66264705 -0.65537897 0.36246005
vn -0.66264705 0.65537897 0.36246005
vn -0.55864815 -0.79965222 0.22015578
vn -0.55864815 0.79965222 0.22015578
vn -0.72806122 -0.67867749 0.09655942
vn -0.72806122 0.67867749 0.09655942
vn -0.65522679 -0.65340445 0.37913121
vn -0.65522679 0.65340445 0.37913121
vn -0.37913121 -0.65340445 0.65522679
vn -0.37913121 0.65340445 0.65522679
vn -0.09655942 -0.67867749 0.72806122
vn -0.09655942 0.67867749 0.72806122
vn 0.09655942 -0.67867749 0.72806122
vn 0.09655942 0.67867749 0.72806122
vn 0.37913121 -0.65340445 0.65522679
vn 0.37913121 0.65340445 0.65522679
vn 0.65522679 -0.65340445 0.37913121
vn 0.65522679 0.65340445 0.37913121
vn 0.72806122 -0.67867749 0.09655942
vn 0.72806122 0.67867749 0.09655942
vn 0.55864815 -0.79965222 0.22015578
vn 0.55864815 0.79965222 0.22015578
vn 0.66264705 -0.65537897 0.36246005
vn 0.66264705 0.65537897 0.36246005
vn 0.29807509 -0.87396136 0.38385255
vn 0.29807509 0.87396136 0.38385255
vn -0.22745828 -0.80418645 0.54913285
vn -0.22745828 0.80418645 0.54913285
vn -0.54913285 -0.80418645 0.22745828
vn -0.54913285 0.80418645 0.22745828
vn -0.54913285 -0.80418645 -0.22745828
vn -0.54913285 0.80418645 -0.22745828
vn -0.22745828 -0.80418645 -0.54913285
vn -0.22745828 0.80418645 -0.54913285
vn 0.29807509 -0.87396136 -0.38385255
vn 0.29807509 0.87396136 -0.38385255
vn 0.66264705 -0.65537897 -0.36246005
vn 0.66264705 0.65537897 -0.36246005
vn 0.55864815 -0.79965222 -0.22015578
vn 0.55864815 0.79965222 -0.22015578
vn 0.72806122 -0.67867749 -0.09655942
vn 0.72806122 0.67867749 -0.09655942
vn 0.65522679 -0.65340445 -0.37913121
vn 0.65522679 0.65340445 -0.37913121
vn 0.37913121 -0.65340445 -0.65522679
vn 0.37913121 0.65340445 -0.65522679
vn 0.09655942 -0.67867749 -0.72806122
vn 0.09655942 0.67867749 -0.72806122
vn -0.09655942 -0.67867749 -0.72806122
vn -0.09655942 0.67867749 -0.72806122
vn -0.37913121 -0.65340445 -0.65522679
vn -0.37913121 0.65340445 -0.65522679
vn -0.65522679 -0.65340445 -0.37913121
vn -0.65522679 0.65340445 -0.37913121
vn -0.72806122 -0.67867749 -0.09655942
vn -0.72806122 0.67867749 -0.09655942
vn -0.55864815 -0.79965222 -0.22015578
vn -0.55864815 0.79965222 -0.22015578
vn -0.66264705 -0.65537897 -0.36246005
vn -0.66264705 0.65537897 -0.36246005
vn -0.29807509 -0.87396136 -0.38385255
vn -0.29807509 0.87396136 -0.38385255
vn -0.57735027 -0.57735027 -0.57735027
vn -0.57735027 0.57735027 -0.57735027
vn -0.99699995 0.04190630 0.06507661
vn -0.72797497 0.67886952 0.09585728
vn -0.72797497 -0.67886952 0.09585728
vn -0.99699995 -0.04190630 0.06507661
vn -0.71728356 -0.63026247 0.29710858
vn -0.71728356 0.63026247 0.29710858
vn -0.29710858 0.63026247 0.71728356
vn -0.29710858 -0.63026247 0.71728356
vn 0.29710858 0.63026247 0.71728356
vn 0.29710858 -0.63026247 0.71728356
vn 0.29710858 -0.63026247 -0.71728356
vn 0.29710858 0.63026247 -0.71728356
vn 0.30151134 -0.90453403 -0.30151134
vn 0.30151134 0.90453403 -0.30151134
vn -0.65557163 -0.65328068 -0.37874819
vn -0.37874819 -0.65328068 -0.65557163
vn 0.00000000 -1.00000000 0.00000000
vn -0.00000000 -0.65311898 -0.75725531
vn 0.37874819 -0.65328068 -0.65557163
vn -0.37874819 -0.65328068 0.65557163
vn -0.65557163 -0.65328068 0.37874819
vn -0.75725531 -0.65311898 0.00000000
vn 0.65557163 -0.65328068 0.37874819
vn 0.37874819 -0.65328068 0.65557163
vn -0.00000000 -0.65311898 0.75725531
vn 0.65557163 -0.65328068 -0.37874819
vn 0.75725531 -0.65311898 -0.00000000
vn -0.65557163 0.65328068 0.37874819
vn -0.37874819 0.65328068 0.65557163
vn 0.00000000 1.00000000 0.00000000
vn -0.00000000 0.65311898 0.75725531
vn 0.37874819 0.65328068 0.65557163
vn -0.37874819 0.65328068 -0.65557163
vn -0.65557163 0.65328068 -0.37874819
vn -0.75725531 0.65311898 -0.00000000
vn 0.65557163 0.65328068 -0.37874819
vn 0.37874819 0.65328068 -0.65557163
vn -0.00000000 0.65311898 -0.75725531
vn 0.65557163 0.65328068 0.37874819
vn 0.75725531 0.65311898 0.00000000
vn 0.65858204 -0.65159542 -0.37642144
vn 0.65858204 -0.37642144 -0.65159542
vn 1.00000000 0.00000000 0.00000000
vn 0.65854705 0.00000000 -0.75253955
vn 0.65858204 0.37642144 -0.65159542
vn 0.65847340 -0.37601116 0.65194201
vn 0.65858204 -0.65159542 0.37642144
vn 0.65854705 -0.75253955 -0.00000000
vn 0.65847340 0.65194201 0.37601116
vn 0.65847340 0.37601116 0.65194201
vn 0.65888865 0.00000000 0.75224049
vn 0.65847340 0.65194201 -0.37601116
vn 0.65888865 0.75224049 -0.00000000
vn 0.65847340 -0.65194201 -0.37601116
vn 0.65858204 -0.37642144 -0.65159542
vn 1.00000000 0.00000000 0.00000000
vn 0.65854705 0.00000000 -0.75253955
vn 0.65858204 0.37642144 -0.65159542
vn 0.65847340 -0.37601116 0.65194201
vn 0.65847340 -0.65194201 0.37601116
vn 0.65888865 -0.75224049 -0.00000000
vn 0.65858204 0.65159542 0.37642144
vn 0.65847340 0.37601116 0.65194201
vn 0.65888865 -0.00000000 0.75224049
vn 0.65858204 0.65159542 -0.37642144
vn 0.65854705 0.75253955 -0.00000000
vn 0.65858204 -0.65159542 -0.37642144
vn 0.65847340 -0.37601116 -0.65194201
vn 1.00000000 0.00000000 0.00000000
vn 0.65888865 -0.00000000 -0.75224049
vn 0.65847340 0.37601116 -0.65194201
vn 0.65858204 -0.37642144 0.65159542
vn 0.65858204 -0.65159542 0.37642144
vn 0.65854705 -0.75253955 0.00000000
vn 0.65847340 0.65194201 0.37601116
vn 0.65858204 0.37642144 0.65159542
vn 0.65854705 0.00000000 0.75253955
vn 0.65847340 0.65194201 -0.37601116
vn 0.65888865 0.75224049 0.00000000
vn 0.65847340 -0.65194201 -0.37601116
vn 0.65847340 -0.37601116 -0.65194201
vn 1.00000000 0.00000000 0.00000000
vn 0.65888865 -0.00000000 -0.75224049
vn 0.65847340 0.37601116 -0.65194201
vn 0.65858204 -0.37642144 0.65159542
vn 0.65847340 -0.65194201 0.37601116
vn 0.65888865 -0.75224049 0.00000000
vn 0.65858204 0.65159542 0.37642144
vn 0.65858204 0.37642144 0.65159542
vn 0.65854705 -0.00000000 0.75253955
vn 0.65858204 0.65159542 -0.37642144
vn 0.65854705 0.75253955 0.00000000
vn -0.65570955 0.65323117 0.37859481
vn -0.37859481 0.65323117 0.65570955
vn 0.29710858 0.63026247 0.71728356
vn -0.09585728 0.67886952 0.72797497
vn 0.71728356 0.63026247 -0.29710858
vn 0.29710858 0.63026247 -0.71728356
vn -0.09585728 0.67886952 -0.72797497
vn -0.37859481 0.65323117 -0.65570955
vn -0.65570955 0.65323117 -0.37859481
vn 0.31906887 0.77018783 -0.55227326
vn -0.00000000 0.77040977 -0.63754905
vn -0.31906887 0.77018783 -0.55227326
vn 0.71728356 0.63026247 0.29710858
vn 0.55227326 0.77018783 -0.31906887
vn 0.63754905 0.77040977 0.00000000
vn 0.55227326 0.77018783 0.31906887
vn 0.31906887 0.77018783 0.55227326
vn -0.00000000 0.77040977 0.63754905
vn -0.31906887 0.77018783 0.55227326
vn -0.55227326 0.77018783 0.31906887
vn -0.63754905 0.77040977 0.00000000
vn -0.55227326 0.77018783 -0.31906887
vn -0.55228724 0.77025576 -0.31888064
vn -0.31888064 0.77025576 -0.55228724
vn -0.08813699 0.73770597 -0.66934429
vn -0.08813699 0.73770597 0.66934429
vn -0.31888064 0.77025576 0.55228724
vn -0.55228724 0.77025576 0.31888064
vn 0.22745828 0.80418645 -0.54913285
vn 0.22745828 0.80418645 0.54913285
vn -0.65570955 -0.65323117 -0.37859481
vn -0.37859481 -0.65323117 -0.65570955
vn -0.09585728 -0.67886952 -0.72797497
vn 0.71728356 -0.63026247 0.29710858
vn -0.37859481 -0.65323117 0.65570955
vn -0.65570955 -0.65323117 0.37859481
vn 0.29710858 -0.63026247 -0.71728356
vn 0.63754905 -0.77040977 0.00000000
vn 0.55227326 -0.77018783 0.31906887
vn 0.55227326 -0.77018783 -0.31906887
vn 0.31906887 -0.77018783 -0.55227326
vn -0.00000000 -0.77040977 -0.63754905
vn -0.31906887 -0.77018783 -0.55227326
vn 0.71728356 -0.63026247 -0.29710858
vn -0.31906887 -0.77018783 0.55227326
vn -0.00000000 -0.77040977 0.63754905
vn 0.31906887 -0.77018783 0.55227326
vn -0.55227326 -0.77018783 -0.31906887
vn -0.63754905 -0.77040977 0.00000000
vn -0.55227326 -0.77018783 0.31906887
vn 0.54913285 0.80418645 0.22745828
vn 0.30151134 -0.90453403 0.30151134
vn 0.29710858 -0.63026247 0.71728356
vn 0.30151134 0.90453403 0.30151134
vn 0.29710858 0.63026247 0.71728356
vn -0.55228724 -0.77025576 0.31888064
vn -0.31888064 -0.77025576 0.55228724
vn -0.08813699 -0.73770597 -0.66934429
vn -0.31888064 -0.77025576 -0.55228724
vn -0.55228724 -0.77025576 -0.31888064
vn 0.54913285 0.80418645 -0.22745828
vn 0.54913285 -0.80418645 0.22745828
vn 0.54913285 -0.80418645 -0.22745828
vn 0.22745828 -0.80418645 -0.54913285
vn 0.39546361 0.23672963 -0.88745006
vn 0.39468756 0.46051879 -0.79507495
vn 0.39567239 0.64908943 -0.64971246
vn 0.39502834 0.79518059 -0.46004395
vn 0.39522639 0.88761354 -0.23651280
vn 0.39483984 0.91874993 -0.00027145
vn 0.39546361 0.88745006 0.23672963
vn 0.39468756 0.79507495 0.46051879
vn 0.39567239 0.64971246 0.64908943
vn 0.39502834 0.46004395 0.79518059
vn 0.39507744 0.23793965 0.88729845
vn 0.39450023 -0.00006856 0.91889584
vn 0.39503909 -0.23785746 0.88733756
vn 0.39468756 -0.46051879 0.79507495
vn 0.39567239 -0.64908943 0.64971246
vn 0.39502834 -0.79518059 0.46004395
vn 0.39507744 -0.88729845 0.23793965
vn 0.39450023 -0.91889584 -0.00006856
vn 0.39503909 -0.88733756 -0.23785746
vn 0.39468756 -0.79507495 -0.46051879
vn 0.39567239 -0.64971246 -0.64908943
vn 0.39502834 -0.46004395 -0.79518059
vn 0.39522639 -0.23651280 -0.88761354
vn 0.39483984 -0.00027145 -0.91874993
vn 0.39503909 0.23785746 -0.88733756
vn 0.39468756 0.46051879 -0.79507495
vn 0.39567239 0.64908943 -0.64971246
vn 0.39502834 0.79518059 -0.46004395
vn 0.39507744 0.88729845 -0.23793965
vn 0.39450023 0.91889584 0.00006856
vn 0.39503909 0.88733756 0.23785746
vn 0.39468756 0.79507495 0.46051879
vn 0.39567239 0.64971246 0.64908943
vn 0.39502834 0.46004395 0.79518059
vn 0.39522639 0.23651280 0.88761354
vn 0.39483984 0.00027145 0.91874993
vn 0.39546361 -0.23672963 0.88745006
vn 0.39468756 -0.46051879 0.79507495
vn 0.39567239 -0.64908943 0.64971246
vn 0.39502834 -0.79518059 0.46004395
vn 0.39522639 -0.88761354 0.23651280
vn 0.39483984 -0.91874993 0.00027145
vn 0.39546361 -0.88745006 -0.23672963
vn 0.39468756 -0.79507495 -0.46051879
vn 0.39567239 -0.64971246 -0.64908943
vn 0.39502834 -0.46004395 -0.79518059
vn 0.39507744 -0.23793965 -0.88729845
vn 0.39450023 0.00006856 -0.91889584
vn 0.39503909 0.23785746 -0.88733756
vn 0.39468756 0.46051879 -0.79507495
vn 0.39567239 0.64908943 -0.64971246
vn 0.39502834 0.79518059 -0.46004395
vn 0.39522639 0.88761354 -0.23651280
vn 0.39483984 0.91874993 -0.00027145
vn 0.39546361 0.88745006 0.23672963
vn 0.39468756 0.79507495 0.46051879
vn 0.39567239 0.64971246 0.64908943
vn 0.39502834 0.46004395 0.79518059
vn 0.39522639 0.23651280 0.88761354
vn 0.39483984 0.00027145 0.91874993
vn 0.39546361 -0.23672963 0.88745006
vn 0.39468756 -0.46051879 0.79507495
vn 0.39567239 -0.64908943 0.64971246
vn 0.39502834 -0.79518059 0.46004395
vn 0.39507744 -0.88729845 0.23793965
vn 0.39450023 -0.91889584 -0.00006856
vn 0.39503909 -0.88733756 -0.23785746
vn 0.39468756 -0.79507495 -0.46051879
vn 0.39567239 -0.64971246 -0.64908943
vn 0.39502834 -0.46004395 -0.79518059
vn 0.39507744 -0.23793965 -0.88729845
vn 0.39450023 0.00006856 -0.91889584
vn 0.39503909 -0.23785746 0.88733756
vn 0.39468756 -0.46051879 0.79507495
vn 0.39567239 -0.64908943 0.64971246
vn 0.39502834 -0.79518059 0.46004395
vn 0.39522639 -0.88761354 0.23651280
vn 0.39483984 -0.91874993 0.00027145
vn 0.39546361 -0.88745006 -0.23672963
vn 0.39468756 -0.79507495 -0.46051879
vn 0.39567239 -0.64971246 -0.64908943
vn 0.39502834 -0.46004395 -0.79518059
vn 0.39522639 -0.23651280 -0.88761354
vn 0.39483984 -0.00027145 -0.91874993
vn 0.39546361 0.23672963 -0.88745006
vn 0.39468756 0.46051879 -0.79507495
vn 0.39567239 0.64908943 -0.64971246
vn 0.39502834 0.79518059 -0.46004395
vn 0.39507744 0.88729845 -0.23793965
vn 0.39450023 0.91889584 0.00006856
vn 0.39503909 0.88733756 0.23785746
vn 0.39468756 0.79507495 0.46051879
vn 0.39567239 0.64971246 0.64908943
vn 0.39502834 0.46004395 0.79518059
vn 0.39507744 0.23793965 0.88729845
vn 0.39450023 -0.00006856 0.91889584
vn 1.00000000 0.00000000 0.00000000
vn 0.70710678 0.70710678 0.00000000
vn 0.70710678 0.70710678 0.00000000
vn 0.77032651 0.31868461 0.55230171
vn 0.77032651 0.55230171 0.31868461
vn 1.00000000 0.00000000 0.00000000
vn 0.72479568 0.05287467 -0.68693194
vn 0.70710678 0.00000000 -0.70710678
vn 1.00000000 0.00000000 0.00000000
vn 0.70218066 -0.61950167 -0.35094160
vn 0.66546018 -0.55366585 -0.50061649
vn 1.00000000 0.00000000 0.00000000
vn 0.66579238 -0.52759857 0.52759857
vn 0.66566147 -0.68942528 0.28563542
vn 0.68571873 -0.72436928 0.07126691
vn 0.68571873 -0.07126691 -0.72436928
vn 0.70710678 0.00000000 -0.70710678
vn 1.00000000 0.00000000 0.00000000
vn 0.66579238 0.52759857 -0.52759857
vn 0.66566147 0.68942528 -0.28563542
vn 0.68571873 0.72436928 -0.07126691
vn 0.70710678 0.00000000 -0.70710678
vn 0.68571873 0.07126691 -0.72436928
vn 1.00000000 0.00000000 0.00000000
vn 0.66566147 0.28563542 -0.68942528
vn 0.66566147 -0.28563542 -0.68942528
vn 0.66579238 -0.52759857 -0.52759857
vn 0.66566147 -0.68942528 -0.28563542
vn 0.68571873 -0.72436928 -0.07126691
vn 0.66566147 -0.28563542 0.68942528
vn 0.77013240 0.63788407 0.00000000
vn 0.68571873 -0.07126691 0.72436928
vn 0.77032651 0.55230171 -0.31868461
vn 0.70710678 0.00000000 0.70710678
vn 0.72479568 -0.05287467 -0.68693194
vn 0.74336852 -0.20267773 -0.63743625
vn 0.74314226 -0.38624754 -0.54639950
vn 0.74341511 -0.53334351 -0.40358231
vn 1.00000000 0.00000000 0.00000000
vn 0.66546018 0.55366585 -0.50061649
vn 0.70218066 0.61950167 -0.35094160
vn 0.74341511 0.53334351 -0.40358231
vn 0.74314226 0.38624754 -0.54639950
vn 0.74336852 0.20267773 -0.63743625
vn 0.77013841 -0.31920584 -0.55226304
vn 0.77050866 0.00000000 -0.63742953
vn 1.00000000 0.00000000 0.00000000
vn 0.77013841 0.31920584 -0.55226304
vn 0.77013841 -0.55226304 -0.31920584
vn 0.77050866 -0.63742953 0.00000000
vn 0.77013841 -0.55226304 0.31920584
vn 0.70651020 0.41999315 -0.56960433
vn 0.77032651 -0.31868461 0.55230171
vn 0.75295063 0.48373016 -0.44617314
vn 0.77013240 0.00000000 0.63788407
vn 0.75295814 0.61614594 -0.23112380
vn 0.77032651 0.31868461 0.55230171
vn 0.77032651 0.55230171 0.31868461
vn 0.70710678 0.00000000 -0.70710678
vn 0.75294076 0.24762239 0.60972400
vn 0.75291579 0.45895308 0.47167773
vn 0.75298975 0.60272648 0.26405914
vn 0.75286812 0.65793219 0.01774359
vn 0.70710678 0.00000000 -0.70710678
vn 0.72942017 -0.06582354 0.68089168
vn 0.70710678 0.00000000 -0.70710678
vn 0.70710678 0.00000000 0.70710678
vn 0.72942017 0.06582354 0.68089168
vn 0.75291579 -0.45895308 0.47167773
vn 0.75294076 -0.24762239 0.60972400
vn 0.77032651 -0.55230171 0.31868461
vn 0.77032651 -0.31868461 0.55230171
vn 0.77013841 0.55226304 -0.31920584
vn 0.77013841 0.31920584 -0.55226304
vn 0.77050866 0.00000000 -0.63742953
vn 1.00000000 0.00000000 0.00000000
vn 0.77013841 -0.31920584 -0.55226304
vn 0.77032651 -0.55230171 -0.31868461
vn 0.77050866 0.63742953 0.00000000
vn 0.77013841 0.55226304 0.31920584
vn 0.77032651 0.31868461 0.55230171
vn 0.70651020 -0.41999315 -0.56960433
vn 0.77013240 0.00000000 0.63788407
vn 0.75295063 -0.48373016 -0.44617314
vn 0.75295814 -0.61614594 -0.23112380
vn 0.75286812 -0.65793219 0.01774359
vn 0.75298975 -0.60272648 0.26405914
vn 0.74065693 -0.67188341 0.00000000
vn 0.74055518 -0.64474457 0.18942667
vn 1.00000000 0.00000000 0.00000000
vn 1.00000000 0.00000000 0.00000000
vn 0.74055942 -0.56534355 -0.36326082
vn 0.74055518 -0.64474457 -0.18942667
vn 1.00000000 0.00000000 0.00000000
vn 0.75080629 0.59128165 -0.29440775
vn 0.75096360 0.44493568 -0.48794049
vn 0.72845194 0.00000000 0.68509691
vn 0.73955297 0.15400315 0.65524380
vn 0.74062877 -0.44001901 -0.50779159
vn 0.75092741 0.34759408 0.56150367
vn 0.74055104 -0.27915220 -0.61127588
vn 0.75094346 0.52706330 0.39785449
vn 0.74060289 -0.09567227 -0.66509711
vn 0.75082326 0.63530237 0.18070789
vn 0.75097109 0.65751449 -0.06096815
vn 0.74055942 0.56534355 -0.36326082
vn 0.74062877 0.44001901 -0.50779159
vn 0.75092741 -0.34759408 0.56150367
vn 0.75094346 -0.52706330 0.39785449
vn 0.74055104 0.27915220 -0.61127588
vn 0.74060289 0.09567227 -0.66509711
vn 0.75082326 -0.63530237 0.18070789
vn 0.75097109 -0.65751449 -0.06096815
vn 0.75080629 -0.59128165 -0.29440775
vn 0.75096360 -0.44493568 -0.48794049
vn 1.00000000 0.00000000 0.00000000
vn 0.74055942 0.56534355 0.36326082
vn 0.74055518 0.64474457 0.18942667
vn 0.73955297 -0.15400315 0.65524380
vn 1.00000000 0.00000000 0.00000000
vn 0.74055518 0.64474457 -0.18942667
vn 0.74065693 0.67188341 0.00000000
vn 0.75094346 -0.52706330 0.39785449
vn 0.75092741 -0.34759408 0.56150367
vn 0.75084267 -0.23865415 -0.61585671
vn 0.75096360 -0.44493568 -0.48794049
vn 0.74055104 0.27915220 0.61127588
vn 0.74060289 0.09567227 0.66509711
vn 0.73955297 -0.15400315 0.65524380
vn 0.75080629 -0.59128165 -0.29440775
vn 0.75097109 -0.65751449 -0.06096815
vn 0.75082326 -0.63530237 0.18070789
vn 0.73955297 0.15400315 0.65524380
vn 0.75092741 0.34759408 0.56150367
vn 0.73955297 -0.15400315 0.65524380
vn 0.72845194 0.00000000 0.68509691
vn 0.75094346 0.52706330 0.39785449
vn 0.75082326 0.63530237 0.18070789
vn 0.75097109 0.65751449 -0.06096815
vn 0.75080629 0.59128165 -0.29440775
vn 0.75097953 -0.00000000 -0.66032549
vn 0.74055942 -0.56534355 0.36326082
vn 0.75084267 0.23865415 -0.61585671
vn 0.74062877 -0.44001901 0.50779159
vn 0.75096360 0.44493568 -0.48794049
vn 0.74055104 -0.27915220 0.61127588
vn 0.74060289 -0.09567227 0.66509711
vn 0.77013841 0.55226304 0.31920584
vn 0.77050866 0.63742953 0.00000000
vn 0.77013240 0.00000000 -0.63788407
vn 0.77032651 0.31868461 -0.55230171
vn 0.77013841 0.55226304 -0.31920584
vn 0.77032651 -0.55230171 0.31868461
vn 0.77032651 -0.31868461 0.55230171
vn 1.00000000 0.00000000 0.00000000
vn 0.77013240 0.00000000 0.63788407
vn 0.77032651 0.31868461 0.55230171
vn 0.77032651 -0.31868461 -0.55230171
vn 0.77032651 -0.55230171 -0.31868461
vn 0.77013240 -0.63788407 0.00000000
vn 0.70710678 0.70710678 0.00000000
vn 0.77032651 0.31868461 -0.55230171
vn 0.77013240 -0.00000000 -0.63788407
vn 0.70710678 0.00000000 0.70710678
vn 0.77032651 -0.31868461 -0.55230171
vn 0.77013841 -0.55226304 -0.31920584
vn 1.00000000 0.00000000 0.00000000
vn 0.77050866 -0.63742953 0.00000000
vn 0.77013841 -0.55226304 0.31920584
vn 0.77013841 -0.31920584 0.55226304
vn 0.77050866 0.00000000 0.63742953
vn 1.00000000 0.00000000 0.00000000
vn 0.77013841 0.31920584 0.55226304
vn 0.77032651 0.55230171 0.31868461
vn 0.70710678 -0.70710678 0.00000000
vn 0.70710678 -0.70710678 0.00000000
vn 0.77013240 0.63788407 0.00000000
vn 0.77032651 0.55230171 -0.31868461
vn 0.77032651 0.31868461 -0.55230171
vn 0.77013240 0.00000000 -0.63788407
vn 1.00000000 0.00000000 0.00000000
vn 0.77032651 -0.31868461 -0.55230171
vn 0.77013841 -0.55226304 -0.31920584
vn 0.77050866 -0.63742953 0.00000000
vn 0.77013841 -0.55226304 0.31920584
vn 0.77032651 -0.31868461 0.55230171
vn 0.77013240 0.00000000 0.63788407
vn 0.77032651 0.55230171 -0.31868461
vn 0.70710678 -0.70710678 0.00000000
vn 0.77013240 0.63788407 0.00000000
vn 0.70710678 -0.70710678 0.00000000
vn 0.77050866 0.63742953 -0.00000000
vn 0.77013841 0.55226304 -0.31920584
vn 0.70710678 0.00000000 0.70710678
vn 0.77032651 0.31868461 -0.55230171
vn 0.70710678 0.00000000 0.70710678
vn 0.77013240 -0.00000000 -0.63788407
vn 0.77032651 -0.31868461 -0.55230171
vn 0.77032651 -0.55230171 -0.31868461
vn 0.68571873 0.07126691 0.72436928
vn 0.77013240 -0.63788407 0.00000000
vn 0.66566147 0.28563542 0.68942528
vn 0.77032651 -0.55230171 0.31868461
vn 0.77013841 -0.31920584 0.55226304
vn 1.00000000 0.00000000 0.00000000
vn 0.77050866 0.00000000 0.63742953
vn 1.00000000 0.00000000 0.00000000
vn 0.77013841 0.31920584 0.55226304
vn 0.77013841 0.55226304 0.31920584
vn 0.70710678 0.70710678 0.00000000
vn 0.70710678 0.70710678 0.00000000
vn 0.77013240 -0.63788407 0.00000000
vn 0.75092741 -0.34759408 0.56150367
vn 0.75094346 -0.52706330 0.39785449
vn 0.75084267 -0.23865415 -0.61585671
vn 0.75096360 -0.44493568 -0.48794049
vn 0.75080629 -0.59128165 -0.29440775
vn 0.75097109 -0.65751449 -0.06096815
vn 0.75082326 -0.63530237 0.18070789
vn 0.72845194 0.00000000 0.68509691
vn 0.73955297 0.15400315 0.65524380
vn 0.75092741 0.34759408 0.56150367
vn 0.75094346 0.52706330 0.39785449
vn 0.75082326 0.63530237 0.18070789
vn 0.75097109 0.65751449 -0.06096815
vn 0.75080629 0.59128165 -0.29440775
vn 0.75096360 0.44493568 -0.48794049
vn 0.75084267 0.23865415 -0.61585671
vn 0.75097953 -0.00000000 -0.66032549
vn 0.75084267 -0.23865415 -0.61585671
vn 0.75080629 -0.59128165 -0.29440775
vn 0.75097109 -0.65751449 -0.06096815
vn 0.75084267 0.23865415 -0.61585671
vn 0.75097953 -0.00000000 -0.66032549
vn 0.75084267 -0.23865415 -0.61585671
vn 0.75096360 -0.44493568 -0.48794049
vn 0.75082326 -0.63530237 0.18070789
vn 0.75094346 -0.52706330 0.39785449
vn 0.75092741 -0.34759408 0.56150367
vn 0.73955297 -0.15400315 0.65524380
vn 0.72845194 0.00000000 0.68509691
vn 0.73955297 0.15400315 0.65524380
vn 0.75092741 0.34759408 0.56150367
vn 0.75094346 0.52706330 0.39785449
vn 0.75082326 0.63530237 0.18070789
vn 0.75097109 0.65751449 -0.06096815
vn 0.75080629 0.59128165 -0.29440775
vn 0.74062877 0.44001901 0.50779159
vn 0.75097953 -0.00000000 -0.66032549
vn 0.75084267 0.23865415 -0.61585671
vn 0.75096360 0.44493568 -0.48794049
vn 0.70710678 -0.70710678 0.00000000
vn 0.66579238 0.52759857 0.52759857
vn 0.66566147 0.68942528 0.28563542
vn 0.68571873 0.72436928 0.07126691
vn 0.70710678 0.00000000 0.70710678
vn -0.68571873 0.07126691 0.72436928
vn -0.68571873 -0.07126691 0.72436928
vn -0.77032651 0.55230171 0.31868461
vn -0.77032651 0.31868461 0.55230171
vn -1.00000000 0.00000000 0.00000000
vn -0.77032651 -0.55230171 -0.31868461
vn -0.77032651 -0.31868461 -0.55230171
vn -1.00000000 0.00000000 0.00000000
vn -0.77020974 -0.31900816 -0.55227778
vn -0.77036594 -0.00000000 -0.63760201
vn -1.00000000 0.00000000 0.00000000
vn -0.75784808 -0.59416228 0.26951339
vn -0.03405010 -0.99800948 0.05308166
vn -0.70710678 -0.70710678 0.00000000
vn -0.72982356 -0.06693615 -0.68035073
vn -0.70710678 0.00000000 -0.70710678
vn -1.00000000 0.00000000 0.00000000
vn -0.77020974 0.31900816 0.55227778
vn -0.77036594 0.00000000 0.63760201
vn -1.00000000 0.00000000 0.00000000
vn -0.72395774 0.05049006 0.68799415
vn -0.70710678 0.00000000 0.70710678
vn -1.00000000 0.00000000 0.00000000
vn -0.74944290 0.21167307 0.62731957
vn -0.70710678 0.70710678 0.00000000
vn -0.75816639 0.42912668 0.49095215
vn -0.70710678 0.70710678 0.00000000
vn -0.75784808 0.59416228 0.26951339
vn -0.03405010 0.99800948 0.05308166
vn -0.03131385 0.99831402 -0.04887292
vn -0.70710678 0.70710678 0.00000000
vn -0.75384037 0.60702149 -0.25149476
vn -0.75367407 0.46474477 -0.46474477
vn -0.70710678 0.00000000 -0.70710678
vn -0.72982356 0.06693615 -0.68035073
vn -0.75384037 0.25149476 -0.60702149
vn -0.77020974 -0.55227778 -0.31900816
vn -0.77020974 -0.31900816 -0.55227778
vn -0.77036594 -0.00000000 0.63760201
vn -0.77020974 -0.31900816 0.55227778
vn -1.00000000 0.00000000 0.00000000
vn -0.77020974 -0.55227778 0.31900816
vn -0.77036594 -0.63760201 0.00000000
vn -0.70710678 0.00000000 -0.70710678
vn -0.77036594 -0.00000000 -0.63760201
vn -0.70710678 0.00000000 -0.70710678
vn -1.00000000 0.00000000 0.00000000
vn -0.77020974 0.55227778 0.31900816
vn -0.77020974 0.31900816 0.55227778
vn -1.00000000 0.00000000 0.00000000
vn -0.77020974 0.31900816 -0.55227778
vn -0.77020974 0.55227778 -0.31900816
vn -0.77036594 0.63760201 -0.00000000
vn -0.77020974 -0.31900816 0.55227778
vn -0.77020974 -0.55227778 0.31900816
vn -0.77036594 -0.63760201 0.00000000
vn -0.77020974 -0.55227778 -0.31900816
vn -0.77020974 -0.31900816 -0.55227778
vn -0.70710678 0.00000000 -0.70710678
vn -0.77036594 0.00000000 -0.63760201
vn -0.77020974 0.31900816 -0.55227778
vn -0.77020974 0.55227778 -0.31900816
vn -0.77036594 0.63760201 -0.00000000
vn -0.77020974 0.55227778 0.31900816
vn -0.03131385 -0.99831402 -0.04887292
vn -0.75384037 -0.60702149 -0.25149476
vn -0.70710678 -0.70710678 0.00000000
vn -0.75367407 -0.46474477 -0.46474477
vn -0.75384037 -0.25149476 -0.60702149
vn -0.70710678 0.00000000 0.70710678
vn -0.72395774 -0.05049006 0.68799415
vn -0.70710678 -0.70710678 0.00000000
vn -0.74944290 -0.21167307 0.62731957
vn -0.75816639 -0.42912668 0.49095215
vn -0.77036594 0.00000000 -0.63760201
vn -0.77020974 0.31900816 -0.55227778
vn -1.00000000 0.00000000 0.00000000
vn -0.77020974 0.55227778 -0.31900816
vn -0.77036594 0.63760201 -0.00000000
vn -0.77020974 -0.31900816 0.55227778
vn -0.70710678 0.00000000 0.70710678
vn -0.77036594 0.00000000 0.63760201
vn -0.70710678 0.00000000 0.70710678
vn -0.77020974 0.31900816 0.55227778
vn -0.77020974 0.55227778 0.31900816
vn -0.77020974 -0.55227778 0.31900816
vn -0.77036594 -0.63760201 0.00000000
vn -1.00000000 0.00000000 0.00000000
vn -0.77020974 -0.55227778 -0.31900816
vn -0.77020974 -0.31900816 -0.55227778
vn -1.00000000 0.00000000 0.00000000
vn -0.77020974 0.31900816 -0.55227778
vn -0.77020974 0.55227778 -0.31900816
vn -0.77036594 0.63760201 -0.00000000
vn -0.77020974 0.55227778 0.31900816
vn -0.77020974 0.31900816 0.55227778
vn -0.70710678 0.00000000 0.70710678
vn -0.77036594 -0.00000000 0.63760201
vn -0.77020974 -0.31900816 0.55227778
vn -0.77020974 -0.55227778 0.31900816
vn -0.77036594 -0.63760201 0.00000000
vn -0.77020974 -0.55227778 -0.31900816
vn -1.00000000 0.00000000 0.00000000
vn -1.00000000 0.00000000 0.00000000
vn -0.74065693 -0.67188341 0.00000000
vn -0.74055518 -0.64474457 0.18942667
vn -0.74060289 -0.09567227 0.66509711
vn -0.74055104 -0.27915220 0.61127588
vn -0.74062877 -0.44001901 0.50779159
vn -0.74055942 -0.56534355 0.36326082
vn -0.74055104 0.27915220 0.61127588
vn -0.74060289 0.09567227 0.66509711
vn -0.74065693 0.67188341 -0.00000000
vn -0.74055518 0.64474457 0.18942667
vn -1.00000000 0.00000000 0.00000000
vn -0.74055942 0.56534355 0.36326082
vn -0.74062877 0.44001901 0.50779159
vn -0.74060289 0.09567227 -0.66509711
vn -0.74055104 0.27915220 -0.61127588
vn -0.74062877 0.44001901 -0.50779159
vn -1.00000000 0.00000000 0.00000000
vn -0.74055942 0.56534355 -0.36326082
vn -0.74055518 0.64474457 -0.18942667
vn -0.74055104 -0.27915220 -0.61127588
vn -0.74060289 -0.09567227 -0.66509711
vn -0.74055518 -0.64474457 -0.18942667
vn -0.74055942 -0.56534355 -0.36326082
vn -0.74062877 -0.44001901 -0.50779159
vn -0.77013240 0.00000000 -0.63788407
vn -0.77032651 0.31868461 -0.55230171
vn -0.77013841 0.55226304 -0.31920584
vn -0.77050866 0.63742953 0.00000000
vn -0.77013841 0.55226304 0.31920584
vn -0.77032651 0.31868461 0.55230171
vn -0.77013240 -0.00000000 0.63788407
vn -1.00000000 0.00000000 0.00000000
vn -0.77013240 -0.63788407 -0.00000000
vn -0.70710678 0.70710678 0.00000000
vn -0.77032651 -0.55230171 0.31868461
vn -0.70710678 0.70710678 0.00000000
vn -0.77032651 -0.31868461 0.55230171
vn -0.77032651 -0.31868461 -0.55230171
vn -0.77013240 0.00000000 -0.63788407
vn -1.00000000 0.00000000 0.00000000
vn -0.77032651 -0.31868461 0.55230171
vn -0.77013841 -0.55226304 0.31920584
vn -0.77050866 -0.63742953 -0.00000000
vn -0.77013841 -0.55226304 -0.31920584
vn -0.77013240 -0.00000000 0.63788407
vn -0.77013240 0.63788407 0.00000000
vn -0.70710678 -0.70710678 0.00000000
vn -0.77032651 0.55230171 -0.31868461
vn -0.70710678 -0.70710678 0.00000000
vn -0.77032651 0.31868461 -0.55230171
vn 0.77036594 0.00000000 -0.63760201
vn 0.77020974 -0.31900816 -0.55227778
vn 0.77020974 -0.55227778 -0.31900816
vn 0.77036594 -0.63760201 0.00000000
vn 0.77020974 -0.55227778 0.31900816
vn 0.77020974 -0.31900816 0.55227778
vn 0.77036594 0.00000000 0.63760201
vn 0.77020974 0.31900816 0.55227778
vn 0.77020974 0.55227778 0.31900816
vn 0.77036594 0.63760201 0.00000000
vn 0.77020974 0.55227778 -0.31900816
vn 0.77020974 0.31900816 -0.55227778
vn 0.66792822 -0.00000000 -0.74422570
vn 0.66803744 -0.26887848 -0.69385181
vn 0.66794093 -0.50144726 -0.54991414
vn 0.66806648 -0.66609940 -0.33166060
vn 0.66793495 -0.74104076 -0.06871313
vn 0.66805294 -0.71572287 0.20358301
vn 0.66795700 -0.59397386 0.44836202
vn 0.66796980 -0.39170419 0.63275917
vn 0.67730367 -0.16832706 0.71618834
vn 0.68693896 0.00000000 0.72671512
vn 0.67730367 0.16832706 0.71618834
vn 0.66796980 0.39170419 0.63275917
vn 0.66795700 0.59397386 0.44836202
vn 0.66805294 0.71572287 0.20358301
vn 0.66793495 0.74104076 -0.06871313
vn 0.66806648 0.66609940 -0.33166060
vn 0.66794093 0.50144726 -0.54991414
vn 0.66803744 0.26887848 -0.69385181
vn 0.77036594 -0.00000000 -0.63760201
vn 0.77020974 -0.31900816 -0.55227778
vn 0.77020974 -0.55227778 -0.31900816
vn 0.77036594 -0.63760201 0.00000000
vn 0.77020974 -0.55227778 0.31900816
vn 0.77020974 -0.31900816 0.55227778
vn 0.77036594 -0.00000000 0.63760201
vn 0.77020974 0.31900816 0.55227778
vn 0.77020974 0.55227778 0.31900816
vn 0.77036594 0.63760201 0.00000000
vn 0.77020974 0.55227778 -0.31900816
vn 0.77020974 0.31900816 -0.55227778
vn 0.66792822 -0.00000000 -0.74422570
vn 0.66803744 -0.26887848 -0.69385181
vn 0.66794093 -0.50144726 -0.54991414
vn 0.66806648 -0.66609940 -0.33166060
vn 0.66793495 -0.74104076 -0.06871313
vn 0.66805294 -0.71572287 0.20358301
vn 0.66795700 -0.59397386 0.44836202
vn 0.66796980 -0.39170419 0.63275917
vn 0.67730367 -0.16832706 0.71618834
vn 0.68693896 0.00000000 0.72671512
vn 0.67730367 0.16832706 0.71618834
vn 0.66796980 0.39170419 0.63275917
vn 0.66795700 0.59397386 0.44836202
vn 0.66805294 0.71572287 0.20358301
vn 0.66793495 0.74104076 -0.06871313
vn 0.66806648 0.66609940 -0.33166060
vn 0.66794093 0.50144726 -0.54991414
vn 0.66803744 0.26887848 -0.69385181
vn 0.77036594 0.00000000 -0.63760201
vn 0.77020974 -0.31900816 -0.55227778
vn 0.77020974 -0.55227778 -0.31900816
vn 0.77036594 -0.63760201 0.00000000
vn 0.77020974 -0.55227778 0.31900816
vn 0.77020974 -0.31900816 0.55227778
vn 0.77036594 0.00000000 0.63760201
vn 0.77020974 0.31900816 0.55227778
vn 0.77020974 0.55227778 0.31900816
vn 0.77036594 0.63760201 0.00000000
vn 0.77020974 0.55227778 -0.31900816
vn 0.77020974 0.31900816 -0.55227778
vn 0.66792822 -0.00000000 -0.74422570
vn 0.66803744 -0.26887848 -0.69385181
vn 0.66794093 -0.50144726 -0.54991414
vn 0.66806648 -0.66609940 -0.33166060
vn 0.66793495 -0.74104076 -0.06871313
vn 0.66805294 -0.71572287 0.20358301
vn 0.66795700 -0.59397386 0.44836202
vn 0.66796980 -0.39170419 0.63275917
vn 0.67730367 -0.16832706 0.71618834
vn 0.68693896 0.00000000 0.72671512
vn 0.67730367 0.16832706 0.71618834
vn 0.66796980 0.39170419 0.63275917
vn 0.66795700 0.59397386 0.44836202
vn 0.66805294 0.71572287 0.20358301
vn 0.66793495 0.74104076 -0.06871313
vn 0.66806648 0.66609940 -0.33166060
vn 0.66794093 0.50144726 -0.54991414
vn 0.66803744 0.26887848 -0.69385181
vn 0.77036594 -0.00000000 -0.63760201
vn 0.77020974 -0.31900816 -0.55227778
vn 0.77020974 -0.55227778 -0.31900816
vn 0.77036594 -0.63760201 0.00000000
vn 0.77020974 -0.55227778 0.31900816
vn 0.77020974 -0.31900816 0.55227778
vn 0.77036594 -0.00000000 0.63760201
vn 0.77020974 0.31900816 0.55227778
vn 0.77020974 0.55227778 0.31900816
vn 0.77036594 0.63760201 0.00000000
vn 0.77020974 0.55227778 -0.31900816
vn 0.77020974 0.31900816 -0.55227778
vn 0.66792822 -0.00000000 -0.74422570
vn 0.66803744 -0.26887848 -0.69385181
vn 0.66794093 -0.50144726 -0.54991414
vn 0.66806648 -0.66609940 -0.33166060
vn 0.66793495 -0.74104076 -0.06871313
vn 0.66805294 -0.71572287 0.20358301
vn 0.66795700 -0.59397386 0.44836202
vn 0.66796980 -0.39170419 0.63275917
vn 0.67730367 -0.16832706 0.71618834
vn 0.68693896 0.00000000 0.72671512
vn 0.67730367 0.16832706 0.71618834
vn 0.66796980 0.39170419 0.63275917
vn 0.66795700 0.59397386 0.44836202
vn 0.66805294 0.71572287 0.20358301
vn 0.66793495 0.74104076 -0.06871313
vn 0.66806648 0.66609940 -0.33166060
vn 0.66794093 0.50144726 -0.54991414
vn 0.66803744 0.26887848 -0.69385181
vn 0.65331672 0.65547124 0.37885977
vn 0.65317962 0.37843501 0.65585313
vn 1.00000000 0.00000000 0.00000000
vn 0.65332110 -0.00000000 0.75708093
vn 0.65317962 -0.37843501 0.65585313
vn 0.65331672 0.37885977 -0.65547124
vn 0.65331672 0.65547124 -0.37885977
vn 0.65304697 0.75731740 -0.00000000
vn 0.65317962 -0.65585313 -0.37843501
vn 0.65331672 -0.37885977 -0.65547124
vn 0.65304697 -0.00000000 -0.75731740
vn 0.65317962 -0.65585313 0.37843501
vn 0.65332110 -0.75708093 0.00000000
vn -0.77013240 0.00000000 -0.63788407
vn -0.77032651 -0.31868461 -0.55230171
vn -0.77032651 -0.55230171 -0.31868461
vn -0.77013240 -0.63788407 -0.00000000
vn -0.77032651 -0.55230171 0.31868461
vn -0.77013841 -0.31920584 0.55226304
vn -0.77050866 0.00000000 0.63742953
vn -0.77013841 0.31920584 0.55226304
vn -0.77013841 0.55226304 0.31920584
vn -0.77050866 0.63742953 -0.00000000
vn -0.77013841 0.55226304 -0.31920584
vn -0.77032651 0.31868461 -0.55230171
vn 0.65317962 0.65585313 0.37843501
vn 0.65317962 0.37843501 0.65585313
vn 1.00000000 0.00000000 0.00000000
vn 0.65332110 -0.00000000 0.75708093
vn 0.65317962 -0.37843501 0.65585313
vn 0.65331672 0.37885977 -0.65547124
vn 0.65317962 0.65585313 -0.37843501
vn 0.65332110 0.75708093 -0.00000000
vn 0.65331672 -0.65547124 -0.37885977
vn 0.65331672 -0.37885977 -0.65547124
vn 0.65304697 -0.00000000 -0.75731740
vn 0.65331672 -0.65547124 0.37885977
vn 0.65304697 -0.75731740 0.00000000
vn -0.77013240 0.00000000 -0.63788407
vn -0.77032651 -0.31868461 -0.55230171
vn -0.77013841 -0.55226304 -0.31920584
vn -0.77050866 -0.63742953 0.00000000
vn -0.77013841 -0.55226304 0.31920584
vn -0.77013841 -0.31920584 0.55226304
vn -0.77050866 0.00000000 0.63742953
vn -0.77013841 0.31920584 0.55226304
vn -0.77032651 0.55230171 0.31868461
vn -0.77013240 0.63788407 0.00000000
vn -0.77032651 0.55230171 -0.31868461
vn -0.77032651 0.31868461 -0.55230171
vn -0.68571873 0.07126691 -0.72436928
vn -0.66566147 0.28563542 -0.68942528
vn -0.66579238 0.52759857 -0.52759857
vn -0.66566147 0.68942528 -0.28563542
vn -0.68571873 0.72436928 -0.07126691
vn -0.68571873 -0.07126691 -0.72436928
vn -0.68571873 -0.72436928 -0.07126691
vn -0.66566147 -0.68942528 -0.28563542
vn -0.66579238 -0.52759857 -0.52759857
vn -0.66566147 -0.28563542 -0.68942528
vn -0.68571873 0.72436928 0.07126691
vn -0.66566147 0.68942528 0.28563542
vn -0.66579238 0.52759857 0.52759857
vn -0.66566147 0.28563542 0.68942528
vn -0.66579238 -0.52759857 -0.52759857
vn -0.66566147 -0.68942528 -0.28563542
vn -0.68571873 -0.72436928 -0.07126691
vn -0.68571873 0.72436928 -0.07126691
vn -0.66566147 0.68942528 -0.28563542
vn -0.68571873 -0.07126691 -0.72436928
vn -0.66566147 -0.28563542 -0.68942528
vn -0.68571873 0.07126691 -0.72436928
vn -0.66566147 0.28563542 -0.68942528
vn -0.66579238 0.52759857 -0.52759857
vn -0.66566147 -0.28563542 0.68942528
vn -0.66579238 -0.52759857 0.52759857
vn -0.66566147 -0.68942528 0.28563542
vn -0.68571873 -0.72436928 0.07126691
vn -0.68392923 0.72540882 0.07760701
vn -0.68392923 -0.72540882 0.07760701
vn -0.65331672 0.65547124 -0.37885977
vn -0.65317962 0.37843501 -0.65585313
vn -1.00000000 0.00000000 0.00000000
vn -0.65332110 -0.00000000 -0.75708093
vn -0.65317962 -0.37843501 -0.65585313
vn -0.65317962 0.37843501 0.65585313
vn -0.65331672 0.65547124 0.37885977
vn -0.65304697 0.75731740 0.00000000
vn -0.65317962 -0.65585313 0.37843501
vn -0.65317962 -0.37843501 0.65585313
vn -0.65332110 0.00000000 0.75708093
vn -0.65317962 -0.65585313 -0.37843501
vn -0.65332110 -0.75708093 -0.00000000
vn -0.77013240 -0.00000000 0.63788407
vn -0.77032651 -0.31868461 0.55230171
vn -0.77032651 -0.55230171 0.31868461
vn -0.77013240 -0.63788407 0.00000000
vn -0.77032651 -0.55230171 -0.31868461
vn -0.77032651 -0.31868461 -0.55230171
vn -0.77013240 0.00000000 -0.63788407
vn -0.77032651 0.31868461 -0.55230171
vn -0.77013841 0.55226304 -0.31920584
vn -0.77050866 0.63742953 0.00000000
vn -0.77013841 0.55226304 0.31920584
vn -0.77032651 0.31868461 0.55230171
vn -0.65317962 0.65585313 -0.37843501
vn -0.65317962 0.37843501 -0.65585313
vn -1.00000000 0.00000000 0.00000000
vn -0.65332110 -0.00000000 -0.75708093
vn -0.65317962 -0.37843501 -0.65585313
vn -0.65317962 0.37843501 0.65585313
vn -0.65317962 0.65585313 0.37843501
vn -0.65332110 0.75708093 0.00000000
vn -0.65331672 -0.65547124 0.37885977
vn -0.65317962 -0.37843501 0.65585313
vn -0.65332110 0.00000000 0.75708093
vn -0.65331672 -0.65547124 -0.37885977
vn -0.65304697 -0.75731740 -0.00000000
vn -0.77013240 -0.00000000 0.63788407
vn -0.77032651 -0.31868461 0.55230171
vn -0.77013841 -0.55226304 0.31920584
vn -0.77050866 -0.63742953 0.00000000
vn -0.77013841 -0.55226304 -0.31920584
vn -0.77032651 -0.31868461 -0.55230171
vn -0.77013240 0.00000000 -0.63788407
vn -0.77032651 0.31868461 -0.55230171
vn -0.77032651 0.55230171 -0.31868461
vn -0.77013240 0.63788407 0.00000000
vn -0.77032651 0.55230171 0.31868461
vn -0.77032651 0.31868461 0.55230171
vn 0.70770434 -0.41928448 -0.56864321
vn 0.66636310 -0.54808550 -0.50553190
vn 0.66635717 -0.69813192 -0.26187773
vn 0.66642832 -0.74529812 0.02009974
vn 0.66633219 -0.68298480 0.29922093
vn 0.66639064 -0.51996342 0.53437960
vn 0.66637090 -0.28055857 0.69082321
vn 0.68607670 -0.07000575 0.72415327
vn 0.68607670 0.07000575 0.72415327
vn 0.66637090 0.28055857 0.69082321
vn 0.66639064 0.51996342 0.53437960
vn 0.66633219 0.68298480 0.29922093
vn 0.66642832 0.74529812 0.02009974
vn 0.66635717 0.69813192 -0.26187773
vn 0.66636310 0.54808550 -0.50553190
vn 0.70770434 0.41928448 -0.56864321
vn 0.75409632 0.48715362 -0.44047712
vn 0.71210021 0.61086954 -0.34605158
vn 0.69023426 0.05553175 -0.72145194
vn 0.67411421 0.22381116 -0.70390241
vn 0.67430166 0.42626297 -0.60300675
vn 0.67407564 0.58902946 -0.44572001
vn 0.69023426 -0.05553175 -0.72145194
vn 0.75409632 -0.48715362 -0.44047712
vn 0.71210021 -0.61086954 -0.34605158
vn 0.67407564 -0.58902946 -0.44572001
vn 0.67430166 -0.42626297 -0.60300675
vn 0.67411421 -0.22381116 -0.70390241
vn -0.01097003 -0.05642414 0.99834662
vn -0.01741698 0.05252705 0.99846760
vn -0.72756097 0.06066058 0.68335594
vn -0.68773624 0.06419013 0.72311721
vn -0.72756097 -0.06066058 0.68335594
vn -0.68773624 -0.06419013 0.72311721
vn -0.66250098 -0.09975291 0.74238926
vn -0.66274557 0.21547321 0.71717474
vn -0.74876483 -0.22930375 0.62190917
vn -0.66229218 0.49308461 0.56412467
vn -0.66253774 0.68213262 0.30941694
vn -0.66392914 -0.21691832 0.71564275
vn -0.66392561 0.10142880 0.74088796
vn -0.66229218 -0.49308461 0.56412467
vn -0.66253774 -0.68213262 0.30941694
vn -0.66243641 -0.62466623 0.41348531
vn -0.66243679 -0.39770320 0.63483042
vn -0.70307778 -0.66714188 0.24617747
vn -0.74876464 -0.57794447 0.32454847
vn -0.74891249 -0.43002936 0.50418730
vn -0.66243679 0.39770320 0.63483042
vn -0.66243641 0.62466623 0.41348531
vn -0.70307778 0.66714188 0.24617747
vn -0.74876464 0.57794447 0.32454847
vn -0.74891249 0.43002936 0.50418730
vn -0.74876483 0.22930375 0.62190917
vn -0.71118069 0.65953927 0.24337209
vn -0.75797937 0.54391469 0.36003345
vn -0.75797888 0.34629197 0.55276568
vn -0.73980062 0.13820350 0.65847918
vn -0.75797888 -0.34629197 0.55276568
vn -0.75797937 -0.54391469 0.36003345
vn -0.74356847 -0.13225056 0.65545077
vn -0.66970479 0.64751679 0.36361726
vn -0.66958560 0.48198702 0.56510498
vn -0.66970463 0.25690722 0.69677427
vn -0.66958560 -0.48198702 0.56510498
vn -0.66970463 -0.25690722 0.69677427
vn -0.66970479 -0.64751679 0.36361726
vn -0.71118069 -0.65953927 0.24337209
vn 0.86132776 0.29137164 0.41619354
vn 0.59797161 0.45967827 0.65660174
vn 0.59797161 -0.45967827 0.65660174
vn 0.59797161 0.45967827 0.65660174
vn 0.59797161 -0.45967827 0.65660174
vn 0.86132776 0.29137164 0.41619354
vn 0.86132776 -0.29137164 0.41619354
vn 0.86132776 0.29137164 0.41619354
vn 0.59797161 0.45967827 0.65660174
vn 0.59797161 -0.45967827 0.65660174
vn 0.65319966 0.37849715 -0.65579731
vn 0.65319966 0.65579731 -0.37849715
vn 0.67890447 0.72795918 -0.09572956
vn 0.86132776 0.29137164 0.41619354
vn 0.73151911 -0.07158317 -0.67805284
vn 0.75733868 -0.26688402 -0.59599584
vn 0.86132776 -0.29137164 0.41619354
vn 0.86132776 0.29137164 0.41619354
vn 0.67890447 -0.09572956 -0.72795918
vn 0.86132776 0.29137164 0.41619354
vn 0.86132776 -0.29137164 0.41619354
vn 0.86132776 0.29137164 0.41619354
vn 0.59797161 -0.45967827 0.65660174
vn 0.59797161 0.45967827 0.65660174
vn 0.75734742 -0.48728965 -0.43471103
vn 0.71305917 -0.61810871 -0.33089008
vn 0.68978625 -0.05707618 -0.72175983
vn 0.59797161 0.45967827 0.65660174
vn 0.59797161 -0.45967827 0.65660174
vn 0.86132776 0.29137164 0.41619354
vn 0.86132776 -0.29137164 0.41619354
vn 0.59797161 0.45967827 0.65660174
vn 0.59797161 -0.45967827 0.65660174
vn 0.86132776 -0.29137164 0.41619354
vn 0.86132776 -0.29137164 0.41619354
vn 0.86132776 0.29137164 0.41619354
vn 0.59797161 0.45967827 0.65660174
vn 0.59797161 -0.45967827 0.65660174
vn 0.67335261 -0.60031974 -0.43152342
vn 0.67337030 -0.43656496 -0.59664351
vn 0.67335062 -0.22962717 -0.70275907
vn 0.59797161 0.45967827 0.65660174
vn 0.59797161 -0.45967827 0.65660174
vn 0.86132776 -0.29137164 0.41619354
vn 0.86132776 -0.29137164 0.41619354
vn 0.86132776 0.29137164 0.41619354
vn 0.77036594 0.00000000 0.63760201
vn 0.77020974 0.31900816 0.55227778
vn 0.77020974 0.55227778 0.31900816
vn 0.77020974 -0.31900816 -0.55227778
vn 0.67883459 0.09598498 0.72799072
vn 0.77036594 0.00000000 -0.63760201
vn 0.86132776 -0.29137164 0.41619354
vn 0.59797161 -0.45967827 0.65660174
vn 0.59797161 0.45967827 0.65660174
vn 0.86132776 0.29137164 0.41619354
vn 0.59797161 0.45967827 0.65660174
vn 0.59797161 -0.45967827 0.65660174
vn 0.77036594 0.63760201 -0.00000000
vn 0.77020974 0.55227778 -0.31900816
vn 0.77020974 0.31900816 -0.55227778
vn 0.77020974 -0.55227778 0.31900816
vn 0.77020974 -0.31900816 0.55227778
vn 0.67890447 0.09572956 -0.72795918
vn 0.77036594 -0.00000000 0.63760201
vn 0.77020974 0.31900816 0.55227778
vn 0.77020974 0.55227778 0.31900816
vn 0.77020974 -0.55227778 -0.31900816
vn 0.65326268 0.37869242 0.65562178
vn 0.77020974 -0.31900816 -0.55227778
vn 0.77036594 -0.00000000 -0.63760201
vn 0.77036594 -0.63760201 -0.00000000
vn 0.67890447 0.72795918 0.09572956
vn 0.65319966 0.65579731 0.37849715
vn 0.86132776 -0.29137164 0.41619354
vn 0.86132776 0.29137164 0.41619354
vn 0.77020974 0.31900816 -0.55227778
vn 0.77020974 0.55227778 -0.31900816
vn 0.77020974 -0.55227778 -0.31900816
vn 0.77036594 0.63760201 -0.00000000
vn 0.77036594 -0.63760201 -0.00000000
vn 0.77020974 -0.55227778 0.31900816
vn 0.77020974 -0.31900816 0.55227778
vn 0.86132776 -0.29137164 0.41619354
vn 0.86132776 0.29137164 0.41619354
vn 0.86132776 -0.29137164 0.41619354
vn 0.59797161 -0.45967827 0.65660174
vn 0.59797161 0.45967827 0.65660174
vn 0.86132776 0.29137164 0.41619354
vn 0.59797161 0.45967827 0.65660174
vn 0.59797161 -0.45967827 0.65660174
vn 0.86132776 -0.29137164 0.41619354
vn 0.59797161 -0.45967827 0.65660174
vn 0.59797161 0.45967827 0.65660174
vn 0.59797161 0.45967827 0.65660174
vn 0.59797161 -0.45967827 0.65660174
vn 0.86132776 -0.29137164 0.41619354
vn 0.86132776 0.29137164 0.41619354
vn 0.59797161 0.45967827 0.65660174
vn 0.59797161 -0.45967827 0.65660174
vn 0.86132776 -0.29137164 0.41619354
vn 0.86132776 0.29137164 0.41619354
vn 0.86132776 -0.29137164 0.41619354
vn 0.59797161 0.45967827 0.65660174
vn 0.59797161 -0.45967827 0.65660174
vn 0.65319966 -0.37849715 -0.65579731
vn 0.65319966 -0.65579731 -0.37849715
vn 0.67890447 -0.72795918 -0.09572956
vn 0.86132776 0.29137164 0.41619354
vn 0.67001483 -0.73105935 0.12896652
vn 0.59797161 0.45967827 0.65660174
vn 0.59797161 -0.45967827 0.65660174
vn -0.73151911 -0.07158317 -0.67805284
vn -0.67890447 -0.09572956 -0.72795918
vn -0.67890447 0.72795918 0.09572956
vn -0.67890447 0.72795918 -0.09572956
vn -0.86132776 -0.29137164 0.41619354
vn -0.59797161 -0.45967827 0.65660174
vn -0.59797161 0.45967827 0.65660174
vn -0.59797161 -0.45967827 0.65660174
vn -0.59797161 0.45967827 0.65660174
vn -0.67001483 -0.73105935 0.12896652
vn -0.86132776 0.29137164 0.41619354
vn -0.65319966 -0.37849715 -0.65579731
vn -0.86132776 -0.29137164 0.41619354
vn -0.65319966 -0.65579731 -0.37849715
vn -0.67890447 -0.72795918 -0.09572956
vn -0.59797161 -0.45967827 0.65660174
vn -0.59797161 0.45967827 0.65660174
vn -0.86132776 0.29137164 0.41619354
vn -0.86132776 -0.29137164 0.41619354
vn -0.86132776 -0.29137164 0.41619354
vn -0.59797161 -0.45967827 0.65660174
vn -0.59797161 0.45967827 0.65660174
vn -0.59797161 -0.45967827 0.65660174
vn -0.59797161 0.45967827 0.65660174
vn -0.86132776 -0.29137164 0.41619354
vn -0.86132776 0.29137164 0.41619354
vn -0.86132776 0.29137164 0.41619354
vn -0.86132776 -0.29137164 0.41619354
vn -0.75733868 -0.26688402 -0.59599584
vn -0.75734742 -0.48728965 -0.43471103
vn -0.59797161 -0.45967827 0.65660174
vn -0.59797161 0.45967827 0.65660174
vn -0.86132776 -0.29137164 0.41619354
vn -0.86132776 0.29137164 0.41619354
vn -0.86132776 0.29137164 0.41619354
vn -0.86132776 -0.29137164 0.41619354
vn -0.86132776 -0.29137164 0.41619354
vn -0.59797161 -0.45967827 0.65660174
vn -0.59797161 0.45967827 0.65660174
vn -0.67337030 -0.43656496 -0.59664351
vn -0.67335261 -0.60031974 -0.43152342
vn -0.67335062 -0.22962717 -0.70275907
vn -0.71305917 -0.61810871 -0.33089008
vn -0.77036594 0.00000000 0.63760201
vn -0.77020974 -0.31900816 0.55227778
vn -0.68978625 -0.05707618 -0.72175983
vn -0.86132776 0.29137164 0.41619354
vn -0.59797161 0.45967827 0.65660174
vn -0.59797161 -0.45967827 0.65660174
vn -0.86132776 0.29137164 0.41619354
vn -0.86132776 -0.29137164 0.41619354
vn -0.86132776 0.29137164 0.41619354
vn -0.86132776 -0.29137164 0.41619354
vn -0.59797161 0.45967827 0.65660174
vn -0.59797161 -0.45967827 0.65660174
vn -0.86132776 -0.29137164 0.41619354
vn -0.86132776 0.29137164 0.41619354
vn -0.59797161 0.45967827 0.65660174
vn -0.59797161 -0.45967827 0.65660174
vn -0.86132776 0.29137164 0.41619354
vn -0.59797161 0.45967827 0.65660174
vn -0.59797161 -0.45967827 0.65660174
vn -0.86132776 -0.29137164 0.41619354
vn -0.59797161 -0.45967827 0.65660174
vn -0.59797161 0.45967827 0.65660174
vn -0.86132776 0.29137164 0.41619354
vn -0.86132776 -0.29137164 0.41619354
vn -0.77020974 0.55227778 -0.31900816
vn -0.77036594 0.63760201 -0.00000000
vn -0.77020974 0.55227778 0.31900816
vn -0.77020974 0.31900816 0.55227778
vn -0.77020974 0.31900816 -0.55227778
vn -0.77020974 0.55227778 -0.31900816
vn -0.77020974 -0.31900816 -0.55227778
vn -0.86132776 0.29137164 0.41619354
vn -0.59797161 0.45967827 0.65660174
vn -0.59797161 -0.45967827 0.65660174
vn -0.77020974 0.31900816 -0.55227778
vn -0.86132776 0.29137164 0.41619354
vn -0.59797161 0.45967827 0.65660174
vn -0.59797161 -0.45967827 0.65660174
vn -0.77020974 -0.55227778 0.31900816
vn -0.77036594 -0.63760201 -0.00000000
vn -0.77020974 -0.55227778 -0.31900816
vn -0.86132776 -0.29137164 0.41619354
vn -0.59797161 -0.45967827 0.65660174
vn -0.59797161 0.45967827 0.65660174
vn -0.77036594 -0.00000000 -0.63760201
vn -0.67883459 0.09598498 0.72799072
vn -0.77036594 0.00000000 -0.63760201
vn -0.65319966 0.65579731 -0.37849715
vn -0.65319966 0.37849715 -0.65579731
vn -0.77020974 -0.31900816 0.55227778
vn -0.67890447 0.09572956 -0.72795918
vn -0.77036594 -0.00000000 0.63760201
vn -0.65319966 0.65579731 0.37849715
vn -0.65326268 0.37869242 0.65562178
vn -0.77020974 -0.31900816 -0.55227778
vn -0.86132776 0.29137164 0.41619354
vn -0.86132776 -0.29137164 0.41619354
vn -0.77020974 0.55227778 0.31900816
vn -0.77020974 -0.55227778 0.31900816
vn -0.77036594 0.63760201 -0.00000000
vn -0.77036594 -0.63760201 -0.00000000
vn -0.77020974 -0.55227778 -0.31900816
vn -0.77020974 0.31900816 0.55227778
vn -0.86132776 0.29137164 0.41619354
vn -0.59797161 0.45967827 0.65660174
vn -0.59797161 -0.45967827 0.65660174
vn -0.59797161 -0.45967827 0.65660174
vn -0.59797161 0.45967827 0.65660174
vn -0.86132776 0.29137164 0.41619354
f 1//1 2//2 3//3
f 3//3 2//2 4//4
f 5//5 6//6 7//7
f 8//8 9//9 10//10
f 10//10 9//9 11//11
f 10//10 11//11 7//7
f 7//7 11//11 12//12
f 7//7 12//12 5//5
f 13//13 14//14 15//15
f 16//16 17//17 18//18
f 18//18 17//17 19//19
f 18//18 19//19 20//20
f 21//21 22//22 18//18
f 6//6 23//23 7//7
f 7//7 23//23 24//24
f 7//7 24//24 25//25
f 26//26 15//15 27//27
f 27//27 15//15 28//28
f 26//26 29//29 15//15
f 15//15 29//29 30//30
f 15//15 30//30 10//10
f 10//10 30//30 31//31
f 10//10 31//31 8//8
f 25//25 32//32 7//7
f 7//7 32//32 33//33
f 7//7 33//33 18//18
f 18//18 33//33 34//34
f 18//18 34//34 16//16
f 35//35 36//36 20//20
f 18//18 22//22 15//15
f 15//15 14//14 28//28
f 28//28 14//14 37//37
f 28//28 37//37 38//38
f 38//38 37//37 39//39
f 38//38 39//39 40//40
f 22//22 41//41 15//15
f 15//15 41//41 42//42
f 15//15 42//42 43//43
f 43//43 44//44 15//15
f 15//15 44//44 45//45
f 15//15 45//45 13//13
f 46//46 47//47 18//18
f 18//18 47//47 48//48
f 18//18 48//48 21//21
f 40//40 49//49 38//38
f 38//38 49//49 50//50
f 38//38 50//50 51//51
f 51//51 50//50 52//52
f 51//51 52//52 20//20
f 20//20 52//52 53//53
f 20//20 53//53 35//35
f 36//36 54//54 20//20
f 20//20 54//54 55//55
f 20//20 55//55 18//18
f 18//18 55//55 56//56
f 18//18 56//56 46//46
f 57//57 58//58 59//59
f 60//60 61//61 62//62
f 62//62 61//61 63//63
f 62//62 63//63 64//64
f 59//59 65//65 57//57
f 57//57 65//65 66//66
f 57//57 66//66 67//67
f 67//67 66//66 68//68
f 67//67 68//68 69//69
f 70//70 71//71 62//62
f 62//62 71//71 72//72
f 62//62 72//72 60//60
f 60//60 72//72 73//73
f 60//60 73//73 74//74
f 64//64 75//75 62//62
f 62//62 75//75 76//76
f 62//62 76//76 57//57
f 57//57 76//76 77//77
f 57//57 77//77 58//58
f 78//78 79//79 80//80
f 80//80 79//79 81//81
f 80//80 81//81 62//62
f 62//62 81//81 82//82
f 62//62 82//82 83//83
f 83//83 84//84 62//62
f 62//62 84//84 85//85
f 62//62 85//85 70//70
f 86//86 87//87 88//88
f 88//88 87//87 89//89
f 88//88 89//89 90//90
f 90//90 89//89 60//60
f 90//90 60//60 91//91
f 91//91 60//60 74//74
f 86//86 92//92 87//87
f 87//87 92//92 93//93
f 87//87 93//93 94//94
f 69//69 95//95 67//67
f 67//67 95//95 96//96
f 67//67 96//96 97//97
f 97//97 98//98 67//67
f 67//67 98//98 99//99
f 67//67 99//99 80//80
f 80//80 99//99 100//100
f 80//80 100//100 101//101
f 102//102 103//103 80//80
f 103//103 104//104 80//80
f 80//80 104//104 105//105
f 80//80 105//105 78//78
f 101//101 106//106 80//80
f 80//80 106//106 107//107
f 80//80 107//107 102//102
f 102//102 107//107 87//87
f 102//102 87//87 108//108
f 108//108 87//87 94//94
f 109//109 67//67 110//110
f 110//110 67//67 80//80
f 111//111 109//109 112//112
f 112//112 109//109 110//110
f 113//113 111//111 114//114
f 114//114 111//111 112//112
f 115//115 116//116 117//117
f 117//117 116//116 118//118
f 119//119 115//115 120//120
f 120//120 115//115 117//117
f 120//120 117//117 114//114
f 114//114 117//117 113//113
f 115//115 121//121 116//116
f 116//116 121//121 122//122
f 122//122 121//121 123//123
f 122//122 123//123 124//124
f 124//124 123//123 125//125
f 124//124 125//125 126//126
f 125//125 127//127 126//126
f 126//126 127//127 128//128
f 128//128 127//127 129//129
f 128//128 129//129 130//130
f 130//130 129//129 131//131
f 130//130 131//131 132//132
f 132//132 131//131 133//133
f 132//132 133//133 134//134
f 133//133 135//135 134//134
f 134//134 135//135 136//136
f 136//136 135//135 137//137
f 136//136 137//137 138//138
f 138//138 137//137 139//139
f 138//138 139//139 140//140
f 140//140 139//139 141//141
f 140//140 141//141 142//142
f 141//141 143//143 142//142
f 142//142 143//143 144//144
f 144//144 143//143 145//145
f 144//144 145//145 146//146
f 146//146 145//145 147//147
f 146//146 147//147 148//148
f 147//147 149//149 148//148
f 148//148 149//149 150//150
f 149//149 151//151 150//150
f 150//150 151//151 152//152
f 151//151 153//153 152//152
f 152//152 153//153 154//154
f 153//153 155//155 154//154
f 154//154 155//155 156//156
f 155//155 157//157 156//156
f 156//156 157//157 158//158
f 158//158 157//157 159//159
f 158//158 159//159 160//160
f 160//160 159//159 161//161
f 160//160 161//161 162//162
f 161//161 163//163 162//162
f 162//162 163//163 164//164
f 164//164 163//163 165//165
f 164//164 165//165 166//166
f 166//166 165//165 167//167
f 166//166 167//167 168//168
f 168//168 167//167 169//169
f 168//168 169//169 170//170
f 169//169 171//171 170//170
f 170//170 171//171 172//172
f 172//172 171//171 173//173
f 172//172 173//173 174//174
f 174//174 173//173 175//175
f 174//174 175//175 176//176
f 176//176 175//175 177//177
f 176//176 177//177 178//178
f 177//177 179//179 178//178
f 178//178 179//179 180//180
f 180//180 179//179 181//181
f 180//180 181//181 182//182
f 182//182 181//181 183//183
f 182//182 183//183 184//184
f 183//183 185//185 184//184
f 184//184 185//185 186//186
f 187//187 188//188 186//186
f 185//185 189//189 190//190
f 191//191 192//192 190//190
f 190//190 192//192 187//187
f 190//190 187//187 185//185
f 185//185 187//187 186//186
f 193//193 192//192 194//194
f 194//194 192//192 191//191
f 195//195 193//193 196//196
f 196//196 193//193 194//194
f 18//18 197//197 7//7
f 7//7 197//197 198//198
f 197//197 199//199 198//198
f 198//198 199//199 200//200
f 201//201 202//202 203//203
f 203//203 202//202 204//204
f 203//203 204//204 205//205
f 206//206 207//207 203//203
f 203//203 207//207 208//208
f 203//203 208//208 201//201
f 209//209 210//210 203//203
f 203//203 210//210 211//211
f 203//203 211//211 206//206
f 205//205 212//212 203//203
f 203//203 212//212 213//213
f 203//203 213//213 209//209
f 214//214 215//215 216//216
f 216//216 215//215 217//217
f 216//216 217//217 218//218
f 219//219 220//220 216//216
f 216//216 220//220 221//221
f 216//216 221//221 214//214
f 222//222 223//223 216//216
f 216//216 223//223 224//224
f 216//216 224//224 219//219
f 218//218 225//225 216//216
f 216//216 225//225 226//226
f 216//216 226//226 222//222
f 227//227 228//228 229//229
f 229//229 228//228 230//230
f 229//229 230//230 231//231
f 232//232 233//233 229//229
f 229//229 233//233 234//234
f 229//229 234//234 227//227
f 235//235 236//236 229//229
f 229//229 236//236 237//237
f 229//229 237//237 232//232
f 231//231 238//238 229//229
f 229//229 238//238 239//239
f 229//229 239//239 235//235
f 240//240 241//241 242//242
f 242//242 241//241 243//243
f 242//242 243//243 244//244
f 245//245 246//246 242//242
f 242//242 246//246 247//247
f 242//242 247//247 240//240
f 248//248 249//249 242//242
f 242//242 249//249 250//250
f 242//242 250//250 245//245
f 244//244 251//251 242//242
f 242//242 251//251 252//252
f 242//242 252//252 248//248
f 253//253 254//254 255//255
f 255//255 254//254 256//256
f 255//255 256//256 257//257
f 258//258 259//259 255//255
f 255//255 259//259 260//260
f 255//255 260//260 253//253
f 261//261 262//262 255//255
f 255//255 262//262 263//263
f 255//255 263//263 258//258
f 257//257 264//264 255//255
f 255//255 264//264 265//265
f 255//255 265//265 261//261
f 266//266 267//267 268//268
f 268//268 267//267 269//269
f 268//268 269//269 270//270
f 271//271 272//272 268//268
f 268//268 272//272 273//273
f 268//268 273//273 266//266
f 274//274 275//275 268//268
f 268//268 275//275 276//276
f 268//268 276//276 271//271
f 270//270 277//277 268//268
f 268//268 277//277 278//278
f 268//268 278//278 274//274
f 188//188 279//279 280//280
f 184//184 186//186 281//281
f 281//281 186//186 188//188
f 281//281 188//188 282//282
f 282//282 188//188 280//280
f 122//122 124//124 148//148
f 148//148 124//124 126//126
f 152//152 283//283 150//150
f 150//150 283//283 284//284
f 150//150 284//284 148//148
f 148//148 284//284 285//285
f 148//148 285//285 286//286
f 146//146 148//148 144//144
f 144//144 148//148 126//126
f 144//144 126//126 142//142
f 142//142 126//126 128//128
f 116//116 122//122 118//118
f 118//118 122//122 148//148
f 118//118 148//148 287//287
f 287//287 148//148 286//286
f 182//182 184//184 180//180
f 180//180 184//184 162//162
f 180//180 162//162 178//178
f 178//178 162//162 164//164
f 154//154 156//156 281//281
f 281//281 156//156 158//158
f 281//281 158//158 184//184
f 184//184 158//158 160//160
f 184//184 160//160 162//162
f 138//138 140//140 136//136
f 136//136 140//140 142//142
f 136//136 142//142 134//134
f 134//134 142//142 128//128
f 134//134 128//128 132//132
f 132//132 128//128 130//130
f 174//174 176//176 172//172
f 172//172 176//176 178//178
f 172//172 178//178 170//170
f 170//170 178//178 164//164
f 170//170 164//164 168//168
f 168//168 164//164 166//166
f 288//288 154//154 289//289
f 289//289 154//154 281//281
f 289//289 281//281 290//290
f 290//290 281//281 291//291
f 288//288 292//292 154//154
f 154//154 292//292 293//293
f 154//154 293//293 152//152
f 293//293 294//294 152//152
f 152//152 294//294 295//295
f 152//152 295//295 283//283
f 283//283 295//295 296//296
f 283//283 296//296 297//297
f 297//297 298//298 283//283
f 283//283 298//298 299//299
f 283//283 299//299 291//291
f 291//291 299//299 300//300
f 291//291 300//300 290//290
f 117//117 118//118 287//287
f 117//117 287//287 301//301
f 301//301 287//287 286//286
f 301//301 286//286 302//302
f 302//302 286//286 285//285
f 302//302 285//285 303//303
f 304//304 282//282 280//280
f 304//304 280//280 305//305
f 305//305 280//280 279//279
f 305//305 279//279 306//306
f 306//306 279//279 188//188
f 306//306 188//188 187//187
f 307//307 303//303 284//284
f 284//284 303//303 285//285
f 304//304 308//308 282//282
f 282//282 308//308 281//281
f 183//183 181//181 157//157
f 157//157 181//181 179//179
f 147//147 145//145 121//121
f 121//121 145//145 143//143
f 309//309 310//310 119//119
f 119//119 310//310 311//311
f 159//159 157//157 161//161
f 161//161 157//157 179//179
f 161//161 179//179 163//163
f 163//163 179//179 177//177
f 153//153 312//312 155//155
f 155//155 312//312 3//3
f 155//155 3//3 157//157
f 157//157 3//3 4//4
f 157//157 4//4 313//313
f 185//185 183//183 189//189
f 189//189 183//183 157//157
f 189//189 157//157 314//314
f 314//314 157//157 313//313
f 151//151 149//149 315//315
f 123//123 121//121 125//125
f 125//125 121//121 143//143
f 125//125 143//143 127//127
f 127//127 143//143 141//141
f 167//167 165//165 169//169
f 169//169 165//165 163//163
f 169//169 163//163 171//171
f 171//171 163//163 177//177
f 171//171 177//177 173//173
f 173//173 177//177 175//175
f 149//149 147//147 315//315
f 315//315 147//147 121//121
f 315//315 121//121 311//311
f 311//311 121//121 115//115
f 311//311 115//115 119//119
f 131//131 129//129 133//133
f 133//133 129//129 127//127
f 133//133 127//127 135//135
f 135//135 127//127 141//141
f 135//135 141//141 137//137
f 137//137 141//141 139//139
f 153//153 151//151 316//316
f 316//316 151//151 317//317
f 316//316 318//318 153//153
f 153//153 318//318 319//319
f 153//153 319//319 312//312
f 312//312 319//319 320//320
f 312//312 320//320 321//321
f 322//322 323//323 315//315
f 315//315 323//323 324//324
f 315//315 324//324 151//151
f 151//151 324//324 325//325
f 151//151 325//325 317//317
f 321//321 326//326 312//312
f 312//312 326//326 327//327
f 312//312 327//327 322//322
f 322//322 327//327 328//328
f 322//322 328//328 323//323
f 308//308 329//329 281//281
f 281//281 329//329 291//291
f 330//330 331//331 332//332
f 332//332 331//331 333//333
f 331//331 62//62 333//333
f 333//333 62//62 57//57
f 199//199 330//330 200//200
f 200//200 330//330 332//332
f 190//190 189//189 314//314
f 190//190 314//314 334//334
f 334//334 314//314 313//313
f 334//334 313//313 335//335
f 335//335 313//313 4//4
f 335//335 4//4 2//2
f 336//336 311//311 310//310
f 336//336 310//310 337//337
f 337//337 310//310 309//309
f 337//337 309//309 338//338
f 338//338 309//309 119//119
f 338//338 119//119 120//120
f 333//333 57//57 67//67
f 332//332 339//339 200//200
f 200//200 339//339 329//329
f 187//187 192//192 306//306
f 306//306 192//192 305//305
f 305//305 192//192 304//304
f 304//304 192//192 193//193
f 304//304 193//193 308//308
f 308//308 193//193 195//195
f 308//308 195//195 329//329
f 329//329 195//195 10//10
f 329//329 10//10 200//200
f 200//200 10//10 7//7
f 200//200 7//7 198//198
f 332//332 333//333 339//339
f 339//339 333//333 67//67
f 339//339 67//67 307//307
f 307//307 67//67 109//109
f 307//307 109//109 303//303
f 303//303 109//109 111//111
f 303//303 111//111 302//302
f 302//302 111//111 113//113
f 302//302 113//113 301//301
f 301//301 113//113 117//117
f 329//329 339//339 291//291
f 291//291 339//339 283//283
f 339//339 307//307 283//283
f 283//283 307//307 284//284
f 197//197 18//18 15//15
f 199//199 340//340 330//330
f 330//330 340//340 341//341
f 120//120 114//114 338//338
f 338//338 114//114 337//337
f 337//337 114//114 336//336
f 336//336 114//114 112//112
f 336//336 112//112 342//342
f 342//342 112//112 110//110
f 342//342 110//110 341//341
f 341//341 110//110 80//80
f 341//341 80//80 330//330
f 330//330 80//80 62//62
f 330//330 62//62 331//331
f 199//199 197//197 340//340
f 340//340 197//197 15//15
f 340//340 15//15 1//1
f 1//1 15//15 196//196
f 1//1 196//196 2//2
f 2//2 196//196 194//194
f 2//2 194//194 335//335
f 335//335 194//194 191//191
f 335//335 191//191 334//334
f 334//334 191//191 190//190
f 340//340 1//1 312//312
f 312//312 1//1 3//3
f 341//341 340//340 322//322
f 322//322 340//340 312//312
f 342//342 341//341 315//315
f 315//315 341//341 322//322
f 336//336 342//342 311//311
f 311//311 342//342 315//315
f 10//10 195//195 15//15
f 15//15 195//195 196//196
f 343//343 13//13 344//344
f 344//344 13//13 45//45
f 344//344 45//45 345//345
f 345//345 45//45 44//44
f 345//345 44//44 346//346
f 346//346 44//44 43//43
f 346//346 43//43 347//347
f 347//347 43//43 42//42
f 347//347 42//42 348//348
f 348//348 42//42 41//41
f 348//348 41//41 349//349
f 349//349 41//41 22//22
f 349//349 22//22 350//350
f 350//350 22//22 21//21
f 350//350 21//21 351//351
f 351//351 21//21 48//48
f 351//351 48//48 352//352
f 352//352 48//48 47//47
f 352//352 47//47 353//353
f 353//353 47//47 46//46
f 353//353 46//46 354//354
f 354//354 46//46 56//56
f 354//354 56//56 355//355
f 355//355 56//56 55//55
f 355//355 55//55 356//356
f 356//356 55//55 54//54
f 356//356 54//54 357//357
f 357//357 54//54 36//36
f 357//357 36//36 358//358
f 358//358 36//36 35//35
f 358//358 35//35 359//359
f 359//359 35//35 53//53
f 359//359 53//53 360//360
f 360//360 53//53 52//52
f 360//360 52//52 361//361
f 361//361 52//52 50//50
f 361//361 50//50 362//362
f 362//362 50//50 49//49
f 362//362 49//49 363//363
f 363//363 49//49 40//40
f 363//363 40//40 364//364
f 364//364 40//40 39//39
f 364//364 39//39 365//365
f 365//365 39//39 37//37
f 365//365 37//37 366//366
f 366//366 37//37 14//14
f 366//366 14//14 343//343
f 343//343 14//14 13//13
f 258//258 263//263 355//355
f 355//355 356//356 258//258
f 258//258 356//356 357//357
f 258//258 357//357 259//259
f 357//357 358//358 259//259
f 259//259 358//358 359//359
f 259//259 359//359 260//260
f 359//359 360//360 260//260
f 260//260 360//360 361//361
f 260//260 361//361 253//253
f 361//361 362//362 253//253
f 253//253 362//362 363//363
f 253//253 363//363 254//254
f 363//363 364//364 254//254
f 254//254 364//364 365//365
f 254//254 365//365 256//256
f 365//365 366//366 256//256
f 256//256 366//366 343//343
f 256//256 343//343 257//257
f 343//343 344//344 257//257
f 257//257 344//344 345//345
f 257//257 345//345 264//264
f 345//345 346//346 264//264
f 264//264 346//346 347//347
f 264//264 347//347 265//265
f 347//347 348//348 265//265
f 265//265 348//348 349//349
f 265//265 349//349 261//261
f 349//349 350//350 261//261
f 261//261 350//350 351//351
f 261//261 351//351 262//262
f 351//351 352//352 262//262
f 262//262 352//352 353//353
f 262//262 353//353 263//263
f 263//263 353//353 354//354
f 263//263 354//354 355//355
f 367//367 75//75 368//368
f 368//368 75//75 64//64
f 368//368 64//64 369//369
f 369//369 64//64 63//63
f 369//369 63//63 370//370
f 370//370 63//63 61//61
f 370//370 61//61 371//371
f 371//371 61//61 60//60
f 371//371 60//60 372//372
f 372//372 60//60 89//89
f 372//372 89//89 373//373
f 373//373 89//89 87//87
f 373//373 87//87 374//374
f 374//374 87//87 107//107
f 374//374 107//107 375//375
f 375//375 107//107 106//106
f 375//375 106//106 376//376
f 376//376 106//106 101//101
f 376//376 101//101 377//377
f 377//377 101//101 100//100
f 377//377 100//100 378//378
f 378//378 100//100 99//99
f 378//378 99//99 379//379
f 379//379 99//99 98//98
f 379//379 98//98 380//380
f 380//380 98//98 97//97
f 380//380 97//97 381//381
f 381//381 97//97 96//96
f 381//381 96//96 382//382
f 382//382 96//96 95//95
f 382//382 95//95 383//383
f 383//383 95//95 69//69
f 383//383 69//69 384//384
f 384//384 69//69 68//68
f 384//384 68//68 385//385
f 385//385 68//68 66//66
f 385//385 66//66 386//386
f 386//386 66//66 65//65
f 386//386 65//65 387//387
f 387//387 65//65 59//59
f 387//387 59//59 388//388
f 388//388 59//59 58//58
f 388//388 58//58 389//389
f 389//389 58//58 77//77
f 389//389 77//77 390//390
f 390//390 77//77 76//76
f 390//390 76//76 367//367
f 367//367 76//76 75//75
f 379//379 245//245 250//250
f 379//379 380//380 245//245
f 245//245 380//380 381//381
f 245//245 381//381 246//246
f 381//381 382//382 246//246
f 246//246 382//382 383//383
f 246//246 383//383 247//247
f 383//383 384//384 247//247
f 247//247 384//384 385//385
f 247//247 385//385 240//240
f 385//385 386//386 240//240
f 240//240 386//386 387//387
f 240//240 387//387 241//241
f 387//387 388//388 241//241
f 241//241 388//388 389//389
f 241//241 389//389 243//243
f 389//389 390//390 243//243
f 243//243 390//390 367//367
f 243//243 367//367 244//244
f 367//367 368//368 244//244
f 244//244 368//368 369//369
f 244//244 369//369 251//251
f 369//369 370//370 251//251
f 251//251 370//370 371//371
f 251//251 371//371 252//252
f 371//371 372//372 252//252
f 252//252 372//372 373//373
f 252//252 373//373 248//248
f 373//373 374//374 248//248
f 248//248 374//374 375//375
f 248//248 375//375 249//249
f 375//375 376//376 249//249
f 249//249 376//376 377//377
f 249//249 377//377 250//250
f 250//250 377//377 378//378
f 250//250 378//378 379//379
f 391//391 70//70 392//392
f 392//392 70//70 85//85
f 392//392 85//85 393//393
f 393//393 85//85 84//84
f 393//393 84//84 394//394
f 394//394 84//84 83//83
f 394//394 83//83 395//395
f 395//395 83//83 82//82
f 395//395 82//82 396//396
f 396//396 82//82 81//81
f 396//396 81//81 397//397
f 397//397 81//81 79//79
f 397//397 79//79 398//398
f 398//398 79//79 78//78
f 398//398 78//78 399//399
f 399//399 78//78 105//105
f 399//399 105//105 400//400
f 400//400 105//105 104//104
f 400//400 104//104 401//401
f 401//401 104//104 103//103
f 401//401 103//103 402//402
f 402//402 103//103 102//102
f 402//402 102//102 403//403
f 403//403 102//102 108//108
f 403//403 108//108 404//404
f 404//404 108//108 94//94
f 404//404 94//94 405//405
f 405//405 94//94 93//93
f 405//405 93//93 406//406
f 406//406 93//93 92//92
f 406//406 92//92 407//407
f 407//407 92//92 86//86
f 407//407 86//86 408//408
f 408//408 86//86 88//88
f 408//408 88//88 409//409
f 409//409 88//88 90//90
f 409//409 90//90 410//410
f 410//410 90//90 91//91
f 410//410 91//91 411//411
f 411//411 91//91 74//74
f 411//411 74//74 412//412
f 412//412 74//74 73//73
f 412//412 73//73 413//413
f 413//413 73//73 72//72
f 413//413 72//72 414//414
f 414//414 72//72 71//71
f 414//414 71//71 391//391
f 391//391 71//71 70//70
f 232//232 237//237 403//403
f 403//403 404//404 232//232
f 232//232 404//404 405//405
f 232//232 405//405 233//233
f 405//405 406//406 233//233
f 233//233 406//406 407//407
f 233//233 407//407 234//234
f 407//407 408//408 234//234
f 234//234 408//408 409//409
f 234//234 409//409 227//227
f 409//409 410//410 227//227
f 227//227 410//410 411//411
f 227//227 411//411 228//228
f 411//411 412//412 228//228
f 228//228 412//412 413//413
f 228//228 413//413 230//230
f 413//413 414//414 230//230
f 230//230 414//414 391//391
f 230//230 391//391 231//231
f 391//391 392//392 231//231
f 231//231 392//392 393//393
f 231//231 393//393 238//238
f 393//393 394//394 238//238
f 238//238 394//394 395//395
f 238//238 395//395 239//239
f 395//395 396//396 239//239
f 239//239 396//396 397//397
f 239//239 397//397 235//235
f 397//397 398//398 235//235
f 235//235 398//398 399//399
f 235//235 399//399 236//236
f 399//399 400//400 236//236
f 236//236 400//400 401//401
f 236//236 401//401 237//237
f 237//237 401//401 402//402
f 237//237 402//402 403//403
f 289//289 224//224 288//288
f 288//288 224//224 223//223
f 288//288 223//223 292//292
f 292//292 223//223 222//222
f 292//292 222//222 293//293
f 293//293 222//222 226//226
f 293//293 226//226 294//294
f 294//294 226//226 225//225
f 294//294 225//225 295//295
f 295//295 225//225 218//218
f 295//295 218//218 296//296
f 296//296 218//218 217//217
f 296//296 217//217 297//297
f 297//297 217//217 215//215
f 297//297 215//215 298//298
f 298//298 215//215 214//214
f 298//298 214//214 299//299
f 299//299 214//214 221//221
f 299//299 221//221 300//300
f 300//300 221//221 220//220
f 300//300 220//220 290//290
f 290//290 220//220 219//219
f 290//290 219//219 289//289
f 289//289 219//219 224//224
f 324//324 211//211 325//325
f 325//325 211//211 210//210
f 325//325 210//210 317//317
f 317//317 210//210 209//209
f 317//317 209//209 316//316
f 316//316 209//209 213//213
f 316//316 213//213 318//318
f 318//318 213//213 212//212
f 318//318 212//212 319//319
f 319//319 212//212 205//205
f 319//319 205//205 320//320
f 320//320 205//205 204//204
f 320//320 204//204 321//321
f 321//321 204//204 202//202
f 321//321 202//202 326//326
f 326//326 202//202 201//201
f 326//326 201//201 327//327
f 327//327 201//201 208//208
f 327//327 208//208 328//328
f 328//328 208//208 207//207
f 328//328 207//207 323//323
f 323//323 207//207 206//206
f 323//323 206//206 324//324
f 324//324 206//206 211//211
f 415//415 271//271 276//276
f 415//415 416//416 271//271
f 271//271 416//416 417//417
f 271//271 417//417 272//272
f 417//417 418//418 272//272
f 272//272 418//418 419//419
f 272//272 419//419 273//273
f 419//419 420//420 273//273
f 273//273 420//420 421//421
f 273//273 421//421 266//266
f 421//421 422//422 266//266
f 266//266 422//422 423//423
f 266//266 423//423 267//267
f 423//423 424//424 267//267
f 267//267 424//424 425//425
f 267//267 425//425 269//269
f 425//425 426//426 269//269
f 269//269 426//426 427//427
f 269//269 427//427 270//270
f 427//427 428//428 270//270
f 270//270 428//428 429//429
f 270//270 429//429 277//277
f 429//429 430//430 277//277
f 277//277 430//430 431//431
f 277//277 431//431 278//278
f 431//431 432//432 278//278
f 278//278 432//432 433//433
f 278//278 433//433 274//274
f 433//433 434//434 274//274
f 274//274 434//434 435//435
f 274//274 435//435 275//275
f 435//435 436//436 275//275
f 275//275 436//436 437//437
f 275//275 437//437 276//276
f 276//276 437//437 438//438
f 276//276 438//438 415//415
f 427//427 29//29 428//428
f 428//428 29//29 26//26
f 428//428 26//26 429//429
f 429//429 26//26 27//27
f 429//429 27//27 430//430
f 430//430 27//27 28//28
f 430//430 28//28 431//431
f 431//431 28//28 38//38
f 431//431 38//38 432//432
f 432//432 38//38 51//51
f 432//432 51//51 433//433
f 433//433 51//51 20//20
f 433//433 20//20 434//434
f 434//434 20//20 19//19
f 434//434 19//19 435//435
f 435//435 19//19 17//17
f 435//435 17//17 436//436
f 436//436 17//17 16//16
f 436//436 16//16 437//437
f 437//437 16//16 34//34
f 437//437 34//34 438//438
f 438//438 34//34 33//33
f 438//438 33//33 415//415
f 415//415 33//33 32//32
f 415//415 32//32 416//416
f 416//416 32//32 25//25
f 416//416 25//25 417//417
f 417//417 25//25 24//24
f 417//417 24//24 418//418
f 418//418 24//24 23//23
f 418//418 23//23 419//419
f 419//419 23//23 6//6
f 419//419 6//6 420//420
f 420//420 6//6 5//5
f 420//420 5//5 421//421
f 421//421 5//5 12//12
f 421//421 12//12 422//422
f 422//422 12//12 11//11
f 422//422 11//11 423//423
f 423//423 11//11 9//9
f 423//423 9//9 424//424
f 424//424 9//9 8//8
f 424//424 8//8 425//425
f 425//425 8//8 31//31
f 425//425 31//31 426//426
f 426//426 31//31 30//30
f 426//426 30//30 427//427
f 427//427 30//30 29//29
f 439//439 440//440 441//441
f 442//442 443//443 444//444
f 445//445 446//446 447//447
f 448//448 449//449 450//450
f 451//451 452//452 453//453
f 454//454 455//455 456//456
f 457//457 458//458 459//459
f 460//460 461//461 462//462
f 462//462 461//461 463//463
f 462//462 463//463 457//457
f 464//464 454//454 465//465
f 465//465 454//454 456//456
f 465//465 456//456 466//466
f 466//466 456//456 467//467
f 468//468 469//469 470//470
f 470//470 469//469 471//471
f 470//470 471//471 472//472
f 473//473 474//474 450//450
f 474//474 475//475 450//450
f 450//450 475//475 476//476
f 450//450 476//476 448//448
f 477//477 478//478 479//479
f 479//479 480//480 477//477
f 477//477 480//480 481//481
f 477//477 481//481 482//482
f 483//483 477//477 484//484
f 484//484 477//477 485//485
f 484//484 485//485 486//486
f 483//483 487//487 477//477
f 477//477 487//487 488//488
f 477//477 488//488 478//478
f 478//478 488//488 489//489
f 478//478 489//489 490//490
f 490//490 489//489 491//491
f 490//490 491//491 492//492
f 492//492 491//491 493//493
f 492//492 493//493 494//494
f 494//494 493//493 495//495
f 494//494 495//495 456//456
f 456//456 495//495 496//496
f 455//455 497//497 498//498
f 498//498 499//499 455//455
f 455//455 499//499 500//500
f 455//455 500//500 456//456
f 456//456 500//500 501//501
f 456//456 501//501 494//494
f 502//502 503//503 504//504
f 504//504 503//503 505//505
f 504//504 505//505 497//497
f 497//497 505//505 506//506
f 497//497 506//506 498//498
f 460//460 507//507 502//502
f 502//502 507//507 508//508
f 502//502 508//508 503//503
f 462//462 509//509 510//510
f 511//511 512//512 450//450
f 450//450 512//512 513//513
f 450//450 513//513 514//514
f 514//514 513//513 515//515
f 514//514 515//515 516//516
f 511//511 450//450 517//517
f 517//517 450//450 449//449
f 517//517 449//449 518//518
f 518//518 449//449 519//519
f 519//519 449//449 520//520
f 519//519 520//520 521//521
f 521//521 520//520 522//522
f 521//521 522//522 510//510
f 510//510 522//522 523//523
f 510//510 523//523 462//462
f 462//462 523//523 524//524
f 462//462 524//524 460//460
f 460//460 524//524 525//525
f 460//460 525//525 507//507
f 526//526 527//527 528//528
f 529//529 530//530 531//531
f 532//532 533//533 534//534
f 529//529 535//535 530//530
f 530//530 535//535 536//536
f 530//530 536//536 537//537
f 537//537 536//536 538//538
f 537//537 538//538 539//539
f 539//539 538//538 540//540
f 539//539 540//540 541//541
f 541//541 540//540 542//542
f 541//541 542//542 532//532
f 532//532 542//542 543//543
f 532//532 543//543 533//533
f 544//544 545//545 546//546
f 546//546 545//545 547//547
f 545//545 548//548 547//547
f 547//547 548//548 549//549
f 547//547 549//549 550//550
f 550//550 549//549 541//541
f 550//550 541//541 551//551
f 551//551 541//541 532//532
f 551//551 532//532 552//552
f 552//552 532//532 553//553
f 554//554 555//555 556//556
f 546//546 557//557 544//544
f 544//544 557//557 558//558
f 544//544 558//558 559//559
f 559//559 558//558 560//560
f 561//561 562//562 447//447
f 563//563 564//564 565//565
f 565//565 564//564 566//566
f 562//562 567//567 447//447
f 447//447 567//567 477//477
f 447//447 477//477 445//445
f 445//445 477//477 482//482
f 564//564 568//568 566//566
f 566//566 568//568 569//569
f 566//566 569//569 447//447
f 447//447 569//569 570//570
f 447//447 570//570 561//561
f 571//571 572//572 447//447
f 450//450 573//573 574//574
f 446//446 473//473 447//447
f 447//447 473//473 450//450
f 447//447 450//450 571//571
f 571//571 450//450 574//574
f 572//572 575//575 447//447
f 447//447 575//575 576//576
f 447//447 576//576 566//566
f 566//566 576//576 577//577
f 566//566 577//577 578//578
f 579//579 580//580 581//581
f 581//581 580//580 582//582
f 581//581 582//582 583//583
f 583//583 582//582 584//584
f 583//583 584//584 578//578
f 578//578 584//584 585//585
f 578//578 585//585 566//566
f 586//586 587//587 528//528
f 528//528 587//587 529//529
f 528//528 529//529 526//526
f 526//526 529//529 531//531
f 588//588 439//439 589//589
f 589//589 439//439 529//529
f 589//589 529//529 590//590
f 590//590 529//529 587//587
f 591//591 592//592 593//593
f 593//593 592//592 594//594
f 593//593 594//594 528//528
f 528//528 594//594 595//595
f 528//528 595//595 586//586
f 588//588 596//596 439//439
f 439//439 596//596 597//597
f 439//439 597//597 440//440
f 440//440 597//597 598//598
f 440//440 598//598 599//599
f 599//599 598//598 591//591
f 471//471 600//600 472//472
f 472//472 600//600 601//601
f 472//472 601//601 602//602
f 602//602 601//601 603//603
f 602//602 603//603 604//604
f 605//605 606//606 607//607
f 607//607 608//608 605//605
f 605//605 608//608 609//609
f 605//605 609//609 610//610
f 610//610 609//609 611//611
f 610//610 611//611 612//612
f 467//467 456//456 613//613
f 613//613 456//456 496//496
f 613//613 496//496 614//614
f 614//614 496//496 615//615
f 614//614 615//615 616//616
f 617//617 618//618 619//619
f 619//619 618//618 558//558
f 558//558 618//618 620//620
f 558//558 620//620 621//621
f 621//621 622//622 558//558
f 558//558 622//622 554//554
f 558//558 554//554 560//560
f 560//560 554//554 556//556
f 622//622 623//623 554//554
f 554//554 623//623 624//624
f 554//554 624//624 444//444
f 444//444 624//624 625//625
f 444//444 625//625 442//442
f 626//626 627//627 628//628
f 628//628 627//627 629//629
f 628//628 629//629 443//443
f 630//630 631//631 632//632
f 632//632 631//631 633//633
f 632//632 633//633 634//634
f 634//634 633//633 635//635
f 635//635 636//636 634//634
f 634//634 636//636 637//637
f 634//634 637//637 638//638
f 638//638 637//637 639//639
f 638//638 639//639 640//640
f 641//641 642//642 643//643
f 643//643 642//642 644//644
f 643//643 644//644 645//645
f 645//645 644//644 646//646
f 645//645 646//646 647//647
f 457//457 459//459 462//462
f 462//462 459//459 648//648
f 462//462 648//648 509//509
f 509//509 648//648 649//649
f 509//509 649//649 650//650
f 573//573 450//450 651//651
f 651//651 450//450 514//514
f 651//651 514//514 652//652
f 527//527 580//580 528//528
f 528//528 580//580 579//579
f 528//528 579//579 593//593
f 593//593 579//579 653//653
f 593//593 653//653 654//654
f 654//654 655//655 593//593
f 593//593 655//655 656//656
f 593//593 656//656 514//514
f 514//514 656//656 657//657
f 514//514 657//657 652//652
f 557//557 658//658 558//558
f 558//558 658//658 659//659
f 558//558 659//659 619//619
f 619//619 659//659 660//660
f 619//619 660//660 661//661
f 661//661 662//662 619//619
f 619//619 662//662 663//663
f 619//619 663//663 610//610
f 610//610 663//663 664//664
f 664//664 665//665 610//610
f 610//610 665//665 666//666
f 610//610 666//666 605//605
f 605//605 666//666 667//667
f 605//605 667//667 532//532
f 532//532 667//667 668//668
f 532//532 668//668 553//553
f 669//669 670//670 643//643
f 534//534 671//671 532//532
f 532//532 671//671 672//672
f 532//532 672//672 645//645
f 645//645 672//672 673//673
f 645//645 673//673 643//643
f 643//643 673//673 674//674
f 643//643 674//674 669//669
f 675//675 676//676 439//439
f 439//439 676//676 677//677
f 439//439 677//677 529//529
f 529//529 677//677 678//678
f 529//529 678//678 535//535
f 567//567 679//679 477//477
f 477//477 679//679 680//680
f 477//477 680//680 485//485
f 485//485 680//680 681//681
f 485//485 681//681 682//682
f 682//682 683//683 485//485
f 485//485 683//683 684//684
f 485//485 684//684 444//444
f 444//444 684//684 685//685
f 565//565 686//686 563//563
f 563//563 686//686 555//555
f 563//563 555//555 687//687
f 687//687 555//555 554//554
f 687//687 554//554 688//688
f 688//688 554//554 444//444
f 688//688 444//444 689//689
f 689//689 444//444 685//685
f 443//443 629//629 444//444
f 444//444 629//629 614//614
f 444//444 614//614 485//485
f 485//485 614//614 616//616
f 485//485 616//616 486//486
f 591//591 593//593 599//599
f 599//599 593//593 514//514
f 599//599 514//514 649//649
f 649//649 514//514 516//516
f 649//649 516//516 650//650
f 468//468 451//451 469//469
f 469//469 451//451 453//453
f 469//469 453//453 612//612
f 612//612 453//453 690//690
f 612//612 690//690 610//610
f 610//610 690//690 627//627
f 610//610 627//627 619//619
f 619//619 627//627 626//626
f 619//619 626//626 617//617
f 691//691 640//640 692//692
f 692//692 640//640 639//639
f 692//692 639//639 693//693
f 693//693 639//639 641//641
f 693//693 641//641 441//441
f 441//441 641//641 643//643
f 441//441 643//643 439//439
f 439//439 643//643 670//670
f 439//439 670//670 675//675
f 647//647 630//630 645//645
f 645//645 630//630 632//632
f 645//645 632//632 532//532
f 532//532 632//632 694//694
f 532//532 694//694 605//605
f 605//605 694//694 602//602
f 605//605 602//602 606//606
f 606//606 602//602 604//604
f 634//634 638//638 695//695
f 696//696 470//470 472//472
f 472//472 602//602 696//696
f 696//696 602//602 694//694
f 696//696 694//694 695//695
f 695//695 694//694 632//632
f 695//695 632//632 634//634
f 697//697 698//698 699//699
f 700//700 701//701 702//702
f 703//703 704//704 705//705
f 706//706 707//707 708//708
f 709//709 710//710 711//711
f 712//712 713//713 714//714
f 715//715 716//716 717//717
f 718//718 719//719 720//720
f 720//720 719//719 721//721
f 720//720 721//721 722//722
f 722//722 721//721 723//723
f 724//724 725//725 726//726
f 726//726 725//725 727//727
f 728//728 729//729 725//725
f 725//725 729//729 730//730
f 725//725 730//730 727//727
f 731//731 732//732 728//728
f 733//733 734//734 735//735
f 735//735 734//734 736//736
f 735//735 736//736 737//737
f 728//728 732//732 738//738
f 738//738 732//732 739//739
f 738//738 739//739 740//740
f 741//741 742//742 743//743
f 741//741 743//743 744//744
f 739//739 745//745 740//740
f 740//740 745//745 746//746
f 740//740 746//746 741//741
f 741//741 746//746 747//747
f 741//741 747//747 742//742
f 748//748 749//749 741//741
f 741//741 749//749 750//750
f 741//741 750//750 740//740
f 750//750 751//751 740//740
f 740//740 751//751 752//752
f 740//740 752//752 753//753
f 753//753 752//752 754//754
f 753//753 754//754 710//710
f 710//710 754//754 755//755
f 755//755 756//756 710//710
f 710//710 756//756 757//757
f 710//710 757//757 711//711
f 711//711 757//757 758//758
f 759//759 760//760 761//761
f 761//761 760//760 762//762
f 761//761 762//762 763//763
f 764//764 765//765 766//766
f 766//766 765//765 767//767
f 766//766 767//767 708//708
f 708//708 767//767 768//768
f 708//708 768//768 706//706
f 769//769 770//770 771//771
f 771//771 770//770 772//772
f 771//771 772//772 773//773
f 774//774 775//775 776//776
f 776//776 775//775 777//777
f 776//776 777//777 778//778
f 778//778 777//777 764//764
f 778//778 764//764 779//779
f 780//780 781//781 782//782
f 781//781 783//783 782//782
f 782//782 783//783 784//784
f 782//782 784//784 785//785
f 782//782 786//786 787//787
f 787//787 788//788 782//782
f 782//782 788//788 775//775
f 782//782 775//775 780//780
f 780//780 775//775 774//774
f 788//788 789//789 775//775
f 775//775 789//789 790//790
f 775//775 790//790 791//791
f 791//791 790//790 792//792
f 791//791 792//792 716//716
f 716//716 792//792 793//793
f 793//793 794//794 716//716
f 716//716 794//794 795//795
f 716//716 795//795 717//717
f 717//717 795//795 796//796
f 797//797 798//798 799//799
f 799//799 798//798 800//800
f 801//801 705//705 782//782
f 782//782 705//705 704//704
f 782//782 704//704 786//786
f 801//801 802//802 705//705
f 705//705 802//802 803//803
f 705//705 803//803 798//798
f 798//798 803//803 804//804
f 798//798 804//804 800//800
f 785//785 805//805 782//782
f 782//782 805//805 806//806
f 782//782 806//806 801//801
f 807//807 808//808 809//809
f 809//809 808//808 810//810
f 809//809 810//810 785//785
f 785//785 810//810 811//811
f 785//785 811//811 805//805
f 812//812 714//714 741//741
f 741//741 714//714 713//713
f 741//741 713//713 748//748
f 812//812 813//813 714//714
f 714//714 813//813 814//814
f 714//714 814//814 815//815
f 815//815 814//814 816//816
f 815//815 816//816 817//817
f 744//744 818//818 741//741
f 741//741 818//818 819//819
f 741//741 819//819 812//812
f 799//799 820//820 797//797
f 797//797 820//820 821//821
f 797//797 821//821 744//744
f 744//744 821//821 822//822
f 744//744 822//822 818//818
f 823//823 824//824 797//797
f 824//824 825//825 797//797
f 797//797 825//825 826//826
f 797//797 826//826 798//798
f 798//798 826//826 827//827
f 828//828 829//829 830//830
f 831//831 832//832 833//833
f 833//833 832//832 834//834
f 833//833 834//834 835//835
f 836//836 837//837 838//838
f 839//839 840//840 809//809
f 841//841 842//842 815//815
f 839//839 809//809 843//843
f 817//817 807//807 815//815
f 815//815 807//807 809//809
f 815//815 809//809 841//841
f 841//841 809//809 840//840
f 844//844 845//845 846//846
f 846//846 845//845 847//847
f 846//846 847//847 848//848
f 763//763 709//709 761//761
f 761//761 709//709 711//711
f 761//761 711//711 847//847
f 847//847 711//711 838//838
f 847//847 838//838 848//848
f 848//848 838//838 837//837
f 758//758 712//712 711//711
f 711//711 712//712 714//714
f 711//711 714//714 838//838
f 838//838 714//714 815//815
f 838//838 815//815 836//836
f 836//836 815//815 842//842
f 743//743 733//733 744//744
f 744//744 733//733 735//735
f 744//744 735//735 797//797
f 797//797 735//735 702//702
f 797//797 702//702 823//823
f 823//823 702//702 701//701
f 831//831 700//700 832//832
f 832//832 700//700 702//702
f 832//832 702//702 725//725
f 725//725 702//702 735//735
f 725//725 735//735 728//728
f 728//728 735//735 737//737
f 728//728 737//737 731//731
f 844//844 697//697 845//845
f 845//845 697//697 699//699
f 845//845 699//699 766//766
f 766//766 699//699 771//771
f 766//766 771//771 764//764
f 764//764 771//771 773//773
f 764//764 773//773 779//779
f 698//698 843//843 699//699
f 699//699 843//843 809//809
f 699//699 809//809 771//771
f 771//771 809//809 785//785
f 771//771 785//785 769//769
f 769//769 785//785 784//784
f 827//827 828//828 798//798
f 798//798 828//828 830//830
f 798//798 830//830 705//705
f 705//705 830//830 717//717
f 705//705 717//717 703//703
f 703//703 717//717 796//796
f 829//829 835//835 830//830
f 830//830 835//835 834//834
f 830//830 834//834 717//717
f 717//717 834//834 719//719
f 717//717 719//719 715//715
f 715//715 719//719 718//718
f 849//849 769//769 850//850
f 850//850 769//769 784//784
f 850//850 784//784 851//851
f 851//851 784//784 783//783
f 851//851 783//783 852//852
f 852//852 783//783 781//781
f 852//852 781//781 853//853
f 853//853 781//781 780//780
f 853//853 780//780 854//854
f 854//854 780//780 774//774
f 854//854 774//774 855//855
f 855//855 774//774 776//776
f 855//855 776//776 856//856
f 856//856 776//776 778//778
f 856//856 778//778 857//857
f 857//857 778//778 779//779
f 857//857 779//779 858//858
f 858//858 779//779 773//773
f 858//858 773//773 859//859
f 859//859 773//773 772//772
f 859//859 772//772 860//860
f 860//860 772//772 770//770
f 860//860 770//770 849//849
f 849//849 770//770 769//769
f 687//687 861//861 563//563
f 563//563 861//861 862//862
f 563//563 862//862 564//564
f 564//564 862//862 863//863
f 564//564 863//863 568//568
f 568//568 863//863 864//864
f 568//568 864//864 569//569
f 569//569 864//864 865//865
f 569//569 865//865 570//570
f 570//570 865//865 866//866
f 570//570 866//866 561//561
f 561//561 866//866 867//867
f 561//561 867//867 562//562
f 562//562 867//867 868//868
f 562//562 868//868 567//567
f 567//567 868//868 869//869
f 567//567 869//869 679//679
f 679//679 869//869 870//870
f 679//679 870//870 680//680
f 680//680 870//870 871//871
f 680//680 871//871 681//681
f 681//681 871//871 872//872
f 681//681 872//872 682//682
f 682//682 872//872 873//873
f 682//682 873//873 683//683
f 683//683 873//873 874//874
f 683//683 874//874 684//684
f 684//684 874//874 875//875
f 684//684 875//875 685//685
f 685//685 875//875 876//876
f 685//685 876//876 689//689
f 689//689 876//876 877//877
f 689//689 877//877 688//688
f 688//688 877//877 878//878
f 688//688 878//878 687//687
f 687//687 878//878 861//861
f 851//851 863//863 850//850
f 850//850 863//863 862//862
f 850//850 862//862 849//849
f 849//849 862//862 861//861
f 849//849 861//861 860//860
f 853//853 866//866 852//852
f 852//852 866//866 865//865
f 852//852 865//865 851//851
f 851//851 865//865 864//864
f 851//851 864//864 863//863
f 861//861 878//878 860//860
f 860//860 878//878 877//877
f 860//860 877//877 859//859
f 859//859 877//877 876//876
f 859//859 876//876 858//858
f 855//855 869//869 854//854
f 854//854 869//869 868//868
f 854//854 868//868 853//853
f 853//853 868//868 867//867
f 853//853 867//867 866//866
f 856//856 871//871 855//855
f 855//855 871//871 870//870
f 855//855 870//870 869//869
f 876//876 875//875 858//858
f 858//858 875//875 874//874
f 858//858 874//874 857//857
f 857//857 874//874 873//873
f 857//857 873//873 856//856
f 856//856 873//873 872//872
f 856//856 872//872 871//871
f 879//879 739//739 880//880
f 880//880 739//739 732//732
f 880//880 732//732 881//881
f 881//881 732//732 731//731
f 881//881 731//731 882//882
f 882//882 731//731 737//737
f 882//882 737//737 883//883
f 883//883 737//737 736//736
f 883//883 736//736 884//884
f 884//884 736//736 734//734
f 884//884 734//734 885//885
f 885//885 734//734 733//733
f 885//885 733//733 886//886
f 886//886 733//733 743//743
f 886//886 743//743 887//887
f 887//887 743//743 742//742
f 887//887 742//742 888//888
f 888//888 742//742 747//747
f 888//888 747//747 889//889
f 889//889 747//747 746//746
f 889//889 746//746 890//890
f 890//890 746//746 745//745
f 890//890 745//745 879//879
f 879//879 745//745 739//739
f 672//672 891//891 673//673
f 673//673 891//891 892//892
f 673//673 892//892 674//674
f 674//674 892//892 893//893
f 674//674 893//893 669//669
f 669//669 893//893 894//894
f 669//669 894//894 670//670
f 670//670 894//894 895//895
f 670//670 895//895 675//675
f 675//675 895//895 896//896
f 675//675 896//896 676//676
f 676//676 896//896 897//897
f 676//676 897//897 677//677
f 677//677 897//897 898//898
f 677//677 898//898 678//678
f 678//678 898//898 899//899
f 678//678 899//899 535//535
f 535//535 899//899 900//900
f 535//535 900//900 536//536
f 536//536 900//900 901//901
f 536//536 901//901 538//538
f 538//538 901//901 902//902
f 538//538 902//902 540//540
f 540//540 902//902 903//903
f 540//540 903//903 542//542
f 542//542 903//903 904//904
f 542//542 904//904 543//543
f 543//543 904//904 905//905
f 543//543 905//905 533//533
f 533//533 905//905 906//906
f 533//533 906//906 534//534
f 534//534 906//906 907//907
f 534//534 907//907 671//671
f 671//671 907//907 908//908
f 671//671 908//908 672//672
f 672//672 908//908 891//891
f 881//881 893//893 880//880
f 880//880 893//893 892//892
f 880//880 892//892 879//879
f 879//879 892//892 891//891
f 879//879 891//891 890//890
f 883//883 896//896 882//882
f 882//882 896//896 895//895
f 882//882 895//895 881//881
f 881//881 895//895 894//894
f 881//881 894//894 893//893
f 885//885 899//899 884//884
f 884//884 899//899 898//898
f 884//884 898//898 883//883
f 883//883 898//898 897//897
f 883//883 897//897 896//896
f 886//886 901//901 885//885
f 885//885 901//901 900//900
f 885//885 900//900 899//899
f 888//888 904//904 887//887
f 887//887 904//904 903//903
f 887//887 903//903 886//886
f 886//886 903//903 902//902
f 886//886 902//902 901//901
f 891//891 908//908 890//890
f 890//890 908//908 907//907
f 890//890 907//907 889//889
f 889//889 907//907 906//906
f 889//889 906//906 888//888
f 888//888 906//906 905//905
f 888//888 905//905 904//904
f 909//909 754//754 910//910
f 910//910 754//754 752//752
f 910//910 752//752 911//911
f 911//911 752//752 751//751
f 911//911 751//751 912//912
f 912//912 751//751 750//750
f 912//912 750//750 913//913
f 913//913 750//750 749//749
f 913//913 749//749 914//914
f 914//914 749//749 748//748
f 914//914 748//748 915//915
f 915//915 748//748 713//713
f 915//915 713//713 916//916
f 916//916 713//713 712//712
f 916//916 712//712 917//917
f 917//917 712//712 758//758
f 917//917 758//758 918//918
f 918//918 758//758 757//757
f 918//918 757//757 919//919
f 919//919 757//757 756//756
f 919//919 756//756 920//920
f 920//920 756//756 755//755
f 920//920 755//755 909//909
f 909//909 755//755 754//754
f 667//667 921//921 668//668
f 668//668 921//921 922//922
f 668//668 922//922 553//553
f 553//553 922//922 923//923
f 553//553 923//923 552//552
f 552//552 923//923 924//924
f 552//552 924//924 551//551
f 551//551 924//924 925//925
f 551//551 925//925 550//550
f 550//550 925//925 926//926
f 550//550 926//926 547//547
f 547//547 926//926 927//927
f 547//547 927//927 546//546
f 546//546 927//927 928//928
f 546//546 928//928 557//557
f 557//557 928//928 929//929
f 557//557 929//929 658//658
f 658//658 929//929 930//930
f 658//658 930//930 659//659
f 659//659 930//930 931//931
f 659//659 931//931 660//660
f 660//660 931//931 932//932
f 660//660 932//932 661//661
f 661//661 932//932 933//933
f 661//661 933//933 662//662
f 662//662 933//933 934//934
f 662//662 934//934 663//663
f 663//663 934//934 935//935
f 663//663 935//935 664//664
f 664//664 935//935 936//936
f 664//664 936//936 665//665
f 665//665 936//936 937//937
f 665//665 937//937 666//666
f 666//666 937//937 938//938
f 666//666 938//938 667//667
f 667//667 938//938 921//921
f 911//911 923//923 910//910
f 910//910 923//923 922//922
f 910//910 922//922 909//909
f 909//909 922//922 921//921
f 909//909 921//921 920//920
f 921//921 938//938 920//920
f 920//920 938//938 937//937
f 920//920 937//937 919//919
f 919//919 937//937 936//936
f 919//919 936//936 918//918
f 913//913 926//926 912//912
f 912//912 926//926 925//925
f 912//912 925//925 911//911
f 911//911 925//925 924//924
f 911//911 924//924 923//923
f 915//915 929//929 914//914
f 914//914 929//929 928//928
f 914//914 928//928 913//913
f 913//913 928//928 927//927
f 913//913 927//927 926//926
f 916//916 931//931 915//915
f 915//915 931//931 930//930
f 915//915 930//930 929//929
f 936//936 935//935 918//918
f 918//918 935//935 934//934
f 918//918 934//934 917//917
f 917//917 934//934 933//933
f 917//917 933//933 916//916
f 916//916 933//933 932//932
f 916//916 932//932 931//931
f 939//939 704//704 940//940
f 940//940 704//704 703//703
f 940//940 703//703 941//941
f 941//941 703//703 796//796
f 941//941 796//796 942//942
f 942//942 796//796 795//795
f 942//942 795//795 943//943
f 943//943 795//795 794//794
f 943//943 794//794 944//944
f 944//944 794//794 793//793
f 944//944 793//793 945//945
f 945//945 793//793 792//792
f 945//945 792//792 946//946
f 946//946 792//792 790//790
f 946//946 790//790 947//947
f 947//947 790//790 789//789
f 947//947 789//789 948//948
f 948//948 789//789 788//788
f 948//948 788//788 949//949
f 949//949 788//788 787//787
f 949//949 787//787 950//950
f 950//950 787//787 786//786
f 950//950 786//786 939//939
f 939//939 786//786 704//704
f 579//579 951//951 653//653
f 653//653 951//951 952//952
f 653//653 952//952 654//654
f 654//654 952//952 953//953
f 654//654 953//953 655//655
f 655//655 953//953 954//954
f 655//655 954//954 656//656
f 656//656 954//954 955//955
f 656//656 955//955 657//657
f 657//657 955//955 956//956
f 657//657 956//956 652//652
f 652//652 956//956 957//957
f 652//652 957//957 651//651
f 651//651 957//957 958//958
f 651//651 958//958 573//573
f 573//573 958//958 959//959
f 573//573 959//959 574//574
f 574//574 959//959 960//960
f 574//574 960//960 571//571
f 571//571 960//960 961//961
f 571//571 961//961 572//572
f 572//572 961//961 962//962
f 572//572 962//962 575//575
f 575//575 962//962 963//963
f 575//575 963//963 576//576
f 576//576 963//963 964//964
f 576//576 964//964 577//577
f 577//577 964//964 965//965
f 577//577 965//965 578//578
f 578//578 965//965 966//966
f 578//578 966//966 583//583
f 583//583 966//966 967//967
f 583//583 967//967 581//581
f 581//581 967//967 968//968
f 581//581 968//968 579//579
f 579//579 968//968 951//951
f 941//941 953//953 940//940
f 940//940 953//953 952//952
f 940//940 952//952 939//939
f 939//939 952//952 951//951
f 939//939 951//951 950//950
f 943//943 956//956 942//942
f 942//942 956//956 955//955
f 942//942 955//955 941//941
f 941//941 955//955 954//954
f 941//941 954//954 953//953
f 951//951 968//968 950//950
f 950//950 968//968 967//967
f 950//950 967//967 949//949
f 949//949 967//967 966//966
f 949//949 966//966 948//948
f 945//945 959//959 944//944
f 944//944 959//959 958//958
f 944//944 958//958 943//943
f 943//943 958//958 957//957
f 943//943 957//957 956//956
f 946//946 961//961 945//945
f 945//945 961//961 960//960
f 945//945 960//960 959//959
f 966//966 965//965 948//948
f 948//948 965//965 964//964
f 948//948 964//964 947//947
f 947//947 964//964 963//963
f 947//947 963//963 946//946
f 946//946 963//963 962//962
f 946//946 962//962 961//961
f 969//969 970//970 971//971
f 971//971 970//970 972//972
f 971//971 972//972 973//973
f 974//974 975//975 971//971
f 971//971 975//975 976//976
f 971//971 976//976 969//969
f 977//977 978//978 971//971
f 971//971 978//978 979//979
f 971//971 979//979 974//974
f 973//973 980//980 971//971
f 971//971 980//980 981//981
f 971//971 981//981 977//977
f 513//513 979//979 515//515
f 515//515 979//979 978//978
f 515//515 978//978 516//516
f 516//516 978//978 977//977
f 516//516 977//977 650//650
f 650//650 977//977 981//981
f 650//650 981//981 509//509
f 509//509 981//981 980//980
f 509//509 980//980 510//510
f 510//510 980//980 973//973
f 510//510 973//973 521//521
f 521//521 973//973 972//972
f 521//521 972//972 519//519
f 519//519 972//972 970//970
f 519//519 970//970 518//518
f 518//518 970//970 969//969
f 518//518 969//969 517//517
f 517//517 969//969 976//976
f 517//517 976//976 511//511
f 511//511 976//976 975//975
f 511//511 975//975 512//512
f 512//512 975//975 974//974
f 512//512 974//974 513//513
f 513//513 974//974 979//979
f 635//635 982//982 636//636
f 636//636 982//982 983//983
f 636//636 983//983 637//637
f 637//637 983//983 984//984
f 637//637 984//984 639//639
f 639//639 984//984 985//985
f 639//639 985//985 641//641
f 641//641 985//985 986//986
f 641//641 986//986 642//642
f 642//642 986//986 987//987
f 642//642 987//987 644//644
f 644//644 987//987 988//988
f 644//644 988//988 646//646
f 646//646 988//988 989//989
f 646//646 989//989 647//647
f 647//647 989//989 990//990
f 647//647 990//990 630//630
f 630//630 990//990 991//991
f 630//630 991//991 631//631
f 631//631 991//991 992//992
f 631//631 992//992 633//633
f 633//633 992//992 993//993
f 633//633 993//993 635//635
f 635//635 993//993 982//982
f 618//618 837//837 620//620
f 620//620 837//837 836//836
f 620//620 836//836 621//621
f 621//621 836//836 842//842
f 621//621 842//842 622//622
f 622//622 842//842 841//841
f 622//622 841//841 623//623
f 623//623 841//841 840//840
f 623//623 840//840 624//624
f 624//624 840//840 839//839
f 624//624 839//839 625//625
f 625//625 839//839 843//843
f 625//625 843//843 442//442
f 442//442 843//843 698//698
f 442//442 698//698 443//443
f 443//443 698//698 697//697
f 443//443 697//697 628//628
f 628//628 697//697 844//844
f 628//628 844//844 626//626
f 626//626 844//844 846//846
f 626//626 846//846 617//617
f 617//617 846//846 848//848
f 617//617 848//848 618//618
f 618//618 848//848 837//837
f 994//994 995//995 996//996
f 996//996 995//995 997//997
f 996//996 997//997 998//998
f 999//999 1000//1000 996//996
f 996//996 1000//1000 1001//1001
f 996//996 1001//1001 994//994
f 1002//1002 1003//1003 996//996
f 996//996 1003//1003 1004//1004
f 996//996 1004//1004 999//999
f 998//998 1005//1005 996//996
f 996//996 1005//1005 1006//1006
f 996//996 1006//1006 1002//1002
f 484//484 1004//1004 483//483
f 483//483 1004//1004 1003//1003
f 483//483 1003//1003 487//487
f 487//487 1003//1003 1002//1002
f 487//487 1002//1002 488//488
f 488//488 1002//1002 1006//1006
f 488//488 1006//1006 489//489
f 489//489 1006//1006 1005//1005
f 489//489 1005//1005 491//491
f 491//491 1005//1005 998//998
f 491//491 998//998 493//493
f 493//493 998//998 997//997
f 493//493 997//997 495//495
f 495//495 997//997 995//995
f 495//495 995//995 496//496
f 496//496 995//995 994//994
f 496//496 994//994 615//615
f 615//615 994//994 1001//1001
f 615//615 1001//1001 616//616
f 616//616 1001//1001 1000//1000
f 616//616 1000//1000 486//486
f 486//486 1000//1000 999//999
f 486//486 999//999 484//484
f 484//484 999//999 1004//1004
f 601//601 1007//1007 603//603
f 603//603 1007//1007 1008//1008
f 603//603 1008//1008 604//604
f 604//604 1008//1008 1009//1009
f 604//604 1009//1009 606//606
f 606//606 1009//1009 1010//1010
f 606//606 1010//1010 607//607
f 607//607 1010//1010 1011//1011
f 607//607 1011//1011 608//608
f 608//608 1011//1011 1012//1012
f 608//608 1012//1012 609//609
f 609//609 1012//1012 1013//1013
f 609//609 1013//1013 611//611
f 611//611 1013//1013 1014//1014
f 611//611 1014//1014 612//612
f 612//612 1014//1014 1015//1015
f 612//612 1015//1015 469//469
f 469//469 1015//1015 1016//1016
f 469//469 1016//1016 471//471
f 471//471 1016//1016 1017//1017
f 471//471 1017//1017 600//600
f 600//600 1017//1017 1018//1018
f 600//600 1018//1018 601//601
f 601//601 1018//1018 1007//1007
f 588//588 823//823 596//596
f 596//596 823//823 701//701
f 596//596 701//701 597//597
f 597//597 701//701 700//700
f 597//597 700//700 598//598
f 598//598 700//700 831//831
f 598//598 831//831 591//591
f 591//591 831//831 833//833
f 591//591 833//833 592//592
f 592//592 833//833 835//835
f 592//592 835//835 594//594
f 594//594 835//835 829//829
f 594//594 829//829 595//595
f 595//595 829//829 828//828
f 595//595 828//828 586//586
f 586//586 828//828 827//827
f 586//586 827//827 587//587
f 587//587 827//827 826//826
f 587//587 826//826 590//590
f 590//590 826//826 825//825
f 590//590 825//825 589//589
f 589//589 825//825 824//824
f 589//589 824//824 588//588
f 588//588 824//824 823//823
f 461//461 1019//1019 1020//1020
f 461//461 1020//1020 463//463
f 463//463 1020//1020 1021//1021
f 463//463 1021//1021 457//457
f 457//457 1021//1021 1022//1022
f 457//457 1022//1022 458//458
f 458//458 1022//1022 1023//1023
f 458//458 1023//1023 459//459
f 455//455 454//454 1024//1024
f 1019//1019 461//461 460//460
f 460//460 502//502 1019//1019
f 1019//1019 502//502 504//504
f 1019//1019 504//504 1024//1024
f 1024//1024 504//504 497//497
f 1024//1024 497//497 455//455
f 467//467 1025//1025 1026//1026
f 467//467 1026//1026 466//466
f 466//466 1026//1026 1027//1027
f 466//466 1027//1027 465//465
f 465//465 1027//1027 1028//1028
f 465//465 1028//1028 464//464
f 464//464 1028//1028 1024//1024
f 464//464 1024//1024 454//454
f 693//693 1029//1029 1030//1030
f 693//693 1030//1030 692//692
f 692//692 1030//1030 1031//1031
f 692//692 1031//1031 691//691
f 691//691 1031//1031 1032//1032
f 691//691 1032//1032 640//640
f 640//640 1032//1032 695//695
f 640//640 695//695 638//638
f 1033//1033 1034//1034 1035//1035
f 993//993 696//696 982//982
f 982//982 696//696 695//695
f 982//982 695//695 983//983
f 1031//1031 1030//1030 984//984
f 984//984 1030//1030 1029//1029
f 984//984 1029//1029 985//985
f 985//985 1029//1029 1036//1036
f 985//985 1036//1036 1037//1037
f 1015//1015 1038//1038 1016//1016
f 1016//1016 1038//1038 1039//1039
f 983//983 695//695 984//984
f 984//984 695//695 1032//1032
f 984//984 1032//1032 1031//1031
f 1040//1040 986//986 1041//1041
f 1041//1041 986//986 985//985
f 1041//1041 985//985 1042//1042
f 1042//1042 985//985 1037//1037
f 1015//1015 1014//1014 1038//1038
f 1038//1038 1014//1014 1013//1013
f 1038//1038 1013//1013 1040//1040
f 1040//1040 1013//1013 1012//1012
f 1040//1040 1012//1012 1011//1011
f 696//696 1018//1018 1043//1043
f 1043//1043 1018//1018 1017//1017
f 1043//1043 1017//1017 1044//1044
f 1045//1045 1044//1044 1046//1046
f 1046//1046 1044//1044 1017//1017
f 1046//1046 1017//1017 1035//1035
f 1035//1035 1017//1017 1016//1016
f 1035//1035 1016//1016 1033//1033
f 1033//1033 1016//1016 1039//1039
f 990//990 1011//1011 991//991
f 991//991 1011//1011 1010//1010
f 991//991 1010//1010 992//992
f 992//992 1010//1010 1009//1009
f 992//992 1009//1009 993//993
f 993//993 1009//1009 1008//1008
f 993//993 1008//1008 696//696
f 696//696 1008//1008 1007//1007
f 696//696 1007//1007 1018//1018
f 990//990 989//989 1011//1011
f 1011//1011 989//989 988//988
f 1011//1011 988//988 1040//1040
f 1040//1040 988//988 987//987
f 1040//1040 987//987 986//986
f 470//470 696//696 1043//1043
f 470//470 1043//1043 468//468
f 468//468 1043//1043 1044//1044
f 468//468 1044//1044 451//451
f 451//451 1044//1044 1045//1045
f 451//451 1045//1045 452//452
f 452//452 1045//1045 1046//1046
f 452//452 1046//1046 453//453
f 724//724 1036//1036 1029//1029
f 649//649 648//648 723//723
f 648//648 459//459 723//723
f 723//723 459//459 1023//1023
f 723//723 1023//1023 1047//1047
f 1029//1029 693//693 724//724
f 724//724 693//693 441//441
f 724//724 441//441 725//725
f 725//725 441//441 440//440
f 723//723 721//721 649//649
f 649//649 721//721 719//719
f 649//649 719//719 599//599
f 599//599 719//719 834//834
f 599//599 834//834 440//440
f 440//440 834//834 832//832
f 440//440 832//832 725//725
f 710//710 709//709 1038//1038
f 1040//1040 729//729 728//728
f 728//728 738//738 1040//1040
f 1040//1040 738//738 740//740
f 1040//1040 740//740 1038//1038
f 1038//1038 740//740 753//753
f 1038//1038 753//753 710//710
f 729//729 1040//1040 1041//1041
f 729//729 1041//1041 730//730
f 730//730 1041//1041 1042//1042
f 730//730 1042//1042 727//727
f 727//727 1042//1042 1037//1037
f 727//727 1037//1037 726//726
f 726//726 1037//1037 1036//1036
f 726//726 1036//1036 724//724
f 1046//1046 1035//1035 759//759
f 1025//1025 467//467 613//613
f 1048//1048 1025//1025 707//707
f 707//707 1025//1025 613//613
f 707//707 613//613 708//708
f 708//708 613//613 614//614
f 708//708 614//614 766//766
f 766//766 614//614 629//629
f 766//766 629//629 845//845
f 845//845 629//629 847//847
f 847//847 629//629 627//627
f 847//847 627//627 761//761
f 761//761 627//627 690//690
f 761//761 690//690 759//759
f 759//759 690//690 453//453
f 759//759 453//453 1046//1046
f 759//759 1035//1035 1034//1034
f 759//759 1034//1034 760//760
f 760//760 1034//1034 1033//1033
f 760//760 1033//1033 762//762
f 762//762 1033//1033 1039//1039
f 762//762 1039//1039 763//763
f 763//763 1039//1039 1038//1038
f 763//763 1038//1038 709//709
f 1049//1049 1050//1050 1051//1051
f 1051//1051 1050//1050 1052//1052
f 1051//1051 1052//1052 1053//1053
f 1054//1054 1055//1055 1051//1051
f 1051//1051 1055//1055 1056//1056
f 1051//1051 1056//1056 1049//1049
f 1057//1057 1058//1058 1051//1051
f 1051//1051 1058//1058 1059//1059
f 1051//1051 1059//1059 1054//1054
f 1053//1053 1060//1060 1051//1051
f 1051//1051 1060//1060 1061//1061
f 1051//1051 1061//1061 1057//1057
f 1062//1062 1059//1059 1063//1063
f 1063//1063 1059//1059 1058//1058
f 1063//1063 1058//1058 1064//1064
f 1064//1064 1058//1058 1057//1057
f 1064//1064 1057//1057 1065//1065
f 1065//1065 1057//1057 1061//1061
f 1065//1065 1061//1061 1066//1066
f 1066//1066 1061//1061 1060//1060
f 1066//1066 1060//1060 1067//1067
f 1067//1067 1060//1060 1053//1053
f 1067//1067 1053//1053 1068//1068
f 1068//1068 1053//1053 1052//1052
f 1068//1068 1052//1052 1069//1069
f 1069//1069 1052//1052 1050//1050
f 1069//1069 1050//1050 1070//1070
f 1070//1070 1050//1050 1049//1049
f 1070//1070 1049//1049 1071//1071
f 1071//1071 1049//1049 1056//1056
f 1071//1071 1056//1056 1072//1072
f 1072//1072 1056//1056 1055//1055
f 1072//1072 1055//1055 1073//1073
f 1073//1073 1055//1055 1054//1054
f 1073//1073 1054//1054 1062//1062
f 1062//1062 1054//1054 1059//1059
f 1074//1074 1075//1075 1076//1076
f 1076//1076 1075//1075 1077//1077
f 1076//1076 1077//1077 1078//1078
f 1079//1079 1080//1080 1076//1076
f 1076//1076 1080//1080 1081//1081
f 1076//1076 1081//1081 1074//1074
f 1082//1082 1083//1083 1076//1076
f 1076//1076 1083//1083 1084//1084
f 1076//1076 1084//1084 1079//1079
f 1078//1078 1085//1085 1076//1076
f 1076//1076 1085//1085 1086//1086
f 1076//1076 1086//1086 1082//1082
f 1087//1087 1084//1084 1088//1088
f 1088//1088 1084//1084 1083//1083
f 1088//1088 1083//1083 1089//1089
f 1089//1089 1083//1083 1082//1082
f 1089//1089 1082//1082 1090//1090
f 1090//1090 1082//1082 1086//1086
f 1090//1090 1086//1086 1091//1091
f 1091//1091 1086//1086 1085//1085
f 1091//1091 1085//1085 1092//1092
f 1092//1092 1085//1085 1078//1078
f 1092//1092 1078//1078 1093//1093
f 1093//1093 1078//1078 1077//1077
f 1093//1093 1077//1077 1094//1094
f 1094//1094 1077//1077 1075//1075
f 1094//1094 1075//1075 1095//1095
f 1095//1095 1075//1075 1074//1074
f 1095//1095 1074//1074 1096//1096
f 1096//1096 1074//1074 1081//1081
f 1096//1096 1081//1081 1097//1097
f 1097//1097 1081//1081 1080//1080
f 1097//1097 1080//1080 1098//1098
f 1098//1098 1080//1080 1079//1079
f 1098//1098 1079//1079 1087//1087
f 1087//1087 1079//1079 1084//1084
f 560//560 807//807 559//559
f 559//559 807//807 817//817
f 559//559 817//817 544//544
f 544//544 817//817 816//816
f 544//544 816//816 545//545
f 545//545 816//816 814//814
f 545//545 814//814 548//548
f 548//548 814//814 813//813
f 548//548 813//813 549//549
f 549//549 813//813 812//812
f 549//549 812//812 541//541
f 541//541 812//812 819//819
f 541//541 819//819 539//539
f 539//539 819//819 818//818
f 539//539 818//818 537//537
f 537//537 818//818 822//822
f 537//537 822//822 530//530
f 530//530 822//822 821//821
f 530//530 821//821 531//531
f 531//531 821//821 820//820
f 531//531 820//820 526//526
f 526//526 820//820 799//799
f 526//526 799//799 527//527
f 527//527 799//799 800//800
f 527//527 800//800 580//580
f 580//580 800//800 804//804
f 580//580 804//804 582//582
f 582//582 804//804 803//803
f 582//582 803//803 584//584
f 584//584 803//803 802//802
f 584//584 802//802 585//585
f 585//585 802//802 801//801
f 585//585 801//801 566//566
f 566//566 801//801 806//806
f 566//566 806//806 565//565
f 565//565 806//806 805//805
f 565//565 805//805 686//686
f 686//686 805//805 811//811
f 686//686 811//811 555//555
f 555//555 811//811 810//810
f 555//555 810//810 556//556
f 556//556 810//810 808//808
f 556//556 808//808 560//560
f 560//560 808//808 807//807
f 520//520 1099//1099 522//522
f 522//522 1099//1099 1100//1100
f 522//522 1100//1100 523//523
f 523//523 1100//1100 1101//1101
f 523//523 1101//1101 524//524
f 524//524 1101//1101 1102//1102
f 524//524 1102//1102 525//525
f 525//525 1102//1102 1103//1103
f 525//525 1103//1103 507//507
f 507//507 1103//1103 1104//1104
f 507//507 1104//1104 508//508
f 508//508 1104//1104 1105//1105
f 508//508 1105//1105 503//503
f 503//503 1105//1105 1106//1106
f 1107//1107 506//506 1106//1106
f 1106//1106 506//506 505//505
f 1106//1106 505//505 503//503
f 506//506 1107//1107 498//498
f 498//498 1107//1107 1108//1108
f 498//498 1108//1108 499//499
f 499//499 1108//1108 1109//1109
f 499//499 1109//1109 500//500
f 500//500 1109//1109 1110//1110
f 500//500 1110//1110 501//501
f 501//501 1110//1110 1111//1111
f 501//501 1111//1111 494//494
f 494//494 1111//1111 1112//1112
f 494//494 1112//1112 492//492
f 492//492 1112//1112 1113//1113
f 492//492 1113//1113 490//490
f 490//490 1113//1113 1114//1114
f 490//490 1114//1114 1115//1115
f 490//490 1115//1115 478//478
f 478//478 1115//1115 1116//1116
f 478//478 1116//1116 479//479
f 1117//1117 445//445 1118//1118
f 1118//1118 445//445 482//482
f 1118//1118 482//482 1119//1119
f 1119//1119 482//482 481//481
f 1119//1119 481//481 1120//1120
f 1120//1120 481//481 480//480
f 1120//1120 480//480 1116//1116
f 1116//1116 480//480 479//479
f 445//445 1117//1117 446//446
f 446//446 1117//1117 1121//1121
f 446//446 1121//1121 473//473
f 1122//1122 1107//1107 1099//1099
f 1099//1099 1107//1107 1106//1106
f 1099//1099 1106//1106 1100//1100
f 1100//1100 1106//1106 1101//1101
f 1114//1114 1110//1110 1109//1109
f 1103//1103 1102//1102 1104//1104
f 1104//1104 1102//1102 1101//1101
f 1104//1104 1101//1101 1105//1105
f 1105//1105 1101//1101 1106//1106
f 1123//1123 1124//1124 1125//1125
f 1114//1114 1113//1113 1110//1110
f 1110//1110 1113//1113 1112//1112
f 1110//1110 1112//1112 1111//1111
f 1123//1123 1116//1116 1122//1122
f 1122//1122 1116//1116 1115//1115
f 1122//1122 1115//1115 1107//1107
f 1107//1107 1115//1115 1114//1114
f 1107//1107 1114//1114 1108//1108
f 1108//1108 1114//1114 1109//1109
f 1125//1125 1126//1126 1123//1123
f 1123//1123 1126//1126 1121//1121
f 1123//1123 1121//1121 1116//1116
f 1116//1116 1121//1121 1117//1117
f 1117//1117 1118//1118 1116//1116
f 1116//1116 1118//1118 1119//1119
f 1116//1116 1119//1119 1120//1120
f 448//448 1123//1123 1122//1122
f 448//448 1122//1122 449//449
f 449//449 1122//1122 1099//1099
f 449//449 1099//1099 520//520
f 473//473 1121//1121 474//474
f 474//474 1121//1121 1126//1126
f 474//474 1126//1126 475//475
f 475//475 1126//1126 1125//1125
f 475//475 1125//1125 476//476
f 476//476 1125//1125 1124//1124
f 476//476 1124//1124 448//448
f 448//448 1124//1124 1123//1123
f 765//765 764//764 1127//1127
f 1127//1127 764//764 777//777
f 1127//1127 777//777 1128//1128
f 1128//1128 777//777 775//775
f 775//775 791//791 1128//1128
f 1128//1128 791//791 716//716
f 1128//1128 716//716 715//715
f 1129//1129 1130//1130 1131//1131
f 1131//1131 1130//1130 1132//1132
f 1063//1063 1019//1019 1062//1062
f 1062//1062 1019//1019 1024//1024
f 1028//1028 1072//1072 1024//1024
f 1024//1024 1072//1072 1073//1073
f 1024//1024 1073//1073 1062//1062
f 1092//1092 1133//1133 1134//1134
f 1028//1028 1027//1027 1072//1072
f 1072//1072 1027//1027 1026//1026
f 1072//1072 1026//1026 1071//1071
f 1071//1071 1026//1026 1025//1025
f 1071//1071 1025//1025 1070//1070
f 1070//1070 1025//1025 1048//1048
f 1070//1070 1048//1048 1069//1069
f 1089//1089 1020//1020 1088//1088
f 1088//1088 1020//1020 1019//1019
f 1088//1088 1019//1019 1087//1087
f 1090//1090 1022//1022 1089//1089
f 1089//1089 1022//1022 1021//1021
f 1089//1089 1021//1021 1020//1020
f 1092//1092 1093//1093 1135//1135
f 1135//1135 1093//1093 1131//1131
f 1134//1134 1136//1136 1092//1092
f 1092//1092 1136//1136 1137//1137
f 1092//1092 1137//1137 1091//1091
f 1091//1091 1137//1137 1047//1047
f 1091//1091 1047//1047 1090//1090
f 1090//1090 1047//1047 1023//1023
f 1090//1090 1023//1023 1022//1022
f 1138//1138 1139//1139 1140//1140
f 1140//1140 1139//1139 1069//1069
f 1140//1140 1069//1069 1141//1141
f 1141//1141 1069//1069 1048//1048
f 1142//1142 1143//1143 1144//1144
f 1144//1144 1143//1143 1133//1133
f 1144//1144 1133//1133 1145//1145
f 1145//1145 1133//1133 1092//1092
f 1145//1145 1092//1092 1146//1146
f 1146//1146 1092//1092 1135//1135
f 1087//1087 1019//1019 1098//1098
f 1098//1098 1019//1019 1063//1063
f 1098//1098 1063//1063 1097//1097
f 1097//1097 1063//1063 1064//1064
f 1097//1097 1064//1064 1096//1096
f 1096//1096 1064//1064 1065//1065
f 1096//1096 1065//1065 1095//1095
f 1095//1095 1065//1065 1066//1066
f 1095//1095 1066//1066 1094//1094
f 1139//1139 1147//1147 1148//1148
f 1148//1148 1149//1149 1139//1139
f 1139//1139 1149//1149 1150//1150
f 1139//1139 1150//1150 1069//1069
f 1069//1069 1150//1150 1151//1151
f 1069//1069 1151//1151 1068//1068
f 1068//1068 1151//1151 1152//1152
f 1068//1068 1152//1152 1067//1067
f 1067//1067 1152//1152 1129//1129
f 1067//1067 1129//1129 1066//1066
f 1066//1066 1129//1129 1131//1131
f 1066//1066 1131//1131 1094//1094
f 1094//1094 1131//1131 1093//1093
f 1153//1153 1149//1149 1148//1148
f 1153//1153 1148//1148 1154//1154
f 1154//1154 1148//1148 1147//1147
f 1154//1154 1147//1147 1155//1155
f 1155//1155 1147//1147 1139//1139
f 1155//1155 1139//1139 1156//1156
f 767//767 765//765 1127//1127
f 1156//1156 1139//1139 1127//1127
f 1127//1127 1139//1139 1138//1138
f 1127//1127 1138//1138 767//767
f 767//767 1138//1138 1140//1140
f 767//767 1140//1140 768//768
f 768//768 1140//1140 1141//1141
f 768//768 1141//1141 706//706
f 706//706 1141//1141 1048//1048
f 706//706 1048//1048 707//707
f 1156//1156 1127//1127 1128//1128
f 1157//1157 1158//1158 1155//1155
f 1156//1156 1128//1128 1155//1155
f 1155//1155 1128//1128 1159//1159
f 1155//1155 1159//1159 1157//1157
f 1132//1132 1130//1130 1153//1153
f 1160//1160 1153//1153 1161//1161
f 1161//1161 1153//1153 1130//1130
f 1161//1161 1130//1130 1162//1162
f 1163//1163 1164//1164 1165//1165
f 1165//1165 1164//1164 1132//1132
f 1165//1165 1132//1132 1166//1166
f 1166//1166 1132//1132 1153//1153
f 1166//1166 1153//1153 1158//1158
f 1158//1158 1153//1153 1154//1154
f 1158//1158 1154//1154 1155//1155
f 1130//1130 1129//1129 1162//1162
f 1162//1162 1129//1129 1152//1152
f 1162//1162 1152//1152 1161//1161
f 1161//1161 1152//1152 1151//1151
f 1161//1161 1151//1151 1160//1160
f 1160//1160 1151//1151 1150//1150
f 1160//1160 1150//1150 1153//1153
f 1153//1153 1150//1150 1149//1149
f 1128//1128 715//715 718//718
f 1159//1159 1128//1128 1134//1134
f 1134//1134 1133//1133 1159//1159
f 1159//1159 1133//1133 1143//1143
f 1159//1159 1143//1143 1157//1157
f 1157//1157 1143//1143 1142//1142
f 1157//1157 1142//1142 1158//1158
f 1158//1158 1142//1142 1144//1144
f 1158//1158 1144//1144 1166//1166
f 1128//1128 718//718 1134//1134
f 1134//1134 718//718 720//720
f 1134//1134 720//720 1136//1136
f 1136//1136 720//720 722//722
f 1136//1136 722//722 1137//1137
f 1137//1137 722//722 723//723
f 1137//1137 723//723 1047//1047
f 1131//1131 1132//1132 1135//1135
f 1135//1135 1132//1132 1164//1164
f 1135//1135 1164//1164 1146//1146
f 1146//1146 1164//1164 1163//1163
f 1146//1146 1163//1163 1145//1145
f 1145//1145 1163//1163 1165//1165
f 1145//1145 1165//1165 1144//1144
f 1144//1144 1165//1165 1166//1166
f 1167//1167 1168//1168 1169//1169
f 1170//1170 1171//1171 1172//1172
f 1172//1172 1171//1171 1173//1173
f 1174//1174 1175//1175 1176//1176
f 1177//1177 1178//1178 1179//1179
f 1180//1180 1181//1181 1173//1173
f 1173//1173 1181//1181 1182//1182
f 1183//1183 1184//1184 1185//1185
f 1186//1186 1185//1185 1187//1187
f 1187//1187 1185//1185 1188//1188
f 1187//1187 1188//1188 1189//1189
f 1189//1189 1188//1188 1190//1190
f 1191//1191 1192//1192 1193//1193
f 1194//1194 1195//1195 1196//1196
f 1196//1196 1195//1195 1197//1197
f 1198//1198 1199//1199 1180//1180
f 1180//1180 1199//1199 1200//1200
f 1180//1180 1200//1200 1181//1181
f 1181//1181 1200//1200 1196//1196
f 1181//1181 1196//1196 1185//1185
f 1185//1185 1196//1196 1197//1197
f 1185//1185 1197//1197 1188//1188
f 1176//1176 1183//1183 1174//1174
f 1174//1174 1183//1183 1185//1185
f 1174//1174 1185//1185 1201//1201
f 1202//1202 1203//1203 1204//1204
f 1192//1192 1205//1205 1193//1193
f 1193//1193 1205//1205 1206//1206
f 1193//1193 1206//1206 1207//1207
f 1208//1208 1209//1209 1186//1186
f 1186//1186 1209//1209 1210//1210
f 1186//1186 1210//1210 1185//1185
f 1185//1185 1210//1210 1167//1167
f 1185//1185 1167//1167 1201//1201
f 1201//1201 1167//1167 1169//1169
f 1211//1211 1212//1212 1185//1185
f 1193//1193 1213//1213 1214//1214
f 1214//1214 1215//1215 1193//1193
f 1193//1193 1215//1215 1173//1173
f 1193//1193 1173//1173 1191//1191
f 1191//1191 1173//1173 1182//1182
f 1216//1216 1217//1217 1218//1218
f 1218//1218 1217//1217 1172//1172
f 1204//1204 1211//1211 1202//1202
f 1202//1202 1211//1211 1185//1185
f 1202//1202 1185//1185 1219//1219
f 1219//1219 1185//1185 1184//1184
f 1219//1219 1184//1184 1220//1220
f 1220//1220 1184//1184 1221//1221
f 1222//1222 1223//1223 1224//1224
f 1215//1215 1225//1225 1173//1173
f 1173//1173 1225//1225 1226//1226
f 1173//1173 1226//1226 1172//1172
f 1172//1172 1226//1226 1227//1227
f 1172//1172 1227//1227 1218//1218
f 1228//1228 1229//1229 1230//1230
f 1230//1230 1229//1229 1231//1231
f 1230//1230 1231//1231 1193//1193
f 1193//1193 1231//1231 1232//1232
f 1193//1193 1232//1232 1233//1233
f 1234//1234 1235//1235 1236//1236
f 1236//1236 1235//1235 1217//1217
f 1236//1236 1217//1217 1237//1237
f 1230//1230 1177//1177 1228//1228
f 1228//1228 1177//1177 1179//1179
f 1228//1228 1179//1179 1238//1238
f 1238//1238 1179//1179 1239//1239
f 1238//1238 1239//1239 1234//1234
f 1234//1234 1239//1239 1240//1240
f 1234//1234 1240//1240 1235//1235
f 1241//1241 1242//1242 1185//1185
f 1237//1237 1217//1217 1243//1243
f 1243//1243 1217//1217 1216//1216
f 1243//1243 1216//1216 1244//1244
f 1244//1244 1216//1216 1245//1245
f 1244//1244 1245//1245 1246//1246
f 1246//1246 1245//1245 1247//1247
f 1246//1246 1247//1247 1233//1233
f 1233//1233 1247//1247 1248//1248
f 1233//1233 1248//1248 1193//1193
f 1193//1193 1248//1248 1249//1249
f 1193//1193 1249//1249 1213//1213
f 1250//1250 1251//1251 1185//1185
f 1224//1224 1241//1241 1222//1222
f 1222//1222 1241//1241 1185//1185
f 1222//1222 1185//1185 1252//1252
f 1252//1252 1185//1185 1212//1212
f 1252//1252 1212//1212 1253//1253
f 1253//1253 1212//1212 1254//1254
f 1255//1255 1256//1256 1257//1257
f 1257//1257 1250//1250 1255//1255
f 1255//1255 1250//1250 1185//1185
f 1255//1255 1185//1185 1258//1258
f 1258//1258 1185//1185 1242//1242
f 1258//1258 1242//1242 1259//1259
f 1259//1259 1242//1242 1260//1260
f 1261//1261 1262//1262 1251//1251
f 1251//1251 1262//1262 1263//1263
f 1251//1251 1263//1263 1185//1185
f 1185//1185 1263//1263 1264//1264
f 1265//1265 1266//1266 1264//1264
f 1264//1264 1266//1266 1267//1267
f 1264//1264 1267//1267 1185//1185
f 1185//1185 1267//1267 1268//1268
f 1185//1185 1268//1268 1269//1269
f 1269//1269 1268//1268 1270//1270
f 1269//1269 1270//1270 1271//1271
f 1272//1272 1185//1185 1273//1273
f 1273//1273 1185//1185 1269//1269
f 1273//1273 1269//1269 1274//1274
f 1274//1274 1269//1269 1275//1275
f 1274//1274 1275//1275 1276//1276
f 1276//1276 1275//1275 1277//1277
f 1276//1276 1277//1277 1278//1278
f 1279//1279 1181//1181 1280//1280
f 1280//1280 1181//1181 1185//1185
f 1281//1281 1239//1239 1282//1282
f 1282//1282 1239//1239 1179//1179
f 1283//1283 1284//1284 1285//1285
f 1286//1286 1287//1287 1288//1288
f 1288//1288 1287//1287 1289//1289
f 1280//1280 1290//1290 1291//1291
f 1291//1291 1290//1290 1292//1292
f 1291//1291 1292//1292 1289//1289
f 1289//1289 1292//1292 1293//1293
f 1289//1289 1293//1293 1288//1288
f 1294//1294 1295//1295 1291//1291
f 1291//1291 1295//1295 1296//1296
f 1291//1291 1296//1296 1280//1280
f 1280//1280 1296//1296 1297//1297
f 1280//1280 1297//1297 1279//1279
f 1298//1298 1299//1299 1300//1300
f 1301//1301 1302//1302 1303//1303
f 1303//1303 1302//1302 1304//1304
f 1305//1305 1306//1306 1307//1307
f 1307//1307 1306//1306 1308//1308
f 1309//1309 1310//1310 1311//1311
f 1311//1311 1310//1310 1312//1312
f 1313//1313 1314//1314 1279//1279
f 1315//1315 1316//1316 1317//1317
f 1318//1318 1319//1319 1320//1320
f 1320//1320 1319//1319 1321//1321
f 1320//1320 1321//1321 1308//1308
f 1322//1322 1323//1323 1324//1324
f 1300//1300 1313//1313 1298//1298
f 1298//1298 1313//1313 1279//1279
f 1298//1298 1279//1279 1325//1325
f 1325//1325 1279//1279 1297//1297
f 1325//1325 1297//1297 1326//1326
f 1326//1326 1297//1297 1327//1327
f 1328//1328 1329//1329 1279//1279
f 1285//1285 1305//1305 1283//1283
f 1283//1283 1305//1305 1307//1307
f 1283//1283 1307//1307 1330//1330
f 1330//1330 1307//1307 1331//1331
f 1330//1330 1331//1331 1332//1332
f 1332//1332 1331//1331 1333//1333
f 1334//1334 1324//1324 1312//1312
f 1312//1312 1324//1324 1320//1320
f 1312//1312 1320//1320 1311//1311
f 1311//1311 1320//1320 1308//1308
f 1311//1311 1308//1308 1335//1335
f 1335//1335 1308//1308 1306//1306
f 1335//1335 1306//1306 1336//1336
f 1336//1336 1306//1306 1337//1337
f 1317//1317 1328//1328 1315//1315
f 1315//1315 1328//1328 1279//1279
f 1315//1315 1279//1279 1338//1338
f 1338//1338 1279//1279 1314//1314
f 1338//1338 1314//1314 1339//1339
f 1339//1339 1314//1314 1340//1340
f 1341//1341 1342//1342 1343//1343
f 1344//1344 1345//1345 1279//1279
f 1346//1346 1347//1347 1334//1334
f 1334//1334 1347//1347 1348//1348
f 1334//1334 1348//1348 1324//1324
f 1324//1324 1348//1348 1349//1349
f 1324//1324 1349//1349 1322//1322
f 1350//1350 1351//1351 1352//1352
f 1343//1343 1344//1344 1341//1341
f 1341//1341 1344//1344 1279//1279
f 1341//1341 1279//1279 1353//1353
f 1353//1353 1279//1279 1329//1329
f 1353//1353 1329//1329 1354//1354
f 1354//1354 1329//1329 1355//1355
f 1356//1356 1346//1346 1357//1357
f 1357//1357 1346//1346 1334//1334
f 1357//1357 1334//1334 1358//1358
f 1358//1358 1334//1334 1359//1359
f 1282//1282 1360//1360 1281//1281
f 1281//1281 1360//1360 1361//1361
f 1281//1281 1361//1361 1362//1362
f 1363//1363 1364//1364 1365//1365
f 1366//1366 1350//1350 1367//1367
f 1367//1367 1350//1350 1352//1352
f 1367//1367 1352//1352 1357//1357
f 1357//1357 1352//1352 1368//1368
f 1357//1357 1368//1368 1356//1356
f 1282//1282 1369//1369 1360//1360
f 1360//1360 1369//1369 1370//1370
f 1360//1360 1370//1370 1371//1371
f 1371//1371 1370//1370 1372//1372
f 1371//1371 1372//1372 1373//1373
f 1374//1374 1281//1281 1375//1375
f 1375//1375 1281//1281 1362//1362
f 1375//1375 1362//1362 1367//1367
f 1367//1367 1362//1362 1376//1376
f 1367//1367 1376//1376 1366//1366
f 1377//1377 1378//1378 1279//1279
f 1379//1379 1380//1380 1381//1381
f 1381//1381 1380//1380 1382//1382
f 1381//1381 1382//1382 1351//1351
f 1351//1351 1382//1382 1383//1383
f 1351//1351 1383//1383 1352//1352
f 1373//1373 1372//1372 1384//1384
f 1384//1384 1372//1372 1324//1324
f 1384//1384 1324//1324 1379//1379
f 1379//1379 1324//1324 1323//1323
f 1379//1379 1323//1323 1380//1380
f 1365//1365 1377//1377 1363//1363
f 1363//1363 1377//1377 1279//1279
f 1363//1363 1279//1279 1385//1385
f 1385//1385 1279//1279 1345//1345
f 1385//1385 1345//1345 1386//1386
f 1386//1386 1345//1345 1387//1387
f 1388//1388 1389//1389 1378//1378
f 1378//1378 1389//1389 1390//1390
f 1378//1378 1390//1390 1279//1279
f 1279//1279 1390//1390 1303//1303
f 1279//1279 1303//1303 1307//1307
f 1307//1307 1303//1303 1304//1304
f 1307//1307 1304//1304 1331//1331
f 1193//1193 1324//1324 1230//1230
f 1230//1230 1324//1324 1372//1372
f 1192//1192 1321//1321 1319//1319
f 1192//1192 1319//1319 1205//1205
f 1205//1205 1319//1319 1318//1318
f 1205//1205 1318//1318 1206//1206
f 1206//1206 1318//1318 1320//1320
f 1206//1206 1320//1320 1207//1207
f 1207//1207 1320//1320 1324//1324
f 1207//1207 1324//1324 1193//1193
f 1269//1269 1291//1291 1275//1275
f 1275//1275 1291//1291 1289//1289
f 1296//1296 1268//1268 1297//1297
f 1297//1297 1268//1268 1267//1267
f 1263//1263 1298//1298 1264//1264
f 1264//1264 1298//1298 1325//1325
f 1313//1313 1251//1251 1314//1314
f 1314//1314 1251//1251 1250//1250
f 1258//1258 1315//1315 1255//1255
f 1255//1255 1315//1315 1338//1338
f 1328//1328 1242//1242 1329//1329
f 1329//1329 1242//1242 1241//1241
f 1252//1252 1341//1341 1222//1222
f 1222//1222 1341//1341 1353//1353
f 1344//1344 1212//1212 1345//1345
f 1345//1345 1212//1212 1211//1211
f 1219//1219 1363//1363 1202//1202
f 1202//1202 1363//1363 1385//1385
f 1377//1377 1184//1184 1378//1378
f 1378//1378 1184//1184 1183//1183
f 1201//1201 1303//1303 1174//1174
f 1174//1174 1303//1303 1390//1390
f 1304//1304 1167//1167 1331//1331
f 1331//1331 1167//1167 1210//1210
f 1187//1187 1283//1283 1186//1186
f 1186//1186 1283//1283 1330//1330
f 1305//1305 1188//1188 1306//1306
f 1306//1306 1188//1188 1197//1197
f 1200//1200 1311//1311 1196//1196
f 1196//1196 1311//1311 1335//1335
f 1312//1312 1180//1180 1334//1334
f 1334//1334 1180//1180 1173//1173
f 1357//1357 1172//1172 1367//1367
f 1367//1367 1172//1172 1217//1217
f 1200//1200 1199//1199 1311//1311
f 1311//1311 1199//1199 1309//1309
f 1199//1199 1198//1198 1309//1309
f 1309//1309 1198//1198 1310//1310
f 1198//1198 1180//1180 1310//1310
f 1310//1310 1180//1180 1312//1312
f 1187//1187 1189//1189 1283//1283
f 1283//1283 1189//1189 1284//1284
f 1189//1189 1190//1190 1284//1284
f 1284//1284 1190//1190 1285//1285
f 1190//1190 1188//1188 1285//1285
f 1285//1285 1188//1188 1305//1305
f 1201//1201 1169//1169 1303//1303
f 1303//1303 1169//1169 1301//1301
f 1169//1169 1168//1168 1301//1301
f 1301//1301 1168//1168 1302//1302
f 1168//1168 1167//1167 1302//1302
f 1302//1302 1167//1167 1304//1304
f 1219//1219 1220//1220 1363//1363
f 1363//1363 1220//1220 1364//1364
f 1220//1220 1221//1221 1364//1364
f 1364//1364 1221//1221 1365//1365
f 1221//1221 1184//1184 1365//1365
f 1365//1365 1184//1184 1377//1377
f 1252//1252 1253//1253 1341//1341
f 1341//1341 1253//1253 1342//1342
f 1253//1253 1254//1254 1342//1342
f 1342//1342 1254//1254 1343//1343
f 1254//1254 1212//1212 1343//1343
f 1343//1343 1212//1212 1344//1344
f 1258//1258 1259//1259 1315//1315
f 1315//1315 1259//1259 1316//1316
f 1259//1259 1260//1260 1316//1316
f 1316//1316 1260//1260 1317//1317
f 1260//1260 1242//1242 1317//1317
f 1317//1317 1242//1242 1328//1328
f 1263//1263 1262//1262 1298//1298
f 1298//1298 1262//1262 1299//1299
f 1262//1262 1261//1261 1299//1299
f 1299//1299 1261//1261 1300//1300
f 1261//1261 1251//1251 1300//1300
f 1300//1300 1251//1251 1313//1313
f 1269//1269 1271//1271 1291//1291
f 1291//1291 1271//1271 1294//1294
f 1271//1271 1270//1270 1294//1294
f 1294//1294 1270//1270 1295//1295
f 1270//1270 1268//1268 1295//1295
f 1295//1295 1268//1268 1296//1296
f 1276//1276 1278//1278 1288//1288
f 1288//1288 1278//1278 1286//1286
f 1278//1278 1277//1277 1286//1286
f 1286//1286 1277//1277 1287//1287
f 1277//1277 1275//1275 1287//1287
f 1287//1287 1275//1275 1289//1289
f 1276//1276 1288//1288 1274//1274
f 1274//1274 1288//1288 1293//1293
f 1267//1267 1266//1266 1297//1297
f 1297//1297 1266//1266 1327//1327
f 1266//1266 1265//1265 1327//1327
f 1327//1327 1265//1265 1326//1326
f 1265//1265 1264//1264 1326//1326
f 1326//1326 1264//1264 1325//1325
f 1250//1250 1257//1257 1314//1314
f 1314//1314 1257//1257 1340//1340
f 1257//1257 1256//1256 1340//1340
f 1340//1340 1256//1256 1339//1339
f 1256//1256 1255//1255 1339//1339
f 1339//1339 1255//1255 1338//1338
f 1241//1241 1224//1224 1329//1329
f 1329//1329 1224//1224 1355//1355
f 1224//1224 1223//1223 1355//1355
f 1355//1355 1223//1223 1354//1354
f 1223//1223 1222//1222 1354//1354
f 1354//1354 1222//1222 1353//1353
f 1211//1211 1204//1204 1345//1345
f 1345//1345 1204//1204 1387//1387
f 1204//1204 1203//1203 1387//1387
f 1387//1387 1203//1203 1386//1386
f 1203//1203 1202//1202 1386//1386
f 1386//1386 1202//1202 1385//1385
f 1183//1183 1176//1176 1378//1378
f 1378//1378 1176//1176 1388//1388
f 1176//1176 1175//1175 1388//1388
f 1388//1388 1175//1175 1389//1389
f 1175//1175 1174//1174 1389//1389
f 1389//1389 1174//1174 1390//1390
f 1210//1210 1209//1209 1331//1331
f 1331//1331 1209//1209 1333//1333
f 1209//1209 1208//1208 1333//1333
f 1333//1333 1208//1208 1332//1332
f 1208//1208 1186//1186 1332//1332
f 1332//1332 1186//1186 1330//1330
f 1197//1197 1195//1195 1306//1306
f 1306//1306 1195//1195 1337//1337
f 1195//1195 1194//1194 1337//1337
f 1337//1337 1194//1194 1336//1336
f 1194//1194 1196//1196 1336//1336
f 1336//1336 1196//1196 1335//1335
f 1173//1173 1171//1171 1334//1334
f 1334//1334 1171//1171 1359//1359
f 1171//1171 1170//1170 1359//1359
f 1359//1359 1170//1170 1358//1358
f 1170//1170 1172//1172 1358//1358
f 1358//1358 1172//1172 1357//1357
f 1238//1238 1361//1361 1228//1228
f 1228//1228 1361//1361 1360//1360
f 1228//1228 1360//1360 1229//1229
f 1229//1229 1360//1360 1371//1371
f 1229//1229 1371//1371 1231//1231
f 1231//1231 1371//1371 1373//1373
f 1231//1231 1373//1373 1232//1232
f 1232//1232 1373//1373 1384//1384
f 1232//1232 1384//1384 1233//1233
f 1233//1233 1384//1384 1379//1379
f 1233//1233 1379//1379 1246//1246
f 1246//1246 1379//1379 1381//1381
f 1246//1246 1381//1381 1244//1244
f 1244//1244 1381//1381 1351//1351
f 1244//1244 1351//1351 1243//1243
f 1243//1243 1351//1351 1350//1350
f 1243//1243 1350//1350 1237//1237
f 1237//1237 1350//1350 1366//1366
f 1237//1237 1366//1366 1236//1236
f 1236//1236 1366//1366 1376//1376
f 1236//1236 1376//1376 1234//1234
f 1234//1234 1376//1376 1362//1362
f 1234//1234 1362//1362 1238//1238
f 1238//1238 1362//1362 1361//1361
f 1247//1247 1382//1382 1248//1248
f 1248//1248 1382//1382 1380//1380
f 1248//1248 1380//1380 1249//1249
f 1249//1249 1380//1380 1323//1323
f 1249//1249 1323//1323 1213//1213
f 1213//1213 1323//1323 1322//1322
f 1213//1213 1322//1322 1214//1214
f 1214//1214 1322//1322 1349//1349
f 1214//1214 1349//1349 1215//1215
f 1215//1215 1349//1349 1348//1348
f 1215//1215 1348//1348 1225//1225
f 1225//1225 1348//1348 1347//1347
f 1225//1225 1347//1347 1226//1226
f 1226//1226 1347//1347 1346//1346
f 1226//1226 1346//1346 1227//1227
f 1227//1227 1346//1346 1356//1356
f 1227//1227 1356//1356 1218//1218
f 1218//1218 1356//1356 1368//1368
f 1218//1218 1368//1368 1216//1216
f 1216//1216 1368//1368 1352//1352
f 1216//1216 1352//1352 1245//1245
f 1245//1245 1352//1352 1383//1383
f 1245//1245 1383//1383 1247//1247
f 1247//1247 1383//1383 1382//1382
f 1239//1239 1281//1281 1374//1374
f 1239//1239 1374//1374 1240//1240
f 1240//1240 1374//1374 1375//1375
f 1240//1240 1375//1375 1235//1235
f 1235//1235 1375//1375 1367//1367
f 1235//1235 1367//1367 1217//1217
f 1230//1230 1372//1372 1370//1370
f 1230//1230 1370//1370 1177//1177
f 1177//1177 1370//1370 1369//1369
f 1177//1177 1369//1369 1178//1178
f 1178//1178 1369//1369 1282//1282
f 1178//1178 1282//1282 1179//1179
f 1181//1181 1279//1279 1182//1182
f 1182//1182 1279//1279 1307//1307
f 1182//1182 1307//1307 1191//1191
f 1191//1191 1307//1307 1308//1308
f 1191//1191 1308//1308 1192//1192
f 1192//1192 1308//1308 1321//1321
f 1280//1280 1185//1185 1272//1272
f 1280//1280 1272//1272 1290//1290
f 1290//1290 1272//1272 1273//1273
f 1290//1290 1273//1273 1292//1292
f 1292//1292 1273//1273 1274//1274
f 1292//1292 1274//1274 1293//1293

