# https://github.com/mikedh/trimesh

o carriage_right.obj
v -0.00600000 0.00945000 -0.00950000
v -0.01250000 0.00945000 -0.00950000
v -0.00600000 0.01445000 -0.00950000
v -0.01250000 0.01445000 -0.00950000
v -0.00500000 -0.00650000 -0.00750000
v -0.00500000 -0.00644900 -0.00711200
v -0.00500000 -0.00945000 -0.00480000
v -0.00500000 -0.00575000 -0.00879900
v -0.00500000 -0.00606100 -0.00856100
v -0.00500000 -0.00945000 -0.00950000
v -0.00500000 -0.00629900 -0.00825000
v -0.00500000 -0.00644900 -0.00788800
v -0.00500000 0.00538800 -0.00894900
v -0.00500000 0.00500000 -0.00900000
v -0.00500000 0.00945000 -0.00950000
v -0.00500000 -0.00425000 -0.00620100
v -0.00500000 -0.00393900 -0.00643900
v -0.00500000 0.00945000 -0.00480000
v -0.00500000 -0.00370100 -0.00675000
v -0.00500000 -0.00355100 -0.00711200
v -0.00500000 0.00629900 -0.00675000
v -0.00500000 0.00644900 -0.00711200
v -0.00500000 -0.00629900 -0.00675000
v -0.00500000 -0.00606100 -0.00643900
v -0.00500000 -0.00575000 -0.00620100
v -0.00500000 -0.00425000 -0.00879900
v -0.00500000 -0.00393900 -0.00856100
v -0.00500000 -0.00370100 -0.00825000
v -0.00500000 -0.00461200 -0.00894900
v -0.00500000 -0.00500000 -0.00900000
v -0.00500000 -0.00538800 -0.00894900
v -0.00500000 -0.00538800 -0.00605100
v -0.00500000 -0.00500000 -0.00600000
v -0.00500000 -0.00461200 -0.00605100
v -0.00500000 0.00370100 -0.00675000
v -0.00500000 0.00393900 -0.00643900
v -0.00500000 0.00461200 -0.00894900
v -0.00500000 -0.00355100 -0.00788800
v -0.00500000 0.00425000 -0.00879900
v -0.00500000 0.00393900 -0.00856100
v -0.00500000 0.00650000 -0.00750000
v -0.00500000 0.00644900 -0.00788800
v -0.00500000 0.00629900 -0.00825000
v -0.00500000 0.00606100 -0.00856100
v -0.00500000 0.00575000 -0.00879900
v -0.00500000 0.00538800 -0.00605100
v -0.00500000 0.00575000 -0.00620100
v -0.00500000 0.00606100 -0.00643900
v -0.00500000 0.00370100 -0.00825000
v -0.00500000 0.00355100 -0.00788800
v -0.00500000 -0.00350000 -0.00750000
v -0.00500000 0.00350000 -0.00750000
v -0.00500000 0.00355100 -0.00711200
v -0.00500000 0.00425000 -0.00620100
v -0.00500000 0.00461200 -0.00605100
v -0.00500000 0.00500000 -0.00600000
v -0.00500000 -0.00945000 0.00480000
v -0.00500000 -0.00575000 0.00620100
v -0.00500000 -0.00606100 0.00643900
v -0.00500000 -0.00355100 0.00711200
v -0.00500000 -0.00370100 0.00675000
v -0.00500000 0.00945000 0.00480000
v -0.00500000 -0.00393900 0.00643900
v -0.00500000 -0.00425000 0.00620100
v -0.00500000 -0.00629900 0.00675000
v -0.00500000 -0.00644900 0.00711200
v -0.00500000 -0.00945000 0.00950000
v -0.00500000 -0.00650000 0.00750000
v -0.00500000 -0.00644900 0.00788800
v -0.00500000 0.00538800 0.00605100
v -0.00500000 0.00500000 0.00600000
v -0.00500000 0.00461200 0.00605100
v -0.00500000 0.00425000 0.00620100
v -0.00500000 0.00393900 0.00643900
v -0.00500000 -0.00461200 0.00605100
v -0.00500000 -0.00500000 0.00600000
v -0.00500000 -0.00538800 0.00605100
v -0.00500000 0.00629900 0.00825000
v -0.00500000 0.00644900 0.00788800
v -0.00500000 0.00945000 0.00950000
v -0.00500000 0.00650000 0.00750000
v -0.00500000 0.00644900 0.00711200
v -0.00500000 0.00629900 0.00675000
v -0.00500000 0.00606100 0.00643900
v -0.00500000 0.00575000 0.00620100
v -0.00500000 0.00355100 0.00788800
v -0.00500000 -0.00355100 0.00788800
v -0.00500000 0.00350000 0.00750000
v -0.00500000 -0.00350000 0.00750000
v -0.00500000 0.00355100 0.00711200
v -0.00500000 0.00370100 0.00675000
v -0.00500000 0.00370100 0.00825000
v -0.00500000 0.00393900 0.00856100
v -0.00500000 0.00425000 0.00879900
v -0.00500000 -0.00629900 0.00825000
v -0.00500000 -0.00606100 0.00856100
v -0.00500000 -0.00575000 0.00879900
v -0.00500000 -0.00538800 0.00894900
v -0.00500000 -0.00500000 0.00900000
v -0.00500000 -0.00461200 0.00894900
v -0.00500000 -0.00425000 0.00879900
v -0.00500000 0.00500000 0.00900000
v -0.00500000 0.00538800 0.00894900
v -0.00500000 0.00575000 0.00879900
v -0.00500000 0.00606100 0.00856100
v -0.00500000 -0.00393900 0.00856100
v -0.00500000 -0.00370100 0.00825000
v -0.00500000 0.00461200 0.00894900
v -0.00550000 -0.00945000 0.01000000
v -0.00550000 0.00945000 0.01000000
v -0.01250000 -0.00945000 0.01000000
v -0.01250000 0.00945000 0.01000000
v -0.01300000 -0.00945000 0.00950000
v -0.01300000 0.00945000 0.00950000
v -0.01300000 0.01445000 0.00450000
v -0.01300000 -0.01445000 0.00450000
v -0.01300000 -0.00945000 0.00900000
v -0.01300000 -0.01445000 0.00900000
v -0.01300000 0.01445000 0.00900000
v -0.01300000 0.00945000 0.00900000
v -0.01134200 0.01445000 0.00450000
v -0.01134200 -0.01445000 0.00450000
v -0.01125100 0.01445000 0.00414400
v -0.01125100 -0.01445000 0.00414400
v -0.01100000 0.01445000 0.00387500
v -0.01100000 -0.01445000 0.00387500
v -0.01100000 0.01445000 0.00345000
v -0.01100000 -0.01445000 0.00345000
v -0.01097300 0.01445000 0.00335000
v -0.01097300 -0.01445000 0.00335000
v -0.01090000 0.01445000 0.00327700
v -0.01090000 -0.01445000 0.00327700
v -0.01080000 0.01445000 0.00325000
v -0.01080000 -0.01445000 0.00325000
v -0.01040000 0.01445000 0.00325000
v -0.01040000 -0.01445000 0.00325000
v -0.01030000 0.01445000 0.00327700
v -0.01030000 -0.01445000 0.00327700
v -0.01022700 0.01445000 0.00335000
v -0.01022700 -0.01445000 0.00335000
v -0.01020000 0.01445000 0.00345000
v -0.01020000 -0.01445000 0.00345000
v -0.01020000 0.01445000 0.00387500
v -0.01020000 -0.01445000 0.00387500
v -0.00994900 0.01445000 0.00414400
v -0.00994900 -0.01445000 0.00414400
v -0.00985800 0.01445000 0.00450000
v -0.00985800 -0.01445000 0.00450000
v -0.00880000 0.01445000 0.00450000
v -0.00880000 -0.01445000 0.00450000
v -0.00850000 0.01445000 0.00420000
v -0.00850000 -0.01445000 0.00420000
v -0.00850000 0.01445000 -0.00420000
v -0.00850000 -0.01445000 -0.00420000
v -0.00880000 0.01445000 -0.00450000
v -0.00880000 -0.01445000 -0.00450000
v -0.00985800 0.01445000 -0.00450000
v -0.00985800 -0.01445000 -0.00450000
v -0.00994900 0.01445000 -0.00414400
v -0.00994900 -0.01445000 -0.00414400
v -0.01020000 0.01445000 -0.00387500
v -0.01020000 -0.01445000 -0.00387500
v -0.01020000 0.01445000 -0.00345000
v -0.01020000 -0.01445000 -0.00345000
v -0.01022700 0.01445000 -0.00335000
v -0.01022700 -0.01445000 -0.00335000
v -0.01030000 0.01445000 -0.00327700
v -0.01030000 -0.01445000 -0.00327700
v -0.01040000 0.01445000 -0.00325000
v -0.01040000 -0.01445000 -0.00325000
v -0.01080000 0.01445000 -0.00325000
v -0.01080000 -0.01445000 -0.00325000
v -0.01090000 0.01445000 -0.00327700
v -0.01090000 -0.01445000 -0.00327700
v -0.01097300 0.01445000 -0.00335000
v -0.01097300 -0.01445000 -0.00335000
v -0.01100000 0.01445000 -0.00345000
v -0.01100000 -0.01445000 -0.00345000
v -0.01100000 0.01445000 -0.00387500
v -0.01100000 -0.01445000 -0.00387500
v -0.01125100 0.01445000 -0.00414400
v -0.01125100 -0.01445000 -0.00414400
v -0.01134200 0.01445000 -0.00450000
v -0.01134200 -0.01445000 -0.00450000
v -0.01300000 0.01445000 -0.00450000
v -0.01300000 -0.01445000 -0.00450000
v -0.01300000 -0.00945000 -0.00900000
v -0.01300000 -0.01445000 -0.00900000
v -0.01300000 0.01445000 -0.00900000
v -0.01300000 0.00945000 -0.00900000
v -0.01300000 0.00945000 -0.00950000
v -0.01300000 -0.00945000 -0.00950000
v -0.01250000 -0.00945000 -0.01000000
v -0.01250000 0.00945000 -0.01000000
v -0.00550000 -0.00945000 -0.01000000
v -0.00550000 0.00945000 -0.01000000
v -0.00530000 0.00945000 -0.00450000
v -0.00530000 -0.00945000 -0.00450000
v -0.00540000 0.00945000 -0.00450000
v -0.00540000 -0.00945000 -0.00450000
v -0.00619400 0.01065000 -0.00035000
v -0.00645000 0.01065000 -0.00060600
v -0.00680000 0.01065000 -0.00000000
v -0.00680000 0.01065000 -0.00070000
v -0.00715000 0.01065000 -0.00060600
v -0.00645000 0.01065000 0.00060600
v -0.00619400 0.01065000 0.00035000
v -0.00610000 0.01065000 -0.00000000
v -0.00740600 0.01065000 0.00035000
v -0.00715000 0.01065000 0.00060600
v -0.00680000 0.01065000 0.00070000
v -0.00740600 0.01065000 -0.00035000
v -0.00750000 0.01065000 -0.00000000
v -0.00619400 -0.01065000 0.00035000
v -0.00645000 -0.01065000 0.00060600
v -0.00680000 -0.01065000 -0.00000000
v -0.00680000 -0.01065000 0.00070000
v -0.00715000 -0.01065000 0.00060600
v -0.00645000 -0.01065000 -0.00060600
v -0.00619400 -0.01065000 -0.00035000
v -0.00610000 -0.01065000 0.00000000
v -0.00740600 -0.01065000 -0.00035000
v -0.00715000 -0.01065000 -0.00060600
v -0.00680000 -0.01065000 -0.00070000
v -0.00740600 -0.01065000 0.00035000
v -0.00750000 -0.01065000 -0.00000000
v -0.00800000 0.00393500 0.00688500
v -0.00800000 0.00438500 0.00643500
v -0.00800000 0.00500000 0.00750000
v -0.00800000 0.00500000 0.00627000
v -0.00800000 0.00561500 0.00643500
v -0.00800000 0.00438500 0.00856500
v -0.00800000 0.00393500 0.00811500
v -0.00800000 0.00377000 0.00750000
v -0.00800000 0.00606500 0.00811500
v -0.00800000 0.00561500 0.00856500
v -0.00800000 0.00500000 0.00872900
v -0.00800000 0.00606500 0.00688500
v -0.00800000 0.00622900 0.00750000
v -0.00800000 -0.00606500 0.00688500
v -0.00800000 -0.00561500 0.00643500
v -0.00800000 -0.00500000 0.00750000
v -0.00800000 -0.00500000 0.00627000
v -0.00800000 -0.00438500 0.00643500
v -0.00800000 -0.00561500 0.00856500
v -0.00800000 -0.00606500 0.00811500
v -0.00800000 -0.00622900 0.00750000
v -0.00800000 -0.00393500 0.00811500
v -0.00800000 -0.00438500 0.00856500
v -0.00800000 -0.00500000 0.00872900
v -0.00800000 -0.00393500 0.00688500
v -0.00800000 -0.00377000 0.00750000
v -0.00800000 0.00393500 -0.00811500
v -0.00800000 0.00438500 -0.00856500
v -0.00800000 0.00500000 -0.00750000
v -0.00800000 0.00500000 -0.00872900
v -0.00800000 0.00561500 -0.00856500
v -0.00800000 0.00438500 -0.00643500
v -0.00800000 0.00393500 -0.00688500
v -0.00800000 0.00377000 -0.00750000
v -0.00800000 0.00606500 -0.00688500
v -0.00800000 0.00561500 -0.00643500
v -0.00800000 0.00500000 -0.00627000
v -0.00800000 0.00606500 -0.00811500
v -0.00800000 0.00622900 -0.00750000
v -0.00800000 -0.00606500 -0.00811500
v -0.00800000 -0.00561500 -0.00856500
v -0.00800000 -0.00500000 -0.00750000
v -0.00800000 -0.00500000 -0.00872900
v -0.00800000 -0.00438500 -0.00856500
v -0.00800000 -0.00561500 -0.00643500
v -0.00800000 -0.00606500 -0.00688500
v -0.00800000 -0.00622900 -0.00750000
v -0.00800000 -0.00393500 -0.00688500
v -0.00800000 -0.00438500 -0.00643500
v -0.00800000 -0.00500000 -0.00627000
v -0.00800000 -0.00393500 -0.00811500
v -0.00800000 -0.00377000 -0.00750000
v -0.01293300 -0.01445000 -0.00925000
v -0.01275000 -0.01445000 -0.00943300
v -0.00600000 -0.01445000 -0.00950000
v -0.01250000 -0.01445000 -0.00950000
v -0.00550000 -0.01445000 0.00900000
v -0.00600000 -0.01445000 0.00950000
v -0.01250000 -0.01445000 0.00950000
v -0.01275000 -0.01445000 0.00943300
v -0.01293300 -0.01445000 0.00925000
v -0.00715000 -0.01445000 -0.00060600
v -0.00680000 -0.01445000 -0.00070000
v -0.00645000 -0.01445000 -0.00060600
v -0.00550000 -0.01445000 -0.00900000
v -0.00740600 -0.01445000 -0.00035000
v -0.00750000 -0.01445000 0.00000000
v -0.00740600 -0.01445000 0.00035000
v -0.00715000 -0.01445000 0.00060600
v -0.00680000 -0.01445000 0.00070000
v -0.00645000 -0.01445000 0.00060600
v -0.00619400 -0.01445000 0.00035000
v -0.00610000 -0.01445000 0.00000000
v -0.00619400 -0.01445000 -0.00035000
v -0.01293300 -0.00945000 0.00925000
v -0.01275000 -0.00945000 0.00943300
v -0.01250000 -0.00945000 0.00950000
v -0.01250000 -0.00945000 -0.00950000
v -0.01275000 -0.00945000 -0.00943300
v -0.01293300 -0.00945000 -0.00925000
v -0.00600000 -0.00945000 0.00950000
v -0.00600000 -0.00945000 -0.00950000
v -0.01293300 0.01445000 0.00925000
v -0.01275000 0.01445000 0.00943300
v -0.01250000 0.01445000 0.00950000
v -0.00550000 0.01445000 -0.00900000
v -0.01275000 0.01445000 -0.00943300
v -0.01293300 0.01445000 -0.00925000
v -0.00600000 0.01445000 0.00950000
v -0.00750000 0.01445000 -0.00000000
v -0.00740600 0.01445000 0.00035000
v -0.00740600 0.01445000 -0.00035000
v -0.00715000 0.01445000 -0.00060600
v -0.00680000 0.01445000 -0.00070000
v -0.00645000 0.01445000 -0.00060600
v -0.00550000 0.01445000 0.00900000
v -0.00645000 0.01445000 0.00060600
v -0.00680000 0.01445000 0.00070000
v -0.00715000 0.01445000 0.00060600
v -0.00619400 0.01445000 -0.00035000
v -0.00610000 0.01445000 -0.00000000
v -0.00619400 0.01445000 0.00035000
v -0.00550000 -0.00945000 -0.00900000
v -0.00540000 0.00945000 0.00450000
v -0.00530000 0.00945000 0.00450000
v -0.00540000 -0.00945000 0.00450000
v -0.00530000 -0.00945000 0.00450000
v -0.01293300 0.00945000 -0.00925000
v -0.01275000 0.00945000 -0.00943300
v -0.01250000 0.00945000 0.00950000
v -0.01275000 0.00945000 0.00943300
v -0.01293300 0.00945000 0.00925000
v -0.00550000 -0.00945000 0.00900000
v -0.00550000 0.00945000 -0.00900000
v -0.00550000 0.00945000 0.00900000
v -0.00600000 0.00945000 0.00950000
v -0.00527000 0.00531800 -0.00868800
v -0.00527000 0.00561500 -0.00856500
v -0.00527000 0.00586900 -0.00836900
v -0.00527000 0.00606500 -0.00811500
v -0.00527000 0.00618800 -0.00781800
v -0.00527000 0.00622900 -0.00750000
v -0.00527000 0.00618800 -0.00718200
v -0.00527000 0.00606500 -0.00688500
v -0.00527000 0.00586900 -0.00663100
v -0.00527000 0.00561500 -0.00643500
v -0.00527000 0.00531800 -0.00631200
v -0.00527000 0.00500000 -0.00627000
v -0.00527000 0.00468200 -0.00631200
v -0.00527000 0.00438500 -0.00643500
v -0.00527000 0.00413100 -0.00663100
v -0.00527000 0.00393500 -0.00688500
v -0.00527000 0.00381200 -0.00718200
v -0.00527000 0.00377000 -0.00750000
v -0.00527000 0.00381200 -0.00781800
v -0.00527000 0.00393500 -0.00811500
v -0.00527000 0.00413100 -0.00836900
v -0.00527000 0.00438500 -0.00856500
v -0.00527000 0.00468200 -0.00868800
v -0.00527000 0.00500000 -0.00872900
v -0.00527000 -0.00468200 0.00631200
v -0.00527000 -0.00438500 0.00643500
v -0.00527000 -0.00413100 0.00663100
v -0.00527000 -0.00393500 0.00688500
v -0.00527000 -0.00381200 0.00718200
v -0.00527000 -0.00377000 0.00750000
v -0.00527000 -0.00381200 0.00781800
v -0.00527000 -0.00393500 0.00811500
v -0.00527000 -0.00413100 0.00836900
v -0.00527000 -0.00438500 0.00856500
v -0.00527000 -0.00468200 0.00868800
v -0.00527000 -0.00500000 0.00872900
v -0.00527000 -0.00531800 0.00868800
v -0.00527000 -0.00561500 0.00856500
v -0.00527000 -0.00586900 0.00836900
v -0.00527000 -0.00606500 0.00811500
v -0.00527000 -0.00618800 0.00781800
v -0.00527000 -0.00622900 0.00750000
v -0.00527000 -0.00618800 0.00718200
v -0.00527000 -0.00606500 0.00688500
v -0.00527000 -0.00586900 0.00663100
v -0.00527000 -0.00561500 0.00643500
v -0.00527000 -0.00531800 0.00631200
v -0.00527000 -0.00500000 0.00627000
v -0.00527000 0.00531800 0.00631200
v -0.00527000 0.00561500 0.00643500
v -0.00527000 0.00586900 0.00663100
v -0.00527000 0.00606500 0.00688500
v -0.00527000 0.00618800 0.00718200
v -0.00527000 0.00622900 0.00750000
v -0.00527000 0.00618800 0.00781800
v -0.00527000 0.00606500 0.00811500
v -0.00527000 0.00586900 0.00836900
v -0.00527000 0.00561500 0.00856500
v -0.00527000 0.00531800 0.00868800
v -0.00527000 0.00500000 0.00872900
v -0.00527000 0.00468200 0.00868800
v -0.00527000 0.00438500 0.00856500
v -0.00527000 0.00413100 0.00836900
v -0.00527000 0.00393500 0.00811500
v -0.00527000 0.00381200 0.00781800
v -0.00527000 0.00377000 0.00750000
v -0.00527000 0.00381200 0.00718200
v -0.00527000 0.00393500 0.00688500
v -0.00527000 0.00413100 0.00663100
v -0.00527000 0.00438500 0.00643500
v -0.00527000 0.00468200 0.00631200
v -0.00527000 0.00500000 0.00627000
v -0.00527000 -0.00531800 -0.00631200
v -0.00527000 -0.00561500 -0.00643500
v -0.00527000 -0.00586900 -0.00663100
v -0.00527000 -0.00606500 -0.00688500
v -0.00527000 -0.00618800 -0.00718200
v -0.00527000 -0.00622900 -0.00750000
v -0.00527000 -0.00618800 -0.00781800
v -0.00527000 -0.00606500 -0.00811500
v -0.00527000 -0.00586900 -0.00836900
v -0.00527000 -0.00561500 -0.00856500
v -0.00527000 -0.00531800 -0.00868800
v -0.00527000 -0.00500000 -0.00872900
v -0.00527000 -0.00468200 -0.00868800
v -0.00527000 -0.00438500 -0.00856500
v -0.00527000 -0.00413100 -0.00836900
v -0.00527000 -0.00393500 -0.00811500
v -0.00527000 -0.00381200 -0.00781800
v -0.00527000 -0.00377000 -0.00750000
v -0.00527000 -0.00381200 -0.00718200
v -0.00527000 -0.00393500 -0.00688500
v -0.00527000 -0.00413100 -0.00663100
v -0.00527000 -0.00438500 -0.00643500
v -0.00527000 -0.00468200 -0.00631200
v -0.00527000 -0.00500000 -0.00627000
v -0.01550000 0.03095200 0.01031200
v -0.01550000 0.03197600 0.00750000
v -0.01550000 0.03302900 0.00750000
v -0.01550000 0.01234100 0.00750000
v -0.01550000 0.01339400 0.00750000
v -0.01550000 0.01131700 0.01031200
v -0.01550000 0.01441800 0.01031200
v -0.01550000 0.03487900 0.01031200
v -0.01550000 0.03590300 0.00750000
v -0.01550000 0.03695600 0.00750000
v -0.01550000 -0.01137500 0.02393200
v -0.01550000 -0.01238200 0.02292500
v -0.01550000 -0.01275000 0.02155000
v -0.01550000 0.01524400 0.01031200
v -0.01550000 0.01529300 0.01750000
v -0.01550000 0.01416900 0.01774000
v -0.01550000 0.03798000 0.01031200
v -0.01550000 0.03880600 0.01031200
v -0.01550000 0.07450000 0.01750000
v -0.01550000 0.02702500 0.01031200
v -0.01550000 0.02619900 0.01031200
v -0.01550000 0.02309800 0.01031200
v -0.01550000 0.02517500 0.00750000
v -0.01550000 0.02412200 0.00750000
v -0.01550000 0.01324100 0.01841900
v -0.01550000 0.01267200 0.01941800
v -0.01550000 0.00600000 0.02430000
v -0.01550000 0.02019500 0.00750000
v -0.01550000 0.02124800 0.00750000
v -0.01550000 0.01917100 0.01031200
v -0.01550000 0.02227200 0.01031200
v -0.01550000 0.01626800 0.00750000
v -0.01550000 0.01732100 0.00750000
v -0.01550000 0.01834500 0.01031200
v -0.01550000 0.03405300 0.01031200
v -0.01550000 0.04273300 0.01031200
v -0.01550000 0.04375700 0.00750000
v -0.01550000 0.04481000 0.00750000
v -0.01550000 0.01168400 0.02138600
v -0.01550000 0.01013400 0.02294900
v -0.01550000 0.00817400 0.02395400
v -0.01550000 0.02804900 0.00750000
v -0.01550000 0.02910200 0.00750000
v -0.01550000 0.03012600 0.01031200
v -0.01550000 0.04583400 0.01031200
v -0.01550000 0.04666000 0.01031200
v -0.01550000 0.00600000 0.01885000
v -0.01550000 0.00677500 0.01864200
v -0.01550000 0.00734200 0.01807500
v -0.01550000 0.00522500 0.01595800
v -0.01550000 -0.01000000 0.01031200
v -0.01550000 0.00600000 0.01575000
v -0.01550000 0.04190700 0.01031200
v -0.01550000 0.04088300 0.00750000
v -0.01550000 0.03983000 0.00750000
v -0.01550000 0.05058700 0.01031200
v -0.01550000 0.05161100 0.00750000
v -0.01550000 0.05266400 0.00750000
v -0.01550000 0.00755000 0.01730000
v -0.01550000 0.00734200 0.01652500
v -0.01550000 0.00677500 0.01595800
v -0.01550000 -0.00734200 0.01807500
v -0.01550000 -0.00677500 0.01864200
v -0.01550000 -0.01000000 0.02430000
v -0.01550000 -0.00600000 0.01885000
v -0.01550000 -0.00522500 0.01864200
v -0.01550000 -0.00465800 0.01807500
v -0.01550000 -0.00734200 0.01652500
v -0.01550000 -0.01137500 0.01068100
v -0.01550000 -0.00677500 0.01595800
v -0.01550000 -0.00600000 0.01575000
v -0.01550000 -0.00755000 0.01730000
v -0.01550000 -0.01275000 0.01306300
v -0.01550000 -0.01238200 0.01168800
v -0.01550000 0.05368800 0.01031200
v -0.01550000 0.05451400 0.01031200
v -0.01550000 -0.00522500 0.01595800
v -0.01550000 -0.00465800 0.01652500
v -0.01550000 0.00465800 0.01652500
v -0.01550000 -0.00445000 0.01730000
v -0.01550000 0.00445000 0.01730000
v -0.01550000 0.00465800 0.01807500
v -0.01550000 0.00522500 0.01864200
v -0.01550000 0.06154200 0.01031200
v -0.01550000 0.06236800 0.01031200
v -0.01550000 0.04976100 0.01031200
v -0.01550000 0.04873700 0.00750000
v -0.01550000 0.04768400 0.00750000
v -0.01550000 0.05844100 0.01031200
v -0.01550000 0.05946500 0.00750000
v -0.01550000 0.06051800 0.00750000
v -0.01550000 0.05761500 0.01031200
v -0.01550000 0.05659100 0.00750000
v -0.01550000 0.05553800 0.00750000
v -0.01550000 0.06339200 0.00750000
v -0.01550000 0.06444500 0.00750000
v -0.01550000 0.06546900 0.01031200
v -0.01550000 0.06629500 0.01031200
v -0.01550000 0.06731900 0.00750000
v -0.01550000 0.06837200 0.00750000
v -0.01550000 0.06939600 0.01031200
v -0.01550000 0.07022200 0.01031200
v -0.01550000 0.07332300 0.01031200
v -0.01550000 0.07124600 0.00750000
v -0.01550000 0.07229900 0.00750000
v -0.01550000 0.07587500 0.01713200
v -0.01550000 0.07688200 0.01612500
v -0.01550000 0.07725000 0.01475000
v -0.01550000 0.07414900 0.01031200
v -0.01550000 0.07725000 0.01031200
v -0.01550000 0.07517300 0.00750000
v -0.01550000 0.07622600 0.00750000
v -0.01850000 0.01529300 0.01750000
v -0.01850000 0.07450000 0.01750000
v -0.01850000 -0.01275000 0.01306300
v -0.01850000 -0.01275000 0.02155000
v -0.01850000 0.02619900 0.01031200
v -0.01850000 0.02517500 0.00750000
v -0.01850000 0.02412200 0.00750000
v -0.01850000 0.07622600 0.00750000
v -0.01850000 0.07517300 0.00750000
v -0.01850000 0.07725000 0.01031200
v -0.01850000 0.07414900 0.01031200
v -0.01850000 0.07587500 0.01713200
v -0.01850000 0.07332300 0.01031200
v -0.01850000 0.07688200 0.01612500
v -0.01850000 0.07725000 0.01475000
v -0.01850000 0.07229900 0.00750000
v -0.01850000 0.07124600 0.00750000
v -0.01850000 0.07022200 0.01031200
v -0.01850000 0.06939600 0.01031200
v -0.01850000 0.06546900 0.01031200
v -0.01850000 0.06444500 0.00750000
v -0.01850000 0.06339200 0.00750000
v -0.01850000 0.03302900 0.00750000
v -0.01850000 0.03197600 0.00750000
v -0.01850000 0.03405300 0.01031200
v -0.01850000 0.03095200 0.01031200
v -0.01850000 0.02309800 0.01031200
v -0.01850000 0.02227200 0.01031200
v -0.01850000 0.01416900 0.01774000
v -0.01850000 0.01324100 0.01841900
v -0.01850000 0.01732100 0.00750000
v -0.01850000 0.01626800 0.00750000
v -0.01850000 0.01834500 0.01031200
v -0.01850000 0.01524400 0.01031200
v -0.01850000 0.06236800 0.01031200
v -0.01850000 0.06154200 0.01031200
v -0.01850000 0.05761500 0.01031200
v -0.01850000 0.05659100 0.00750000
v -0.01850000 0.05553800 0.00750000
v -0.01850000 0.01013400 0.02294900
v -0.01850000 0.01168400 0.02138600
v -0.01850000 0.00817400 0.02395400
v -0.01850000 0.01267200 0.01941800
v -0.01850000 0.00600000 0.01885000
v -0.01850000 0.00522500 0.01864200
v -0.01850000 0.00600000 0.02430000
v -0.01850000 0.06629500 0.01031200
v -0.01850000 0.06731900 0.00750000
v -0.01850000 0.06837200 0.00750000
v -0.01850000 0.05451400 0.01031200
v -0.01850000 0.05368800 0.01031200
v -0.01850000 0.02702500 0.01031200
v -0.01850000 0.03012600 0.01031200
v -0.01850000 0.02804900 0.00750000
v -0.01850000 0.02910200 0.00750000
v -0.01850000 0.01441800 0.01031200
v -0.01850000 0.01917100 0.01031200
v -0.01850000 0.02019500 0.00750000
v -0.01850000 0.02124800 0.00750000
v -0.01850000 0.05844100 0.01031200
v -0.01850000 0.05946500 0.00750000
v -0.01850000 0.06051800 0.00750000
v -0.01850000 0.04976100 0.01031200
v -0.01850000 0.04873700 0.00750000
v -0.01850000 0.04768400 0.00750000
v -0.01850000 0.04666000 0.01031200
v -0.01850000 0.04583400 0.01031200
v -0.01850000 0.00734200 0.01652500
v -0.01850000 0.00755000 0.01730000
v -0.01850000 0.00734200 0.01807500
v -0.01850000 0.00677500 0.01864200
v -0.01850000 -0.00522500 0.01595800
v -0.01850000 -0.00465800 0.01652500
v -0.01850000 0.00522500 0.01595800
v -0.01850000 0.05058700 0.01031200
v -0.01850000 0.05161100 0.00750000
v -0.01850000 0.05266400 0.00750000
v -0.01850000 0.00677500 0.01595800
v -0.01850000 0.01131700 0.01031200
v -0.01850000 0.01234100 0.00750000
v -0.01850000 0.01339400 0.00750000
v -0.01850000 -0.00734200 0.01807500
v -0.01850000 -0.00755000 0.01730000
v -0.01850000 -0.00734200 0.01652500
v -0.01850000 0.04190700 0.01031200
v -0.01850000 0.04088300 0.00750000
v -0.01850000 0.03983000 0.00750000
v -0.01850000 -0.00600000 0.01575000
v -0.01850000 -0.01000000 0.01031200
v -0.01850000 0.00600000 0.01575000
v -0.01850000 -0.01238200 0.02292500
v -0.01850000 -0.01137500 0.02393200
v -0.01850000 -0.00677500 0.01864200
v -0.01850000 -0.01000000 0.02430000
v -0.01850000 -0.00600000 0.01885000
v -0.01850000 -0.01238200 0.01168800
v -0.01850000 -0.01137500 0.01068100
v -0.01850000 -0.00677500 0.01595800
v -0.01850000 0.03880600 0.01031200
v -0.01850000 0.03798000 0.01031200
v -0.01850000 -0.00465800 0.01807500
v -0.01850000 0.00465800 0.01807500
v -0.01850000 -0.00445000 0.01730000
v -0.01850000 0.00445000 0.01730000
v -0.01850000 0.00465800 0.01652500
v -0.01850000 -0.00522500 0.01864200
v -0.01850000 0.04273300 0.01031200
v -0.01850000 0.04375700 0.00750000
v -0.01850000 0.04481000 0.00750000
v -0.01850000 0.03695600 0.00750000
v -0.01850000 0.03590300 0.00750000
v -0.01850000 0.03487900 0.01031200
v 0.00000000 -0.00813200 -0.00288200
v 0.00000000 -0.01200000 -0.00288200
v 0.00000000 -0.01200000 -0.01061800
v -0.00000000 0.00763200 0.00109500
v -0.00000000 0.00809500 0.00063200
v -0.00000000 0.00813200 0.00288200
v -0.00000000 0.00205000 0.01100000
v -0.00000000 -0.00000000 0.01100000
v -0.00000000 -0.00000000 0.01061800
v 0.00000000 -0.00464300 0.01283300
v 0.00000000 -0.00514600 0.01367700
v 0.00000000 -0.00536800 0.01061800
v -0.00000000 0.01141400 -0.01441400
v -0.00000000 0.01184800 -0.01376500
v -0.00000000 0.01200000 -0.01300000
v -0.00000000 0.01000000 0.02100000
v -0.00000000 0.00813200 0.02100000
v -0.00000000 0.00813200 0.01638200
v 0.00000000 -0.01141400 0.02041400
v 0.00000000 -0.01184800 0.01976500
v 0.00000000 -0.01200000 0.01900000
v 0.00000000 -0.00813200 0.02100000
v 0.00000000 -0.01000000 0.02100000
v 0.00000000 -0.00813200 0.01638200
v 0.00000000 -0.01076500 0.02084800
v -0.00000000 0.01076500 0.02084800
v -0.00000000 0.01141400 0.02041400
v -0.00000000 0.01184800 0.01976500
v -0.00000000 0.01200000 0.01900000
v -0.00000000 0.01076500 -0.01484800
v -0.00000000 0.00826400 -0.01200000
v -0.00000000 0.01000000 -0.01500000
v -0.00000000 0.00809500 -0.01263200
v -0.00000000 0.00813200 -0.01500000
v 0.00000000 -0.00205000 0.01100000
v 0.00000000 -0.00288300 0.01112900
v 0.00000000 -0.00363800 0.01150500
v 0.00000000 -0.00424400 0.01209100
v -0.00000000 0.00536800 0.01061800
v -0.00000000 0.00514600 0.01367700
v -0.00000000 0.00464300 0.01283300
v -0.00000000 0.00424400 0.01209100
v -0.00000000 0.00363800 0.01150500
v -0.00000000 0.00288300 0.01112900
v -0.00000000 0.00636800 0.01090500
v -0.00000000 0.00700000 0.01073500
v -0.00000000 0.00813200 0.01061800
v -0.00000000 0.00763200 0.01090500
v -0.00000000 0.00590500 0.01136800
v -0.00000000 0.00573500 0.01200000
v -0.00000000 0.00590500 0.01263200
v -0.00000000 0.00593500 0.01426200
v -0.00000000 0.00636800 0.01309500
v -0.00000000 0.00678600 0.01488600
v -0.00000000 0.00700000 0.01326400
v -0.00000000 0.00733900 0.01578400
v -0.00000000 0.00763200 0.01309500
v -0.00000000 0.00809500 0.01263200
v -0.00000000 0.00536800 0.02100000
v -0.00000000 0.00579900 0.01929800
v -0.00000000 0.00668200 0.01872100
v -0.00000000 0.00728300 0.01785400
v -0.00000000 0.00751300 0.01682400
v 0.00000000 -0.00536800 0.02100000
v 0.00000000 -0.00476400 0.01950000
v -0.00000000 -0.00000000 0.02100000
v -0.00000000 -0.00000000 0.01950000
v -0.00000000 0.00476400 0.01950000
v 0.00000000 -0.00668200 0.01872100
v 0.00000000 -0.00579900 0.01929800
v 0.00000000 -0.00809500 0.01263200
v 0.00000000 -0.00763200 0.01309500
v 0.00000000 -0.00590500 0.01136800
v 0.00000000 -0.00636800 0.01090500
v 0.00000000 -0.00700000 0.01073500
v 0.00000000 -0.00813200 0.01061800
v 0.00000000 -0.00763200 0.01090500
v 0.00000000 -0.00809500 0.01136800
v 0.00000000 -0.00573500 0.01200000
v 0.00000000 -0.00590500 0.01263200
v 0.00000000 -0.00636800 0.01309500
v 0.00000000 -0.00593500 0.01426200
v 0.00000000 -0.00700000 0.01326400
v 0.00000000 -0.00678600 0.01488600
v 0.00000000 -0.00733900 0.01578400
v 0.00000000 -0.00751300 0.01682400
v 0.00000000 -0.00728300 0.01785400
v 0.00000000 -0.00500000 -0.00000000
v 0.00000000 -0.00479700 0.00140900
v 0.00000000 -0.00536800 0.00288200
v 0.00000000 -0.00536800 -0.00288200
v 0.00000000 -0.00420600 -0.00270300
v 0.00000000 -0.00479700 -0.00140900
v 0.00000000 0.00000000 -0.01061800
v 0.00000000 -0.00231500 -0.00883700
v 0.00000000 -0.00297900 -0.00971700
v 0.00000000 -0.00500000 -0.00450000
v 0.00000000 -0.00444900 -0.00455100
v 0.00000000 -0.00327400 -0.00377900
v 0.00000000 -0.00342100 -0.00494900
v 0.00000000 -0.00207700 -0.00454800
v 0.00000000 -0.00260600 -0.00569200
v 0.00000000 -0.00071200 -0.00494900
v 0.00000000 -0.00211500 -0.00667900
v 0.00000000 -0.00201300 -0.00777700
v -0.00000000 0.00420600 -0.00270300
v -0.00000000 0.00327400 -0.00377900
v -0.00000000 0.00342100 -0.00494900
v -0.00000000 0.00260600 -0.00569200
v -0.00000000 0.00207700 -0.00454800
v -0.00000000 0.00071200 -0.00494900
v -0.00000000 0.00211500 -0.00667900
v -0.00000000 0.00201300 -0.00777700
v -0.00000000 0.00231500 -0.00883700
v -0.00000000 0.00297900 -0.00971700
v -0.00000000 0.00536800 0.00288200
v -0.00000000 0.00420600 0.00270300
v -0.00000000 0.00479700 0.00140900
v -0.00000000 0.00444900 -0.00455100
v -0.00000000 0.00536800 -0.00288200
v -0.00000000 0.00479700 -0.00140900
v -0.00000000 0.00500000 0.00000000
v -0.00000000 0.00260600 0.00930800
v -0.00000000 0.00342100 0.01005100
v -0.00000000 0.00391600 0.00470300
v -0.00000000 0.00297900 0.00528300
v -0.00000000 0.00207700 0.00454800
v -0.00000000 0.00071200 0.00494900
v -0.00000000 0.00444900 0.01044900
v -0.00000000 0.00231500 0.00616300
v -0.00000000 0.00201300 0.00722300
v -0.00000000 0.00211500 0.00832100
v 0.00000000 -0.00444900 0.01044900
v 0.00000000 -0.00342100 0.01005100
v 0.00000000 -0.00555100 0.01044900
v 0.00000000 -0.00500000 0.01050000
v 0.00000000 -0.00260600 0.00930800
v 0.00000000 -0.00211500 0.00832100
v 0.00000000 -0.00201300 0.00722300
v 0.00000000 -0.00231500 0.00616300
v 0.00000000 -0.00500000 0.00450000
v 0.00000000 -0.00420600 0.00270300
v 0.00000000 -0.00391600 0.00470300
v 0.00000000 -0.00327400 0.00377900
v 0.00000000 -0.00297900 0.00528300
v 0.00000000 -0.00207700 0.00454800
v 0.00000000 -0.00071200 0.00494900
v 0.00000000 -0.00590500 0.00063200
v 0.00000000 -0.00573500 0.00000000
v 0.00000000 -0.00700000 -0.00126400
v 0.00000000 -0.00636800 -0.00109500
v 0.00000000 -0.00590500 -0.00063200
v 0.00000000 -0.00809500 0.00063200
v 0.00000000 -0.00763200 0.00109500
v 0.00000000 -0.00813200 0.00288200
v 0.00000000 -0.00700000 0.00126400
v 0.00000000 -0.00636800 0.00109500
v 0.00000000 -0.00763200 -0.00109500
v 0.00000000 -0.00809500 -0.00063200
v 0.00000000 -0.00826400 -0.00000000
v 0.00000000 -0.01200000 0.00288200
v -0.00000000 0.00763200 -0.01309500
v -0.00000000 0.00700000 -0.01326400
v -0.00000000 0.00536800 -0.01500000
v -0.00000000 0.00636800 -0.01309500
v -0.00000000 0.00590500 -0.01263200
v -0.00000000 0.00536800 -0.01061800
v -0.00000000 0.00573500 -0.01200000
v -0.00000000 0.00590500 -0.01136800
v -0.00000000 0.00636800 -0.01090500
v -0.00000000 0.00700000 -0.01073500
v -0.00000000 0.00813200 -0.01061800
v -0.00000000 0.00763200 -0.01090500
v -0.00000000 0.00809500 -0.01136800
v -0.00000000 0.01200000 0.01638200
v -0.00000000 0.01200000 0.01061800
v -0.00000000 0.00826400 0.01200000
v -0.00000000 0.00809500 0.01136800
v -0.00000000 0.00763200 -0.00109500
v -0.00000000 0.00700000 -0.00126400
v -0.00000000 0.00813200 -0.00288200
v -0.00000000 0.00636800 -0.00109500
v -0.00000000 0.00590500 -0.00063200
v -0.00000000 0.00573500 -0.00000000
v -0.00000000 0.00590500 0.00063200
v -0.00000000 0.00636800 0.00109500
v -0.00000000 0.00700000 0.00126400
v -0.00000000 0.00809500 -0.00063200
v -0.00000000 0.01200000 -0.00288200
v -0.00000000 0.00826400 0.00000000
v -0.00000000 0.01200000 0.00288200
v 0.00000000 -0.00573500 -0.01200000
v 0.00000000 -0.00590500 -0.01263200
v 0.00000000 -0.00536800 -0.01500000
v 0.00000000 -0.00636800 -0.01309500
v 0.00000000 -0.00813200 -0.01500000
v 0.00000000 -0.00700000 -0.01326400
v 0.00000000 -0.00763200 -0.01309500
v 0.00000000 -0.00809500 -0.01263200
v 0.00000000 -0.01000000 -0.01500000
v 0.00000000 -0.00826400 -0.01200000
v 0.00000000 -0.01076500 -0.01484800
v 0.00000000 -0.00809500 -0.01136800
v 0.00000000 -0.00763200 -0.01090500
v 0.00000000 -0.00813200 -0.01061800
v 0.00000000 -0.00700000 -0.01073500
v 0.00000000 -0.00536800 -0.01061800
v 0.00000000 -0.00636800 -0.01090500
v 0.00000000 -0.00590500 -0.01136800
v 0.00000000 -0.01200000 0.01638200
v 0.00000000 -0.01200000 0.01061800
v 0.00000000 -0.00826400 0.01200000
v 0.00000000 -0.00657900 0.01005100
v 0.00000000 -0.00739400 0.00930800
v 0.00000000 -0.00608400 0.00470300
v 0.00000000 -0.00702100 0.00528300
v 0.00000000 -0.00768500 0.00616300
v 0.00000000 -0.00798700 0.00722300
v 0.00000000 -0.00788500 0.00832100
v -0.00000000 0.00500000 -0.00450000
v -0.00000000 0.00555100 -0.00455100
v -0.00000000 0.00657900 -0.00494900
v -0.00000000 0.00739400 -0.00569200
v -0.00000000 0.00788500 -0.00667900
v -0.00000000 0.00798700 -0.00777700
v -0.00000000 0.00768500 -0.00883700
v -0.00000000 0.00702100 -0.00971700
v -0.00000000 0.00608400 -0.01029700
v -0.00000000 0.00500000 -0.01050000
v -0.00000000 0.00391600 -0.01029700
v 0.00000000 -0.00768500 -0.00883700
v 0.00000000 -0.00798700 -0.00777700
v 0.00000000 -0.00391600 -0.01029700
v 0.00000000 -0.00500000 -0.01050000
v 0.00000000 -0.00608400 -0.01029700
v 0.00000000 -0.00702100 -0.00971700
v 0.00000000 -0.00788500 -0.00667900
v 0.00000000 -0.00739400 -0.00569200
v 0.00000000 -0.00657900 -0.00494900
v 0.00000000 -0.00555100 -0.00455100
v -0.00000000 0.00500000 0.01050000
v -0.00000000 0.00555100 0.01044900
v -0.00000000 0.00657900 0.01005100
v -0.00000000 0.00739400 0.00930800
v -0.00000000 0.00788500 0.00832100
v -0.00000000 0.00798700 0.00722300
v -0.00000000 0.00768500 0.00616300
v -0.00000000 0.00327400 0.00377900
v -0.00000000 0.00500000 0.00450000
v -0.00000000 0.00608400 0.00470300
v -0.00000000 0.00702100 0.00528300
v -0.00000000 0.01200000 -0.01061800
v 0.00000000 -0.01141400 -0.01441400
v 0.00000000 -0.01184800 -0.01376500
v 0.00000000 -0.01200000 -0.01300000
v 0.00000000 0.00000000 -0.01500000
v -0.00700000 -0.01000000 -0.01500000
v -0.00700000 0.01000000 -0.01500000
v -0.00500000 0.00809500 0.00063200
v -0.00500000 0.00763200 0.00109500
v -0.00500000 0.00740700 0.00313200
v -0.00500000 -0.00809500 -0.00063200
v -0.00500000 -0.00763200 -0.00109500
v -0.00500000 -0.00740700 -0.00313200
v -0.00500000 -0.00577500 0.00615800
v -0.00500000 -0.00500000 0.00595000
v -0.00500000 -0.00536800 0.00547500
v -0.00500000 0.01182100 0.01127300
v -0.00500000 0.01200000 0.01210000
v -0.00500000 0.01200000 0.01057500
v -0.00500000 0.01000000 -0.01010000
v -0.00500000 0.00740700 -0.01010000
v -0.00500000 0.00740700 -0.00547500
v -0.00500000 0.00577500 -0.00615800
v -0.00500000 0.00500000 -0.00595000
v -0.00500000 0.00536800 -0.00547500
v -0.00500000 -0.01000000 0.01010000
v -0.00500000 -0.00740700 0.01010000
v -0.00500000 -0.00740700 0.00547500
v -0.00500000 -0.01057600 0.01018500
v -0.00500000 -0.01200000 0.00547500
v -0.00500000 -0.01131700 0.01059400
v -0.00500000 -0.01200000 0.01057500
v -0.00500000 -0.01182100 0.01127300
v -0.00500000 -0.01200000 0.01210000
v -0.00500000 -0.01200000 -0.01210000
v -0.00500000 -0.01200000 -0.00547500
v -0.00500000 -0.01184800 -0.01133500
v -0.00500000 -0.01141400 -0.01068600
v -0.00500000 -0.00740700 -0.01010000
v -0.00500000 -0.01000000 -0.01010000
v -0.00500000 -0.01076500 -0.01025200
v -0.00500000 -0.00634200 -0.00827500
v -0.00500000 -0.00577500 -0.00884200
v -0.00500000 -0.00500000 -0.00595000
v -0.00500000 -0.00577500 -0.00615800
v -0.00500000 -0.00740700 -0.00547500
v -0.00500000 -0.00634200 -0.00672500
v -0.00500000 -0.00655000 -0.00750000
v -0.00500000 -0.00536800 -0.01010000
v -0.00500000 -0.00500000 -0.00905000
v -0.00500000 -0.00000000 -0.01010000
v -0.00500000 -0.00000000 -0.00547500
v -0.00500000 -0.00365800 -0.00672500
v -0.00500000 -0.00422500 -0.00615800
v -0.00500000 -0.00536800 -0.00547500
v -0.00500000 -0.00422500 -0.00884200
v -0.00500000 -0.00365800 -0.00827500
v -0.00500000 -0.00345000 -0.00750000
v -0.00500000 0.00422500 -0.00615800
v -0.00500000 0.00365800 -0.00672500
v -0.00500000 0.00345000 -0.00750000
v -0.00500000 0.00365800 -0.00827500
v -0.00500000 0.00422500 -0.00884200
v -0.00500000 0.00536800 -0.01010000
v -0.00500000 0.00500000 -0.00905000
v -0.00500000 0.00577500 -0.00884200
v -0.00500000 0.00634200 -0.00827500
v -0.00500000 0.00655000 -0.00750000
v -0.00500000 0.00634200 -0.00672500
v -0.00500000 0.01200000 -0.01210000
v -0.00500000 0.01184800 -0.01133500
v -0.00500000 0.01200000 -0.00547500
v -0.00500000 0.01141400 -0.01068600
v -0.00500000 0.01076500 -0.01025200
v -0.00500000 0.00740700 0.01010000
v -0.00500000 0.01000000 0.01010000
v -0.00500000 0.01200000 0.00547500
v -0.00500000 0.01057600 0.01018500
v -0.00500000 0.01131700 0.01059400
v -0.00500000 0.00500000 0.00595000
v -0.00500000 0.00577500 0.00615800
v -0.00500000 0.00740700 0.00547500
v -0.00500000 0.00634200 0.00672500
v -0.00500000 0.00655000 0.00750000
v -0.00500000 0.00422500 0.00884200
v -0.00500000 -0.00000000 0.01010000
v -0.00500000 0.00500000 0.00905000
v -0.00500000 0.00536800 0.01010000
v -0.00500000 0.00577500 0.00884200
v -0.00500000 0.00634200 0.00827500
v -0.00500000 0.00365800 0.00827500
v -0.00500000 0.00345000 0.00750000
v -0.00500000 -0.00000000 0.00547500
v -0.00500000 0.00365800 0.00672500
v -0.00500000 0.00422500 0.00615800
v -0.00500000 0.00536800 0.00547500
v -0.00500000 -0.00422500 0.00615800
v -0.00500000 -0.00365800 0.00672500
v -0.00500000 -0.00345000 0.00750000
v -0.00500000 -0.00365800 0.00827500
v -0.00500000 -0.00422500 0.00884200
v -0.00500000 -0.00536800 0.01010000
v -0.00500000 -0.00500000 0.00905000
v -0.00500000 -0.00577500 0.00884200
v -0.00500000 -0.00634200 0.00827500
v -0.00500000 -0.00655000 0.00750000
v -0.00500000 -0.00634200 0.00672500
v -0.00500000 -0.00536800 -0.00313200
v -0.00500000 -0.00536800 0.00313200
v -0.00500000 -0.00500000 -0.00000000
v -0.00500000 -0.00479700 0.00140900
v -0.00500000 -0.00071200 0.00494900
v -0.00500000 -0.00207700 0.00454800
v -0.00500000 -0.00327400 0.00377900
v -0.00500000 -0.00420600 0.00270300
v -0.00500000 0.00207700 0.00454800
v -0.00500000 0.00071200 0.00494900
v -0.00500000 0.00500000 0.00000000
v -0.00500000 0.00479700 0.00140900
v -0.00500000 0.00536800 0.00313200
v -0.00500000 0.00420600 0.00270300
v -0.00500000 0.00327400 0.00377900
v -0.00500000 0.00071200 -0.00494900
v -0.00500000 0.00207700 -0.00454800
v -0.00500000 0.00327400 -0.00377900
v -0.00500000 0.00536800 -0.00313200
v -0.00500000 0.00420600 -0.00270300
v -0.00500000 0.00479700 -0.00140900
v -0.00500000 -0.00207700 -0.00454800
v -0.00500000 -0.00071200 -0.00494900
v -0.00500000 -0.00479700 -0.00140900
v -0.00500000 -0.00420600 -0.00270300
v -0.00500000 -0.00327400 -0.00377900
v -0.00500000 -0.00700000 -0.00126400
v -0.00500000 -0.00636800 -0.00109500
v -0.00500000 -0.00590500 -0.00063200
v -0.00500000 -0.00573500 0.00000000
v -0.00500000 -0.00590500 0.00063200
v -0.00500000 -0.00636800 0.00109500
v -0.00500000 -0.00700000 0.00126400
v -0.00500000 -0.00740700 0.00313200
v -0.00500000 -0.00826400 -0.00000000
v -0.00500000 -0.01200000 -0.00313200
v -0.00500000 -0.00809500 0.00063200
v -0.00500000 -0.01200000 0.00313200
v -0.00500000 -0.00763200 0.00109500
v -0.00500000 0.00636800 -0.00109500
v -0.00500000 0.00700000 -0.00126400
v -0.00500000 0.00740700 -0.00313200
v -0.00500000 0.00636800 0.00109500
v -0.00500000 0.00590500 0.00063200
v -0.00500000 0.00573500 -0.00000000
v -0.00500000 0.00590500 -0.00063200
v -0.00500000 0.00700000 0.00126400
v -0.00500000 0.00826400 0.00000000
v -0.00500000 0.01200000 0.00313200
v -0.00500000 0.00809500 -0.00063200
v -0.00500000 0.01200000 -0.00313200
v -0.00500000 0.00763200 -0.00109500
v -0.00300000 0.00500000 0.00595000
v -0.00300000 0.00422500 0.00615800
v -0.00300000 0.00365800 0.00672500
v -0.00300000 0.00345000 0.00750000
v -0.00300000 0.00365800 0.00827500
v -0.00300000 0.00422500 0.00884200
v -0.00300000 0.00500000 0.00905000
v -0.00300000 0.00577500 0.00884200
v -0.00300000 0.00634200 0.00827500
v -0.00300000 0.00655000 0.00750000
v -0.00300000 0.00634200 0.00672500
v -0.00300000 0.00577500 0.00615800
v -0.00300000 0.00500000 0.00450000
v -0.00300000 0.00391600 0.00470300
v -0.00300000 0.00297900 0.00528300
v -0.00300000 0.00231500 0.00616300
v -0.00300000 0.00201300 0.00722300
v -0.00300000 0.00211500 0.00832100
v -0.00300000 0.00260600 0.00930800
v -0.00300000 0.00342100 0.01005100
v -0.00300000 0.00444900 0.01044900
v -0.00300000 0.00500000 0.01050000
v -0.00300000 0.00555100 0.01044900
v -0.00300000 0.00657900 0.01005100
v -0.00300000 0.00739400 0.00930800
v -0.00300000 0.00788500 0.00832100
v -0.00300000 0.00798700 0.00722300
v -0.00300000 0.00768500 0.00616300
v -0.00300000 0.00702100 0.00528300
v -0.00300000 0.00608400 0.00470300
v -0.00300000 -0.00500000 -0.00905000
v -0.00300000 -0.00577500 -0.00884200
v -0.00300000 -0.00634200 -0.00827500
v -0.00300000 -0.00655000 -0.00750000
v -0.00300000 -0.00634200 -0.00672500
v -0.00300000 -0.00577500 -0.00615800
v -0.00300000 -0.00500000 -0.00595000
v -0.00300000 -0.00422500 -0.00615800
v -0.00300000 -0.00365800 -0.00672500
v -0.00300000 -0.00345000 -0.00750000
v -0.00300000 -0.00365800 -0.00827500
v -0.00300000 -0.00422500 -0.00884200
v -0.00300000 -0.00500000 -0.01050000
v -0.00300000 -0.00608400 -0.01029700
v -0.00300000 -0.00702100 -0.00971700
v -0.00300000 -0.00768500 -0.00883700
v -0.00300000 -0.00798700 -0.00777700
v -0.00300000 -0.00788500 -0.00667900
v -0.00300000 -0.00739400 -0.00569200
v -0.00300000 -0.00657900 -0.00494900
v -0.00300000 -0.00555100 -0.00455100
v -0.00300000 -0.00500000 -0.00450000
v -0.00300000 -0.00444900 -0.00455100
v -0.00300000 -0.00342100 -0.00494900
v -0.00300000 -0.00260600 -0.00569200
v -0.00300000 -0.00211500 -0.00667900
v -0.00300000 -0.00201300 -0.00777700
v -0.00300000 -0.00231500 -0.00883700
v -0.00300000 -0.00297900 -0.00971700
v -0.00300000 -0.00391600 -0.01029700
v -0.00300000 0.00500000 -0.00905000
v -0.00300000 0.00422500 -0.00884200
v -0.00300000 0.00365800 -0.00827500
v -0.00300000 0.00345000 -0.00750000
v -0.00300000 0.00365800 -0.00672500
v -0.00300000 0.00422500 -0.00615800
v -0.00300000 0.00500000 -0.00595000
v -0.00300000 0.00577500 -0.00615800
v -0.00300000 0.00634200 -0.00672500
v -0.00300000 0.00655000 -0.00750000
v -0.00300000 0.00634200 -0.00827500
v -0.00300000 0.00577500 -0.00884200
v -0.00300000 0.00500000 -0.01050000
v -0.00300000 0.00391600 -0.01029700
v -0.00300000 0.00297900 -0.00971700
v -0.00300000 0.00231500 -0.00883700
v -0.00300000 0.00201300 -0.00777700
v -0.00300000 0.00211500 -0.00667900
v -0.00300000 0.00260600 -0.00569200
v -0.00300000 0.00342100 -0.00494900
v -0.00300000 0.00444900 -0.00455100
v -0.00300000 0.00500000 -0.00450000
v -0.00300000 0.00555100 -0.00455100
v -0.00300000 0.00657900 -0.00494900
v -0.00300000 0.00739400 -0.00569200
v -0.00300000 0.00788500 -0.00667900
v -0.00300000 0.00798700 -0.00777700
v -0.00300000 0.00768500 -0.00883700
v -0.00300000 0.00702100 -0.00971700
v -0.00300000 0.00608400 -0.01029700
v -0.00300000 -0.00500000 0.00595000
v -0.00300000 -0.00577500 0.00615800
v -0.00300000 -0.00634200 0.00672500
v -0.00300000 -0.00655000 0.00750000
v -0.00300000 -0.00634200 0.00827500
v -0.00300000 -0.00577500 0.00884200
v -0.00300000 -0.00500000 0.00905000
v -0.00300000 -0.00422500 0.00884200
v -0.00300000 -0.00365800 0.00827500
v -0.00300000 -0.00345000 0.00750000
v -0.00300000 -0.00365800 0.00672500
v -0.00300000 -0.00422500 0.00615800
v -0.00300000 -0.00500000 0.00450000
v -0.00300000 -0.00608400 0.00470300
v -0.00300000 -0.00702100 0.00528300
v -0.00300000 -0.00768500 0.00616300
v -0.00300000 -0.00798700 0.00722300
v -0.00300000 -0.00788500 0.00832100
v -0.00300000 -0.00739400 0.00930800
v -0.00300000 -0.00657900 0.01005100
v -0.00300000 -0.00555100 0.01044900
v -0.00300000 -0.00500000 0.01050000
v -0.00300000 -0.00444900 0.01044900
v -0.00300000 -0.00342100 0.01005100
v -0.00300000 -0.00260600 0.00930800
v -0.00300000 -0.00211500 0.00832100
v -0.00300000 -0.00201300 0.00722300
v -0.00300000 -0.00231500 0.00616300
v -0.00300000 -0.00297900 0.00528300
v -0.00300000 -0.00391600 0.00470300
v -0.01000000 -0.00590500 0.01263200
v -0.01000000 -0.00636800 0.01309500
v -0.01000000 -0.00700000 0.01200000
v -0.01000000 -0.00700000 0.01326400
v -0.01000000 -0.00763200 0.01309500
v -0.01000000 -0.00636800 0.01090500
v -0.01000000 -0.00590500 0.01136800
v -0.01000000 -0.00573500 0.01200000
v -0.01000000 -0.00809500 0.01136800
v -0.01000000 -0.00763200 0.01090500
v -0.01000000 -0.00700000 0.01073500
v -0.01000000 -0.00809500 0.01263200
v -0.01000000 -0.00826400 0.01200000
v -0.00700000 -0.00700000 -0.01326400
v -0.00700000 -0.00763200 -0.01309500
v -0.00700000 -0.00809500 -0.01263200
v -0.00700000 -0.00826400 -0.01200000
v -0.00700000 -0.00809500 -0.01136800
v -0.00700000 -0.00763200 -0.01090500
v -0.00700000 -0.00700000 -0.01073500
v -0.00700000 -0.00636800 -0.01090500
v -0.00700000 -0.00590500 -0.01136800
v -0.00700000 -0.00573500 -0.01200000
v -0.00700000 -0.00590500 -0.01263200
v -0.00700000 -0.00636800 -0.01309500
v -0.01000000 0.00809500 0.01263200
v -0.01000000 0.00763200 0.01309500
v -0.01000000 0.00700000 0.01200000
v -0.01000000 0.00700000 0.01326400
v -0.01000000 0.00636800 0.01309500
v -0.01000000 0.00763200 0.01090500
v -0.01000000 0.00809500 0.01136800
v -0.01000000 0.00826400 0.01200000
v -0.01000000 0.00590500 0.01136800
v -0.01000000 0.00636800 0.01090500
v -0.01000000 0.00700000 0.01073500
v -0.01000000 0.00590500 0.01263200
v -0.01000000 0.00573500 0.01200000
v -0.00700000 0.00700000 -0.01326400
v -0.00700000 0.00636800 -0.01309500
v -0.00700000 0.00590500 -0.01263200
v -0.00700000 0.00573500 -0.01200000
v -0.00700000 0.00590500 -0.01136800
v -0.00700000 0.00636800 -0.01090500
v -0.00700000 0.00700000 -0.01073500
v -0.00700000 0.00763200 -0.01090500
v -0.00700000 0.00809500 -0.01136800
v -0.00700000 0.00826400 -0.01200000
v -0.00700000 0.00809500 -0.01263200
v -0.00700000 0.00763200 -0.01309500
v -0.01550000 -0.01000000 0.02100000
v -0.01550000 -0.01076500 0.02084800
v -0.01550000 -0.01141400 0.02041400
v -0.01550000 -0.01184800 0.01976500
v -0.01550000 -0.01200000 0.01900000
v -0.01550000 0.01000000 0.02100000
v -0.01550000 0.01200000 0.01900000
v -0.01550000 0.01184800 0.01976500
v -0.01550000 0.01141400 0.02041400
v -0.01550000 0.01076500 0.02084800
v -0.00700000 -0.01200000 -0.01300000
v -0.00700000 -0.01184800 -0.01376500
v -0.00700000 -0.01141400 -0.01441400
v -0.00700000 -0.01076500 -0.01484800
v -0.00700000 0.01141400 -0.01068600
v -0.00700000 0.01184800 -0.01133500
v -0.00700000 0.01200000 -0.01210000
v -0.00700000 -0.01200000 -0.01210000
v -0.00700000 -0.01184800 -0.01133500
v -0.00700000 0.01000000 -0.01010000
v -0.00700000 0.01076500 -0.01025200
v -0.00700000 -0.01000000 -0.01010000
v -0.00700000 -0.01076500 -0.01025200
v -0.00700000 -0.01141400 -0.01068600
v -0.00700000 0.01076500 -0.01484800
v -0.00700000 0.01141400 -0.01441400
v -0.00700000 0.01184800 -0.01376500
v -0.00700000 0.01200000 -0.01300000
v -0.01550000 -0.01200000 0.01210000
v -0.01550000 0.01200000 0.01210000
v -0.00550000 0.00709500 0.01666800
v -0.00550000 0.00663200 0.01620500
v -0.00550000 0.00600000 0.01730000
v -0.00550000 0.00600000 0.01603600
v -0.00550000 0.00536800 0.01620500
v -0.00550000 0.00663200 0.01839500
v -0.00550000 0.00709500 0.01793200
v -0.00550000 0.00726500 0.01730000
v -0.00550000 0.00490500 0.01793200
v -0.00550000 0.00536800 0.01839500
v -0.00550000 0.00600000 0.01856400
v -0.00550000 0.00490500 0.01666800
v -0.00550000 0.00473600 0.01730000
v -0.01550000 0.00600000 0.01856400
v -0.01550000 0.00536800 0.01839500
v -0.01550000 0.00490500 0.01793200
v -0.01550000 0.00473600 0.01730000
v -0.01550000 0.00490500 0.01666800
v -0.01550000 0.00536800 0.01620500
v -0.01550000 0.00600000 0.01603600
v -0.01550000 0.00663200 0.01620500
v -0.01550000 0.00709500 0.01666800
v -0.01550000 0.00726500 0.01730000
v -0.01550000 0.00709500 0.01793200
v -0.01550000 0.00663200 0.01839500
v -0.00550000 -0.00490500 0.01666800
v -0.00550000 -0.00536800 0.01620500
v -0.00550000 -0.00600000 0.01730000
v -0.00550000 -0.00600000 0.01603600
v -0.00550000 -0.00663200 0.01620500
v -0.00550000 -0.00536800 0.01839500
v -0.00550000 -0.00490500 0.01793200
v -0.00550000 -0.00473600 0.01730000
v -0.00550000 -0.00709500 0.01793200
v -0.00550000 -0.00663200 0.01839500
v -0.00550000 -0.00600000 0.01856400
v -0.00550000 -0.00709500 0.01666800
v -0.00550000 -0.00726500 0.01730000
v -0.01550000 -0.00600000 0.01856400
v -0.01550000 -0.00663200 0.01839500
v -0.01550000 -0.00709500 0.01793200
v -0.01550000 -0.00726500 0.01730000
v -0.01550000 -0.00709500 0.01666800
v -0.01550000 -0.00663200 0.01620500
v -0.01550000 -0.00600000 0.01603600
v -0.01550000 -0.00536800 0.01620500
v -0.01550000 -0.00490500 0.01666800
v -0.01550000 -0.00473600 0.01730000
v -0.01550000 -0.00490500 0.01793200
v -0.01550000 -0.00536800 0.01839500
v -0.00500000 -0.00593500 0.01426200
v -0.00500000 -0.00678600 0.01488600
v -0.00500000 -0.00733900 0.01578400
v -0.00500000 -0.00751300 0.01682400
v -0.00500000 -0.00728300 0.01785400
v -0.00500000 -0.00668200 0.01872100
v -0.00500000 -0.00579900 0.01929800
v -0.00500000 -0.00476400 0.01950000
v -0.00500000 0.00476400 0.01950000
v -0.00500000 0.00579900 0.01929800
v -0.00500000 0.00668200 0.01872100
v -0.00500000 0.00728300 0.01785400
v -0.00500000 0.00751300 0.01682400
v -0.00500000 0.00733900 0.01578400
v -0.00500000 0.00678600 0.01488600
v -0.00500000 0.00593500 0.01426200
v -0.00500000 0.00514600 0.01367700
v -0.00500000 0.00464300 0.01283300
v -0.00500000 0.00205000 0.01100000
v -0.00500000 0.00288300 0.01112900
v -0.00500000 0.00363800 0.01150500
v -0.00500000 0.00424400 0.01209100
v -0.00500000 -0.00205000 0.01100000
v -0.00500000 -0.00514600 0.01367700
v -0.00500000 -0.00464300 0.01283300
v -0.00500000 -0.00424400 0.01209100
v -0.00500000 -0.00363800 0.01150500
v -0.00500000 -0.00288300 0.01112900
v -0.01050000 0.01000000 0.01010000
v -0.01050000 -0.01000000 0.01010000
v -0.01550000 0.00531000 0.01410000
v -0.01050000 0.00531000 0.01410000
v -0.01550000 -0.00531000 0.01410000
v -0.01050000 -0.00531000 0.01410000
v -0.01550000 -0.00973300 0.01011800
v -0.01550000 -0.01057600 0.01018500
v -0.01550000 -0.00626000 0.01393000
v -0.01550000 -0.01131700 0.01059400
v -0.01550000 -0.01182100 0.01127300
v -0.01550000 0.01057600 0.01018500
v -0.01550000 0.00973300 0.01011800
v -0.01550000 0.01131700 0.01059400
v -0.01550000 0.01182100 0.01127300
v -0.01550000 -0.00833200 0.01099600
v -0.01550000 -0.00893800 0.01040500
v -0.01550000 -0.00802500 0.01178400
v -0.01550000 -0.00770700 0.01269600
v -0.01550000 -0.00709400 0.01344200
v -0.01550000 0.00893800 0.01040500
v -0.01550000 0.00833200 0.01099600
v -0.01550000 0.00802500 0.01178400
v -0.01550000 0.00770700 0.01269600
v -0.01550000 0.00709400 0.01344200
v -0.01550000 0.00626000 0.01393000
v -0.01050000 0.00802500 0.01178400
v -0.01050000 0.00833200 0.01099600
v -0.01050000 0.00893800 0.01040500
v -0.01050000 0.00973300 0.01011800
v -0.01050000 -0.00893800 0.01040500
v -0.01050000 -0.00833200 0.01099600
v -0.01050000 -0.00973300 0.01011800
v -0.01050000 0.00770700 0.01269600
v -0.01050000 0.00709400 0.01344200
v -0.01050000 0.00626000 0.01393000
v -0.01050000 -0.00709400 0.01344200
v -0.01050000 -0.00626000 0.01393000
v -0.01050000 -0.00770700 0.01269600
v -0.01050000 -0.00802500 0.01178400
vn 0.22745828 0.80418645 -0.54913285
vn -0.08813699 0.73770597 -0.66934429
vn 0.29710858 0.63026247 -0.71728356
vn -0.09585728 0.67886952 -0.72797497
vn 0.93515318 0.35424356 -0.00017795
vn 0.93508313 0.34239980 -0.09155283
vn 0.71728356 -0.63026247 0.29710858
vn 0.93492443 0.17723682 0.30741410
vn 0.93539543 0.25023905 0.24983156
vn 0.71728356 -0.63026247 -0.29710858
vn 0.93503090 0.30701945 0.17735917
vn 0.93500906 0.34254604 0.09176201
vn 0.93500906 -0.09176201 0.34254604
vn 0.93515318 0.00017795 0.35424356
vn 0.71728356 0.63026247 -0.29710858
vn 0.93492443 -0.17723682 -0.30741410
vn 0.93539543 -0.25023905 -0.24983156
vn 0.71728356 0.63026247 0.29710858
vn 0.93503090 -0.30701945 -0.17735917
vn 0.93500906 -0.34254604 -0.09176201
vn 0.93503090 -0.30701945 -0.17735917
vn 0.93500906 -0.34254604 -0.09176201
vn 0.93492443 0.30741410 -0.17723682
vn 0.93539543 0.24983156 -0.25023905
vn 0.93503090 0.17735917 -0.30701945
vn 0.93503090 -0.17735917 0.30701945
vn 0.93539543 -0.24983156 0.25023905
vn 0.93492443 -0.30741410 0.17723682
vn 0.93500906 -0.09176201 0.34254604
vn 0.93515318 0.00017795 0.35424356
vn 0.93508313 0.09155283 0.34239980
vn 0.93500906 0.09176201 -0.34254604
vn 0.93493200 0.00004487 -0.35482694
vn 0.93499706 -0.09182680 -0.34256143
vn 0.93492443 0.30741410 -0.17723682
vn 0.93539543 0.24983156 -0.25023905
vn 0.93508313 0.09155283 0.34239980
vn 0.93499706 -0.34256143 0.09182680
vn 0.93492443 0.17723682 0.30741410
vn 0.93539543 0.25023905 0.24983156
vn 0.93515318 -0.35424356 0.00017795
vn 0.93508313 -0.34239980 0.09155283
vn 0.93492443 -0.30741410 0.17723682
vn 0.93539543 -0.24983156 0.25023905
vn 0.93503090 -0.17735917 0.30701945
vn 0.93499706 -0.09182680 -0.34256143
vn 0.93492443 -0.17723682 -0.30741410
vn 0.93539543 -0.25023905 -0.24983156
vn 0.93503090 0.30701945 0.17735917
vn 0.93500906 0.34254604 0.09176201
vn 0.93493200 -0.35482694 -0.00004487
vn 0.93493200 0.35482694 0.00004487
vn 0.93499706 0.34256143 -0.09182680
vn 0.93503090 0.17735917 -0.30701945
vn 0.93500906 0.09176201 -0.34254604
vn 0.93493200 0.00004487 -0.35482694
vn 0.71728356 -0.63026247 -0.29710858
vn 0.93492443 0.17723682 0.30741410
vn 0.93539543 0.25023905 0.24983156
vn 0.93499706 -0.34256143 0.09182680
vn 0.93492443 -0.30741410 0.17723682
vn 0.71728356 0.63026247 -0.29710858
vn 0.93539543 -0.24983156 0.25023905
vn 0.93503090 -0.17735917 0.30701945
vn 0.93503090 0.30701945 0.17735917
vn 0.93500906 0.34254604 0.09176201
vn 0.71728356 -0.63026247 0.29710858
vn 0.93515318 0.35424356 -0.00017795
vn 0.93508313 0.34239980 -0.09155283
vn 0.93500906 -0.09176201 0.34254604
vn 0.93493200 -0.00004487 0.35482694
vn 0.93499706 0.09182680 0.34256143
vn 0.93492443 0.17723682 0.30741410
vn 0.93539543 0.25023905 0.24983156
vn 0.93500906 -0.09176201 0.34254604
vn 0.93493200 -0.00004487 0.35482694
vn 0.93499706 0.09182680 0.34256143
vn 0.93503090 -0.30701945 -0.17735917
vn 0.93500906 -0.34254604 -0.09176201
vn 0.71728356 0.63026247 0.29710858
vn 0.93515318 -0.35424356 0.00017795
vn 0.93508313 -0.34239980 0.09155283
vn 0.93492443 -0.30741410 0.17723682
vn 0.93539543 -0.24983156 0.25023905
vn 0.93503090 -0.17735917 0.30701945
vn 0.93499706 0.34256143 -0.09182680
vn 0.93500906 -0.34254604 -0.09176201
vn 0.93493200 0.35482694 0.00004487
vn 0.93493200 -0.35482694 -0.00004487
vn 0.93500906 0.34254604 0.09176201
vn 0.93503090 0.30701945 0.17735917
vn 0.93492443 0.30741410 -0.17723682
vn 0.93539543 0.24983156 -0.25023905
vn 0.93503090 0.17735917 -0.30701945
vn 0.93492443 0.30741410 -0.17723682
vn 0.93539543 0.24983156 -0.25023905
vn 0.93503090 0.17735917 -0.30701945
vn 0.93500906 0.09176201 -0.34254604
vn 0.93515318 -0.00017795 -0.35424356
vn 0.93508313 -0.09155283 -0.34239980
vn 0.93492443 -0.17723682 -0.30741410
vn 0.93515318 -0.00017795 -0.35424356
vn 0.93508313 -0.09155283 -0.34239980
vn 0.93492443 -0.17723682 -0.30741410
vn 0.93539543 -0.25023905 -0.24983156
vn 0.93539543 -0.25023905 -0.24983156
vn 0.93503090 -0.30701945 -0.17735917
vn 0.93500906 0.09176201 -0.34254604
vn 0.29710858 -0.63026247 0.71728356
vn 0.29710858 0.63026247 0.71728356
vn -0.29710858 -0.63026247 0.71728356
vn -0.29710858 0.63026247 0.71728356
vn -0.71728356 -0.63026247 0.29710858
vn -0.71728356 0.63026247 0.29710858
vn -0.57735027 0.57735027 -0.57735027
vn -0.57735027 -0.57735027 -0.57735027
vn -0.99699995 -0.04190630 0.06507661
vn -0.72797497 -0.67886952 0.09585728
vn -0.72797497 0.67886952 0.09585728
vn -0.99699995 0.04190630 0.06507661
vn -0.29807509 0.87396136 -0.38385255
vn -0.29807509 -0.87396136 -0.38385255
vn -0.66264705 0.65537897 -0.36246005
vn -0.66264705 -0.65537897 -0.36246005
vn -0.55864815 0.79965222 -0.22015578
vn -0.55864815 -0.79965222 -0.22015578
vn -0.72806122 0.67867749 -0.09655942
vn -0.72806122 -0.67867749 -0.09655942
vn -0.65522679 0.65340445 -0.37913121
vn -0.65522679 -0.65340445 -0.37913121
vn -0.37913121 0.65340445 -0.65522679
vn -0.37913121 -0.65340445 -0.65522679
vn -0.09655942 0.67867749 -0.72806122
vn -0.09655942 -0.67867749 -0.72806122
vn 0.09655942 0.67867749 -0.72806122
vn 0.09655942 -0.67867749 -0.72806122
vn 0.37913121 0.65340445 -0.65522679
vn 0.37913121 -0.65340445 -0.65522679
vn 0.65522679 0.65340445 -0.37913121
vn 0.65522679 -0.65340445 -0.37913121
vn 0.72806122 0.67867749 -0.09655942
vn 0.72806122 -0.67867749 -0.09655942
vn 0.55864815 0.79965222 -0.22015578
vn 0.55864815 -0.79965222 -0.22015578
vn 0.66264705 0.65537897 -0.36246005
vn 0.66264705 -0.65537897 -0.36246005
vn 0.29807509 0.87396136 -0.38385255
vn 0.29807509 -0.87396136 -0.38385255
vn -0.22745828 0.80418645 -0.54913285
vn -0.22745828 -0.80418645 -0.54913285
vn -0.54913285 0.80418645 -0.22745828
vn -0.54913285 -0.80418645 -0.22745828
vn -0.54913285 0.80418645 0.22745828
vn -0.54913285 -0.80418645 0.22745828
vn -0.22745828 0.80418645 0.54913285
vn -0.22745828 -0.80418645 0.54913285
vn 0.29807509 0.87396136 0.38385255
vn 0.29807509 -0.87396136 0.38385255
vn 0.66264705 0.65537897 0.36246005
vn 0.66264705 -0.65537897 0.36246005
vn 0.55864815 0.79965222 0.22015578
vn 0.55864815 -0.79965222 0.22015578
vn 0.72806122 0.67867749 0.09655942
vn 0.72806122 -0.67867749 0.09655942
vn 0.65522679 0.65340445 0.37913121
vn 0.65522679 -0.65340445 0.37913121
vn 0.37913121 0.65340445 0.65522679
vn 0.37913121 -0.65340445 0.65522679
vn 0.09655942 0.67867749 0.72806122
vn 0.09655942 -0.67867749 0.72806122
vn -0.09655942 0.67867749 0.72806122
vn -0.09655942 -0.67867749 0.72806122
vn -0.37913121 0.65340445 0.65522679
vn -0.37913121 -0.65340445 0.65522679
vn -0.65522679 0.65340445 0.37913121
vn -0.65522679 -0.65340445 0.37913121
vn -0.72806122 0.67867749 0.09655942
vn -0.72806122 -0.67867749 0.09655942
vn -0.55864815 0.79965222 0.22015578
vn -0.55864815 -0.79965222 0.22015578
vn -0.66264705 0.65537897 0.36246005
vn -0.66264705 -0.65537897 0.36246005
vn -0.29807509 0.87396136 0.38385255
vn -0.29807509 -0.87396136 0.38385255
vn -0.57735027 0.57735027 0.57735027
vn -0.57735027 -0.57735027 0.57735027
vn -0.99699995 -0.04190630 -0.06507661
vn -0.72797497 -0.67886952 -0.09585728
vn -0.72797497 0.67886952 -0.09585728
vn -0.99699995 0.04190630 -0.06507661
vn -0.71728356 0.63026247 -0.29710858
vn -0.71728356 -0.63026247 -0.29710858
vn -0.29710858 -0.63026247 -0.71728356
vn -0.29710858 0.63026247 -0.71728356
vn 0.29710858 -0.63026247 -0.71728356
vn 0.29710858 0.63026247 -0.71728356
vn 0.29710858 0.63026247 0.71728356
vn 0.29710858 -0.63026247 0.71728356
vn 0.30151134 0.90453403 0.30151134
vn 0.30151134 -0.90453403 0.30151134
vn -0.65557163 0.65328068 0.37874819
vn -0.37874819 0.65328068 0.65557163
vn 0.00000000 1.00000000 0.00000000
vn -0.00000000 0.65311898 0.75725531
vn 0.37874819 0.65328068 0.65557163
vn -0.37874819 0.65328068 -0.65557163
vn -0.65557163 0.65328068 -0.37874819
vn -0.75725531 0.65311898 -0.00000000
vn 0.65557163 0.65328068 -0.37874819
vn 0.37874819 0.65328068 -0.65557163
vn -0.00000000 0.65311898 -0.75725531
vn 0.65557163 0.65328068 0.37874819
vn 0.75725531 0.65311898 0.00000000
vn -0.65557163 -0.65328068 -0.37874819
vn -0.37874819 -0.65328068 -0.65557163
vn 0.00000000 -1.00000000 0.00000000
vn -0.00000000 -0.65311898 -0.75725531
vn 0.37874819 -0.65328068 -0.65557163
vn -0.37874819 -0.65328068 0.65557163
vn -0.65557163 -0.65328068 0.37874819
vn -0.75725531 -0.65311898 0.00000000
vn 0.65557163 -0.65328068 0.37874819
vn 0.37874819 -0.65328068 0.65557163
vn -0.00000000 -0.65311898 0.75725531
vn 0.65557163 -0.65328068 -0.37874819
vn 0.75725531 -0.65311898 -0.00000000
vn 0.65858204 0.65159542 0.37642144
vn 0.65858204 0.37642144 0.65159542
vn 1.00000000 0.00000000 0.00000000
vn 0.65854705 -0.00000000 0.75253955
vn 0.65858204 -0.37642144 0.65159542
vn 0.65847340 0.37601116 -0.65194201
vn 0.65858204 0.65159542 -0.37642144
vn 0.65854705 0.75253955 0.00000000
vn 0.65847340 -0.65194201 -0.37601116
vn 0.65847340 -0.37601116 -0.65194201
vn 0.65888865 -0.00000000 -0.75224049
vn 0.65847340 -0.65194201 0.37601116
vn 0.65888865 -0.75224049 0.00000000
vn 0.65847340 0.65194201 0.37601116
vn 0.65858204 0.37642144 0.65159542
vn 1.00000000 0.00000000 0.00000000
vn 0.65854705 -0.00000000 0.75253955
vn 0.65858204 -0.37642144 0.65159542
vn 0.65847340 0.37601116 -0.65194201
vn 0.65847340 0.65194201 -0.37601116
vn 0.65888865 0.75224049 0.00000000
vn 0.65858204 -0.65159542 -0.37642144
vn 0.65847340 -0.37601116 -0.65194201
vn 0.65888865 0.00000000 -0.75224049
vn 0.65858204 -0.65159542 0.37642144
vn 0.65854705 -0.75253955 0.00000000
vn 0.65858204 0.65159542 0.37642144
vn 0.65847340 0.37601116 0.65194201
vn 1.00000000 0.00000000 0.00000000
vn 0.65888865 0.00000000 0.75224049
vn 0.65847340 -0.37601116 0.65194201
vn 0.65858204 0.37642144 -0.65159542
vn 0.65858204 0.65159542 -0.37642144
vn 0.65854705 0.75253955 -0.00000000
vn 0.65847340 -0.65194201 -0.37601116
vn 0.65858204 -0.37642144 -0.65159542
vn 0.65854705 0.00000000 -0.75253955
vn 0.65847340 -0.65194201 0.37601116
vn 0.65888865 -0.75224049 -0.00000000
vn 0.65847340 0.65194201 0.37601116
vn 0.65847340 0.37601116 0.65194201
vn 1.00000000 0.00000000 0.00000000
vn 0.65888865 0.00000000 0.75224049
vn 0.65847340 -0.37601116 0.65194201
vn 0.65858204 0.37642144 -0.65159542
vn 0.65847340 0.65194201 -0.37601116
vn 0.65888865 0.75224049 -0.00000000
vn 0.65858204 -0.65159542 -0.37642144
vn 0.65858204 -0.37642144 -0.65159542
vn 0.65854705 0.00000000 -0.75253955
vn 0.65858204 -0.65159542 0.37642144
vn 0.65854705 -0.75253955 -0.00000000
vn -0.65570955 -0.65323117 -0.37859481
vn -0.37859481 -0.65323117 -0.65570955
vn 0.29710858 -0.63026247 -0.71728356
vn -0.09585728 -0.67886952 -0.72797497
vn 0.71728356 -0.63026247 0.29710858
vn 0.29710858 -0.63026247 0.71728356
vn -0.09585728 -0.67886952 0.72797497
vn -0.37859481 -0.65323117 0.65570955
vn -0.65570955 -0.65323117 0.37859481
vn 0.31906887 -0.77018783 0.55227326
vn -0.00000000 -0.77040977 0.63754905
vn -0.31906887 -0.77018783 0.55227326
vn 0.71728356 -0.63026247 -0.29710858
vn 0.55227326 -0.77018783 0.31906887
vn 0.63754905 -0.77040977 0.00000000
vn 0.55227326 -0.77018783 -0.31906887
vn 0.31906887 -0.77018783 -0.55227326
vn -0.00000000 -0.77040977 -0.63754905
vn -0.31906887 -0.77018783 -0.55227326
vn -0.55227326 -0.77018783 -0.31906887
vn -0.63754905 -0.77040977 0.00000000
vn -0.55227326 -0.77018783 0.31906887
vn -0.55228724 -0.77025576 0.31888064
vn -0.31888064 -0.77025576 0.55228724
vn -0.08813699 -0.73770597 0.66934429
vn -0.08813699 -0.73770597 -0.66934429
vn -0.31888064 -0.77025576 -0.55228724
vn -0.55228724 -0.77025576 -0.31888064
vn 0.22745828 -0.80418645 0.54913285
vn 0.22745828 -0.80418645 -0.54913285
vn -0.65570955 0.65323117 0.37859481
vn -0.37859481 0.65323117 0.65570955
vn -0.09585728 0.67886952 0.72797497
vn 0.71728356 0.63026247 -0.29710858
vn -0.37859481 0.65323117 -0.65570955
vn -0.65570955 0.65323117 -0.37859481
vn 0.29710858 0.63026247 0.71728356
vn 0.63754905 0.77040977 0.00000000
vn 0.55227326 0.77018783 -0.31906887
vn 0.55227326 0.77018783 0.31906887
vn 0.31906887 0.77018783 0.55227326
vn -0.00000000 0.77040977 0.63754905
vn -0.31906887 0.77018783 0.55227326
vn 0.71728356 0.63026247 0.29710858
vn -0.31906887 0.77018783 -0.55227326
vn -0.00000000 0.77040977 -0.63754905
vn 0.31906887 0.77018783 -0.55227326
vn -0.55227326 0.77018783 0.31906887
vn -0.63754905 0.77040977 0.00000000
vn -0.55227326 0.77018783 -0.31906887
vn 0.54913285 -0.80418645 -0.22745828
vn 0.30151134 0.90453403 -0.30151134
vn 0.29710858 0.63026247 -0.71728356
vn 0.30151134 -0.90453403 -0.30151134
vn 0.29710858 -0.63026247 -0.71728356
vn -0.55228724 0.77025576 -0.31888064
vn -0.31888064 0.77025576 -0.55228724
vn -0.08813699 0.73770597 0.66934429
vn -0.31888064 0.77025576 0.55228724
vn -0.55228724 0.77025576 0.31888064
vn 0.54913285 -0.80418645 0.22745828
vn 0.54913285 0.80418645 -0.22745828
vn 0.54913285 0.80418645 0.22745828
vn 0.22745828 0.80418645 0.54913285
vn 0.39546361 -0.23672963 0.88745006
vn 0.39468756 -0.46051879 0.79507495
vn 0.39567239 -0.64908943 0.64971246
vn 0.39502834 -0.79518059 0.46004395
vn 0.39522639 -0.88761354 0.23651280
vn 0.39483984 -0.91874993 0.00027145
vn 0.39546361 -0.88745006 -0.23672963
vn 0.39468756 -0.79507495 -0.46051879
vn 0.39567239 -0.64971246 -0.64908943
vn 0.39502834 -0.46004395 -0.79518059
vn 0.39507744 -0.23793965 -0.88729845
vn 0.39450023 0.00006856 -0.91889584
vn 0.39503909 0.23785746 -0.88733756
vn 0.39468756 0.46051879 -0.79507495
vn 0.39567239 0.64908943 -0.64971246
vn 0.39502834 0.79518059 -0.46004395
vn 0.39507744 0.88729845 -0.23793965
vn 0.39450023 0.91889584 0.00006856
vn 0.39503909 0.88733756 0.23785746
vn 0.39468756 0.79507495 0.46051879
vn 0.39567239 0.64971246 0.64908943
vn 0.39502834 0.46004395 0.79518059
vn 0.39522639 0.23651280 0.88761354
vn 0.39483984 0.00027145 0.91874993
vn 0.39503909 -0.23785746 0.88733756
vn 0.39468756 -0.46051879 0.79507495
vn 0.39567239 -0.64908943 0.64971246
vn 0.39502834 -0.79518059 0.46004395
vn 0.39507744 -0.88729845 0.23793965
vn 0.39450023 -0.91889584 -0.00006856
vn 0.39503909 -0.88733756 -0.23785746
vn 0.39468756 -0.79507495 -0.46051879
vn 0.39567239 -0.64971246 -0.64908943
vn 0.39502834 -0.46004395 -0.79518059
vn 0.39522639 -0.23651280 -0.88761354
vn 0.39483984 -0.00027145 -0.91874993
vn 0.39546361 0.23672963 -0.88745006
vn 0.39468756 0.46051879 -0.79507495
vn 0.39567239 0.64908943 -0.64971246
vn 0.39502834 0.79518059 -0.46004395
vn 0.39522639 0.88761354 -0.23651280
vn 0.39483984 0.91874993 -0.00027145
vn 0.39546361 0.88745006 0.23672963
vn 0.39468756 0.79507495 0.46051879
vn 0.39567239 0.64971246 0.64908943
vn 0.39502834 0.46004395 0.79518059
vn 0.39507744 0.23793965 0.88729845
vn 0.39450023 -0.00006856 0.91889584
vn 0.39503909 -0.23785746 0.88733756
vn 0.39468756 -0.46051879 0.79507495
vn 0.39567239 -0.64908943 0.64971246
vn 0.39502834 -0.79518059 0.46004395
vn 0.39522639 -0.88761354 0.23651280
vn 0.39483984 -0.91874993 0.00027145
vn 0.39546361 -0.88745006 -0.23672963
vn 0.39468756 -0.79507495 -0.46051879
vn 0.39567239 -0.64971246 -0.64908943
vn 0.39502834 -0.46004395 -0.79518059
vn 0.39522639 -0.23651280 -0.88761354
vn 0.39483984 -0.00027145 -0.91874993
vn 0.39546361 0.23672963 -0.88745006
vn 0.39468756 0.46051879 -0.79507495
vn 0.39567239 0.64908943 -0.64971246
vn 0.39502834 0.79518059 -0.46004395
vn 0.39507744 0.88729845 -0.23793965
vn 0.39450023 0.91889584 0.00006856
vn 0.39503909 0.88733756 0.23785746
vn 0.39468756 0.79507495 0.46051879
vn 0.39567239 0.64971246 0.64908943
vn 0.39502834 0.46004395 0.79518059
vn 0.39507744 0.23793965 0.88729845
vn 0.39450023 -0.00006856 0.91889584
vn 0.39503909 0.23785746 -0.88733756
vn 0.39468756 0.46051879 -0.79507495
vn 0.39567239 0.64908943 -0.64971246
vn 0.39502834 0.79518059 -0.46004395
vn 0.39522639 0.88761354 -0.23651280
vn 0.39483984 0.91874993 -0.00027145
vn 0.39546361 0.88745006 0.23672963
vn 0.39468756 0.79507495 0.46051879
vn 0.39567239 0.64971246 0.64908943
vn 0.39502834 0.46004395 0.79518059
vn 0.39522639 0.23651280 0.88761354
vn 0.39483984 0.00027145 0.91874993
vn 0.39546361 -0.23672963 0.88745006
vn 0.39468756 -0.46051879 0.79507495
vn 0.39567239 -0.64908943 0.64971246
vn 0.39502834 -0.79518059 0.46004395
vn 0.39507744 -0.88729845 0.23793965
vn 0.39450023 -0.91889584 -0.00006856
vn 0.39503909 -0.88733756 -0.23785746
vn 0.39468756 -0.79507495 -0.46051879
vn 0.39567239 -0.64971246 -0.64908943
vn 0.39502834 -0.46004395 -0.79518059
vn 0.39507744 -0.23793965 -0.88729845
vn 0.39450023 0.00006856 -0.91889584
vn 0.86132776 -0.29137164 -0.41619354
vn 0.59797161 -0.45967827 -0.65660174
vn 0.59797161 0.45967827 -0.65660174
vn 0.59797161 -0.45967827 -0.65660174
vn 0.59797161 0.45967827 -0.65660174
vn 0.86132776 -0.29137164 -0.41619354
vn 0.86132776 0.29137164 -0.41619354
vn 0.86132776 -0.29137164 -0.41619354
vn 0.59797161 -0.45967827 -0.65660174
vn 0.59797161 0.45967827 -0.65660174
vn 0.65319966 -0.37849715 0.65579731
vn 0.65319966 -0.65579731 0.37849715
vn 0.67890447 -0.72795918 0.09572956
vn 0.86132776 -0.29137164 -0.41619354
vn 0.73151911 0.07158317 0.67805284
vn 0.75733868 0.26688402 0.59599584
vn 0.86132776 0.29137164 -0.41619354
vn 0.86132776 -0.29137164 -0.41619354
vn 0.67890447 0.09572956 0.72795918
vn 0.86132776 -0.29137164 -0.41619354
vn 0.86132776 0.29137164 -0.41619354
vn 0.86132776 -0.29137164 -0.41619354
vn 0.59797161 0.45967827 -0.65660174
vn 0.59797161 -0.45967827 -0.65660174
vn 0.75734742 0.48728965 0.43471103
vn 0.71305917 0.61810871 0.33089008
vn 0.68978625 0.05707618 0.72175983
vn 0.59797161 -0.45967827 -0.65660174
vn 0.59797161 0.45967827 -0.65660174
vn 0.86132776 -0.29137164 -0.41619354
vn 0.86132776 0.29137164 -0.41619354
vn 0.59797161 -0.45967827 -0.65660174
vn 0.59797161 0.45967827 -0.65660174
vn 0.86132776 0.29137164 -0.41619354
vn 0.86132776 0.29137164 -0.41619354
vn 0.86132776 -0.29137164 -0.41619354
vn 0.59797161 -0.45967827 -0.65660174
vn 0.59797161 0.45967827 -0.65660174
vn 0.67335261 0.60031974 0.43152342
vn 0.67337030 0.43656496 0.59664351
vn 0.67335062 0.22962717 0.70275907
vn 0.59797161 -0.45967827 -0.65660174
vn 0.59797161 0.45967827 -0.65660174
vn 0.86132776 0.29137164 -0.41619354
vn 0.86132776 0.29137164 -0.41619354
vn 0.86132776 -0.29137164 -0.41619354
vn 0.77036594 -0.00000000 -0.63760201
vn 0.77020974 -0.31900816 -0.55227778
vn 0.77020974 -0.55227778 -0.31900816
vn 0.77020974 0.31900816 0.55227778
vn 0.67883459 -0.09598498 -0.72799072
vn 0.77036594 -0.00000000 0.63760201
vn 0.86132776 0.29137164 -0.41619354
vn 0.59797161 0.45967827 -0.65660174
vn 0.59797161 -0.45967827 -0.65660174
vn 0.86132776 -0.29137164 -0.41619354
vn 0.59797161 -0.45967827 -0.65660174
vn 0.59797161 0.45967827 -0.65660174
vn 0.77036594 -0.63760201 0.00000000
vn 0.77020974 -0.55227778 0.31900816
vn 0.77020974 -0.31900816 0.55227778
vn 0.77020974 0.55227778 -0.31900816
vn 0.77020974 0.31900816 -0.55227778
vn 0.67890447 -0.09572956 0.72795918
vn 0.77036594 0.00000000 -0.63760201
vn 0.77020974 -0.31900816 -0.55227778
vn 0.77020974 -0.55227778 -0.31900816
vn 0.77020974 0.55227778 0.31900816
vn 0.65326268 -0.37869242 -0.65562178
vn 0.77020974 0.31900816 0.55227778
vn 0.77036594 0.00000000 0.63760201
vn 0.77036594 0.63760201 0.00000000
vn 0.67890447 -0.72795918 -0.09572956
vn 0.65319966 -0.65579731 -0.37849715
vn 0.86132776 0.29137164 -0.41619354
vn 0.86132776 -0.29137164 -0.41619354
vn 0.77020974 -0.31900816 0.55227778
vn 0.77020974 -0.55227778 0.31900816
vn 0.77020974 0.55227778 0.31900816
vn 0.77036594 -0.63760201 0.00000000
vn 0.77036594 0.63760201 0.00000000
vn 0.77020974 0.55227778 -0.31900816
vn 0.77020974 0.31900816 -0.55227778
vn 0.86132776 0.29137164 -0.41619354
vn 0.86132776 -0.29137164 -0.41619354
vn 0.86132776 0.29137164 -0.41619354
vn 0.59797161 0.45967827 -0.65660174
vn 0.59797161 -0.45967827 -0.65660174
vn 0.86132776 -0.29137164 -0.41619354
vn 0.59797161 -0.45967827 -0.65660174
vn 0.59797161 0.45967827 -0.65660174
vn 0.86132776 0.29137164 -0.41619354
vn 0.59797161 0.45967827 -0.65660174
vn 0.59797161 -0.45967827 -0.65660174
vn 0.59797161 -0.45967827 -0.65660174
vn 0.59797161 0.45967827 -0.65660174
vn 0.86132776 0.29137164 -0.41619354
vn 0.86132776 -0.29137164 -0.41619354
vn 0.59797161 -0.45967827 -0.65660174
vn 0.59797161 0.45967827 -0.65660174
vn 0.86132776 0.29137164 -0.41619354
vn 0.86132776 -0.29137164 -0.41619354
vn 0.86132776 0.29137164 -0.41619354
vn 0.59797161 -0.45967827 -0.65660174
vn 0.59797161 0.45967827 -0.65660174
vn 0.65319966 0.37849715 0.65579731
vn 0.65319966 0.65579731 0.37849715
vn 0.67890447 0.72795918 0.09572956
vn 0.86132776 -0.29137164 -0.41619354
vn 0.67001483 0.73105935 -0.12896652
vn 0.59797161 -0.45967827 -0.65660174
vn 0.59797161 0.45967827 -0.65660174
vn -0.73151911 0.07158317 0.67805284
vn -0.67890447 0.09572956 0.72795918
vn -0.67890447 -0.72795918 -0.09572956
vn -0.67890447 -0.72795918 0.09572956
vn -0.86132776 0.29137164 -0.41619354
vn -0.59797161 0.45967827 -0.65660174
vn -0.59797161 -0.45967827 -0.65660174
vn -0.59797161 0.45967827 -0.65660174
vn -0.59797161 -0.45967827 -0.65660174
vn -0.67001483 0.73105935 -0.12896652
vn -0.86132776 -0.29137164 -0.41619354
vn -0.65319966 0.37849715 0.65579731
vn -0.86132776 0.29137164 -0.41619354
vn -0.65319966 0.65579731 0.37849715
vn -0.67890447 0.72795918 0.09572956
vn -0.59797161 0.45967827 -0.65660174
vn -0.59797161 -0.45967827 -0.65660174
vn -0.86132776 -0.29137164 -0.41619354
vn -0.86132776 0.29137164 -0.41619354
vn -0.86132776 0.29137164 -0.41619354
vn -0.59797161 0.45967827 -0.65660174
vn -0.59797161 -0.45967827 -0.65660174
vn -0.59797161 0.45967827 -0.65660174
vn -0.59797161 -0.45967827 -0.65660174
vn -0.86132776 0.29137164 -0.41619354
vn -0.86132776 -0.29137164 -0.41619354
vn -0.86132776 -0.29137164 -0.41619354
vn -0.86132776 0.29137164 -0.41619354
vn -0.75733868 0.26688402 0.59599584
vn -0.75734742 0.48728965 0.43471103
vn -0.59797161 0.45967827 -0.65660174
vn -0.59797161 -0.45967827 -0.65660174
vn -0.86132776 0.29137164 -0.41619354
vn -0.86132776 -0.29137164 -0.41619354
vn -0.86132776 -0.29137164 -0.41619354
vn -0.86132776 0.29137164 -0.41619354
vn -0.86132776 0.29137164 -0.41619354
vn -0.59797161 0.45967827 -0.65660174
vn -0.59797161 -0.45967827 -0.65660174
vn -0.67337030 0.43656496 0.59664351
vn -0.67335261 0.60031974 0.43152342
vn -0.67335062 0.22962717 0.70275907
vn -0.71305917 0.61810871 0.33089008
vn -0.77036594 -0.00000000 -0.63760201
vn -0.77020974 0.31900816 -0.55227778
vn -0.68978625 0.05707618 0.72175983
vn -0.86132776 -0.29137164 -0.41619354
vn -0.59797161 -0.45967827 -0.65660174
vn -0.59797161 0.45967827 -0.65660174
vn -0.86132776 -0.29137164 -0.41619354
vn -0.86132776 0.29137164 -0.41619354
vn -0.86132776 -0.29137164 -0.41619354
vn -0.86132776 0.29137164 -0.41619354
vn -0.59797161 -0.45967827 -0.65660174
vn -0.59797161 0.45967827 -0.65660174
vn -0.86132776 0.29137164 -0.41619354
vn -0.86132776 -0.29137164 -0.41619354
vn -0.59797161 -0.45967827 -0.65660174
vn -0.59797161 0.45967827 -0.65660174
vn -0.86132776 -0.29137164 -0.41619354
vn -0.59797161 -0.45967827 -0.65660174
vn -0.59797161 0.45967827 -0.65660174
vn -0.86132776 0.29137164 -0.41619354
vn -0.59797161 0.45967827 -0.65660174
vn -0.59797161 -0.45967827 -0.65660174
vn -0.86132776 -0.29137164 -0.41619354
vn -0.86132776 0.29137164 -0.41619354
vn -0.77020974 -0.55227778 0.31900816
vn -0.77036594 -0.63760201 0.00000000
vn -0.77020974 -0.55227778 -0.31900816
vn -0.77020974 -0.31900816 -0.55227778
vn -0.77020974 -0.31900816 0.55227778
vn -0.77020974 -0.55227778 0.31900816
vn -0.77020974 0.31900816 0.55227778
vn -0.86132776 -0.29137164 -0.41619354
vn -0.59797161 -0.45967827 -0.65660174
vn -0.59797161 0.45967827 -0.65660174
vn -0.77020974 -0.31900816 0.55227778
vn -0.86132776 -0.29137164 -0.41619354
vn -0.59797161 -0.45967827 -0.65660174
vn -0.59797161 0.45967827 -0.65660174
vn -0.77020974 0.55227778 -0.31900816
vn -0.77036594 0.63760201 0.00000000
vn -0.77020974 0.55227778 0.31900816
vn -0.86132776 0.29137164 -0.41619354
vn -0.59797161 0.45967827 -0.65660174
vn -0.59797161 -0.45967827 -0.65660174
vn -0.77036594 0.00000000 0.63760201
vn -0.67883459 -0.09598498 -0.72799072
vn -0.77036594 -0.00000000 0.63760201
vn -0.65319966 -0.65579731 0.37849715
vn -0.65319966 -0.37849715 0.65579731
vn -0.77020974 0.31900816 -0.55227778
vn -0.67890447 -0.09572956 0.72795918
vn -0.77036594 0.00000000 -0.63760201
vn -0.65319966 -0.65579731 -0.37849715
vn -0.65326268 -0.37869242 -0.65562178
vn -0.77020974 0.31900816 0.55227778
vn -0.86132776 -0.29137164 -0.41619354
vn -0.86132776 0.29137164 -0.41619354
vn -0.77020974 -0.55227778 -0.31900816
vn -0.77020974 0.55227778 -0.31900816
vn -0.77036594 -0.63760201 0.00000000
vn -0.77036594 0.63760201 0.00000000
vn -0.77020974 0.55227778 0.31900816
vn -0.77020974 -0.31900816 -0.55227778
vn -0.86132776 -0.29137164 -0.41619354
vn -0.59797161 -0.45967827 -0.65660174
vn -0.59797161 0.45967827 -0.65660174
vn -0.59797161 0.45967827 -0.65660174
vn -0.59797161 -0.45967827 -0.65660174
vn -0.86132776 -0.29137164 -0.41619354
vn 1.00000000 0.00000000 0.00000000
vn 0.70710678 -0.70710678 0.00000000
vn 0.70710678 -0.70710678 0.00000000
vn 0.77032651 -0.31868461 -0.55230171
vn 0.77032651 -0.55230171 -0.31868461
vn 1.00000000 0.00000000 0.00000000
vn 0.72479568 -0.05287467 0.68693194
vn 0.70710678 0.00000000 0.70710678
vn 1.00000000 0.00000000 0.00000000
vn 0.70218066 0.61950167 0.35094160
vn 0.66546018 0.55366585 0.50061649
vn 1.00000000 0.00000000 0.00000000
vn 0.66579238 0.52759857 -0.52759857
vn 0.66566147 0.68942528 -0.28563542
vn 0.68571873 0.72436928 -0.07126691
vn 0.68571873 0.07126691 0.72436928
vn 0.70710678 0.00000000 0.70710678
vn 1.00000000 0.00000000 0.00000000
vn 0.66579238 -0.52759857 0.52759857
vn 0.66566147 -0.68942528 0.28563542
vn 0.68571873 -0.72436928 0.07126691
vn 0.70710678 0.00000000 0.70710678
vn 0.68571873 -0.07126691 0.72436928
vn 1.00000000 0.00000000 0.00000000
vn 0.66566147 -0.28563542 0.68942528
vn 0.66566147 0.28563542 0.68942528
vn 0.66579238 0.52759857 0.52759857
vn 0.66566147 0.68942528 0.28563542
vn 0.68571873 0.72436928 0.07126691
vn 0.66566147 0.28563542 -0.68942528
vn 0.77013240 -0.63788407 0.00000000
vn 0.68571873 0.07126691 -0.72436928
vn 0.77032651 -0.55230171 0.31868461
vn 0.70710678 0.00000000 -0.70710678
vn 0.72479568 0.05287467 0.68693194
vn 0.74336852 0.20267773 0.63743625
vn 0.74314226 0.38624754 0.54639950
vn 0.74341511 0.53334351 0.40358231
vn 1.00000000 0.00000000 0.00000000
vn 0.66546018 -0.55366585 0.50061649
vn 0.70218066 -0.61950167 0.35094160
vn 0.74341511 -0.53334351 0.40358231
vn 0.74314226 -0.38624754 0.54639950
vn 0.74336852 -0.20267773 0.63743625
vn 0.77013841 0.31920584 0.55226304
vn 0.77050866 -0.00000000 0.63742953
vn 1.00000000 0.00000000 0.00000000
vn 0.77013841 -0.31920584 0.55226304
vn 0.77013841 0.55226304 0.31920584
vn 0.77050866 0.63742953 0.00000000
vn 0.77013841 0.55226304 -0.31920584
vn 0.70651020 -0.41999315 0.56960433
vn 0.77032651 0.31868461 -0.55230171
vn 0.75295063 -0.48373016 0.44617314
vn 0.77013240 -0.00000000 -0.63788407
vn 0.75295814 -0.61614594 0.23112380
vn 0.77032651 -0.31868461 -0.55230171
vn 0.77032651 -0.55230171 -0.31868461
vn 0.70710678 0.00000000 0.70710678
vn 0.75294076 -0.24762239 -0.60972400
vn 0.75291579 -0.45895308 -0.47167773
vn 0.75298975 -0.60272648 -0.26405914
vn 0.75286812 -0.65793219 -0.01774359
vn 0.70710678 0.00000000 0.70710678
vn 0.72942017 0.06582354 -0.68089168
vn 0.70710678 0.00000000 0.70710678
vn 0.70710678 0.00000000 -0.70710678
vn 0.72942017 -0.06582354 -0.68089168
vn 0.75291579 0.45895308 -0.47167773
vn 0.75294076 0.24762239 -0.60972400
vn 0.77032651 0.55230171 -0.31868461
vn 0.77032651 0.31868461 -0.55230171
vn 0.77013841 -0.55226304 0.31920584
vn 0.77013841 -0.31920584 0.55226304
vn 0.77050866 -0.00000000 0.63742953
vn 1.00000000 0.00000000 0.00000000
vn 0.77013841 0.31920584 0.55226304
vn 0.77032651 0.55230171 0.31868461
vn 0.77050866 -0.63742953 0.00000000
vn 0.77013841 -0.55226304 -0.31920584
vn 0.77032651 -0.31868461 -0.55230171
vn 0.70651020 0.41999315 0.56960433
vn 0.77013240 -0.00000000 -0.63788407
vn 0.75295063 0.48373016 0.44617314
vn 0.75295814 0.61614594 0.23112380
vn 0.75286812 0.65793219 -0.01774359
vn 0.75298975 0.60272648 -0.26405914
vn 0.74065693 0.67188341 0.00000000
vn 0.74055518 0.64474457 -0.18942667
vn 1.00000000 0.00000000 0.00000000
vn 1.00000000 0.00000000 0.00000000
vn 0.74055942 0.56534355 0.36326082
vn 0.74055518 0.64474457 0.18942667
vn 1.00000000 0.00000000 0.00000000
vn 0.75080629 -0.59128165 0.29440775
vn 0.75096360 -0.44493568 0.48794049
vn 0.72845194 0.00000000 -0.68509691
vn 0.73955297 -0.15400315 -0.65524380
vn 0.74062877 0.44001901 0.50779159
vn 0.75092741 -0.34759408 -0.56150367
vn 0.74055104 0.27915220 0.61127588
vn 0.75094346 -0.52706330 -0.39785449
vn 0.74060289 0.09567227 0.66509711
vn 0.75082326 -0.63530237 -0.18070789
vn 0.75097109 -0.65751449 0.06096815
vn 0.74055942 -0.56534355 0.36326082
vn 0.74062877 -0.44001901 0.50779159
vn 0.75092741 0.34759408 -0.56150367
vn 0.75094346 0.52706330 -0.39785449
vn 0.74055104 -0.27915220 0.61127588
vn 0.74060289 -0.09567227 0.66509711
vn 0.75082326 0.63530237 -0.18070789
vn 0.75097109 0.65751449 0.06096815
vn 0.75080629 0.59128165 0.29440775
vn 0.75096360 0.44493568 0.48794049
vn 1.00000000 0.00000000 0.00000000
vn 0.74055942 -0.56534355 -0.36326082
vn 0.74055518 -0.64474457 -0.18942667
vn 0.73955297 0.15400315 -0.65524380
vn 1.00000000 0.00000000 0.00000000
vn 0.74055518 -0.64474457 0.18942667
vn 0.74065693 -0.67188341 0.00000000
vn 0.75094346 0.52706330 -0.39785449
vn 0.75092741 0.34759408 -0.56150367
vn 0.75084267 0.23865415 0.61585671
vn 0.75096360 0.44493568 0.48794049
vn 0.74055104 -0.27915220 -0.61127588
vn 0.74060289 -0.09567227 -0.66509711
vn 0.73955297 0.15400315 -0.65524380
vn 0.75080629 0.59128165 0.29440775
vn 0.75097109 0.65751449 0.06096815
vn 0.75082326 0.63530237 -0.18070789
vn 0.73955297 -0.15400315 -0.65524380
vn 0.75092741 -0.34759408 -0.56150367
vn 0.73955297 0.15400315 -0.65524380
vn 0.72845194 0.00000000 -0.68509691
vn 0.75094346 -0.52706330 -0.39785449
vn 0.75082326 -0.63530237 -0.18070789
vn 0.75097109 -0.65751449 0.06096815
vn 0.75080629 -0.59128165 0.29440775
vn 0.75097953 0.00000000 0.66032549
vn 0.74055942 0.56534355 -0.36326082
vn 0.75084267 -0.23865415 0.61585671
vn 0.74062877 0.44001901 -0.50779159
vn 0.75096360 -0.44493568 0.48794049
vn 0.74055104 0.27915220 -0.61127588
vn 0.74060289 0.09567227 -0.66509711
vn 0.77013841 -0.55226304 -0.31920584
vn 0.77050866 -0.63742953 0.00000000
vn 0.77013240 -0.00000000 0.63788407
vn 0.77032651 -0.31868461 0.55230171
vn 0.77013841 -0.55226304 0.31920584
vn 0.77032651 0.55230171 -0.31868461
vn 0.77032651 0.31868461 -0.55230171
vn 1.00000000 0.00000000 0.00000000
vn 0.77013240 0.00000000 -0.63788407
vn 0.77032651 -0.31868461 -0.55230171
vn 0.77032651 0.31868461 0.55230171
vn 0.77032651 0.55230171 0.31868461
vn 0.77013240 0.63788407 0.00000000
vn 0.70710678 -0.70710678 0.00000000
vn 0.77032651 -0.31868461 0.55230171
vn 0.77013240 0.00000000 0.63788407
vn 0.70710678 0.00000000 -0.70710678
vn 0.77032651 0.31868461 0.55230171
vn 0.77013841 0.55226304 0.31920584
vn 1.00000000 0.00000000 0.00000000
vn 0.77050866 0.63742953 -0.00000000
vn 0.77013841 0.55226304 -0.31920584
vn 0.77013841 0.31920584 -0.55226304
vn 0.77050866 0.00000000 -0.63742953
vn 1.00000000 0.00000000 0.00000000
vn 0.77013841 -0.31920584 -0.55226304
vn 0.77032651 -0.55230171 -0.31868461
vn 0.70710678 0.70710678 0.00000000
vn 0.70710678 0.70710678 0.00000000
vn 0.77013240 -0.63788407 0.00000000
vn 0.77032651 -0.55230171 0.31868461
vn 0.77032651 -0.31868461 0.55230171
vn 0.77013240 -0.00000000 0.63788407
vn 1.00000000 0.00000000 0.00000000
vn 0.77032651 0.31868461 0.55230171
vn 0.77013841 0.55226304 0.31920584
vn 0.77050866 0.63742953 0.00000000
vn 0.77013841 0.55226304 -0.31920584
vn 0.77032651 0.31868461 -0.55230171
vn 0.77013240 0.00000000 -0.63788407
vn 0.77032651 -0.55230171 0.31868461
vn 0.70710678 0.70710678 0.00000000
vn 0.77013240 -0.63788407 0.00000000
vn 0.70710678 0.70710678 0.00000000
vn 0.77050866 -0.63742953 0.00000000
vn 0.77013841 -0.55226304 0.31920584
vn 0.70710678 0.00000000 -0.70710678
vn 0.77032651 -0.31868461 0.55230171
vn 0.70710678 0.00000000 -0.70710678
vn 0.77013240 0.00000000 0.63788407
vn 0.77032651 0.31868461 0.55230171
vn 0.77032651 0.55230171 0.31868461
vn 0.68571873 -0.07126691 -0.72436928
vn 0.77013240 0.63788407 0.00000000
vn 0.66566147 -0.28563542 -0.68942528
vn 0.77032651 0.55230171 -0.31868461
vn 0.77013841 0.31920584 -0.55226304
vn 1.00000000 0.00000000 0.00000000
vn 0.77050866 0.00000000 -0.63742953
vn 1.00000000 0.00000000 0.00000000
vn 0.77013841 -0.31920584 -0.55226304
vn 0.77013841 -0.55226304 -0.31920584
vn 0.70710678 -0.70710678 0.00000000
vn 0.70710678 -0.70710678 0.00000000
vn 0.77013240 0.63788407 0.00000000
vn 0.75092741 0.34759408 -0.56150367
vn 0.75094346 0.52706330 -0.39785449
vn 0.75084267 0.23865415 0.61585671
vn 0.75096360 0.44493568 0.48794049
vn 0.75080629 0.59128165 0.29440775
vn 0.75097109 0.65751449 0.06096815
vn 0.75082326 0.63530237 -0.18070789
vn 0.72845194 0.00000000 -0.68509691
vn 0.73955297 -0.15400315 -0.65524380
vn 0.75092741 -0.34759408 -0.56150367
vn 0.75094346 -0.52706330 -0.39785449
vn 0.75082326 -0.63530237 -0.18070789
vn 0.75097109 -0.65751449 0.06096815
vn 0.75080629 -0.59128165 0.29440775
vn 0.75096360 -0.44493568 0.48794049
vn 0.75084267 -0.23865415 0.61585671
vn 0.75097953 0.00000000 0.66032549
vn 0.75084267 0.23865415 0.61585671
vn 0.75080629 0.59128165 0.29440775
vn 0.75097109 0.65751449 0.06096815
vn 0.75084267 -0.23865415 0.61585671
vn 0.75097953 0.00000000 0.66032549
vn 0.75084267 0.23865415 0.61585671
vn 0.75096360 0.44493568 0.48794049
vn 0.75082326 0.63530237 -0.18070789
vn 0.75094346 0.52706330 -0.39785449
vn 0.75092741 0.34759408 -0.56150367
vn 0.73955297 0.15400315 -0.65524380
vn 0.72845194 0.00000000 -0.68509691
vn 0.73955297 -0.15400315 -0.65524380
vn 0.75092741 -0.34759408 -0.56150367
vn 0.75094346 -0.52706330 -0.39785449
vn 0.75082326 -0.63530237 -0.18070789
vn 0.75097109 -0.65751449 0.06096815
vn 0.75080629 -0.59128165 0.29440775
vn 0.74062877 -0.44001901 -0.50779159
vn 0.75097953 0.00000000 0.66032549
vn 0.75084267 -0.23865415 0.61585671
vn 0.75096360 -0.44493568 0.48794049
vn 0.70710678 0.70710678 0.00000000
vn 0.66579238 -0.52759857 -0.52759857
vn 0.66566147 -0.68942528 -0.28563542
vn 0.68571873 -0.72436928 -0.07126691
vn 0.70710678 0.00000000 -0.70710678
vn -0.68571873 -0.07126691 -0.72436928
vn -0.68571873 0.07126691 -0.72436928
vn -0.77032651 -0.55230171 -0.31868461
vn -0.77032651 -0.31868461 -0.55230171
vn -1.00000000 0.00000000 0.00000000
vn -0.77032651 0.55230171 0.31868461
vn -0.77032651 0.31868461 0.55230171
vn -1.00000000 0.00000000 0.00000000
vn -0.77020974 0.31900816 0.55227778
vn -0.77036594 0.00000000 0.63760201
vn -1.00000000 0.00000000 0.00000000
vn -0.75784808 0.59416228 -0.26951339
vn -0.03405010 0.99800948 -0.05308166
vn -0.70710678 0.70710678 0.00000000
vn -0.72982356 0.06693615 0.68035073
vn -0.70710678 0.00000000 0.70710678
vn -1.00000000 0.00000000 0.00000000
vn -0.77020974 -0.31900816 -0.55227778
vn -0.77036594 -0.00000000 -0.63760201
vn -1.00000000 0.00000000 0.00000000
vn -0.72395774 -0.05049006 -0.68799415
vn -0.70710678 0.00000000 -0.70710678
vn -1.00000000 0.00000000 0.00000000
vn -0.74944290 -0.21167307 -0.62731957
vn -0.70710678 -0.70710678 0.00000000
vn -0.75816639 -0.42912668 -0.49095215
vn -0.70710678 -0.70710678 0.00000000
vn -0.75784808 -0.59416228 -0.26951339
vn -0.03405010 -0.99800948 -0.05308166
vn -0.03131385 -0.99831402 0.04887292
vn -0.70710678 -0.70710678 0.00000000
vn -0.75384037 -0.60702149 0.25149476
vn -0.75367407 -0.46474477 0.46474477
vn -0.70710678 0.00000000 0.70710678
vn -0.72982356 -0.06693615 0.68035073
vn -0.75384037 -0.25149476 0.60702149
vn -0.77020974 0.55227778 0.31900816
vn -0.77020974 0.31900816 0.55227778
vn -0.77036594 0.00000000 -0.63760201
vn -0.77020974 0.31900816 -0.55227778
vn -1.00000000 0.00000000 0.00000000
vn -0.77020974 0.55227778 -0.31900816
vn -0.77036594 0.63760201 -0.00000000
vn -0.70710678 0.00000000 0.70710678
vn -0.77036594 0.00000000 0.63760201
vn -0.70710678 0.00000000 0.70710678
vn -1.00000000 0.00000000 0.00000000
vn -0.77020974 -0.55227778 -0.31900816
vn -0.77020974 -0.31900816 -0.55227778
vn -1.00000000 0.00000000 0.00000000
vn -0.77020974 -0.31900816 0.55227778
vn -0.77020974 -0.55227778 0.31900816
vn -0.77036594 -0.63760201 0.00000000
vn -0.77020974 0.31900816 -0.55227778
vn -0.77020974 0.55227778 -0.31900816
vn -0.77036594 0.63760201 -0.00000000
vn -0.77020974 0.55227778 0.31900816
vn -0.77020974 0.31900816 0.55227778
vn -0.70710678 0.00000000 0.70710678
vn -0.77036594 -0.00000000 0.63760201
vn -0.77020974 -0.31900816 0.55227778
vn -0.77020974 -0.55227778 0.31900816
vn -0.77036594 -0.63760201 0.00000000
vn -0.77020974 -0.55227778 -0.31900816
vn -0.03131385 0.99831402 0.04887292
vn -0.75384037 0.60702149 0.25149476
vn -0.70710678 0.70710678 0.00000000
vn -0.75367407 0.46474477 0.46474477
vn -0.75384037 0.25149476 0.60702149
vn -0.70710678 0.00000000 -0.70710678
vn -0.72395774 0.05049006 -0.68799415
vn -0.70710678 0.70710678 0.00000000
vn -0.74944290 0.21167307 -0.62731957
vn -0.75816639 0.42912668 -0.49095215
vn -0.77036594 -0.00000000 0.63760201
vn -0.77020974 -0.31900816 0.55227778
vn -1.00000000 0.00000000 0.00000000
vn -0.77020974 -0.55227778 0.31900816
vn -0.77036594 -0.63760201 0.00000000
vn -0.77020974 0.31900816 -0.55227778
vn -0.70710678 0.00000000 -0.70710678
vn -0.77036594 -0.00000000 -0.63760201
vn -0.70710678 0.00000000 -0.70710678
vn -0.77020974 -0.31900816 -0.55227778
vn -0.77020974 -0.55227778 -0.31900816
vn -0.77020974 0.55227778 -0.31900816
vn -0.77036594 0.63760201 -0.00000000
vn -1.00000000 0.00000000 0.00000000
vn -0.77020974 0.55227778 0.31900816
vn -0.77020974 0.31900816 0.55227778
vn -1.00000000 0.00000000 0.00000000
vn -0.77020974 -0.31900816 0.55227778
vn -0.77020974 -0.55227778 0.31900816
vn -0.77036594 -0.63760201 0.00000000
vn -0.77020974 -0.55227778 -0.31900816
vn -0.77020974 -0.31900816 -0.55227778
vn -0.70710678 0.00000000 -0.70710678
vn -0.77036594 0.00000000 -0.63760201
vn -0.77020974 0.31900816 -0.55227778
vn -0.77020974 0.55227778 -0.31900816
vn -0.77036594 0.63760201 -0.00000000
vn -0.77020974 0.55227778 0.31900816
vn -1.00000000 0.00000000 0.00000000
vn -1.00000000 0.00000000 0.00000000
vn -0.74065693 0.67188341 -0.00000000
vn -0.74055518 0.64474457 -0.18942667
vn -0.74060289 0.09567227 -0.66509711
vn -0.74055104 0.27915220 -0.61127588
vn -0.74062877 0.44001901 -0.50779159
vn -0.74055942 0.56534355 -0.36326082
vn -0.74055104 -0.27915220 -0.61127588
vn -0.74060289 -0.09567227 -0.66509711
vn -0.74065693 -0.67188341 0.00000000
vn -0.74055518 -0.64474457 -0.18942667
vn -1.00000000 0.00000000 0.00000000
vn -0.74055942 -0.56534355 -0.36326082
vn -0.74062877 -0.44001901 -0.50779159
vn -0.74060289 -0.09567227 0.66509711
vn -0.74055104 -0.27915220 0.61127588
vn -0.74062877 -0.44001901 0.50779159
vn -1.00000000 0.00000000 0.00000000
vn -0.74055942 -0.56534355 0.36326082
vn -0.74055518 -0.64474457 0.18942667
vn -0.74055104 0.27915220 0.61127588
vn -0.74060289 0.09567227 0.66509711
vn -0.74055518 0.64474457 0.18942667
vn -0.74055942 0.56534355 0.36326082
vn -0.74062877 0.44001901 0.50779159
vn -0.77013240 -0.00000000 0.63788407
vn -0.77032651 -0.31868461 0.55230171
vn -0.77013841 -0.55226304 0.31920584
vn -0.77050866 -0.63742953 -0.00000000
vn -0.77013841 -0.55226304 -0.31920584
vn -0.77032651 -0.31868461 -0.55230171
vn -0.77013240 0.00000000 -0.63788407
vn -1.00000000 0.00000000 0.00000000
vn -0.77013240 0.63788407 0.00000000
vn -0.70710678 -0.70710678 0.00000000
vn -0.77032651 0.55230171 -0.31868461
vn -0.70710678 -0.70710678 0.00000000
vn -0.77032651 0.31868461 -0.55230171
vn -0.77032651 0.31868461 0.55230171
vn -0.77013240 -0.00000000 0.63788407
vn -1.00000000 0.00000000 0.00000000
vn -0.77032651 0.31868461 -0.55230171
vn -0.77013841 0.55226304 -0.31920584
vn -0.77050866 0.63742953 0.00000000
vn -0.77013841 0.55226304 0.31920584
vn -0.77013240 0.00000000 -0.63788407
vn -0.77013240 -0.63788407 -0.00000000
vn -0.70710678 0.70710678 0.00000000
vn -0.77032651 -0.55230171 0.31868461
vn -0.70710678 0.70710678 0.00000000
vn -0.77032651 -0.31868461 0.55230171
vn 0.77036594 -0.00000000 0.63760201
vn 0.77020974 0.31900816 0.55227778
vn 0.77020974 0.55227778 0.31900816
vn 0.77036594 0.63760201 0.00000000
vn 0.77020974 0.55227778 -0.31900816
vn 0.77020974 0.31900816 -0.55227778
vn 0.77036594 -0.00000000 -0.63760201
vn 0.77020974 -0.31900816 -0.55227778
vn 0.77020974 -0.55227778 -0.31900816
vn 0.77036594 -0.63760201 0.00000000
vn 0.77020974 -0.55227778 0.31900816
vn 0.77020974 -0.31900816 0.55227778
vn 0.66792822 0.00000000 0.74422570
vn 0.66803744 0.26887848 0.69385181
vn 0.66794093 0.50144726 0.54991414
vn 0.66806648 0.66609940 0.33166060
vn 0.66793495 0.74104076 0.06871313
vn 0.66805294 0.71572287 -0.20358301
vn 0.66795700 0.59397386 -0.44836202
vn 0.66796980 0.39170419 -0.63275917
vn 0.67730367 0.16832706 -0.71618834
vn 0.68693896 -0.00000000 -0.72671512
vn 0.67730367 -0.16832706 -0.71618834
vn 0.66796980 -0.39170419 -0.63275917
vn 0.66795700 -0.59397386 -0.44836202
vn 0.66805294 -0.71572287 -0.20358301
vn 0.66793495 -0.74104076 0.06871313
vn 0.66806648 -0.66609940 0.33166060
vn 0.66794093 -0.50144726 0.54991414
vn 0.66803744 -0.26887848 0.69385181
vn 0.77036594 0.00000000 0.63760201
vn 0.77020974 0.31900816 0.55227778
vn 0.77020974 0.55227778 0.31900816
vn 0.77036594 0.63760201 0.00000000
vn 0.77020974 0.55227778 -0.31900816
vn 0.77020974 0.31900816 -0.55227778
vn 0.77036594 0.00000000 -0.63760201
vn 0.77020974 -0.31900816 -0.55227778
vn 0.77020974 -0.55227778 -0.31900816
vn 0.77036594 -0.63760201 0.00000000
vn 0.77020974 -0.55227778 0.31900816
vn 0.77020974 -0.31900816 0.55227778
vn 0.66792822 0.00000000 0.74422570
vn 0.66803744 0.26887848 0.69385181
vn 0.66794093 0.50144726 0.54991414
vn 0.66806648 0.66609940 0.33166060
vn 0.66793495 0.74104076 0.06871313
vn 0.66805294 0.71572287 -0.20358301
vn 0.66795700 0.59397386 -0.44836202
vn 0.66796980 0.39170419 -0.63275917
vn 0.67730367 0.16832706 -0.71618834
vn 0.68693896 -0.00000000 -0.72671512
vn 0.67730367 -0.16832706 -0.71618834
vn 0.66796980 -0.39170419 -0.63275917
vn 0.66795700 -0.59397386 -0.44836202
vn 0.66805294 -0.71572287 -0.20358301
vn 0.66793495 -0.74104076 0.06871313
vn 0.66806648 -0.66609940 0.33166060
vn 0.66794093 -0.50144726 0.54991414
vn 0.66803744 -0.26887848 0.69385181
vn 0.77036594 -0.00000000 0.63760201
vn 0.77020974 0.31900816 0.55227778
vn 0.77020974 0.55227778 0.31900816
vn 0.77036594 0.63760201 0.00000000
vn 0.77020974 0.55227778 -0.31900816
vn 0.77020974 0.31900816 -0.55227778
vn 0.77036594 -0.00000000 -0.63760201
vn 0.77020974 -0.31900816 -0.55227778
vn 0.77020974 -0.55227778 -0.31900816
vn 0.77036594 -0.63760201 0.00000000
vn 0.77020974 -0.55227778 0.31900816
vn 0.77020974 -0.31900816 0.55227778
vn 0.66792822 0.00000000 0.74422570
vn 0.66803744 0.26887848 0.69385181
vn 0.66794093 0.50144726 0.54991414
vn 0.66806648 0.66609940 0.33166060
vn 0.66793495 0.74104076 0.06871313
vn 0.66805294 0.71572287 -0.20358301
vn 0.66795700 0.59397386 -0.44836202
vn 0.66796980 0.39170419 -0.63275917
vn 0.67730367 0.16832706 -0.71618834
vn 0.68693896 -0.00000000 -0.72671512
vn 0.67730367 -0.16832706 -0.71618834
vn 0.66796980 -0.39170419 -0.63275917
vn 0.66795700 -0.59397386 -0.44836202
vn 0.66805294 -0.71572287 -0.20358301
vn 0.66793495 -0.74104076 0.06871313
vn 0.66806648 -0.66609940 0.33166060
vn 0.66794093 -0.50144726 0.54991414
vn 0.66803744 -0.26887848 0.69385181
vn 0.77036594 0.00000000 0.63760201
vn 0.77020974 0.31900816 0.55227778
vn 0.77020974 0.55227778 0.31900816
vn 0.77036594 0.63760201 0.00000000
vn 0.77020974 0.55227778 -0.31900816
vn 0.77020974 0.31900816 -0.55227778
vn 0.77036594 0.00000000 -0.63760201
vn 0.77020974 -0.31900816 -0.55227778
vn 0.77020974 -0.55227778 -0.31900816
vn 0.77036594 -0.63760201 0.00000000
vn 0.77020974 -0.55227778 0.31900816
vn 0.77020974 -0.31900816 0.55227778
vn 0.66792822 0.00000000 0.74422570
vn 0.66803744 0.26887848 0.69385181
vn 0.66794093 0.50144726 0.54991414
vn 0.66806648 0.66609940 0.33166060
vn 0.66793495 0.74104076 0.06871313
vn 0.66805294 0.71572287 -0.20358301
vn 0.66795700 0.59397386 -0.44836202
vn 0.66796980 0.39170419 -0.63275917
vn 0.67730367 0.16832706 -0.71618834
vn 0.68693896 -0.00000000 -0.72671512
vn 0.67730367 -0.16832706 -0.71618834
vn 0.66796980 -0.39170419 -0.63275917
vn 0.66795700 -0.59397386 -0.44836202
vn 0.66805294 -0.71572287 -0.20358301
vn 0.66793495 -0.74104076 0.06871313
vn 0.66806648 -0.66609940 0.33166060
vn 0.66794093 -0.50144726 0.54991414
vn 0.66803744 -0.26887848 0.69385181
vn 0.65331672 -0.65547124 -0.37885977
vn 0.65317962 -0.37843501 -0.65585313
vn 1.00000000 0.00000000 0.00000000
vn 0.65332110 0.00000000 -0.75708093
vn 0.65317962 0.37843501 -0.65585313
vn 0.65331672 -0.37885977 0.65547124
vn 0.65331672 -0.65547124 0.37885977
vn 0.65304697 -0.75731740 0.00000000
vn 0.65317962 0.65585313 0.37843501
vn 0.65331672 0.37885977 0.65547124
vn 0.65304697 0.00000000 0.75731740
vn 0.65317962 0.65585313 -0.37843501
vn 0.65332110 0.75708093 -0.00000000
vn -0.77013240 -0.00000000 0.63788407
vn -0.77032651 0.31868461 0.55230171
vn -0.77032651 0.55230171 0.31868461
vn -0.77013240 0.63788407 0.00000000
vn -0.77032651 0.55230171 -0.31868461
vn -0.77013841 0.31920584 -0.55226304
vn -0.77050866 -0.00000000 -0.63742953
vn -0.77013841 -0.31920584 -0.55226304
vn -0.77013841 -0.55226304 -0.31920584
vn -0.77050866 -0.63742953 0.00000000
vn -0.77013841 -0.55226304 0.31920584
vn -0.77032651 -0.31868461 0.55230171
vn 0.65317962 -0.65585313 -0.37843501
vn 0.65317962 -0.37843501 -0.65585313
vn 1.00000000 0.00000000 0.00000000
vn 0.65332110 0.00000000 -0.75708093
vn 0.65317962 0.37843501 -0.65585313
vn 0.65331672 -0.37885977 0.65547124
vn 0.65317962 -0.65585313 0.37843501
vn 0.65332110 -0.75708093 0.00000000
vn 0.65331672 0.65547124 0.37885977
vn 0.65331672 0.37885977 0.65547124
vn 0.65304697 0.00000000 0.75731740
vn 0.65331672 0.65547124 -0.37885977
vn 0.65304697 0.75731740 -0.00000000
vn -0.77013240 -0.00000000 0.63788407
vn -0.77032651 0.31868461 0.55230171
vn -0.77013841 0.55226304 0.31920584
vn -0.77050866 0.63742953 -0.00000000
vn -0.77013841 0.55226304 -0.31920584
vn -0.77013841 0.31920584 -0.55226304
vn -0.77050866 -0.00000000 -0.63742953
vn -0.77013841 -0.31920584 -0.55226304
vn -0.77032651 -0.55230171 -0.31868461
vn -0.77013240 -0.63788407 -0.00000000
vn -0.77032651 -0.55230171 0.31868461
vn -0.77032651 -0.31868461 0.55230171
vn -0.68571873 -0.07126691 0.72436928
vn -0.66566147 -0.28563542 0.68942528
vn -0.66579238 -0.52759857 0.52759857
vn -0.66566147 -0.68942528 0.28563542
vn -0.68571873 -0.72436928 0.07126691
vn -0.68571873 0.07126691 0.72436928
vn -0.68571873 0.72436928 0.07126691
vn -0.66566147 0.68942528 0.28563542
vn -0.66579238 0.52759857 0.52759857
vn -0.66566147 0.28563542 0.68942528
vn -0.68571873 -0.72436928 -0.07126691
vn -0.66566147 -0.68942528 -0.28563542
vn -0.66579238 -0.52759857 -0.52759857
vn -0.66566147 -0.28563542 -0.68942528
vn -0.66579238 0.52759857 0.52759857
vn -0.66566147 0.68942528 0.28563542
vn -0.68571873 0.72436928 0.07126691
vn -0.68571873 -0.72436928 0.07126691
vn -0.66566147 -0.68942528 0.28563542
vn -0.68571873 0.07126691 0.72436928
vn -0.66566147 0.28563542 0.68942528
vn -0.68571873 -0.07126691 0.72436928
vn -0.66566147 -0.28563542 0.68942528
vn -0.66579238 -0.52759857 0.52759857
vn -0.66566147 0.28563542 -0.68942528
vn -0.66579238 0.52759857 -0.52759857
vn -0.66566147 0.68942528 -0.28563542
vn -0.68571873 0.72436928 -0.07126691
vn -0.68392923 -0.72540882 -0.07760701
vn -0.68392923 0.72540882 -0.07760701
vn -0.65331672 -0.65547124 0.37885977
vn -0.65317962 -0.37843501 0.65585313
vn -1.00000000 0.00000000 0.00000000
vn -0.65332110 0.00000000 0.75708093
vn -0.65317962 0.37843501 0.65585313
vn -0.65317962 -0.37843501 -0.65585313
vn -0.65331672 -0.65547124 -0.37885977
vn -0.65304697 -0.75731740 -0.00000000
vn -0.65317962 0.65585313 -0.37843501
vn -0.65317962 0.37843501 -0.65585313
vn -0.65332110 -0.00000000 -0.75708093
vn -0.65317962 0.65585313 0.37843501
vn -0.65332110 0.75708093 0.00000000
vn -0.77013240 0.00000000 -0.63788407
vn -0.77032651 0.31868461 -0.55230171
vn -0.77032651 0.55230171 -0.31868461
vn -0.77013240 0.63788407 0.00000000
vn -0.77032651 0.55230171 0.31868461
vn -0.77032651 0.31868461 0.55230171
vn -0.77013240 -0.00000000 0.63788407
vn -0.77032651 -0.31868461 0.55230171
vn -0.77013841 -0.55226304 0.31920584
vn -0.77050866 -0.63742953 0.00000000
vn -0.77013841 -0.55226304 -0.31920584
vn -0.77032651 -0.31868461 -0.55230171
vn -0.65317962 -0.65585313 0.37843501
vn -0.65317962 -0.37843501 0.65585313
vn -1.00000000 0.00000000 0.00000000
vn -0.65332110 0.00000000 0.75708093
vn -0.65317962 0.37843501 0.65585313
vn -0.65317962 -0.37843501 -0.65585313
vn -0.65317962 -0.65585313 -0.37843501
vn -0.65332110 -0.75708093 -0.00000000
vn -0.65331672 0.65547124 -0.37885977
vn -0.65317962 0.37843501 -0.65585313
vn -0.65332110 -0.00000000 -0.75708093
vn -0.65331672 0.65547124 0.37885977
vn -0.65304697 0.75731740 0.00000000
vn -0.77013240 0.00000000 -0.63788407
vn -0.77032651 0.31868461 -0.55230171
vn -0.77013841 0.55226304 -0.31920584
vn -0.77050866 0.63742953 0.00000000
vn -0.77013841 0.55226304 0.31920584
vn -0.77032651 0.31868461 0.55230171
vn -0.77013240 -0.00000000 0.63788407
vn -0.77032651 -0.31868461 0.55230171
vn -0.77032651 -0.55230171 0.31868461
vn -0.77013240 -0.63788407 0.00000000
vn -0.77032651 -0.55230171 -0.31868461
vn -0.77032651 -0.31868461 -0.55230171
vn 0.70770434 0.41928448 0.56864321
vn 0.66636310 0.54808550 0.50553190
vn 0.66635717 0.69813192 0.26187773
vn 0.66642832 0.74529812 -0.02009974
vn 0.66633219 0.68298480 -0.29922093
vn 0.66639064 0.51996342 -0.53437960
vn 0.66637090 0.28055857 -0.69082321
vn 0.68607670 0.07000575 -0.72415327
vn 0.68607670 -0.07000575 -0.72415327
vn 0.66637090 -0.28055857 -0.69082321
vn 0.66639064 -0.51996342 -0.53437960
vn 0.66633219 -0.68298480 -0.29922093
vn 0.66642832 -0.74529812 -0.02009974
vn 0.66635717 -0.69813192 0.26187773
vn 0.66636310 -0.54808550 0.50553190
vn 0.70770434 -0.41928448 0.56864321
vn 0.75409632 -0.48715362 0.44047712
vn 0.71210021 -0.61086954 0.34605158
vn 0.69023426 -0.05553175 0.72145194
vn 0.67411421 -0.22381116 0.70390241
vn 0.67430166 -0.42626297 0.60300675
vn 0.67407564 -0.58902946 0.44572001
vn 0.69023426 0.05553175 0.72145194
vn 0.75409632 0.48715362 0.44047712
vn 0.71210021 0.61086954 0.34605158
vn 0.67407564 0.58902946 0.44572001
vn 0.67430166 0.42626297 0.60300675
vn 0.67411421 0.22381116 0.70390241
vn -0.01097003 0.05642414 -0.99834662
vn -0.01741698 -0.05252705 -0.99846760
vn -0.72756097 -0.06066058 -0.68335594
vn -0.68773624 -0.06419013 -0.72311721
vn -0.72756097 0.06066058 -0.68335594
vn -0.68773624 0.06419013 -0.72311721
vn -0.66250098 0.09975291 -0.74238926
vn -0.66274557 -0.21547321 -0.71717474
vn -0.74876483 0.22930375 -0.62190917
vn -0.66229218 -0.49308461 -0.56412467
vn -0.66253774 -0.68213262 -0.30941694
vn -0.66392914 0.21691832 -0.71564275
vn -0.66392561 -0.10142880 -0.74088796
vn -0.66229218 0.49308461 -0.56412467
vn -0.66253774 0.68213262 -0.30941694
vn -0.66243641 0.62466623 -0.41348531
vn -0.66243679 0.39770320 -0.63483042
vn -0.70307778 0.66714188 -0.24617747
vn -0.74876464 0.57794447 -0.32454847
vn -0.74891249 0.43002936 -0.50418730
vn -0.66243679 -0.39770320 -0.63483042
vn -0.66243641 -0.62466623 -0.41348531
vn -0.70307778 -0.66714188 -0.24617747
vn -0.74876464 -0.57794447 -0.32454847
vn -0.74891249 -0.43002936 -0.50418730
vn -0.74876483 -0.22930375 -0.62190917
vn -0.71118069 -0.65953927 -0.24337209
vn -0.75797937 -0.54391469 -0.36003345
vn -0.75797888 -0.34629197 -0.55276568
vn -0.73980062 -0.13820350 -0.65847918
vn -0.75797888 0.34629197 -0.55276568
vn -0.75797937 0.54391469 -0.36003345
vn -0.74356847 0.13225056 -0.65545077
vn -0.66970479 -0.64751679 -0.36361726
vn -0.66958560 -0.48198702 -0.56510498
vn -0.66970463 -0.25690722 -0.69677427
vn -0.66958560 0.48198702 -0.56510498
vn -0.66970463 0.25690722 -0.69677427
vn -0.66970479 0.64751679 -0.36361726
vn -0.71118069 0.65953927 -0.24337209
f 1//1 2//2 3//3
f 3//3 2//2 4//4
f 5//5 6//6 7//7
f 8//8 9//9 10//10
f 10//10 9//9 11//11
f 10//10 11//11 7//7
f 7//7 11//11 12//12
f 7//7 12//12 5//5
f 13//13 14//14 15//15
f 16//16 17//17 18//18
f 18//18 17//17 19//19
f 18//18 19//19 20//20
f 21//21 22//22 18//18
f 6//6 23//23 7//7
f 7//7 23//23 24//24
f 7//7 24//24 25//25
f 26//26 15//15 27//27
f 27//27 15//15 28//28
f 26//26 29//29 15//15
f 15//15 29//29 30//30
f 15//15 30//30 10//10
f 10//10 30//30 31//31
f 10//10 31//31 8//8
f 25//25 32//32 7//7
f 7//7 32//32 33//33
f 7//7 33//33 18//18
f 18//18 33//33 34//34
f 18//18 34//34 16//16
f 35//35 36//36 20//20
f 18//18 22//22 15//15
f 15//15 14//14 28//28
f 28//28 14//14 37//37
f 28//28 37//37 38//38
f 38//38 37//37 39//39
f 38//38 39//39 40//40
f 22//22 41//41 15//15
f 15//15 41//41 42//42
f 15//15 42//42 43//43
f 43//43 44//44 15//15
f 15//15 44//44 45//45
f 15//15 45//45 13//13
f 46//46 47//47 18//18
f 18//18 47//47 48//48
f 18//18 48//48 21//21
f 40//40 49//49 38//38
f 38//38 49//49 50//50
f 38//38 50//50 51//51
f 51//51 50//50 52//52
f 51//51 52//52 20//20
f 20//20 52//52 53//53
f 20//20 53//53 35//35
f 36//36 54//54 20//20
f 20//20 54//54 55//55
f 20//20 55//55 18//18
f 18//18 55//55 56//56
f 18//18 56//56 46//46
f 57//57 58//58 59//59
f 60//60 61//61 62//62
f 62//62 61//61 63//63
f 62//62 63//63 64//64
f 59//59 65//65 57//57
f 57//57 65//65 66//66
f 57//57 66//66 67//67
f 67//67 66//66 68//68
f 67//67 68//68 69//69
f 70//70 71//71 62//62
f 62//62 71//71 72//72
f 62//62 72//72 60//60
f 60//60 72//72 73//73
f 60//60 73//73 74//74
f 64//64 75//75 62//62
f 62//62 75//75 76//76
f 62//62 76//76 57//57
f 57//57 76//76 77//77
f 57//57 77//77 58//58
f 78//78 79//79 80//80
f 80//80 79//79 81//81
f 80//80 81//81 62//62
f 62//62 81//81 82//82
f 62//62 82//82 83//83
f 83//83 84//84 62//62
f 62//62 84//84 85//85
f 62//62 85//85 70//70
f 86//86 87//87 88//88
f 88//88 87//87 89//89
f 88//88 89//89 90//90
f 90//90 89//89 60//60
f 90//90 60//60 91//91
f 91//91 60//60 74//74
f 86//86 92//92 87//87
f 87//87 92//92 93//93
f 87//87 93//93 94//94
f 69//69 95//95 67//67
f 67//67 95//95 96//96
f 67//67 96//96 97//97
f 97//97 98//98 67//67
f 67//67 98//98 99//99
f 67//67 99//99 80//80
f 80//80 99//99 100//100
f 80//80 100//100 101//101
f 102//102 103//103 80//80
f 103//103 104//104 80//80
f 80//80 104//104 105//105
f 80//80 105//105 78//78
f 101//101 106//106 80//80
f 80//80 106//106 107//107
f 80//80 107//107 102//102
f 102//102 107//107 87//87
f 102//102 87//87 108//108
f 108//108 87//87 94//94
f 109//109 67//67 110//110
f 110//110 67//67 80//80
f 111//111 109//109 112//112
f 112//112 109//109 110//110
f 113//113 111//111 114//114
f 114//114 111//111 112//112
f 115//115 116//116 117//117
f 117//117 116//116 118//118
f 119//119 115//115 120//120
f 120//120 115//115 117//117
f 120//120 117//117 114//114
f 114//114 117//117 113//113
f 115//115 121//121 116//116
f 116//116 121//121 122//122
f 122//122 121//121 123//123
f 122//122 123//123 124//124
f 124//124 123//123 125//125
f 124//124 125//125 126//126
f 125//125 127//127 126//126
f 126//126 127//127 128//128
f 128//128 127//127 129//129
f 128//128 129//129 130//130
f 130//130 129//129 131//131
f 130//130 131//131 132//132
f 132//132 131//131 133//133
f 132//132 133//133 134//134
f 133//133 135//135 134//134
f 134//134 135//135 136//136
f 136//136 135//135 137//137
f 136//136 137//137 138//138
f 138//138 137//137 139//139
f 138//138 139//139 140//140
f 140//140 139//139 141//141
f 140//140 141//141 142//142
f 141//141 143//143 142//142
f 142//142 143//143 144//144
f 144//144 143//143 145//145
f 144//144 145//145 146//146
f 146//146 145//145 147//147
f 146//146 147//147 148//148
f 147//147 149//149 148//148
f 148//148 149//149 150//150
f 149//149 151//151 150//150
f 150//150 151//151 152//152
f 151//151 153//153 152//152
f 152//152 153//153 154//154
f 153//153 155//155 154//154
f 154//154 155//155 156//156
f 155//155 157//157 156//156
f 156//156 157//157 158//158
f 158//158 157//157 159//159
f 158//158 159//159 160//160
f 160//160 159//159 161//161
f 160//160 161//161 162//162
f 161//161 163//163 162//162
f 162//162 163//163 164//164
f 164//164 163//163 165//165
f 164//164 165//165 166//166
f 166//166 165//165 167//167
f 166//166 167//167 168//168
f 168//168 167//167 169//169
f 168//168 169//169 170//170
f 169//169 171//171 170//170
f 170//170 171//171 172//172
f 172//172 171//171 173//173
f 172//172 173//173 174//174
f 174//174 173//173 175//175
f 174//174 175//175 176//176
f 176//176 175//175 177//177
f 176//176 177//177 178//178
f 177//177 179//179 178//178
f 178//178 179//179 180//180
f 180//180 179//179 181//181
f 180//180 181//181 182//182
f 182//182 181//181 183//183
f 182//182 183//183 184//184
f 183//183 185//185 184//184
f 184//184 185//185 186//186
f 187//187 188//188 186//186
f 185//185 189//189 190//190
f 191//191 192//192 190//190
f 190//190 192//192 187//187
f 190//190 187//187 185//185
f 185//185 187//187 186//186
f 193//193 192//192 194//194
f 194//194 192//192 191//191
f 195//195 193//193 196//196
f 196//196 193//193 194//194
f 18//18 197//197 7//7
f 7//7 197//197 198//198
f 197//197 199//199 198//198
f 198//198 199//199 200//200
f 201//201 202//202 203//203
f 203//203 202//202 204//204
f 203//203 204//204 205//205
f 206//206 207//207 203//203
f 203//203 207//207 208//208
f 203//203 208//208 201//201
f 209//209 210//210 203//203
f 203//203 210//210 211//211
f 203//203 211//211 206//206
f 205//205 212//212 203//203
f 203//203 212//212 213//213
f 203//203 213//213 209//209
f 214//214 215//215 216//216
f 216//216 215//215 217//217
f 216//216 217//217 218//218
f 219//219 220//220 216//216
f 216//216 220//220 221//221
f 216//216 221//221 214//214
f 222//222 223//223 216//216
f 216//216 223//223 224//224
f 216//216 224//224 219//219
f 218//218 225//225 216//216
f 216//216 225//225 226//226
f 216//216 226//226 222//222
f 227//227 228//228 229//229
f 229//229 228//228 230//230
f 229//229 230//230 231//231
f 232//232 233//233 229//229
f 229//229 233//233 234//234
f 229//229 234//234 227//227
f 235//235 236//236 229//229
f 229//229 236//236 237//237
f 229//229 237//237 232//232
f 231//231 238//238 229//229
f 229//229 238//238 239//239
f 229//229 239//239 235//235
f 240//240 241//241 242//242
f 242//242 241//241 243//243
f 242//242 243//243 244//244
f 245//245 246//246 242//242
f 242//242 246//246 247//247
f 242//242 247//247 240//240
f 248//248 249//249 242//242
f 242//242 249//249 250//250
f 242//242 250//250 245//245
f 244//244 251//251 242//242
f 242//242 251//251 252//252
f 242//242 252//252 248//248
f 253//253 254//254 255//255
f 255//255 254//254 256//256
f 255//255 256//256 257//257
f 258//258 259//259 255//255
f 255//255 259//259 260//260
f 255//255 260//260 253//253
f 261//261 262//262 255//255
f 255//255 262//262 263//263
f 255//255 263//263 258//258
f 257//257 264//264 255//255
f 255//255 264//264 265//265
f 255//255 265//265 261//261
f 266//266 267//267 268//268
f 268//268 267//267 269//269
f 268//268 269//269 270//270
f 271//271 272//272 268//268
f 268//268 272//272 273//273
f 268//268 273//273 266//266
f 274//274 275//275 268//268
f 268//268 275//275 276//276
f 268//268 276//276 271//271
f 270//270 277//277 268//268
f 268//268 277//277 278//278
f 268//268 278//278 274//274
f 188//188 279//279 280//280
f 184//184 186//186 281//281
f 281//281 186//186 188//188
f 281//281 188//188 282//282
f 282//282 188//188 280//280
f 122//122 124//124 148//148
f 148//148 124//124 126//126
f 152//152 283//283 150//150
f 150//150 283//283 284//284
f 150//150 284//284 148//148
f 148//148 284//284 285//285
f 148//148 285//285 286//286
f 146//146 148//148 144//144
f 144//144 148//148 126//126
f 144//144 126//126 142//142
f 142//142 126//126 128//128
f 116//116 122//122 118//118
f 118//118 122//122 148//148
f 118//118 148//148 287//287
f 287//287 148//148 286//286
f 182//182 184//184 180//180
f 180//180 184//184 162//162
f 180//180 162//162 178//178
f 178//178 162//162 164//164
f 154//154 156//156 281//281
f 281//281 156//156 158//158
f 281//281 158//158 184//184
f 184//184 158//158 160//160
f 184//184 160//160 162//162
f 138//138 140//140 136//136
f 136//136 140//140 142//142
f 136//136 142//142 134//134
f 134//134 142//142 128//128
f 134//134 128//128 132//132
f 132//132 128//128 130//130
f 174//174 176//176 172//172
f 172//172 176//176 178//178
f 172//172 178//178 170//170
f 170//170 178//178 164//164
f 170//170 164//164 168//168
f 168//168 164//164 166//166
f 288//288 154//154 289//289
f 289//289 154//154 281//281
f 289//289 281//281 290//290
f 290//290 281//281 291//291
f 288//288 292//292 154//154
f 154//154 292//292 293//293
f 154//154 293//293 152//152
f 293//293 294//294 152//152
f 152//152 294//294 295//295
f 152//152 295//295 283//283
f 283//283 295//295 296//296
f 283//283 296//296 297//297
f 297//297 298//298 283//283
f 283//283 298//298 299//299
f 283//283 299//299 291//291
f 291//291 299//299 300//300
f 291//291 300//300 290//290
f 117//117 118//118 287//287
f 117//117 287//287 301//301
f 301//301 287//287 286//286
f 301//301 286//286 302//302
f 302//302 286//286 285//285
f 302//302 285//285 303//303
f 304//304 282//282 280//280
f 304//304 280//280 305//305
f 305//305 280//280 279//279
f 305//305 279//279 306//306
f 306//306 279//279 188//188
f 306//306 188//188 187//187
f 307//307 303//303 284//284
f 284//284 303//303 285//285
f 304//304 308//308 282//282
f 282//282 308//308 281//281
f 183//183 181//181 157//157
f 157//157 181//181 179//179
f 147//147 145//145 121//121
f 121//121 145//145 143//143
f 309//309 310//310 119//119
f 119//119 310//310 311//311
f 159//159 157//157 161//161
f 161//161 157//157 179//179
f 161//161 179//179 163//163
f 163//163 179//179 177//177
f 153//153 312//312 155//155
f 155//155 312//312 3//3
f 155//155 3//3 157//157
f 157//157 3//3 4//4
f 157//157 4//4 313//313
f 185//185 183//183 189//189
f 189//189 183//183 157//157
f 189//189 157//157 314//314
f 314//314 157//157 313//313
f 151//151 149//149 315//315
f 123//123 121//121 125//125
f 125//125 121//121 143//143
f 125//125 143//143 127//127
f 127//127 143//143 141//141
f 167//167 165//165 169//169
f 169//169 165//165 163//163
f 169//169 163//163 171//171
f 171//171 163//163 177//177
f 171//171 177//177 173//173
f 173//173 177//177 175//175
f 149//149 147//147 315//315
f 315//315 147//147 121//121
f 315//315 121//121 311//311
f 311//311 121//121 115//115
f 311//311 115//115 119//119
f 131//131 129//129 133//133
f 133//133 129//129 127//127
f 133//133 127//127 135//135
f 135//135 127//127 141//141
f 135//135 141//141 137//137
f 137//137 141//141 139//139
f 153//153 151//151 316//316
f 316//316 151//151 317//317
f 316//316 318//318 153//153
f 153//153 318//318 319//319
f 153//153 319//319 312//312
f 312//312 319//319 320//320
f 312//312 320//320 321//321
f 322//322 323//323 315//315
f 315//315 323//323 324//324
f 315//315 324//324 151//151
f 151//151 324//324 325//325
f 151//151 325//325 317//317
f 321//321 326//326 312//312
f 312//312 326//326 327//327
f 312//312 327//327 322//322
f 322//322 327//327 328//328
f 322//322 328//328 323//323
f 308//308 329//329 281//281
f 281//281 329//329 291//291
f 330//330 331//331 332//332
f 332//332 331//331 333//333
f 331//331 62//62 333//333
f 333//333 62//62 57//57
f 199//199 330//330 200//200
f 200//200 330//330 332//332
f 190//190 189//189 314//314
f 190//190 314//314 334//334
f 334//334 314//314 313//313
f 334//334 313//313 335//335
f 335//335 313//313 4//4
f 335//335 4//4 2//2
f 336//336 311//311 310//310
f 336//336 310//310 337//337
f 337//337 310//310 309//309
f 337//337 309//309 338//338
f 338//338 309//309 119//119
f 338//338 119//119 120//120
f 333//333 57//57 67//67
f 332//332 339//339 200//200
f 200//200 339//339 329//329
f 187//187 192//192 306//306
f 306//306 192//192 305//305
f 305//305 192//192 304//304
f 304//304 192//192 193//193
f 304//304 193//193 308//308
f 308//308 193//193 195//195
f 308//308 195//195 329//329
f 329//329 195//195 10//10
f 329//329 10//10 200//200
f 200//200 10//10 7//7
f 200//200 7//7 198//198
f 332//332 333//333 339//339
f 339//339 333//333 67//67
f 339//339 67//67 307//307
f 307//307 67//67 109//109
f 307//307 109//109 303//303
f 303//303 109//109 111//111
f 303//303 111//111 302//302
f 302//302 111//111 113//113
f 302//302 113//113 301//301
f 301//301 113//113 117//117
f 329//329 339//339 291//291
f 291//291 339//339 283//283
f 339//339 307//307 283//283
f 283//283 307//307 284//284
f 197//197 18//18 15//15
f 199//199 340//340 330//330
f 330//330 340//340 341//341
f 120//120 114//114 338//338
f 338//338 114//114 337//337
f 337//337 114//114 336//336
f 336//336 114//114 112//112
f 336//336 112//112 342//342
f 342//342 112//112 110//110
f 342//342 110//110 341//341
f 341//341 110//110 80//80
f 341//341 80//80 330//330
f 330//330 80//80 62//62
f 330//330 62//62 331//331
f 199//199 197//197 340//340
f 340//340 197//197 15//15
f 340//340 15//15 1//1
f 1//1 15//15 196//196
f 1//1 196//196 2//2
f 2//2 196//196 194//194
f 2//2 194//194 335//335
f 335//335 194//194 191//191
f 335//335 191//191 334//334
f 334//334 191//191 190//190
f 340//340 1//1 312//312
f 312//312 1//1 3//3
f 341//341 340//340 322//322
f 322//322 340//340 312//312
f 342//342 341//341 315//315
f 315//315 341//341 322//322
f 336//336 342//342 311//311
f 311//311 342//342 315//315
f 10//10 195//195 15//15
f 15//15 195//195 196//196
f 343//343 13//13 344//344
f 344//344 13//13 45//45
f 344//344 45//45 345//345
f 345//345 45//45 44//44
f 345//345 44//44 346//346
f 346//346 44//44 43//43
f 346//346 43//43 347//347
f 347//347 43//43 42//42
f 347//347 42//42 348//348
f 348//348 42//42 41//41
f 348//348 41//41 349//349
f 349//349 41//41 22//22
f 349//349 22//22 350//350
f 350//350 22//22 21//21
f 350//350 21//21 351//351
f 351//351 21//21 48//48
f 351//351 48//48 352//352
f 352//352 48//48 47//47
f 352//352 47//47 353//353
f 353//353 47//47 46//46
f 353//353 46//46 354//354
f 354//354 46//46 56//56
f 354//354 56//56 355//355
f 355//355 56//56 55//55
f 355//355 55//55 356//356
f 356//356 55//55 54//54
f 356//356 54//54 357//357
f 357//357 54//54 36//36
f 357//357 36//36 358//358
f 358//358 36//36 35//35
f 358//358 35//35 359//359
f 359//359 35//35 53//53
f 359//359 53//53 360//360
f 360//360 53//53 52//52
f 360//360 52//52 361//361
f 361//361 52//52 50//50
f 361//361 50//50 362//362
f 362//362 50//50 49//49
f 362//362 49//49 363//363
f 363//363 49//49 40//40
f 363//363 40//40 364//364
f 364//364 40//40 39//39
f 364//364 39//39 365//365
f 365//365 39//39 37//37
f 365//365 37//37 366//366
f 366//366 37//37 14//14
f 366//366 14//14 343//343
f 343//343 14//14 13//13
f 258//258 263//263 355//355
f 355//355 356//356 258//258
f 258//258 356//356 357//357
f 258//258 357//357 259//259
f 357//357 358//358 259//259
f 259//259 358//358 359//359
f 259//259 359//359 260//260
f 359//359 360//360 260//260
f 260//260 360//360 361//361
f 260//260 361//361 253//253
f 361//361 362//362 253//253
f 253//253 362//362 363//363
f 253//253 363//363 254//254
f 363//363 364//364 254//254
f 254//254 364//364 365//365
f 254//254 365//365 256//256
f 365//365 366//366 256//256
f 256//256 366//366 343//343
f 256//256 343//343 257//257
f 343//343 344//344 257//257
f 257//257 344//344 345//345
f 257//257 345//345 264//264
f 345//345 346//346 264//264
f 264//264 346//346 347//347
f 264//264 347//347 265//265
f 347//347 348//348 265//265
f 265//265 348//348 349//349
f 265//265 349//349 261//261
f 349//349 350//350 261//261
f 261//261 350//350 351//351
f 261//261 351//351 262//262
f 351//351 352//352 262//262
f 262//262 352//352 353//353
f 262//262 353//353 263//263
f 263//263 353//353 354//354
f 263//263 354//354 355//355
f 367//367 75//75 368//368
f 368//368 75//75 64//64
f 368//368 64//64 369//369
f 369//369 64//64 63//63
f 369//369 63//63 370//370
f 370//370 63//63 61//61
f 370//370 61//61 371//371
f 371//371 61//61 60//60
f 371//371 60//60 372//372
f 372//372 60//60 89//89
f 372//372 89//89 373//373
f 373//373 89//89 87//87
f 373//373 87//87 374//374
f 374//374 87//87 107//107
f 374//374 107//107 375//375
f 375//375 107//107 106//106
f 375//375 106//106 376//376
f 376//376 106//106 101//101
f 376//376 101//101 377//377
f 377//377 101//101 100//100
f 377//377 100//100 378//378
f 378//378 100//100 99//99
f 378//378 99//99 379//379
f 379//379 99//99 98//98
f 379//379 98//98 380//380
f 380//380 98//98 97//97
f 380//380 97//97 381//381
f 381//381 97//97 96//96
f 381//381 96//96 382//382
f 382//382 96//96 95//95
f 382//382 95//95 383//383
f 383//383 95//95 69//69
f 383//383 69//69 384//384
f 384//384 69//69 68//68
f 384//384 68//68 385//385
f 385//385 68//68 66//66
f 385//385 66//66 386//386
f 386//386 66//66 65//65
f 386//386 65//65 387//387
f 387//387 65//65 59//59
f 387//387 59//59 388//388
f 388//388 59//59 58//58
f 388//388 58//58 389//389
f 389//389 58//58 77//77
f 389//389 77//77 390//390
f 390//390 77//77 76//76
f 390//390 76//76 367//367
f 367//367 76//76 75//75
f 379//379 245//245 250//250
f 379//379 380//380 245//245
f 245//245 380//380 381//381
f 245//245 381//381 246//246
f 381//381 382//382 246//246
f 246//246 382//382 383//383
f 246//246 383//383 247//247
f 383//383 384//384 247//247
f 247//247 384//384 385//385
f 247//247 385//385 240//240
f 385//385 386//386 240//240
f 240//240 386//386 387//387
f 240//240 387//387 241//241
f 387//387 388//388 241//241
f 241//241 388//388 389//389
f 241//241 389//389 243//243
f 389//389 390//390 243//243
f 243//243 390//390 367//367
f 243//243 367//367 244//244
f 367//367 368//368 244//244
f 244//244 368//368 369//369
f 244//244 369//369 251//251
f 369//369 370//370 251//251
f 251//251 370//370 371//371
f 251//251 371//371 252//252
f 371//371 372//372 252//252
f 252//252 372//372 373//373
f 252//252 373//373 248//248
f 373//373 374//374 248//248
f 248//248 374//374 375//375
f 248//248 375//375 249//249
f 375//375 376//376 249//249
f 249//249 376//376 377//377
f 249//249 377//377 250//250
f 250//250 377//377 378//378
f 250//250 378//378 379//379
f 391//391 70//70 392//392
f 392//392 70//70 85//85
f 392//392 85//85 393//393
f 393//393 85//85 84//84
f 393//393 84//84 394//394
f 394//394 84//84 83//83
f 394//394 83//83 395//395
f 395//395 83//83 82//82
f 395//395 82//82 396//396
f 396//396 82//82 81//81
f 396//396 81//81 397//397
f 397//397 81//81 79//79
f 397//397 79//79 398//398
f 398//398 79//79 78//78
f 398//398 78//78 399//399
f 399//399 78//78 105//105
f 399//399 105//105 400//400
f 400//400 105//105 104//104
f 400//400 104//104 401//401
f 401//401 104//104 103//103
f 401//401 103//103 402//402
f 402//402 103//103 102//102
f 402//402 102//102 403//403
f 403//403 102//102 108//108
f 403//403 108//108 404//404
f 404//404 108//108 94//94
f 404//404 94//94 405//405
f 405//405 94//94 93//93
f 405//405 93//93 406//406
f 406//406 93//93 92//92
f 406//406 92//92 407//407
f 407//407 92//92 86//86
f 407//407 86//86 408//408
f 408//408 86//86 88//88
f 408//408 88//88 409//409
f 409//409 88//88 90//90
f 409//409 90//90 410//410
f 410//410 90//90 91//91
f 410//410 91//91 411//411
f 411//411 91//91 74//74
f 411//411 74//74 412//412
f 412//412 74//74 73//73
f 412//412 73//73 413//413
f 413//413 73//73 72//72
f 413//413 72//72 414//414
f 414//414 72//72 71//71
f 414//414 71//71 391//391
f 391//391 71//71 70//70
f 232//232 237//237 403//403
f 403//403 404//404 232//232
f 232//232 404//404 405//405
f 232//232 405//405 233//233
f 405//405 406//406 233//233
f 233//233 406//406 407//407
f 233//233 407//407 234//234
f 407//407 408//408 234//234
f 234//234 408//408 409//409
f 234//234 409//409 227//227
f 409//409 410//410 227//227
f 227//227 410//410 411//411
f 227//227 411//411 228//228
f 411//411 412//412 228//228
f 228//228 412//412 413//413
f 228//228 413//413 230//230
f 413//413 414//414 230//230
f 230//230 414//414 391//391
f 230//230 391//391 231//231
f 391//391 392//392 231//231
f 231//231 392//392 393//393
f 231//231 393//393 238//238
f 393//393 394//394 238//238
f 238//238 394//394 395//395
f 238//238 395//395 239//239
f 395//395 396//396 239//239
f 239//239 396//396 397//397
f 239//239 397//397 235//235
f 397//397 398//398 235//235
f 235//235 398//398 399//399
f 235//235 399//399 236//236
f 399//399 400//400 236//236
f 236//236 400//400 401//401
f 236//236 401//401 237//237
f 237//237 401//401 402//402
f 237//237 402//402 403//403
f 289//289 224//224 288//288
f 288//288 224//224 223//223
f 288//288 223//223 292//292
f 292//292 223//223 222//222
f 292//292 222//222 293//293
f 293//293 222//222 226//226
f 293//293 226//226 294//294
f 294//294 226//226 225//225
f 294//294 225//225 295//295
f 295//295 225//225 218//218
f 295//295 218//218 296//296
f 296//296 218//218 217//217
f 296//296 217//217 297//297
f 297//297 217//217 215//215
f 297//297 215//215 298//298
f 298//298 215//215 214//214
f 298//298 214//214 299//299
f 299//299 214//214 221//221
f 299//299 221//221 300//300
f 300//300 221//221 220//220
f 300//300 220//220 290//290
f 290//290 220//220 219//219
f 290//290 219//219 289//289
f 289//289 219//219 224//224
f 324//324 211//211 325//325
f 325//325 211//211 210//210
f 325//325 210//210 317//317
f 317//317 210//210 209//209
f 317//317 209//209 316//316
f 316//316 209//209 213//213
f 316//316 213//213 318//318
f 318//318 213//213 212//212
f 318//318 212//212 319//319
f 319//319 212//212 205//205
f 319//319 205//205 320//320
f 320//320 205//205 204//204
f 320//320 204//204 321//321
f 321//321 204//204 202//202
f 321//321 202//202 326//326
f 326//326 202//202 201//201
f 326//326 201//201 327//327
f 327//327 201//201 208//208
f 327//327 208//208 328//328
f 328//328 208//208 207//207
f 328//328 207//207 323//323
f 323//323 207//207 206//206
f 323//323 206//206 324//324
f 324//324 206//206 211//211
f 415//415 271//271 276//276
f 415//415 416//416 271//271
f 271//271 416//416 417//417
f 271//271 417//417 272//272
f 417//417 418//418 272//272
f 272//272 418//418 419//419
f 272//272 419//419 273//273
f 419//419 420//420 273//273
f 273//273 420//420 421//421
f 273//273 421//421 266//266
f 421//421 422//422 266//266
f 266//266 422//422 423//423
f 266//266 423//423 267//267
f 423//423 424//424 267//267
f 267//267 424//424 425//425
f 267//267 425//425 269//269
f 425//425 426//426 269//269
f 269//269 426//426 427//427
f 269//269 427//427 270//270
f 427//427 428//428 270//270
f 270//270 428//428 429//429
f 270//270 429//429 277//277
f 429//429 430//430 277//277
f 277//277 430//430 431//431
f 277//277 431//431 278//278
f 431//431 432//432 278//278
f 278//278 432//432 433//433
f 278//278 433//433 274//274
f 433//433 434//434 274//274
f 274//274 434//434 435//435
f 274//274 435//435 275//275
f 435//435 436//436 275//275
f 275//275 436//436 437//437
f 275//275 437//437 276//276
f 276//276 437//437 438//438
f 276//276 438//438 415//415
f 427//427 29//29 428//428
f 428//428 29//29 26//26
f 428//428 26//26 429//429
f 429//429 26//26 27//27
f 429//429 27//27 430//430
f 430//430 27//27 28//28
f 430//430 28//28 431//431
f 431//431 28//28 38//38
f 431//431 38//38 432//432
f 432//432 38//38 51//51
f 432//432 51//51 433//433
f 433//433 51//51 20//20
f 433//433 20//20 434//434
f 434//434 20//20 19//19
f 434//434 19//19 435//435
f 435//435 19//19 17//17
f 435//435 17//17 436//436
f 436//436 17//17 16//16
f 436//436 16//16 437//437
f 437//437 16//16 34//34
f 437//437 34//34 438//438
f 438//438 34//34 33//33
f 438//438 33//33 415//415
f 415//415 33//33 32//32
f 415//415 32//32 416//416
f 416//416 32//32 25//25
f 416//416 25//25 417//417
f 417//417 25//25 24//24
f 417//417 24//24 418//418
f 418//418 24//24 23//23
f 418//418 23//23 419//419
f 419//419 23//23 6//6
f 419//419 6//6 420//420
f 420//420 6//6 5//5
f 420//420 5//5 421//421
f 421//421 5//5 12//12
f 421//421 12//12 422//422
f 422//422 12//12 11//11
f 422//422 11//11 423//423
f 423//423 11//11 9//9
f 423//423 9//9 424//424
f 424//424 9//9 8//8
f 424//424 8//8 425//425
f 425//425 8//8 31//31
f 425//425 31//31 426//426
f 426//426 31//31 30//30
f 426//426 30//30 427//427
f 427//427 30//30 29//29
f 439//439 440//440 441//441
f 442//442 443//443 444//444
f 444//444 443//443 445//445
f 446//446 447//447 448//448
f 449//449 450//450 451//451
f 452//452 453//453 445//445
f 445//445 453//453 454//454
f 455//455 456//456 457//457
f 458//458 457//457 459//459
f 459//459 457//457 460//460
f 459//459 460//460 461//461
f 461//461 460//460 462//462
f 463//463 464//464 465//465
f 466//466 467//467 468//468
f 468//468 467//467 469//469
f 470//470 471//471 452//452
f 452//452 471//471 472//472
f 452//452 472//472 453//453
f 453//453 472//472 468//468
f 453//453 468//468 457//457
f 457//457 468//468 469//469
f 457//457 469//469 460//460
f 448//448 455//455 446//446
f 446//446 455//455 457//457
f 446//446 457//457 473//473
f 474//474 475//475 476//476
f 464//464 477//477 465//465
f 465//465 477//477 478//478
f 465//465 478//478 479//479
f 480//480 481//481 458//458
f 458//458 481//481 482//482
f 458//458 482//482 457//457
f 457//457 482//482 439//439
f 457//457 439//439 473//473
f 473//473 439//439 441//441
f 483//483 484//484 457//457
f 465//465 485//485 486//486
f 486//486 487//487 465//465
f 465//465 487//487 445//445
f 465//465 445//445 463//463
f 463//463 445//445 454//454
f 488//488 489//489 490//490
f 490//490 489//489 444//444
f 476//476 483//483 474//474
f 474//474 483//483 457//457
f 474//474 457//457 491//491
f 491//491 457//457 456//456
f 491//491 456//456 492//492
f 492//492 456//456 493//493
f 494//494 495//495 496//496
f 487//487 497//497 445//445
f 445//445 497//497 498//498
f 445//445 498//498 444//444
f 444//444 498//498 499//499
f 444//444 499//499 490//490
f 500//500 501//501 502//502
f 502//502 501//501 503//503
f 502//502 503//503 465//465
f 465//465 503//503 504//504
f 465//465 504//504 505//505
f 506//506 507//507 508//508
f 508//508 507//507 489//489
f 508//508 489//489 509//509
f 502//502 449//449 500//500
f 500//500 449//449 451//451
f 500//500 451//451 510//510
f 510//510 451//451 511//511
f 510//510 511//511 506//506
f 506//506 511//511 512//512
f 506//506 512//512 507//507
f 513//513 514//514 457//457
f 509//509 489//489 515//515
f 515//515 489//489 488//488
f 515//515 488//488 516//516
f 516//516 488//488 517//517
f 516//516 517//517 518//518
f 518//518 517//517 519//519
f 518//518 519//519 505//505
f 505//505 519//519 520//520
f 505//505 520//520 465//465
f 465//465 520//520 521//521
f 465//465 521//521 485//485
f 522//522 523//523 457//457
f 496//496 513//513 494//494
f 494//494 513//513 457//457
f 494//494 457//457 524//524
f 524//524 457//457 484//484
f 524//524 484//484 525//525
f 525//525 484//484 526//526
f 527//527 528//528 529//529
f 529//529 522//522 527//527
f 527//527 522//522 457//457
f 527//527 457//457 530//530
f 530//530 457//457 514//514
f 530//530 514//514 531//531
f 531//531 514//514 532//532
f 533//533 534//534 523//523
f 523//523 534//534 535//535
f 523//523 535//535 457//457
f 457//457 535//535 536//536
f 537//537 538//538 536//536
f 536//536 538//538 539//539
f 536//536 539//539 457//457
f 457//457 539//539 540//540
f 457//457 540//540 541//541
f 541//541 540//540 542//542
f 541//541 542//542 543//543
f 544//544 457//457 545//545
f 545//545 457//457 541//541
f 545//545 541//541 546//546
f 546//546 541//541 547//547
f 546//546 547//547 548//548
f 548//548 547//547 549//549
f 548//548 549//549 550//550
f 551//551 453//453 552//552
f 552//552 453//453 457//457
f 553//553 511//511 554//554
f 554//554 511//511 451//451
f 555//555 556//556 557//557
f 558//558 559//559 560//560
f 560//560 559//559 561//561
f 552//552 562//562 563//563
f 563//563 562//562 564//564
f 563//563 564//564 561//561
f 561//561 564//564 565//565
f 561//561 565//565 560//560
f 566//566 567//567 563//563
f 563//563 567//567 568//568
f 563//563 568//568 552//552
f 552//552 568//568 569//569
f 552//552 569//569 551//551
f 570//570 571//571 572//572
f 573//573 574//574 575//575
f 575//575 574//574 576//576
f 577//577 578//578 579//579
f 579//579 578//578 580//580
f 581//581 582//582 583//583
f 583//583 582//582 584//584
f 585//585 586//586 551//551
f 587//587 588//588 589//589
f 590//590 591//591 592//592
f 592//592 591//591 593//593
f 592//592 593//593 580//580
f 594//594 595//595 596//596
f 572//572 585//585 570//570
f 570//570 585//585 551//551
f 570//570 551//551 597//597
f 597//597 551//551 569//569
f 597//597 569//569 598//598
f 598//598 569//569 599//599
f 600//600 601//601 551//551
f 557//557 577//577 555//555
f 555//555 577//577 579//579
f 555//555 579//579 602//602
f 602//602 579//579 603//603
f 602//602 603//603 604//604
f 604//604 603//603 605//605
f 606//606 596//596 584//584
f 584//584 596//596 592//592
f 584//584 592//592 583//583
f 583//583 592//592 580//580
f 583//583 580//580 607//607
f 607//607 580//580 578//578
f 607//607 578//578 608//608
f 608//608 578//578 609//609
f 589//589 600//600 587//587
f 587//587 600//600 551//551
f 587//587 551//551 610//610
f 610//610 551//551 586//586
f 610//610 586//586 611//611
f 611//611 586//586 612//612
f 613//613 614//614 615//615
f 616//616 617//617 551//551
f 618//618 619//619 606//606
f 606//606 619//619 620//620
f 606//606 620//620 596//596
f 596//596 620//620 621//621
f 596//596 621//621 594//594
f 622//622 623//623 624//624
f 615//615 616//616 613//613
f 613//613 616//616 551//551
f 613//613 551//551 625//625
f 625//625 551//551 601//601
f 625//625 601//601 626//626
f 626//626 601//601 627//627
f 628//628 618//618 629//629
f 629//629 618//618 606//606
f 629//629 606//606 630//630
f 630//630 606//606 631//631
f 554//554 632//632 553//553
f 553//553 632//632 633//633
f 553//553 633//633 634//634
f 635//635 636//636 637//637
f 638//638 622//622 639//639
f 639//639 622//622 624//624
f 639//639 624//624 629//629
f 629//629 624//624 640//640
f 629//629 640//640 628//628
f 554//554 641//641 632//632
f 632//632 641//641 642//642
f 632//632 642//642 643//643
f 643//643 642//642 644//644
f 643//643 644//644 645//645
f 646//646 553//553 647//647
f 647//647 553//553 634//634
f 647//647 634//634 639//639
f 639//639 634//634 648//648
f 639//639 648//648 638//638
f 649//649 650//650 551//551
f 651//651 652//652 653//653
f 653//653 652//652 654//654
f 653//653 654//654 623//623
f 623//623 654//654 655//655
f 623//623 655//655 624//624
f 645//645 644//644 656//656
f 656//656 644//644 596//596
f 656//656 596//596 651//651
f 651//651 596//596 595//595
f 651//651 595//595 652//652
f 637//637 649//649 635//635
f 635//635 649//649 551//551
f 635//635 551//551 657//657
f 657//657 551//551 617//617
f 657//657 617//617 658//658
f 658//658 617//617 659//659
f 660//660 661//661 650//650
f 650//650 661//661 662//662
f 650//650 662//662 551//551
f 551//551 662//662 575//575
f 551//551 575//575 579//579
f 579//579 575//575 576//576
f 579//579 576//576 603//603
f 465//465 596//596 502//502
f 502//502 596//596 644//644
f 464//464 593//593 591//591
f 464//464 591//591 477//477
f 477//477 591//591 590//590
f 477//477 590//590 478//478
f 478//478 590//590 592//592
f 478//478 592//592 479//479
f 479//479 592//592 596//596
f 479//479 596//596 465//465
f 541//541 563//563 547//547
f 547//547 563//563 561//561
f 568//568 540//540 569//569
f 569//569 540//540 539//539
f 535//535 570//570 536//536
f 536//536 570//570 597//597
f 585//585 523//523 586//586
f 586//586 523//523 522//522
f 530//530 587//587 527//527
f 527//527 587//587 610//610
f 600//600 514//514 601//601
f 601//601 514//514 513//513
f 524//524 613//613 494//494
f 494//494 613//613 625//625
f 616//616 484//484 617//617
f 617//617 484//484 483//483
f 491//491 635//635 474//474
f 474//474 635//635 657//657
f 649//649 456//456 650//650
f 650//650 456//456 455//455
f 473//473 575//575 446//446
f 446//446 575//575 662//662
f 576//576 439//439 603//603
f 603//603 439//439 482//482
f 459//459 555//555 458//458
f 458//458 555//555 602//602
f 577//577 460//460 578//578
f 578//578 460//460 469//469
f 472//472 583//583 468//468
f 468//468 583//583 607//607
f 584//584 452//452 606//606
f 606//606 452//452 445//445
f 629//629 444//444 639//639
f 639//639 444//444 489//489
f 472//472 471//471 583//583
f 583//583 471//471 581//581
f 471//471 470//470 581//581
f 581//581 470//470 582//582
f 470//470 452//452 582//582
f 582//582 452//452 584//584
f 459//459 461//461 555//555
f 555//555 461//461 556//556
f 461//461 462//462 556//556
f 556//556 462//462 557//557
f 462//462 460//460 557//557
f 557//557 460//460 577//577
f 473//473 441//441 575//575
f 575//575 441//441 573//573
f 441//441 440//440 573//573
f 573//573 440//440 574//574
f 440//440 439//439 574//574
f 574//574 439//439 576//576
f 491//491 492//492 635//635
f 635//635 492//492 636//636
f 492//492 493//493 636//636
f 636//636 493//493 637//637
f 493//493 456//456 637//637
f 637//637 456//456 649//649
f 524//524 525//525 613//613
f 613//613 525//525 614//614
f 525//525 526//526 614//614
f 614//614 526//526 615//615
f 526//526 484//484 615//615
f 615//615 484//484 616//616
f 530//530 531//531 587//587
f 587//587 531//531 588//588
f 531//531 532//532 588//588
f 588//588 532//532 589//589
f 532//532 514//514 589//589
f 589//589 514//514 600//600
f 535//535 534//534 570//570
f 570//570 534//534 571//571
f 534//534 533//533 571//571
f 571//571 533//533 572//572
f 533//533 523//523 572//572
f 572//572 523//523 585//585
f 541//541 543//543 563//563
f 563//563 543//543 566//566
f 543//543 542//542 566//566
f 566//566 542//542 567//567
f 542//542 540//540 567//567
f 567//567 540//540 568//568
f 548//548 550//550 560//560
f 560//560 550//550 558//558
f 550//550 549//549 558//558
f 558//558 549//549 559//559
f 549//549 547//547 559//559
f 559//559 547//547 561//561
f 548//548 560//560 546//546
f 546//546 560//560 565//565
f 539//539 538//538 569//569
f 569//569 538//538 599//599
f 538//538 537//537 599//599
f 599//599 537//537 598//598
f 537//537 536//536 598//598
f 598//598 536//536 597//597
f 522//522 529//529 586//586
f 586//586 529//529 612//612
f 529//529 528//528 612//612
f 612//612 528//528 611//611
f 528//528 527//527 611//611
f 611//611 527//527 610//610
f 513//513 496//496 601//601
f 601//601 496//496 627//627
f 496//496 495//495 627//627
f 627//627 495//495 626//626
f 495//495 494//494 626//626
f 626//626 494//494 625//625
f 483//483 476//476 617//617
f 617//617 476//476 659//659
f 476//476 475//475 659//659
f 659//659 475//475 658//658
f 475//475 474//474 658//658
f 658//658 474//474 657//657
f 455//455 448//448 650//650
f 650//650 448//448 660//660
f 448//448 447//447 660//660
f 660//660 447//447 661//661
f 447//447 446//446 661//661
f 661//661 446//446 662//662
f 482//482 481//481 603//603
f 603//603 481//481 605//605
f 481//481 480//480 605//605
f 605//605 480//480 604//604
f 480//480 458//458 604//604
f 604//604 458//458 602//602
f 469//469 467//467 578//578
f 578//578 467//467 609//609
f 467//467 466//466 609//609
f 609//609 466//466 608//608
f 466//466 468//468 608//608
f 608//608 468//468 607//607
f 445//445 443//443 606//606
f 606//606 443//443 631//631
f 443//443 442//442 631//631
f 631//631 442//442 630//630
f 442//442 444//444 630//630
f 630//630 444//444 629//629
f 510//510 633//633 500//500
f 500//500 633//633 632//632
f 500//500 632//632 501//501
f 501//501 632//632 643//643
f 501//501 643//643 503//503
f 503//503 643//643 645//645
f 503//503 645//645 504//504
f 504//504 645//645 656//656
f 504//504 656//656 505//505
f 505//505 656//656 651//651
f 505//505 651//651 518//518
f 518//518 651//651 653//653
f 518//518 653//653 516//516
f 516//516 653//653 623//623
f 516//516 623//623 515//515
f 515//515 623//623 622//622
f 515//515 622//622 509//509
f 509//509 622//622 638//638
f 509//509 638//638 508//508
f 508//508 638//638 648//648
f 508//508 648//648 506//506
f 506//506 648//648 634//634
f 506//506 634//634 510//510
f 510//510 634//634 633//633
f 519//519 654//654 520//520
f 520//520 654//654 652//652
f 520//520 652//652 521//521
f 521//521 652//652 595//595
f 521//521 595//595 485//485
f 485//485 595//595 594//594
f 485//485 594//594 486//486
f 486//486 594//594 621//621
f 486//486 621//621 487//487
f 487//487 621//621 620//620
f 487//487 620//620 497//497
f 497//497 620//620 619//619
f 497//497 619//619 498//498
f 498//498 619//619 618//618
f 498//498 618//618 499//499
f 499//499 618//618 628//628
f 499//499 628//628 490//490
f 490//490 628//628 640//640
f 490//490 640//640 488//488
f 488//488 640//640 624//624
f 488//488 624//624 517//517
f 517//517 624//624 655//655
f 517//517 655//655 519//519
f 519//519 655//655 654//654
f 511//511 553//553 646//646
f 511//511 646//646 512//512
f 512//512 646//646 647//647
f 512//512 647//647 507//507
f 507//507 647//647 639//639
f 507//507 639//639 489//489
f 502//502 644//644 642//642
f 502//502 642//642 449//449
f 449//449 642//642 641//641
f 449//449 641//641 450//450
f 450//450 641//641 554//554
f 450//450 554//554 451//451
f 453//453 551//551 454//454
f 454//454 551//551 579//579
f 454//454 579//579 463//463
f 463//463 579//579 580//580
f 463//463 580//580 464//464
f 464//464 580//580 593//593
f 552//552 457//457 544//544
f 552//552 544//544 562//562
f 562//562 544//544 545//545
f 562//562 545//545 564//564
f 564//564 545//545 546//546
f 564//564 546//546 565//565
f 663//663 664//664 665//665
f 666//666 667//667 668//668
f 669//669 670//670 671//671
f 672//672 673//673 674//674
f 675//675 676//676 677//677
f 678//678 679//679 680//680
f 681//681 682//682 683//683
f 684//684 685//685 686//686
f 686//686 685//685 687//687
f 686//686 687//687 681//681
f 688//688 678//678 689//689
f 689//689 678//678 680//680
f 689//689 680//680 690//690
f 690//690 680//680 691//691
f 692//692 693//693 694//694
f 694//694 693//693 695//695
f 694//694 695//695 696//696
f 697//697 698//698 674//674
f 698//698 699//699 674//674
f 674//674 699//699 700//700
f 674//674 700//700 672//672
f 701//701 702//702 703//703
f 703//703 704//704 701//701
f 701//701 704//704 705//705
f 701//701 705//705 706//706
f 707//707 701//701 708//708
f 708//708 701//701 709//709
f 708//708 709//709 710//710
f 707//707 711//711 701//701
f 701//701 711//711 712//712
f 701//701 712//712 702//702
f 702//702 712//712 713//713
f 702//702 713//713 714//714
f 714//714 713//713 715//715
f 714//714 715//715 716//716
f 716//716 715//715 717//717
f 716//716 717//717 718//718
f 718//718 717//717 719//719
f 718//718 719//719 680//680
f 680//680 719//719 720//720
f 679//679 721//721 722//722
f 722//722 723//723 679//679
f 679//679 723//723 724//724
f 679//679 724//724 680//680
f 680//680 724//724 725//725
f 680//680 725//725 718//718
f 726//726 727//727 728//728
f 728//728 727//727 729//729
f 728//728 729//729 721//721
f 721//721 729//729 730//730
f 721//721 730//730 722//722
f 684//684 731//731 726//726
f 726//726 731//731 732//732
f 726//726 732//732 727//727
f 686//686 733//733 734//734
f 735//735 736//736 674//674
f 674//674 736//736 737//737
f 674//674 737//737 738//738
f 738//738 737//737 739//739
f 738//738 739//739 740//740
f 735//735 674//674 741//741
f 741//741 674//674 673//673
f 741//741 673//673 742//742
f 742//742 673//673 743//743
f 743//743 673//673 744//744
f 743//743 744//744 745//745
f 745//745 744//744 746//746
f 745//745 746//746 734//734
f 734//734 746//746 747//747
f 734//734 747//747 686//686
f 686//686 747//747 748//748
f 686//686 748//748 684//684
f 684//684 748//748 749//749
f 684//684 749//749 731//731
f 750//750 751//751 752//752
f 753//753 754//754 755//755
f 756//756 757//757 758//758
f 753//753 759//759 754//754
f 754//754 759//759 760//760
f 754//754 760//760 761//761
f 761//761 760//760 762//762
f 761//761 762//762 763//763
f 763//763 762//762 764//764
f 763//763 764//764 765//765
f 765//765 764//764 766//766
f 765//765 766//766 756//756
f 756//756 766//766 767//767
f 756//756 767//767 757//757
f 768//768 769//769 770//770
f 770//770 769//769 771//771
f 769//769 772//772 771//771
f 771//771 772//772 773//773
f 771//771 773//773 774//774
f 774//774 773//773 765//765
f 774//774 765//765 775//775
f 775//775 765//765 756//756
f 775//775 756//756 776//776
f 776//776 756//756 777//777
f 778//778 779//779 780//780
f 770//770 781//781 768//768
f 768//768 781//781 782//782
f 768//768 782//782 783//783
f 783//783 782//782 784//784
f 785//785 786//786 671//671
f 787//787 788//788 789//789
f 789//789 788//788 790//790
f 786//786 791//791 671//671
f 671//671 791//791 701//701
f 671//671 701//701 669//669
f 669//669 701//701 706//706
f 788//788 792//792 790//790
f 790//790 792//792 793//793
f 790//790 793//793 671//671
f 671//671 793//793 794//794
f 671//671 794//794 785//785
f 795//795 796//796 671//671
f 674//674 797//797 798//798
f 670//670 697//697 671//671
f 671//671 697//697 674//674
f 671//671 674//674 795//795
f 795//795 674//674 798//798
f 796//796 799//799 671//671
f 671//671 799//799 800//800
f 671//671 800//800 790//790
f 790//790 800//800 801//801
f 790//790 801//801 802//802
f 803//803 804//804 805//805
f 805//805 804//804 806//806
f 805//805 806//806 807//807
f 807//807 806//806 808//808
f 807//807 808//808 802//802
f 802//802 808//808 809//809
f 802//802 809//809 790//790
f 810//810 811//811 752//752
f 752//752 811//811 753//753
f 752//752 753//753 750//750
f 750//750 753//753 755//755
f 812//812 663//663 813//813
f 813//813 663//663 753//753
f 813//813 753//753 814//814
f 814//814 753//753 811//811
f 815//815 816//816 817//817
f 817//817 816//816 818//818
f 817//817 818//818 752//752
f 752//752 818//818 819//819
f 752//752 819//819 810//810
f 812//812 820//820 663//663
f 663//663 820//820 821//821
f 663//663 821//821 664//664
f 664//664 821//821 822//822
f 664//664 822//822 823//823
f 823//823 822//822 815//815
f 695//695 824//824 696//696
f 696//696 824//824 825//825
f 696//696 825//825 826//826
f 826//826 825//825 827//827
f 826//826 827//827 828//828
f 829//829 830//830 831//831
f 831//831 832//832 829//829
f 829//829 832//832 833//833
f 829//829 833//833 834//834
f 834//834 833//833 835//835
f 834//834 835//835 836//836
f 691//691 680//680 837//837
f 837//837 680//680 720//720
f 837//837 720//720 838//838
f 838//838 720//720 839//839
f 838//838 839//839 840//840
f 841//841 842//842 843//843
f 843//843 842//842 782//782
f 782//782 842//842 844//844
f 782//782 844//844 845//845
f 845//845 846//846 782//782
f 782//782 846//846 778//778
f 782//782 778//778 784//784
f 784//784 778//778 780//780
f 846//846 847//847 778//778
f 778//778 847//847 848//848
f 778//778 848//848 668//668
f 668//668 848//848 849//849
f 668//668 849//849 666//666
f 850//850 851//851 852//852
f 852//852 851//851 853//853
f 852//852 853//853 667//667
f 854//854 855//855 856//856
f 856//856 855//855 857//857
f 856//856 857//857 858//858
f 858//858 857//857 859//859
f 859//859 860//860 858//858
f 858//858 860//860 861//861
f 858//858 861//861 862//862
f 862//862 861//861 863//863
f 862//862 863//863 864//864
f 865//865 866//866 867//867
f 867//867 866//866 868//868
f 867//867 868//868 869//869
f 869//869 868//868 870//870
f 869//869 870//870 871//871
f 681//681 683//683 686//686
f 686//686 683//683 872//872
f 686//686 872//872 733//733
f 733//733 872//872 873//873
f 733//733 873//873 874//874
f 797//797 674//674 875//875
f 875//875 674//674 738//738
f 875//875 738//738 876//876
f 751//751 804//804 752//752
f 752//752 804//804 803//803
f 752//752 803//803 817//817
f 817//817 803//803 877//877
f 817//817 877//877 878//878
f 878//878 879//879 817//817
f 817//817 879//879 880//880
f 817//817 880//880 738//738
f 738//738 880//880 881//881
f 738//738 881//881 876//876
f 781//781 882//882 782//782
f 782//782 882//882 883//883
f 782//782 883//883 843//843
f 843//843 883//883 884//884
f 843//843 884//884 885//885
f 885//885 886//886 843//843
f 843//843 886//886 887//887
f 843//843 887//887 834//834
f 834//834 887//887 888//888
f 888//888 889//889 834//834
f 834//834 889//889 890//890
f 834//834 890//890 829//829
f 829//829 890//890 891//891
f 829//829 891//891 756//756
f 756//756 891//891 892//892
f 756//756 892//892 777//777
f 893//893 894//894 867//867
f 758//758 895//895 756//756
f 756//756 895//895 896//896
f 756//756 896//896 869//869
f 869//869 896//896 897//897
f 869//869 897//897 867//867
f 867//867 897//897 898//898
f 867//867 898//898 893//893
f 899//899 900//900 663//663
f 663//663 900//900 901//901
f 663//663 901//901 753//753
f 753//753 901//901 902//902
f 753//753 902//902 759//759
f 791//791 903//903 701//701
f 701//701 903//903 904//904
f 701//701 904//904 709//709
f 709//709 904//904 905//905
f 709//709 905//905 906//906
f 906//906 907//907 709//709
f 709//709 907//907 908//908
f 709//709 908//908 668//668
f 668//668 908//908 909//909
f 789//789 910//910 787//787
f 787//787 910//910 779//779
f 787//787 779//779 911//911
f 911//911 779//779 778//778
f 911//911 778//778 912//912
f 912//912 778//778 668//668
f 912//912 668//668 913//913
f 913//913 668//668 909//909
f 667//667 853//853 668//668
f 668//668 853//853 838//838
f 668//668 838//838 709//709
f 709//709 838//838 840//840
f 709//709 840//840 710//710
f 815//815 817//817 823//823
f 823//823 817//817 738//738
f 823//823 738//738 873//873
f 873//873 738//738 740//740
f 873//873 740//740 874//874
f 692//692 675//675 693//693
f 693//693 675//675 677//677
f 693//693 677//677 836//836
f 836//836 677//677 914//914
f 836//836 914//914 834//834
f 834//834 914//914 851//851
f 834//834 851//851 843//843
f 843//843 851//851 850//850
f 843//843 850//850 841//841
f 915//915 864//864 916//916
f 916//916 864//864 863//863
f 916//916 863//863 917//917
f 917//917 863//863 865//865
f 917//917 865//865 665//665
f 665//665 865//865 867//867
f 665//665 867//867 663//663
f 663//663 867//867 894//894
f 663//663 894//894 899//899
f 871//871 854//854 869//869
f 869//869 854//854 856//856
f 869//869 856//856 756//756
f 756//756 856//856 918//918
f 756//756 918//918 829//829
f 829//829 918//918 826//826
f 829//829 826//826 830//830
f 830//830 826//826 828//828
f 858//858 862//862 919//919
f 920//920 694//694 696//696
f 696//696 826//826 920//920
f 920//920 826//826 918//918
f 920//920 918//918 919//919
f 919//919 918//918 856//856
f 919//919 856//856 858//858
f 921//921 922//922 923//923
f 924//924 925//925 926//926
f 927//927 928//928 929//929
f 930//930 931//931 932//932
f 933//933 934//934 935//935
f 936//936 937//937 938//938
f 939//939 940//940 941//941
f 942//942 943//943 944//944
f 944//944 943//943 945//945
f 944//944 945//945 946//946
f 946//946 945//945 947//947
f 948//948 949//949 950//950
f 950//950 949//949 951//951
f 952//952 953//953 949//949
f 949//949 953//953 954//954
f 949//949 954//954 951//951
f 955//955 956//956 952//952
f 957//957 958//958 959//959
f 959//959 958//958 960//960
f 959//959 960//960 961//961
f 952//952 956//956 962//962
f 962//962 956//956 963//963
f 962//962 963//963 964//964
f 965//965 966//966 967//967
f 965//965 967//967 968//968
f 963//963 969//969 964//964
f 964//964 969//969 970//970
f 964//964 970//970 965//965
f 965//965 970//970 971//971
f 965//965 971//971 966//966
f 972//972 973//973 965//965
f 965//965 973//973 974//974
f 965//965 974//974 964//964
f 974//974 975//975 964//964
f 964//964 975//975 976//976
f 964//964 976//976 977//977
f 977//977 976//976 978//978
f 977//977 978//978 934//934
f 934//934 978//978 979//979
f 979//979 980//980 934//934
f 934//934 980//980 981//981
f 934//934 981//981 935//935
f 935//935 981//981 982//982
f 983//983 984//984 985//985
f 985//985 984//984 986//986
f 985//985 986//986 987//987
f 988//988 989//989 990//990
f 990//990 989//989 991//991
f 990//990 991//991 932//932
f 932//932 991//991 992//992
f 932//932 992//992 930//930
f 993//993 994//994 995//995
f 995//995 994//994 996//996
f 995//995 996//996 997//997
f 998//998 999//999 1000//1000
f 1000//1000 999//999 1001//1001
f 1000//1000 1001//1001 1002//1002
f 1002//1002 1001//1001 988//988
f 1002//1002 988//988 1003//1003
f 1004//1004 1005//1005 1006//1006
f 1005//1005 1007//1007 1006//1006
f 1006//1006 1007//1007 1008//1008
f 1006//1006 1008//1008 1009//1009
f 1006//1006 1010//1010 1011//1011
f 1011//1011 1012//1012 1006//1006
f 1006//1006 1012//1012 999//999
f 1006//1006 999//999 1004//1004
f 1004//1004 999//999 998//998
f 1012//1012 1013//1013 999//999
f 999//999 1013//1013 1014//1014
f 999//999 1014//1014 1015//1015
f 1015//1015 1014//1014 1016//1016
f 1015//1015 1016//1016 940//940
f 940//940 1016//1016 1017//1017
f 1017//1017 1018//1018 940//940
f 940//940 1018//1018 1019//1019
f 940//940 1019//1019 941//941
f 941//941 1019//1019 1020//1020
f 1021//1021 1022//1022 1023//1023
f 1023//1023 1022//1022 1024//1024
f 1025//1025 929//929 1006//1006
f 1006//1006 929//929 928//928
f 1006//1006 928//928 1010//1010
f 1025//1025 1026//1026 929//929
f 929//929 1026//1026 1027//1027
f 929//929 1027//1027 1022//1022
f 1022//1022 1027//1027 1028//1028
f 1022//1022 1028//1028 1024//1024
f 1009//1009 1029//1029 1006//1006
f 1006//1006 1029//1029 1030//1030
f 1006//1006 1030//1030 1025//1025
f 1031//1031 1032//1032 1033//1033
f 1033//1033 1032//1032 1034//1034
f 1033//1033 1034//1034 1009//1009
f 1009//1009 1034//1034 1035//1035
f 1009//1009 1035//1035 1029//1029
f 1036//1036 938//938 965//965
f 965//965 938//938 937//937
f 965//965 937//937 972//972
f 1036//1036 1037//1037 938//938
f 938//938 1037//1037 1038//1038
f 938//938 1038//1038 1039//1039
f 1039//1039 1038//1038 1040//1040
f 1039//1039 1040//1040 1041//1041
f 968//968 1042//1042 965//965
f 965//965 1042//1042 1043//1043
f 965//965 1043//1043 1036//1036
f 1023//1023 1044//1044 1021//1021
f 1021//1021 1044//1044 1045//1045
f 1021//1021 1045//1045 968//968
f 968//968 1045//1045 1046//1046
f 968//968 1046//1046 1042//1042
f 1047//1047 1048//1048 1021//1021
f 1048//1048 1049//1049 1021//1021
f 1021//1021 1049//1049 1050//1050
f 1021//1021 1050//1050 1022//1022
f 1022//1022 1050//1050 1051//1051
f 1052//1052 1053//1053 1054//1054
f 1055//1055 1056//1056 1057//1057
f 1057//1057 1056//1056 1058//1058
f 1057//1057 1058//1058 1059//1059
f 1060//1060 1061//1061 1062//1062
f 1063//1063 1064//1064 1033//1033
f 1065//1065 1066//1066 1039//1039
f 1063//1063 1033//1033 1067//1067
f 1041//1041 1031//1031 1039//1039
f 1039//1039 1031//1031 1033//1033
f 1039//1039 1033//1033 1065//1065
f 1065//1065 1033//1033 1064//1064
f 1068//1068 1069//1069 1070//1070
f 1070//1070 1069//1069 1071//1071
f 1070//1070 1071//1071 1072//1072
f 987//987 933//933 985//985
f 985//985 933//933 935//935
f 985//985 935//935 1071//1071
f 1071//1071 935//935 1062//1062
f 1071//1071 1062//1062 1072//1072
f 1072//1072 1062//1062 1061//1061
f 982//982 936//936 935//935
f 935//935 936//936 938//938
f 935//935 938//938 1062//1062
f 1062//1062 938//938 1039//1039
f 1062//1062 1039//1039 1060//1060
f 1060//1060 1039//1039 1066//1066
f 967//967 957//957 968//968
f 968//968 957//957 959//959
f 968//968 959//959 1021//1021
f 1021//1021 959//959 926//926
f 1021//1021 926//926 1047//1047
f 1047//1047 926//926 925//925
f 1055//1055 924//924 1056//1056
f 1056//1056 924//924 926//926
f 1056//1056 926//926 949//949
f 949//949 926//926 959//959
f 949//949 959//959 952//952
f 952//952 959//959 961//961
f 952//952 961//961 955//955
f 1068//1068 921//921 1069//1069
f 1069//1069 921//921 923//923
f 1069//1069 923//923 990//990
f 990//990 923//923 995//995
f 990//990 995//995 988//988
f 988//988 995//995 997//997
f 988//988 997//997 1003//1003
f 922//922 1067//1067 923//923
f 923//923 1067//1067 1033//1033
f 923//923 1033//1033 995//995
f 995//995 1033//1033 1009//1009
f 995//995 1009//1009 993//993
f 993//993 1009//1009 1008//1008
f 1051//1051 1052//1052 1022//1022
f 1022//1022 1052//1052 1054//1054
f 1022//1022 1054//1054 929//929
f 929//929 1054//1054 941//941
f 929//929 941//941 927//927
f 927//927 941//941 1020//1020
f 1053//1053 1059//1059 1054//1054
f 1054//1054 1059//1059 1058//1058
f 1054//1054 1058//1058 941//941
f 941//941 1058//1058 943//943
f 941//941 943//943 939//939
f 939//939 943//943 942//942
f 1073//1073 993//993 1074//1074
f 1074//1074 993//993 1008//1008
f 1074//1074 1008//1008 1075//1075
f 1075//1075 1008//1008 1007//1007
f 1075//1075 1007//1007 1076//1076
f 1076//1076 1007//1007 1005//1005
f 1076//1076 1005//1005 1077//1077
f 1077//1077 1005//1005 1004//1004
f 1077//1077 1004//1004 1078//1078
f 1078//1078 1004//1004 998//998
f 1078//1078 998//998 1079//1079
f 1079//1079 998//998 1000//1000
f 1079//1079 1000//1000 1080//1080
f 1080//1080 1000//1000 1002//1002
f 1080//1080 1002//1002 1081//1081
f 1081//1081 1002//1002 1003//1003
f 1081//1081 1003//1003 1082//1082
f 1082//1082 1003//1003 997//997
f 1082//1082 997//997 1083//1083
f 1083//1083 997//997 996//996
f 1083//1083 996//996 1084//1084
f 1084//1084 996//996 994//994
f 1084//1084 994//994 1073//1073
f 1073//1073 994//994 993//993
f 911//911 1085//1085 787//787
f 787//787 1085//1085 1086//1086
f 787//787 1086//1086 788//788
f 788//788 1086//1086 1087//1087
f 788//788 1087//1087 792//792
f 792//792 1087//1087 1088//1088
f 792//792 1088//1088 793//793
f 793//793 1088//1088 1089//1089
f 793//793 1089//1089 794//794
f 794//794 1089//1089 1090//1090
f 794//794 1090//1090 785//785
f 785//785 1090//1090 1091//1091
f 785//785 1091//1091 786//786
f 786//786 1091//1091 1092//1092
f 786//786 1092//1092 791//791
f 791//791 1092//1092 1093//1093
f 791//791 1093//1093 903//903
f 903//903 1093//1093 1094//1094
f 903//903 1094//1094 904//904
f 904//904 1094//1094 1095//1095
f 904//904 1095//1095 905//905
f 905//905 1095//1095 1096//1096
f 905//905 1096//1096 906//906
f 906//906 1096//1096 1097//1097
f 906//906 1097//1097 907//907
f 907//907 1097//1097 1098//1098
f 907//907 1098//1098 908//908
f 908//908 1098//1098 1099//1099
f 908//908 1099//1099 909//909
f 909//909 1099//1099 1100//1100
f 909//909 1100//1100 913//913
f 913//913 1100//1100 1101//1101
f 913//913 1101//1101 912//912
f 912//912 1101//1101 1102//1102
f 912//912 1102//1102 911//911
f 911//911 1102//1102 1085//1085
f 1075//1075 1087//1087 1074//1074
f 1074//1074 1087//1087 1086//1086
f 1074//1074 1086//1086 1073//1073
f 1073//1073 1086//1086 1085//1085
f 1073//1073 1085//1085 1084//1084
f 1077//1077 1090//1090 1076//1076
f 1076//1076 1090//1090 1089//1089
f 1076//1076 1089//1089 1075//1075
f 1075//1075 1089//1089 1088//1088
f 1075//1075 1088//1088 1087//1087
f 1085//1085 1102//1102 1084//1084
f 1084//1084 1102//1102 1101//1101
f 1084//1084 1101//1101 1083//1083
f 1083//1083 1101//1101 1100//1100
f 1083//1083 1100//1100 1082//1082
f 1079//1079 1093//1093 1078//1078
f 1078//1078 1093//1093 1092//1092
f 1078//1078 1092//1092 1077//1077
f 1077//1077 1092//1092 1091//1091
f 1077//1077 1091//1091 1090//1090
f 1080//1080 1095//1095 1079//1079
f 1079//1079 1095//1095 1094//1094
f 1079//1079 1094//1094 1093//1093
f 1100//1100 1099//1099 1082//1082
f 1082//1082 1099//1099 1098//1098
f 1082//1082 1098//1098 1081//1081
f 1081//1081 1098//1098 1097//1097
f 1081//1081 1097//1097 1080//1080
f 1080//1080 1097//1097 1096//1096
f 1080//1080 1096//1096 1095//1095
f 1103//1103 963//963 1104//1104
f 1104//1104 963//963 956//956
f 1104//1104 956//956 1105//1105
f 1105//1105 956//956 955//955
f 1105//1105 955//955 1106//1106
f 1106//1106 955//955 961//961
f 1106//1106 961//961 1107//1107
f 1107//1107 961//961 960//960
f 1107//1107 960//960 1108//1108
f 1108//1108 960//960 958//958
f 1108//1108 958//958 1109//1109
f 1109//1109 958//958 957//957
f 1109//1109 957//957 1110//1110
f 1110//1110 957//957 967//967
f 1110//1110 967//967 1111//1111
f 1111//1111 967//967 966//966
f 1111//1111 966//966 1112//1112
f 1112//1112 966//966 971//971
f 1112//1112 971//971 1113//1113
f 1113//1113 971//971 970//970
f 1113//1113 970//970 1114//1114
f 1114//1114 970//970 969//969
f 1114//1114 969//969 1103//1103
f 1103//1103 969//969 963//963
f 896//896 1115//1115 897//897
f 897//897 1115//1115 1116//1116
f 897//897 1116//1116 898//898
f 898//898 1116//1116 1117//1117
f 898//898 1117//1117 893//893
f 893//893 1117//1117 1118//1118
f 893//893 1118//1118 894//894
f 894//894 1118//1118 1119//1119
f 894//894 1119//1119 899//899
f 899//899 1119//1119 1120//1120
f 899//899 1120//1120 900//900
f 900//900 1120//1120 1121//1121
f 900//900 1121//1121 901//901
f 901//901 1121//1121 1122//1122
f 901//901 1122//1122 902//902
f 902//902 1122//1122 1123//1123
f 902//902 1123//1123 759//759
f 759//759 1123//1123 1124//1124
f 759//759 1124//1124 760//760
f 760//760 1124//1124 1125//1125
f 760//760 1125//1125 762//762
f 762//762 1125//1125 1126//1126
f 762//762 1126//1126 764//764
f 764//764 1126//1126 1127//1127
f 764//764 1127//1127 766//766
f 766//766 1127//1127 1128//1128
f 766//766 1128//1128 767//767
f 767//767 1128//1128 1129//1129
f 767//767 1129//1129 757//757
f 757//757 1129//1129 1130//1130
f 757//757 1130//1130 758//758
f 758//758 1130//1130 1131//1131
f 758//758 1131//1131 895//895
f 895//895 1131//1131 1132//1132
f 895//895 1132//1132 896//896
f 896//896 1132//1132 1115//1115
f 1105//1105 1117//1117 1104//1104
f 1104//1104 1117//1117 1116//1116
f 1104//1104 1116//1116 1103//1103
f 1103//1103 1116//1116 1115//1115
f 1103//1103 1115//1115 1114//1114
f 1107//1107 1120//1120 1106//1106
f 1106//1106 1120//1120 1119//1119
f 1106//1106 1119//1119 1105//1105
f 1105//1105 1119//1119 1118//1118
f 1105//1105 1118//1118 1117//1117
f 1109//1109 1123//1123 1108//1108
f 1108//1108 1123//1123 1122//1122
f 1108//1108 1122//1122 1107//1107
f 1107//1107 1122//1122 1121//1121
f 1107//1107 1121//1121 1120//1120
f 1110//1110 1125//1125 1109//1109
f 1109//1109 1125//1125 1124//1124
f 1109//1109 1124//1124 1123//1123
f 1112//1112 1128//1128 1111//1111
f 1111//1111 1128//1128 1127//1127
f 1111//1111 1127//1127 1110//1110
f 1110//1110 1127//1127 1126//1126
f 1110//1110 1126//1126 1125//1125
f 1115//1115 1132//1132 1114//1114
f 1114//1114 1132//1132 1131//1131
f 1114//1114 1131//1131 1113//1113
f 1113//1113 1131//1131 1130//1130
f 1113//1113 1130//1130 1112//1112
f 1112//1112 1130//1130 1129//1129
f 1112//1112 1129//1129 1128//1128
f 1133//1133 978//978 1134//1134
f 1134//1134 978//978 976//976
f 1134//1134 976//976 1135//1135
f 1135//1135 976//976 975//975
f 1135//1135 975//975 1136//1136
f 1136//1136 975//975 974//974
f 1136//1136 974//974 1137//1137
f 1137//1137 974//974 973//973
f 1137//1137 973//973 1138//1138
f 1138//1138 973//973 972//972
f 1138//1138 972//972 1139//1139
f 1139//1139 972//972 937//937
f 1139//1139 937//937 1140//1140
f 1140//1140 937//937 936//936
f 1140//1140 936//936 1141//1141
f 1141//1141 936//936 982//982
f 1141//1141 982//982 1142//1142
f 1142//1142 982//982 981//981
f 1142//1142 981//981 1143//1143
f 1143//1143 981//981 980//980
f 1143//1143 980//980 1144//1144
f 1144//1144 980//980 979//979
f 1144//1144 979//979 1133//1133
f 1133//1133 979//979 978//978
f 891//891 1145//1145 892//892
f 892//892 1145//1145 1146//1146
f 892//892 1146//1146 777//777
f 777//777 1146//1146 1147//1147
f 777//777 1147//1147 776//776
f 776//776 1147//1147 1148//1148
f 776//776 1148//1148 775//775
f 775//775 1148//1148 1149//1149
f 775//775 1149//1149 774//774
f 774//774 1149//1149 1150//1150
f 774//774 1150//1150 771//771
f 771//771 1150//1150 1151//1151
f 771//771 1151//1151 770//770
f 770//770 1151//1151 1152//1152
f 770//770 1152//1152 781//781
f 781//781 1152//1152 1153//1153
f 781//781 1153//1153 882//882
f 882//882 1153//1153 1154//1154
f 882//882 1154//1154 883//883
f 883//883 1154//1154 1155//1155
f 883//883 1155//1155 884//884
f 884//884 1155//1155 1156//1156
f 884//884 1156//1156 885//885
f 885//885 1156//1156 1157//1157
f 885//885 1157//1157 886//886
f 886//886 1157//1157 1158//1158
f 886//886 1158//1158 887//887
f 887//887 1158//1158 1159//1159
f 887//887 1159//1159 888//888
f 888//888 1159//1159 1160//1160
f 888//888 1160//1160 889//889
f 889//889 1160//1160 1161//1161
f 889//889 1161//1161 890//890
f 890//890 1161//1161 1162//1162
f 890//890 1162//1162 891//891
f 891//891 1162//1162 1145//1145
f 1135//1135 1147//1147 1134//1134
f 1134//1134 1147//1147 1146//1146
f 1134//1134 1146//1146 1133//1133
f 1133//1133 1146//1146 1145//1145
f 1133//1133 1145//1145 1144//1144
f 1145//1145 1162//1162 1144//1144
f 1144//1144 1162//1162 1161//1161
f 1144//1144 1161//1161 1143//1143
f 1143//1143 1161//1161 1160//1160
f 1143//1143 1160//1160 1142//1142
f 1137//1137 1150//1150 1136//1136
f 1136//1136 1150//1150 1149//1149
f 1136//1136 1149//1149 1135//1135
f 1135//1135 1149//1149 1148//1148
f 1135//1135 1148//1148 1147//1147
f 1139//1139 1153//1153 1138//1138
f 1138//1138 1153//1153 1152//1152
f 1138//1138 1152//1152 1137//1137
f 1137//1137 1152//1152 1151//1151
f 1137//1137 1151//1151 1150//1150
f 1140//1140 1155//1155 1139//1139
f 1139//1139 1155//1155 1154//1154
f 1139//1139 1154//1154 1153//1153
f 1160//1160 1159//1159 1142//1142
f 1142//1142 1159//1159 1158//1158
f 1142//1142 1158//1158 1141//1141
f 1141//1141 1158//1158 1157//1157
f 1141//1141 1157//1157 1140//1140
f 1140//1140 1157//1157 1156//1156
f 1140//1140 1156//1156 1155//1155
f 1163//1163 928//928 1164//1164
f 1164//1164 928//928 927//927
f 1164//1164 927//927 1165//1165
f 1165//1165 927//927 1020//1020
f 1165//1165 1020//1020 1166//1166
f 1166//1166 1020//1020 1019//1019
f 1166//1166 1019//1019 1167//1167
f 1167//1167 1019//1019 1018//1018
f 1167//1167 1018//1018 1168//1168
f 1168//1168 1018//1018 1017//1017
f 1168//1168 1017//1017 1169//1169
f 1169//1169 1017//1017 1016//1016
f 1169//1169 1016//1016 1170//1170
f 1170//1170 1016//1016 1014//1014
f 1170//1170 1014//1014 1171//1171
f 1171//1171 1014//1014 1013//1013
f 1171//1171 1013//1013 1172//1172
f 1172//1172 1013//1013 1012//1012
f 1172//1172 1012//1012 1173//1173
f 1173//1173 1012//1012 1011//1011
f 1173//1173 1011//1011 1174//1174
f 1174//1174 1011//1011 1010//1010
f 1174//1174 1010//1010 1163//1163
f 1163//1163 1010//1010 928//928
f 803//803 1175//1175 877//877
f 877//877 1175//1175 1176//1176
f 877//877 1176//1176 878//878
f 878//878 1176//1176 1177//1177
f 878//878 1177//1177 879//879
f 879//879 1177//1177 1178//1178
f 879//879 1178//1178 880//880
f 880//880 1178//1178 1179//1179
f 880//880 1179//1179 881//881
f 881//881 1179//1179 1180//1180
f 881//881 1180//1180 876//876
f 876//876 1180//1180 1181//1181
f 876//876 1181//1181 875//875
f 875//875 1181//1181 1182//1182
f 875//875 1182//1182 797//797
f 797//797 1182//1182 1183//1183
f 797//797 1183//1183 798//798
f 798//798 1183//1183 1184//1184
f 798//798 1184//1184 795//795
f 795//795 1184//1184 1185//1185
f 795//795 1185//1185 796//796
f 796//796 1185//1185 1186//1186
f 796//796 1186//1186 799//799
f 799//799 1186//1186 1187//1187
f 799//799 1187//1187 800//800
f 800//800 1187//1187 1188//1188
f 800//800 1188//1188 801//801
f 801//801 1188//1188 1189//1189
f 801//801 1189//1189 802//802
f 802//802 1189//1189 1190//1190
f 802//802 1190//1190 807//807
f 807//807 1190//1190 1191//1191
f 807//807 1191//1191 805//805
f 805//805 1191//1191 1192//1192
f 805//805 1192//1192 803//803
f 803//803 1192//1192 1175//1175
f 1165//1165 1177//1177 1164//1164
f 1164//1164 1177//1177 1176//1176
f 1164//1164 1176//1176 1163//1163
f 1163//1163 1176//1176 1175//1175
f 1163//1163 1175//1175 1174//1174
f 1167//1167 1180//1180 1166//1166
f 1166//1166 1180//1180 1179//1179
f 1166//1166 1179//1179 1165//1165
f 1165//1165 1179//1179 1178//1178
f 1165//1165 1178//1178 1177//1177
f 1175//1175 1192//1192 1174//1174
f 1174//1174 1192//1192 1191//1191
f 1174//1174 1191//1191 1173//1173
f 1173//1173 1191//1191 1190//1190
f 1173//1173 1190//1190 1172//1172
f 1169//1169 1183//1183 1168//1168
f 1168//1168 1183//1183 1182//1182
f 1168//1168 1182//1182 1167//1167
f 1167//1167 1182//1182 1181//1181
f 1167//1167 1181//1181 1180//1180
f 1170//1170 1185//1185 1169//1169
f 1169//1169 1185//1185 1184//1184
f 1169//1169 1184//1184 1183//1183
f 1190//1190 1189//1189 1172//1172
f 1172//1172 1189//1189 1188//1188
f 1172//1172 1188//1188 1171//1171
f 1171//1171 1188//1188 1187//1187
f 1171//1171 1187//1187 1170//1170
f 1170//1170 1187//1187 1186//1186
f 1170//1170 1186//1186 1185//1185
f 1193//1193 1194//1194 1195//1195
f 1195//1195 1194//1194 1196//1196
f 1195//1195 1196//1196 1197//1197
f 1198//1198 1199//1199 1195//1195
f 1195//1195 1199//1199 1200//1200
f 1195//1195 1200//1200 1193//1193
f 1201//1201 1202//1202 1195//1195
f 1195//1195 1202//1202 1203//1203
f 1195//1195 1203//1203 1198//1198
f 1197//1197 1204//1204 1195//1195
f 1195//1195 1204//1204 1205//1205
f 1195//1195 1205//1205 1201//1201
f 737//737 1203//1203 739//739
f 739//739 1203//1203 1202//1202
f 739//739 1202//1202 740//740
f 740//740 1202//1202 1201//1201
f 740//740 1201//1201 874//874
f 874//874 1201//1201 1205//1205
f 874//874 1205//1205 733//733
f 733//733 1205//1205 1204//1204
f 733//733 1204//1204 734//734
f 734//734 1204//1204 1197//1197
f 734//734 1197//1197 745//745
f 745//745 1197//1197 1196//1196
f 745//745 1196//1196 743//743
f 743//743 1196//1196 1194//1194
f 743//743 1194//1194 742//742
f 742//742 1194//1194 1193//1193
f 742//742 1193//1193 741//741
f 741//741 1193//1193 1200//1200
f 741//741 1200//1200 735//735
f 735//735 1200//1200 1199//1199
f 735//735 1199//1199 736//736
f 736//736 1199//1199 1198//1198
f 736//736 1198//1198 737//737
f 737//737 1198//1198 1203//1203
f 859//859 1206//1206 860//860
f 860//860 1206//1206 1207//1207
f 860//860 1207//1207 861//861
f 861//861 1207//1207 1208//1208
f 861//861 1208//1208 863//863
f 863//863 1208//1208 1209//1209
f 863//863 1209//1209 865//865
f 865//865 1209//1209 1210//1210
f 865//865 1210//1210 866//866
f 866//866 1210//1210 1211//1211
f 866//866 1211//1211 868//868
f 868//868 1211//1211 1212//1212
f 868//868 1212//1212 870//870
f 870//870 1212//1212 1213//1213
f 870//870 1213//1213 871//871
f 871//871 1213//1213 1214//1214
f 871//871 1214//1214 854//854
f 854//854 1214//1214 1215//1215
f 854//854 1215//1215 855//855
f 855//855 1215//1215 1216//1216
f 855//855 1216//1216 857//857
f 857//857 1216//1216 1217//1217
f 857//857 1217//1217 859//859
f 859//859 1217//1217 1206//1206
f 842//842 1061//1061 844//844
f 844//844 1061//1061 1060//1060
f 844//844 1060//1060 845//845
f 845//845 1060//1060 1066//1066
f 845//845 1066//1066 846//846
f 846//846 1066//1066 1065//1065
f 846//846 1065//1065 847//847
f 847//847 1065//1065 1064//1064
f 847//847 1064//1064 848//848
f 848//848 1064//1064 1063//1063
f 848//848 1063//1063 849//849
f 849//849 1063//1063 1067//1067
f 849//849 1067//1067 666//666
f 666//666 1067//1067 922//922
f 666//666 922//922 667//667
f 667//667 922//922 921//921
f 667//667 921//921 852//852
f 852//852 921//921 1068//1068
f 852//852 1068//1068 850//850
f 850//850 1068//1068 1070//1070
f 850//850 1070//1070 841//841
f 841//841 1070//1070 1072//1072
f 841//841 1072//1072 842//842
f 842//842 1072//1072 1061//1061
f 1218//1218 1219//1219 1220//1220
f 1220//1220 1219//1219 1221//1221
f 1220//1220 1221//1221 1222//1222
f 1223//1223 1224//1224 1220//1220
f 1220//1220 1224//1224 1225//1225
f 1220//1220 1225//1225 1218//1218
f 1226//1226 1227//1227 1220//1220
f 1220//1220 1227//1227 1228//1228
f 1220//1220 1228//1228 1223//1223
f 1222//1222 1229//1229 1220//1220
f 1220//1220 1229//1229 1230//1230
f 1220//1220 1230//1230 1226//1226
f 708//708 1228//1228 707//707
f 707//707 1228//1228 1227//1227
f 707//707 1227//1227 711//711
f 711//711 1227//1227 1226//1226
f 711//711 1226//1226 712//712
f 712//712 1226//1226 1230//1230
f 712//712 1230//1230 713//713
f 713//713 1230//1230 1229//1229
f 713//713 1229//1229 715//715
f 715//715 1229//1229 1222//1222
f 715//715 1222//1222 717//717
f 717//717 1222//1222 1221//1221
f 717//717 1221//1221 719//719
f 719//719 1221//1221 1219//1219
f 719//719 1219//1219 720//720
f 720//720 1219//1219 1218//1218
f 720//720 1218//1218 839//839
f 839//839 1218//1218 1225//1225
f 839//839 1225//1225 840//840
f 840//840 1225//1225 1224//1224
f 840//840 1224//1224 710//710
f 710//710 1224//1224 1223//1223
f 710//710 1223//1223 708//708
f 708//708 1223//1223 1228//1228
f 825//825 1231//1231 827//827
f 827//827 1231//1231 1232//1232
f 827//827 1232//1232 828//828
f 828//828 1232//1232 1233//1233
f 828//828 1233//1233 830//830
f 830//830 1233//1233 1234//1234
f 830//830 1234//1234 831//831
f 831//831 1234//1234 1235//1235
f 831//831 1235//1235 832//832
f 832//832 1235//1235 1236//1236
f 832//832 1236//1236 833//833
f 833//833 1236//1236 1237//1237
f 833//833 1237//1237 835//835
f 835//835 1237//1237 1238//1238
f 835//835 1238//1238 836//836
f 836//836 1238//1238 1239//1239
f 836//836 1239//1239 693//693
f 693//693 1239//1239 1240//1240
f 693//693 1240//1240 695//695
f 695//695 1240//1240 1241//1241
f 695//695 1241//1241 824//824
f 824//824 1241//1241 1242//1242
f 824//824 1242//1242 825//825
f 825//825 1242//1242 1231//1231
f 812//812 1047//1047 820//820
f 820//820 1047//1047 925//925
f 820//820 925//925 821//821
f 821//821 925//925 924//924
f 821//821 924//924 822//822
f 822//822 924//924 1055//1055
f 822//822 1055//1055 815//815
f 815//815 1055//1055 1057//1057
f 815//815 1057//1057 816//816
f 816//816 1057//1057 1059//1059
f 816//816 1059//1059 818//818
f 818//818 1059//1059 1053//1053
f 818//818 1053//1053 819//819
f 819//819 1053//1053 1052//1052
f 819//819 1052//1052 810//810
f 810//810 1052//1052 1051//1051
f 810//810 1051//1051 811//811
f 811//811 1051//1051 1050//1050
f 811//811 1050//1050 814//814
f 814//814 1050//1050 1049//1049
f 814//814 1049//1049 813//813
f 813//813 1049//1049 1048//1048
f 813//813 1048//1048 812//812
f 812//812 1048//1048 1047//1047
f 685//685 1243//1243 1244//1244
f 685//685 1244//1244 687//687
f 687//687 1244//1244 1245//1245
f 687//687 1245//1245 681//681
f 681//681 1245//1245 1246//1246
f 681//681 1246//1246 682//682
f 682//682 1246//1246 1247//1247
f 682//682 1247//1247 683//683
f 679//679 678//678 1248//1248
f 1243//1243 685//685 684//684
f 684//684 726//726 1243//1243
f 1243//1243 726//726 728//728
f 1243//1243 728//728 1248//1248
f 1248//1248 728//728 721//721
f 1248//1248 721//721 679//679
f 691//691 1249//1249 1250//1250
f 691//691 1250//1250 690//690
f 690//690 1250//1250 1251//1251
f 690//690 1251//1251 689//689
f 689//689 1251//1251 1252//1252
f 689//689 1252//1252 688//688
f 688//688 1252//1252 1248//1248
f 688//688 1248//1248 678//678
f 917//917 1253//1253 1254//1254
f 917//917 1254//1254 916//916
f 916//916 1254//1254 1255//1255
f 916//916 1255//1255 915//915
f 915//915 1255//1255 1256//1256
f 915//915 1256//1256 864//864
f 864//864 1256//1256 919//919
f 864//864 919//919 862//862
f 1257//1257 1258//1258 1259//1259
f 1217//1217 920//920 1206//1206
f 1206//1206 920//920 919//919
f 1206//1206 919//919 1207//1207
f 1255//1255 1254//1254 1208//1208
f 1208//1208 1254//1254 1253//1253
f 1208//1208 1253//1253 1209//1209
f 1209//1209 1253//1253 1260//1260
f 1209//1209 1260//1260 1261//1261
f 1239//1239 1262//1262 1240//1240
f 1240//1240 1262//1262 1263//1263
f 1207//1207 919//919 1208//1208
f 1208//1208 919//919 1256//1256
f 1208//1208 1256//1256 1255//1255
f 1264//1264 1210//1210 1265//1265
f 1265//1265 1210//1210 1209//1209
f 1265//1265 1209//1209 1266//1266
f 1266//1266 1209//1209 1261//1261
f 1239//1239 1238//1238 1262//1262
f 1262//1262 1238//1238 1237//1237
f 1262//1262 1237//1237 1264//1264
f 1264//1264 1237//1237 1236//1236
f 1264//1264 1236//1236 1235//1235
f 920//920 1242//1242 1267//1267
f 1267//1267 1242//1242 1241//1241
f 1267//1267 1241//1241 1268//1268
f 1269//1269 1268//1268 1270//1270
f 1270//1270 1268//1268 1241//1241
f 1270//1270 1241//1241 1259//1259
f 1259//1259 1241//1241 1240//1240
f 1259//1259 1240//1240 1257//1257
f 1257//1257 1240//1240 1263//1263
f 1214//1214 1235//1235 1215//1215
f 1215//1215 1235//1235 1234//1234
f 1215//1215 1234//1234 1216//1216
f 1216//1216 1234//1234 1233//1233
f 1216//1216 1233//1233 1217//1217
f 1217//1217 1233//1233 1232//1232
f 1217//1217 1232//1232 920//920
f 920//920 1232//1232 1231//1231
f 920//920 1231//1231 1242//1242
f 1214//1214 1213//1213 1235//1235
f 1235//1235 1213//1213 1212//1212
f 1235//1235 1212//1212 1264//1264
f 1264//1264 1212//1212 1211//1211
f 1264//1264 1211//1211 1210//1210
f 694//694 920//920 1267//1267
f 694//694 1267//1267 692//692
f 692//692 1267//1267 1268//1268
f 692//692 1268//1268 675//675
f 675//675 1268//1268 1269//1269
f 675//675 1269//1269 676//676
f 676//676 1269//1269 1270//1270
f 676//676 1270//1270 677//677
f 948//948 1260//1260 1253//1253
f 873//873 872//872 947//947
f 872//872 683//683 947//947
f 947//947 683//683 1247//1247
f 947//947 1247//1247 1271//1271
f 1253//1253 917//917 948//948
f 948//948 917//917 665//665
f 948//948 665//665 949//949
f 949//949 665//665 664//664
f 947//947 945//945 873//873
f 873//873 945//945 943//943
f 873//873 943//943 823//823
f 823//823 943//943 1058//1058
f 823//823 1058//1058 664//664
f 664//664 1058//1058 1056//1056
f 664//664 1056//1056 949//949
f 934//934 933//933 1262//1262
f 1264//1264 953//953 952//952
f 952//952 962//962 1264//1264
f 1264//1264 962//962 964//964
f 1264//1264 964//964 1262//1262
f 1262//1262 964//964 977//977
f 1262//1262 977//977 934//934
f 953//953 1264//1264 1265//1265
f 953//953 1265//1265 954//954
f 954//954 1265//1265 1266//1266
f 954//954 1266//1266 951//951
f 951//951 1266//1266 1261//1261
f 951//951 1261//1261 950//950
f 950//950 1261//1261 1260//1260
f 950//950 1260//1260 948//948
f 1270//1270 1259//1259 983//983
f 1249//1249 691//691 837//837
f 1272//1272 1249//1249 931//931
f 931//931 1249//1249 837//837
f 931//931 837//837 932//932
f 932//932 837//837 838//838
f 932//932 838//838 990//990
f 990//990 838//838 853//853
f 990//990 853//853 1069//1069
f 1069//1069 853//853 1071//1071
f 1071//1071 853//853 851//851
f 1071//1071 851//851 985//985
f 985//985 851//851 914//914
f 985//985 914//914 983//983
f 983//983 914//914 677//677
f 983//983 677//677 1270//1270
f 983//983 1259//1259 1258//1258
f 983//983 1258//1258 984//984
f 984//984 1258//1258 1257//1257
f 984//984 1257//1257 986//986
f 986//986 1257//1257 1263//1263
f 986//986 1263//1263 987//987
f 987//987 1263//1263 1262//1262
f 987//987 1262//1262 933//933
f 1273//1273 1274//1274 1275//1275
f 1275//1275 1274//1274 1276//1276
f 1275//1275 1276//1276 1277//1277
f 1278//1278 1279//1279 1275//1275
f 1275//1275 1279//1279 1280//1280
f 1275//1275 1280//1280 1273//1273
f 1281//1281 1282//1282 1275//1275
f 1275//1275 1282//1282 1283//1283
f 1275//1275 1283//1283 1278//1278
f 1277//1277 1284//1284 1275//1275
f 1275//1275 1284//1284 1285//1285
f 1275//1275 1285//1285 1281//1281
f 1286//1286 1283//1283 1287//1287
f 1287//1287 1283//1283 1282//1282
f 1287//1287 1282//1282 1288//1288
f 1288//1288 1282//1282 1281//1281
f 1288//1288 1281//1281 1289//1289
f 1289//1289 1281//1281 1285//1285
f 1289//1289 1285//1285 1290//1290
f 1290//1290 1285//1285 1284//1284
f 1290//1290 1284//1284 1291//1291
f 1291//1291 1284//1284 1277//1277
f 1291//1291 1277//1277 1292//1292
f 1292//1292 1277//1277 1276//1276
f 1292//1292 1276//1276 1293//1293
f 1293//1293 1276//1276 1274//1274
f 1293//1293 1274//1274 1294//1294
f 1294//1294 1274//1274 1273//1273
f 1294//1294 1273//1273 1295//1295
f 1295//1295 1273//1273 1280//1280
f 1295//1295 1280//1280 1296//1296
f 1296//1296 1280//1280 1279//1279
f 1296//1296 1279//1279 1297//1297
f 1297//1297 1279//1279 1278//1278
f 1297//1297 1278//1278 1286//1286
f 1286//1286 1278//1278 1283//1283
f 1298//1298 1299//1299 1300//1300
f 1300//1300 1299//1299 1301//1301
f 1300//1300 1301//1301 1302//1302
f 1303//1303 1304//1304 1300//1300
f 1300//1300 1304//1304 1305//1305
f 1300//1300 1305//1305 1298//1298
f 1306//1306 1307//1307 1300//1300
f 1300//1300 1307//1307 1308//1308
f 1300//1300 1308//1308 1303//1303
f 1302//1302 1309//1309 1300//1300
f 1300//1300 1309//1309 1310//1310
f 1300//1300 1310//1310 1306//1306
f 1311//1311 1308//1308 1312//1312
f 1312//1312 1308//1308 1307//1307
f 1312//1312 1307//1307 1313//1313
f 1313//1313 1307//1307 1306//1306
f 1313//1313 1306//1306 1314//1314
f 1314//1314 1306//1306 1310//1310
f 1314//1314 1310//1310 1315//1315
f 1315//1315 1310//1310 1309//1309
f 1315//1315 1309//1309 1316//1316
f 1316//1316 1309//1309 1302//1302
f 1316//1316 1302//1302 1317//1317
f 1317//1317 1302//1302 1301//1301
f 1317//1317 1301//1301 1318//1318
f 1318//1318 1301//1301 1299//1299
f 1318//1318 1299//1299 1319//1319
f 1319//1319 1299//1299 1298//1298
f 1319//1319 1298//1298 1320//1320
f 1320//1320 1298//1298 1305//1305
f 1320//1320 1305//1305 1321//1321
f 1321//1321 1305//1305 1304//1304
f 1321//1321 1304//1304 1322//1322
f 1322//1322 1304//1304 1303//1303
f 1322//1322 1303//1303 1311//1311
f 1311//1311 1303//1303 1308//1308
f 784//784 1031//1031 783//783
f 783//783 1031//1031 1041//1041
f 783//783 1041//1041 768//768
f 768//768 1041//1041 1040//1040
f 768//768 1040//1040 769//769
f 769//769 1040//1040 1038//1038
f 769//769 1038//1038 772//772
f 772//772 1038//1038 1037//1037
f 772//772 1037//1037 773//773
f 773//773 1037//1037 1036//1036
f 773//773 1036//1036 765//765
f 765//765 1036//1036 1043//1043
f 765//765 1043//1043 763//763
f 763//763 1043//1043 1042//1042
f 763//763 1042//1042 761//761
f 761//761 1042//1042 1046//1046
f 761//761 1046//1046 754//754
f 754//754 1046//1046 1045//1045
f 754//754 1045//1045 755//755
f 755//755 1045//1045 1044//1044
f 755//755 1044//1044 750//750
f 750//750 1044//1044 1023//1023
f 750//750 1023//1023 751//751
f 751//751 1023//1023 1024//1024
f 751//751 1024//1024 804//804
f 804//804 1024//1024 1028//1028
f 804//804 1028//1028 806//806
f 806//806 1028//1028 1027//1027
f 806//806 1027//1027 808//808
f 808//808 1027//1027 1026//1026
f 808//808 1026//1026 809//809
f 809//809 1026//1026 1025//1025
f 809//809 1025//1025 790//790
f 790//790 1025//1025 1030//1030
f 790//790 1030//1030 789//789
f 789//789 1030//1030 1029//1029
f 789//789 1029//1029 910//910
f 910//910 1029//1029 1035//1035
f 910//910 1035//1035 779//779
f 779//779 1035//1035 1034//1034
f 779//779 1034//1034 780//780
f 780//780 1034//1034 1032//1032
f 780//780 1032//1032 784//784
f 784//784 1032//1032 1031//1031
f 744//744 1323//1323 746//746
f 746//746 1323//1323 1324//1324
f 746//746 1324//1324 747//747
f 747//747 1324//1324 1325//1325
f 747//747 1325//1325 748//748
f 748//748 1325//1325 1326//1326
f 748//748 1326//1326 749//749
f 749//749 1326//1326 1327//1327
f 749//749 1327//1327 731//731
f 731//731 1327//1327 1328//1328
f 731//731 1328//1328 732//732
f 732//732 1328//1328 1329//1329
f 732//732 1329//1329 727//727
f 727//727 1329//1329 1330//1330
f 1331//1331 730//730 1330//1330
f 1330//1330 730//730 729//729
f 1330//1330 729//729 727//727
f 730//730 1331//1331 722//722
f 722//722 1331//1331 1332//1332
f 722//722 1332//1332 723//723
f 723//723 1332//1332 1333//1333
f 723//723 1333//1333 724//724
f 724//724 1333//1333 1334//1334
f 724//724 1334//1334 725//725
f 725//725 1334//1334 1335//1335
f 725//725 1335//1335 718//718
f 718//718 1335//1335 1336//1336
f 718//718 1336//1336 716//716
f 716//716 1336//1336 1337//1337
f 716//716 1337//1337 714//714
f 714//714 1337//1337 1338//1338
f 714//714 1338//1338 1339//1339
f 714//714 1339//1339 702//702
f 702//702 1339//1339 1340//1340
f 702//702 1340//1340 703//703
f 1341//1341 669//669 1342//1342
f 1342//1342 669//669 706//706
f 1342//1342 706//706 1343//1343
f 1343//1343 706//706 705//705
f 1343//1343 705//705 1344//1344
f 1344//1344 705//705 704//704
f 1344//1344 704//704 1340//1340
f 1340//1340 704//704 703//703
f 669//669 1341//1341 670//670
f 670//670 1341//1341 1345//1345
f 670//670 1345//1345 697//697
f 1346//1346 1331//1331 1323//1323
f 1323//1323 1331//1331 1330//1330
f 1323//1323 1330//1330 1324//1324
f 1324//1324 1330//1330 1325//1325
f 1338//1338 1334//1334 1333//1333
f 1327//1327 1326//1326 1328//1328
f 1328//1328 1326//1326 1325//1325
f 1328//1328 1325//1325 1329//1329
f 1329//1329 1325//1325 1330//1330
f 1347//1347 1348//1348 1349//1349
f 1338//1338 1337//1337 1334//1334
f 1334//1334 1337//1337 1336//1336
f 1334//1334 1336//1336 1335//1335
f 1347//1347 1340//1340 1346//1346
f 1346//1346 1340//1340 1339//1339
f 1346//1346 1339//1339 1331//1331
f 1331//1331 1339//1339 1338//1338
f 1331//1331 1338//1338 1332//1332
f 1332//1332 1338//1338 1333//1333
f 1349//1349 1350//1350 1347//1347
f 1347//1347 1350//1350 1345//1345
f 1347//1347 1345//1345 1340//1340
f 1340//1340 1345//1345 1341//1341
f 1341//1341 1342//1342 1340//1340
f 1340//1340 1342//1342 1343//1343
f 1340//1340 1343//1343 1344//1344
f 672//672 1347//1347 1346//1346
f 672//672 1346//1346 673//673
f 673//673 1346//1346 1323//1323
f 673//673 1323//1323 744//744
f 697//697 1345//1345 698//698
f 698//698 1345//1345 1350//1350
f 698//698 1350//1350 699//699
f 699//699 1350//1350 1349//1349
f 699//699 1349//1349 700//700
f 700//700 1349//1349 1348//1348
f 700//700 1348//1348 672//672
f 672//672 1348//1348 1347//1347
f 989//989 988//988 1351//1351
f 1351//1351 988//988 1001//1001
f 1351//1351 1001//1001 1352//1352
f 1352//1352 1001//1001 999//999
f 999//999 1015//1015 1352//1352
f 1352//1352 1015//1015 940//940
f 1352//1352 940//940 939//939
f 1353//1353 1354//1354 1355//1355
f 1355//1355 1354//1354 1356//1356
f 1287//1287 1243//1243 1286//1286
f 1286//1286 1243//1243 1248//1248
f 1252//1252 1296//1296 1248//1248
f 1248//1248 1296//1296 1297//1297
f 1248//1248 1297//1297 1286//1286
f 1316//1316 1357//1357 1358//1358
f 1252//1252 1251//1251 1296//1296
f 1296//1296 1251//1251 1250//1250
f 1296//1296 1250//1250 1295//1295
f 1295//1295 1250//1250 1249//1249
f 1295//1295 1249//1249 1294//1294
f 1294//1294 1249//1249 1272//1272
f 1294//1294 1272//1272 1293//1293
f 1313//1313 1244//1244 1312//1312
f 1312//1312 1244//1244 1243//1243
f 1312//1312 1243//1243 1311//1311
f 1314//1314 1246//1246 1313//1313
f 1313//1313 1246//1246 1245//1245
f 1313//1313 1245//1245 1244//1244
f 1316//1316 1317//1317 1359//1359
f 1359//1359 1317//1317 1355//1355
f 1358//1358 1360//1360 1316//1316
f 1316//1316 1360//1360 1361//1361
f 1316//1316 1361//1361 1315//1315
f 1315//1315 1361//1361 1271//1271
f 1315//1315 1271//1271 1314//1314
f 1314//1314 1271//1271 1247//1247
f 1314//1314 1247//1247 1246//1246
f 1362//1362 1363//1363 1364//1364
f 1364//1364 1363//1363 1293//1293
f 1364//1364 1293//1293 1365//1365
f 1365//1365 1293//1293 1272//1272
f 1366//1366 1367//1367 1368//1368
f 1368//1368 1367//1367 1357//1357
f 1368//1368 1357//1357 1369//1369
f 1369//1369 1357//1357 1316//1316
f 1369//1369 1316//1316 1370//1370
f 1370//1370 1316//1316 1359//1359
f 1311//1311 1243//1243 1322//1322
f 1322//1322 1243//1243 1287//1287
f 1322//1322 1287//1287 1321//1321
f 1321//1321 1287//1287 1288//1288
f 1321//1321 1288//1288 1320//1320
f 1320//1320 1288//1288 1289//1289
f 1320//1320 1289//1289 1319//1319
f 1319//1319 1289//1289 1290//1290
f 1319//1319 1290//1290 1318//1318
f 1363//1363 1371//1371 1372//1372
f 1372//1372 1373//1373 1363//1363
f 1363//1363 1373//1373 1374//1374
f 1363//1363 1374//1374 1293//1293
f 1293//1293 1374//1374 1375//1375
f 1293//1293 1375//1375 1292//1292
f 1292//1292 1375//1375 1376//1376
f 1292//1292 1376//1376 1291//1291
f 1291//1291 1376//1376 1353//1353
f 1291//1291 1353//1353 1290//1290
f 1290//1290 1353//1353 1355//1355
f 1290//1290 1355//1355 1318//1318
f 1318//1318 1355//1355 1317//1317
f 1377//1377 1373//1373 1372//1372
f 1377//1377 1372//1372 1378//1378
f 1378//1378 1372//1372 1371//1371
f 1378//1378 1371//1371 1379//1379
f 1379//1379 1371//1371 1363//1363
f 1379//1379 1363//1363 1380//1380
f 991//991 989//989 1351//1351
f 1380//1380 1363//1363 1351//1351
f 1351//1351 1363//1363 1362//1362
f 1351//1351 1362//1362 991//991
f 991//991 1362//1362 1364//1364
f 991//991 1364//1364 992//992
f 992//992 1364//1364 1365//1365
f 992//992 1365//1365 930//930
f 930//930 1365//1365 1272//1272
f 930//930 1272//1272 931//931
f 1380//1380 1351//1351 1352//1352
f 1381//1381 1382//1382 1379//1379
f 1380//1380 1352//1352 1379//1379
f 1379//1379 1352//1352 1383//1383
f 1379//1379 1383//1383 1381//1381
f 1356//1356 1354//1354 1377//1377
f 1384//1384 1377//1377 1385//1385
f 1385//1385 1377//1377 1354//1354
f 1385//1385 1354//1354 1386//1386
f 1387//1387 1388//1388 1389//1389
f 1389//1389 1388//1388 1356//1356
f 1389//1389 1356//1356 1390//1390
f 1390//1390 1356//1356 1377//1377
f 1390//1390 1377//1377 1382//1382
f 1382//1382 1377//1377 1378//1378
f 1382//1382 1378//1378 1379//1379
f 1354//1354 1353//1353 1386//1386
f 1386//1386 1353//1353 1376//1376
f 1386//1386 1376//1376 1385//1385
f 1385//1385 1376//1376 1375//1375
f 1385//1385 1375//1375 1384//1384
f 1384//1384 1375//1375 1374//1374
f 1384//1384 1374//1374 1377//1377
f 1377//1377 1374//1374 1373//1373
f 1352//1352 939//939 942//942
f 1383//1383 1352//1352 1358//1358
f 1358//1358 1357//1357 1383//1383
f 1383//1383 1357//1357 1367//1367
f 1383//1383 1367//1367 1381//1381
f 1381//1381 1367//1367 1366//1366
f 1381//1381 1366//1366 1382//1382
f 1382//1382 1366//1366 1368//1368
f 1382//1382 1368//1368 1390//1390
f 1352//1352 942//942 1358//1358
f 1358//1358 942//942 944//944
f 1358//1358 944//944 1360//1360
f 1360//1360 944//944 946//946
f 1360//1360 946//946 1361//1361
f 1361//1361 946//946 947//947
f 1361//1361 947//947 1271//1271
f 1355//1355 1356//1356 1359//1359
f 1359//1359 1356//1356 1388//1388
f 1359//1359 1388//1388 1370//1370
f 1370//1370 1388//1388 1387//1387
f 1370//1370 1387//1387 1369//1369
f 1369//1369 1387//1387 1389//1389
f 1369//1369 1389//1389 1368//1368
f 1368//1368 1389//1389 1390//1390

