# https://github.com/mikedh/trimesh

o gripper_right.obj
v 0.06634700 0.02147400 0.00391900
v 0.06640800 0.02145100 0.00403300
v 0.06601700 0.02147400 0.00403500
v 0.06604000 0.02145100 0.00416300
v 0.06605100 0.02142400 0.00421900
v 0.06647300 0.02136400 0.00415200
v 0.06606500 0.02136400 0.00429600
v 0.06607600 0.02128700 0.00435400
v 0.06651400 0.02122900 0.00422800
v 0.06608100 0.02122900 0.00438100
v 0.06608500 0.02109900 0.00440400
v 0.06652500 0.02109900 0.00424800
v 0.06668600 0.02109900 0.00414700
v 0.06696500 0.02109900 0.00388800
v 0.06731200 0.02109900 0.00292900
v 0.06723900 0.02109900 0.00339000
v 0.06728800 0.02122900 0.00292900
v 0.06721700 0.02122900 0.00338200
v 0.06726100 0.02128700 0.00292900
v 0.06713500 0.02136400 0.00335600
v 0.06720200 0.02136400 0.00292900
v 0.06712400 0.02142400 0.00292900
v 0.06700600 0.02145100 0.00331400
v 0.06706600 0.02145100 0.00292900
v 0.06688200 0.02147400 0.00327400
v 0.06693700 0.02147400 0.00292900
v 0.06667700 0.02147400 0.00364800
v 0.06677600 0.02145100 0.00373100
v 0.06688000 0.02136400 0.00381800
v 0.06694700 0.02122900 0.00387300
v 0.06716900 0.02109900 0.00356700
v 0.06707500 0.02007100 0.00335200
v 0.06697600 0.02002300 0.00331100
v 0.06678300 0.01996600 0.00364800
v 0.06716800 0.02037000 0.00356700
v 0.06722100 0.02038200 0.00343900
v 0.06720800 0.02026600 0.00342100
v 0.06668600 0.02026300 0.00414700
v 0.06696500 0.02032500 0.00388800
v 0.06696400 0.02020700 0.00385800
v 0.06611600 0.02000900 0.00437600
v 0.06658600 0.02011500 0.00418700
v 0.06613700 0.01988200 0.00428900
v 0.06657600 0.02000000 0.00411200
v 0.06613800 0.01979700 0.00415900
v 0.06654000 0.01991700 0.00400900
v 0.06612300 0.01977000 0.00403500
v 0.06657000 0.02023700 0.00422200
v 0.06608500 0.02013000 0.00440400
v 0.06693000 0.02009500 0.00380200
v 0.06686500 0.02001100 0.00372700
v 0.06648700 0.01987800 0.00389900
v 0.06715700 0.02015600 0.00339100
v 0.06704300 0.02004300 0.00292900
v 0.06718300 0.02011900 0.00292900
v 0.06723700 0.02017800 0.00292900
v 0.06727800 0.02024700 0.00292900
v 0.06731200 0.02040200 0.00292900
v 0.06685300 0.02147400 -0.00380900
v 0.06697400 0.02145100 -0.00385800
v 0.06693700 0.02147400 -0.00338400
v 0.06706600 0.02145100 -0.00338400
v 0.06712400 0.02142400 -0.00338400
v 0.06709900 0.02136400 -0.00390900
v 0.06720200 0.02136400 -0.00338400
v 0.06726100 0.02128700 -0.00338400
v 0.06717900 0.02122900 -0.00394200
v 0.06728800 0.02122900 -0.00338400
v 0.06720100 0.02109900 -0.00395000
v 0.06731200 0.02109900 -0.00338400
v 0.06632300 0.02109900 -0.00479400
v 0.06681800 0.02109900 -0.00449600
v 0.06631500 0.02122900 -0.00477200
v 0.06680200 0.02122900 -0.00447900
v 0.06630600 0.02128700 -0.00474700
v 0.06674400 0.02136400 -0.00441500
v 0.06628600 0.02136400 -0.00469100
v 0.06625900 0.02142400 -0.00461800
v 0.06665300 0.02145100 -0.00431500
v 0.06623900 0.02145100 -0.00456300
v 0.06656600 0.02147400 -0.00421800
v 0.06619500 0.02147400 -0.00444100
v 0.06666700 0.01995300 -0.00437700
v 0.06660200 0.01991200 -0.00427700
v 0.06683900 0.01998200 -0.00403000
v 0.06681700 0.02029200 -0.00449600
v 0.06672400 0.02027200 -0.00457400
v 0.06673300 0.02015000 -0.00454000
v 0.06727800 0.02024700 -0.00338400
v 0.06722700 0.02027100 -0.00382000
v 0.06723700 0.02017800 -0.00338400
v 0.06717500 0.02016100 -0.00379300
v 0.06718300 0.02011900 -0.00338400
v 0.06709100 0.02007600 -0.00375900
v 0.06704300 0.02004300 -0.00338400
v 0.06704000 0.02034200 -0.00424500
v 0.06724200 0.02038700 -0.00383500
v 0.06731200 0.02040200 -0.00338400
v 0.06703500 0.02022400 -0.00421700
v 0.06699600 0.02011300 -0.00416700
v 0.06692600 0.02002800 -0.00410000
v 0.06699100 0.02002700 -0.00372200
v 0.06671400 0.02003700 -0.00447100
v 0.06630200 0.01982300 -0.00444100
v 0.06633400 0.01985400 -0.00455700
v 0.06635300 0.01994000 -0.00467900
v 0.06634700 0.02006500 -0.00476400
v 0.06632300 0.02018300 -0.00479400
v 0.05660700 0.02147400 0.00577900
v 0.05660700 0.02147400 -0.00791800
v 0.03641100 0.01096900 0.00954200
v 0.03641100 0.01096900 -0.01528100
v 0.02825000 0.01399600 0.01179700
v 0.02306700 0.01292400 0.01275800
v 0.02303500 0.01295200 0.01261800
v 0.02821800 0.01402400 0.01165700
v 0.02299700 0.01303100 0.01250100
v 0.02818000 0.01410400 0.01154100
v 0.02295800 0.01315100 0.01242600
v 0.02814100 0.01422300 0.01146500
v 0.02292500 0.01329100 0.01240300
v 0.02810800 0.01436300 0.01144200
v 0.02906900 0.01446500 0.01126400
v 0.02907500 0.01432900 0.01128900
v 0.02909000 0.01420400 0.01136800
v 0.02911400 0.01412000 0.01148900
v 0.03002800 0.01401100 0.01144700
v 0.02937700 0.01408600 0.01157500
v 0.02913800 0.01409100 0.01162200
v 0.03003100 0.01437900 0.01108600
v 0.03095700 0.01410500 0.01091400
v 0.03001100 0.01424700 0.01111500
v 0.03091300 0.01398300 0.01094700
v 0.03000300 0.01412500 0.01119600
v 0.03088200 0.01386900 0.01102900
v 0.03000900 0.01404200 0.01131600
v 0.03087200 0.01379000 0.01115000
v 0.03167600 0.01339500 0.01095000
v 0.03169600 0.01344500 0.01087600
v 0.03172600 0.01350800 0.01081700
v 0.03181200 0.01365700 0.01075600
v 0.03088400 0.01375800 0.01127900
v 0.03167400 0.01334300 0.01112500
v 0.03617100 0.01100500 0.00984300
v 0.03567100 0.01112100 0.01004100
v 0.03590500 0.01106400 0.00997700
v 0.03593800 0.01105600 0.00996400
v 0.03636000 0.01097100 0.00966400
v 0.03626400 0.01098700 0.00977100
v 0.05667500 0.02109900 0.00614800
v 0.05666600 0.02128700 0.00609800
v 0.05665500 0.02136400 0.00604000
v 0.05664100 0.02142400 0.00596300
v 0.05466800 0.02140800 0.00613400
v 0.05469500 0.02138300 0.00627000
v 0.05472400 0.02130000 0.00639600
v 0.05474800 0.02117300 0.00647800
v 0.05476200 0.02103400 0.00650200
v 0.05273900 0.02121100 0.00648600
v 0.05276600 0.02119000 0.00661600
v 0.05280200 0.02110500 0.00675000
v 0.05283700 0.02097000 0.00683500
v 0.05285800 0.02083900 0.00685500
v 0.02265100 0.01288000 0.01282200
v 0.02234400 0.01290100 0.01287000
v 0.02232400 0.01293300 0.01273900
v 0.02233000 0.01327200 0.01251300
v 0.02231700 0.01314000 0.01254100
v 0.02231400 0.01301700 0.01262000
v 0.02176500 0.01345400 0.01261800
v 0.02171000 0.01333900 0.01265200
v 0.02166900 0.01323200 0.01273300
v 0.02165100 0.01315600 0.01285100
v 0.02215400 0.01293700 0.01290000
v 0.02129400 0.01381700 0.01270500
v 0.02120700 0.01373100 0.01274400
v 0.02113400 0.01365000 0.01282700
v 0.02109200 0.01359200 0.01294400
v 0.02165700 0.01312300 0.01297800
v 0.02122300 0.01342700 0.01304700
v 0.02108500 0.01356400 0.01306900
v 0.02069600 0.01417300 0.01313300
v 0.02097300 0.01431800 0.01276500
v 0.02082800 0.01425100 0.01283300
v 0.02077100 0.01422300 0.01289200
v 0.02072800 0.01419900 0.01296500
v 0.02071200 0.01418900 0.01300900
v 0.02011700 0.01635400 0.01292300
v 0.02006700 0.01642400 0.01292400
v 0.01992800 0.01671600 0.01256800
v 0.01991900 0.01669800 0.01268100
v 0.01993300 0.01665200 0.01278100
v 0.02003400 0.01647500 0.01291500
v 0.01998600 0.01655100 0.01288100
v 0.01995600 0.01660500 0.01283900
v 0.05273900 0.02121100 -0.00930300
v 0.05466800 0.02140800 -0.00861200
v 0.01992800 0.01671600 -0.02120100
v 0.05278700 0.02119200 -0.00942800
v 0.01991000 0.01670700 -0.02127800
v 0.01998200 0.01646100 -0.02157400
v 0.02006400 0.01633800 -0.02156900
v 0.05291800 0.02083900 -0.00965500
v 0.01989900 0.01665800 -0.02142000
v 0.01992400 0.01657200 -0.02152200
v 0.05284600 0.02110800 -0.00955800
v 0.05289300 0.02097100 -0.00963800
v 0.05471800 0.02138400 -0.00874400
v 0.05476700 0.02130200 -0.00886400
v 0.05480400 0.02117400 -0.00894200
v 0.05482200 0.02103400 -0.00896500
v 0.05667100 0.02142400 -0.00809500
v 0.05669700 0.02136400 -0.00816800
v 0.05671800 0.02128700 -0.00822400
v 0.05673500 0.02109900 -0.00827100
v 0.03564800 0.01109600 -0.01591800
v 0.03578100 0.01106500 -0.01586300
v 0.03631000 0.01096900 -0.01546800
v 0.03614600 0.01099200 -0.01563400
v 0.03613200 0.01099400 -0.01564500
v 0.03603500 0.01101200 -0.01571800
v 0.03589300 0.01104100 -0.01580600
v 0.03591200 0.01103700 -0.01579500
v 0.02115400 0.01375000 -0.02119400
v 0.02127800 0.01377600 -0.02112900
v 0.02091200 0.01432300 -0.02126200
v 0.02283000 0.01292100 -0.02095300
v 0.02301900 0.01295100 -0.02089700
v 0.02296700 0.01297600 -0.02076800
v 0.02101400 0.01365100 -0.02151200
v 0.02107600 0.01358000 -0.02149200
v 0.02107300 0.01361400 -0.02138000
v 0.02121100 0.01344500 -0.02145000
v 0.02168600 0.01347700 -0.02098100
v 0.02164200 0.01336700 -0.02101900
v 0.02161600 0.01326400 -0.02109600
v 0.02294600 0.01300000 -0.02072400
v 0.02290900 0.01305800 -0.02065400
v 0.02224200 0.01305100 -0.02088200
v 0.02287500 0.01313500 -0.02060300
v 0.02223200 0.01317000 -0.02080800
v 0.02282400 0.01331900 -0.02056800
v 0.02224000 0.01329900 -0.02078000
v 0.02198800 0.01335400 -0.02087200
v 0.02079200 0.01426100 -0.02133900
v 0.02074700 0.01423300 -0.02139700
v 0.02109900 0.01367400 -0.02127400
v 0.02071500 0.01420900 -0.02146400
v 0.02069400 0.01417700 -0.02161400
v 0.02163500 0.01314700 -0.02131800
v 0.02173900 0.01309600 -0.02128600
v 0.02161400 0.01318700 -0.02120300
v 0.02227000 0.01296600 -0.02099100
v 0.02212300 0.01296400 -0.02116800
v 0.02230800 0.01292900 -0.02111200
v 0.02261800 0.01294200 -0.02088000
v 0.02264000 0.01290900 -0.02101100
v 0.06902500 0.01906500 0.00279000
v 0.06902500 0.01906500 -0.00311200
v 0.06923500 0.01916500 0.00279000
v 0.06930400 0.01921800 -0.00311200
v 0.06930400 0.01921800 0.00279000
v 0.06941300 0.01933600 0.00279000
v 0.06941300 0.01933600 -0.00311200
v 0.06949400 0.01947300 0.00279000
v 0.06949400 0.01947300 -0.00311200
v 0.06956200 0.01978400 -0.00311200
v 0.06956200 0.01978400 0.00279000
v 0.03632700 0.01093300 -0.01528100
v 0.03626400 0.01088600 0.00954200
v 0.03626400 0.01088600 -0.01528100
v 0.03616800 0.01074600 -0.01528100
v 0.03616800 0.01074600 0.00954200
v 0.03614600 0.01066400 0.00954200
v 0.03614600 0.01066400 -0.01528100
v 0.03614300 0.01057900 0.00954200
v 0.03614300 0.01057900 -0.01528100
v 0.03619500 0.01041800 -0.01528100
v 0.03619500 0.01041800 0.00954200
v 0.03631100 0.01029600 -0.01528100
v 0.03631100 0.01029600 0.00954200
v 0.03582600 0.01085500 0.00999900
v 0.03585800 0.01092700 0.00997200
v 0.03606400 0.01087500 0.00982400
v 0.03591400 0.01059900 0.01007700
v 0.03590500 0.01066100 0.01001400
v 0.03599600 0.01061200 0.00991800
v 0.03601300 0.01053800 0.00997600
v 0.03611400 0.01055500 0.00971700
v 0.03614300 0.01046000 0.00975400
v 0.03611300 0.01066200 0.00968800
v 0.03600000 0.01069900 0.00987000
v 0.03591100 0.01073600 0.00996000
v 0.03630700 0.01092800 0.00960700
v 0.03623100 0.01086200 0.00960100
v 0.03619600 0.01085900 0.00966900
v 0.03617100 0.01077000 0.00960100
v 0.03614200 0.01076800 0.00967200
v 0.03613800 0.01066000 0.00960900
v 0.03563800 0.01106600 0.01005300
v 0.03589600 0.01099600 0.00996100
v 0.03626400 0.01092900 0.00967800
v 0.03620000 0.01093500 0.00975300
v 0.03611500 0.01094800 0.00982700
v 0.03560600 0.01101100 0.01007600
v 0.03558500 0.01097200 0.01010200
v 0.03555400 0.01090900 0.01016100
v 0.03580400 0.01078500 0.01004200
v 0.03553500 0.01085900 0.01023500
v 0.03579800 0.01067000 0.01016400
v 0.03552900 0.01083800 0.01028100
v 0.03614000 0.01086300 0.00974500
v 0.03601300 0.01049200 0.01017000
v 0.03583400 0.01061000 0.01029900
v 0.03553300 0.01080700 0.01040900
v 0.03602300 0.01078900 0.00983800
v 0.03625300 0.01033400 0.00983200
v 0.03713200 0.00975700 0.01051400
v 0.03713200 0.00975700 -0.01614200
v 0.03728300 0.00969900 -0.01614200
v 0.03744400 0.00971100 -0.01614200
v 0.03744400 0.00971100 0.01051400
v 0.03736500 0.00969600 -0.01614200
v 0.03736500 0.00969600 0.01051400
v 0.03728300 0.00969900 0.01051400
v 0.03557000 0.01078300 -0.01627000
v 0.03555100 0.01084200 -0.01611100
v 0.03156800 0.01341300 -0.01772200
v 0.03154900 0.01347200 -0.01756200
v 0.03155700 0.01352300 -0.01749300
v 0.03556000 0.01089300 -0.01604100
v 0.03157700 0.01358500 -0.01743600
v 0.03164600 0.01372600 -0.01736900
v 0.03559500 0.01099100 -0.01595900
v 0.03557900 0.01095400 -0.01598400
v 0.03613700 0.01065500 -0.01535900
v 0.03622500 0.01085700 -0.01535100
v 0.03599000 0.01095200 -0.01571300
v 0.03568500 0.01082900 -0.01596900
v 0.03630900 0.01029700 -0.01533500
v 0.03620500 0.01036600 -0.01570100
v 0.03580100 0.01071000 -0.01593200
v 0.03601800 0.01053200 -0.01576400
v 0.03599700 0.01060500 -0.01571300
v 0.03614500 0.01045700 -0.01551200
v 0.03611400 0.01055000 -0.01547900
v 0.03584100 0.01091000 -0.01581100
v 0.03572100 0.01094800 -0.01589200
v 0.03609300 0.01093400 -0.01562300
v 0.03625000 0.01092000 -0.01544000
v 0.03592200 0.01080400 -0.01574200
v 0.03595100 0.01088100 -0.01572000
v 0.03601200 0.01077700 -0.01563900
v 0.03604600 0.01086100 -0.01562400
v 0.03613500 0.01075900 -0.01543700
v 0.03618500 0.01085000 -0.01543300
v 0.03629900 0.01092400 -0.01535600
v 0.03580200 0.01077200 -0.01588000
v 0.03590700 0.01072500 -0.01577900
v 0.03599500 0.01068900 -0.01566900
v 0.03611000 0.01065500 -0.01545300
v 0.03616700 0.01076500 -0.01535100
v 0.03581100 0.01065900 -0.01599100
v 0.03585900 0.01059300 -0.01611200
v 0.03605600 0.01046400 -0.01592500
v 0.02992300 0.01417400 -0.01809700
v 0.02991800 0.01429300 -0.01802100
v 0.02901600 0.01437100 -0.01834900
v 0.03082200 0.01415900 -0.01766800
v 0.03078800 0.01404000 -0.01770400
v 0.03077200 0.01393000 -0.01778300
v 0.03077900 0.01385000 -0.01789400
v 0.02998500 0.01405400 -0.01833000
v 0.03059200 0.01389300 -0.01809600
v 0.03080700 0.01381200 -0.01801400
v 0.02904300 0.01424600 -0.01842300
v 0.02908500 0.01416200 -0.01853500
v 0.02994700 0.01409000 -0.01820800
v 0.02807900 0.01440600 -0.01866300
v 0.02900600 0.01450500 -0.01832600
v 0.02993200 0.01442200 -0.01799100
v 0.02813000 0.01422200 -0.01869800
v 0.02822300 0.01406400 -0.01886300
v 0.02820200 0.01408700 -0.01881800
v 0.02816400 0.01414600 -0.01874900
v 0.02913000 0.01413000 -0.01866000
v 0.02827400 0.01403800 -0.01899100
v 0.02828300 0.01397400 0.01255400
v 0.02917100 0.01406900 0.01237900
v 0.02940900 0.01406500 0.01233200
v 0.03006000 0.01398900 0.01220400
v 0.03091600 0.01373600 0.01203600
v 0.03170700 0.01332200 0.01188100
v 0.03708900 0.00980400 0.01087000
v 0.03697200 0.00986200 0.01083800
v 0.03710200 0.00977600 0.01065900
v 0.03717300 0.00980600 0.01094500
v 0.03726300 0.00983900 0.01100600
v 0.03703000 0.00993200 0.01111400
v 0.03719800 0.00991400 0.01110700
v 0.03711900 0.01000100 0.01119100
v 0.03717600 0.00974100 0.01069900
v 0.03726000 0.00972600 0.01073700
v 0.03734800 0.00973400 0.01077000
v 0.03743000 0.00976300 0.01079600
v 0.03674300 0.01001200 0.01094800
v 0.03695000 0.00990200 0.01100700
v 0.03678000 0.01002700 0.01109800
v 0.03694200 0.01000900 0.01117700
v 0.03684600 0.01009200 0.01122300
v 0.03703100 0.01009900 0.01125700
v 0.03693000 0.01019800 0.01130000
v 0.03711200 0.01020700 0.01128500
v 0.03701700 0.01032600 0.01131700
v 0.03744700 0.00971400 0.01057300
v 0.03740400 0.00980700 0.01090200
v 0.03734500 0.00989600 0.01104600
v 0.03726500 0.01000900 0.01116500
v 0.03720100 0.01009400 0.01122800
v 0.06937300 0.01932500 0.00325900
v 0.06948300 0.01954300 0.00329000
v 0.06925500 0.01929300 0.00371500
v 0.06935600 0.01951200 0.00377500
v 0.06906100 0.01924100 0.00414500
v 0.06914800 0.01946200 0.00423200
v 0.06879700 0.01917000 0.00453600
v 0.06886600 0.01939300 0.00464800
v 0.06847100 0.01908200 0.00487700
v 0.06851700 0.01930800 0.00501000
v 0.06809100 0.01897900 0.00515900
v 0.06811000 0.01920900 0.00530800
v 0.06766800 0.01886500 0.00537200
v 0.06765800 0.01909900 0.00553300
v 0.06721300 0.01874300 0.00551100
v 0.06717000 0.01899800 0.00568400
v 0.06721500 0.01857400 0.00525000
v 0.06718500 0.01852000 0.00500200
v 0.06763100 0.01870100 0.00514400
v 0.06791200 0.01873600 0.00473100
v 0.06900500 0.01905900 0.00308300
v 0.06919800 0.01915500 0.00322000
v 0.06889100 0.01902500 0.00355500
v 0.06908900 0.01912300 0.00363700
v 0.06871400 0.01897300 0.00393100
v 0.06891100 0.01907100 0.00403000
v 0.06850500 0.01891100 0.00422900
v 0.06866800 0.01900100 0.00438700
v 0.06806800 0.01878200 0.00463100
v 0.06836800 0.01891400 0.00469700
v 0.06801900 0.01881300 0.00495200
v 0.06951700 0.01977400 0.00330800
v 0.06940700 0.01975000 0.00374100
v 0.06916500 0.01969600 0.00428100
v 0.06886800 0.01963000 0.00470800
v 0.06850200 0.01954900 0.00507700
v 0.06814300 0.01946900 0.00533900
v 0.06760900 0.01935000 0.00560100
v 0.06710800 0.01923900 0.00574000
v 0.02307800 0.01289800 0.01351900
v 0.02287100 0.01286600 0.01355100
v 0.02266200 0.01285400 0.01358300
v 0.02205400 0.01294100 0.01367800
v 0.02166800 0.01309700 0.01373900
v 0.02124400 0.01339200 0.01380600
v 0.02109600 0.01353800 0.01383000
v 0.02070700 0.01414700 0.01389400
v 0.02303900 0.01290200 -0.02168700
v 0.02232900 0.01288100 -0.02190200
v 0.02211400 0.01292300 -0.02196700
v 0.02165600 0.01309900 -0.02210800
v 0.02129800 0.01333800 -0.02221900
v 0.02109600 0.01353100 -0.02228200
v 0.02088000 0.01381300 -0.02235100
v 0.02076400 0.01401900 -0.02238900
v 0.02071400 0.01412900 -0.02240500
v 0.06956200 0.02222400 0.00279000
v 0.06956200 0.02222400 -0.00311200
v 0.06933900 0.01973500 -0.00424500
v 0.06942300 0.01975300 -0.00401500
v 0.06939300 0.01952200 -0.00398400
v 0.06814300 0.01880400 -0.00489800
v 0.06754200 0.01862600 -0.00522700
v 0.06827200 0.01888700 -0.00509900
v 0.06760700 0.01868800 -0.00545800
v 0.06836700 0.01905300 -0.00528700
v 0.06764500 0.01885900 -0.00570300
v 0.06840500 0.01928100 -0.00542500
v 0.06763200 0.01911000 -0.00587100
v 0.06838600 0.01952300 -0.00549400
v 0.06758400 0.01934500 -0.00593200
v 0.06861700 0.01894400 -0.00440300
v 0.06879100 0.01903700 -0.00454500
v 0.06893100 0.01920500 -0.00467800
v 0.06900900 0.01942800 -0.00477900
v 0.06857300 0.01956500 -0.00533700
v 0.06901800 0.01966300 -0.00483400
v 0.06892000 0.01903400 -0.00378900
v 0.06912200 0.01913200 -0.00386200
v 0.06929000 0.01930200 -0.00393100
v 0.03712800 0.00994700 -0.01681500
v 0.03717800 0.00998900 -0.01684500
v 0.03730100 0.00983300 -0.01664100
v 0.03727300 0.00972300 -0.01636500
v 0.03736600 0.00973300 -0.01639600
v 0.03700400 0.01017800 -0.01698400
v 0.03705500 0.01025000 -0.01699500
v 0.03722400 0.01003700 -0.01686500
v 0.03734800 0.00986300 -0.01666100
v 0.03733700 0.00998200 -0.01677800
v 0.03695800 0.01012200 -0.01695800
v 0.03690600 0.01006800 -0.01691300
v 0.03725200 0.00981100 -0.01661500
v 0.03720200 0.00979600 -0.01658400
v 0.03707600 0.00991500 -0.01677300
v 0.03710500 0.00979500 -0.01651200
v 0.03697800 0.00988700 -0.01666900
v 0.03702500 0.00982700 -0.01643700
v 0.03695300 0.00987400 -0.01651700
v 0.03718300 0.00973800 -0.01632900
v 0.03709600 0.00978000 -0.01631200
v 0.03726500 0.01008900 -0.01687300
v 0.03709500 0.01031400 -0.01698900
v 0.03738900 0.00989700 -0.01667500
v 0.03744800 0.00977800 -0.01645100
v 0.03682000 0.01000500 -0.01678900
v 0.03676100 0.01000000 -0.01663600
v 0.03162900 0.01337300 -0.01849700
v 0.03095200 0.01373700 -0.01875700
v 0.03022000 0.01397700 -0.01904000
v 0.02833600 0.01399800 -0.01976600
v 0.02877200 0.01406600 -0.01959800
v 0.02953200 0.01408000 -0.01930500
v 0.02919200 0.01409000 -0.01943600
v 0.06918700 0.02287400 -0.00311200
v 0.06934200 0.02275500 -0.00311200
v 0.06928200 0.02275500 -0.00368600
v 0.06755000 0.02259900 -0.00583800
v 0.06751000 0.02275500 -0.00572600
v 0.06802900 0.02275500 -0.00547400
v 0.06745700 0.02287400 -0.00558000
v 0.06741700 0.02292800 -0.00547100
v 0.06788600 0.02292800 -0.00524400
v 0.06881200 0.02297400 -0.00311200
v 0.06907100 0.02292800 -0.00311200
v 0.06901700 0.02292800 -0.00363000
v 0.06876300 0.02297400 -0.00357600
v 0.06879100 0.02292800 -0.00426400
v 0.06856100 0.02297400 -0.00414500
v 0.06840500 0.02292800 -0.00481500
v 0.06821400 0.02297400 -0.00463900
v 0.06774900 0.02297400 -0.00502300
v 0.06732900 0.02297400 -0.00522700
v 0.06758400 0.02222400 -0.00593200
v 0.06756900 0.02248400 -0.00588900
v 0.06814400 0.02222400 -0.00566000
v 0.06812000 0.02248400 -0.00562100
v 0.06857400 0.02222400 -0.00533700
v 0.06873100 0.02248400 -0.00511600
v 0.06876500 0.02222400 -0.00514800
v 0.06918600 0.02248400 -0.00446800
v 0.06922700 0.02222400 -0.00448900
v 0.06945200 0.02248400 -0.00372100
v 0.06949700 0.02222400 -0.00373100
v 0.06934000 0.02222400 -0.00424500
v 0.06951500 0.02248400 -0.00311200
v 0.06946100 0.02259900 -0.00311200
v 0.06860400 0.02275500 -0.00499900
v 0.06903200 0.02275500 -0.00438800
v 0.06704000 0.02287400 0.00537100
v 0.06706800 0.02275500 0.00552400
v 0.06769300 0.02275500 0.00532900
v 0.06709000 0.02259900 0.00564100
v 0.06710000 0.02248400 0.00569400
v 0.06776400 0.02248400 0.00548800
v 0.06946100 0.02259900 0.00279000
v 0.06934200 0.02275500 0.00279000
v 0.06926500 0.02275500 0.00344000
v 0.06918700 0.02287400 0.00279000
v 0.06907100 0.02292800 0.00279000
v 0.06900200 0.02292800 0.00337600
v 0.06697200 0.02297400 0.00500200
v 0.06701900 0.02292800 0.00525700
v 0.06758300 0.02292800 0.00508200
v 0.06747700 0.02297400 0.00484500
v 0.06822500 0.02292800 0.00466900
v 0.06805300 0.02297400 0.00447500
v 0.06871300 0.02292800 0.00408300
v 0.06849000 0.02297400 0.00394900
v 0.06874900 0.02297400 0.00331600
v 0.06881200 0.02297400 0.00279000
v 0.06951500 0.02248400 0.00279000
v 0.06947900 0.02222400 0.00349100
v 0.06943400 0.02248400 0.00348000
v 0.06941700 0.02222400 0.00371100
v 0.06913300 0.02222400 0.00433500
v 0.06909300 0.02248400 0.00431100
v 0.06886800 0.02222400 0.00470800
v 0.06851900 0.02248400 0.00500200
v 0.06855000 0.02222400 0.00503700
v 0.06798800 0.02222400 0.00542900
v 0.06778300 0.02222400 0.00553000
v 0.06710800 0.02222400 0.00574000
v 0.06894500 0.02275500 0.00422200
v 0.06840400 0.02275500 0.00487200
v 0.03009000 0.01400900 0.01234400
v 0.02923800 0.01444400 0.01275800
v 0.02827700 0.01434200 0.01293600
v 0.02923500 0.01430400 0.01273100
v 0.02830000 0.01420100 0.01290300
v 0.02922000 0.01417500 0.01264600
v 0.02830900 0.01408200 0.01281900
v 0.02919700 0.01409200 0.01251700
v 0.02830300 0.01400200 0.01269600
v 0.03020000 0.01435700 0.01258000
v 0.03016900 0.01421700 0.01255700
v 0.03012900 0.01409000 0.01247400
v 0.03112600 0.01408400 0.01240900
v 0.03106800 0.01395000 0.01239000
v 0.03100400 0.01382800 0.01230900
v 0.03094900 0.01375300 0.01217800
v 0.03198200 0.01363500 0.01225000
v 0.03189400 0.01350700 0.01223300
v 0.03181100 0.01340100 0.01215600
v 0.03174400 0.01333600 0.01203200
v 0.05660700 0.02297400 0.00692300
v 0.05667500 0.02287400 0.00729200
v 0.05670400 0.02275500 0.00744500
v 0.05672500 0.02259900 0.00756200
v 0.05674400 0.02222400 0.00766100
v 0.02309800 0.01292400 0.01365500
v 0.02238400 0.01289500 0.01377200
v 0.02242000 0.01297600 0.01390300
v 0.02310500 0.01300500 0.01378400
v 0.02309600 0.01312500 0.01386800
v 0.02245300 0.01310500 0.01398700
v 0.02247800 0.01324600 0.01401100
v 0.02224900 0.01329400 0.01405400
v 0.02184100 0.01329800 0.01409900
v 0.02176300 0.01318000 0.01401700
v 0.02168100 0.01309600 0.01381000
v 0.02203400 0.01297200 0.01382900
v 0.02172900 0.01313700 0.01395500
v 0.02170100 0.01310900 0.01388400
v 0.02110700 0.01353600 0.01390300
v 0.02074300 0.01415000 0.01405200
v 0.02113000 0.01354400 0.01397800
v 0.02116600 0.01356500 0.01405000
v 0.02083700 0.01417900 0.01418000
v 0.02121400 0.01359700 0.01411300
v 0.02097100 0.01423000 0.01425500
v 0.02132900 0.01368900 0.01419300
v 0.02112100 0.01429200 0.01426300
v 0.02307300 0.01326500 0.01390100
v 0.02191200 0.01342800 0.01411600
v 0.02161100 0.01363000 0.01417200
v 0.02144200 0.01379100 0.01420300
v 0.02309800 0.01292600 0.01366100
v 0.01938500 0.01729100 0.01413900
v 0.01942100 0.01729400 0.01429700
v 0.01951500 0.01732400 0.01442500
v 0.01965000 0.01737400 0.01450000
v 0.01965700 0.01737700 0.01450200
v 0.01979900 0.01743600 0.01450800
v 0.01984000 0.01620900 0.01329200
v 0.01987200 0.01623500 0.01312400
v 0.01991500 0.01625900 0.01305100
v 0.02000800 0.01630500 0.01296500
v 0.01997200 0.01628700 0.01299100
v 0.01971500 0.01650600 0.01324600
v 0.01985500 0.01638100 0.01305200
v 0.01963500 0.01674200 0.01292200
v 0.01971800 0.01668200 0.01286000
v 0.01980100 0.01649700 0.01301900
v 0.01989800 0.01649900 0.01294200
v 0.01995000 0.01640400 0.01296800
v 0.01982300 0.01665100 0.01281100
v 0.01985400 0.01658300 0.01288900
v 0.01973000 0.01651700 0.01311900
v 0.01963900 0.01668700 0.01313700
v 0.01958300 0.01682000 0.01298700
v 0.01980500 0.01670300 0.01269600
v 0.01969400 0.01674400 0.01272200
v 0.01960300 0.01681700 0.01275400
v 0.01954500 0.01691100 0.01278900
v 0.01976600 0.01672900 0.01256800
v 0.01969100 0.01676200 0.01256800
v 0.01962500 0.01681000 0.01256800
v 0.01953100 0.01694200 0.01256800
v 0.01953100 0.01694200 -0.02120100
v 0.01962500 0.01681000 -0.02120100
v 0.01969100 0.01676200 -0.02120100
v 0.01976600 0.01672900 -0.02120100
v 0.01979400 0.01671100 -0.02131000
v 0.01955800 0.01687800 -0.02152200
v 0.01961300 0.01678700 -0.02149300
v 0.01969400 0.01672100 -0.02144800
v 0.01979300 0.01668200 -0.02141100
v 0.01964500 0.01667100 -0.02179800
v 0.01968200 0.01662100 -0.02171400
v 0.01974600 0.01658500 -0.02163400
v 0.01983100 0.01656800 -0.02156700
v 0.01989300 0.01643700 -0.02162700
v 0.01981600 0.01642600 -0.02170800
v 0.01976400 0.01642900 -0.02180600
v 0.01974000 0.01644600 -0.02190900
v 0.01984600 0.01619300 -0.02192200
v 0.01986800 0.01622500 -0.02177100
v 0.01990000 0.01624900 -0.02170400
v 0.01997300 0.01629300 -0.02162000
v 0.01994500 0.01627600 -0.02164700
v 0.02174900 0.01312500 -0.02232800
v 0.02170900 0.01310000 -0.02225500
v 0.02140900 0.01328700 -0.02235200
v 0.02167800 0.01309200 -0.02218000
v 0.02103700 0.01384400 -0.02264900
v 0.02087400 0.01415000 -0.02270600
v 0.02102700 0.01420400 -0.02277200
v 0.02179400 0.01316700 -0.02239100
v 0.02138300 0.01367200 -0.02264900
v 0.02188700 0.01329100 -0.02246900
v 0.02155500 0.01372800 -0.02262400
v 0.02150500 0.01334600 -0.02248900
v 0.02125000 0.01357400 -0.02257600
v 0.02114500 0.01352400 -0.02243700
v 0.02092500 0.01380600 -0.02250900
v 0.02076100 0.01412300 -0.02257400
v 0.02306200 0.01290800 -0.02175100
v 0.02235300 0.01288000 -0.02197000
v 0.02308300 0.01293000 -0.02182400
v 0.02238100 0.01289400 -0.02204100
v 0.02241000 0.01292600 -0.02211000
v 0.02311000 0.01301000 -0.02194300
v 0.02243900 0.01297400 -0.02217100
v 0.02311600 0.01312900 -0.02202800
v 0.02248800 0.01310600 -0.02225400
v 0.02310000 0.01327000 -0.02206400
v 0.02118800 0.01427400 -0.02275700
v 0.02196200 0.01342800 -0.02247600
v 0.02226400 0.01330500 -0.02236700
v 0.02251600 0.01325000 -0.02227600
v 0.01938800 0.01728300 -0.02288600
v 0.01943500 0.01727700 -0.02305500
v 0.01954800 0.01730500 -0.02318700
v 0.01970100 0.01735900 -0.02325300
v 0.01986200 0.01742900 -0.02323800
v 0.05660700 0.02297400 -0.00911500
v 0.05673500 0.02287400 -0.00946800
v 0.05678800 0.02275500 -0.00961400
v 0.05682800 0.02259900 -0.00972600
v 0.05686300 0.02222400 -0.00982000
v 0.03168800 0.01337700 -0.01865000
v 0.03177400 0.01344000 -0.01877400
v 0.03187200 0.01355000 -0.01884500
v 0.03196300 0.01368600 -0.01885000
v 0.02924000 0.01411000 -0.01956900
v 0.02837900 0.01402600 -0.01990300
v 0.03113900 0.01411800 -0.01914800
v 0.03107900 0.01397900 -0.01913700
v 0.03099900 0.01385300 -0.01906000
v 0.03092300 0.01378000 -0.01893000
v 0.03024900 0.01438100 -0.01947100
v 0.03021400 0.01423800 -0.01945200
v 0.03016000 0.01410700 -0.01937100
v 0.03009800 0.01402800 -0.01924300
v 0.02932300 0.01446400 -0.01980700
v 0.02931400 0.01432200 -0.01978000
v 0.02928500 0.01419200 -0.01969600
v 0.02839600 0.01436600 -0.02014300
v 0.02841200 0.01422500 -0.02010700
v 0.02840600 0.01410500 -0.02002300
v 0.05456600 0.02290500 -0.00983700
v 0.05466500 0.02285700 -0.01010000
v 0.05476400 0.02269200 -0.01034100
v 0.05483800 0.02243500 -0.01049700
v 0.05487300 0.02215600 -0.01054200
v 0.05253500 0.02269700 -0.01055500
v 0.05263100 0.02266000 -0.01080600
v 0.05274900 0.02249200 -0.01106500
v 0.05284400 0.02221800 -0.01122500
v 0.05289300 0.02195400 -0.01126000
v 0.05456600 0.02290500 0.00729200
v 0.05253500 0.02269700 0.00765900
v 0.05462000 0.02285500 0.00756500
v 0.05258900 0.02265600 0.00791800
v 0.05467800 0.02268900 0.00781700
v 0.05266200 0.02248600 0.00818700
v 0.05472600 0.02243400 0.00798000
v 0.05273100 0.02221500 0.00835600
v 0.05475400 0.02215600 0.00802900
v 0.05277400 0.02195400 0.00839600
v 0.01968000 0.01783100 0.01441000
v 0.01964300 0.01793700 0.01433100
v 0.01948900 0.01788200 0.01434200
v 0.01952600 0.01752000 0.01447000
v 0.01960100 0.01755700 0.01449600
v 0.01954300 0.01772900 0.01444200
v 0.01941300 0.01783400 0.01432400
v 0.01946800 0.01768600 0.01442000
v 0.01940100 0.01763700 0.01437800
v 0.01945800 0.01748300 0.01442300
v 0.01931900 0.01753900 0.01425000
v 0.01936800 0.01741800 0.01428700
v 0.01943200 0.01799800 0.01420100
v 0.01930300 0.01788500 0.01416300
v 0.01934800 0.01777500 0.01428900
v 0.01924000 0.01774100 0.01408600
v 0.01927500 0.01764600 0.01417900
v 0.01925600 0.01759700 0.01398700
v 0.01930700 0.01747700 0.01409900
v 0.01977900 0.01750600 0.01450800
v 0.01974700 0.01761800 0.01449400
v 0.01969400 0.01778800 0.01443400
v 0.01932900 0.01742400 0.01412300
v 0.01944100 0.01800300 0.01420200
v 0.01959700 0.01805500 0.01419300
v 0.01920200 0.01782600 0.01377700
v 0.01923100 0.01765800 0.01377700
v 0.01923700 0.01764200 0.01388800
v 0.01941700 0.01805700 0.01410400
v 0.01928200 0.01793300 0.01407400
v 0.01926600 0.01796700 0.01397800
v 0.01939800 0.01809400 0.01399900
v 0.01921100 0.01779700 0.01393600
v 0.01955400 0.01814500 0.01399500
v 0.01953800 0.01816800 0.01388800
v 0.01938400 0.01811500 0.01388900
v 0.01925600 0.01798600 0.01387900
v 0.01925100 0.01798900 0.01377700
v 0.01936600 0.01811400 0.01377700
v 0.01952500 0.01817500 0.01377700
v 0.01933500 0.01741000 -0.02288000
v 0.01923100 0.01765800 -0.02252500
v 0.01924600 0.01762100 -0.02269800
v 0.01928800 0.01752200 -0.02282400
v 0.01974300 0.01780400 -0.02316900
v 0.01978400 0.01768600 -0.02321600
v 0.01962600 0.01762600 -0.02324400
v 0.01967000 0.01749500 -0.02326200
v 0.01954100 0.01758600 -0.02322600
v 0.01982500 0.01755900 -0.02323900
v 0.01941700 0.01765500 -0.02314400
v 0.01949500 0.01770700 -0.02318300
v 0.01958100 0.01775100 -0.02319900
v 0.01958500 0.01745800 -0.02324200
v 0.01946200 0.01754200 -0.02318400
v 0.01935600 0.01746100 -0.02304200
v 0.01932000 0.01754800 -0.02301100
v 0.01950600 0.01742300 -0.02319800
v 0.01939300 0.01736900 -0.02305300
v 0.01970000 0.01791200 -0.02310100
v 0.01953600 0.01786400 -0.02312800
v 0.01952400 0.01785900 -0.02312800
v 0.01945000 0.01781800 -0.02311500
v 0.01937500 0.01775900 -0.02308000
v 0.01928900 0.01763700 -0.02297000
v 0.01920700 0.01780900 -0.02264900
v 0.01920200 0.01782600 -0.02252500
v 0.01925100 0.01798900 -0.02252500
v 0.01924500 0.01786100 -0.02280400
v 0.01922400 0.01777400 -0.02276800
v 0.01925000 0.01771300 -0.02287500
v 0.01927700 0.01779100 -0.02292700
v 0.01932800 0.01786700 -0.02296900
v 0.01939900 0.01793300 -0.02299700
v 0.01948200 0.01798200 -0.02300800
v 0.01952500 0.01817500 -0.02252500
v 0.01955900 0.01816000 -0.02269200
v 0.01939900 0.01811200 -0.02269600
v 0.01943600 0.01806600 -0.02286100
v 0.01932500 0.01805700 -0.02269100
v 0.01935600 0.01801400 -0.02285200
v 0.01926400 0.01798400 -0.02268100
v 0.01929000 0.01794300 -0.02283300
v 0.01964800 0.01802500 -0.02298700
v 0.01960400 0.01810400 -0.02286200
v 0.01936600 0.01811400 -0.02252500
v 0.01937400 0.01811900 -0.02252500
v 0.03300100 0.00906000 0.00189900
v 0.03313800 0.00905000 0.00192900
v 0.03307000 0.00905000 0.00224500
v 0.03300000 0.00905000 0.00258800
v 0.03286500 0.00909000 0.00186900
v 0.03302700 0.00905000 0.00245600
v 0.03330500 0.00905000 0.00127800
v 0.03300000 0.00907500 0.00154800
v 0.03297900 0.00911100 0.00116600
v 0.03273400 0.00922400 0.00121500
v 0.03269300 0.00928700 0.00106700
v 0.03309200 0.00913200 0.00000300
v 0.03275800 0.00936700 0.00000100
v 0.03307000 0.00912500 -0.00059600
v 0.03274700 0.00934400 -0.00054200
v 0.03272800 0.00931600 -0.00082500
v 0.03269300 0.00928700 -0.00106700
v 0.03282800 0.00918600 -0.00111400
v 0.03297900 0.00911100 -0.00116600
v 0.03307000 0.00912500 0.00059600
v 0.03274600 0.00934400 0.00054500
v 0.03275600 0.00936300 0.00021100
v 0.03337800 0.00905000 0.00102700
v 0.03345100 0.00905000 0.00062100
v 0.03348800 0.00905000 0.00000300
v 0.03344700 0.00905000 -0.00064500
v 0.03330500 0.00905000 -0.00127800
v 0.03300000 0.00905000 -0.00258800
v 0.03300100 0.00906000 -0.00189900
v 0.03293800 0.00905800 -0.00225600
v 0.03293200 0.00907200 -0.00188400
v 0.03284000 0.00910700 -0.00173700
v 0.03279900 0.00914300 -0.00152500
v 0.03313800 0.00905000 -0.00192900
v 0.03321100 0.00905000 -0.00161500
v 0.03326600 0.00905000 -0.00140600
v 0.03252600 0.00914900 -0.00200000
v 0.03218900 0.00910700 -0.00225400
v 0.03269100 0.00913800 -0.00186400
v 0.03213000 0.00940800 -0.00157200
v 0.03183200 0.00938200 -0.00176300
v 0.03147000 0.00928700 -0.00194100
v 0.03211400 0.00971600 -0.00083300
v 0.03211400 0.00971600 0.00083500
v 0.03147000 0.00928700 0.00194100
v 0.03134000 0.00980400 0.00106600
v 0.03183200 0.00938200 0.00176300
v 0.03172900 0.00979900 0.00096500
v 0.03213000 0.00940800 0.00157200
v 0.03131800 0.00990500 -0.00074900
v 0.03134000 0.00980500 -0.00106500
v 0.03172900 0.00980000 -0.00096300
v 0.03209000 0.00983600 0.00000000
v 0.03129800 0.01000000 -0.00000000
v 0.03131800 0.00990500 0.00074900
v 0.03252600 0.00914900 0.00200000
v 0.03218900 0.00910700 0.00225400
v 0.03233000 0.00926600 0.00174200
v 0.03498900 0.00905000 0.00446500
v 0.00800000 0.00905000 0.00446500
v 0.00800000 0.00905000 0.00258800
v 0.00800000 0.00905000 -0.00258800
v 0.00800000 0.00905000 -0.00750000
v 0.03498900 0.00905000 -0.00750000
v 0.01500000 0.00128100 -0.02199500
v 0.01500000 0.00157700 -0.02189100
v 0.01233700 0.00052800 -0.02287900
v 0.01245800 0.00026800 -0.02289300
v 0.01246700 0.00025200 -0.02289800
v 0.01500000 0.00117500 -0.02206300
v 0.01263000 0.00000600 -0.02304700
v 0.01500000 0.00101400 -0.02221000
v 0.01279500 -0.00014300 -0.02331700
v 0.01289800 -0.00015800 -0.02358400
v 0.01500000 0.00077800 -0.02280000
v 0.01500000 0.00077900 -0.02276600
v 0.01500000 0.00083500 -0.02250100
v 0.01500000 0.00090600 -0.02235600
v 0.00777300 -0.00218800 -0.02484000
v 0.00753800 -0.00238100 -0.02503300
v 0.00724700 -0.00260000 -0.02529600
v 0.00699000 -0.00276900 -0.02555600
v 0.00678000 -0.00288100 -0.02580300
v 0.00902300 -0.00094800 -0.02408100
v 0.00866800 -0.00134300 -0.02424300
v 0.00853200 -0.00148400 -0.02431900
v 0.00847900 -0.00153700 -0.02435000
v 0.00785000 -0.00212300 -0.02478000
v 0.00550300 -0.00307600 -0.02854800
v 0.00582000 -0.00277100 -0.02843300
v 0.00594600 -0.00295500 -0.02834700
v 0.00673000 -0.00219600 -0.02810300
v 0.00682700 -0.00251400 -0.02797900
v 0.00511100 -0.00358000 -0.02869100
v 0.00527400 -0.00370800 -0.02859500
v 0.00481000 -0.00414300 -0.02880000
v 0.00484500 -0.00462300 -0.02875200
v 0.00466000 -0.00455700 -0.02885400
v 0.00476400 -0.00562200 -0.02875100
v 0.00450600 -0.00562200 -0.02891000
v 0.00493900 -0.00562200 -0.02850200
v 0.00486200 -0.00562200 -0.02863800
v 0.00500100 -0.00468700 -0.02858400
v 0.00500000 -0.00562200 -0.02820500
v 0.00509700 -0.00473800 -0.02837200
v 0.00512400 -0.00477000 -0.02814900
v 0.00547800 -0.00393100 -0.02821300
v 0.00548400 -0.00398800 -0.02798600
v 0.00540500 -0.00383300 -0.02842800
v 0.00603900 -0.00313400 -0.02818200
v 0.00607500 -0.00326800 -0.02796200
v 0.00588400 -0.00349600 -0.02780400
v 0.00605200 -0.00334100 -0.02772800
v 0.00678000 -0.00288100 -0.02739800
v 0.00683500 -0.00280800 -0.02764100
v 0.00684500 -0.00276100 -0.02772500
v 0.00684600 -0.00264800 -0.02786800
v 0.00902300 -0.00045400 -0.02408100
v 0.00839000 0.00002800 -0.02412500
v 0.00883500 0.00010900 -0.02402300
v 0.00857500 0.00061600 -0.02372000
v 0.00884900 0.00007500 -0.02403300
v 0.00723900 0.00073300 -0.02272300
v 0.00714800 0.00070600 -0.02269900
v 0.00703700 0.00057400 -0.02320600
v 0.00738900 0.00077800 -0.02274900
v 0.00714800 -0.00073200 -0.02413700
v 0.00756700 -0.00067000 -0.02422900
v 0.00793000 -0.00005700 -0.02415600
v 0.00852300 -0.00052800 -0.02421400
v 0.00800000 -0.00060600 -0.02426100
v 0.00761900 0.00084600 -0.02276000
v 0.00766500 0.00075300 -0.02330400
v 0.00777500 0.00043500 -0.02381900
v 0.00699400 0.00024600 -0.02367700
v 0.00703700 -0.00022500 -0.02400400
v 0.00828800 0.00093500 -0.02319000
v 0.00808500 0.00098400 -0.02267100
v 0.00641400 0.00045400 -0.01620900
v 0.00731800 0.00081900 -0.01629400
v 0.00752500 0.00106200 -0.01573400
v 0.00622100 0.00097400 -0.01485700
v 0.00578500 0.00066700 -0.01461200
v 0.00570800 0.00014000 -0.01528400
v 0.00515200 -0.00110700 -0.01584300
v 0.00500000 -0.00202000 -0.01560500
v 0.00500000 -0.00214500 -0.01635200
v 0.00518400 -0.00010600 -0.01399700
v 0.00500000 -0.00129000 -0.01387900
v 0.00516700 -0.00071300 -0.01486800
v 0.00500000 -0.00160000 -0.01443600
v 0.00522800 0.00071500 -0.01332600
v 0.00500000 -0.00001000 -0.01243600
v 0.00500000 -0.00091600 -0.01335300
v 0.00714800 0.00070600 -0.01686600
v 0.00630100 0.00030200 -0.01686600
v 0.00608100 0.00013600 -0.01686600
v 0.00685200 0.00174000 -0.01458500
v 0.00634900 0.00157200 -0.01437800
v 0.00543300 0.00029900 -0.01432000
v 0.00558900 -0.00038500 -0.01686600
v 0.00564200 -0.00021900 -0.01605100
v 0.00524400 -0.00098500 -0.01686600
v 0.00514000 -0.00126500 -0.01686600
v 0.00500000 -0.00217000 -0.01686600
v 0.00655400 0.00076200 -0.01558800
v 0.00671500 0.00120500 -0.01504100
v 0.00775600 0.00142400 -0.01521400
v 0.00587900 0.00133000 -0.01408100
v 0.00800000 0.00188500 -0.01476200
v 0.00800000 0.00794500 -0.00982600
v 0.00685200 0.00780000 -0.00964900
v 0.00673000 0.00776600 -0.00960700
v 0.00600300 0.00746400 -0.00923600
v 0.00593900 0.00742700 -0.00919000
v 0.00587900 0.00739000 -0.00914500
v 0.00522800 0.00677500 -0.00839000
v 0.00500000 0.00605000 -0.00750000
v 0.00588200 -0.00349700 -0.02580300
v 0.00547800 -0.00399700 -0.02580300
v 0.00519700 -0.00455200 -0.02580300
v 0.00500000 -0.00562200 -0.02580300
v 0.01500000 0.00138600 0.01655600
v 0.01437700 0.00108600 0.01712300
v 0.01440100 0.00086700 0.01704800
v 0.01500100 0.00113200 0.01649800
v 0.01439600 0.00079000 0.01700900
v 0.01500000 0.00093000 0.01633300
v 0.01436800 0.00065900 0.01692300
v 0.01431600 0.00054700 0.01682100
v 0.01500100 0.00079200 0.01600000
v 0.01415200 0.00040100 0.01659200
v 0.01500000 0.00077800 0.01583800
v 0.01500000 0.01755500 0.01553300
v 0.01374500 0.01738300 0.01659200
v 0.01394400 0.01735800 0.01678700
v 0.01499900 0.01745300 0.01600800
v 0.01416600 0.01719200 0.01698700
v 0.01500000 0.01731600 0.01623700
v 0.01432200 0.01691300 0.01710400
v 0.01437700 0.01664000 0.01712300
v 0.01500000 0.01673200 0.01655600
v 0.01500200 0.01687500 0.01653700
v 0.01500300 0.01703500 0.01647500
v 0.01500200 0.01719100 0.01636800
v 0.00286800 0.01529600 0.02858200
v 0.00315900 0.01510300 0.02834100
v 0.00252800 0.01547200 0.02877100
v 0.00244700 0.01558700 0.02870600
v 0.00229000 0.01572100 0.02856700
v 0.00222500 0.01575200 0.02850600
v 0.00202600 0.01577800 0.02831100
v 0.01252600 0.00062600 0.01472400
v 0.01366700 0.00106900 0.01376900
v 0.01368600 0.00076200 0.01388400
v 0.01500000 0.00077800 0.01395200
v 0.01427200 0.00045400 0.01446800
v 0.01410000 0.00043900 0.01423600
v 0.01500100 0.00088100 0.01350800
v 0.01388600 0.00054500 0.01401800
v 0.01500000 0.00101700 0.01328700
v 0.01500000 0.00117300 0.01312400
v 0.01500000 0.00128600 0.01304000
v 0.01500000 0.00158600 0.01291100
v 0.01304400 -0.00009300 0.01555800
v 0.01283400 -0.00011900 0.01534100
v 0.01222400 0.00050900 0.01501900
v 0.01235700 0.00022700 0.01502600
v 0.01245900 0.00009800 0.01506900
v 0.01257900 -0.00000900 0.01514000
v 0.01286100 0.00133600 0.01418600
v 0.01206000 0.00097100 0.01499200
v 0.01169700 0.00147900 0.01477900
v 0.01446200 0.00241200 0.01257000
v 0.01500000 0.00262100 0.01223300
v 0.01500000 0.00221700 0.01262200
v 0.01123800 0.00176700 0.01440500
v 0.01076900 0.00177900 0.01394100
v 0.01218000 0.00219700 0.01271400
v 0.01500000 0.00166100 0.01289300
v 0.01378000 0.00163200 0.01348400
v 0.01345000 0.00210000 0.01320000
v 0.01250400 0.00180800 0.01392300
v 0.01208700 0.00205800 0.01350700
v 0.01307700 0.00235400 0.01276000
v 0.01386500 0.00269600 0.01162800
v 0.01413500 0.00267000 0.01210900
v 0.01500000 0.00303200 0.01107700
v 0.01500000 0.00292000 0.01169600
v 0.01126000 -0.00088700 0.01736300
v 0.01104500 -0.00091100 0.01713800
v 0.01076600 -0.00077600 0.01691900
v 0.01064500 -0.00065500 0.01685200
v 0.01053500 -0.00049300 0.01681400
v 0.01042400 -0.00020200 0.01683300
v 0.00700500 -0.00219600 0.02449500
v 0.00702300 -0.00249200 0.02438200
v 0.00699600 -0.00262100 0.02429700
v 0.00678000 -0.00288100 0.02396500
v 0.00690700 -0.00278500 0.02413500
v 0.00694400 -0.00273500 0.02419400
v 0.00650000 0.00228600 0.00884600
v 0.00688900 0.00235900 0.00902000
v 0.00669700 0.00157800 0.00938700
v 0.00500000 0.00128800 0.00644700
v 0.00520300 0.00170500 0.00744900
v 0.00519200 0.00109400 0.00772500
v 0.00500000 0.00042700 0.00689400
v 0.00518200 0.00052800 0.00808600
v 0.00500000 -0.00011900 0.00728400
v 0.00515600 -0.00077200 0.00959200
v 0.00500000 -0.00185800 0.00970900
v 0.00500000 -0.00122400 0.00847600
v 0.00514400 -0.00120200 0.01083100
v 0.00500000 -0.00210900 0.01069000
v 0.00620800 0.00139200 0.00915600
v 0.00634900 0.00225000 0.00876000
v 0.00652700 0.00093000 0.00995600
v 0.00639200 0.00048700 0.01067700
v 0.00563200 -0.00017200 0.01047000
v 0.00630100 0.00030200 0.01147800
v 0.00515000 -0.00103600 0.01019700
v 0.00569500 0.00035900 0.00956400
v 0.00516400 -0.00041800 0.00903000
v 0.00500000 -0.00095200 0.00811300
v 0.00586800 0.00209900 0.00839600
v 0.00577600 0.00114600 0.00885100
v 0.00547900 0.00191300 0.00794900
v 0.00542900 0.00085200 0.00848700
v 0.00540200 0.00186400 0.00783200
v 0.00714800 0.00070600 0.01147800
v 0.00728500 0.00085100 0.01079200
v 0.00733700 0.00093400 0.01059900
v 0.00754000 0.00132600 0.01001100
v 0.00773100 0.00175800 0.00960900
v 0.00800000 0.00244100 0.00921700
v 0.00608100 0.00013600 0.01147800
v 0.00558900 -0.00038500 0.01147800
v 0.00524400 -0.00098500 0.01147800
v 0.00514000 -0.00126500 0.01147800
v 0.00500000 -0.00217000 0.01147800
v 0.00517300 0.00002000 0.00852400
v 0.01012100 -0.00029100 0.01713600
v 0.00992600 0.00033800 0.01712700
v 0.00863500 0.00114700 0.01607500
v 0.00910300 0.00113400 0.01654000
v 0.00956300 0.00084600 0.01691400
v 0.00315900 -0.00665000 0.02834100
v 0.00493500 -0.00455700 0.02656500
v 0.00506800 -0.00418200 0.02643200
v 0.00538500 -0.00358000 0.02611500
v 0.00580600 -0.00304500 0.02569400
v 0.00373400 -0.00737200 0.02776600
v 0.00400700 -0.00740500 0.02749300
v 0.00478000 -0.00562200 0.02672000
v 0.00424300 -0.00740000 0.02725700
v 0.00478000 -0.00740000 0.02672000
v 0.00609500 -0.00277100 0.02540500
v 0.00316100 -0.00670600 0.02833900
v 0.00478900 -0.00536800 0.02671100
v 0.00322400 -0.00694600 0.02827600
v 0.00347400 -0.00724500 0.02802600
v 0.00655400 0.00706000 0.00689200
v 0.00706400 0.00714500 0.00709700
v 0.00757200 0.00719100 0.00720600
v 0.00800000 0.00720300 0.00723500
v 0.00500000 0.00605000 0.00446500
v 0.00515600 0.00641700 0.00534700
v 0.00540200 0.00662600 0.00585000
v 0.00561800 0.00675100 0.00614800
v 0.00562900 0.00675600 0.00616200
v 0.00639000 0.00702300 0.00680200
v 0.00650000 0.00704800 0.00686400
v 0.00800000 0.00911100 0.00224300
v 0.00800000 0.00928700 0.00194100
v 0.00800000 0.00928700 -0.00194100
v 0.00800000 0.00918700 -0.00208300
v 0.00800000 0.00911100 -0.00224300
v 0.00500000 0.00778200 -0.00298400
v 0.00500000 0.00730700 -0.00328100
v 0.00523000 0.00772300 -0.00316800
v 0.00500000 0.00605000 -0.00388600
v 0.00513000 0.00692300 -0.00399400
v 0.00500000 0.00635500 -0.00378500
v 0.00500000 0.00671000 -0.00362700
v 0.00515400 0.00719100 -0.00360200
v 0.00500000 0.00717200 -0.00336500
v 0.00500000 0.00722200 -0.00333500
v 0.00542300 0.00769500 -0.00346600
v 0.00746300 0.00900200 -0.00266200
v 0.00730300 0.00904200 -0.00232100
v 0.00739600 0.00898900 -0.00268100
v 0.00561900 0.00817100 -0.00298400
v 0.00578700 0.00814300 -0.00324600
v 0.00609900 0.00855100 -0.00275300
v 0.00623400 0.00851800 -0.00298100
v 0.00666100 0.00884700 -0.00251400
v 0.00675700 0.00880800 -0.00271300
v 0.00557500 0.00781600 -0.00374500
v 0.00552000 0.00773800 -0.00378300
v 0.00500000 0.00827200 -0.00271700
v 0.00500000 0.00785400 -0.00294100
v 0.00519500 0.00842600 -0.00263900
v 0.00540900 0.00827000 -0.00277400
v 0.00577800 0.00878200 -0.00241300
v 0.00594100 0.00864300 -0.00255700
v 0.00658300 0.00909300 -0.00214900
v 0.00655500 0.00893100 -0.00233500
v 0.00719500 0.00922600 -0.00201100
v 0.00725000 0.00912000 -0.00215500
v 0.00588500 0.00817800 -0.00352700
v 0.00589200 0.00818500 -0.00352200
v 0.00652700 0.00866300 -0.00309500
v 0.00767500 0.00927800 0.00195300
v 0.00718200 0.00893600 0.00275700
v 0.00735300 0.00899800 0.00249900
v 0.00500000 0.00605000 0.00388600
v 0.00500000 0.00664800 0.00365800
v 0.00505500 0.00662400 0.00399600
v 0.00500000 0.00684100 0.00355800
v 0.00523400 0.00721100 0.00395500
v 0.00515400 0.00719100 0.00360200
v 0.00542300 0.00769500 0.00346600
v 0.00675700 0.00880800 0.00271400
v 0.00695400 0.00886200 0.00285800
v 0.00683500 0.00881400 0.00291800
v 0.00623400 0.00851800 0.00298100
v 0.00609300 0.00836600 0.00338100
v 0.00578700 0.00814300 0.00324600
v 0.00588400 0.00817700 0.00352800
v 0.00541500 0.00757200 0.00385200
v 0.00719500 0.00922600 0.00201100
v 0.00730300 0.00904200 0.00232100
v 0.00666100 0.00884700 0.00251400
v 0.00561900 0.00817100 0.00298400
v 0.00540900 0.00827000 0.00277400
v 0.00609900 0.00855100 0.00275300
v 0.00594100 0.00864300 0.00255700
v 0.00655500 0.00893100 0.00233500
v 0.00500000 0.00725500 0.00331400
v 0.00500000 0.00775200 0.00300200
v 0.00523100 0.00772300 0.00316800
v 0.00500000 0.00786700 0.00293300
v 0.00500000 0.00827200 0.00271700
v 0.00577800 0.00878200 0.00241300
v 0.00632100 0.00901000 0.00222700
v 0.00500000 0.00724800 0.00331800
v 0.00500000 0.00857500 0.00000000
v 0.00500000 0.00990500 -0.00074900
v 0.00500000 0.00990500 0.00074900
v 0.00500000 -0.00621300 0.01063600
v 0.00500000 -0.00700000 0.01042500
v 0.00500000 0.00563600 0.00078800
v 0.00500000 0.00621300 0.00136400
v 0.00500000 -0.00836400 -0.01121200
v 0.00500000 -0.01265000 0.01876500
v 0.00500000 -0.00857500 -0.01200000
v 0.00500000 -0.01265000 -0.02262000
v 0.00500000 -0.00700000 0.01357500
v 0.00500000 -0.00621300 0.01336400
v 0.00500000 -0.00385500 0.01701200
v 0.00500000 -0.00542500 -0.01200000
v 0.00500000 -0.00563600 -0.01278800
v 0.00500000 -0.00621300 -0.01336400
v 0.00500000 -0.00563600 0.01278800
v 0.00500000 -0.00286000 0.01601700
v 0.00500000 -0.00346800 0.01657400
v 0.00500000 -0.00563600 0.01121200
v 0.00500000 -0.00542500 0.01200000
v 0.00500000 -0.00217000 0.01554600
v 0.00500000 -0.01234300 0.02126800
v 0.00500000 -0.00778700 0.01336400
v 0.00500000 -0.01176500 0.02288900
v 0.00500000 -0.01145600 0.02347900
v 0.00500000 0.00836400 0.00078800
v 0.00500000 0.00918100 0.00206000
v 0.00500000 0.00778800 0.00136400
v 0.00500000 0.00700000 0.00157500
v 0.00500000 -0.00740000 -0.02820500
v 0.00500000 -0.00554200 -0.02501700
v 0.00500000 -0.00700000 -0.01357500
v 0.00500000 -0.00525300 -0.02411500
v 0.00500000 -0.00491000 -0.02348300
v 0.00500000 -0.00421100 -0.02263200
v 0.00500000 -0.00778700 -0.01336400
v 0.00500000 -0.00836400 -0.01278800
v 0.00500000 -0.01257800 -0.02354100
v 0.00500000 -0.01237600 -0.02440100
v 0.00500000 -0.01254900 0.02021300
v 0.00500000 -0.00700000 -0.01042500
v 0.00500000 -0.00778700 -0.01063600
v 0.00500000 -0.00740000 0.02618900
v 0.00500000 -0.00842400 0.02604600
v 0.00500000 -0.00884000 0.02590400
v 0.00500000 -0.00940900 0.02562400
v 0.00500000 -0.00436800 0.01772300
v 0.00500000 -0.00502400 0.01898100
v 0.00500000 -0.00530100 0.01975700
v 0.00500000 -0.00547300 0.02043100
v 0.00500000 -0.00562200 0.02184300
v 0.00500000 -0.00562200 0.02618900
v 0.00500000 0.00918100 -0.00206000
v 0.00500000 0.00836400 -0.00078800
v 0.00500000 0.00778800 -0.00136400
v 0.00500000 0.00700000 -0.00157500
v 0.00500000 -0.00621300 -0.01063600
v 0.00500000 -0.00563600 -0.01121200
v 0.00500000 -0.01020000 0.02504400
v 0.00500000 -0.01111200 0.02401500
v 0.00500000 0.00621300 -0.00136400
v 0.00500000 -0.00371700 -0.02221100
v 0.00500000 -0.00349300 -0.02205300
v 0.00500000 -0.00217000 -0.02143700
v 0.00500000 -0.00778700 0.01063600
v 0.00500000 -0.00836400 0.01121200
v 0.00500000 -0.00857500 0.01200000
v 0.00500000 -0.00836400 0.01278800
v 0.00500000 -0.01201500 -0.02528300
v 0.00500000 -0.01153900 -0.02605600
v 0.00500000 -0.01094900 -0.02673500
v 0.00500000 0.00542500 0.00000000
v 0.00500000 0.00563600 -0.00078800
v 0.00500000 -0.01028600 -0.02728500
v 0.00500000 -0.00949800 -0.02773900
v 0.00500000 -0.00867600 -0.02803800
v 0.00800000 0.00813200 0.00662500
v 0.00800000 0.00794400 0.00679200
v 0.00741100 0.00785000 0.00679200
v 0.00646100 0.00715500 0.00679200
v 0.00514000 0.00695600 0.00446500
v 0.00526400 0.00691600 0.00534000
v 0.00566900 0.00772400 0.00534000
v 0.00688100 0.00757800 0.00679200
v 0.00597700 0.00750200 0.00613800
v 0.00652900 0.00805900 0.00613800
v 0.00722600 0.00841700 0.00613800
v 0.00800000 0.00854000 0.00613800
v 0.00630500 0.00836500 0.00534000
v 0.00710800 0.00877800 0.00534000
v 0.00800000 0.00892000 0.00534000
v 0.00706800 0.00890100 0.00446500
v 0.00622800 0.00847000 0.00446500
v 0.00587900 0.00817100 0.00446500
v 0.00556300 0.00780000 0.00446500
v 0.00873900 -0.00168300 0.01895200
v 0.00904700 -0.00144100 0.01852300
v 0.00923000 -0.00128800 0.01827000
v 0.00969400 -0.00085800 0.01765100
v 0.00979100 -0.00075700 0.01752600
v 0.01012100 -0.00033700 0.01713600
v 0.00678000 -0.00288100 0.02184300
v 0.00731800 -0.00261200 0.02102300
v 0.00791800 -0.00225500 0.02013200
v 0.00851500 -0.00184900 0.01927000
v 0.00512400 -0.00477000 0.02603500
v 0.00511400 -0.00480300 0.02184300
v 0.00514300 -0.00470800 0.02601100
v 0.00519700 -0.00455200 0.02184300
v 0.00548400 -0.00398800 0.02558400
v 0.00547800 -0.00399700 0.02184300
v 0.00569400 -0.00370300 0.02532200
v 0.00605200 -0.00334100 0.02487500
v 0.00606200 -0.00333200 0.02184300
v 0.00588200 -0.00349700 0.02184300
v 0.00664300 -0.00294700 0.02413600
v 0.00800000 0.00876000 -0.00878800
v 0.00800000 0.00891800 -0.00837900
v 0.00710900 0.00877600 -0.00837900
v 0.00598200 0.00749900 -0.00918200
v 0.00653200 0.00805400 -0.00918200
v 0.00722800 0.00841100 -0.00918200
v 0.00800000 0.00853400 -0.00918200
v 0.00706800 0.00890100 -0.00750000
v 0.00630500 0.00836400 -0.00837900
v 0.00514000 0.00695600 -0.00750000
v 0.00526600 0.00691600 -0.00837900
v 0.00556300 0.00780000 -0.00750000
v 0.00567000 0.00772300 -0.00837900
v 0.00587900 0.00817100 -0.00750000
v 0.00622800 0.00847000 -0.00750000
v 0.00714800 0.00070600 0.01649600
v 0.00623600 0.00025700 0.01632800
v 0.00615600 0.00019600 0.01630600
v 0.00555700 -0.00042800 0.01609200
v 0.00530400 -0.00085300 0.01595200
v 0.00514200 -0.00125900 0.01582200
v 0.00900900 0.00019400 0.01769400
v 0.00920300 -0.00035700 0.01776300
v 0.00858900 -0.00037000 0.01795800
v 0.00836400 0.00106700 0.01629000
v 0.00848200 0.00110100 0.01620900
v 0.00887900 0.00107300 0.01672100
v 0.00928200 0.00078100 0.01713700
v 0.00872700 0.00068300 0.01739200
v 0.00842200 0.00097000 0.01690700
v 0.00961500 0.00028000 0.01738000
v 0.00962600 0.00025400 0.01738500
v 0.00816300 0.00100700 0.01639700
v 0.00705800 0.00013300 0.01760800
v 0.00704500 0.00036000 0.01737800
v 0.00759000 0.00047300 0.01749900
v 0.00705600 0.00053600 0.01710800
v 0.00751600 0.00073000 0.01702700
v 0.00707100 0.00060600 0.01695200
v 0.00815800 0.00057900 0.01750900
v 0.00797200 0.00085100 0.01701700
v 0.00784400 0.00091200 0.01650000
v 0.00952000 -0.00034800 0.01760100
v 0.00981500 -0.00033700 0.01740300
v 0.00707500 -0.00000400 0.01770900
v 0.00770700 0.00007200 0.01784500
v 0.00707600 -0.00000600 0.01771100
v 0.00730200 -0.00041700 0.01794100
v 0.00715500 -0.00042800 0.01790400
v 0.00836100 0.00013500 0.01784400
v 0.00774200 -0.00039300 0.01800900
v 0.00508200 -0.00147500 -0.02170700
v 0.00530200 -0.00085900 -0.02196100
v 0.00571200 -0.00023000 -0.02224100
v 0.00605200 0.00011200 -0.02240300
v 0.00626000 0.00027400 -0.02248300
v 0.00202600 0.01577800 -0.02897300
v 0.00213400 0.01579200 -0.02893500
v 0.00212300 0.01573500 -0.02924100
v 0.00223000 0.01575600 -0.02918700
v 0.00222800 0.01557200 -0.02948700
v 0.00234700 0.01558700 -0.02944600
v 0.00231600 0.01531500 -0.02964300
v 0.00244200 0.01531400 -0.02960600
v 0.00236800 0.01503500 -0.02968400
v 0.00249100 0.01504900 -0.02964100
v 0.00044600 -0.00665000 -0.03000000
v 0.00044600 0.01485100 -0.03000000
v 0.00149000 -0.00665000 -0.02990800
v 0.00142100 0.01493200 -0.02992100
v 0.00200400 -0.00665000 -0.02979400
v 0.00249100 -0.00665000 -0.02964100
v 0.00245200 -0.01301000 -0.02545800
v 0.00288800 -0.01329900 -0.02428300
v 0.00251400 -0.01340000 -0.02325000
v 0.00313800 -0.01196100 -0.02713900
v 0.00363900 -0.01241000 -0.02635400
v 0.00327100 -0.01297300 -0.02533900
v 0.00311800 -0.01313200 -0.02491700
v 0.00166300 -0.01184300 -0.02754300
v 0.00133600 -0.01100800 -0.02839200
v 0.00162200 -0.01054400 -0.02871600
v 0.00377900 -0.01211500 -0.02673800
v 0.00113800 -0.00869300 -0.02965500
v 0.00057900 -0.00903700 -0.02956400
v 0.00048600 -0.00796700 -0.02987000
v 0.00082200 -0.01053200 -0.02877100
v 0.00356800 -0.00730800 -0.02925000
v 0.00450600 -0.00740000 -0.02891000
v 0.00449800 -0.00885800 -0.02872100
v 0.00204800 -0.00709000 -0.02977100
v 0.00252300 -0.00678100 -0.02962900
v 0.00217900 -0.00752300 -0.02970300
v 0.00264900 -0.00693700 -0.02958300
v 0.00268100 -0.00696400 -0.02957200
v 0.00166700 -0.00811800 -0.02972800
v 0.00188400 -0.00882200 -0.02950600
v 0.00134300 -0.00965400 -0.02925900
v 0.00323400 -0.00988400 -0.02875800
v 0.00344700 -0.01119100 -0.02783900
v 0.00296900 -0.01068600 -0.02836100
v 0.00204000 -0.01251800 -0.02655600
v 0.00236100 -0.01202300 -0.02723700
v 0.00196400 -0.01134000 -0.02803700
v 0.00226000 -0.01076100 -0.02846600
v 0.00190400 -0.01003600 -0.02898800
v 0.00217900 -0.00949200 -0.02920100
v 0.00280000 -0.01257300 -0.02633100
v 0.00267500 -0.01140700 -0.02784700
v 0.00254400 -0.01011700 -0.02881700
v 0.00244000 -0.00892200 -0.02935200
v 0.00345900 -0.00903200 -0.02902600
v 0.00268400 -0.00833500 -0.02943700
v 0.00364000 -0.00816100 -0.02916300
v 0.00290700 -0.00774200 -0.02945900
v 0.00239300 -0.00794000 -0.02959000
v 0.00153500 -0.00739000 -0.02986300
v 0.00211000 -0.01327000 -0.02456700
v 0.00189600 -0.01309100 -0.02526700
v 0.00172200 -0.01288600 -0.02583300
v 0.00133300 -0.01219100 -0.02710400
v 0.00105100 -0.01142300 -0.02802300
v 0.00088300 -0.01080100 -0.02857200
v 0.00045200 -0.00718300 -0.02997900
v 0.00396700 -0.01162100 -0.02725800
v 0.00427100 -0.01047200 -0.02809500
v 0.00442100 -0.00956900 -0.02850900
v 0.00309700 -0.00718000 -0.02942100
v 0.00493900 -0.00740000 -0.02850200
v 0.00476400 -0.00740000 -0.02875100
v 0.00038500 0.01559900 -0.02925000
v 0.00023100 0.01558600 -0.02925000
v 0.00023100 0.01558600 0.02925000
v 0.00121800 0.01567800 -0.02918100
v 0.00175300 0.01574100 0.02859100
v 0.00104400 0.01566000 0.02907700
v 0.00731800 -0.00217500 -0.02472700
v 0.00538300 -0.00133500 -0.02275400
v 0.00526600 -0.00157300 -0.02256000
v 0.00563500 -0.00145000 -0.02315900
v 0.00514700 -0.00440600 -0.02449200
v 0.00516800 -0.00399700 -0.02389900
v 0.00512900 -0.00467900 -0.02513800
v 0.00519100 -0.00347600 -0.02338800
v 0.00504900 -0.00319500 -0.02250100
v 0.00521600 -0.00287500 -0.02298400
v 0.00551100 -0.00256700 -0.02344900
v 0.00524100 -0.00222800 -0.02270600
v 0.00509800 -0.00170900 -0.02210400
v 0.00505400 -0.00246500 -0.02214100
v 0.00508200 -0.00174600 -0.02204600
v 0.00583400 -0.00107200 -0.02334000
v 0.00615600 -0.00134400 -0.02366900
v 0.00626000 -0.00094800 -0.02370500
v 0.00596600 -0.00323800 -0.02501200
v 0.00626900 -0.00250300 -0.02438900
v 0.00581600 -0.00277800 -0.02410700
v 0.00839200 -0.00094800 -0.02423500
v 0.00812000 -0.00094800 -0.02425800
v 0.00815100 -0.00121700 -0.02428500
v 0.00747500 -0.00122500 -0.02424400
v 0.00788200 -0.00152300 -0.02438300
v 0.00724700 -0.00156000 -0.02429700
v 0.00678100 -0.00230100 -0.02459800
v 0.00604300 -0.00180400 -0.02371600
v 0.00557400 -0.00200100 -0.02324600
v 0.00534300 -0.00398000 -0.02468200
v 0.00539400 -0.00359000 -0.02418400
v 0.00545100 -0.00310900 -0.02376600
v 0.00592800 -0.00229400 -0.02386100
v 0.00661700 -0.00165300 -0.02407400
v 0.00706600 -0.00094800 -0.02411200
v 0.00571200 -0.00321800 -0.02444600
v 0.00562000 -0.00358400 -0.02485700
v 0.00554100 -0.00385000 -0.02532000
v 0.00619700 -0.00318600 -0.02546500
v 0.00636600 -0.00295400 -0.02513800
v 0.00656300 -0.00265100 -0.02484300
v 0.00768400 -0.00094800 -0.02424400
v 0.00496800 -0.00873200 -0.02824800
v 0.00486300 -0.00878700 -0.02845500
v 0.00469800 -0.00883100 -0.02861900
v 0.00462500 -0.01330000 -0.02262000
v 0.00452800 -0.01334700 -0.02262000
v 0.00455800 -0.01325300 -0.02364800
v 0.00490000 -0.01302500 -0.02262000
v 0.00495300 -0.01283700 -0.02358200
v 0.00495600 -0.01260600 -0.02451500
v 0.00495800 -0.01223400 -0.02539500
v 0.00496100 -0.01173100 -0.02619700
v 0.00496300 -0.01111100 -0.02690100
v 0.00496500 -0.01039200 -0.02748700
v 0.00496700 -0.00959100 -0.02794000
v 0.00425000 -0.01340000 -0.02262000
v 0.00429200 -0.01331800 -0.02365800
v 0.00479700 -0.01308400 -0.02362100
v 0.00478300 -0.01317800 -0.02262000
v 0.00433300 -0.01307400 -0.02466600
v 0.00458700 -0.01300200 -0.02464300
v 0.00437200 -0.01267400 -0.02561900
v 0.00461400 -0.01259900 -0.02558100
v 0.00440700 -0.01213000 -0.02649000
v 0.00463800 -0.01205700 -0.02643600
v 0.00443800 -0.01145700 -0.02725400
v 0.00465800 -0.01138900 -0.02718500
v 0.00446400 -0.01067200 -0.02789200
v 0.00467600 -0.01061500 -0.02780900
v 0.00448400 -0.00979800 -0.02838600
v 0.00468900 -0.00975400 -0.02829100
v 0.00481100 -0.01283800 -0.02459000
v 0.00482400 -0.01244500 -0.02550200
v 0.00483500 -0.01191700 -0.02633400
v 0.00484500 -0.01126800 -0.02706200
v 0.00485300 -0.01051700 -0.02766800
v 0.00485900 -0.00968200 -0.02813600
v 0.00425000 -0.01340000 0.01876500
v 0.00452600 -0.01334700 0.01876500
v 0.00462500 -0.01330000 0.01876500
v 0.00478000 -0.01318000 0.01876500
v 0.00490000 -0.01302500 0.01876500
v 0.00481600 -0.01303600 0.02028200
v 0.00459900 -0.01320600 0.02030600
v 0.00435300 -0.01328400 0.02031700
v 0.00430300 -0.01337000 0.01955400
v 0.00466700 -0.01284900 0.02178100
v 0.00484800 -0.01268500 0.02173300
v 0.00472700 -0.01228800 0.02313700
v 0.00487600 -0.01213800 0.02306600
v 0.00477800 -0.01154700 0.02432200
v 0.00490000 -0.01141800 0.02423100
v 0.00491800 -0.01055000 0.02518500
v 0.00481900 -0.01065200 0.02529300
v 0.00469900 -0.01058900 0.02550200
v 0.00468300 -0.01085900 0.02526400
v 0.00493200 -0.00956700 0.02589400
v 0.00495500 -0.01280100 0.02024900
v 0.00496300 -0.01247400 0.02167100
v 0.00497000 -0.01195600 0.02298000
v 0.00497500 -0.01126800 0.02412500
v 0.00477000 -0.00857100 0.02656600
v 0.00494000 -0.00850400 0.02632900
v 0.00476000 -0.00905600 0.02641100
v 0.00474000 -0.00969600 0.02611400
v 0.00462500 -0.01164300 0.02439000
v 0.00459600 -0.01194200 0.02396200
v 0.00455400 -0.01231700 0.02332400
v 0.00446200 -0.01289800 0.02195000
v 0.00438900 -0.01318900 0.02085300
v 0.00494300 -0.00740000 0.02647600
v 0.00494300 -0.00562200 0.02647600
v 0.00791500 -0.00181300 0.01929400
v 0.00506400 -0.00302400 0.01700000
v 0.00504500 -0.00454900 0.01917900
v 0.00737900 -0.00231400 0.02010800
v 0.00686000 -0.00275500 0.02099300
v 0.00683000 -0.00247300 0.02004200
v 0.00641400 -0.00297900 0.02094700
v 0.00630600 -0.00273800 0.01993100
v 0.00600100 -0.00328200 0.02088400
v 0.00584000 -0.00310200 0.01978000
v 0.00564200 -0.00365600 0.02080600
v 0.00546400 -0.00354500 0.01959600
v 0.00535500 -0.00408600 0.02071800
v 0.00519700 -0.00403800 0.01939100
v 0.00515200 -0.00455000 0.02062200
v 0.00841500 -0.00132600 0.01863300
v 0.00762500 -0.00132300 0.01863700
v 0.00727400 -0.00188700 0.01924600
v 0.00696600 -0.00143800 0.01852600
v 0.00663700 -0.00208600 0.01911600
v 0.00628800 -0.00169200 0.01828200
v 0.00605600 -0.00241000 0.01890400
v 0.00569800 -0.00208200 0.01790700
v 0.00558100 -0.00283800 0.01862400
v 0.00534100 -0.00246600 0.01753700
v 0.00524400 -0.00333100 0.01830200
v 0.00505400 -0.00384700 0.01796500
v 0.00886500 -0.00094100 0.01816500
v 0.00507500 -0.00168300 0.01604400
v 0.00507200 -0.00182000 0.01610100
v 0.00935000 -0.00052400 0.01772700
v 0.00765300 -0.00049400 0.01802700
v 0.00673200 -0.00052000 0.01776500
v 0.00674600 -0.00047400 0.01775900
v 0.00610400 -0.00064600 0.01739600
v 0.00663900 -0.00070300 0.01779000
v 0.00590700 -0.00073700 0.01724400
v 0.00589200 -0.00081200 0.01725600
v 0.00570600 -0.00085800 0.01705900
v 0.00624700 -0.00059300 0.01749400
v 0.00555900 -0.00097100 0.01690000
v 0.00581000 -0.00126800 0.01739800
v 0.00535200 -0.00118000 0.01662600
v 0.00533300 -0.00153500 0.01676900
v 0.00529700 -0.00125000 0.01653900
v 0.00514100 -0.00151400 0.01622900
v 0.00648400 -0.00105400 0.01789900
v 0.00751500 -0.00064400 0.01807600
v 0.00856400 -0.00049700 0.01799400
v 0.00839500 -0.00064200 0.01809000
v 0.00917200 -0.00068400 0.01788000
v 0.00810800 -0.00089100 0.01828200
v 0.00728400 -0.00092500 0.01820200
v 0.00636600 -0.00138600 0.01806400
v 0.00574800 -0.00169000 0.01762200
v 0.00530900 -0.00206400 0.01708100
v 0.00506800 -0.00245900 0.01650800
v 0.00287300 0.01522100 0.02860100
v 0.00287100 0.01514500 0.02861100
v 0.00256500 0.01518000 0.02886100
v 0.00256100 0.01533300 0.02883400
v 0.00254800 0.01540600 0.02880700
v 0.00197200 0.01570600 0.02880500
v 0.00201600 0.01568300 0.02884600
v 0.00209300 0.01562700 0.02891600
v 0.00508600 -0.00467300 0.02632600
v 0.00550400 -0.00380700 0.02588300
v 0.00545900 -0.00369400 0.02601300
v 0.00614800 -0.00293800 0.02531500
v 0.00616000 -0.00310300 0.02518700
v 0.00612600 -0.00324200 0.02503400
v 0.00551200 -0.00390800 0.02573600
v 0.00512000 -0.00472500 0.02618200
v 0.00611800 0.00009100 -0.02286500
v 0.00606600 -0.00020000 -0.02323000
v 0.00611800 -0.00056500 -0.02352100
v 0.00409200 -0.00898300 0.02710700
v 0.00244000 -0.01230900 0.02545400
v 0.00309100 -0.01151000 0.02610600
v 0.00347100 -0.01085000 0.02648600
v 0.00396700 -0.00952600 0.02698200
v 0.00025000 -0.01340000 0.02276500
v 0.00026100 -0.01338900 0.02327600
v 0.00112000 -0.01318700 0.02413400
v 0.00173600 -0.01287500 0.02475100
v 0.00027100 -0.01337700 0.02352200
v 0.00095600 -0.01320600 0.02421300
v 0.00168700 -0.01282500 0.02496000
v 0.00237400 -0.01223500 0.02567000
v 0.00297400 -0.01145500 0.02630000
v 0.00345000 -0.01052300 0.02681300
v 0.00378200 -0.00949700 0.02718500
v 0.00396400 -0.00843900 0.02740900
v 0.00256800 -0.00906000 0.02842800
v 0.00293200 -0.00844900 0.02835000
v 0.00264100 -0.00765700 0.02873600
v 0.00323800 -0.00783000 0.02821100
v 0.00120500 -0.01071800 0.02826100
v 0.00029400 -0.01148000 0.02789900
v 0.00075200 -0.01191600 0.02725400
v 0.00029000 -0.01214100 0.02710700
v 0.00028400 -0.01277800 0.02600100
v 0.00029500 -0.01130000 0.02807700
v 0.00111600 -0.00988700 0.02884600
v 0.00030000 -0.01029700 0.02886500
v 0.00104400 -0.00892900 0.02931000
v 0.00030400 -0.00915800 0.02945200
v 0.00099500 -0.00784000 0.02962100
v 0.00030700 -0.00793200 0.02981200
v 0.00097700 -0.00665000 0.02973400
v 0.00030800 -0.00665000 0.02993500
v 0.00255100 -0.00717600 0.02885400
v 0.00251800 -0.00665000 0.02889700
v 0.00274100 -0.01109500 0.02694300
v 0.00218500 -0.01186100 0.02647900
v 0.00155800 -0.01248200 0.02592600
v 0.00089200 -0.01293900 0.02531500
v 0.00027700 -0.01319700 0.02478900
v 0.00184400 -0.00665000 0.02933600
v 0.00180800 -0.00751600 0.02930000
v 0.00188900 -0.00831300 0.02910300
v 0.00200700 -0.00902300 0.02880900
v 0.00357700 -0.00818000 0.02784200
v 0.00331900 -0.00904200 0.02783200
v 0.00296400 -0.00988700 0.02772000
v 0.00252000 -0.01068400 0.02750600
v 0.00232400 -0.01020200 0.02800400
v 0.00200000 -0.01140100 0.02719300
v 0.00183800 -0.01084900 0.02782800
v 0.00142600 -0.01201400 0.02679500
v 0.00130800 -0.01142500 0.02757500
v 0.00081800 -0.01250700 0.02632900
v 0.00215300 -0.00965100 0.02843900
v 0.00030800 0.01498400 0.02993500
v 0.00036600 0.01500300 0.02992100
v 0.00131200 0.01515500 0.02960000
v 0.00084300 0.01510100 0.02978100
v 0.00238700 0.01519600 0.02899300
v 0.00220400 0.01520700 0.02911800
v 0.00203200 0.01520900 0.02922600
v 0.00174900 0.01519400 0.02938800
v 0.00614800 0.00013600 0.01666600
v 0.00615400 -0.00030900 0.01727700
v 0.00611800 -0.00005700 0.01699300
v 0.00550600 -0.00081200 0.01671900
v 0.00548800 -0.00066500 0.01651900
v 0.00550600 -0.00053600 0.01630700
v 0.00512300 -0.00138200 0.01602900
v 0.00561600 -0.00040100 -0.02251300
v 0.00561600 -0.00086600 -0.02301600
v 0.00527600 -0.00123700 -0.02249400
v 0.00506600 -0.00160800 -0.02187800
v 0.00526000 -0.00108700 -0.02232800
v 0.00558300 -0.00061800 -0.02277900
v 0.00126800 0.01563000 -0.02945600
v 0.00132800 0.01546400 -0.02970800
v 0.00138300 0.01521000 -0.02987200
v 0.00038900 0.01555200 -0.02951100
v 0.00040300 0.01537700 -0.02978300
v 0.00042500 0.01510500 -0.02995600
v 0.00025000 -0.00665000 -0.03000000
v 0.00025000 0.01485100 -0.03000000
v 0.00025000 -0.01340000 -0.02325000
v 0.00025000 -0.01334000 -0.02414900
v 0.00025000 -0.01316100 -0.02503100
v 0.00025000 -0.01275800 -0.02612400
v 0.00025000 -0.01217300 -0.02713100
v 0.00025000 -0.01142300 -0.02802300
v 0.00025000 -0.01053100 -0.02877300
v 0.00025000 -0.00952400 -0.02935800
v 0.00025000 -0.00843100 -0.02976100
v 0.00025000 -0.00754900 -0.02994000
v 0.00023800 0.01535200 0.02979500
v 0.00034900 0.01542700 0.02972000
v 0.00023400 0.01552500 0.02954600
v 0.00045500 0.01548100 0.02964900
v 0.00080000 0.01559100 0.02943000
v 0.00145200 0.01567000 0.02911800
v 0.00111900 0.01564100 0.02925800
v -0.00000000 0.01533700 -0.02925000
v -0.00000000 0.01533700 0.02925000
v 0.00003000 0.01545700 0.02925000
v 0.00014400 0.01556400 0.02925000
v 0.00014400 0.01556400 -0.02925000
v 0.00011400 0.01554700 0.02925000
v 0.00011400 0.01554700 -0.02925000
v 0.00006600 0.01550600 0.02925000
v 0.00006600 0.01550600 -0.02925000
v 0.00003000 0.01545700 -0.02925000
v 0.00034800 0.01485600 -0.03000000
v 0.00023200 0.01553100 -0.02953100
v 0.00023600 0.01537500 -0.02977200
v 0.00024200 0.01514100 -0.02993500
v 0.00024900 0.01486100 -0.03000000
v -0.00000000 -0.00621300 -0.01063600
v -0.00000000 -0.00857500 0.01200000
v -0.00000000 -0.00563600 -0.01121200
v -0.00000000 -0.00836400 0.01121200
v -0.00000000 -0.00542500 -0.01200000
v -0.00000000 -0.01016500 0.02865900
v -0.00000000 -0.00906700 0.02922600
v -0.00000000 -0.01312800 0.02351100
v -0.00000000 -0.00778700 0.01336400
v -0.00000000 -0.00836400 0.01278800
v -0.00000000 -0.01315000 0.02276500
v -0.00000000 0.00563600 -0.00078800
v -0.00000000 -0.00778700 0.01063600
v -0.00000000 0.00542500 0.00000000
v -0.00000000 0.00563600 0.00078800
v -0.00000000 -0.01313900 0.02326500
v -0.00000000 -0.00665000 0.02969200
v -0.00000000 -0.00788600 0.02957300
v -0.00000000 -0.00857500 -0.01200000
v -0.00000000 -0.01315000 -0.02325000
v -0.00000000 -0.01255300 0.02589800
v -0.00000000 -0.01194000 0.02696400
v -0.00000000 -0.01113100 0.02789900
v -0.00000000 -0.00700000 -0.01042500
v -0.00000000 -0.00778700 -0.01063600
v -0.00000000 -0.00836400 -0.01121200
v -0.00000000 -0.00700000 0.01042500
v -0.00000000 -0.00621300 0.01063600
v -0.00000000 0.00621300 0.00136400
v -0.00000000 -0.00563600 0.01121200
v -0.00000000 0.00700000 0.00157500
v -0.00000000 -0.00542500 0.01200000
v -0.00000000 -0.00700000 0.01357500
v -0.00000000 -0.00621300 0.01336400
v -0.00000000 0.01498400 0.02969200
v -0.00000000 -0.00563600 0.01278800
v -0.00000000 -0.00621300 -0.01336400
v -0.00000000 0.01484500 -0.02975000
v -0.00000000 -0.00700000 -0.01357500
v -0.00000000 -0.00665000 -0.02975000
v -0.00000000 -0.00751500 -0.02969200
v -0.00000000 0.01499600 0.02969200
v -0.00000000 -0.01295500 0.02473100
v -0.00000000 -0.00563600 -0.01278800
v -0.00000000 0.00621300 -0.00136400
v -0.00000000 0.00857500 0.00000000
v -0.00000000 -0.00836400 -0.01278800
v -0.00000000 -0.00778700 -0.01336400
v -0.00000000 -0.01309200 -0.02411500
v -0.00000000 -0.01292000 -0.02496500
v -0.00000000 -0.01253100 -0.02601800
v -0.00000000 0.01525600 -0.02952300
v -0.00000000 0.01508200 -0.02968500
v -0.00000000 0.01533500 -0.02930000
v -0.00000000 0.01485200 -0.02975000
v -0.00000000 0.00700000 -0.00157500
v -0.00000000 0.00778800 -0.00136400
v -0.00000000 0.00836400 -0.00078800
v -0.00000000 0.00836400 0.00078800
v -0.00000000 0.00778800 0.00136400
v -0.00000000 0.01527000 0.02950000
v -0.00000000 0.01518000 0.02961300
v -0.00000000 0.01513700 0.02964700
v -0.00000000 -0.00836500 -0.02952000
v -0.00000000 -0.00941800 -0.02913100
v -0.00000000 -0.01038800 -0.02856800
v -0.00000000 -0.01124600 -0.02784600
v -0.00000000 -0.01196800 -0.02698800
v 0.00220000 0.01532900 0.02910200
v 0.00217900 0.01544500 0.02906200
v 0.00214200 0.01554800 0.02899700
v 0.00211900 0.01559200 0.02895800
v 0.00001800 -0.01323200 0.02326900
v 0.00003300 -0.01327500 0.02276500
v 0.00007700 -0.01332000 0.02327300
v 0.00015900 -0.01338300 0.02276500
v 0.00016700 -0.01337500 0.02327500
v 0.00012500 -0.01336700 0.02276500
v 0.00007300 -0.01332700 0.02276500
v 0.00017400 -0.01336600 0.02352100
v 0.00008100 -0.01331200 0.02351900
v 0.00001900 -0.01322400 0.02351500
v 0.00020100 -0.00793200 0.02981400
v 0.00019600 -0.00665000 0.02993600
v 0.00009500 -0.00792300 0.02976600
v 0.00009500 -0.00665000 0.02988800
v 0.00002200 -0.00790500 0.02967500
v 0.00002500 -0.00665000 0.02980100
v 0.00019900 -0.00915800 0.02945300
v 0.00009400 -0.00913900 0.02940700
v 0.00002200 -0.00910500 0.02932100
v 0.00019600 -0.01029700 0.02886400
v 0.00009200 -0.01027000 0.02882200
v 0.00002200 -0.01022000 0.02874500
v 0.00002100 -0.01120000 0.02797200
v 0.00009000 -0.01126300 0.02803800
v 0.00019200 -0.01129900 0.02807500
v 0.00002100 -0.01202100 0.02702200
v 0.00002000 -0.01264300 0.02593900
v 0.00008800 -0.01209500 0.02707400
v 0.00008600 -0.01272400 0.02597700
v 0.00018800 -0.01213700 0.02710400
v 0.00018300 -0.01277200 0.02599800
v 0.00002000 -0.01305000 0.02475300
v 0.00008300 -0.01313600 0.02477400
v 0.00017800 -0.01318800 0.02478700
v 0.00002500 0.01498400 0.02980100
v 0.00009500 0.01498400 0.02988800
v 0.00019600 0.01498400 0.02993600
v 0.00029500 0.01506000 0.02993200
v 0.00028200 0.01513400 0.02991800
v 0.00031400 0.01514400 0.02991100
v 0.00029700 0.01518400 0.02989900
v 0.00026900 0.01520500 0.02989300
v 0.00025500 0.01527200 0.02985700
v 0.00081700 0.01524300 0.02976800
v 0.00117700 0.01558000 0.02939700
v 0.00072900 0.01548900 0.02961900
v 0.00049800 0.01540500 0.02973900
v 0.00160200 0.01564800 0.02913900
v 0.00170100 0.01549500 0.02930000
v 0.00128600 0.01531500 0.02958200
v 0.00077700 0.01537900 0.02971200
v 0.00123900 0.01546600 0.02951200
v 0.00163700 0.01560800 0.02919900
v 0.00014900 0.01485000 -0.02997900
v 0.00012500 -0.00665000 -0.02996700
v 0.00001900 0.01484700 -0.02984500
v 0.00003300 0.01484800 -0.02987500
v 0.00003300 -0.00665000 -0.02987500
v 0.00005400 0.01484900 -0.02990500
v 0.00012500 0.01485000 -0.02996700
v 0.00000400 0.01484600 -0.02979200
v 0.00003300 -0.00753200 -0.02981600
v 0.00012500 -0.00754400 -0.02990700
v 0.00012500 -0.00842200 -0.02972800
v 0.00012500 -0.00951000 -0.02932700
v 0.00012500 -0.01051200 -0.02874500
v 0.00012500 -0.01139900 -0.02799900
v 0.00012500 -0.01214500 -0.02711200
v 0.00012500 -0.01272700 -0.02611000
v 0.00012500 -0.01312800 -0.02502200
v 0.00012500 -0.01330700 -0.02414400
v 0.00012500 -0.01336700 -0.02325000
v 0.00003300 -0.00839800 -0.02964000
v 0.00003300 -0.00947100 -0.02924400
v 0.00003300 -0.01045900 -0.02867000
v 0.00003300 -0.01133500 -0.02793500
v 0.00003300 -0.01207000 -0.02705900
v 0.00003300 -0.01264400 -0.02607100
v 0.00003300 -0.01304000 -0.02499800
v 0.00003300 -0.01321600 -0.02413200
v 0.00003300 -0.01327500 -0.02325000
v 0.00014600 0.01550500 0.02953700
v 0.00001600 0.01537600 0.02948200
v 0.00006700 0.01545200 0.02951500
v 0.00014900 0.01533700 0.02978000
v 0.00006800 0.01529800 0.02973800
v 0.00001600 0.01524100 0.02967700
v 0.00001600 0.01507500 -0.02978800
v 0.00001700 0.01485500 -0.02984000
v 0.00007200 0.01485800 -0.02992500
v 0.00015700 0.01486000 -0.02998200
v 0.00015200 0.01513300 -0.02991700
v 0.00007000 0.01511000 -0.02986500
v 0.00001600 0.01525900 -0.02965900
v 0.00006800 0.01531900 -0.02971700
v 0.00001600 0.01538000 -0.02947000
v 0.00006600 0.01545700 -0.02950100
v 0.00014800 0.01536000 -0.02975700
v 0.00014500 0.01551000 -0.02952300
v 0.00016200 0.01526300 0.02984400
v 0.00007500 0.01523300 0.02979700
v 0.00001800 0.01518700 0.02972500
v 0.00001900 0.01509100 0.02977300
v 0.00008900 0.01505200 0.02987800
v 0.00007900 0.01517700 0.02983200
v 0.00008400 0.01511700 0.02985900
v 0.00017100 0.01520000 0.02988200
v 0.00018100 0.01513200 0.02991100
v 0.00019100 0.01505900 0.02992900
v 0.01591100 0.01686700 0.01589300
v 0.01841300 0.01802200 0.01399400
v 0.01777200 0.01793500 0.01416800
v 0.01775700 0.01787900 0.01446500
v 0.01682900 0.01780500 0.01451200
v 0.01885900 0.01802300 0.01419900
v 0.01881600 0.01807800 0.01390800
v 0.01785900 0.01771600 0.01471400
v 0.01892800 0.01786200 0.01444200
v 0.01794500 0.01745900 0.01487300
v 0.01901000 0.01761800 0.01459600
v 0.01686700 0.01730200 0.01530000
v 0.01692300 0.01701800 0.01533700
v 0.01799700 0.01717700 0.01491500
v 0.01585200 0.01715400 0.01586200
v 0.01572800 0.01741600 0.01572200
v 0.01556300 0.01757600 0.01549800
v 0.01676100 0.01756100 0.01515000
v 0.01662700 0.01772300 0.01491100
v 0.01909000 0.01733900 0.01463900
v 0.01881600 0.01807800 -0.02288600
v 0.01897800 0.01806400 0.01390800
v 0.01893600 0.01807500 0.01390800
v 0.01897200 0.01801900 0.01417800
v 0.01911900 0.01798400 0.01390800
v 0.01905400 0.01803100 0.01390800
v 0.01908200 0.01798000 0.01414400
v 0.01923400 0.01740500 0.01457300
v 0.01929300 0.01743500 0.01451000
v 0.01921100 0.01765800 0.01446800
v 0.01933400 0.01745700 0.01444000
v 0.01935100 0.01746800 0.01439300
v 0.01927900 0.01764800 0.01436100
v 0.01920000 0.01738900 0.01459700
v 0.01911600 0.01764700 0.01454900
v 0.01921300 0.01785100 0.01390800
v 0.01917000 0.01791000 0.01410000
v 0.01921500 0.01784600 0.01397500
v 0.01921500 0.01780400 0.01426000
v 0.01924300 0.01778000 0.01413400
v 0.01929600 0.01765400 0.01423900
v 0.01936700 0.01748500 0.01427100
v 0.01903600 0.01786900 0.01440400
v 0.01913700 0.01785000 0.01434000
v 0.01537800 0.00094700 0.01555400
v 0.01587200 0.00120900 0.01548700
v 0.01601300 0.00123000 0.01513600
v 0.01702400 0.00168000 0.01460500
v 0.01592700 0.00136900 0.01568500
v 0.01592800 0.00158300 0.01583400
v 0.01804900 0.00213600 0.01420900
v 0.01927000 0.00267900 0.01390000
v 0.01809700 0.00220500 0.01445000
v 0.01928700 0.00278700 0.01425400
v 0.01810200 0.00236200 0.01468200
v 0.01926700 0.00289500 0.01440000
v 0.01805600 0.00258400 0.01484800
v 0.01922600 0.00303600 0.01452100
v 0.01689400 0.00230000 0.01535000
v 0.01797500 0.00282100 0.01492200
v 0.01910100 0.00336500 0.01463700
v 0.01695100 0.00169200 0.01489600
v 0.01698200 0.00185100 0.01511200
v 0.01696000 0.00206800 0.01527100
v 0.01587800 0.00181000 0.01591400
v 0.01910100 0.01731100 0.01463700
v 0.02636400 0.00659800 0.01329100
v 0.02648900 0.00627000 0.01317500
v 0.02652800 0.00613300 0.01305900
v 0.02655000 0.00602100 0.01290700
v 0.02653300 0.00591300 0.01255400
v 0.01547100 0.00176900 0.01266300
v 0.01685600 0.00230700 0.01207300
v 0.01643200 0.00187100 0.01235400
v 0.01774900 0.00200200 0.01263000
v 0.01682800 0.00159200 0.01297700
v 0.01672100 0.00159400 0.01274200
v 0.01871300 0.00247200 0.01211500
v 0.01877300 0.00245800 0.01234200
v 0.01837600 0.00228100 0.01244200
v 0.01658100 0.00169000 0.01251400
v 0.01840500 0.00290900 0.01163200
v 0.01851300 0.00271600 0.01172700
v 0.01862200 0.00256100 0.01189500
v 0.02483600 0.00515800 0.01069000
v 0.02653300 0.00591300 0.01011000
v 0.02303000 0.00435400 0.01123800
v 0.02315200 0.00443200 0.01101300
v 0.02308200 0.00447700 0.01084000
v 0.02643500 0.00592300 0.00985700
v 0.02631100 0.00602100 0.00963700
v 0.02637500 0.00596200 0.00974100
v 0.02400900 0.00511600 0.01029000
v 0.02299900 0.00456500 0.01068900
v 0.02291300 0.00468400 0.01057500
v 0.02077600 0.00384300 0.01109600
v 0.02087400 0.00368800 0.01120500
v 0.01601500 0.00324500 0.01122100
v 0.01624500 0.00301800 0.01168200
v 0.01648200 0.00261600 0.01201700
v 0.01583900 0.00328100 0.01075000
v 0.01785500 0.00387800 0.01021300
v 0.01796000 0.00382500 0.01069000
v 0.01799100 0.00378800 0.01080300
v 0.01811600 0.00359100 0.01116000
v 0.01820700 0.00340600 0.01135800
v 0.01809800 0.00543200 0.00797200
v 0.01835100 0.00476300 0.00842200
v 0.01848200 0.00447400 0.00878700
v 0.01859800 0.00426400 0.00922500
v 0.01873700 0.00413900 0.01004900
v 0.02414300 0.00720300 0.00723500
v 0.02431900 0.00671700 0.00752100
v 0.02449200 0.00630300 0.00796000
v 0.02463700 0.00602600 0.00850500
v 0.02474100 0.00591000 0.00909000
v 0.03306000 0.00872300 0.00582600
v 0.03162700 0.00848100 0.00622300
v 0.02794500 0.00784200 0.00687100
v 0.03493600 0.00904100 0.00469800
v 0.03477400 0.00901400 0.00493100
v 0.03412600 0.00890400 0.00539000
v 0.02853500 0.00703100 0.00841400
v 0.03008000 0.00740900 0.00846100
v 0.03226600 0.00814700 0.00754200
v 0.03389600 0.00863000 0.00724000
v 0.03196800 0.00819200 0.00684600
v 0.02810900 0.00752200 0.00717000
v 0.02826900 0.00726900 0.00754300
v 0.02841400 0.00710200 0.00796800
v 0.03179800 0.00830900 0.00651600
v 0.03339400 0.00856700 0.00631900
v 0.03369900 0.00857100 0.00684600
v 0.03446100 0.00879700 0.00633800
v 0.03445400 0.00884600 0.00573100
v 0.03476500 0.00888700 0.00608400
v 0.03510000 0.00901700 0.00510400
v 0.03540600 0.00907700 0.00529300
v 0.03526100 0.00906000 0.00478400
v 0.03557500 0.00912700 0.00487200
v 0.03562800 0.00914300 0.00446500
v 0.03531400 0.00907400 0.00446500
v 0.03531400 0.00907400 -0.00750000
v 0.03562800 0.00914300 -0.00750000
v 0.03427400 0.00892900 -0.00834300
v 0.03454400 0.00897500 -0.00816800
v 0.03485000 0.00902700 -0.00787400
v 0.03498000 0.00904900 -0.00759400
v 0.02845800 0.00794500 -0.00982600
v 0.03111700 0.00839500 -0.00937200
v 0.03276700 0.00867400 -0.00895400
v 0.03398600 0.00888000 -0.00849500
v 0.03129000 0.00819500 -0.00968000
v 0.02864000 0.00761200 -0.01017200
v 0.02881500 0.00736900 -0.01059700
v 0.03431500 0.00881000 -0.00886100
v 0.03518300 0.00901100 -0.00866900
v 0.03487100 0.00895600 -0.00841600
v 0.03544300 0.00908800 -0.00825600
v 0.03520300 0.00904400 -0.00795900
v 0.03258900 0.00835500 -0.00967500
v 0.03146100 0.00805800 -0.01002900
v 0.03161900 0.00799200 -0.01040400
v 0.03456100 0.00882700 -0.00929400
v 0.03354900 0.00860800 -0.00928400
v 0.03385500 0.00861800 -0.00978900
v 0.03260900 0.00824800 -0.01043100
v 0.03175600 0.00799600 -0.01077500
v 0.03338400 0.00866000 -0.00903800
v 0.02909700 0.00720800 -0.01157100
v 0.02897400 0.00723000 -0.01108600
v 0.02978700 0.00724900 0.00886100
v 0.03017000 0.00739200 0.01187100
v 0.03389600 0.00863000 0.01117200
v 0.03289000 0.00832200 0.00763700
v 0.01907500 0.01758800 -0.02357600
v 0.01915200 0.01733200 -0.02359900
v 0.01899100 0.01781500 -0.02346100
v 0.01889100 0.01801200 -0.02320900
v 0.01885000 0.01806300 -0.02305300
v 0.01897800 0.01806400 -0.02288600
v 0.01905400 0.01803100 -0.02288600
v 0.01911900 0.01798400 -0.02288600
v 0.01921300 0.01785100 -0.02288600
v 0.02450600 0.00531900 -0.01795800
v 0.02399600 0.00511900 -0.01819100
v 0.02409300 0.00502300 -0.01829800
v 0.01830100 0.00229100 -0.02122100
v 0.02152100 0.00371300 -0.01986000
v 0.02435000 0.00494100 -0.01874000
v 0.02427800 0.00493100 -0.01858700
v 0.02653300 0.00591300 -0.01759100
v 0.02647100 0.00589900 -0.01747000
v 0.01839700 0.00229100 -0.02144300
v 0.02141200 0.00363300 -0.02013500
v 0.01630800 0.00136100 -0.02229100
v 0.01817500 0.00237300 -0.02100500
v 0.01803800 0.00252900 -0.02084300
v 0.01791500 0.00272600 -0.02075800
v 0.01797400 0.00262500 -0.02079100
v 0.02419000 0.00495800 -0.01843400
v 0.02639800 0.00591000 -0.01734800
v 0.02632100 0.00594400 -0.01723600
v 0.02624000 0.00600000 -0.01713800
v 0.01819300 0.00283500 -0.02064700
v 0.02144900 0.00411700 -0.01930600
v 0.02129700 0.00386900 -0.01952200
v 0.02141400 0.00376300 -0.01967500
v 0.03389600 0.00863000 -0.01331100
v 0.03004800 0.00740000 -0.01524500
v 0.03012000 0.00738700 -0.01536100
v 0.03018500 0.00739700 -0.01548200
v 0.02653300 0.00591300 -0.02023500
v 0.02648300 0.00659800 -0.02094000
v 0.02658000 0.00628000 -0.02081600
v 0.02659900 0.00614700 -0.02070500
v 0.02659700 0.00603400 -0.02056200
v 0.03389600 0.00863000 -0.01753200
v 0.03017000 0.00739200 -0.01890000
v 0.02756100 0.00706600 -0.02054900
v 0.03016600 0.00809500 -0.01960500
v 0.03022900 0.00785600 -0.01953500
v 0.03023200 0.00746400 -0.01914500
v 0.03025500 0.00762700 -0.01937400
v 0.03396100 0.00869100 -0.01776200
v 0.03399900 0.00886300 -0.01800800
v 0.03398600 0.00911300 -0.01817600
v 0.03393900 0.00934900 -0.01823700
v 0.02057700 0.01394300 -0.02308200
v 0.02112600 0.01312500 -0.02288300
v 0.02173800 0.01267400 -0.02266100
v 0.02219000 0.01249000 -0.02249700
v 0.02256900 0.01240700 -0.02236000
v 0.02344500 0.01243700 -0.02204200
v 0.02874200 0.01353300 -0.02012100
v 0.02904000 0.01358200 -0.02001300
v 0.02953000 0.01361400 -0.01983500
v 0.03027000 0.01354500 -0.01956700
v 0.03100500 0.01332900 -0.01930100
v 0.03168400 0.01297200 -0.01905400
v 0.03618500 0.01001400 -0.01742200
v 0.01929400 0.01762000 -0.02334100
v 0.01933600 0.01755900 -0.02324800
v 0.01937000 0.01747700 -0.02324600
v 0.01927000 0.01771600 -0.02318400
v 0.01923400 0.01776500 -0.02326700
v 0.01917000 0.01780200 -0.02334800
v 0.01916500 0.01761200 -0.02352100
v 0.01908500 0.01781800 -0.02341500
v 0.01924200 0.01762300 -0.02344000
v 0.01934900 0.01744500 -0.02339600
v 0.01924400 0.01737800 -0.02354700
v 0.01927200 0.01739400 -0.02352100
v 0.01931700 0.01742200 -0.02346200
v 0.01896200 0.01805400 -0.02304100
v 0.01923200 0.01780500 -0.02307700
v 0.01917800 0.01789600 -0.02310200
v 0.01909700 0.01796300 -0.02314700
v 0.01899700 0.01800300 -0.02318500
v 0.03653400 0.00941100 -0.01657500
v 0.03653400 0.00941100 0.01068300
v 0.03635200 0.00971300 0.01133800
v 0.03388100 0.00910700 0.01185400
v 0.03392400 0.00885300 0.01168000
v 0.03610700 0.01002600 0.01148500
v 0.03382000 0.00934900 0.01190900
v 0.03620200 0.00990800 0.01145400
v 0.03629100 0.00979400 0.01139700
v 0.03392600 0.00868400 0.01141900
v 0.03643600 0.00959700 0.01121500
v 0.03653800 0.00941400 0.01073800
v 0.03652100 0.00946300 0.01096500
v 0.03649600 0.00950500 0.01106600
v 0.03654200 0.00946600 -0.01685300
v 0.03653300 0.00949100 -0.01691700
v 0.03647900 0.00959900 -0.01711000
v 0.03641100 0.00970700 -0.01723600
v 0.03635500 0.00978900 -0.01730700
v 0.01937900 0.01745700 0.01426800
v 0.01934600 0.01743000 0.01443700
v 0.01924700 0.01737800 0.01456900
v 0.02050500 0.01397300 0.01437700
v 0.02169200 0.01267800 0.01415700
v 0.02125700 0.01296600 0.01423800
v 0.02098600 0.01322200 0.01428800
v 0.03004700 0.00809500 0.01260900
v 0.03283200 0.00904700 0.01209200
v 0.03169300 0.01292700 0.01230300
v 0.03142500 0.01308900 0.01235300
v 0.03096500 0.01330600 0.01243800
v 0.03022400 0.01352300 0.01257600
v 0.02943000 0.01359400 0.01272300
v 0.02863700 0.01351000 0.01287000
v 0.02343200 0.01243400 0.01383400
v 0.02240100 0.01242800 0.01402600
v 0.03625400 0.01015600 -0.01735500
v 0.03175300 0.01311400 -0.01898700
v 0.03627400 0.01021900 -0.01729700
v 0.03177300 0.01317400 -0.01893100
v 0.03628200 0.01026800 -0.01722900
v 0.03178100 0.01322600 -0.01886100
v 0.03628200 0.01029100 -0.01718500
v 0.03176200 0.01328500 -0.01870200
v 0.03626300 0.01032700 -0.01706900
v 0.03621400 0.01006600 -0.01740600
v 0.03623900 0.01012000 -0.01738000
v 0.02870600 0.01367300 -0.02010400
v 0.03102000 0.01367500 -0.01895500
v 0.03104800 0.01363700 -0.01907500
v 0.03103900 0.01344500 -0.01926500
v 0.03028300 0.01367100 -0.01953800
v 0.03027900 0.01379200 -0.01946200
v 0.03021700 0.01391300 -0.01922800
v 0.03025400 0.01387700 -0.01935000
v 0.03105600 0.01355600 -0.01918600
v 0.02942800 0.01395600 -0.01963600
v 0.02947000 0.01387100 -0.01974900
v 0.02949700 0.01374600 -0.01982200
v 0.02938200 0.01398800 -0.01951100
v 0.02854600 0.01390100 -0.01979300
v 0.02860000 0.01387300 -0.01992600
v 0.02865700 0.01379300 -0.02003500
v 0.02325000 0.01280500 -0.02171400
v 0.02327500 0.01279900 -0.02177800
v 0.02330400 0.01277700 -0.02184700
v 0.02336000 0.01269700 -0.02195600
v 0.02341000 0.01257800 -0.02202400
v 0.02178200 0.01278100 -0.02262400
v 0.02111900 0.01328500 -0.02286700
v 0.02069600 0.01400500 -0.02300500
v 0.02074000 0.01403200 -0.02294800
v 0.02077300 0.01405600 -0.02288000
v 0.02120100 0.01342300 -0.02268000
v 0.02117400 0.01336300 -0.02278600
v 0.02181000 0.01296300 -0.02244000
v 0.02180800 0.01288500 -0.02254700
v 0.02252000 0.01276500 -0.02208900
v 0.02253900 0.01274000 -0.02215000
v 0.02257700 0.01253400 -0.02233300
v 0.02256700 0.01265500 -0.02225900
v 0.02233800 0.01280500 -0.02209600
v 0.02285100 0.01275800 -0.02188200
v 0.02305100 0.01277300 -0.02179700
v 0.02178900 0.01300300 -0.02232400
v 0.02139000 0.01327200 -0.02248800
v 0.02119800 0.01345700 -0.02256700
v 0.02079500 0.01408800 -0.02272900
v 0.03013300 0.00739000 0.00858200
v 0.03012600 0.00785000 0.01254600
v 0.03019600 0.00745400 0.01213500
v 0.03018100 0.00761500 0.01237900
v 0.02075700 0.01417700 -0.02128800
v 0.01985800 0.01631600 -0.02161400
v 0.01981800 0.01641100 -0.02160700
v 0.01978400 0.01649200 -0.02155900
v 0.01975300 0.01656600 0.01260300
v 0.02078200 0.01411900 0.01400800
v 0.02076300 0.01416400 0.01267700
v 0.01978400 0.01649400 0.01278100
v 0.01976100 0.01654700 0.01270100
v 0.01976100 0.01654700 -0.02147600
v 0.01975300 0.01656600 -0.02137400
v 0.01985600 0.01632100 0.01284500
v 0.01981700 0.01641400 0.01283200
v 0.03624500 0.01034000 0.01111700
v 0.03624900 0.01031000 0.01124300
v 0.03643100 0.01018200 0.01119400
v 0.03671200 0.00998000 0.01090500
v 0.03660000 0.01010600 0.01083900
v 0.03647400 0.01018900 0.01100600
v 0.03663400 0.01008400 0.01068300
v 0.03675000 0.00996200 0.01068300
v 0.03680200 0.00980100 0.01068300
v 0.03643400 0.01013000 0.01126000
v 0.03649200 0.00965500 0.01123100
v 0.03660800 0.00990500 0.01118700
v 0.03652000 0.00998400 0.01126300
v 0.03658400 0.00981400 0.01122000
v 0.03649800 0.00990200 0.01130200
v 0.03654400 0.00972800 0.01123400
v 0.03646300 0.00982200 0.01132300
v 0.03641800 0.00975000 0.01132700
v 0.03633300 0.00985500 0.01140000
v 0.03637200 0.00992400 0.01138900
v 0.03627400 0.01003000 0.01143100
v 0.03640400 0.00999600 0.01136100
v 0.03632600 0.01015300 0.01135100
v 0.03642500 0.01006700 0.01131700
v 0.03661000 0.00999200 0.01113900
v 0.03661700 0.00946600 0.01083600
v 0.03659300 0.01006600 0.01108000
v 0.03674300 0.00988500 0.01094200
v 0.03678500 0.00973700 0.01083400
v 0.03679900 0.00971900 0.01068300
v 0.03675300 0.00962600 0.01084300
v 0.03677700 0.00963400 0.01068300
v 0.03669300 0.00953300 0.01084300
v 0.03668100 0.00949400 0.01068300
v 0.03661800 0.00944800 0.01068300
v 0.03674500 0.00977800 0.01097200
v 0.03665800 0.00973600 0.01111500
v 0.03671600 0.00967200 0.01098900
v 0.03661100 0.00964600 0.01112300
v 0.03666300 0.00957900 0.01099100
v 0.03655100 0.00957300 0.01111500
v 0.03659400 0.00950900 0.01098200
v 0.03624300 0.01028800 0.01129100
v 0.03622400 0.01023900 0.01136400
v 0.03619300 0.01017500 0.01142400
v 0.03617300 0.01013600 0.01144900
v 0.03663400 0.01008400 -0.01657500
v 0.03675000 0.00996200 -0.01657500
v 0.03680200 0.00980100 -0.01657500
v 0.03679900 0.00971900 -0.01657500
v 0.03677700 0.00963400 -0.01657500
v 0.03668100 0.00949400 -0.01657500
v 0.03639300 0.00984900 -0.01730500
v 0.03662600 0.00947000 -0.01672400
v 0.03674800 0.00988700 -0.01682700
v 0.03671600 0.00998000 -0.01679300
v 0.03660600 0.01006000 -0.01697600
v 0.03651100 0.01016500 -0.01689100
v 0.03657100 0.01012500 -0.01680300
v 0.03663200 0.01008500 -0.01661400
v 0.03658100 0.00957700 -0.01700000
v 0.03653300 0.00965700 -0.01711900
v 0.03663700 0.00965100 -0.01700400
v 0.03658000 0.00973000 -0.01711800
v 0.03661400 0.00981400 -0.01710300
v 0.03678700 0.00974100 -0.01672100
v 0.03675200 0.00978200 -0.01685400
v 0.03675800 0.00963100 -0.01672800
v 0.03672800 0.00967700 -0.01687000
v 0.03670000 0.00953800 -0.01672900
v 0.03667800 0.00958500 -0.01687300
v 0.03661300 0.00951400 -0.01686700
v 0.03662800 0.00998700 -0.01702800
v 0.03663100 0.00990300 -0.01707200
v 0.03642600 0.00991600 -0.01729000
v 0.03645100 0.00998600 -0.01726200
v 0.03646500 0.01005500 -0.01722100
v 0.03646600 0.01011700 -0.01716800
v 0.03645500 0.01016900 -0.01710900
v 0.02076500 0.01410200 0.01413400
v 0.02075000 0.01409200 0.01417700
v 0.02070600 0.01406800 0.01425100
v 0.02065000 0.01404000 0.01430900
v 0.03177900 0.01307500 0.01224300
v 0.02936100 0.01396900 0.01236500
v 0.02849500 0.01387800 0.01251500
v 0.02938600 0.01394000 0.01249800
v 0.02852700 0.01385000 0.01265500
v 0.02942500 0.01372800 0.01269900
v 0.03024300 0.01365200 0.01254800
v 0.03025200 0.01377500 0.01246700
v 0.03022700 0.01389100 0.01221400
v 0.03024500 0.01385900 0.01234600
v 0.02940900 0.01385500 0.01262000
v 0.02856500 0.01377000 0.01277100
v 0.03107200 0.01361200 0.01220000
v 0.03106200 0.01353200 0.01232000
v 0.03103000 0.01341800 0.01240300
v 0.03106000 0.01364400 0.01206900
v 0.02860400 0.01365100 0.01284700
v 0.03183100 0.01324100 0.01193500
v 0.03182900 0.01318900 0.01210900
v 0.03180900 0.01313700 0.01218500
v 0.02107100 0.01330700 0.01425100
v 0.02255300 0.01253500 0.01397300
v 0.02174500 0.01279100 0.01412500
v 0.02336000 0.01269400 0.01373600
v 0.02332200 0.01277300 0.01361900
v 0.02254600 0.01274300 0.01377400
v 0.02329100 0.01280100 0.01347900
v 0.02285100 0.01275400 0.01357400
v 0.02252600 0.01277600 0.01364300
v 0.02232500 0.01281300 0.01368600
v 0.02180500 0.01297600 0.01392500
v 0.02339900 0.01257400 0.01381200
v 0.02255600 0.01265800 0.01389400
v 0.02178700 0.01289900 0.01404300
v 0.02114500 0.01338800 0.01416700
v 0.02179900 0.01300900 0.01379700
v 0.02134000 0.01333000 0.01389400
v 0.02118700 0.01344700 0.01405000
v 0.02119400 0.01347500 0.01392400
v 0.03165500 0.01335600 -0.01733600
v 0.03528400 0.01097100 -0.01602000
v 0.03540900 0.01088900 -0.01594300
v 0.03549900 0.01083000 -0.01582400
v 0.03553100 0.01080900 -0.01569000
v 0.03177500 0.01327700 0.01063600
v 0.03527200 0.01097900 0.00998700
v 0.03540200 0.01089300 0.00993100
v 0.03549700 0.01083100 0.00982600
v 0.03552200 0.01081400 0.00976300
v 0.03553100 0.01080900 0.00969800
v 0.03011200 0.01398200 -0.01789600
v 0.02844400 0.01396800 -0.01850000
v 0.02321600 0.01288600 -0.02039600
v 0.02226800 0.01289800 -0.02074000
v 0.02130300 0.01340400 -0.02109000
v 0.06646900 0.02112500 -0.00471100
v 0.06646900 0.02020800 -0.00471100
v 0.05688000 0.02112500 -0.00818800
v 0.05306300 0.02086500 -0.00957300
v 0.05496700 0.02106000 -0.00888200
v 0.05294400 0.02111200 -0.00933800
v 0.05298000 0.02109700 -0.00943000
v 0.05301500 0.02104400 -0.00950800
v 0.05304500 0.02096200 -0.00955800
v 0.05294400 0.02111200 0.00645200
v 0.05302400 0.02086500 0.00669700
v 0.05300700 0.02096100 0.00668000
v 0.05298600 0.02104200 0.00662800
v 0.05296400 0.02109500 0.00654700
v 0.06625100 0.02015500 0.00424600
v 0.06625100 0.02112500 0.00424600
v 0.05684100 0.02112500 0.00599000
v 0.02132000 0.01337600 0.01257300
v 0.02230600 0.01285700 0.01239100
v 0.02327200 0.01284400 0.01221100
v 0.02844100 0.01391400 0.01125400
v 0.03017100 0.01392700 0.01093300
v 0.05492800 0.02106000 0.00634400
v 0.06627600 0.01991600 0.00400000
v 0.06628700 0.01995200 0.00411900
v 0.06628500 0.01998900 0.00416900
v 0.06627800 0.02003900 0.00420900
v 0.06627200 0.02006900 0.00422500
v 0.06675300 0.02005700 -0.00431300
v 0.06708500 0.02015500 -0.00390500
v 0.06719600 0.02018800 -0.00341900
v 0.06089900 0.01832300 0.00053800
v 0.06719600 0.02018800 0.00289400
v 0.06111400 0.01838700 0.00179800
v 0.06112900 0.01839100 0.00195500
v 0.06072000 0.01827000 0.00011700
v 0.06023200 0.01812500 -0.00135900
v 0.06050300 0.01820600 -0.00148800
v 0.06116700 0.01840200 -0.00310100
v 0.06120800 0.01841500 -0.00355900
v 0.06645500 0.01996900 -0.00447600
v 0.06108400 0.01837800 -0.00384200
v 0.06083500 0.01830400 -0.00405200
v 0.04078600 0.01236500 -0.01099100
v 0.04058500 0.01230600 -0.01073100
v 0.06707800 0.02015300 0.00339500
v 0.06674700 0.02005500 0.00379200
v 0.06107500 0.01837500 0.00228300
v 0.06089900 0.01832300 0.00253500
v 0.06076400 0.01828300 -0.00189200
v 0.06070400 0.01826500 -0.00174800
v 0.04017500 0.01218400 0.00437900
v 0.04039000 0.01224800 0.00563900
v 0.04056900 0.01230100 0.00606000
v 0.04080900 0.01237200 0.00624300
v 0.06069700 0.01826300 -0.00411400
v 0.04149600 0.01257600 -0.01107700
v 0.04105700 0.01244600 -0.01112000
v 0.04052500 0.01228800 -0.01058700
v 0.04012200 0.01216900 -0.00937800
v 0.04008100 0.01215600 -0.00892000
v 0.04039000 0.01224800 0.00364200
v 0.04021300 0.01219600 0.00389400
v 0.04016000 0.01218000 0.00422200
v 0.04112500 0.01246600 0.00629900
v 0.04127500 0.01251000 0.00628300
v 0.06049600 0.01820400 0.00272100
v 0.06047900 0.01819900 -0.00006600
v 0.06016400 0.01810500 -0.00012200
v 0.05979300 0.01799500 -0.00140200
v 0.06001400 0.01806100 -0.00010600
v 0.04059200 0.01230800 -0.00836500
v 0.04079300 0.01236700 0.00345600
v 0.04045300 0.01226700 -0.00842700
v 0.04020500 0.01219300 -0.00863700
v 0.06648500 0.02012400 -0.00468800
v 0.06648800 0.02009500 -0.00467300
v 0.06648900 0.02004600 -0.00463400
v 0.06648300 0.02000800 -0.00458800
v 0.06692200 0.02112500 -0.00443900
v 0.06683600 0.02029700 -0.00451000
v 0.06727300 0.02112500 -0.00393800
v 0.06737500 0.02112500 -0.00341900
v 0.06737500 0.02042800 -0.00341900
v 0.06731100 0.02041200 -0.00383300
v 0.06727300 0.02040300 -0.00393800
v 0.06712600 0.02036800 -0.00420800
v 0.05679500 0.02137500 -0.00795300
v 0.06638400 0.02137500 -0.00447600
v 0.06642600 0.02134200 -0.00459400
v 0.05682800 0.02135600 -0.00804300
v 0.06644400 0.02130200 -0.00464300
v 0.05685600 0.02130200 -0.00812000
v 0.06645700 0.02125000 -0.00468000
v 0.05687400 0.02122100 -0.00817100
v 0.05495600 0.02115300 -0.00886700
v 0.05493100 0.02123800 -0.00881500
v 0.05489800 0.02129300 -0.00873500
v 0.05486500 0.02130900 -0.00864700
v 0.05486500 0.02130900 0.00609900
v 0.05679500 0.02137500 0.00574400
v 0.05491800 0.02115200 0.00632800
v 0.05683500 0.02125000 0.00595700
v 0.05490300 0.02123700 0.00627400
v 0.05682700 0.02130200 0.00591800
v 0.05488300 0.02129300 0.00619000
v 0.05681800 0.02134200 0.00586700
v 0.06620500 0.02137500 0.00400000
v 0.06622800 0.02134200 0.00412300
v 0.06624400 0.02125000 0.00421300
v 0.06737500 0.02042800 0.00289400
v 0.06737500 0.02112500 0.00289400
v 0.06729200 0.02040800 0.00336100
v 0.06724400 0.02112500 0.00347900
v 0.06724400 0.02039600 0.00347900
v 0.06705700 0.02035100 0.00377300
v 0.06680200 0.02112500 0.00401100
v 0.06680100 0.02028900 0.00401100
v 0.06669500 0.02026300 0.00407900
v 0.06670600 0.02018100 0.00405600
v 0.06699000 0.02014000 0.00366500
v 0.06667500 0.02004900 0.00393600
v 0.06669900 0.02010400 0.00400600
v 0.06703300 0.02019700 0.00371500
v 0.06705600 0.02027100 0.00375300
v 0.06728300 0.02033000 0.00335000
v 0.06719300 0.02020000 0.00330300
v 0.06724900 0.02025700 0.00332900
v 0.06735200 0.02032400 0.00289400
v 0.06732500 0.02027800 0.00289400
v 0.06728900 0.02023900 0.00289400
v 0.04076900 0.01242000 -0.01049300
v 0.04036600 0.01230000 -0.00928300
v 0.04094300 0.01264100 -0.01041300
v 0.04054000 0.01252100 -0.00920300
v 0.04117200 0.01252200 -0.01089100
v 0.04138900 0.01260400 -0.01080600
v 0.04126700 0.01273700 -0.01057600
v 0.04098100 0.01245900 -0.01086100
v 0.04084300 0.01242500 -0.01071900
v 0.04097900 0.01258500 -0.01059800
v 0.04117200 0.01265700 -0.01065700
v 0.04109200 0.01260600 -0.01068600
v 0.04105000 0.01258700 -0.01068000
v 0.04101500 0.01257900 -0.01065600
v 0.06059000 0.01829100 -0.00384300
v 0.06046800 0.01842400 -0.00361300
v 0.06097700 0.01838800 -0.00342700
v 0.06089100 0.01838000 -0.00319600
v 0.06062400 0.01847100 -0.00327500
v 0.06095000 0.01837500 -0.00362800
v 0.06081300 0.01834000 -0.00377000
v 0.06066400 0.01841600 -0.00359400
v 0.06071500 0.01844600 -0.00338900
v 0.06075200 0.01842900 -0.00348000
v 0.06074800 0.01842200 -0.00352500
v 0.06072300 0.01841700 -0.00356100
v 0.06048800 0.01826100 -0.00198600
v 0.06022100 0.01835100 -0.00206600
v 0.06009400 0.01812700 -0.00158800
v 0.05986700 0.01807700 -0.00167300
v 0.05989800 0.01825500 -0.00190300
v 0.06028800 0.01817800 -0.00161800
v 0.06042300 0.01822400 -0.00175900
v 0.06022100 0.01828400 -0.00188100
v 0.06002000 0.01824000 -0.00182200
v 0.06011500 0.01824100 -0.00179300
v 0.06016000 0.01824800 -0.00179900
v 0.06019400 0.01826100 -0.00182300
v 0.04069600 0.01256800 -0.00886600
v 0.04066600 0.01238900 -0.00863600
v 0.04028900 0.01226000 -0.00905200
v 0.04031900 0.01226300 -0.00885100
v 0.04045300 0.01230900 -0.00870900
v 0.04053700 0.01245400 -0.00888500
v 0.04047700 0.01245100 -0.00909000
v 0.04045600 0.01241700 -0.00899900
v 0.04046300 0.01241300 -0.00895400
v 0.04048600 0.01242300 -0.00891800
v 0.04043000 0.01231900 0.00432800
v 0.04064500 0.01238300 0.00558900
v 0.04061400 0.01254300 0.00428600
v 0.04082800 0.01260700 0.00554600
v 0.04057700 0.01249300 0.00419400
v 0.04082500 0.01243600 0.00373900
v 0.04059600 0.01235100 0.00377800
v 0.04044400 0.01230000 0.00390200
v 0.04038900 0.01229000 0.00409500
v 0.04056100 0.01245000 0.00407300
v 0.04059600 0.01245400 0.00399700
v 0.04057200 0.01244600 0.00402900
v 0.04064700 0.01248200 0.00397100
v 0.04079700 0.01258700 0.00397300
v 0.04081900 0.01260400 0.00397800
v 0.06004100 0.01829800 0.00041600
v 0.06004600 0.01813000 0.00017600
v 0.06057900 0.01827000 0.00034400
v 0.06061200 0.01829700 0.00058800
v 0.06033600 0.01838500 0.00063100
v 0.06046200 0.01823000 0.00018400
v 0.06027500 0.01818100 0.00012900
v 0.06022300 0.01828500 0.00034200
v 0.06036400 0.01834200 0.00049300
v 0.06035400 0.01831100 0.00039800
v 0.06032900 0.01829800 0.00036200
v 0.06029100 0.01828900 0.00034200
v 0.06082600 0.01836100 0.00184900
v 0.06055100 0.01844900 0.00189100
v 0.06067000 0.01829700 0.00239900
v 0.06043200 0.01824400 0.00243800
v 0.06034500 0.01838800 0.00219900
v 0.06082500 0.01833800 0.00227500
v 0.06087700 0.01835900 0.00208200
v 0.06064000 0.01840800 0.00206200
v 0.06049100 0.01838000 0.00221400
v 0.06058900 0.01838100 0.00219500
v 0.06062600 0.01838600 0.00216700
v 0.06064400 0.01839400 0.00212800
v 0.04121000 0.01255000 0.00600100
v 0.04112300 0.01269400 0.00576100
v 0.04068700 0.01237800 0.00583300
v 0.04080700 0.01240800 0.00599300
v 0.04099100 0.01246800 0.00604800
v 0.04097700 0.01258400 0.00583500
v 0.04082800 0.01255600 0.00568400
v 0.04085400 0.01253500 0.00577900
v 0.04088100 0.01253700 0.00581500
v 0.04091800 0.01255100 0.00583500
v 0.06728900 0.02023900 -0.00341900
v 0.06735200 0.02032400 -0.00341900
v 0.06732500 0.02027800 -0.00341900
v 0.06726600 0.02026100 -0.00380400
v 0.06730100 0.02033500 -0.00382200
v 0.06684200 0.02021600 -0.00448700
v 0.06712300 0.02028900 -0.00418900
v 0.06709600 0.02021400 -0.00415500
v 0.06720900 0.02020500 -0.00378100
v 0.06704900 0.02015800 -0.00411100
v 0.06679700 0.02008400 -0.00437700
v 0.06682900 0.02014000 -0.00444000
v 0.06675500 0.02137500 -0.00425300
v 0.06683800 0.02134200 -0.00434600
v 0.06690000 0.02125000 -0.00441400
v 0.06704200 0.02137500 -0.00384400
v 0.06715700 0.02134200 -0.00389100
v 0.06724200 0.02125000 -0.00392500
v 0.06712500 0.02137500 -0.00341900
v 0.06725000 0.02134200 -0.00341900
v 0.06734200 0.02125000 -0.00341900
v 0.06712500 0.02137500 0.00289400
v 0.06665600 0.02137500 0.00380800
v 0.06701800 0.02137500 0.00337200
v 0.06725000 0.02134200 0.00289400
v 0.06713100 0.02134200 0.00342600
v 0.06734200 0.02125000 0.00289400
v 0.06721400 0.02125000 0.00346500
v 0.06672900 0.02134200 0.00390900
v 0.06678200 0.02125000 0.00398400
v 0.04110600 0.01324200 -0.00973800
v 0.04103600 0.01322200 -0.00953000
v 0.04117400 0.01326200 -0.00985600
v 0.04129800 0.01329900 -0.00991800
v 0.04123100 0.01327900 -0.00989800
v 0.04142900 0.01333800 -0.00990100
v 0.05967000 0.01874100 -0.00328600
v 0.05978300 0.01877500 -0.00321500
v 0.05984300 0.01879200 -0.00308600
v 0.05982300 0.01878700 -0.00315500
v 0.05982600 0.01878800 -0.00294900
v 0.05975700 0.01876700 -0.00274100
v 0.05968900 0.01874700 -0.00262300
v 0.05956500 0.01871000 -0.00256100
v 0.05963200 0.01873000 -0.00258100
v 0.05943400 0.01867100 -0.00257800
v 0.04119300 0.01326800 -0.00919300
v 0.04108000 0.01323500 -0.00926400
v 0.04102000 0.01321700 -0.00939300
v 0.04104000 0.01322300 -0.00932300
v 0.04105300 0.01322600 0.00471500
v 0.04108900 0.01323700 0.00493100
v 0.04105700 0.01322800 0.00457700
v 0.04113600 0.01325100 0.00446000
v 0.04108700 0.01323700 0.00451200
v 0.04125800 0.01328700 0.00440800
v 0.05947900 0.01868400 0.00103100
v 0.05961100 0.01872400 0.00103600
v 0.05972300 0.01875700 0.00111800
v 0.05967400 0.01874200 0.00106700
v 0.05977300 0.01877200 0.00124500
v 0.05981000 0.01878300 0.00146200
v 0.05980600 0.01878100 0.00160000
v 0.05972700 0.01875800 0.00171700
v 0.05977600 0.01877200 0.00166500
v 0.05960400 0.01872200 0.00176900
v 0.04138400 0.01332500 0.00514600
v 0.04125200 0.01328500 0.00514100
v 0.04113900 0.01325200 0.00505900
v 0.04118900 0.01326700 0.00511000
vn -0.04813223 -0.99522326 -0.08493502
vn -0.19183731 -0.92485793 -0.32838430
vn -0.02417335 -0.99575242 -0.08884123
vn -0.08059605 -0.95063400 -0.29966528
vn -0.13752530 -0.85059781 -0.50751369
vn -0.36055566 -0.69474531 -0.62235727
vn -0.18380966 -0.70285675 -0.68717276
vn -0.22204077 -0.51772675 -0.82623055
vn -0.44488833 -0.36874151 -0.81615199
vn -0.24631112 -0.30207210 -0.92091437
vn -0.25919639 -0.08619986 -0.96197028
vn -0.43238108 -0.08354394 -0.89781235
vn -0.61851325 -0.18233002 -0.76432789
vn -0.75685147 -0.09755176 -0.64626581
vn -0.99285687 -0.09047607 -0.07777734
vn -0.96100924 -0.08744804 -0.26232439
vn -0.95061623 -0.30141156 -0.07402608
vn -0.88439341 -0.37049415 -0.28387035
vn -0.85464032 -0.51480625 -0.06756071
vn -0.67814781 -0.69423547 -0.24114862
vn -0.70981733 -0.70219537 -0.05550704
vn -0.52239365 -0.85165556 -0.04228101
vn -0.35718679 -0.92512290 -0.12870593
vn -0.30685814 -0.95144248 -0.02439839
vn -0.09160656 -0.99529532 -0.03155103
vn -0.09249389 -0.99568333 -0.00771922
vn -0.07592171 -0.99512911 -0.06288038
vn -0.29593366 -0.92299824 -0.24596245
vn -0.55279137 -0.69459230 -0.46039466
vn -0.70682291 -0.36679537 -0.60486571
vn -0.87829597 -0.14640755 -0.45514945
vn -0.56401371 0.81801990 -0.11283612
vn -0.36387634 0.93107930 -0.02617898
vn -0.34880849 0.93525652 -0.06023180
vn -0.87432428 0.15069739 -0.46135383
vn -0.95674754 0.07626410 -0.28074531
vn -0.90591442 0.31555888 -0.28238566
vn -0.63037586 0.11398243 -0.76787647
vn -0.77604473 0.08623242 -0.62475479
vn -0.77169089 0.31481770 -0.55261468
vn -0.33564939 0.31541432 -0.88761100
vn -0.53628556 0.34691201 -0.76944776
vn -0.37263175 0.63961020 -0.67234246
vn -0.52747945 0.62322638 -0.57736844
vn -0.35403627 0.86684384 -0.35105565
vn -0.43596069 0.84281399 -0.31559919
vn -0.30597250 0.94807593 -0.08679207
vn -0.46111298 0.08750787 -0.88301597
vn -0.27634469 0.06926613 -0.95855924
vn -0.67996120 0.60198456 -0.41864944
vn -0.51390132 0.82761465 -0.22574193
vn -0.32776992 0.94100007 -0.08417690
vn -0.77563910 0.59100521 -0.22157803
vn -0.38831859 0.92146519 -0.01051553
vn -0.62447980 0.78004417 -0.03944706
vn -0.80282023 0.59338238 -0.05811218
vn -0.92916911 0.36322008 -0.06867265
vn -0.99128476 0.10483604 -0.07977421
vn -0.09051838 -0.99513215 0.03896692
vn -0.35207574 -0.92290926 0.15582418
vn -0.09342089 -0.99558038 0.00960427
vn -0.30824601 -0.95081760 0.03050077
vn -0.52315681 -0.85064186 0.05210934
vn -0.66117023 -0.69226886 0.28916735
vn -0.70994107 -0.70084443 0.06928747
vn -0.85391299 -0.51369804 0.08334824
vn -0.85893428 -0.35455876 0.36948612
vn -0.94932220 -0.30069478 0.09148774
vn -0.91686050 -0.10113714 0.38618403
vn -0.99127486 -0.09428828 0.09210792
vn -0.42514624 -0.09185074 0.90045217
vn -0.67550176 -0.10201740 0.73026695
vn -0.41053221 -0.29577328 0.86254361
vn -0.63976752 -0.35399435 0.68219170
vn -0.37007005 -0.51242558 0.77489882
vn -0.49746918 -0.69225019 0.52279449
vn -0.30712154 -0.70185673 0.64270793
vn -0.22696087 -0.85126785 0.47310866
vn -0.26596056 -0.92310492 0.27774499
vn -0.13285703 -0.95152273 0.27740493
vn -0.06748969 -0.99510883 0.07213572
vn -0.04075877 -0.99561970 0.08414355
vn -0.46408653 0.83830327 0.28613163
vn -0.33435668 0.93960303 0.07315566
vn -0.35019220 0.93523488 0.05197258
vn -0.71337338 0.11379966 0.69148251
vn -0.56986815 0.08625189 0.81719698
vn -0.61879320 0.33767783 0.70927333
vn -0.92886618 0.36422407 0.06744216
vn -0.91869656 0.30089129 0.25585359
vn -0.80587004 0.58968628 0.05332506
vn -0.78456804 0.58919876 0.19312641
vn -0.62373867 0.78112549 0.02816105
vn -0.56551652 0.81815632 0.10397747
vn -0.38532262 0.92276961 0.00476725
vn -0.82624963 0.08148275 0.55737968
vn -0.95327438 0.08263697 0.29058404
vn -0.99159502 0.10582818 0.07442923
vn -0.80911913 0.31066521 0.49881196
vn -0.70893646 0.59917602 0.37201774
vn -0.52867832 0.82515587 0.19904027
vn -0.36060797 0.93235893 0.02585956
vn -0.58185989 0.61569450 0.53137496
vn -0.31673105 0.94512276 0.08015241
vn -0.40036857 0.85716473 0.32399636
vn -0.46850863 0.62795211 0.62143045
vn -0.47038378 0.30655633 0.82750367
vn -0.42424805 0.06901857 0.90291197
vn -0.00688333 -0.99173138 -0.12814636
vn -0.02578107 -0.99189382 0.12442661
vn -0.38121777 0.91968329 -0.09410449
vn -0.36559415 0.92557842 0.09821148
vn 0.12757628 -0.98354415 -0.12792652
vn 0.11612848 -0.98385507 -0.13617410
vn 0.03791773 -0.92066329 -0.38851171
vn 0.06716176 -0.91149933 -0.40578106
vn -0.04529560 -0.70818134 -0.70457611
vn -0.02397887 -0.69588661 -0.71775124
vn -0.12292309 -0.38793169 -0.91345439
vn -0.11127929 -0.37598849 -0.91991824
vn -0.16920740 -0.10325964 -0.98015626
vn -0.16693497 -0.09458456 -0.98142064
vn -0.18104051 -0.08782472 -0.97954640
vn -0.16781855 -0.35999942 -0.91773490
vn -0.12626108 -0.69124060 -0.71150866
vn -0.05527474 -0.92083435 -0.38601660
vn -0.21485146 -0.97103624 -0.10453456
vn -0.09379961 -0.99477656 -0.04026450
vn 0.01604557 -0.99234116 -0.12248084
vn -0.19715537 -0.08465495 -0.97671045
vn -0.21294913 -0.07975512 -0.97380275
vn -0.23472291 -0.34804706 -0.90761688
vn -0.29861663 -0.32201289 -0.89840737
vn -0.25728497 -0.66938597 -0.69694108
vn -0.38173833 -0.62377652 -0.68204011
vn -0.24033015 -0.89325327 -0.37992107
vn -0.40388685 -0.83940521 -0.36369535
vn -0.52020763 -0.74239254 -0.42218164
vn -0.46773034 -0.57826517 -0.66845921
vn -0.36816153 -0.35841569 -0.85790167
vn -0.23748131 -0.10216466 -0.96600466
vn -0.39123928 -0.91453420 -0.10275710
vn -0.52290701 -0.84292664 -0.12666073
vn -0.34996698 0.56500351 -0.74719083
vn -0.23989677 0.00368466 -0.97079141
vn -0.23869145 0.22136272 -0.94552892
vn -0.31390901 0.33527707 -0.88828510
vn -0.37211110 0.87466206 -0.31064387
vn -0.38092309 0.73349582 -0.56292227
vn -0.17803096 -0.13281641 -0.97502040
vn -0.15413926 -0.44556904 -0.88187829
vn -0.11597857 -0.70713711 -0.69749988
vn -0.06678713 -0.89699643 -0.43696325
vn 0.05217917 -0.99425197 -0.09348984
vn -0.00467128 -0.92890443 -0.37029007
vn -0.07930509 -0.71288547 -0.69678189
vn -0.14508252 -0.37943110 -0.91377410
vn -0.17679576 -0.09601584 -0.97955307
vn 0.10318749 -0.99074174 -0.08822213
vn 0.04450921 -0.93098911 -0.36232335
vn -0.04400734 -0.71325175 -0.69952505
vn -0.12656946 -0.36979462 -0.92045212
vn -0.17155484 -0.08830832 -0.98120873
vn 0.00115035 -0.96304233 -0.26934764
vn -0.14267041 -0.98428021 -0.10410389
vn -0.19439899 -0.89245522 -0.40710284
vn -0.19459063 -0.10157845 -0.97561073
vn -0.21952696 -0.37540786 -0.90048701
vn -0.22502229 -0.68824233 -0.68970100
vn -0.22629477 -0.08874684 -0.97000756
vn -0.33547564 -0.32721247 -0.88339578
vn -0.44022110 -0.60269857 -0.66555227
vn -0.49391069 -0.78974619 -0.36380377
vn -0.28762476 -0.94411964 -0.16096614
vn -0.25576939 -0.06447833 -0.96458518
vn -0.42863154 -0.23985853 -0.87105849
vn -0.61205114 -0.45304084 -0.64818779
vn -0.72788570 -0.58650790 -0.35523357
vn -0.48385041 -0.86698335 -0.11928392
vn -0.62826687 -0.75215028 -0.19887359
vn -0.77866916 -0.62040963 -0.09362813
vn -0.88540475 -0.45677527 -0.08610913
vn -0.28744294 -0.05955569 -0.95594439
vn -0.51891993 -0.19726714 -0.83174983
vn -0.69814749 -0.30600886 -0.64726244
vn -0.79755065 -0.37308564 -0.47404649
vn -0.86081831 -0.42429430 -0.28100921
vn -0.23720489 -0.09216248 -0.96707803
vn -0.22452139 -0.22343760 -0.94850713
vn 0.02274420 -0.99630049 -0.08287357
vn -0.01029893 -0.95543564 -0.29501979
vn -0.05458397 -0.85371142 -0.51787779
vn -0.16120736 -0.40352280 -0.90065617
vn -0.14984710 -0.56282872 -0.81287740
vn -0.09929435 -0.72977409 -0.67643950
vn 0.08911400 -0.99231494 0.08584727
vn 0.03684351 -0.99518725 0.09080144
vn 0.02446646 -0.99786131 0.06061521
vn -0.01451198 -0.93729598 0.34823217
vn -0.03041986 -0.97248680 0.23096332
vn -0.33405579 -0.37515878 0.86467487
vn -0.37702920 -0.12185593 0.91815038
vn -0.32968360 -0.09144049 0.93965279
vn -0.12260597 -0.86554347 0.48559477
vn -0.24664663 -0.65585469 0.71345642
vn -0.15859513 -0.72025740 0.67533463
vn -0.27631403 -0.37300527 0.88573000
vn -0.06695842 -0.93239711 0.35517912
vn -0.19266969 -0.71703109 0.66988417
vn -0.29057884 -0.38492991 0.87600965
vn -0.33349216 -0.09905142 0.93753496
vn -0.13566526 -0.89620917 0.42237904
vn -0.22810240 -0.70891578 0.66738873
vn -0.29902429 -0.44647249 0.84335449
vn -0.33689319 -0.12995380 0.93253150
vn -0.38344767 -0.07300933 0.92067232
vn -0.40950587 0.04925040 0.91097714
vn -0.43200225 0.80247919 0.41158378
vn -0.46689767 0.63595945 0.61446085
vn -0.45018528 0.55979448 0.69567475
vn -0.44325838 0.43178701 0.78554566
vn -0.43954011 0.20010636 0.87564944
vn -0.46491829 0.29875810 0.83342341
vn -0.54188538 -0.22657808 0.80933467
vn -0.39652397 -0.07007216 0.91534618
vn -0.42636428 -0.05096981 0.90311438
vn 0.05620762 -0.98572786 0.15868616
vn 0.13321644 -0.98029797 0.14583987
vn 0.03090978 -0.93410961 0.35564563
vn -0.81846150 -0.56096729 0.12424362
vn -0.74026800 -0.66488499 0.09965560
vn -0.74958765 -0.56724562 0.34110227
vn -0.65940693 -0.73183682 0.17203889
vn -0.37772901 -0.07831422 0.92259833
vn -0.46671384 -0.31067517 0.82804537
vn -0.52719349 -0.57682132 0.62397451
vn -0.07924370 -0.83732543 0.54093119
vn -0.16525938 -0.70968853 0.68485876
vn -0.33665488 -0.67402076 0.65754050
vn -0.25427201 -0.44775324 0.85724138
vn -0.36070236 -0.36766816 0.85715455
vn -0.32026182 -0.13345524 0.93788169
vn -0.34763745 -0.09622621 0.93267825
vn -0.36789581 -0.10380020 0.92405530
vn -0.61753264 -0.17834183 0.76605981
vn -0.76016927 -0.28810147 0.58235747
vn -0.68084579 -0.42903003 0.59361793
vn -0.85449921 -0.37728822 0.35705000
vn -0.89343382 -0.43431382 0.11466262
vn -0.52482900 -0.84351743 0.11416159
vn -0.40714838 -0.89632121 0.17560891
vn -0.53579763 -0.76144808 0.36485300
vn -0.27069825 -0.87354520 0.40452595
vn -0.31632968 -0.93045788 0.18488828
vn -0.16096019 -0.97668001 0.14208438
vn -0.18302210 -0.81428886 0.55085076
vn -0.03474973 -0.98999710 0.13674134
vn 0.35965849 -0.93307967 0.00284727
vn 0.38918052 -0.92110644 -0.01007214
vn 0.52538062 -0.85078096 0.01212283
vn 0.62386494 -0.78071766 -0.03567161
vn 0.67557529 -0.73695669 0.02220064
vn 0.80326211 -0.59500032 0.02728724
vn 0.80197529 -0.59517636 -0.05099742
vn 0.92959086 -0.36733745 0.03039789
vn 0.92993817 -0.36290570 -0.05928287
vn 0.99206854 -0.10548032 -0.06836604
vn 0.99408255 -0.10216408 0.03691038
vn -0.49578206 0.86794239 0.02960002
vn -0.67262441 0.73555586 -0.08083303
vn -0.70084557 0.71250161 0.03401371
vn -0.91209462 0.40558503 0.05986803
vn -0.91633085 0.39649890 -0.05591413
vn -0.98664430 0.15482971 -0.05060426
vn -0.98711867 0.15265465 0.04788826
vn -0.98656424 -0.13502715 -0.09197100
vn -0.98888748 -0.12694097 0.07737928
vn -0.84749005 -0.52803154 0.05425228
vn -0.84781334 -0.52804007 -0.04884900
vn -0.63939603 -0.76886651 0.00412272
vn -0.63549678 -0.77203169 -0.01053143
vn -0.56564318 -0.18609935 -0.80337714
vn -0.48167244 0.00782270 -0.87631642
vn -0.60225789 0.33104990 -0.72642370
vn -0.67820182 -0.66234992 -0.31833138
vn -0.72140952 -0.46520265 -0.51298615
vn -0.80371465 -0.37747169 -0.45995422
vn -0.73947802 -0.61405143 -0.27588602
vn -0.91405028 -0.26562753 -0.30651933
vn -0.81192816 -0.55319202 -0.18641690
vn -0.92064913 0.04957436 -0.38723063
vn -0.79722647 -0.14559355 -0.58586046
vn -0.69307037 -0.29495893 -0.65776341
vn -0.54762500 0.79119124 -0.27225591
vn -0.72912882 0.63835012 -0.24673933
vn -0.69589694 0.57305475 -0.43282294
vn -0.87619830 0.41347195 -0.24762367
vn -0.83162322 0.30709708 -0.46270315
vn -0.95148472 0.19766974 -0.23580393
vn -0.31556691 -0.12220557 -0.94100123
vn -0.37549391 0.18453481 -0.90826826
vn -0.52784640 0.74453536 -0.40871172
vn -0.50695251 0.63792836 -0.57969523
vn -0.45479077 0.49018486 -0.74356181
vn -0.38692876 -0.26098384 -0.88440577
vn -0.45981784 -0.39367296 -0.79598314
vn -0.52415471 -0.54664746 -0.65302251
vn -0.62865281 -0.40996043 -0.66085406
vn -0.56568335 -0.66808471 -0.48338926
vn -0.63738452 -0.68578883 -0.35133268
vn -0.57739015 -0.76567041 -0.28349504
vn -0.61034064 0.51560188 -0.60136429
vn -0.59871958 -0.79688515 -0.08067786
vn -0.57810505 -0.81147598 -0.08544757
vn -0.56159836 -0.82292016 -0.08607962
vn -0.73089783 0.06911687 -0.67897807
vn -0.62443151 -0.77967665 -0.04679326
vn -0.45448441 -0.89075248 0.00198572
vn -0.44528499 -0.89530753 -0.01207056
vn -0.19679374 -0.97926734 -0.04803846
vn 0.26258343 -0.96003142 -0.09690003
vn 0.23613992 -0.97152099 0.01961898
vn 0.08062485 -0.99468082 -0.06410689
vn 0.06877241 -0.99590551 0.05867348
vn -0.18430407 -0.98209800 0.03892971
vn -0.57949805 -0.80872897 0.10069495
vn -0.61667117 -0.69339548 0.37271889
vn -0.53660479 -0.83575798 0.11646418
vn -0.56652869 -0.72546716 0.39082303
vn -0.55357840 -0.55223192 0.62337057
vn -0.59443292 -0.53831140 0.59738626
vn -0.49292020 -0.33882708 0.80138997
vn -0.39065387 -0.09826443 0.91527791
vn -0.47531325 -0.22997475 0.84922843
vn -0.53804180 -0.38410869 0.75031429
vn -0.97615180 0.12956936 0.17418220
vn -0.74669796 0.62083340 0.23876357
vn -0.54428194 0.34456320 0.76487475
vn -0.62609246 -0.43825476 0.64493488
vn -0.62826652 -0.77768987 0.02190093
vn -0.62121724 -0.78200519 0.05056711
vn -0.72610016 -0.51576440 0.45471490
vn -0.73846915 -0.62770718 0.24626611
vn -0.82602080 -0.37882021 0.41735462
vn -0.82649455 -0.54136155 0.15438404
vn -0.92377035 -0.25668162 0.28418811
vn -0.62042920 0.01680550 0.78408238
vn -0.53332051 -0.13865268 0.83447269
vn -0.58605419 0.51546551 0.62516861
vn -0.56100772 0.71270297 0.42109952
vn -0.74077769 -0.05767210 0.66927000
vn -0.65162704 0.16363252 0.74067982
vn -0.80064044 0.08084308 0.59366597
vn -0.70968900 0.30559353 0.63478667
vn -0.85355160 0.27947327 0.43970941
vn -0.72036959 0.52470117 0.45360372
vn -0.57770030 0.78486533 0.22416239
vn -0.69813570 -0.31825094 0.64134459
vn -0.77107774 -0.22284191 0.59647347
vn -0.84384819 -0.15373871 0.51408622
vn -0.92100266 0.00639331 0.38950383
vn -0.88755460 0.40782616 0.21430039
vn -0.67325820 -0.68463248 0.27928796
vn -0.58646045 -0.80607784 0.07938927
vn -0.60364067 -0.79391596 0.07290672
vn -0.36543726 -0.65223309 0.66411415
vn -0.37721717 -0.33770658 0.86235809
vn -0.31585735 -0.35393864 0.88031902
vn -0.36590721 -0.07818250 0.92736153
vn -0.43066790 -0.31173182 0.84696424
vn -0.47808172 -0.60257477 0.63901605
vn -0.46693727 -0.81851175 0.33467611
vn -0.22401049 -0.96817449 0.11161298
vn -0.31961507 -0.94556324 0.06128923
vn -0.43542363 -0.89501010 0.09676353
vn -0.24194569 -0.68297937 0.68920350
vn -0.13464796 -0.90964272 0.39296317
vn -0.30058067 -0.87879043 0.37064624
vn -0.32335313 -0.12559104 0.93790705
vn -0.33916616 -0.08686343 0.93670756
vn -0.35324239 -0.08268704 0.93187052
vn -0.24886647 -0.43600997 0.86484726
vn 0.02242744 -0.94025611 0.33972851
vn -0.06239559 -0.84253838 0.53501017
vn -0.14561465 -0.69739331 0.70173994
vn -0.04555296 -0.99079520 0.12747472
vn 0.10323051 -0.98500104 0.13826214
vn 0.16860610 -0.98347188 0.06599278
vn 0.05853048 -0.99639922 0.06134142
vn -0.06689041 -0.99743190 0.02559833
vn -0.18145898 -0.98032391 0.07770245
vn -0.35602127 -0.93013334 0.09000459
vn -0.48990695 -0.86633268 0.09725669
vn -0.34828925 -0.91278087 0.21336749
vn -0.50702811 -0.85734975 0.08873499
vn -0.49396542 -0.86884822 0.03318044
vn -0.12677608 -0.90407985 0.40812676
vn 0.09636632 -0.82732237 0.55339970
vn -0.18666779 -0.79135430 0.58216278
vn 0.07570056 -0.72351488 0.68614550
vn 0.04599493 -0.60175285 0.79735687
vn -0.33773111 -0.93441968 0.11312627
vn -0.11884342 -0.97021486 0.21109089
vn 0.11081620 -0.94781866 0.29893070
vn 0.26353136 -0.89952752 0.34842713
vn -0.52737008 -0.84314633 0.10480968
vn -0.39621301 -0.86398097 0.31072839
vn -0.43447539 -0.80668094 0.40062078
vn -0.22574073 -0.71323169 0.66358245
vn -0.25437058 -0.63280218 0.73133919
vn 0.00801281 -0.47273263 0.88116948
vn -0.02835896 -0.35402748 0.93480496
vn 0.17092737 -0.22692989 0.95879438
vn 0.14048228 -0.10038054 0.98498146
vn 0.23045069 -0.96362508 0.13534838
vn 0.23004646 -0.84202125 0.48793324
vn 0.27423290 -0.68421094 0.67576009
vn 0.24712559 -0.52969983 0.81138587
vn 0.21229424 -0.38842533 0.89669221
vn 0.79538510 -0.59494893 0.11575106
vn 0.94046452 -0.30522310 0.14955048
vn 0.77283400 -0.59696607 0.21531170
vn 0.90336116 -0.30523401 0.30128196
vn 0.73324318 -0.60023377 0.31948999
vn 0.84747597 -0.31086080 0.43029066
vn 0.67728729 -0.60830022 0.41382698
vn 0.76613644 -0.31742386 0.55881754
vn 0.60715484 -0.61778995 0.49969849
vn 0.66598122 -0.32190617 0.67293792
vn 0.52318286 -0.62875366 0.57528126
vn 0.54347277 -0.32742494 0.77293613
vn 0.42605036 -0.64334716 0.63607038
vn 0.41680455 -0.33554471 0.84479803
vn 0.34478026 -0.65137450 0.67589780
vn 0.29863787 -0.32622432 0.89687965
vn 0.33894934 -0.87445108 0.34705712
vn 0.30344328 -0.94901018 0.08545085
vn 0.37875877 -0.86256767 0.33543824
vn 0.32270588 -0.94310648 0.08006919
vn 0.36150002 -0.93229365 0.01209510
vn 0.56735084 -0.82105717 0.06307247
vn 0.35633861 -0.93390268 0.02913026
vn 0.55876169 -0.82152024 0.11353353
vn 0.35216896 -0.93489770 0.04408310
vn 0.53835458 -0.82575499 0.16823508
vn 0.34396567 -0.93710683 0.05931620
vn 0.50873309 -0.83210820 0.22087689
vn 0.33136414 -0.94046318 0.07567573
vn 0.47298313 -0.84144314 0.26126691
vn 0.42947939 -0.84993576 0.30521576
vn 0.98311324 -0.07849401 0.16530897
vn 0.94442431 -0.07917572 0.31905161
vn 0.87145070 -0.07764951 0.48429766
vn 0.77177595 -0.07836061 0.63104793
vn 0.65509931 -0.07848555 0.75145520
vn 0.53180734 -0.08168747 0.84291643
vn 0.36641074 -0.08135278 0.92688990
vn 0.23925356 -0.07567069 0.96800397
vn 0.18124440 -0.98185341 0.05580628
vn 0.10160187 -0.98874472 0.10982229
vn 0.01247910 -0.99263155 0.12052746
vn -0.26056837 -0.96382564 0.05607374
vn -0.47731964 -0.87837345 0.02502076
vn -0.60468301 -0.77835761 0.16887242
vn -0.77558777 -0.62966805 0.04451706
vn -0.87892824 -0.46631665 0.10016947
vn 0.11377993 -0.99350518 -0.00125642
vn -0.09979959 -0.99489372 0.01505115
vn -0.24356651 -0.95897398 -0.14506640
vn -0.46767940 -0.88386086 -0.00812189
vn -0.61805891 -0.78266125 -0.07378716
vn -0.73088811 -0.67692140 -0.08706313
vn -0.82740933 -0.55312430 -0.09719727
vn -0.87149344 -0.47399134 -0.12582288
vn -0.90392567 -0.41205182 -0.11459355
vn 0.99425939 0.09028603 0.05741690
vn 0.99468416 0.08891943 -0.05193035
vn 0.90072253 -0.13718021 -0.41216565
vn 0.96533679 -0.07986854 -0.24848723
vn 0.91606204 -0.31286952 -0.25088444
vn 0.33515877 -0.93914377 -0.07534966
vn 0.31675962 -0.94512331 -0.08003289
vn 0.46391023 -0.83931971 -0.28342498
vn 0.39879747 -0.85891749 -0.32128076
vn 0.58491862 -0.61728634 -0.52614426
vn 0.46408008 -0.62938452 -0.62330153
vn 0.62350986 -0.33631462 -0.70578179
vn 0.46226717 -0.30875872 -0.83125033
vn 0.57415948 -0.08344002 -0.81448060
vn 0.41939204 -0.06897591 -0.90518100
vn 0.35140866 -0.93471230 -0.05314952
vn 0.52796744 -0.82554470 -0.19931466
vn 0.70813759 -0.60083322 -0.37086466
vn 0.81177234 -0.31055783 -0.49454980
vn 0.70812695 -0.10241590 -0.69861807
vn 0.82330422 -0.08615677 -0.56102333
vn 0.36644067 -0.93016570 -0.02264978
vn 0.56554879 -0.81902026 -0.09674912
vn 0.78314382 -0.59083115 -0.19391829
vn 0.04864628 -0.72230995 -0.68985642
vn 0.18186949 -0.61280605 -0.76902031
vn 0.20443372 -0.82122385 -0.53272718
vn -0.10361088 -0.97686564 -0.18707834
vn 0.17834828 -0.94598323 -0.27075380
vn 0.15481488 -0.38881709 -0.90821453
vn 0.28525238 -0.21305301 -0.93447284
vn 0.27990557 -0.48434897 -0.82889019
vn 0.31090734 -0.74810149 -0.58624294
vn 0.34034190 -0.56861790 -0.74889323
vn 0.01942133 -0.54441342 -0.83859218
vn -0.15214554 -0.70614401 -0.69152901
vn 0.06286132 -0.88198359 -0.46706895
vn -0.10101953 -0.92296952 -0.37137894
vn -0.13951413 -0.82368169 -0.54962195
vn -0.32051897 -0.92170612 -0.21846148
vn -0.35187196 -0.87922256 -0.32117567
vn -0.49628529 -0.86612088 -0.05946035
vn -0.49421044 -0.86521230 -0.08463878
vn -0.28252714 -0.95723087 -0.06234964
vn -0.49086526 -0.87055578 -0.03440821
vn 0.36539045 -0.32165445 -0.87351487
vn 0.34759882 -0.08801379 -0.93350342
vn 0.39264220 -0.67248712 -0.62737004
vn 0.32970996 -0.86306466 -0.38263656
vn -0.35569111 -0.84112230 -0.40742742
vn -0.50708526 -0.85488445 -0.10971375
vn -0.48057295 -0.87177032 -0.09521634
vn -0.37765866 -0.92288407 -0.07522583
vn -0.22226911 -0.97427005 -0.03734053
vn 0.19260427 -0.98073521 -0.03258901
vn 0.09888399 -0.99494833 0.01731395
vn -0.12476160 -0.99089594 0.05059430
vn 0.03207732 -0.99877373 -0.03771062
vn 0.52087837 0.85310100 -0.03007333
vn 0.70985913 0.70336872 -0.03704672
vn 0.69472247 0.69901509 -0.16952463
vn 0.33516186 0.51789844 -0.78705002
vn 0.27678078 0.70356590 -0.65451312
vn 0.39666558 0.69838639 -0.59574565
vn 0.20553480 0.85344824 -0.47893793
vn 0.11871641 0.95240136 -0.28078116
vn 0.20747425 0.92836043 -0.30838507
vn 0.09064981 0.99587081 -0.00489208
vn 0.30482058 0.95227429 -0.01606532
vn 0.36068187 0.92832924 -0.09007443
vn 0.09174372 0.99556152 -0.02098451
vn 0.33561173 0.92592069 -0.17330793
vn 0.08466621 0.99545228 -0.04366215
vn 0.27738603 0.92598652 -0.25613660
vn 0.06968780 0.99548434 -0.06445576
vn 0.05091764 0.99556684 -0.07908259
vn 0.03546382 0.99588103 -0.08344632
vn 0.39022986 0.08298444 -0.91697014
vn 0.37138870 0.30133914 -0.87821703
vn 0.51729560 0.08230883 -0.85183949
vn 0.50194526 0.36021451 -0.78631829
vn 0.64946329 0.11014788 -0.75237283
vn 0.69054329 0.36887163 -0.62216050
vn 0.75819914 0.08556394 -0.64638446
vn 0.82213165 0.36787627 -0.43447278
vn 0.86407635 0.08900826 -0.49542870
vn 0.91059708 0.35500454 -0.21162405
vn 0.97398596 0.09465195 -0.20589405
vn 0.93067229 0.13671547 -0.33934933
vn 0.95196007 0.30223832 -0.04923437
vn 0.85477553 0.51690912 -0.04651607
vn 0.52605642 0.69778879 -0.48616402
vn 0.63585658 0.69855489 -0.32818817
vn 0.12761005 0.85309983 0.50590153
vn 0.17090625 0.70357544 0.68976275
vn 0.31208365 0.69837620 0.64410750
vn 0.20718426 0.51651836 0.83083299
vn 0.22854110 0.30127597 0.92574389
vn 0.38502621 0.36792723 0.84639493
vn 0.85469019 0.51653720 0.05190376
vn 0.70999769 0.70295189 0.04197524
vn 0.69062887 0.69788143 0.18971894
vn 0.52119584 0.85279591 0.03307620
vn 0.30525569 0.95209551 0.01825107
vn 0.36021162 0.92742772 0.10062513
vn 0.02205030 0.99584145 0.08839447
vn 0.07360402 0.95205635 0.29693628
vn 0.16490131 0.92727724 0.33610190
vn 0.04031226 0.99547290 0.08607341
vn 0.25160675 0.92504277 0.28458726
vn 0.06364807 0.99536879 0.07204091
vn 0.32557877 0.92504673 0.19567068
vn 0.08213915 0.99540042 0.04930677
vn 0.09186958 0.99548307 0.02394670
vn 0.09107227 0.99582826 0.00564975
vn 0.95166474 0.30205471 0.05565227
vn 0.97667564 0.08906816 0.19537544
vn 0.90199176 0.36671122 0.22788976
vn 0.92539139 0.13215643 0.35522592
vn 0.86616732 0.09441117 0.49075523
vn 0.80376886 0.36786052 0.46758342
vn 0.76290610 0.12841031 0.63362850
vn 0.61048819 0.37389981 0.69821422
vn 0.64634892 0.08877249 0.75786049
vn 0.50883113 0.11475888 0.85318303
vn 0.37075332 0.08746224 0.92460388
vn 0.23802851 0.08945821 0.96712960
vn 0.61527713 0.69630202 0.36959106
vn 0.47487919 0.69721170 0.53701546
vn -0.11341904 -0.92396307 0.36527848
vn 0.18223956 -0.08975358 0.97914914
vn 0.19544698 -0.09297819 0.97629685
vn 0.17260371 -0.37004919 0.91283709
vn 0.22538142 -0.37210093 0.90041330
vn 0.13467897 -0.70991076 0.69129464
vn 0.23548020 -0.69571141 0.67862708
vn 0.08191024 -0.93664243 0.34057551
vn 0.20904662 -0.91188722 0.35321553
vn 0.16458633 -0.08989857 0.98225739
vn 0.09993471 -0.37152076 0.92303054
vn -0.00390410 -0.70778569 0.70641643
vn 0.14737970 -0.08706852 0.98524022
vn 0.02971964 -0.35536491 0.93425507
vn -0.14101900 -0.67674107 0.72258921
vn -0.28573645 -0.87889166 0.38197400
vn 0.13087371 -0.08861313 0.98743090
vn -0.03137760 -0.34733715 0.93721521
vn -0.24162941 -0.63865139 0.73057486
vn -0.41086759 -0.82189136 0.39456611
vn 0.00535061 0.99163203 0.12898564
vn 0.06232237 0.89692722 0.43776419
vn 0.11414065 0.70849771 0.69642150
vn 0.15739153 0.44454745 0.88181941
vn 0.18024670 0.13039432 0.97494023
vn 0.18237786 -0.95081043 0.25039539
vn -0.06877777 -0.94552250 0.31820876
vn 0.02313524 -0.72824193 0.68492952
vn 0.20870325 -0.70865413 0.67398240
vn 0.21047697 -0.38801130 0.89729966
vn 0.11311375 -0.40379020 0.90783190
vn 0.17350933 -0.10445428 0.97927719
vn 0.14638135 -0.11556284 0.98245495
vn -0.02486190 -0.37128053 0.92818783
vn -0.19181735 -0.63819545 0.74559552
vn -0.45608146 -0.87210776 0.17725058
vn -0.16580471 -0.85369948 0.49366587
vn -0.31283683 -0.76398349 0.56432468
vn -0.41602247 -0.83194194 0.36714836
vn -0.72216100 -0.65987644 0.20747669
vn -0.79418366 -0.44970176 0.40870606
vn -0.64849456 -0.65776539 0.38314422
vn -0.55496022 -0.60297161 0.57310068
vn -0.55181299 -0.35982406 0.75234903
vn -0.40063829 -0.49771543 0.76926479
vn -0.21093576 -0.20411969 0.95595045
vn -0.14440288 -0.28987225 0.94610881
vn 0.08193423 -0.05378387 0.99518545
vn 0.19237768 -0.10249005 0.97595421
vn 0.12795119 -0.09520362 0.98720047
vn 0.10146845 -0.11674861 0.98796453
vn 0.09612929 -0.07151202 0.99279665
vn 0.18176967 -0.89071952 0.41662756
vn -0.91687803 -0.38277607 0.11321287
vn -0.83301955 -0.35052278 0.42803296
vn -0.59033316 -0.26238817 0.76332117
vn -0.31817809 -0.15175832 0.93580560
vn -0.13523158 -0.07188070 0.98820321
vn 0.07388624 -0.00965742 0.99721991
vn -0.91559468 -0.38754727 -0.10720769
vn -0.84338066 -0.36409369 -0.39515168
vn -0.70529756 -0.29365152 -0.64523184
vn -0.41122306 -0.16270863 -0.89689548
vn -0.57735075 -0.22999476 -0.78343380
vn -0.90765732 -0.41367166 -0.07095027
vn -0.66303144 -0.38874216 -0.63974123
vn -0.79754517 -0.57872792 -0.17028122
vn -0.58520172 -0.73007869 -0.35287965
vn -0.63317043 -0.56922619 -0.52447760
vn -0.40268874 -0.52809015 -0.74763800
vn -0.43292441 -0.34404223 -0.83319349
vn -0.28174195 -0.82924075 -0.48268131
vn -0.22720433 -0.72765086 -0.64722671
vn -0.83053279 -0.49417665 -0.25691383
vn -0.90438404 -0.42368964 -0.05076022
vn -0.89739913 -0.43931710 -0.04093033
vn -0.23356392 -0.93818373 -0.25545876
vn -0.53015035 -0.83015122 -0.17259653
vn -0.77555922 -0.62540359 -0.08589667
vn -0.89424032 -0.44722529 -0.01799408
vn -0.26047459 -0.96395756 -0.05421078
vn -0.49628545 -0.86716918 -0.04145318
vn -0.71069714 -0.70257041 -0.03611640
vn -0.87885982 -0.47692886 -0.01201127
vn -0.87735462 -0.47973363 0.01022358
vn -0.71467366 -0.69855205 0.03558924
vn -0.49550070 -0.86723245 0.04885634
vn -0.25847079 -0.96502410 0.04383308
vn -0.22842257 -0.95271246 0.20040484
vn -0.89677007 -0.44122215 0.03356276
vn -0.79820327 -0.58731659 0.13390578
vn -0.57966493 -0.77392827 0.25499725
vn -0.33080692 -0.86791583 0.37052516
vn -0.90584441 -0.42091079 0.04774950
vn -0.82813445 -0.52027471 0.20858464
vn -0.66178327 -0.62144505 0.41934347
vn -0.43398021 -0.66876546 0.60366707
vn -0.52653382 -0.41021540 0.74463781
vn -0.72881293 -0.43808078 0.52622899
vn -0.86365211 -0.43176427 0.26016274
vn -0.91415662 -0.40058222 0.06206100
vn -0.91794007 -0.38498932 0.09575622
vn -0.86557172 -0.35284245 0.35536994
vn -0.75739851 -0.28718682 0.58640534
vn -0.52582884 -0.18055825 0.83120560
vn -0.65768014 -0.23525486 0.71562000
vn -0.20045668 -0.82662612 -0.52583874
vn -0.29762234 -0.89318464 -0.33710850
vn -0.47918276 -0.79412632 -0.37382786
vn -0.39472826 -0.90650184 -0.14981324
vn -0.41005735 -0.44758170 -0.79468459
vn -0.48535295 -0.36523254 -0.79437882
vn -0.07844601 -0.21302458 -0.97389258
vn -0.05876604 -0.67277114 -0.73751308
vn 0.00844232 -0.30334970 -0.95284190
vn 0.12661301 -0.39121527 -0.91154800
vn 0.26258945 -0.08897763 -0.96079642
vn -0.18975296 -0.61274094 -0.76716514
vn -0.33736930 -0.55800866 -0.75816113
vn -0.60760955 -0.68371460 -0.40415960
vn -0.71952875 -0.55384019 -0.41897425
vn -0.77757897 -0.43948181 -0.44969621
vn 0.16397385 -0.97675259 -0.13808313
vn -0.06668037 -0.98900827 -0.13197107
vn 0.23854171 -0.90178322 -0.36039544
vn -0.02086331 -0.94989407 -0.31187494
vn 0.05720368 -0.86452209 -0.49932884
vn 0.31471006 -0.70762915 -0.63262829
vn 0.15012906 -0.70742412 -0.69066083
vn 0.35214252 -0.39268588 -0.84958427
vn 0.25849813 -0.41677041 -0.87148215
vn 0.34915850 -0.10245034 -0.93144633
vn 0.23732030 -0.05972014 -0.96959403
vn 0.29071106 -0.10313762 -0.95123589
vn 0.28700420 -0.14247654 -0.94727452
vn 0.33010773 -0.10971523 -0.93754544
vn -0.91242643 -0.39141423 -0.11946924
vn -0.79945516 -0.38063560 -0.46474508
vn -0.51010364 -0.29676501 -0.80729475
vn -0.09314811 -0.15033857 -0.98423663
vn 0.21801811 0.00442746 -0.97593468
vn 0.02753891 0.99212465 -0.12218958
vn 0.13903157 0.89686859 -0.41987731
vn 0.22883720 0.70574811 -0.67048724
vn 0.29603437 0.44398535 -0.84571902
vn 0.33554043 0.13126794 -0.93283511
vn -0.35788321 -0.84690648 -0.39327983
vn -0.13230698 -0.67258830 -0.72809329
vn 0.11744947 -0.36780292 -0.92245685
vn 0.29048979 -0.09227546 -0.95241846
vn 0.11806702 -0.94552624 -0.30338147
vn 0.26303060 -0.91567245 -0.30390603
vn 0.30716741 -0.08964596 -0.94742376
vn 0.17981017 -0.37004762 -0.91144559
vn -0.02768195 -0.70324716 -0.71040632
vn -0.22106189 -0.90199377 -0.37086236
vn 0.32389465 -0.09363929 -0.94144779
vn 0.25046570 -0.38184356 -0.88964174
vn 0.10918360 -0.72454941 -0.68051972
vn -0.01451244 -0.92809326 -0.37206489
vn 0.34016182 -0.09301103 -0.93575578
vn 0.31898826 -0.37765023 -0.86926796
vn 0.24306523 -0.71931142 -0.65077674
vn 0.35234133 -0.09380744 -0.93115829
vn 0.36750912 -0.37195551 -0.85240023
vn 0.33795192 -0.69762307 -0.63175197
vn -0.03880467 0.99520756 -0.08975586
vn 0.06476840 0.93192891 -0.35681027
vn 0.19283577 0.71454870 -0.67248385
vn 0.29444549 0.38126610 -0.87632072
vn 0.33609708 0.09944699 -0.93656236
vn -0.09061659 0.99236831 -0.08362883
vn 0.01281574 0.93765383 -0.34733420
vn 0.15840110 0.71950232 -0.67618452
vn 0.27648930 0.37419778 -0.88517213
vn 0.32998064 0.09251719 -0.93944311
vn -0.04898745 0.99425033 0.09521827
vn -0.10284965 0.99088135 0.08704074
vn 0.00790403 0.92986329 0.36782033
vn -0.04395457 0.93197065 0.35985929
vn 0.07827300 0.71280378 0.69698215
vn 0.04454294 0.71259918 0.70015594
vn 0.14226788 0.37901075 0.91439089
vn 0.12657512 0.36818009 0.92109834
vn 0.17517891 0.09616428 0.97982896
vn 0.17133917 0.08883736 0.98119866
vn -0.03549631 0.53352242 0.84504073
vn -0.06784023 0.66964431 0.73957704
vn -0.32957648 0.55279682 0.76537247
vn -0.44600185 -0.01536778 0.89490010
vn -0.21160742 0.10731467 0.97144525
vn -0.26948660 0.33419990 0.90315414
vn -0.58902886 0.41563693 0.69303026
vn -0.50356275 0.20630270 0.83896588
vn -0.71380627 0.05070380 0.69850536
vn -0.65837863 -0.12773967 0.74176827
vn -0.89770858 -0.17233436 0.40548757
vn -0.86136541 -0.27783056 0.42527615
vn -0.54145948 0.61502144 0.57321049
vn -0.78415488 0.37934809 0.49111725
vn -0.76717127 0.23300532 0.59762594
vn -0.96189799 0.01313711 0.27309280
vn -0.93381098 -0.08452942 0.34763750
vn -0.95272898 -0.29462822 0.07417349
vn -0.93854770 -0.32954886 0.10259520
vn 0.06035579 0.07614760 0.99526817
vn 0.03854533 0.24191659 0.96953113
vn 0.00107168 0.41603681 0.90934714
vn -0.92895381 -0.35205204 0.11447352
vn -0.33302703 0.72646792 0.60111344
vn -0.11511659 0.81961080 0.56123641
vn -0.99725117 0.06747703 0.03060965
vn -0.96179331 -0.27370726 0.00616160
vn -0.96024734 -0.27705681 0.03412571
vn -0.46317512 0.77048889 0.43796766
vn -0.82007532 0.44666634 0.35772286
vn -0.83925598 0.48597920 0.24387214
vn -0.50215527 0.81297251 0.29481484
vn -0.99000073 0.04438687 0.13389683
vn -0.17203241 0.92868210 0.32856415
vn -0.21931189 0.96233295 0.16067849
vn -0.52182541 0.84004725 0.14838754
vn -0.85318669 0.50733571 0.12117323
vn -0.86559622 0.49962387 0.03345388
vn -0.56532594 0.82356120 0.04640618
vn -0.24813579 0.96758120 0.04706638
vn -0.92689532 -0.35572769 -0.11967821
vn -0.96118386 -0.27576501 -0.00890221
vn -0.95749204 -0.28280280 -0.05684698
vn -0.94367056 -0.31429211 -0.10347143
vn 0.12105642 0.48406641 -0.86661702
vn 0.16362694 0.32257253 -0.93229458
vn -0.09481702 0.20784451 -0.97355554
vn -0.03864867 0.02406196 -0.99896311
vn -0.37417684 0.08425383 -0.92352206
vn 0.20226893 0.14428144 -0.96864346
vn -0.67541242 0.08049901 -0.73303340
vn -0.43098506 0.24657171 -0.86801744
vn -0.14959038 0.38280144 -0.91163906
vn -0.32765732 -0.12758121 -0.93614300
vn -0.62541396 -0.05779064 -0.77815013
vn -0.85478369 -0.23974691 -0.46028933
vn -0.88892619 -0.16215244 -0.42838863
vn -0.56418921 -0.20879480 -0.79880865
vn -0.82929123 -0.32023815 -0.45795588
vn 0.06220377 0.64042283 -0.76549937
vn -0.13982815 0.58354645 -0.79995101
vn -0.31575998 0.50870918 -0.80094357
vn -0.49964355 0.40334699 -0.76659476
vn -0.71528393 0.21628686 -0.66452155
vn -0.90717273 -0.08474740 -0.41213532
vn -0.99471145 0.05293419 -0.08801768
vn -0.99721795 0.07006328 -0.02544604
vn -0.87039261 0.49093806 -0.03737016
vn -0.92444011 0.25739828 -0.28134784
vn -0.98311068 -0.01569906 -0.18233742
vn -0.96249124 -0.06259929 -0.26399233
vn -0.87845521 0.18141941 -0.44204463
vn -0.74803995 0.38388358 -0.54135907
vn -0.56314449 0.55575159 -0.61156230
vn -0.29428107 0.70611823 -0.64404635
vn -0.22940578 0.97133668 -0.06227396
vn -0.15686080 0.95878583 -0.23690595
vn -0.44473312 0.86626977 -0.22757229
vn -0.37624395 0.81526750 -0.44020381
vn -0.68486301 0.69907565 -0.20556237
vn -0.62630876 0.65867206 -0.41699934
vn -0.86141989 0.47967072 -0.16694841
vn -0.79934236 0.47271096 -0.37093954
vn -0.00359082 0.78024355 -0.62546552
vn -0.07870473 0.89056689 -0.44799128
vn -0.63108556 0.77436981 -0.04563343
vn -0.44376871 0.89470843 -0.05065725
vn -0.16232702 -0.98621370 -0.03213230
vn -0.03506829 -0.99935066 -0.00827531
vn -0.06995112 -0.99748579 -0.01135535
vn -0.02304210 -0.99936196 -0.02728998
vn -0.20793858 -0.97265625 -0.10344746
vn -0.07035552 -0.99741828 -0.01438288
vn -0.07656399 -0.99663590 -0.02923748
vn -0.29145456 -0.95508622 -0.05352151
vn -0.35136741 -0.93363177 -0.06980448
vn -0.23065092 -0.92972106 -0.28708693
vn -0.47864053 -0.85624772 -0.19427577
vn -0.39379260 -0.91919762 0.00176894
vn -0.56726172 -0.82334752 0.01769174
vn -0.37006429 -0.92695884 0.06164198
vn -0.54039026 -0.83790847 0.07673183
vn -0.55107550 -0.82027366 0.15318915
vn -0.50932726 -0.83769525 0.19711017
vn -0.49506486 -0.86064771 0.11914820
vn -0.30069032 -0.95147631 0.06540772
vn -0.36650124 -0.92848470 -0.05994173
vn -0.54154838 -0.83491921 -0.09815935
vn -0.56352140 -0.82476815 -0.04691610
vn -0.08448385 -0.99617613 -0.02226215
vn -0.09362370 -0.99553451 -0.01206796
vn -0.09713989 -0.99527020 0.00103310
vn -0.08970141 -0.99586381 0.01445459
vn -0.08272562 -0.99632961 0.02199503
vn -0.02330719 -0.99939207 0.02592805
vn -0.10852309 -0.99305443 0.04544937
vn -0.21797958 -0.97590380 -0.00983280
vn -0.23406654 -0.97099620 0.04877737
vn -0.22305531 -0.96916074 0.10475586
vn -0.34261605 -0.92945017 0.13688181
vn -0.04060838 -0.99899607 0.01891609
vn -0.08951815 -0.99575450 0.02143540
vn -0.08623102 -0.99598620 0.02399363
vn -0.15435701 -0.96684822 0.20341691
vn -0.04318697 -0.96062732 0.27446317
vn -0.22853222 -0.96750942 0.10815983
vn -0.26737266 -0.90394616 0.33375620
vn -0.08283071 -0.89494147 0.43842769
vn -0.00840191 -0.86919628 0.49439583
vn -0.39937511 -0.89032418 0.21868330
vn -0.39545014 -0.89505068 -0.20616369
vn -0.00494564 -0.86614592 -0.49976674
vn -0.04626669 -0.91413630 -0.40275827
vn -0.10891482 -0.88267278 -0.45719397
vn -0.20453549 -0.93683168 -0.28374573
vn -0.30846576 -0.87132165 -0.38163786
vn -0.07728142 -0.97724143 0.19755194
vn -0.05731388 -0.91063376 0.40922033
vn -0.20721201 -0.92858680 0.30787941
vn -0.38668131 -0.92221192 -0.00165736
vn -0.09988951 -0.99499702 -0.00173591
vn -0.07790555 -0.97705380 -0.19823367
vn -0.14557197 -0.96894523 -0.19988481
vn -0.04563223 -0.96383551 -0.26256202
vn -0.27328223 -0.91863216 -0.28536254
vn 0.03814307 -0.99914168 -0.01615570
vn 0.07753530 -0.99418603 -0.07471553
vn 0.05510985 -0.99379137 -0.09665204
vn 0.03789402 -0.99510046 0.09131878
vn 0.07750611 -0.99412399 0.07556651
vn 0.03797052 -0.99927293 0.00344381
vn -0.15619433 -0.43373378 0.88739976
vn -0.24317531 -0.28582372 0.92691454
vn -0.28021940 -0.15946422 0.94659825
vn -0.21807227 -0.27707534 0.93577441
vn -0.11758428 -0.46510958 0.87740926
vn -0.03621269 -0.60896299 0.79237157
vn 0.05010351 -0.70269529 0.70972458
vn 0.07176926 -0.74078895 0.66789289
vn 0.25856273 -0.89020159 0.37508191
vn 0.37645719 -0.92186959 0.09185007
vn 0.39639626 -0.91793415 0.01633697
vn 0.36629123 -0.92412652 0.10872399
vn 0.27738259 -0.90719082 0.31632849
vn 0.17353162 -0.84287797 0.50935596
vn 0.12901690 -0.76629224 0.62940515
vn 0.22185809 -0.81178076 0.54017680
vn 0.32416401 -0.88603578 0.33144878
vn 0.39853410 -0.90543562 0.14614004
vn 0.47276912 -0.88086546 0.02377798
vn -0.27530443 -0.08440551 0.95764460
vn -0.19546493 -0.25243656 0.94766515
vn -0.16894468 -0.35655367 0.91887277
vn -0.08350345 -0.45869904 0.88465946
vn 0.09798605 -0.70278255 0.70462431
vn 0.38524964 -0.04075746 -0.92191190
vn 0.38177198 -0.05989342 -0.92231390
vn 0.50146248 -0.23767429 -0.83189321
vn 0.38825791 -0.09793931 -0.91633165
vn 0.48542086 -0.35550507 -0.79873822
vn 0.39421932 -0.04115570 -0.91809441
vn 0.55129130 -0.16686147 -0.81745651
vn 0.39488549 -0.02799947 -0.91830359
vn 0.57709370 -0.08624218 -0.81211154
vn 0.40499459 -0.02217605 -0.91405011
vn 0.64358811 -0.02352977 -0.76501026
vn 0.43061183 -0.00704490 -0.90250974
vn 0.93205316 -0.06080790 -0.35718245
vn 0.81262451 -0.04052472 -0.58137695
vn 0.78852776 -0.16832363 -0.59151596
vn 0.99225813 -0.07245355 -0.10086770
vn 0.92050030 -0.23804154 -0.30986355
vn 0.95938791 -0.27078228 -0.07906826
vn 0.83396849 -0.45843384 -0.30713999
vn 0.86015626 -0.50434974 -0.07591148
vn 0.72873966 -0.33108195 -0.59943578
vn 0.62834295 -0.47697982 -0.61455300
vn 0.67031470 -0.67165239 -0.31553332
vn 0.74243904 -0.66859108 -0.04207415
vn 0.63212841 -0.77006838 -0.08607179
vn 0.49855769 -0.86408353 -0.06928120
vn 0.52846495 -0.80955158 -0.25563850
vn 0.54166260 -0.71293979 -0.44532963
vn 0.53398128 -0.58312764 -0.61223047
vn -0.28234025 -0.07992256 0.95597927
vn -0.06001732 -0.38101995 0.92261678
vn -0.15226365 -0.44815469 0.88089339
vn 0.00323784 -0.70553914 0.70866355
vn -0.21839769 -0.26003981 0.94057522
vn 0.30237097 -0.94890954 0.09023568
vn 0.37082120 -0.92567887 0.07490177
vn 0.41162896 -0.84432947 0.34302966
vn 0.29299170 -0.95129207 0.09591280
vn 0.32072986 -0.09614205 0.94227865
vn 0.17909504 -0.11087014 0.97756472
vn 0.10551069 -0.36938680 0.92326642
vn -0.16921755 -0.08121977 0.98222643
vn 0.00768606 -0.09262451 0.99567144
vn 0.27523881 -0.95622283 0.09940570
vn 0.24652740 -0.88589062 0.39296572
vn 0.18510240 -0.67703478 0.71229278
vn 0.42108303 -0.63389884 0.64873827
vn 0.38306109 -0.33994630 0.85889506
vn 0.16477301 -0.90901433 0.38280910
vn 0.25891470 -0.96116115 0.09556375
vn 0.52907454 -0.82963094 0.17830488
vn 0.32100821 -0.92940738 0.18208695
vn 0.24598801 -0.88050353 0.40522022
vn 0.60230440 -0.62308272 0.49899632
vn 0.74971938 -0.51226221 0.41893709
vn 0.77361211 -0.56943110 0.27797936
vn 0.95327416 -0.29566688 0.06204417
vn 0.99709230 -0.07394939 0.01839654
vn 0.99722140 -0.07415291 0.00712931
vn 0.95578316 -0.23291766 0.17952136
vn 0.99662063 -0.07005673 0.04288794
vn 0.94713584 -0.28845279 0.14045884
vn 0.99683883 -0.07229472 0.03295179
vn 0.92865221 -0.25739478 0.26711983
vn 0.99550864 -0.06353785 0.07018184
vn 0.99630432 -0.06726566 0.05341371
vn 0.36224236 -0.93146413 0.03398605
vn 0.51982472 -0.85293053 0.04787253
vn 0.66507256 -0.74611045 0.03158612
vn 0.34304938 -0.63069720 0.69608775
vn 0.55366256 -0.55646138 0.61952281
vn 0.84563128 -0.39995239 0.35347677
vn 0.80661468 -0.59021577 0.03190780
vn 0.79101587 -0.59892602 0.12482598
vn 0.90535851 -0.42422786 0.01888644
vn 0.96886240 -0.24723594 0.01341761
vn 0.99714531 -0.07548488 0.00180720
vn 0.48298297 -0.77524974 0.40708144
vn 0.40275887 -0.71850285 0.56704404
vn 0.16708568 -0.79046243 0.58928051
vn 0.73255340 -0.46348064 0.49854911
vn 0.10193820 -0.68185308 0.72435143
vn 0.08808091 -0.67670011 0.73097108
vn 0.30919131 -0.64015733 0.70327756
vn 0.46835937 -0.58794179 0.65951797
vn 0.60629971 -0.52191376 0.60000558
vn 0.68956734 -0.46620082 0.55421446
vn 0.76300305 -0.44464816 0.46916346
vn 0.93148153 -0.23964290 0.27370319
vn 0.99431356 -0.09063197 0.05591414
vn 0.69118570 -0.72214256 0.02779315
vn 0.84740570 -0.53037399 0.02463763
vn 0.94281781 -0.33290342 0.01642843
vn 0.99669596 -0.08101665 0.00578496
vn 0.65611049 -0.08333482 0.75004956
vn 0.70856794 -0.07805770 0.70131197
vn 0.72540604 -0.25289890 0.64017827
vn 0.68916819 -0.31924609 0.65048377
vn 0.71846280 -0.41992882 0.55450067
vn 0.65281517 -0.61528758 0.44187504
vn 0.68482267 -0.57359520 0.44945128
vn 0.59508561 -0.75470509 0.27621250
vn 0.52738163 -0.82844138 0.18855636
vn 0.46321762 -0.88271929 0.07896894
vn 0.43572369 -0.89929718 0.03754255
vn -0.07345198 0.99260497 0.09664457
vn -0.07469939 0.99495840 0.06691624
vn 0.12815748 0.95104202 0.28123787
vn 0.16708555 0.91729436 0.36146020
vn 0.40641474 0.73285309 0.54566785
vn 0.34396125 0.75318743 0.56071325
vn 0.60731418 0.38073467 0.69728803
vn 0.67989459 0.09232090 0.72747522
vn 0.62220288 0.05234398 0.78110415
vn 0.60002484 0.18922198 0.77728067
vn 0.53479320 0.40228670 0.74307580
vn 0.45611712 0.57837848 0.67633978
vn 0.62764767 0.36707856 0.68652147
vn 0.69487618 0.07152686 0.71556341
vn 0.54077358 0.60558267 0.58380952
vn 0.42879472 0.73695668 0.52252267
vn 0.25115217 0.89465769 0.36947288
vn 0.08424213 0.97276959 0.21592266
vn -0.06819559 0.99545909 0.06641205
vn -0.56862096 -0.27916299 -0.77378177
vn -0.47273833 -0.33073362 -0.81678256
vn -0.38128399 -0.50659524 -0.77329411
vn 0.34824643 -0.93102742 -0.10914374
vn 0.35051598 -0.93298597 -0.08170507
vn 0.16192017 -0.93378447 -0.31910566
vn 0.16400054 -0.90754672 -0.38660416
vn -0.11793175 -0.79250092 -0.59835976
vn -0.01322744 -0.79062343 -0.61215981
vn -0.14925607 -0.65394894 -0.74166934
vn -0.27525967 -0.48471309 -0.83023210
vn -0.39484507 -0.29119043 -0.87138138
vn 0.34210362 -0.93638360 -0.07842748
vn 0.12314620 -0.94233051 -0.31120448
vn -0.61553840 -0.28207071 -0.73589985
vn -0.51024163 -0.44582412 -0.73545519
vn -0.34847521 -0.65057317 -0.67477373
vn -0.15660203 -0.81992320 -0.55063758
vn -0.44821232 -0.53992452 -0.71245156
vn -0.54227707 -0.43347999 -0.71974348
vn -0.31673098 -0.75895475 -0.56891930
vn -0.09958020 -0.79926863 -0.59266638
vn -0.04473094 -0.79358963 -0.60680692
vn -0.23936174 -0.55905468 -0.79382858
vn -0.02385356 -0.94880814 -0.31495098
vn 0.21331046 -0.97366610 -0.08045478
vn 0.23235130 -0.96976080 -0.07467833
vn -0.39398419 -0.31397435 -0.86382670
vn -0.36552666 -0.49153223 -0.79043426
vn -0.16467257 -0.78236435 -0.60065711
vn -0.22539469 -0.79442765 -0.56398753
vn 0.04505159 -0.95330366 -0.29863438
vn 0.06876873 -0.94597853 -0.31685246
vn 0.24284751 -0.96681685 -0.07931115
vn 0.10173687 -0.94011827 -0.32531101
vn 0.25184339 -0.96411262 -0.08403431
vn 0.12961204 -0.93361384 -0.33401483
vn 0.33798080 -0.93800020 -0.07697140
vn 0.10251506 -0.94433148 -0.31261591
vn -0.20674556 -0.80289464 -0.55912116
vn -0.41872974 -0.60131938 -0.68050012
vn -0.57813731 -0.35754647 -0.73342877
vn -0.65409305 -0.20363268 -0.72848885
vn 0.72876469 -0.09604329 0.67799536
vn 0.75029116 -0.33468210 0.57013250
vn 0.71719065 -0.55505189 0.42137272
vn 0.48336349 -0.87338323 0.05967802
vn 0.57610590 -0.80199324 0.15782533
vn 0.66225822 -0.68793805 0.29690957
vn 0.48437842 -0.39087957 -0.78268174
vn 0.31987145 -0.42562629 -0.84647771
vn 0.40107025 -0.56625616 -0.72006709
vn 0.99599746 -0.03816115 -0.08082569
vn 0.95051997 -0.13124914 -0.28157673
vn 0.95544691 -0.15187468 -0.25309146
vn 0.99637809 -0.04518643 -0.07203400
vn 0.95370485 -0.18991089 -0.23319716
vn 0.99656972 -0.05339345 -0.06322926
vn 0.94833640 -0.28567065 -0.13802305
vn 0.99718331 -0.07062164 -0.02525937
vn 0.99688449 -0.06666287 -0.04215881
vn 0.97615876 -0.21366012 -0.03825471
vn 0.99732015 -0.07222801 -0.01164607
vn 0.61223004 -0.47712229 -0.63049877
vn 0.57956212 -0.36863916 -0.72678259
vn 0.49896822 -0.70701865 -0.50115401
vn 0.54453954 -0.80275040 -0.24304008
vn 0.79942178 -0.57732162 -0.16620638
vn 0.53078382 -0.84614220 -0.04808230
vn 0.95264882 -0.29357882 -0.07919405
vn 0.77439474 -0.51111304 -0.37292928
vn 0.94851072 -0.25558348 -0.18709491
vn 0.99673115 -0.06178158 -0.05205816
vn 0.71013396 -0.32161521 -0.62631735
vn 0.73895606 -0.41592918 -0.53004421
vn 0.82062976 -0.25712301 -0.51034749
vn 0.86535012 -0.31063465 -0.39328777
vn 0.88245279 -0.20628152 -0.42275880
vn 0.36056349 -0.93085538 -0.05917972
vn 0.33093018 -0.91894738 -0.21452489
vn 0.29453534 -0.87395803 -0.38658284
vn 0.23912075 -0.78103173 -0.57689748
vn 0.17016636 -0.62605381 -0.76098623
vn 0.09992928 -0.46050065 -0.88201660
vn 0.65732072 -0.75308179 -0.02823628
vn 0.80790255 -0.58794844 -0.04012596
vn 0.90632427 -0.42211287 -0.01992564
vn 0.96832013 -0.24951257 -0.00998019
vn 0.99719239 -0.07482691 -0.00287554
vn 0.96047521 -0.20870645 -0.18419823
vn -0.66850264 -0.10224594 -0.73664781
vn -0.55602530 -0.41406924 -0.72068199
vn 0.21139167 -0.97380509 -0.08376882
vn -0.02306023 -0.94560384 -0.32450208
vn -0.31884700 -0.74912712 -0.58064201
vn 0.68126857 -0.00109669 0.73203274
vn 0.76447971 -0.03632579 0.64362350
vn 0.72769009 -0.01570697 0.68572621
vn 0.73461152 -0.03684997 0.67748653
vn 0.72957711 -0.04017969 0.68271724
vn 0.70265482 -0.04016342 0.71039645
vn 0.71019390 -0.05483287 0.70186750
vn 0.77205208 -0.00237980 0.63555482
vn 0.70272161 -0.06124322 0.70882410
vn 0.77004244 -0.04433168 0.63645058
vn 0.73030815 -0.05576951 0.68083755
vn 0.67926693 -0.00849500 0.73384213
vn 0.76556119 -0.01327393 0.64322615
vn 0.68105854 -0.02262263 0.73187942
vn 0.69666226 -0.02980064 0.71678003
vn 0.44135351 -0.37312106 -0.81608073
vn 0.30411085 -0.40870420 -0.86051001
vn 0.14779208 -0.43743634 -0.88702139
vn 0.03642768 -0.44945701 -0.89255892
vn 0.99443448 -0.08523713 -0.06192488
vn 0.96067584 -0.15931715 -0.22742026
vn 0.86358383 -0.25812107 -0.43312409
vn 0.81407357 -0.30734767 -0.49276936
vn 0.74986527 -0.31264416 -0.58305720
vn 0.61215889 -0.34812368 -0.70997985
vn 0.50381755 -0.34040802 -0.79390821
vn 0.02307507 -0.93490232 -0.35415419
vn 0.00182790 -0.87577567 -0.48271487
vn 0.00660336 -0.85198542 0.52352387
vn 0.01427290 -0.86159133 0.50740188
vn 0.02759764 -0.95097116 0.30804580
vn 0.86241910 -0.26254654 0.43278472
vn 0.91965971 -0.25112442 0.30193134
vn 0.53789557 -0.57987360 0.61189456
vn 0.99885593 -0.04180548 0.02321919
vn 0.95515519 -0.28841501 0.06704731
vn 0.98538936 -0.06993014 0.15529840
vn 0.93422363 -0.14985760 0.32368026
vn 0.82155064 -0.41334813 0.39268037
vn 0.95104646 -0.15652264 0.26647945
vn 0.94965904 -0.16584340 0.26578878
vn 0.73467726 -0.59424374 0.32729758
vn 0.11881790 -0.98877752 0.09056119
vn 0.12087502 -0.93801829 0.32482443
vn 0.21930759 -0.96970922 0.10755559
vn 0.43050849 -0.72398883 0.53898295
vn 0.59661961 -0.75472232 0.27283559
vn 0.32187321 -0.82370366 0.46680822
vn 0.44984758 -0.85459798 0.25942136
vn 0.22372042 -0.88690267 0.40416931
vn 0.29007519 -0.92243691 0.25488534
vn 0.76812903 -0.63632485 0.07119321
vn 0.84056835 -0.53428385 0.08936229
vn 0.71091613 -0.35435575 0.60747861
vn 0.82024586 -0.33438323 0.46409544
vn 0.10067609 -0.56736463 0.81728924
vn 0.22174701 -0.62445168 0.74892481
vn 0.05054954 -0.64753682 0.76035571
vn 0.16519973 -0.73143132 0.66160205
vn 0.03763539 -0.78815485 0.61432524
vn 0.12663843 -0.80606596 0.57811797
vn 0.03123287 -0.82869429 0.55882939
vn 0.05755616 -0.84519951 0.53134271
vn 0.70290665 -0.70725045 0.07562443
vn 0.62257216 -0.77893299 0.07528147
vn 0.44511672 -0.89299833 0.06652135
vn 0.01676839 -0.86631768 -0.49921188
vn 0.22929951 -0.97266363 -0.03670431
vn 0.15128662 -0.96394263 -0.21892227
vn 0.99915597 -0.03434226 -0.02253801
vn 0.99546448 -0.04049161 -0.08608655
vn 0.97953788 -0.14564178 -0.13890288
vn 0.97843851 -0.14249212 -0.14951281
vn 0.90371211 -0.41336428 -0.11150960
vn 0.84293513 -0.42738672 -0.32680417
vn 0.72003461 -0.61253733 -0.32611067
vn 0.31546337 -0.92603870 -0.20720806
vn 0.31921408 -0.94718023 -0.03085425
vn 0.40395022 -0.91202649 -0.07093584
vn 0.42935716 -0.86445803 -0.26146653
vn 0.57029374 -0.81906107 -0.06248210
vn 0.60219321 -0.74897643 -0.27640124
vn 0.69539634 -0.71484365 -0.07363758
vn 0.84308189 -0.53164538 -0.08103151
vn 0.04171663 -0.84679583 -0.53027968
vn 0.10371956 -0.90703188 -0.40808752
vn 0.21559381 -0.88314158 -0.41662964
vn 0.42454974 -0.72336671 -0.54451641
vn 0.21932708 -0.63551239 -0.74028348
vn 0.31821524 -0.82287051 -0.47076872
vn 0.16646348 -0.72865073 -0.66434782
vn 0.11282551 -0.80588120 -0.58122792
vn 0.92373422 -0.24215032 -0.29677991
vn 0.86183494 -0.26421054 -0.43293571
vn 0.53827892 -0.57111288 -0.61974663
vn 0.82277485 -0.32810246 -0.46410163
vn 0.72860210 -0.37106965 -0.57571373
vn 0.06253270 -0.64508989 -0.76154363
vn 0.02922514 -0.71587799 -0.69761350
vn 0.95331047 -0.15091007 -0.26158229
vn 0.77021836 -0.63778028 0.00000000
vn 0.65601568 -0.73007933 0.19138337
vn 0.65698734 -0.73027859 -0.18724535
vn 0.77013256 -0.31874296 0.55253848
vn 0.77029927 0.00000000 0.63768255
vn 0.77039407 0.55203900 -0.31897637
vn 0.77013256 0.31874296 -0.55253848
vn 0.77039407 0.55203900 -0.31897637
vn 0.99145812 -0.13042108 0.00106331
vn 0.77021836 0.63778028 -0.00000000
vn 0.99157835 -0.12950823 0.00002770
vn 0.77029927 0.00000000 -0.63768255
vn 0.77013256 -0.31874296 -0.55253848
vn 0.99887866 -0.03758350 -0.02879075
vn 0.77021836 -0.63778028 0.00000000
vn 0.77039407 -0.55203900 0.31897637
vn 0.77013256 -0.31874296 0.55253848
vn 0.77039407 -0.55203900 -0.31897637
vn 0.99871650 -0.03174671 -0.03946511
vn 0.99874598 -0.03573117 -0.03506794
vn 0.77039407 -0.55203900 0.31897637
vn 0.77021836 -0.63778028 0.00000000
vn 0.99684640 -0.07541664 -0.02468967
vn 0.99602042 -0.08701939 0.01925978
vn 0.77013256 0.31874296 -0.55253848
vn 0.99729306 -0.06740679 0.02937474
vn 0.99685420 -0.06883547 0.03928597
vn 0.77028353 -0.55229293 -0.31880371
vn 0.67047290 -0.56373615 -0.48235634
vn 0.77028353 -0.31880371 -0.55229293
vn 0.77025881 0.00010122 -0.63773141
vn 0.99442043 -0.00715456 -0.10524650
vn 0.99755916 -0.06860320 0.01301257
vn 0.77029927 0.00000000 0.63768255
vn 0.99717198 -0.06948852 0.02862496
vn 0.99681218 -0.06709867 0.04316539
vn 0.99669612 -0.05351906 0.06109463
vn 0.77013256 0.31874296 0.55253848
vn 0.77039407 0.55203900 0.31897637
vn 0.99569605 -0.09161260 -0.01401798
vn 0.99593357 -0.08603273 -0.02673379
vn 0.99586580 -0.09004828 0.01194194
vn 0.77029927 0.00000000 -0.63768255
vn 0.77013256 0.31874296 -0.55253848
vn 0.99474230 -0.00742663 0.10214015
vn 0.99432933 -0.02468818 0.10343925
vn 0.99203271 -0.05346633 0.11407214
vn 0.99348670 -0.05750851 0.09837145
vn 0.99900534 -0.03830113 -0.02283322
vn 0.99913045 -0.03822010 -0.01666051
vn 0.99927230 -0.03676823 -0.01014779
vn 0.99760050 -0.06731324 -0.01619185
vn 0.99774656 -0.06699431 -0.00368206
vn 0.99266314 -0.06228924 0.10363368
vn 0.66515639 -0.57363899 0.47802226
vn 0.77028353 -0.55229293 0.31880371
vn 0.77028353 -0.31880371 0.55229293
vn 0.77025881 0.00010122 0.63773141
vn 0.77013256 -0.31874296 -0.55253848
vn 0.77039407 -0.55203900 -0.31897637
vn 0.99228865 -0.08073123 0.09405161
vn 0.99766492 -0.05438554 0.04131487
vn 0.77013256 0.31874296 0.55253848
vn 0.99907567 -0.02673720 0.03365912
vn 0.99903579 -0.02305185 0.03736458
vn 0.99783337 -0.05834193 0.03041013
vn 0.77013256 0.31874296 0.55253848
vn 0.77039407 0.55203900 0.31897637
vn 0.77021836 0.63778028 -0.00000000
vn 0.77039407 0.55203900 -0.31897637
vn 0.99607214 -0.07912621 -0.03974090
vn 0.99637452 -0.06870250 -0.05017759
vn 0.99655290 -0.05811840 -0.05919944
vn 0.77021836 0.63778028 -0.00000000
vn 0.77039407 0.55203900 0.31897637
vn 0.99673862 -0.04671348 -0.06580247
vn 0.99696197 -0.03297707 -0.07056449
vn 0.99677661 -0.01578925 -0.07865801
vn 0.06404853 -0.71746005 -0.69364894
vn 0.04667553 -0.59426505 -0.80291372
vn 0.20536173 -0.60780978 -0.76706834
vn 0.54155744 -0.42336637 -0.72627574
vn 0.95015953 -0.29989537 -0.08520352
vn 0.90629167 -0.32474857 -0.27050650
vn 0.78022763 -0.55114549 -0.29577610
vn 0.38427279 -0.53521751 -0.75224773
vn 0.68079938 -0.48434598 -0.54947354
vn 0.49310668 -0.67336398 -0.55084186
vn 0.26445388 -0.79424020 -0.54703442
vn 0.06678508 -0.84127434 -0.53646737
vn 0.55942745 -0.77480935 -0.29446799
vn 0.29793493 -0.91033261 -0.28727917
vn 0.07575373 -0.95440541 -0.28874157
vn 0.31406028 -0.94647263 -0.07453656
vn 0.55241365 -0.83094162 -0.06614515
vn 0.70606091 -0.70363557 -0.07984345
vn 0.82684290 -0.55699359 -0.07803178
vn -0.16212648 -0.80167427 -0.57535499
vn -0.30048795 -0.69284727 -0.65549192
vn -0.37965538 -0.63313906 -0.67453445
vn -0.48308365 -0.47808399 -0.73352974
vn -0.56470895 -0.29894701 -0.76924280
vn -0.67031844 -0.09090556 -0.73648446
vn 0.45635838 -0.88875678 -0.04299326
vn 0.29320883 -0.94068491 -0.17070582
vn 0.11936690 -0.93003080 -0.34755468
vn -0.06749915 -0.87645672 -0.47672580
vn 0.97707393 -0.20599375 0.05378767
vn 0.97470454 -0.22323433 -0.01083951
vn 0.93713628 -0.34596310 0.04566314
vn 0.92458770 -0.38029294 -0.02269046
vn 0.87919852 -0.47460479 0.04195545
vn 0.83999263 -0.54137986 -0.03633491
vn 0.75988442 -0.65005706 0.00121818
vn 0.68615627 -0.72487699 0.06117944
vn 0.61066351 -0.79045426 -0.04766698
vn 0.72913244 -0.68303622 -0.04274809
vn 0.52421147 -0.85158132 0.00340474
vn 0.07683198 -0.90051850 0.42797579
vn 0.07585865 -0.96420513 0.25407468
vn 0.30394594 -0.90952334 0.28352099
vn 0.64879961 -0.55995962 0.51527108
vn 0.50170833 -0.68384951 0.52975334
vn 0.25864587 -0.78628879 0.56111697
vn 0.06366942 -0.80788855 0.58588591
vn 0.31488388 -0.94646618 0.07106270
vn 0.55899315 -0.77460754 0.29582059
vn 0.94936527 -0.30643147 0.06932060
vn 0.88976438 -0.33680364 0.30803028
vn 0.83131703 -0.55095448 0.07321987
vn 0.77883476 -0.55610364 0.29011233
vn 0.70627808 -0.70347171 0.07936512
vn 0.55291340 -0.83055743 0.06679172
vn 0.36271514 -0.92905068 -0.07281865
vn 0.53282440 -0.84308448 -0.07284723
vn 0.67153894 -0.73905898 -0.05317215
vn 0.79485422 -0.60484372 -0.04869126
vn 0.91022343 -0.40517775 -0.08558207
vn 0.95937702 -0.27844827 -0.04541252
vn -0.28156572 -0.42851782 -0.85854134
vn -0.35901414 -0.17133852 -0.91747041
vn -0.17668755 -0.24038949 -0.95446027
vn 0.22656959 -0.96890478 -0.09944719
vn 0.21605847 -0.97230326 -0.08913535
vn 0.01889256 -0.93123703 -0.36392399
vn -0.23757747 -0.73367295 -0.63661680
vn -0.09821127 -0.74196802 -0.66320284
vn 0.10355976 -0.92617434 -0.36259683
vn -0.42001928 -0.47827294 -0.77125794
vn -0.50415000 -0.28621835 -0.81480785
vn 0.24119389 -0.96565715 -0.09660109
vn 0.38604665 -0.58014695 -0.71721510
vn 0.40750431 -0.71046954 -0.57373625
vn 0.20100343 -0.73056756 -0.65258613
vn 0.40274843 -0.81227333 -0.42190727
vn 0.26161076 -0.90567336 -0.33363988
vn 0.39551786 -0.88492039 -0.24592992
vn 0.07394790 -0.72947620 -0.67999719
vn 0.18214860 -0.91469205 -0.36077742
vn 0.26351409 -0.96015846 -0.09303789
vn -0.48088228 -0.20680028 -0.85204805
vn -0.59470931 -0.19468649 -0.78001155
vn 0.38283125 -0.53103895 -0.75593509
vn 0.11262876 -0.47538317 -0.87253974
vn 0.34075507 -0.48139139 -0.80755700
vn 0.23263038 -0.18356440 -0.95508493
vn 0.29062160 -0.08443653 -0.95310522
vn -0.04168903 -0.42795855 -0.90283637
vn 0.02783983 -0.25291263 -0.96708849
vn 0.97124939 -0.23493276 0.03848666
vn 0.90338361 -0.42508525 0.05657361
vn 0.77513845 -0.62946549 0.05416261
vn 0.68057602 -0.72951973 0.06795023
vn 0.53974775 -0.83777037 0.08254200
vn -0.09698430 0.99079083 -0.09448590
vn -0.10221396 0.99079677 -0.08873592
vn -0.00363485 0.92632568 -0.37670615
vn -0.00686355 0.93735891 -0.34829753
vn 0.11790729 0.71275808 -0.69142880
vn 0.14853278 0.71784388 -0.68017511
vn 0.22154834 0.38180386 -0.89729714
vn 0.27028599 0.36589494 -0.89054274
vn 0.27606002 0.09105456 -0.95681761
vn 0.32428246 0.09001690 -0.94166759
vn 0.03947576 -0.02535943 -0.99889868
vn 0.04002637 0.08350205 -0.99570342
vn 0.15257571 -0.02405124 -0.98799908
vn 0.15458099 0.09349955 -0.98354591
vn 0.25491689 -0.01477973 -0.96685001
vn 0.31780867 -0.00497247 -0.94814183
vn 0.05020731 -0.93472496 -0.35180743
vn -0.04384783 -0.98390941 -0.17320403
vn 0.00658780 -0.99824246 -0.05889483
vn 0.10965073 -0.77370385 -0.62398643
vn 0.10502895 -0.85520333 -0.50753934
vn 0.13793597 -0.92074776 -0.36496196
vn 0.08390934 -0.95757215 -0.27570780
vn 0.06537973 -0.76055541 -0.64597288
vn 0.10794273 -0.65310500 -0.74953468
vn 0.13765980 -0.56611305 -0.81275199
vn 0.20159404 -0.77988504 -0.59256997
vn 0.11381788 -0.31143013 -0.94342820
vn 0.03573794 -0.37857816 -0.92487911
vn -0.02857727 -0.17624550 -0.98393133
vn 0.01821106 -0.53395937 -0.84531399
vn 0.34405137 -0.03995351 -0.93810041
vn 0.42855370 -0.05887884 -0.90159581
vn 0.39939669 -0.21758576 -0.89058336
vn 0.25254007 -0.05452083 -0.96604917
vn 0.31650198 -0.01848871 -0.94841165
vn 0.24110042 -0.10306943 -0.96501154
vn 0.31557294 -0.02013565 -0.94868766
vn 0.31964003 -0.02386854 -0.94723838
vn 0.18357949 -0.20499579 -0.96139237
vn 0.13226622 -0.28519329 -0.94929997
vn 0.00369774 -0.41699481 -0.90890134
vn 0.25409079 -0.42751336 -0.86756567
vn 0.19229199 -0.63739777 -0.74615539
vn 0.20248748 -0.56545352 -0.79953808
vn 0.04904636 -0.86030560 -0.50741376
vn 0.10124283 -0.78137566 -0.61579376
vn 0.09341015 -0.67914688 -0.72803438
vn 0.14222612 -0.58364430 -0.79945673
vn 0.17341211 -0.48580137 -0.85669438
vn 0.20844386 -0.38944930 -0.89715127
vn 0.11154697 -0.86065140 -0.49682636
vn 0.15328506 -0.67979015 -0.71720920
vn 0.16181464 -0.47817569 -0.86322884
vn 0.23507135 -0.29628076 -0.92572089
vn 0.28618515 -0.28589753 -0.91452756
vn 0.26562658 -0.19924480 -0.94326244
vn 0.35394774 -0.12502377 -0.92687111
vn 0.30957620 -0.09142745 -0.94646901
vn 0.23076193 -0.16194916 -0.95943807
vn 0.16097564 -0.10660733 -0.98118384
vn 0.10790701 -0.97775715 -0.17985279
vn 0.01849355 -0.95211859 -0.30516910
vn 0.06643204 -0.91261373 -0.40338935
vn 0.07324377 -0.82573413 -0.55928391
vn 0.07512624 -0.71996173 -0.68993562
vn 0.00997497 -0.62233711 -0.78268577
vn -0.00297268 -0.07381031 -0.99726787
vn 0.23962015 -0.69784740 -0.67497496
vn 0.28738276 -0.51277175 -0.80899709
vn 0.38355007 -0.34523431 -0.85656442
vn 0.32975677 -0.02576781 -0.94371420
vn 0.91593479 -0.02568120 -0.40050459
vn 0.67946749 -0.04534599 -0.73230299
vn -0.08503408 0.99215561 -0.09163212
vn -0.16576833 0.98180344 -0.09264372
vn -0.16085795 0.98160565 0.10283518
vn -0.09046958 0.99112773 -0.09737083
vn -0.05409474 0.99569787 0.07522966
vn -0.07232089 0.99465682 0.07367162
vn 0.25398387 -0.66942854 0.69811004
vn 0.86016941 -0.16663769 0.48201709
vn 0.91597933 -0.15841186 0.36862929
vn 0.79158938 -0.14060281 0.59465713
vn 0.96416266 -0.24373234 0.10480888
vn 0.95961294 -0.23365190 0.15668376
vn 0.96132723 -0.26837378 0.06185037
vn 0.95256182 -0.21909606 0.21124131
vn 0.98015339 -0.08050642 0.18115750
vn 0.93331458 -0.19006951 0.30462678
vn 0.83086155 -0.30950474 0.46246719
vn 0.91850688 -0.14874852 0.36635909
vn 0.96070125 -0.11691087 0.25176368
vn 0.98211963 -0.07294093 0.17355300
vn 0.98265041 -0.07234186 0.17077714
vn 0.72346769 -0.17814812 0.66697657
vn 0.61545392 -0.16033173 0.77169308
vn 0.55461572 -0.12942434 0.82197977
vn 0.69269887 -0.63806181 0.33622223
vn 0.57563705 -0.58638764 0.56990485
vn 0.74354457 -0.48815657 0.45699523
vn -0.14523029 -0.06658725 0.98715465
vn -0.02459573 -0.04886036 0.99850274
vn -0.03508332 -0.19492632 0.98019023
vn 0.13696184 -0.20866742 0.96834878
vn 0.03257715 -0.38223195 0.92349200
vn 0.23630759 -0.34656007 0.90777467
vn 0.40188966 -0.62870027 0.66574821
vn 0.66029912 -0.28998062 0.69275992
vn 0.81019877 -0.22870517 0.53969611
vn 0.87778121 -0.41392969 0.24116873
vn 0.87131811 -0.40267518 0.28045937
vn 0.85191570 -0.37327258 0.36729719
vn 0.70469184 -0.40462162 0.58282995
vn 0.47354165 -0.34524344 0.81028715
vn 0.34857219 -0.11404071 0.93031830
vn 0.79661133 -0.49219433 0.35093466
vn 0.80208906 -0.53751370 0.26025402
vn 0.83544324 -0.54062695 0.09877805
vn 0.59676819 -0.77359151 0.21312884
vn 0.51215096 -0.76545032 0.38959877
vn 0.40104886 -0.74219277 0.53694479
vn 0.09958575 -0.02665794 0.99467182
vn 0.95291193 -0.07046734 -0.29494610
vn 0.81254657 -0.14003873 -0.56582437
vn 0.59356937 -0.19149259 -0.78166872
vn 0.52561510 -0.85003164 -0.03427807
vn 0.31408067 -0.94873214 -0.03550565
vn 0.41430247 -0.89882976 -0.14303334
vn 0.89404714 -0.44778515 -0.01296767
vn 0.93112133 -0.36010084 -0.05779669
vn 0.93529917 -0.33667853 -0.10891755
vn 0.93943005 -0.30553576 -0.15530320
vn 0.94324256 -0.26800642 -0.19612759
vn 0.94655894 -0.22547531 -0.23062322
vn 0.94922083 -0.17900514 -0.25872180
vn 0.95122457 -0.13007767 -0.27973490
vn 0.09822922 -0.99462693 -0.03268472
vn 0.14336935 -0.97915523 -0.14387586
vn 0.72428593 -0.68053248 -0.11083967
vn 0.70627447 -0.70737211 -0.02830315
vn 0.19332063 -0.93521992 -0.29663251
vn 0.45175129 -0.84903607 -0.27396811
vn 0.23869601 -0.87017962 -0.43105876
vn 0.48620937 -0.77859592 -0.39672262
vn 0.29085249 -0.77366374 -0.56289363
vn 0.51723639 -0.69003773 -0.50627506
vn 0.31726394 -0.65954979 -0.68142327
vn 0.54424400 -0.58581169 -0.60051906
vn 0.32657593 -0.55333398 -0.76626997
vn 0.56641745 -0.46899726 -0.67765245
vn 0.33221535 -0.40486925 -0.85188840
vn 0.58519837 -0.34070594 -0.73584124
vn 0.74365357 -0.63636696 -0.20497918
vn 0.76165095 -0.57746276 -0.29398059
vn 0.77688290 -0.50767629 -0.37244831
vn 0.78937280 -0.42890883 -0.43923547
vn 0.80060232 -0.34084834 -0.49280659
vn 0.80816980 -0.24775526 -0.53430226
vn 0.09741157 -0.99518596 0.01076570
vn 0.31657378 -0.94825798 0.02424563
vn 0.52306926 -0.85173576 0.03073676
vn 0.70451739 -0.70923272 0.02538104
vn 0.89358510 -0.44873842 0.01181073
vn 0.75020827 -0.65469262 0.09254799
vn 0.47349659 -0.87334421 0.11432792
vn 0.20864477 -0.97109449 0.11594332
vn 0.20622036 -0.97626856 0.06612759
vn 0.55026183 -0.80390781 0.22570812
vn 0.79387648 -0.58355977 0.17093309
vn 0.62989155 -0.70862801 0.31793551
vn 0.83089067 -0.50286909 0.23820868
vn 0.70783884 -0.57289577 0.41322464
vn 0.86239921 -0.41113762 0.29535311
vn 0.90378082 -0.28286087 0.32120080
vn 0.77718431 -0.39579823 0.48921192
vn 0.68474652 -0.45804576 0.56684768
vn 0.62994398 -0.57405443 0.52309855
vn 0.90491467 -0.22160845 0.36334438
vn 0.93660201 -0.34697307 0.04885048
vn 0.94878217 -0.30268835 0.09051052
vn 0.95657357 -0.26421967 0.12310553
vn 0.96483127 -0.21294625 0.15412499
vn 0.75448740 -0.15415008 0.63795494
vn 0.91542135 -0.10019928 0.38982541
vn 0.76012243 -0.25578942 0.59731539
vn 0.71893190 -0.37345455 0.58623256
vn 0.54947750 -0.68064646 0.48455637
vn 0.54949126 -0.72037224 0.42322947
vn 0.45164785 -0.80980203 0.37447949
vn 0.35370884 -0.89402331 0.27497704
vn 0.30096174 -0.93490606 0.18807626
vn 0.92066685 -0.02726289 0.38939605
vn 0.91758194 -0.03227995 0.39623401
vn 0.02029222 -0.84060814 -0.54126351
vn 0.97722278 -0.15672735 -0.14308102
vn 0.98553277 -0.15559663 -0.06719260
vn 0.20738335 -0.90298748 -0.37630541
vn 0.37951502 -0.90591992 -0.18782293
vn 0.39195951 -0.84971550 -0.35263481
vn 0.53121748 -0.82892832 -0.17517370
vn 0.56798952 -0.76047728 -0.31474150
vn 0.66848025 -0.72859882 -0.14925790
vn 0.72327384 -0.63842397 -0.26322953
vn 0.78829061 -0.60258424 -0.12445941
vn 0.84806994 -0.49017792 -0.20125354
vn 0.88396694 -0.45798847 -0.09406916
vn 0.93610300 -0.32554372 -0.13316328
vn 0.96121705 -0.26978101 -0.05727121
vn -0.13428689 -0.71228156 -0.68892816
vn 0.11748043 -0.72566142 -0.67794827
vn 0.24464870 -0.81233907 -0.52938856
vn 0.36041304 -0.69262422 -0.62479927
vn 0.45761026 -0.74600482 -0.48380746
vn 0.57822213 -0.60607134 -0.54620206
vn 0.65218540 -0.63659226 -0.41158777
vn 0.76565353 -0.47701214 -0.43154847
vn 0.80894078 -0.49271961 -0.32069019
vn 0.89334239 -0.33392793 -0.30071834
vn 0.92066177 -0.32816078 -0.21140578
vn 0.98220765 -0.15837979 -0.10091565
vn -0.28207737 -0.58587284 -0.75972717
vn 0.98219674 -0.12585070 -0.13946741
vn 0.97596688 -0.11284074 -0.18642856
vn -0.43469721 -0.22080740 -0.87308787
vn 0.08602382 -0.29124734 -0.95277221
vn 0.39701061 -0.26172874 -0.87970486
vn 0.43396123 -0.32244016 -0.84125501
vn 0.63258516 -0.15813196 -0.75817564
vn 0.44036837 -0.39087244 -0.80826631
vn 0.69703736 -0.30653270 -0.64821032
vn 0.67068143 -0.29652970 -0.67989451
vn 0.76008085 -0.35902061 -0.54164685
vn 0.56638406 -0.26067065 -0.78183113
vn 0.82568315 -0.23837831 -0.51129552
vn 0.73033858 -0.35196673 -0.58542717
vn 0.87673998 -0.25391871 -0.40847557
vn 0.88703799 -0.23196084 -0.39919641
vn 0.91789294 -0.24192449 -0.31455540
vn 0.95032038 -0.12867605 -0.28343193
vn 0.49509269 -0.47563027 -0.72708945
vn 0.17872580 -0.51136259 -0.84057444
vn -0.20400728 -0.27494583 -0.93956682
vn -0.10010956 -0.52492417 -0.84524121
vn -0.36923901 -0.42996729 -0.82388754
vn -0.02422777 -0.62078856 -0.78360358
vn 0.25474552 -0.59092729 -0.76544736
vn 0.54072568 -0.55170591 -0.63500892
vn 0.75206700 -0.41946607 -0.50837333
vn 0.90012355 -0.27008234 -0.34180860
vn 0.97667045 -0.13134468 -0.16989231
vn 0.65932071 0.15811069 0.73504912
vn 0.65661751 0.04497086 0.75288184
vn 0.61659305 0.07616194 0.78358941
vn 0.59581990 0.28120073 0.75227973
vn 0.55822062 0.44728778 0.69880139
vn 0.09915715 0.96203925 0.25426040
vn 0.22035819 0.89485441 0.38817245
vn 0.29843519 0.83896390 0.45505606
vn 0.88622857 -0.12636708 0.44567956
vn 0.86136087 -0.29798727 0.41141348
vn 0.80147459 -0.15363525 0.57795734
vn 0.77854075 -0.21023986 0.59133197
vn 0.79522640 -0.43699814 0.42029465
vn 0.74647021 -0.62721517 0.22222368
vn 0.88471241 -0.42303457 0.19576951
vn 0.95524610 -0.22262179 0.19479331
vn 0.64697026 -0.70476787 0.29108714
vn 0.67521632 -0.52105095 0.52210040
vn 0.64390777 -0.27337157 0.71459833
vn 0.63561225 -0.25701388 0.72797042
vn 0.39003696 -0.82595002 0.40703529
vn 0.50257220 -0.69705551 0.51140474
vn 0.53687284 -0.57770984 0.61483242
vn 0.64856838 -0.38022075 0.65938701
vn -0.07677298 -0.99691696 0.01620105
vn -0.01949444 -0.99831466 0.05466082
vn 0.18856114 -0.96489539 0.18281572
vn 0.28141949 -0.91414673 0.29178559
vn 0.03635756 -0.99565911 0.08568004
vn 0.12956078 -0.97119356 0.19999270
vn 0.27969801 -0.90140291 0.33051750
vn 0.39927839 -0.80475415 0.43925793
vn 0.49608356 -0.68438603 0.53433778
vn 0.66449150 -0.48560742 0.56801098
vn 0.63775974 -0.36592715 0.67776089
vn 0.75586962 -0.15517569 0.63606730
vn 0.57358186 -0.29863180 0.76277316
vn 0.60717629 -0.20955715 0.76643509
vn 0.59695040 -0.12078037 0.79313449
vn 0.66621920 -0.10150959 0.73881512
vn 0.30467566 -0.57155044 0.76190737
vn 0.02891405 -0.73957105 0.67245717
vn 0.27129820 -0.76513768 0.58391918
vn 0.08605402 -0.82259667 0.56207599
vn 0.08459148 -0.91260435 0.39999697
vn 0.13006689 -0.65879586 0.74099300
vn 0.32437902 -0.45951058 0.82681816
vn 0.14290491 -0.54066182 0.82901326
vn 0.33246489 -0.32098939 0.88681053
vn 0.14820284 -0.37131798 0.91660181
vn 0.33923648 -0.16576380 0.92598109
vn 0.15299187 -0.18905258 0.96997557
vn 0.34844451 -0.04003907 0.93647386
vn 0.14917936 -0.04697930 0.98769351
vn 0.59863639 -0.05704936 0.79898676
vn 0.59982869 -0.01392787 0.80000722
vn 0.49271914 -0.63431992 0.59570639
vn 0.42410132 -0.74601784 0.51341548
vn 0.32021082 -0.84840030 0.42152337
vn 0.22194468 -0.92174786 0.31799599
vn 0.07709729 -0.97290026 0.21799331
vn 0.48106240 -0.02625364 0.87629317
vn 0.47141162 -0.11015157 0.87500727
vn 0.47975358 -0.21706983 0.85012775
vn 0.46816262 -0.31680099 0.82490053
vn 0.67829293 -0.14757375 0.71981990
vn 0.63192893 -0.28888458 0.71917420
vn 0.60048779 -0.40714033 0.68822319
vn 0.48204450 -0.56343751 0.67094804
vn 0.47363986 -0.48319018 0.73633724
vn 0.41247982 -0.67416932 0.61266314
vn 0.43413171 -0.58280566 0.68692592
vn 0.31876275 -0.77495491 0.54574279
vn 0.31885802 -0.68945412 0.65037110
vn 0.23839412 -0.85338383 0.46357769
vn 0.48143354 -0.41639604 0.77125617
vn 0.11804361 0.03017619 0.99254980
vn 0.25043651 0.07084646 0.96553733
vn 0.39145730 0.08282107 0.91646159
vn 0.31231872 0.07316310 0.94715584
vn 0.57943961 0.10812775 0.80781070
vn 0.54832581 0.06378348 0.83382880
vn 0.50258775 0.10171315 0.85852198
vn 0.45808349 0.15288232 0.87566347
vn 0.63540273 -0.73322908 -0.24215385
vn 0.62377637 -0.46505457 -0.62819367
vn 0.65523052 -0.60780323 -0.44860696
vn 0.83517420 -0.35507782 -0.42000453
vn 0.85143199 -0.43705186 -0.28991244
vn 0.83267463 -0.52793646 -0.16714083
vn 0.96138437 -0.24471724 -0.12591092
vn 0.82313385 -0.53545837 0.18903701
vn 0.82406050 -0.18850557 0.53421900
vn 0.91814383 -0.16024732 0.36239853
vn 0.98256796 -0.15072270 0.10882497
vn 0.93227479 -0.29545479 0.20873473
vn 0.84310638 -0.39765937 0.36199261
vn -0.03625585 0.92237189 -0.38459797
vn 0.03965805 0.70235068 -0.71072552
vn 0.10974103 0.37461643 -0.92066250
vn -0.06719543 0.92837083 -0.36553026
vn -0.03253342 0.69508310 -0.71819291
vn 0.00224056 0.35277043 -0.93570722
vn -0.12824317 -0.03301660 -0.99119302
vn -0.09905648 -0.00482274 -0.99507013
vn -0.12492293 -0.99150427 -0.03624276
vn -0.12218788 -0.98391728 -0.13029547
vn -0.13139346 -0.95476611 -0.26675349
vn -0.13135121 -0.89597768 -0.42422973
vn -0.13080058 -0.81084000 -0.57046446
vn -0.13445131 -0.70322548 -0.69813807
vn -0.12951952 -0.55887962 -0.81907159
vn -0.05654937 -0.45012027 -0.89117558
vn -0.11301546 -0.26746659 -0.95691647
vn -0.06391833 -0.15438480 -0.98594106
vn -0.09910111 0.69833429 0.70887812
vn -0.05342023 0.76656316 0.63994313
vn -0.15820127 0.91031673 0.38248634
vn -0.00189837 0.84350587 0.53711660
vn -0.00188092 0.94273155 0.33354712
vn 0.03813219 0.96937849 0.24259284
vn 0.00303303 0.96817425 0.25025872
vn -0.99231486 0.12371320 -0.00250438
vn -0.99105074 0.13212512 0.01900987
vn -0.89713031 0.43803252 0.05731250
vn -0.36815097 0.92492102 0.09479433
vn -0.36856527 0.92519883 -0.09037017
vn -0.56880013 0.81804209 0.08528508
vn -0.56892888 0.81836534 -0.08122870
vn -0.73011674 0.67913092 0.07556938
vn -0.72749079 0.68289707 -0.06639841
vn -0.89944818 0.43479627 -0.04410408
vn -0.00361071 0.09902606 -0.99507829
vn -0.16062520 0.91083029 -0.38024694
vn -0.13811954 0.70754076 -0.69304334
vn -0.11339227 0.41063127 -0.90472325
vn -0.09909756 0.10776404 -0.98922525
vn -0.77013256 -0.31874296 -0.55253848
vn -0.77021836 0.63778028 -0.00000000
vn -0.77039407 -0.55203900 -0.31897637
vn -0.77039407 0.55203900 0.31897637
vn -0.77021836 -0.63778028 0.00000000
vn -0.99367980 -0.06075352 0.09439000
vn -0.99370778 -0.04173413 0.10393799
vn -0.99492276 -0.10017995 0.00962677
vn -0.77013256 0.31874296 -0.55253848
vn -0.77039407 0.55203900 -0.31897637
vn -0.99182358 -0.12760827 -0.00145371
vn -0.77039407 0.55203900 0.31897637
vn -0.77013256 0.31874296 0.55253848
vn -0.77021836 0.63778028 -0.00000000
vn -0.77039407 0.55203900 -0.31897637
vn -0.99535253 -0.09623362 0.00352619
vn -0.99324713 -0.00573882 0.11587583
vn -0.99384948 -0.02066978 0.10879323
vn -0.77021836 0.63778028 -0.00000000
vn -0.99132068 -0.13138919 -0.00449356
vn -0.99440122 -0.09611715 0.04390570
vn -0.99394139 -0.08964423 0.06359582
vn -0.99402803 -0.07526417 0.07901631
vn -0.77029927 0.00000000 -0.63768255
vn -0.77013256 0.31874296 -0.55253848
vn -0.77039407 0.55203900 -0.31897637
vn -0.77029927 0.00000000 0.63768255
vn -0.77013256 -0.31874296 0.55253848
vn -0.77013256 0.31874296 -0.55253848
vn -0.77039407 -0.55203900 0.31897637
vn -0.77025881 0.00010122 -0.63773141
vn -0.77021836 -0.63778028 0.00000000
vn -0.77029927 0.00000000 -0.63768255
vn -0.77013256 -0.31874296 -0.55253848
vn -0.99359401 0.00056030 0.11300723
vn -0.77039407 -0.55203900 -0.31897637
vn -0.77013256 -0.31874296 0.55253848
vn -0.99887323 0.00000000 -0.04745802
vn -0.77029927 0.00000000 0.63768255
vn -0.99132788 -0.00456374 -0.13133245
vn -0.99099374 -0.01783418 -0.13271532
vn -0.99313754 0.01037504 0.11649115
vn -0.99425840 -0.10403272 0.02504832
vn -0.77039407 -0.55203900 0.31897637
vn -0.77013256 0.31874296 0.55253848
vn -0.77021836 -0.63778028 0.00000000
vn -0.77039407 0.55203900 0.31897637
vn -0.77013256 0.31874296 0.55253848
vn -0.99099745 -0.13269659 -0.01776711
vn -0.99078661 -0.13024750 -0.03711441
vn -0.99073325 -0.12289682 -0.05782733
vn -0.99435651 0.09089223 -0.05471499
vn -0.99348516 0.06474682 -0.09378212
vn -0.98857427 0.14597986 -0.03756061
vn -0.99640161 0.02957790 -0.07942910
vn -0.77025881 0.00010122 0.63773141
vn -0.77028353 -0.31880371 0.55229293
vn -0.77028353 -0.55229293 0.31880371
vn -0.77028353 -0.55229293 -0.31880371
vn -0.77028353 -0.31880371 -0.55229293
vn -0.99358791 0.09862902 0.05527542
vn -0.99519409 0.07129375 0.06712620
vn -0.99443601 0.04648586 0.09453089
vn -0.99078379 -0.03704691 -0.13028816
vn -0.99073269 -0.05787385 -0.12287945
vn -0.99065787 -0.07837567 -0.11159853
vn -0.99087609 -0.09536871 -0.09523336
vn -0.99065211 -0.11156072 -0.07850230
vn 0.54862659 0.27568088 0.78930914
vn 0.50064354 0.46664092 0.72911062
vn 0.43258941 0.66193987 0.61212908
vn 0.36175083 0.76979332 0.52588456
vn -0.92456375 -0.38068227 0.01621387
vn -0.89589989 -0.44424878 0.00252926
vn -0.69156161 -0.72160264 0.03212736
vn -0.30656737 -0.95178117 0.01135977
vn -0.33861843 -0.94021271 0.03657337
vn -0.52007013 -0.85406977 0.00958563
vn -0.70696484 -0.70720731 0.00765082
vn -0.31177934 -0.94618272 0.08678651
vn -0.67211115 -0.73731747 0.06804080
vn -0.91671180 -0.39786892 0.03660332
vn -0.20237485 -0.18602982 0.96147664
vn -0.21413636 -0.04619334 0.97571092
vn -0.61264145 -0.15054263 0.77589134
vn -0.61622725 -0.03778677 0.78666139
vn -0.90042058 -0.08221772 0.42718032
vn -0.89686310 -0.02163416 0.44177884
vn -0.21228515 -0.36365161 0.90702399
vn -0.61883664 -0.29208270 0.72919744
vn -0.90094117 -0.16165155 0.40270805
vn -0.22305016 -0.52749189 0.81975663
vn -0.62462432 -0.42248887 0.65677060
vn -0.90309960 -0.23209668 0.36130629
vn -0.90526119 -0.29325239 0.30741702
vn -0.63432385 -0.53355273 0.55942357
vn -0.25055051 -0.65782174 0.71027812
vn -0.90708982 -0.34300364 0.24400115
vn -0.90916479 -0.37911904 0.17230247
vn -0.64112974 -0.62564280 0.44443645
vn -0.64924171 -0.69212820 0.31534703
vn -0.25672464 -0.78820715 0.55930488
vn -0.27371405 -0.87551038 0.39819868
vn -0.91226707 -0.39819874 0.09595084
vn -0.66249886 -0.72818665 0.17561171
vn -0.29496920 -0.92884001 0.22416378
vn -0.89642701 0.02412176 0.44253448
vn -0.61074512 0.03194669 0.79118254
vn -0.21313532 0.04153444 0.97613945
vn 0.13120094 0.15367471 0.97937245
vn 0.03610518 0.24409556 0.96907883
vn 0.18049129 0.25142445 0.95089886
vn 0.13337712 0.39429556 0.90925329
vn 0.01311551 0.42577238 0.90473524
vn -0.02336774 0.52990550 0.84773469
vn 0.26573949 0.29134581 0.91896689
vn 0.13455836 0.84420334 0.51885911
vn 0.09831787 0.78369638 0.61331360
vn 0.08142528 0.64937415 0.75609731
vn 0.16685638 0.94116596 0.29388021
vn 0.37798237 0.53360612 0.75656714
vn 0.35041847 0.32553989 0.87819740
vn 0.19526915 0.54875023 0.81286108
vn 0.25431527 0.61813673 0.74379481
vn 0.25124205 0.80454568 0.53812980
vn -0.35380601 0.01488130 -0.93520044
vn -0.49587982 -0.02906104 -0.86790475
vn -0.93190966 0.00145562 -0.36268756
vn -0.82824770 0.27035605 -0.49082925
vn -0.86442907 -0.01708932 -0.50246426
vn -0.76750020 0.15165826 -0.62285088
vn -0.54407737 0.22023686 -0.80961444
vn -0.96170250 0.21142642 -0.17443385
vn -0.86189084 -0.06773084 -0.50255021
vn -0.49452842 -0.11581241 -0.86141112
vn -0.49521178 -0.23756653 -0.83565988
vn -0.49490615 -0.37003373 -0.78622067
vn -0.49468167 -0.49992797 -0.71088823
vn -0.49210513 -0.61545269 -0.61567080
vn -0.49457018 -0.71102739 -0.49984037
vn -0.49498319 -0.78619786 -0.36997913
vn -0.49509442 -0.83574429 -0.23751418
vn -0.49428363 -0.86154131 -0.11588902
vn -0.49581111 -0.86794412 -0.02905751
vn -0.86010285 -0.13949073 -0.49067853
vn -0.86024177 -0.21714992 -0.46133503
vn -0.86015079 -0.29320575 -0.41733800
vn -0.85897394 -0.36195252 -0.36215210
vn -0.86023198 -0.41730261 -0.29301787
vn -0.86020947 -0.46142818 -0.21707996
vn -0.86010134 -0.49061106 -0.13973719
vn -0.86192409 -0.50251102 -0.06759844
vn -0.86446312 -0.50241048 -0.01694752
vn -0.41130192 0.83618013 0.36281334
vn -0.93254002 0.33672384 0.13033099
vn -0.72295563 0.63279824 0.27731127
vn -0.40708060 0.66308986 0.62816974
vn -0.71962253 0.50462634 0.47696507
vn -0.92773641 0.27225247 0.25531107
vn -0.92537403 0.15124926 -0.34757240
vn -0.93284046 0.06341434 -0.35466504
vn -0.68720304 -0.03446469 -0.72564741
vn -0.32303851 0.08555852 -0.94251040
vn -0.39103341 0.37246874 -0.84164120
vn -0.70844756 0.28574801 -0.64532947
vn -0.92919444 0.26221037 -0.26046768
vn -0.71766116 0.50014417 -0.48458050
vn -0.94031585 0.31963403 -0.11679123
vn -0.72470112 0.63527228 -0.26690339
vn -0.40690181 0.65594342 -0.63574299
vn -0.41569919 0.84091931 -0.34648073
vn -0.35861703 0.49829721 0.78936285
vn -0.69549872 0.38447113 0.60701193
vn -0.92211801 0.19714507 0.33291469
vn -0.91774283 0.11190280 0.38108510
vn -0.63397220 0.11877708 0.76418012
vn -0.67731026 0.30608972 0.66899917
vn -0.65463427 0.20995148 0.72620544
vn -0.32016448 0.39207317 0.86242294
vn -0.28161456 0.26666924 0.92172705
vn -0.23943924 0.13813435 0.96103473
vn 0.52404124 0.09606401 0.84625793
vn -0.11217554 0.98955392 0.09055209
vn -0.10817984 0.99019354 0.08839611
vn -0.01328748 0.93456957 0.35553223
vn -0.10126902 0.99145948 0.08217466
vn 0.02681261 0.93090755 0.36426943
vn -0.04972770 0.99478959 0.08899903
vn 0.11935443 0.72254996 0.68093764
vn 0.13189074 0.71770545 0.68374244
vn 0.23489991 0.38672325 0.89177753
vn 0.22692111 0.39485858 0.89027721
vn 0.34588214 0.39140014 0.85274350
vn 0.40904803 0.09737512 0.90730248
vn 0.29071380 0.09709875 0.95187043
vn 0.45755054 0.39431984 0.79696886
vn 0.28726514 0.73736548 0.61136805
vn 0.07447653 0.93797569 0.33860722
vn 0.20603175 0.72880646 0.65298703
vn 0.03940132 0.93715582 0.34667925
vn 0.26446772 0.12805935 0.95585440
vn -0.02311701 0.99891753 -0.04036543
vn 0.32357918 0.94285346 0.07952276
vn 0.13677859 0.98667789 0.08808156
vn 0.24070113 0.91113719 0.33450259
vn 0.70012477 0.71313097 0.03563046
vn 0.48795287 0.87042690 0.06526115
vn 0.52477493 0.81405673 0.24884315
vn 0.55974381 0.25022615 0.78998338
vn 0.74178718 0.19812960 0.64069996
vn 0.64531457 0.48864069 0.58719620
vn 0.80415706 0.35380698 0.47765263
vn 0.93808479 0.24680904 0.24306835
vn 0.83290815 0.46210802 0.30449990
vn 0.41643258 0.09457590 0.90423410
vn 0.39099173 0.45533087 0.79987453
vn 0.87414611 0.48565580 0.00264934
vn 0.76835995 0.62716164 0.12763725
vn 0.88084205 0.47306404 0.01810219
vn 0.79458739 0.56058446 0.23318649
vn 0.88406975 0.46421048 0.05412311
vn 0.90104606 0.42511234 0.08599705
vn 0.91826645 0.38114316 0.10731554
vn 0.31785061 0.72701127 0.60862600
vn 0.58216345 0.68217559 0.44240500
vn 0.44313040 -0.89449183 0.05932809
vn 0.52857977 -0.80161091 0.27932662
vn 0.43600627 -0.89755811 0.06548267
vn 0.43189837 -0.89899228 0.07264075
vn 0.60021255 -0.59604992 0.53335672
vn 0.60540694 -0.31250320 0.73200013
vn 0.42655737 -0.90101104 0.07891716
vn 0.42795960 -0.89614594 0.11735858
vn 0.46850354 -0.82242246 0.32268519
vn 0.44778843 -0.79268248 0.41369072
vn 0.47323763 -0.61608727 0.62966866
vn 0.41860059 -0.61629826 0.66704573
vn 0.42058277 -0.32177758 0.84827432
vn 0.35582582 -0.38160381 0.85309232
vn 0.46215498 -0.07863187 0.88330618
vn 0.35067811 -0.08073473 0.93300952
vn 0.26371457 -0.10655882 0.95869695
vn 0.50556285 -0.80836327 0.30158752
vn 0.54494074 -0.60200175 0.58363814
vn 0.51845765 -0.31918983 0.79329661
vn 0.56662322 -0.07879747 0.82020063
vn 0.30343259 0.03504428 0.95220825
vn 0.22633530 -0.11337892 0.96742832
vn 0.32412551 -0.38879339 0.86242817
vn 0.39275946 -0.62573220 0.67394304
vn 0.42156725 -0.80271178 0.42182324
vn 0.40943007 -0.90380126 0.12454033
vn -0.26200306 -0.39839098 -0.87899887
vn -0.13144275 -0.44660433 -0.88502394
vn -0.12584214 -0.52478049 -0.84188431
vn 0.37689285 -0.92102268 -0.09833110
vn 0.37308231 -0.92394975 -0.08441832
vn 0.26051954 -0.90696218 -0.33098213
vn 0.31075297 -0.89870012 -0.30946839
vn 0.38897780 -0.91802977 -0.07692602
vn 0.38466274 -0.91924313 -0.08382502
vn 0.08445344 -0.77694963 -0.62387249
vn -0.03628509 -0.47876562 -0.87719261
vn 0.02999154 -0.58352522 -0.81154102
vn 0.17860549 -0.78652802 -0.59116305
vn 0.37648128 -0.92143059 -0.09605994
vn 0.36493152 -0.92734951 -0.08275182
vn 0.39346583 -0.91761737 -0.05624064
vn 0.34378601 -0.90821025 -0.23867408
vn 0.24860055 -0.85177591 -0.46116762
vn 0.28625387 -0.91291027 -0.29095286
vn 0.15198287 -0.83417122 -0.53015053
vn 0.18783933 -0.85173315 -0.48914929
vn 0.06978709 -0.68206116 -0.72795765
vn 0.12853098 -0.73726552 -0.66326415
vn 0.05235844 -0.63365349 -0.77184315
vn 0.01894362 -0.54812748 -0.83618025
vn 0.08286328 -0.63223695 -0.77033118
vn 0.17217007 -0.93285982 -0.31643328
vn 0.02093559 -0.78279439 -0.62192817
vn -0.14161653 -0.54467062 -0.82660672
vn 0.25986830 -0.96254871 -0.07725573
vn 0.26719872 -0.96060235 -0.07647201
vn 0.21944259 -0.94135961 -0.25629482
vn 0.16373498 -0.88647874 -0.43283518
vn 0.10130849 -0.78415481 -0.61224001
vn 0.02004673 -0.61335639 -0.78955182
vn 0.02901716 -0.46476705 -0.88495739
vn 0.10325624 -0.65379992 -0.74958910
vn 0.17264385 -0.81050743 -0.55970689
vn 0.23005492 -0.91512615 -0.33108738
vn 0.25664240 -0.95127320 -0.17092097
vn 0.00958602 -0.49620816 -0.86815066
vn 0.05972189 -0.60854639 -0.79126771
vn 0.14169477 -0.78858753 -0.59837471
vn 0.21198853 -0.90978573 -0.35686243
vn 0.23834966 -0.94341950 -0.23054086
vn 0.03386396 -0.92529742 -0.37772730
vn 0.02291062 -0.84414751 -0.53562121
vn 0.01531867 -0.68070676 -0.73239582
vn 0.03695030 -0.99744919 -0.06107207
vn 0.03751304 -0.98972231 -0.13799464
vn 0.03264272 -0.96795453 -0.24899493
vn 0.23608522 -0.94663629 -0.21941628
vn 0.24510931 -0.94071789 -0.23445954
vn 0.24069025 -0.95811094 -0.15521480
vn 0.28608216 -0.95820460 -0.00096892
vn 0.17564235 -0.94561106 -0.27380555
vn 0.06818707 -0.74355022 -0.66519441
vn 0.13919909 -0.85526045 -0.49915246
vn 0.20471811 -0.92858845 -0.30953834
vn 0.08631067 -0.88659267 -0.45442701
vn 0.15034775 -0.96314207 -0.22305359
vn 0.25362412 -0.96564718 -0.05657152
vn 0.25078016 -0.96712973 -0.04206417
vn 0.14712382 -0.97883179 -0.14227759
vn 0.25484081 -0.96652117 -0.02988303
vn 0.15471475 -0.98486715 -0.07810276
vn 0.25420234 -0.96698080 -0.01814686
vn 0.15092504 -0.98786503 -0.03666495
vn 0.25330213 -0.96734583 -0.00894900
vn 0.25089813 -0.96801050 -0.00240721
vn 0.14783074 -0.98896561 -0.00964895
vn 0.14777370 -0.98894681 0.01213037
vn 0.25134817 -0.96789128 0.00325010
vn 0.01632449 -0.97028185 0.24142628
vn 0.03141182 -0.98277060 0.18214071
vn 0.03551271 -0.99410392 0.10245119
vn 0.03603057 -0.99870036 0.03604714
vn 0.01147932 -0.71006080 0.70404680
vn 0.01995295 -0.82356433 0.56687184
vn 0.02076021 -0.89479349 0.44599734
vn 0.03631400 -0.95590141 0.29143402
vn 0.08329696 -0.87130506 0.48362082
vn 0.06446951 -0.78510701 0.61599567
vn 0.14941247 -0.89257310 0.42542823
vn 0.14859785 -0.97635991 0.15697132
vn 0.25069950 -0.96771786 0.02592112
vn 0.15121439 -0.98332747 0.10100142
vn 0.25206227 -0.96760408 0.01438581
vn 0.14914551 -0.98751689 0.05065580
vn 0.17056257 -0.95772218 0.23168219
vn 0.15670720 -0.93108093 0.32944067
vn 0.22403125 -0.96074117 0.16366554
vn 0.24926548 -0.96756803 0.04097357
vn 0.16650549 -0.96756423 0.18998784
vn 0.25007035 -0.96665046 0.05524231
vn 0.26230463 -0.96276578 0.06540898
vn 0.26939943 -0.96215230 0.04107196
vn 0.07881940 -0.94305054 0.32317671
vn 0.27039431 -0.96127093 0.05333967
vn 0.22417348 -0.95005366 0.21712739
vn 0.34907472 -0.93689926 -0.01914711
vn 0.35845893 -0.92908223 0.09117785
vn 0.31371796 -0.94593198 0.08242410
vn 0.32856789 -0.94124599 0.07809687
vn 0.33741954 0.35827724 -0.87050874
vn 0.38221509 0.10182653 -0.91844596
vn 0.23352364 0.67682451 -0.69812269
vn 0.10257303 0.89349828 -0.43719514
vn 0.01712287 0.98211664 -0.18749324
vn 0.24938422 0.96741355 -0.04380096
vn 0.50105457 0.86296269 -0.06511307
vn 0.69667093 0.71488872 -0.05986426
vn 0.87024969 0.49230887 -0.01724701
vn 0.00134952 -0.76410042 0.64509590
vn -0.02856425 -0.72236560 0.69092114
vn 0.06280823 -0.80701042 0.58718763
vn 0.28037740 -0.91095113 0.30258312
vn 0.29237288 -0.92209291 0.25350103
vn 0.38330726 -0.92206583 0.05357388
vn 0.30874942 -0.92827404 0.20731886
vn 0.37152263 -0.92769542 0.03677145
vn 0.31185218 -0.93693337 0.15781025
vn 0.37906079 -0.92232126 0.07507599
vn 0.38132364 -0.92220324 0.06429201
vn 0.37784726 -0.92232910 0.08087326
vn 0.11453322 -0.80386214 0.58368468
vn -0.04364983 -0.61762640 0.78525940
vn -0.21065963 -0.37493544 0.90279895
vn -0.13499182 -0.46792559 0.87339730
vn 0.19201572 -0.89255819 0.40800717
vn 0.21723357 -0.92246747 0.31916037
vn 0.11608096 -0.87790011 0.46456066
vn 0.07432691 -0.85950669 0.50569137
vn -0.16470562 -0.47467525 0.86461290
vn -0.09003121 -0.61814675 0.78088986
vn 0.01239513 -0.71966523 0.69421057
vn 0.15491261 -0.85470358 0.49546329
vn 0.28788845 -0.95765418 0.00432558
vn 0.21685746 -0.95396382 0.20718559
vn 0.25777292 -0.95237233 0.16291122
vn 0.31985187 -0.94655097 0.04166593
vn 0.42509673 -0.89767430 -0.11607591
vn 0.38098713 -0.10921627 -0.91810708
vn 0.45465260 -0.37374470 -0.80845898
vn 0.48729585 -0.60761486 -0.62717376
vn 0.47618784 -0.78721114 -0.39184660
vn 0.32562410 -0.94255610 -0.07454498
vn 0.37451462 -0.92345486 -0.08348602
vn 0.37170401 -0.09619693 -0.92335382
vn 0.36546410 -0.08063038 -0.92732666
vn 0.42535236 -0.32310370 -0.84538711
vn 0.43073070 -0.83882910 -0.33292162
vn 0.46010303 -0.62180416 -0.63377030
vn 0.38703293 -0.86554381 -0.31786698
vn 0.43088626 -0.64298323 -0.63317423
vn 0.41135190 -0.32783598 -0.85047821
vn 0.36176939 -0.07930302 -0.92888855
vn 0.41833274 0.04766409 -0.90704237
vn 0.38097876 0.04907468 -0.92328049
vn 0.37308591 0.06672681 -0.92539421
vn 0.35813575 0.06262148 -0.93156714
vn 0.34667866 0.08081691 -0.93449587
vn 0.32933484 0.09370350 -0.93955214
vn 0.32321456 0.09730406 -0.94130987
vn 0.33026698 0.12404773 -0.93570074
vn 0.33934870 0.09357551 -0.93599470
vn 0.35457625 0.09186451 -0.93050341
vn 0.37382797 0.08842700 -0.92327315
vn 0.39310628 0.10493474 -0.91348572
vn 0.40557157 -0.04662230 -0.91287352
vn 0.85515261 0.43440465 -0.28285440
vn 0.91587419 0.39232750 -0.08516809
vn 0.92271095 0.37123191 -0.10388151
vn 0.90161391 0.42806576 -0.06206494
vn 0.81225939 0.53502724 -0.23233712
vn 0.63680868 0.63394145 -0.43885413
vn 0.50925778 0.41596260 -0.75341332
vn 0.41392345 0.67837276 -0.60702370
vn 0.70850764 0.44555240 -0.54726592
vn 0.86545581 0.33874934 -0.36910041
vn 0.51850680 0.17342246 -0.83730243
vn 0.64987087 0.23943297 -0.72134576
vn 0.75460900 0.28877984 -0.58921258
vn 0.25992736 0.95024914 -0.17165177
vn 0.88750780 0.45956689 -0.03358827
vn 0.77528059 0.62045795 -0.11820296
vn 0.56980092 0.78029716 -0.25780470
vn 0.31180019 0.86659621 -0.38960449
vn 0.38388536 -0.92156119 -0.05793966
vn 0.34374054 -0.93898500 0.01223192
vn 0.33623168 -0.46492326 0.81902053
vn 0.26909701 -0.33582555 0.90266716
vn 0.33052486 -0.65898787 0.67563918
vn 0.25066867 0.02816340 0.96766319
vn 0.20386102 -0.08028676 0.97570217
vn 0.28491413 -0.13044790 0.94963534
vn 0.31513318 -0.32654727 0.89109930
vn 0.33886908 -0.87529415 0.34500420
vn 0.35693571 -0.64688811 0.67389366
vn 0.35610780 -0.92765797 0.11241848
vn 0.36694395 -0.86854046 0.33315104
vn 0.37301575 -0.77631938 0.50812151
vn 0.40620754 -0.86820915 -0.28497070
vn 0.43547981 -0.78144292 -0.44688288
vn 0.45074103 -0.63935641 -0.62294134
vn 0.49849380 -0.42638940 -0.75478209
vn 0.43803869 -0.30112188 -0.84702286
vn 0.91771147 0.38049019 0.11416161
vn 0.84946828 0.28125777 0.44642771
vn 0.59368984 0.13487852 0.79330962
vn 0.27765807 0.05206438 0.95926811
vn 0.21578907 0.07031366 0.97390506
vn 0.22150444 0.05221039 0.97376068
vn 0.23896019 0.05311946 0.96957535
vn 0.21157071 -0.08301598 0.97383067
vn 0.20513036 -0.07414211 0.97592238
vn 0.24399343 0.10331123 0.96425826
vn 0.24356873 0.13427015 0.96054453
vn 0.21709466 0.08616692 0.97234005
vn 0.19901048 0.09444628 0.97543566
vn 0.17984790 0.09623440 0.97897583
vn 0.16630720 0.10006228 0.98098392
vn 0.17146266 0.08983314 0.98108642
vn 0.19920107 0.07485210 0.97709574
vn 0.57225575 0.37072723 -0.73149482
vn 0.49189107 0.35016918 -0.79713532
vn 0.60802357 0.52095092 -0.59909721
vn 0.55161777 0.55794449 -0.62001273
vn 0.62172482 0.64912297 -0.43828941
vn 0.57013832 0.72535345 -0.38575209
vn 0.61227953 0.74713076 -0.25866853
vn 0.51768745 0.84930451 -0.10335164
vn 0.57676478 0.81301739 -0.07965624
vn 0.46930983 0.10380155 -0.87691135
vn 0.52750855 0.24044568 -0.81481323
vn 0.25917716 0.38380404 -0.88629660
vn 0.40661815 0.91172796 -0.05842777
vn 0.45528576 0.82262971 -0.34058073
vn 0.43813982 0.32611149 -0.83766628
vn 0.37725337 0.35230074 -0.85648356
vn 0.36351396 0.66189893 -0.65555123
vn 0.19826889 0.97441021 -0.10589703
vn 0.29964450 0.88155717 -0.36478779
vn 0.47455332 0.61309493 -0.63159619
vn 0.13337257 0.91241326 -0.38692867
vn 0.24274729 0.69266261 -0.67918500
vn 0.31391265 0.36694907 -0.87567530
vn 0.03953872 0.99454520 -0.09652215
vn -0.10527871 0.98354389 -0.14682580
vn 0.00269611 0.91454357 -0.40447842
vn 0.14227859 0.70232103 -0.69749694
vn -0.10933843 0.98628198 -0.12366473
vn -0.06818824 0.97555315 -0.20891726
vn 0.05142275 0.89875385 -0.43542763
vn 0.16966316 0.69708693 -0.69662344
vn 0.27520030 0.37387230 -0.88571118
vn 0.45582316 0.27485802 -0.84656855
vn 0.53371295 0.20451315 -0.82056374
vn 0.60970332 0.17214941 -0.77370953
vn 0.75809533 0.28089023 -0.58855089
vn 0.85119987 0.37173399 -0.37050321
vn 0.75970254 0.56879312 -0.31516096
vn 0.67330857 0.41005395 -0.61523274
vn 0.52234217 0.77277972 -0.36051376
vn 0.52635516 0.55139321 -0.64723703
vn 0.17629542 0.93492402 -0.30795617
vn 0.24989783 0.87477988 -0.41510390
vn 0.36010729 0.32832073 -0.87322863
vn 0.33930865 0.64683481 -0.68298929
vn 0.28220121 0.95855418 -0.03919644
vn -0.04865436 0.99572563 0.07850615
vn -0.08993120 0.99542298 -0.03233376
vn 0.48767007 0.86401745 -0.12510700
vn 0.62671494 0.77918147 -0.01022813
vn 0.78725954 0.60908372 -0.09612193
vn 0.88986837 0.44148942 -0.11498422
vn 0.26847890 -0.94350016 -0.19423316
vn 0.29039304 -0.33286107 0.89714848
vn 0.37968187 -0.85251335 0.35925293
vn 0.36268711 -0.63804658 0.67923091
vn 0.76544154 0.31058767 -0.56359077
vn 0.77632823 0.31506200 -0.54593993
vn 0.74643220 0.47217864 -0.46892037
vn 0.68519277 0.63144475 -0.36302672
vn 0.53298312 0.84361779 0.06510005
vn 0.88539657 0.45563682 0.09202178
vn 0.70932335 0.32583114 0.62505556
vn 0.63811560 0.66269502 0.39197423
vn 0.59169344 0.77649346 0.21669514
vn 0.61907467 0.75555241 -0.21421277
vn 0.54054923 0.83859773 -0.06753066
vn 0.72174761 0.33218088 0.60723657
vn 0.69453943 0.49671601 0.52046920
vn 0.56903162 0.81722983 0.09131492
vn 0.58797221 0.75398943 0.29289693
vn 0.64387913 0.69032681 0.32995237
vn 0.83155824 0.52321513 0.18643184
vn 0.64517793 0.76075809 0.07065806
vn 0.60970458 0.78739433 0.09094231
vn 0.64765304 0.76171799 0.01820008
vn 0.86413216 0.50044213 0.05322871
vn 0.98778945 0.14231177 0.06339850
vn 0.66542503 0.53506753 0.52049234
vn 0.47450722 -0.49655310 0.72682730
vn 0.80243589 0.13897802 0.58032900
vn 0.70103136 0.28813860 0.65232751
vn 0.72490021 -0.07361940 0.68490866
vn 0.64548869 0.04790096 0.76226626
vn 0.60113836 -0.30520390 0.73856838
vn 0.55257346 -0.16325386 0.81731924
vn 0.45088226 -0.34551943 0.82299545
vn 0.39758370 -0.18284912 0.89916261
vn 0.48913563 -0.01818632 0.87201811
vn 0.41962456 0.14445107 0.89613008
vn 0.57991992 0.18710730 0.79289580
vn 0.55679164 0.46650838 0.68727942
vn 0.63759098 0.36167113 0.68019978
vn 0.80272563 0.38232952 0.45766331
vn 0.50990896 -0.83311324 0.21427828
vn 0.74074710 0.60824780 0.28518126
vn 0.91827099 0.25510222 0.30282215
vn 0.97560465 -0.07957120 0.20460693
vn 0.98714410 -0.14945318 0.05665921
vn 0.88903084 -0.40159482 0.21987672
vn 0.91209725 -0.40621816 0.05536622
vn 0.73967241 -0.63682721 0.21756802
vn 0.71400634 -0.69848270 0.04813389
vn 0.50529167 -0.86184645 0.04360070
vn 0.91728895 -0.01367822 0.39798729
vn 0.80481352 -0.15111739 0.57396753
vn 0.84994645 -0.31377532 0.42324470
vn 0.66731617 -0.44376220 0.59813397
vn 0.71046602 -0.55665427 0.43055087
vn 0.50147775 -0.64088929 0.58118929
vn 0.53148653 -0.74371250 0.40547970
vn 0.57444240 0.66477726 0.47758468
vn 0.51777848 0.55257690 0.65311884
vn 0.45280996 0.38911634 0.80221669
vn 0.36500938 0.23837250 0.89997039
vn 0.64202819 0.76664802 -0.00711442
vn 0.86173705 0.50552500 -0.04305509
vn 0.98904702 0.11878555 -0.08761273
vn 0.98892309 -0.13043832 -0.07083048
vn 0.91052103 -0.41011464 -0.05251122
vn 0.67963658 -0.73262608 -0.03678509
vn 0.51240949 -0.17729347 -0.84024017
vn 0.51316901 -0.83886323 -0.18156557
vn 0.93188682 0.25106271 -0.26182908
vn 0.82843741 0.53775958 -0.15654421
vn 0.75391556 0.60679640 -0.25181235
vn 0.61385090 0.78609241 -0.07242785
vn 0.64165668 0.76349591 -0.07314847
vn 0.65322043 0.75621586 -0.03795580
vn 0.55816684 -0.63583759 -0.53306692
vn 0.56368855 -0.46876221 -0.68008618
vn 0.74689550 -0.38556418 -0.54174475
vn 0.68162960 -0.27811115 -0.67678303
vn 0.78306713 -0.07124267 -0.61784331
vn 0.98674321 -0.02790078 -0.15987303
vn 0.93189374 -0.02040178 -0.36215718
vn 0.89579171 -0.39424247 -0.20525614
vn 0.87695402 -0.28331410 -0.38818135
vn 0.76475994 -0.61472413 -0.19301935
vn 0.75326795 -0.53576652 -0.38149918
vn 0.57881304 -0.72536778 -0.37258160
vn 0.82320593 0.38106746 -0.42085577
vn 0.83010192 0.15693566 -0.53507195
vn 0.59871324 -0.00937857 -0.80090855
vn 0.66277353 0.16878579 -0.72954959
vn 0.70138360 0.35482076 -0.61819356
vn 0.70637538 0.52307973 -0.47688722
vn 0.66943568 0.68640429 -0.28408629
vn 0.86093676 0.41929535 0.28806130
vn 0.79949273 0.36923579 0.47378930
vn 0.69396168 0.29825994 0.65533059
vn 0.50788238 0.18230894 0.84191385
vn 0.37338629 0.36285664 0.85376679
vn 0.00896600 0.99432465 0.10600994
vn -0.13210638 0.98303211 0.12726261
vn 0.06397619 0.92088297 0.38455378
vn -0.06792724 0.91330256 0.40157731
vn 0.16483885 0.37454026 0.91244054
vn 0.23645961 0.36419811 0.90080330
vn 0.25723265 0.67968679 0.68691864
vn 0.20184879 0.97314505 0.11066069
vn 0.23976237 0.89631096 0.37301564
vn 0.12360318 0.70059176 0.70277552
vn 0.02316194 0.70184773 0.71195034
vn 0.41121704 0.83927585 0.35569172
vn 0.38095738 0.63491380 0.67212792
vn 0.30326387 0.33320022 0.89275340
vn 0.38825736 0.91752111 0.08608855
vn 0.11043724 0.38600305 0.91586312
vn 0.51791569 0.84607845 0.12615307
vn 0.51376999 0.74851296 0.41924782
vn 0.46331354 0.58358409 0.66691092
vn 0.40079958 0.21569967 0.89041190
vn 0.20915620 0.35199450 0.91233412
vn 0.31911452 0.29177942 0.90168215
vn 0.05013729 0.70011336 0.71226928
vn -0.03515498 0.91800470 0.39500823
vn 0.19137730 0.90892513 0.37044546
vn -0.11452351 0.98677653 0.11470152
vn -0.05137254 0.99821412 -0.03048675
vn 0.15064263 0.98003684 0.12974817
vn 0.28706789 0.95697238 0.04237787
vn 0.49383914 0.78649376 0.37087798
vn 0.12719686 0.36981787 0.92035629
vn 0.22338460 0.66596387 0.71175238
vn 0.43417738 0.58075226 0.68863402
vn 0.60119784 0.43478575 0.67046440
vn 0.49196469 0.86348584 0.11118880
vn 0.62083827 0.78393249 -0.00311353
vn 0.73175378 0.58776158 0.34506918
vn 0.78465476 0.61214408 0.09796196
vn 0.53247066 0.55212697 -0.64158461
vn 0.60245501 0.53171576 -0.59525315
vn 0.70754609 0.40252442 -0.58082064
vn 0.87952587 0.15125197 -0.45117301
vn 0.98513729 -0.07090829 -0.15644978
vn 0.44721671 0.57657031 0.68378643
vn 0.52455657 0.54978274 0.65006103
vn 0.64743538 0.41183993 0.64126071
vn 0.83753464 0.14012397 0.52811078
vn 0.95553267 -0.03219290 0.29312272
vn 0.98960389 -0.11930320 0.08031746
vn 0.38332795 0.61398183 -0.68998985
vn 0.19168159 0.67835131 -0.70929378
vn 0.16176102 0.71483229 -0.68032946
vn 0.36096219 0.68886738 -0.62862392
vn 0.63854615 0.51066339 -0.57574449
vn 0.42593991 0.12813973 -0.89563129
vn 0.42447980 -0.07397519 -0.90241042
vn 0.33801617 0.09363674 -0.93647063
vn 0.32833815 0.10192775 -0.93904462
vn 0.33364130 0.09607683 -0.93779141
vn -0.08796153 0.99199252 -0.09062897
vn 0.01996669 0.93164517 -0.36282034
vn 0.15897244 0.71957955 -0.67596822
vn 0.27147469 0.39302493 -0.87854021
vn -0.10180604 0.99012031 0.09642255
vn 0.16968374 0.10094672 0.98031484
vn 0.12348210 0.38558368 0.91437268
vn 0.04497275 0.71146720 0.70127874
vn -0.04110193 0.92552751 0.37644318
vn 0.28187595 -0.07749131 0.95631640
vn 0.28233532 0.13384757 0.94993242
vn 0.17926681 0.13152422 0.97496912
vn 0.57345734 0.52813395 0.62627567
vn 0.28113016 0.69938932 0.65713044
vn 0.04387490 0.71477623 0.69797560
vn 0.05450784 0.68337774 0.72802730
vn 0.26553544 0.64020131 0.72085589
vn 0.17475079 0.09598459 0.97992302
vn 0.31930958 -0.93850737 0.13132137
vn 0.36997055 -0.83045936 0.41648416
vn 0.37984470 -0.64537697 0.66272662
vn 0.36293847 -0.46672099 0.80650306
vn 0.33183768 -0.26818154 0.90441274
vn 0.33350685 -0.93996412 -0.07239224
vn 0.36909725 -0.92835304 -0.04390724
vn 0.39175479 -0.91995554 -0.01449063
vn 0.20156731 -0.97910894 0.02676401
vn 0.38880394 -0.92128167 0.00846079
vn 0.19246310 -0.98123035 0.01203958
vn 0.20236289 -0.97928912 -0.00648681
vn 0.23114741 -0.97188015 0.04494277
vn 0.27121108 -0.96009477 -0.06828306
vn 0.24420133 -0.96817414 -0.05481375
vn 0.19857169 -0.97990752 -0.01872242
vn 0.21870515 -0.97571259 0.01236901
vn 0.32565702 -0.93827757 -0.11654487
vn 0.23008804 -0.97222265 0.04292562
vn 0.23973486 -0.96818495 0.07172933
vn 0.32357236 -0.94457626 0.05546718
vn 0.35125178 -0.93517017 0.04559537
vn 0.36799413 -0.92852471 0.04921558
vn 0.33974461 -0.93659468 0.08581375
vn 0.22121138 -0.97482064 -0.02811122
vn 0.24056285 -0.96923676 -0.05205410
vn 0.19703191 -0.97975918 -0.03536055
vn 0.21506742 -0.97552090 -0.04588010
vn 0.37231605 -0.92799134 -0.01458911
vn 0.36476825 -0.93071378 -0.02675793
vn 0.33376889 -0.94159315 -0.04472877
vn 0.31042344 -0.94850233 -0.06309211
vn 0.24958876 -0.96419392 0.08964114
vn 0.26534588 -0.96013476 0.08793643
vn 0.29672162 -0.95263931 0.06659295
vn 0.36860433 -0.92894800 0.03444496
vn 0.36697753 -0.93006906 0.01729259
vn 0.34863957 -0.93715811 -0.01360594
vn 0.32481482 -0.94432271 0.05243998
vn 0.34302180 -0.93891591 0.02780220
vn 0.36240134 -0.93201486 0.00368305
vn 0.28639665 -0.95429176 -0.08546456
vn 0.26917745 -0.95841967 -0.09473770
vn 0.25716635 -0.96266860 -0.08446678
vn 0.25591788 -0.96455937 0.06427489
vn 0.27800398 -0.95681658 0.08494596
vn 0.30058460 -0.94964096 -0.08849265
vn 0.29426155 -0.95095014 0.09541476
vn 0.31506477 -0.94489251 -0.08895137
vn 0.30822054 -0.94747428 0.08539658
vn 0.32665432 -0.94254656 -0.07002093
vn 0.33813156 -0.94018540 -0.04145430
vn 0.45924545 -0.26250359 -0.84863742
vn 0.47564318 -0.45505186 -0.75278906
vn 0.46822924 -0.62931355 -0.62026271
vn 0.41688184 -0.81927450 -0.39369891
vn 0.67465664 0.13255828 -0.72613134
vn 0.60633608 -0.07643384 -0.79152664
vn 0.91180216 0.13105473 -0.38915482
vn 0.98728811 0.12714644 -0.09537283
vn 0.99210450 -0.09999834 -0.07569008
vn 0.96794812 -0.06996570 -0.24120785
vn 0.89368079 -0.14566512 -0.42440112
vn 0.82322681 -0.06293357 -0.56421361
vn 0.01568429 0.99541292 -0.09437754
vn 0.05973379 0.99057299 -0.12327618
vn 0.19491210 0.89228582 -0.40722879
vn 0.11551143 0.92538778 -0.36099108
vn 0.30860430 0.69874271 -0.64538516
vn 0.22905552 0.71017212 -0.66572452
vn 0.38708353 0.43179943 -0.81468742
vn 0.30948004 0.37936872 -0.87195268
vn 0.29158396 0.38380367 -0.87616981
vn 0.19396274 0.71652859 -0.67004869
vn 0.06591106 0.93156426 -0.35755247
vn -0.03917581 0.99516941 -0.09001721
vn -0.05186001 0.99452854 0.09068362
vn 0.00565581 0.99178005 0.12782933
vn 0.14293166 0.37708213 0.91508448
vn 0.15675434 0.44400139 0.88220794
vn 0.08088518 0.70904383 0.70051012
vn 0.11618320 0.70665063 0.69795871
vn 0.00609986 0.92965642 0.36837716
vn 0.06464157 0.89709296 0.43708774
vn 0.04107901 0.99038854 0.13207214
vn 0.15057381 0.85705575 0.49273012
vn 0.25098023 0.48988115 0.83488046
vn 0.99073073 -0.10619661 0.08470476
vn 0.98585748 0.13147466 0.10392033
vn 0.95994424 -0.07121623 0.27098949
vn 0.88996636 0.14394210 0.43271301
vn 0.88244573 -0.14290450 0.44818282
vn 0.76601380 -0.07849909 0.63801312
vn 0.58711877 0.14449559 0.79650020
vn 0.64193842 -0.14872362 0.75219436
vn 0.45659642 -0.08602596 0.88550508
vn 0.53090868 -0.34284370 0.77498011
vn 0.50729869 -0.83411008 0.21658350
vn 0.40813338 -0.86472894 0.29269609
vn 0.52290474 -0.62843921 0.57587740
vn 0.68032404 -0.60354776 0.41579960
vn 0.75906418 -0.32395969 0.56468724
vn 0.91017249 -0.31654594 0.26717916
vn 0.55660936 -0.82347268 0.10990341
vn 0.77536866 -0.59338087 0.21610781
vn 0.92966712 -0.36068987 0.07497905
vn 0.80562855 -0.58949266 0.05883069
vn 0.62351901 -0.78107389 0.03387644
vn 0.58582937 -0.79536466 0.15556031
vn 0.61841611 -0.77946558 0.09997462
vn 0.75600348 -0.59392765 0.27515209
vn 0.79965988 -0.58098853 0.15164567
vn 0.28263339 -0.90608244 0.31485390
vn 0.16668919 -0.91284665 0.37272738
vn 0.07849394 -0.79550792 0.60083762
vn 0.39354262 -0.88548316 0.24707038
vn 0.48880280 -0.85064962 0.19356407
vn 0.62789075 -0.68551666 0.36853781
vn 0.27158053 -0.79524473 0.54206073
vn 0.36800499 -0.78201371 0.50301777
vn 0.46473060 -0.75731984 0.45879422
vn 0.51999180 -0.72052511 0.45875059
vn 0.11489221 -0.93488774 0.33583434
vn -0.03995762 -0.82923972 0.55746289
vn -0.03278201 -0.99940966 0.01027960
vn -0.09636299 -0.99030529 -0.10004800
vn -0.35288694 -0.92397889 -0.14742394
vn 0.03625299 -0.99152307 0.12477067
vn 0.08729973 -0.96971443 0.22810675
vn -0.11767258 -0.90658935 0.40527636
vn -0.28275249 -0.95860404 0.03360534
vn -0.24214653 -0.96244242 0.12275847
vn -0.19485013 -0.95391876 0.22819384
vn -0.19673319 -0.93409902 0.29791791
vn -0.05674925 -0.98603102 -0.15659615
vn -0.30848506 -0.91007001 -0.27678429
vn 0.25685240 -0.91319724 -0.31638211
vn 0.35807965 -0.85625085 -0.37230828
vn 0.37108925 -0.70749109 -0.60145584
vn 0.15216125 -0.95685904 -0.24752319
vn 0.05394363 -0.97985093 -0.19230765
vn -0.16100328 -0.91877512 -0.36045836
vn 0.20872413 -0.81366732 -0.54256773
vn 0.11865026 -0.85573768 -0.50362202
vn 0.02629048 -0.88579275 -0.46333575
vn -0.04582420 -0.88675630 -0.45996022
vn 0.48825085 -0.67345456 -0.55504060
vn 0.41309129 -0.84666500 -0.33543100
vn 0.57168814 -0.82037680 -0.01243336
vn 0.51034577 -0.85085761 -0.12485399
vn 0.45593220 -0.86066506 -0.22667483
vn 0.58863408 -0.69671435 -0.40999882
vn 0.75895103 -0.65028976 -0.03341488
vn 0.72698041 -0.67509269 -0.12549641
vn 0.68729794 -0.69096009 -0.22404398
vn 0.67946892 -0.67218298 -0.29409526
vn 0.61626104 -0.78716472 -0.02437281
vn 0.62116121 -0.77795059 -0.09461303
vn 0.81984258 -0.56949095 -0.05948275
vn 0.79707602 -0.58193286 -0.16131946
vn 0.80219729 -0.59301738 0.06935347
vn 0.35359196 -0.85775262 0.37313961
vn 0.42661574 -0.86328120 0.26971204
vn 0.49549382 -0.85373269 0.16008238
vn 0.54729853 -0.83549689 0.04908428
vn 0.72962755 -0.66581530 0.15599237
vn 0.61232354 -0.71720428 0.33268288
vn 0.65566182 -0.70633986 0.26681753
vn 0.55402219 -0.72154107 0.41525643
vn 0.44435268 -0.70717155 0.54996281
vn 0.35716200 -0.69495531 0.62407726
vn 0.25170841 -0.74403818 0.61891038
vn 0.29048775 -0.88299555 0.36869462
vn 0.01138574 -0.98643446 0.16376028
vn -0.09594312 -0.99086744 0.09474513
vn -0.35089766 -0.92225239 0.16223859
vn 0.12367540 -0.96556190 0.22889868
vn 0.21698130 -0.93130679 0.29255217
vn 0.12338702 -0.83520783 0.53591373
vn -0.20109707 -0.93455142 0.29355342
vn -0.12019892 -0.92672997 0.35598283
vn -0.03576225 -0.90559817 0.42262633
vn -0.00435959 -0.87683659 0.48076874
vn -0.08996610 -0.99555845 0.02773943
vn -0.37094788 -0.92822254 0.02829480
vn 0.11231688 -0.95633219 -0.26984007
vn 0.17086406 -0.91159961 -0.37388718
vn 0.06794777 -0.79753018 -0.59944033
vn 0.05171419 -0.98645265 -0.15568176
vn -0.00894044 -0.99841024 -0.05565118
vn -0.27788011 -0.95381366 -0.11411463
vn -0.04491123 -0.88797559 -0.45769240
vn -0.10086260 -0.92043699 -0.37765393
vn -0.16178565 -0.94289461 -0.29116174
vn -0.22400452 -0.94164124 -0.25126431
vn 0.23727303 -0.89889815 -0.36835259
vn 0.19287330 -0.76058505 -0.61992764
vn 0.52776412 -0.83329647 -0.16456619
vn 0.42028188 -0.87768942 -0.23027032
vn 0.32501448 -0.89943788 -0.29219358
vn 0.34749510 -0.76785749 -0.53818402
vn 0.67561540 -0.67500231 -0.29650582
vn 0.60444810 -0.71146166 -0.35841987
vn 0.52649887 -0.73841139 -0.42136393
vn 0.48534273 -0.72895300 -0.48277319
vn 0.62154320 -0.78247876 -0.03756389
vn 0.93017983 -0.36210004 -0.06040725
vn 0.80327126 -0.59339132 -0.05140055
vn 0.77858197 -0.59708210 -0.19314006
vn 0.91528955 -0.31860284 -0.24644933
vn 0.63567238 -0.32585127 -0.69981539
vn 0.80787933 -0.31477707 -0.49824330
vn 0.70580045 -0.60386787 -0.37039077
vn 0.54200820 -0.83637589 -0.08186866
vn 0.51781369 -0.83333963 -0.19342712
vn 0.46569895 -0.84006039 -0.27824995
vn 0.58966099 -0.61707576 -0.52107334
vn 0.09981535 0.98930693 -0.10634235
vn 0.35951215 0.85322754 -0.37782771
vn 0.60013517 0.48247735 -0.63800736
vn 0.13454229 0.98923308 -0.05758720
vn 0.48283476 0.85104389 -0.20638531
vn 0.80463363 0.48514636 -0.34234154
vn 0.13648292 0.99054097 -0.01417755
vn 0.50944281 0.85899782 -0.05089957
vn 0.86752746 0.49023777 -0.08404190
vn 0.13749844 0.99036698 0.01635332
vn 0.08872653 0.98896630 0.11863080
vn 0.13216843 0.98907858 0.06523089
vn 0.51063620 0.85784789 0.05785899
vn 0.47288250 0.84962985 0.23347647
vn 0.86719127 0.48879493 0.09517782
vn 0.78625037 0.48190294 0.38675564
vn 0.31588254 0.84959090 0.42239024
vn 0.52211067 0.48363537 0.70249361
vn 0.60616685 -0.78039809 0.15342937
vn 0.62201842 -0.77589670 0.10524918
vn 0.52942199 -0.81523289 0.23475028
vn 0.27870329 -0.89180618 0.35637931
vn 0.40720630 -0.86280065 0.29959650
vn 0.16267740 -0.91262455 0.37503667
vn 0.11697518 -0.92563248 0.35989070
vn 0.04327825 -0.96063339 0.27442756
vn -0.09982637 -0.99491049 0.01370454
vn -0.01832969 -0.98971138 0.14189932
vn -0.09758989 -0.98983693 -0.10343626
vn -0.08195914 -0.98497884 -0.15198479
vn 0.00373635 -0.97273968 -0.23186969
vn 0.25453344 -0.89821279 -0.35836644
vn 0.13127004 -0.94508616 -0.29929973
vn 0.36160313 -0.85347405 -0.37526688
vn 0.40616401 -0.84024276 -0.35919759
vn 0.48720914 -0.82912378 -0.27419155
vn 0.61058974 -0.79179915 -0.01530636
vn 0.55555989 -0.81866885 -0.14537717
vn 0.63316519 -0.77281309 -0.04314812
vn 0.62556388 -0.77484250 -0.09104353
vn 0.60216767 -0.79571846 0.06500946
vn 0.44394970 -0.83949109 0.31331034
vn 0.52457893 -0.83004315 0.18932862
vn 0.35085193 -0.85683022 0.37781596
vn 0.30414476 -0.87046567 0.38702129
vn 0.19942590 -0.91499808 0.35072472
vn -0.02011918 -0.98250989 0.18512032
vn 0.07817464 -0.95764720 0.27712915
vn -0.09939285 -0.99063578 0.09360452
vn -0.10910024 -0.99314632 0.04192291
vn -0.07664383 -0.99425618 -0.07470195
vn 0.08614681 -0.95019167 -0.29952383
vn 0.00335303 -0.98163870 -0.19072025
vn 0.17253850 -0.91006944 -0.37683430
vn 0.22196017 -0.89511512 -0.38665567
vn 0.33369521 -0.86829287 -0.36703542
vn 0.55970929 -0.80751636 -0.18612586
vn 0.44844660 -0.85079662 -0.27393569
f 1//1 2//2 3//3
f 3//3 2//2 4//4
f 4//4 2//2 5//5
f 5//5 2//2 6//6
f 5//5 6//6 7//7
f 7//7 6//6 8//8
f 8//8 6//6 9//9
f 8//8 9//9 10//10
f 11//11 10//10 12//12
f 12//12 10//10 9//9
f 12//12 9//9 13//13
f 13//13 9//9 14//14
f 15//15 16//16 17//17
f 17//17 16//16 18//18
f 17//17 18//18 19//19
f 19//19 18//18 20//20
f 19//19 20//20 21//21
f 21//21 20//20 22//22
f 22//22 20//20 23//23
f 22//22 23//23 24//24
f 24//24 23//23 25//25
f 24//24 25//25 26//26
f 27//27 25//25 28//28
f 28//28 25//25 23//23
f 28//28 23//23 29//29
f 29//29 23//23 20//20
f 29//29 20//20 30//30
f 30//30 20//20 18//18
f 30//30 18//18 31//31
f 31//31 18//18 16//16
f 1//1 27//27 2//2
f 2//2 27//27 28//28
f 2//2 28//28 6//6
f 6//6 28//28 29//29
f 6//6 29//29 9//9
f 9//9 29//29 30//30
f 9//9 30//30 14//14
f 14//14 30//30 31//31
f 32//32 33//33 34//34
f 35//35 36//36 37//37
f 38//38 39//39 40//40
f 41//41 42//42 43//43
f 43//43 42//42 44//44
f 43//43 44//44 45//45
f 45//45 44//44 46//46
f 45//45 46//46 47//47
f 38//38 42//42 48//48
f 48//48 42//42 41//41
f 48//48 41//41 49//49
f 38//38 40//40 42//42
f 42//42 40//40 50//50
f 42//42 50//50 44//44
f 44//44 50//50 51//51
f 44//44 51//51 46//46
f 46//46 51//51 52//52
f 46//46 52//52 47//47
f 35//35 37//37 39//39
f 39//39 37//37 40//40
f 40//40 37//37 53//53
f 40//40 53//53 50//50
f 50//50 53//53 32//32
f 50//50 32//32 51//51
f 51//51 32//32 34//34
f 51//51 34//34 52//52
f 54//54 33//33 55//55
f 55//55 33//33 32//32
f 55//55 32//32 56//56
f 56//56 32//32 53//53
f 56//56 53//53 57//57
f 57//57 53//53 37//37
f 57//57 37//37 58//58
f 58//58 37//37 36//36
f 49//49 11//11 48//48
f 48//48 11//11 12//12
f 48//48 12//12 38//38
f 38//38 12//12 13//13
f 38//38 13//13 39//39
f 39//39 13//13 14//14
f 39//39 14//14 35//35
f 35//35 14//14 31//31
f 35//35 31//31 36//36
f 36//36 31//31 16//16
f 36//36 16//16 58//58
f 58//58 16//16 15//15
f 59//59 60//60 61//61
f 61//61 60//60 62//62
f 62//62 60//60 63//63
f 63//63 60//60 64//64
f 63//63 64//64 65//65
f 65//65 64//64 66//66
f 66//66 64//64 67//67
f 66//66 67//67 68//68
f 68//68 67//67 69//69
f 68//68 69//69 70//70
f 71//71 72//72 73//73
f 73//73 72//72 74//74
f 73//73 74//74 75//75
f 75//75 74//74 76//76
f 75//75 76//76 77//77
f 77//77 76//76 78//78
f 78//78 76//76 79//79
f 78//78 79//79 80//80
f 80//80 79//79 81//81
f 80//80 81//81 82//82
f 59//59 81//81 60//60
f 60//60 81//81 79//79
f 60//60 79//79 64//64
f 64//64 79//79 76//76
f 64//64 76//76 67//67
f 67//67 76//76 74//74
f 67//67 74//74 69//69
f 69//69 74//74 72//72
f 83//83 84//84 85//85
f 86//86 87//87 88//88
f 89//89 90//90 91//91
f 91//91 90//90 92//92
f 91//91 92//92 93//93
f 93//93 92//92 94//94
f 93//93 94//94 95//95
f 96//96 90//90 97//97
f 97//97 90//90 89//89
f 97//97 89//89 98//98
f 96//96 99//99 90//90
f 90//90 99//99 100//100
f 90//90 100//100 92//92
f 92//92 100//100 101//101
f 92//92 101//101 94//94
f 94//94 101//101 102//102
f 94//94 102//102 95//95
f 86//86 88//88 96//96
f 96//96 88//88 99//99
f 99//99 88//88 103//103
f 99//99 103//103 100//100
f 100//100 103//103 83//83
f 100//100 83//83 101//101
f 101//101 83//83 85//85
f 101//101 85//85 102//102
f 104//104 84//84 105//105
f 105//105 84//84 83//83
f 105//105 83//83 106//106
f 106//106 83//83 103//103
f 106//106 103//103 107//107
f 107//107 103//103 88//88
f 107//107 88//88 108//108
f 108//108 88//88 87//87
f 71//71 108//108 87//87
f 71//71 87//87 72//72
f 98//98 70//70 97//97
f 97//97 70//70 69//69
f 97//97 69//69 96//96
f 96//96 69//69 72//72
f 96//96 72//72 86//86
f 86//86 72//72 87//87
f 70//70 98//98 15//15
f 15//15 98//98 58//58
f 26//26 61//61 24//24
f 24//24 61//61 62//62
f 24//24 62//62 22//22
f 22//22 62//62 63//63
f 22//22 63//63 21//21
f 21//21 63//63 65//65
f 21//21 65//65 19//19
f 19//19 65//65 66//66
f 19//19 66//66 17//17
f 17//17 66//66 68//68
f 17//17 68//68 15//15
f 15//15 68//68 70//70
f 95//95 54//54 93//93
f 93//93 54//54 55//55
f 93//93 55//55 91//91
f 91//91 55//55 56//56
f 91//91 56//56 89//89
f 89//89 56//56 57//57
f 89//89 57//57 98//98
f 98//98 57//57 58//58
f 109//109 110//110 3//3
f 3//3 110//110 82//82
f 26//26 25//25 27//27
f 81//81 59//59 82//82
f 82//82 59//59 61//61
f 82//82 61//61 3//3
f 3//3 61//61 26//26
f 3//3 26//26 1//1
f 1//1 26//26 27//27
f 54//54 95//95 104//104
f 102//102 85//85 95//95
f 95//95 85//85 84//84
f 95//95 84//84 104//104
f 34//34 33//33 52//52
f 52//52 33//33 54//54
f 52//52 54//54 47//47
f 47//47 54//54 104//104
f 47//47 104//104 111//111
f 111//111 104//104 112//112
f 113//113 114//114 115//115
f 113//113 115//115 116//116
f 116//116 115//115 117//117
f 116//116 117//117 118//118
f 118//118 117//117 119//119
f 118//118 119//119 120//120
f 120//120 119//119 121//121
f 120//120 121//121 122//122
f 122//122 123//123 120//120
f 120//120 123//123 124//124
f 120//120 124//124 118//118
f 118//118 124//124 125//125
f 118//118 125//125 116//116
f 116//116 125//125 126//126
f 116//116 126//126 113//113
f 127//127 128//128 126//126
f 126//126 128//128 129//129
f 126//126 129//129 113//113
f 130//130 131//131 132//132
f 132//132 131//131 133//133
f 132//132 133//133 134//134
f 134//134 133//133 135//135
f 134//134 135//135 136//136
f 136//136 135//135 137//137
f 138//138 137//137 139//139
f 139//139 137//137 135//135
f 139//139 135//135 140//140
f 140//140 135//135 133//133
f 140//140 133//133 141//141
f 141//141 133//133 131//131
f 123//123 130//130 124//124
f 124//124 130//130 132//132
f 124//124 132//132 125//125
f 125//125 132//132 134//134
f 125//125 134//134 126//126
f 126//126 134//134 136//136
f 126//126 136//136 127//127
f 127//127 136//136 137//137
f 127//127 137//137 142//142
f 142//142 137//137 138//138
f 142//142 138//138 143//143
f 41//41 43//43 144//144
f 145//145 49//49 146//146
f 146//146 49//49 41//41
f 146//146 41//41 147//147
f 147//147 41//41 144//144
f 47//47 111//111 45//45
f 45//45 111//111 148//148
f 45//45 148//148 43//43
f 43//43 148//148 149//149
f 43//43 149//149 144//144
f 11//11 150//150 10//10
f 10//10 150//150 151//151
f 10//10 151//151 8//8
f 8//8 151//151 7//7
f 7//7 151//151 152//152
f 7//7 152//152 5//5
f 5//5 152//152 153//153
f 5//5 153//153 4//4
f 4//4 153//153 109//109
f 4//4 109//109 3//3
f 154//154 109//109 155//155
f 155//155 109//109 153//153
f 155//155 153//153 156//156
f 156//156 153//153 152//152
f 156//156 152//152 157//157
f 157//157 152//152 151//151
f 157//157 151//151 158//158
f 158//158 151//151 150//150
f 159//159 154//154 160//160
f 160//160 154//154 155//155
f 160//160 155//155 161//161
f 161//161 155//155 156//156
f 161//161 156//156 162//162
f 162//162 156//156 157//157
f 162//162 157//157 163//163
f 163//163 157//157 158//158
f 164//164 165//165 166//166
f 164//164 166//166 114//114
f 167//167 121//121 168//168
f 168//168 121//121 119//119
f 168//168 119//119 169//169
f 169//169 119//119 117//117
f 169//169 117//117 166//166
f 166//166 117//117 115//115
f 166//166 115//115 114//114
f 170//170 167//167 171//171
f 171//171 167//167 168//168
f 171//171 168//168 172//172
f 172//172 168//168 169//169
f 172//172 169//169 173//173
f 173//173 169//169 166//166
f 173//173 166//166 174//174
f 174//174 166//166 165//165
f 175//175 170//170 176//176
f 176//176 170//170 171//171
f 176//176 171//171 177//177
f 177//177 171//171 172//172
f 177//177 172//172 178//178
f 178//178 172//172 173//173
f 178//178 173//173 179//179
f 179//179 173//173 174//174
f 179//179 180//180 178//178
f 178//178 180//180 181//181
f 178//178 181//181 182//182
f 183//183 175//175 184//184
f 184//184 175//175 176//176
f 184//184 176//176 185//185
f 185//185 176//176 177//177
f 185//185 177//177 186//186
f 186//186 177//177 178//178
f 186//186 178//178 187//187
f 187//187 178//178 182//182
f 188//188 189//189 163//163
f 163//163 189//189 162//162
f 190//190 159//159 191//191
f 191//191 159//159 160//160
f 191//191 160//160 192//192
f 192//192 160//160 161//161
f 189//189 193//193 162//162
f 162//162 193//193 194//194
f 162//162 194//194 161//161
f 161//161 194//194 195//195
f 161//161 195//195 192//192
f 154//154 159//159 196//196
f 196//196 197//197 154//154
f 154//154 197//197 110//110
f 154//154 110//110 109//109
f 196//196 198//198 199//199
f 199//199 198//198 200//200
f 201//201 202//202 203//203
f 200//200 204//204 199//199
f 199//199 204//204 205//205
f 199//199 205//205 206//206
f 206//206 205//205 201//201
f 206//206 201//201 207//207
f 207//207 201//201 203//203
f 197//197 196//196 208//208
f 208//208 196//196 199//199
f 208//208 199//199 209//209
f 209//209 199//199 206//206
f 209//209 206//206 210//210
f 210//210 206//206 207//207
f 210//210 207//207 211//211
f 211//211 207//207 203//203
f 110//110 197//197 212//212
f 212//212 197//197 208//208
f 212//212 208//208 213//213
f 213//213 208//208 209//209
f 213//213 209//209 214//214
f 214//214 209//209 210//210
f 214//214 210//210 215//215
f 215//215 210//210 211//211
f 215//215 71//71 73//73
f 215//215 73//73 214//214
f 214//214 73//73 75//75
f 214//214 75//75 213//213
f 213//213 75//75 77//77
f 213//213 77//77 212//212
f 82//82 110//110 80//80
f 80//80 110//110 212//212
f 80//80 212//212 78//78
f 78//78 212//212 77//77
f 108//108 216//216 217//217
f 112//112 104//104 218//218
f 218//218 104//104 105//105
f 218//218 105//105 219//219
f 219//219 105//105 220//220
f 220//220 105//105 106//106
f 220//220 106//106 221//221
f 108//108 217//217 107//107
f 107//107 217//217 222//222
f 107//107 222//222 106//106
f 106//106 222//222 223//223
f 106//106 223//223 221//221
f 224//224 225//225 226//226
f 227//227 228//228 229//229
f 230//230 231//231 232//232
f 232//232 231//231 233//233
f 234//234 225//225 235//235
f 235//235 225//225 224//224
f 235//235 224//224 236//236
f 237//237 238//238 239//239
f 239//239 238//238 240//240
f 239//239 240//240 241//241
f 240//240 242//242 241//241
f 241//241 242//242 243//243
f 241//241 243//243 244//244
f 245//245 246//246 247//247
f 247//247 246//246 248//248
f 247//247 248//248 232//232
f 232//232 248//248 249//249
f 232//232 249//249 230//230
f 250//250 251//251 252//252
f 252//252 251//251 253//253
f 252//252 253//253 236//236
f 251//251 254//254 253//253
f 253//253 254//254 255//255
f 253//253 255//255 256//256
f 256//256 255//255 257//257
f 256//256 257//257 227//227
f 226//226 245//245 224//224
f 224//224 245//245 247//247
f 224//224 247//247 236//236
f 236//236 247//247 232//232
f 236//236 232//232 252//252
f 252//252 232//232 233//233
f 252//252 233//233 250//250
f 227//227 229//229 256//256
f 256//256 229//229 237//237
f 256//256 237//237 253//253
f 253//253 237//237 239//239
f 253//253 239//239 236//236
f 236//236 239//239 241//241
f 236//236 241//241 235//235
f 235//235 241//241 244//244
f 235//235 244//244 234//234
f 258//258 259//259 260//260
f 260//260 259//259 261//261
f 260//260 261//261 262//262
f 262//262 261//261 263//263
f 263//263 261//261 264//264
f 263//263 264//264 265//265
f 264//264 266//266 265//265
f 265//265 266//266 267//267
f 265//265 267//267 268//268
f 112//112 269//269 111//111
f 111//111 269//269 270//270
f 269//269 271//271 270//270
f 270//270 271//271 272//272
f 270//270 272//272 273//273
f 273//273 272//272 274//274
f 274//274 272//272 275//275
f 274//274 275//275 276//276
f 275//275 277//277 276//276
f 276//276 277//277 278//278
f 276//276 278//278 279//279
f 279//279 278//278 280//280
f 279//279 280//280 281//281
f 282//282 283//283 284//284
f 285//285 286//286 287//287
f 285//285 287//287 288//288
f 288//288 287//287 289//289
f 288//288 289//289 290//290
f 279//279 290//290 276//276
f 276//276 290//290 289//289
f 276//276 289//289 291//291
f 291//291 289//289 287//287
f 291//291 287//287 292//292
f 292//292 287//287 286//286
f 292//292 286//286 293//293
f 294//294 295//295 296//296
f 296//296 295//295 297//297
f 296//296 297//297 298//298
f 298//298 297//297 299//299
f 300//300 145//145 301//301
f 301//301 145//145 146//146
f 111//111 302//302 148//148
f 148//148 302//302 303//303
f 148//148 303//303 149//149
f 149//149 303//303 304//304
f 149//149 304//304 144//144
f 144//144 304//304 301//301
f 144//144 301//301 147//147
f 147//147 301//301 146//146
f 305//305 283//283 306//306
f 306//306 283//283 282//282
f 306//306 282//282 307//307
f 307//307 282//282 308//308
f 307//307 308//308 309//309
f 309//309 308//308 310//310
f 309//309 310//310 311//311
f 302//302 312//312 303//303
f 303//303 312//312 284//284
f 303//303 284//284 304//304
f 304//304 284//284 283//283
f 304//304 283//283 301//301
f 301//301 283//283 305//305
f 301//301 305//305 300//300
f 313//313 314//314 310//310
f 310//310 314//314 315//315
f 310//310 315//315 311//311
f 294//294 270//270 295//295
f 295//295 270//270 273//273
f 295//295 273//273 297//297
f 297//297 273//273 274//274
f 297//297 274//274 299//299
f 274//274 276//276 299//299
f 299//299 276//276 291//291
f 299//299 291//291 298//298
f 298//298 291//291 292//292
f 298//298 292//292 316//316
f 316//316 292//292 293//293
f 279//279 281//281 290//290
f 290//290 281//281 317//317
f 290//290 317//317 288//288
f 288//288 317//317 313//313
f 288//288 313//313 285//285
f 285//285 313//313 310//310
f 285//285 310//310 286//286
f 286//286 310//310 308//308
f 286//286 308//308 293//293
f 293//293 308//308 282//282
f 293//293 282//282 316//316
f 316//316 282//282 284//284
f 316//316 284//284 298//298
f 298//298 284//284 312//312
f 298//298 312//312 296//296
f 296//296 312//312 302//302
f 296//296 302//302 294//294
f 294//294 302//302 111//111
f 294//294 111//111 270//270
f 315//315 143//143 311//311
f 311//311 143//143 138//138
f 145//145 300//300 141//141
f 141//141 300//300 305//305
f 141//141 305//305 140//140
f 140//140 305//305 306//306
f 140//140 306//306 139//139
f 139//139 306//306 307//307
f 139//139 307//307 138//138
f 138//138 307//307 309//309
f 138//138 309//309 311//311
f 318//318 319//319 320//320
f 321//321 322//322 323//323
f 323//323 322//322 324//324
f 323//323 324//324 320//320
f 320//320 324//324 325//325
f 320//320 325//325 318//318
f 326//326 327//327 328//328
f 328//328 327//327 329//329
f 329//329 327//327 330//330
f 330//330 327//327 331//331
f 330//330 331//331 332//332
f 216//216 333//333 334//334
f 334//334 333//333 332//332
f 334//334 332//332 335//335
f 335//335 332//332 331//331
f 336//336 275//275 272//272
f 337//337 271//271 269//269
f 217//217 216//216 334//334
f 338//338 221//221 223//223
f 339//339 331//331 327//327
f 340//340 280//280 278//278
f 340//340 278//278 341//341
f 342//342 343//343 344//344
f 344//344 343//343 345//345
f 344//344 345//345 346//346
f 347//347 348//348 339//339
f 221//221 338//338 220//220
f 220//220 338//338 349//349
f 220//220 349//349 219//219
f 219//219 349//349 350//350
f 219//219 350//350 218//218
f 347//347 351//351 352//352
f 352//352 351//351 353//353
f 352//352 353//353 354//354
f 354//354 353//353 355//355
f 354//354 355//355 356//356
f 356//356 355//355 337//337
f 356//356 337//337 357//357
f 357//357 337//337 269//269
f 357//357 269//269 112//112
f 358//358 342//342 359//359
f 359//359 342//342 344//344
f 359//359 344//344 360//360
f 360//360 344//344 346//346
f 360//360 346//346 361//361
f 361//361 346//346 336//336
f 361//361 336//336 362//362
f 362//362 336//336 272//272
f 362//362 272//272 271//271
f 112//112 218//218 357//357
f 357//357 218//218 350//350
f 357//357 350//350 356//356
f 356//356 350//350 349//349
f 356//356 349//349 354//354
f 354//354 349//349 338//338
f 354//354 338//338 352//352
f 352//352 338//338 223//223
f 352//352 223//223 347//347
f 347//347 223//223 222//222
f 347//347 222//222 348//348
f 339//339 327//327 363//363
f 363//363 327//327 326//326
f 363//363 326//326 364//364
f 275//275 336//336 277//277
f 277//277 336//336 346//346
f 277//277 346//346 278//278
f 278//278 346//346 345//345
f 278//278 345//345 341//341
f 341//341 345//345 343//343
f 341//341 343//343 365//365
f 222//222 217//217 348//348
f 348//348 217//217 334//334
f 348//348 334//334 339//339
f 339//339 334//334 335//335
f 339//339 335//335 331//331
f 271//271 337//337 362//362
f 362//362 337//337 355//355
f 362//362 355//355 361//361
f 361//361 355//355 353//353
f 361//361 353//353 360//360
f 360//360 353//353 351//351
f 360//360 351//351 359//359
f 359//359 351//351 347//347
f 359//359 347//347 358//358
f 358//358 347//347 339//339
f 358//358 339//339 342//342
f 342//342 339//339 363//363
f 342//342 363//363 343//343
f 343//343 363//363 364//364
f 343//343 364//364 365//365
f 366//366 367//367 368//368
f 333//333 369//369 332//332
f 332//332 369//369 370//370
f 332//332 370//370 330//330
f 330//330 370//370 371//371
f 330//330 371//371 329//329
f 329//329 371//371 372//372
f 329//329 372//372 328//328
f 373//373 374//374 372//372
f 372//372 374//374 375//375
f 372//372 375//375 328//328
f 376//376 377//377 378//378
f 379//379 368//368 380//380
f 380//380 368//368 367//367
f 380//380 367//367 381//381
f 379//379 382//382 368//368
f 368//368 382//382 376//376
f 368//368 376//376 366//366
f 366//366 376//376 378//378
f 383//383 377//377 384//384
f 384//384 377//377 376//376
f 384//384 376//376 385//385
f 385//385 376//376 382//382
f 369//369 381//381 370//370
f 370//370 381//381 367//367
f 370//370 367//367 371//371
f 371//371 367//367 366//366
f 371//371 366//366 372//372
f 372//372 366//366 378//378
f 372//372 378//378 373//373
f 373//373 378//378 377//377
f 373//373 377//377 386//386
f 386//386 377//377 383//383
f 386//386 383//383 387//387
f 228//228 387//387 229//229
f 229//229 387//387 383//383
f 229//229 383//383 237//237
f 237//237 383//383 384//384
f 237//237 384//384 238//238
f 238//238 384//384 385//385
f 238//238 385//385 240//240
f 385//385 382//382 240//240
f 240//240 382//382 379//379
f 240//240 379//379 242//242
f 388//388 113//113 389//389
f 389//389 113//113 129//129
f 389//389 129//129 390//390
f 390//390 129//129 128//128
f 390//390 128//128 391//391
f 391//391 128//128 127//127
f 391//391 127//127 392//392
f 127//127 142//142 392//392
f 392//392 142//142 143//143
f 392//392 143//143 393//393
f 394//394 395//395 396//396
f 397//397 398//398 399//399
f 399//399 398//398 400//400
f 399//399 400//400 401//401
f 402//402 403//403 397//397
f 397//397 403//403 404//404
f 397//397 404//404 398//398
f 398//398 404//404 405//405
f 395//395 394//394 406//406
f 406//406 394//394 407//407
f 406//406 407//407 408//408
f 408//408 407//407 409//409
f 408//408 409//409 410//410
f 410//410 409//409 411//411
f 410//410 411//411 412//412
f 412//412 411//411 413//413
f 412//412 413//413 414//414
f 324//324 322//322 415//415
f 405//405 416//416 398//398
f 398//398 416//416 417//417
f 398//398 417//417 400//400
f 400//400 417//417 418//418
f 400//400 418//418 401//401
f 401//401 418//418 419//419
f 396//396 318//318 402//402
f 402//402 318//318 325//325
f 402//402 325//325 403//403
f 403//403 325//325 324//324
f 403//403 324//324 404//404
f 404//404 324//324 415//415
f 404//404 415//415 405//405
f 396//396 402//402 394//394
f 394//394 402//402 397//397
f 394//394 397//397 407//407
f 407//407 397//397 399//399
f 407//407 399//399 409//409
f 409//409 399//399 401//401
f 409//409 401//401 411//411
f 411//411 401//401 419//419
f 411//411 419//419 413//413
f 262//262 263//263 420//420
f 263//263 265//265 420//420
f 420//420 265//265 421//421
f 420//420 421//421 422//422
f 422//422 421//421 423//423
f 422//422 423//423 424//424
f 424//424 423//423 425//425
f 424//424 425//425 426//426
f 426//426 425//425 427//427
f 426//426 427//427 428//428
f 428//428 427//427 429//429
f 428//428 429//429 430//430
f 430//430 429//429 431//431
f 430//430 431//431 432//432
f 432//432 431//431 433//433
f 432//432 433//433 434//434
f 434//434 433//433 435//435
f 436//436 437//437 438//438
f 438//438 437//437 439//439
f 258//258 260//260 440//440
f 440//440 260//260 441//441
f 440//440 441//441 442//442
f 442//442 441//441 443//443
f 442//442 443//443 444//444
f 444//444 443//443 445//445
f 444//444 445//445 446//446
f 446//446 445//445 447//447
f 446//446 447//447 448//448
f 448//448 447//447 449//449
f 448//448 449//449 439//439
f 439//439 449//449 450//450
f 439//439 450//450 438//438
f 265//265 268//268 421//421
f 421//421 268//268 451//451
f 421//421 451//451 423//423
f 423//423 451//451 452//452
f 423//423 452//452 425//425
f 425//425 452//452 453//453
f 425//425 453//453 427//427
f 427//427 453//453 454//454
f 427//427 454//454 429//429
f 429//429 454//454 455//455
f 429//429 455//455 431//431
f 431//431 455//455 456//456
f 431//431 456//456 433//433
f 433//433 456//456 457//457
f 433//433 457//457 435//435
f 435//435 457//457 458//458
f 260//260 262//262 441//441
f 441//441 262//262 420//420
f 441//441 420//420 443//443
f 443//443 420//420 422//422
f 443//443 422//422 445//445
f 445//445 422//422 424//424
f 445//445 424//424 447//447
f 447//447 424//424 426//426
f 447//447 426//426 449//449
f 449//449 426//426 428//428
f 449//449 428//428 450//450
f 450//450 428//428 430//430
f 450//450 430//430 438//438
f 438//438 430//430 432//432
f 438//438 432//432 436//436
f 436//436 432//432 434//434
f 114//114 459//459 164//164
f 164//164 459//459 460//460
f 164//164 460//460 165//165
f 165//165 460//460 461//461
f 165//165 461//461 174//174
f 174//174 461//461 462//462
f 174//174 462//462 179//179
f 179//179 462//462 463//463
f 179//179 463//463 180//180
f 180//180 463//463 464//464
f 180//180 464//464 181//181
f 181//181 464//464 465//465
f 181//181 465//465 182//182
f 182//182 465//465 466//466
f 388//388 459//459 113//113
f 113//113 459//459 114//114
f 131//131 130//130 163//163
f 163//163 130//130 123//123
f 163//163 123//123 188//188
f 11//11 49//49 150//150
f 150//150 49//49 145//145
f 150//150 145//145 158//158
f 158//158 145//145 163//163
f 163//163 145//145 141//141
f 163//163 141//141 131//131
f 170//170 175//175 167//167
f 167//167 175//175 183//183
f 167//167 183//183 121//121
f 121//121 183//183 188//188
f 121//121 188//188 122//122
f 122//122 188//188 123//123
f 159//159 190//190 196//196
f 196//196 190//190 198//198
f 108//108 71//71 216//216
f 216//216 71//71 215//215
f 242//242 379//379 202//202
f 202//202 379//379 380//380
f 202//202 380//380 203//203
f 203//203 380//380 381//381
f 203//203 381//381 369//369
f 215//215 211//211 216//216
f 216//216 211//211 203//203
f 216//216 203//203 333//333
f 333//333 203//203 369//369
f 225//225 234//234 226//226
f 226//226 234//234 244//244
f 226//226 244//244 202//202
f 202//202 244//244 243//243
f 202//202 243//243 242//242
f 228//228 227//227 467//467
f 467//467 227//227 257//257
f 467//467 257//257 468//468
f 468//468 257//257 255//255
f 468//468 255//255 469//469
f 255//255 254//254 469//469
f 469//469 254//254 251//251
f 469//469 251//251 470//470
f 470//470 251//251 250//250
f 470//470 250//250 471//471
f 471//471 250//250 233//233
f 471//471 233//233 472//472
f 233//233 231//231 472//472
f 472//472 231//231 230//230
f 472//472 230//230 473//473
f 473//473 230//230 249//249
f 473//473 249//249 474//474
f 474//474 249//249 475//475
f 268//268 267//267 476//476
f 476//476 267//267 477//477
f 478//478 479//479 480//480
f 481//481 482//482 483//483
f 483//483 482//482 484//484
f 483//483 484//484 485//485
f 485//485 484//484 486//486
f 485//485 486//486 487//487
f 487//487 486//486 488//488
f 487//487 488//488 489//489
f 489//489 488//488 490//490
f 491//491 481//481 492//492
f 492//492 481//481 483//483
f 492//492 483//483 493//493
f 493//493 483//483 485//485
f 493//493 485//485 494//494
f 494//494 485//485 487//487
f 494//494 487//487 495//495
f 495//495 487//487 489//489
f 478//478 480//480 496//496
f 497//497 491//491 498//498
f 498//498 491//491 492//492
f 498//498 492//492 499//499
f 499//499 492//492 493//493
f 499//499 493//493 480//480
f 480//480 493//493 494//494
f 480//480 494//494 496//496
f 496//496 494//494 495//495
f 259//259 497//497 261//261
f 261//261 497//497 498//498
f 261//261 498//498 264//264
f 264//264 498//498 499//499
f 264//264 499//499 266//266
f 266//266 499//499 480//480
f 266//266 480//480 267//267
f 267//267 480//480 479//479
f 491//491 497//497 259//259
f 440//440 442//442 444//444
f 448//448 439//439 258//258
f 258//258 439//439 437//437
f 258//258 437//437 322//322
f 322//322 321//321 258//258
f 258//258 321//321 482//482
f 258//258 482//482 259//259
f 259//259 482//482 481//481
f 259//259 481//481 491//491
f 440//440 444//444 258//258
f 258//258 444//444 446//446
f 258//258 446//446 448//448
f 500//500 501//501 502//502
f 503//503 504//504 323//323
f 505//505 506//506 507//507
f 508//508 507//507 509//509
f 505//505 501//501 510//510
f 510//510 501//501 500//500
f 510//510 500//500 511//511
f 512//512 513//513 514//514
f 514//514 513//513 515//515
f 514//514 515//515 516//516
f 516//516 515//515 517//517
f 516//516 517//517 518//518
f 323//323 320//320 503//503
f 503//503 320//320 319//319
f 503//503 319//319 519//519
f 519//519 319//319 520//520
f 509//509 507//507 521//521
f 521//521 507//507 506//506
f 521//521 506//506 522//522
f 509//509 523//523 508//508
f 508//508 523//523 524//524
f 508//508 524//524 504//504
f 504//504 524//524 321//321
f 504//504 321//321 323//323
f 502//502 512//512 500//500
f 500//500 512//512 514//514
f 500//500 514//514 511//511
f 511//511 514//514 516//516
f 511//511 516//516 525//525
f 525//525 516//516 518//518
f 525//525 518//518 526//526
f 505//505 507//507 501//501
f 501//501 507//507 508//508
f 501//501 508//508 502//502
f 502//502 508//508 504//504
f 502//502 504//504 512//512
f 512//512 504//504 503//503
f 512//512 503//503 513//513
f 513//513 503//503 519//519
f 513//513 519//519 515//515
f 515//515 519//519 520//520
f 515//515 520//520 517//517
f 314//314 313//313 406//406
f 406//406 313//313 395//395
f 395//395 313//313 317//317
f 395//395 317//317 396//396
f 319//319 340//340 520//520
f 520//520 340//340 341//341
f 520//520 341//341 517//517
f 393//393 143//143 406//406
f 406//406 143//143 315//315
f 406//406 315//315 314//314
f 328//328 527//527 326//326
f 326//326 527//527 526//526
f 396//396 317//317 318//318
f 318//318 317//317 281//281
f 318//318 281//281 319//319
f 319//319 281//281 280//280
f 319//319 280//280 340//340
f 517//517 341//341 518//518
f 518//518 341//341 365//365
f 518//518 365//365 526//526
f 526//526 365//365 364//364
f 526//526 364//364 326//326
f 527//527 328//328 528//528
f 528//528 328//328 375//375
f 528//528 375//375 529//529
f 387//387 530//530 531//531
f 387//387 531//531 386//386
f 375//375 374//374 529//529
f 529//529 374//374 373//373
f 529//529 373//373 532//532
f 532//532 373//373 386//386
f 532//532 386//386 533//533
f 533//533 386//386 531//531
f 467//467 530//530 228//228
f 228//228 530//530 387//387
f 534//534 535//535 536//536
f 537//537 538//538 539//539
f 540//540 541//541 542//542
f 543//543 544//544 545//545
f 543//543 545//545 546//546
f 546//546 545//545 547//547
f 546//546 547//547 548//548
f 548//548 547//547 549//549
f 548//548 549//549 550//550
f 550//550 549//549 542//542
f 550//550 542//542 551//551
f 551//551 542//542 541//541
f 551//551 541//541 552//552
f 553//553 554//554 555//555
f 555//555 554//554 556//556
f 555//555 556//556 557//557
f 557//557 556//556 558//558
f 557//557 558//558 559//559
f 559//559 558//558 560//560
f 559//559 560//560 561//561
f 562//562 563//563 560//560
f 560//560 563//563 564//564
f 560//560 564//564 561//561
f 477//477 563//563 565//565
f 565//565 563//563 562//562
f 565//565 562//562 566//566
f 554//554 537//537 556//556
f 556//556 537//537 539//539
f 556//556 539//539 558//558
f 558//558 539//539 567//567
f 558//558 567//567 560//560
f 560//560 567//567 568//568
f 560//560 568//568 562//562
f 562//562 568//568 536//536
f 562//562 536//536 566//566
f 566//566 536//536 535//535
f 538//538 540//540 539//539
f 539//539 540//540 542//542
f 539//539 542//542 567//567
f 567//567 542//542 549//549
f 567//567 549//549 568//568
f 568//568 549//549 547//547
f 568//568 547//547 536//536
f 536//536 547//547 545//545
f 536//536 545//545 534//534
f 534//534 545//545 544//544
f 569//569 570//570 571//571
f 572//572 573//573 574//574
f 575//575 576//576 577//577
f 578//578 579//579 580//580
f 581//581 582//582 583//583
f 581//581 583//583 584//584
f 584//584 583//583 585//585
f 584//584 585//585 586//586
f 586//586 585//585 587//587
f 586//586 587//587 588//588
f 588//588 587//587 580//580
f 588//588 580//580 589//589
f 589//589 580//580 579//579
f 589//589 579//579 590//590
f 476//476 591//591 592//592
f 592//592 591//591 593//593
f 592//592 593//593 594//594
f 594//594 593//593 595//595
f 595//595 593//593 596//596
f 595//595 596//596 597//597
f 597//597 596//596 598//598
f 597//597 598//598 599//599
f 599//599 598//598 600//600
f 600//600 598//598 574//574
f 600//600 574//574 601//601
f 601//601 574//574 573//573
f 601//601 573//573 602//602
f 591//591 575//575 593//593
f 593//593 575//575 577//577
f 593//593 577//577 596//596
f 596//596 577//577 603//603
f 596//596 603//603 598//598
f 598//598 603//603 604//604
f 598//598 604//604 574//574
f 574//574 604//604 571//571
f 574//574 571//571 572//572
f 572//572 571//571 570//570
f 576//576 578//578 577//577
f 577//577 578//578 580//580
f 577//577 580//580 603//603
f 603//603 580//580 587//587
f 603//603 587//587 604//604
f 604//604 587//587 585//585
f 604//604 585//585 571//571
f 571//571 585//585 583//583
f 571//571 583//583 569//569
f 569//569 583//583 582//582
f 543//543 590//590 544//544
f 544//544 590//590 579//579
f 544//544 579//579 534//534
f 534//534 579//579 578//578
f 534//534 578//578 535//535
f 535//535 578//578 576//576
f 535//535 576//576 566//566
f 566//566 576//576 575//575
f 566//566 575//575 565//565
f 565//565 575//575 591//591
f 565//565 591//591 477//477
f 477//477 591//591 476//476
f 390//390 391//391 605//605
f 606//606 607//607 608//608
f 608//608 607//607 609//609
f 608//608 609//609 610//610
f 610//610 609//609 611//611
f 610//610 611//611 612//612
f 612//612 611//611 613//613
f 612//612 613//613 389//389
f 389//389 613//613 388//388
f 614//614 606//606 615//615
f 615//615 606//606 608//608
f 615//615 608//608 616//616
f 616//616 608//608 610//610
f 616//616 610//610 605//605
f 605//605 610//610 612//612
f 605//605 612//612 390//390
f 390//390 612//612 389//389
f 617//617 614//614 618//618
f 618//618 614//614 615//615
f 618//618 615//615 619//619
f 619//619 615//615 616//616
f 619//619 616//616 620//620
f 620//620 616//616 605//605
f 620//620 605//605 392//392
f 392//392 605//605 391//391
f 621//621 617//617 622//622
f 622//622 617//617 618//618
f 622//622 618//618 623//623
f 623//623 618//618 619//619
f 623//623 619//619 624//624
f 624//624 619//619 620//620
f 624//624 620//620 393//393
f 393//393 620//620 392//392
f 393//393 406//406 408//408
f 393//393 408//408 624//624
f 624//624 408//408 410//410
f 624//624 410//410 623//623
f 623//623 410//410 412//412
f 623//623 412//412 622//622
f 622//622 412//412 414//414
f 622//622 414//414 621//621
f 322//322 437//437 415//415
f 415//415 437//437 436//436
f 415//415 436//436 405//405
f 405//405 436//436 416//416
f 416//416 436//436 434//434
f 416//416 434//434 417//417
f 435//435 458//458 414//414
f 414//414 413//413 435//435
f 435//435 413//413 419//419
f 435//435 419//419 434//434
f 434//434 419//419 418//418
f 434//434 418//418 417//417
f 268//268 476//476 451//451
f 451//451 476//476 592//592
f 451//451 592//592 452//452
f 452//452 592//592 594//594
f 452//452 594//594 453//453
f 453//453 594//594 595//595
f 453//453 595//595 454//454
f 595//595 597//597 454//454
f 454//454 597//597 599//599
f 454//454 599//599 455//455
f 455//455 599//599 600//600
f 455//455 600//600 456//456
f 456//456 600//600 601//601
f 456//456 601//601 457//457
f 457//457 601//601 602//602
f 457//457 602//602 458//458
f 581//581 625//625 582//582
f 582//582 625//625 626//626
f 582//582 626//626 569//569
f 569//569 626//626 570//570
f 570//570 626//626 627//627
f 570//570 627//627 572//572
f 572//572 627//627 628//628
f 572//572 628//628 573//573
f 573//573 628//628 629//629
f 573//573 629//629 602//602
f 460//460 459//459 630//630
f 462//462 461//461 631//631
f 632//632 633//633 634//634
f 635//635 636//636 637//637
f 637//637 638//638 635//635
f 635//635 638//638 639//639
f 635//635 639//639 632//632
f 464//464 463//463 640//640
f 640//640 463//463 462//462
f 640//640 462//462 641//641
f 641//641 462//462 631//631
f 632//632 639//639 631//631
f 631//631 639//639 642//642
f 631//631 642//642 641//641
f 641//641 642//642 643//643
f 641//641 643//643 640//640
f 466//466 465//465 644//644
f 466//466 644//644 645//645
f 644//644 646//646 645//645
f 645//645 646//646 647//647
f 645//645 647//647 648//648
f 648//648 647//647 649//649
f 648//648 649//649 650//650
f 650//650 649//649 651//651
f 650//650 651//651 652//652
f 632//632 634//634 635//635
f 635//635 634//634 653//653
f 635//635 653//653 636//636
f 654//654 655//655 651//651
f 651//651 655//655 656//656
f 651//651 656//656 652//652
f 633//633 632//632 657//657
f 657//657 632//632 631//631
f 657//657 631//631 630//630
f 630//630 631//631 461//461
f 630//630 461//461 460//460
f 637//637 654//654 638//638
f 638//638 654//654 651//651
f 638//638 651//651 639//639
f 639//639 651//651 649//649
f 639//639 649//649 642//642
f 642//642 649//649 647//647
f 642//642 647//647 643//643
f 643//643 647//647 646//646
f 643//643 646//646 640//640
f 640//640 646//646 644//644
f 640//640 644//644 464//464
f 464//464 644//644 465//465
f 630//630 459//459 388//388
f 630//630 388//388 657//657
f 388//388 613//613 657//657
f 657//657 613//613 611//611
f 657//657 611//611 633//633
f 633//633 611//611 609//609
f 633//633 609//609 634//634
f 634//634 609//609 607//607
f 634//634 607//607 653//653
f 658//658 466//466 645//645
f 658//658 645//645 659//659
f 659//659 645//645 648//648
f 659//659 648//648 660//660
f 660//660 648//648 650//650
f 660//660 650//650 661//661
f 661//661 650//650 662//662
f 662//662 650//650 652//652
f 662//662 652//652 663//663
f 182//182 664//664 187//187
f 187//187 664//664 665//665
f 187//187 665//665 186//186
f 186//186 665//665 185//185
f 185//185 665//665 666//666
f 185//185 666//666 184//184
f 188//188 183//183 667//667
f 667//667 183//183 184//184
f 667//667 184//184 668//668
f 668//668 184//184 666//666
f 665//665 664//664 669//669
f 670//670 666//666 665//665
f 671//671 672//672 673//673
f 674//674 675//675 670//670
f 676//676 192//192 677//677
f 677//677 192//192 195//195
f 677//677 195//195 194//194
f 670//670 665//665 678//678
f 678//678 665//665 669//669
f 678//678 669//669 679//679
f 674//674 670//670 673//673
f 673//673 670//670 678//678
f 673//673 678//678 671//671
f 671//671 678//678 679//679
f 671//671 679//679 680//680
f 666//666 670//670 668//668
f 668//668 670//670 675//675
f 668//668 675//675 667//667
f 667//667 675//675 189//189
f 667//667 189//189 188//188
f 672//672 676//676 673//673
f 673//673 676//676 677//677
f 673//673 677//677 674//674
f 674//674 677//677 194//194
f 674//674 194//194 675//675
f 675//675 194//194 193//193
f 675//675 193//193 189//189
f 191//191 192//192 681//681
f 681//681 192//192 676//676
f 681//681 676//676 682//682
f 682//682 676//676 672//672
f 682//682 672//672 683//683
f 683//683 672//672 671//671
f 683//683 671//671 684//684
f 684//684 671//671 680//680
f 190//190 191//191 685//685
f 685//685 191//191 681//681
f 685//685 681//681 686//686
f 686//686 681//681 682//682
f 686//686 682//682 687//687
f 687//687 682//682 683//683
f 687//687 683//683 688//688
f 688//688 683//683 684//684
f 689//689 690//690 688//688
f 688//688 690//690 687//687
f 687//687 690//690 686//686
f 686//686 690//690 691//691
f 686//686 691//691 685//685
f 691//691 692//692 685//685
f 685//685 692//692 198//198
f 685//685 198//198 190//190
f 693//693 692//692 691//691
f 198//198 692//692 200//200
f 200//200 692//692 693//693
f 200//200 693//693 204//204
f 689//689 694//694 690//690
f 690//690 694//694 695//695
f 690//690 695//695 691//691
f 691//691 695//695 696//696
f 691//691 696//696 693//693
f 693//693 696//696 697//697
f 693//693 697//697 204//204
f 694//694 698//698 695//695
f 695//695 698//698 699//699
f 695//695 699//699 696//696
f 696//696 699//699 700//700
f 696//696 700//700 697//697
f 697//697 700//700 701//701
f 697//697 701//701 204//204
f 204//204 701//701 205//205
f 201//201 205//205 702//702
f 702//702 205//205 701//701
f 702//702 701//701 703//703
f 703//703 701//701 700//700
f 703//703 700//700 704//704
f 704//704 700//700 699//699
f 704//704 699//699 705//705
f 705//705 699//699 698//698
f 705//705 706//706 704//704
f 704//704 706//706 707//707
f 704//704 707//707 703//703
f 703//703 707//707 708//708
f 703//703 708//708 702//702
f 202//202 201//201 709//709
f 709//709 201//201 702//702
f 709//709 702//702 710//710
f 710//710 702//702 708//708
f 249//249 248//248 706//706
f 706//706 248//248 707//707
f 707//707 248//248 708//708
f 708//708 248//248 246//246
f 708//708 246//246 710//710
f 710//710 246//246 245//245
f 710//710 245//245 709//709
f 709//709 245//245 226//226
f 709//709 226//226 202//202
f 711//711 712//712 713//713
f 469//469 470//470 714//714
f 714//714 470//470 471//471
f 715//715 716//716 717//717
f 718//718 719//719 720//720
f 720//720 719//719 721//721
f 718//718 722//722 719//719
f 719//719 722//722 723//723
f 719//719 723//723 715//715
f 712//712 714//714 713//713
f 713//713 714//714 471//471
f 713//713 471//471 724//724
f 724//724 471//471 472//472
f 724//724 472//472 725//725
f 725//725 472//472 473//473
f 725//725 473//473 726//726
f 726//726 473//473 474//474
f 726//726 474//474 475//475
f 467//467 468//468 727//727
f 727//727 468//468 728//728
f 727//727 728//728 729//729
f 728//728 730//730 729//729
f 729//729 730//730 731//731
f 729//729 731//731 732//732
f 732//732 731//731 733//733
f 732//732 733//733 734//734
f 734//734 733//733 735//735
f 734//734 735//735 736//736
f 715//715 717//717 719//719
f 719//719 717//717 737//737
f 719//719 737//737 721//721
f 738//738 739//739 735//735
f 735//735 739//739 740//740
f 735//735 740//740 736//736
f 726//726 716//716 725//725
f 725//725 716//716 715//715
f 725//725 715//715 724//724
f 724//724 715//715 723//723
f 724//724 723//723 713//713
f 713//713 723//723 722//722
f 713//713 722//722 711//711
f 711//711 722//722 718//718
f 721//721 738//738 720//720
f 720//720 738//738 735//735
f 720//720 735//735 718//718
f 718//718 735//735 733//733
f 718//718 733//733 711//711
f 711//711 733//733 731//731
f 711//711 731//731 712//712
f 712//712 731//731 730//730
f 712//712 730//730 714//714
f 714//714 730//730 728//728
f 714//714 728//728 469//469
f 469//469 728//728 468//468
f 475//475 741//741 742//742
f 475//475 742//742 726//726
f 726//726 742//742 743//743
f 726//726 743//743 716//716
f 716//716 743//743 744//744
f 716//716 744//744 717//717
f 717//717 744//744 745//745
f 717//717 745//745 737//737
f 746//746 552//552 541//541
f 746//746 541//541 747//747
f 747//747 541//541 540//540
f 747//747 540//540 748//748
f 748//748 540//540 538//538
f 748//748 538//538 749//749
f 553//553 750//750 554//554
f 554//554 750//750 749//749
f 554//554 749//749 537//537
f 537//537 749//749 538//538
f 490//490 553//553 489//489
f 489//489 553//553 555//555
f 489//489 555//555 495//495
f 495//495 555//555 557//557
f 495//495 557//557 496//496
f 477//477 267//267 563//563
f 563//563 267//267 479//479
f 563//563 479//479 564//564
f 564//564 479//479 478//478
f 564//564 478//478 561//561
f 561//561 478//478 496//496
f 561//561 496//496 559//559
f 559//559 496//496 557//557
f 522//522 490//490 488//488
f 523//523 509//509 488//488
f 488//488 509//509 521//521
f 488//488 521//521 522//522
f 488//488 486//486 523//523
f 523//523 486//486 484//484
f 523//523 484//484 524//524
f 524//524 484//484 482//482
f 524//524 482//482 321//321
f 526//526 527//527 751//751
f 526//526 751//751 525//525
f 525//525 751//751 752//752
f 525//525 752//752 511//511
f 511//511 752//752 510//510
f 510//510 752//752 753//753
f 510//510 753//753 505//505
f 505//505 753//753 506//506
f 506//506 753//753 754//754
f 506//506 754//754 522//522
f 532//532 533//533 755//755
f 531//531 530//530 756//756
f 532//532 755//755 529//529
f 757//757 754//754 758//758
f 758//758 754//754 753//753
f 758//758 753//753 759//759
f 759//759 753//753 752//752
f 759//759 752//752 760//760
f 760//760 752//752 751//751
f 761//761 757//757 762//762
f 762//762 757//757 758//758
f 762//762 758//758 763//763
f 763//763 758//758 759//759
f 763//763 759//759 764//764
f 764//764 759//759 760//760
f 765//765 761//761 766//766
f 766//766 761//761 762//762
f 766//766 762//762 767//767
f 767//767 762//762 763//763
f 767//767 763//763 755//755
f 755//755 763//763 764//764
f 755//755 764//764 529//529
f 529//529 764//764 760//760
f 529//529 760//760 528//528
f 528//528 760//760 751//751
f 528//528 751//751 527//527
f 768//768 765//765 769//769
f 769//769 765//765 766//766
f 769//769 766//766 770//770
f 770//770 766//766 767//767
f 770//770 767//767 756//756
f 756//756 767//767 755//755
f 756//756 755//755 531//531
f 531//531 755//755 533//533
f 530//530 467//467 727//727
f 530//530 727//727 756//756
f 727//727 729//729 756//756
f 756//756 729//729 732//732
f 756//756 732//732 770//770
f 770//770 732//732 734//734
f 770//770 734//734 769//769
f 769//769 734//734 736//736
f 769//769 736//736 768//768
f 552//552 746//746 625//625
f 625//625 581//581 590//590
f 590//590 581//581 584//584
f 590//590 543//543 625//625
f 625//625 543//543 546//546
f 625//625 546//546 548//548
f 548//548 550//550 625//625
f 625//625 550//550 551//551
f 625//625 551//551 552//552
f 586//586 588//588 584//584
f 584//584 588//588 589//589
f 584//584 589//589 590//590
f 771//771 746//746 772//772
f 772//772 746//746 747//747
f 772//772 747//747 773//773
f 773//773 747//747 748//748
f 773//773 748//748 774//774
f 774//774 748//748 749//749
f 774//774 749//749 775//775
f 775//775 749//749 750//750
f 776//776 771//771 777//777
f 777//777 771//771 772//772
f 777//777 772//772 778//778
f 778//778 772//772 773//773
f 778//778 773//773 779//779
f 779//779 773//773 774//774
f 779//779 774//774 780//780
f 780//780 774//774 775//775
f 781//781 782//782 783//783
f 783//783 782//782 784//784
f 783//783 784//784 785//785
f 785//785 784//784 786//786
f 785//785 786//786 787//787
f 787//787 786//786 788//788
f 787//787 788//788 789//789
f 789//789 788//788 790//790
f 625//625 781//781 626//626
f 626//626 781//781 783//783
f 626//626 783//783 627//627
f 627//627 783//783 785//785
f 627//627 785//785 628//628
f 628//628 785//785 787//787
f 628//628 787//787 629//629
f 629//629 787//787 789//789
f 791//791 792//792 793//793
f 794//794 795//795 796//796
f 662//662 795//795 661//661
f 661//661 795//795 794//794
f 661//661 794//794 660//660
f 793//793 797//797 798//798
f 798//798 797//797 799//799
f 798//798 799//799 800//800
f 800//800 799//799 801//801
f 800//800 801//801 802//802
f 803//803 804//804 805//805
f 805//805 804//804 806//806
f 805//805 806//806 807//807
f 807//807 806//806 808//808
f 807//807 808//808 809//809
f 662//662 663//663 810//810
f 662//662 810//810 795//795
f 795//795 810//810 811//811
f 795//795 811//811 796//796
f 796//796 811//811 812//812
f 796//796 812//812 791//791
f 791//791 793//793 796//796
f 796//796 793//793 798//798
f 796//796 798//798 794//794
f 794//794 798//798 800//800
f 794//794 800//800 660//660
f 660//660 800//800 802//802
f 660//660 802//802 659//659
f 658//658 659//659 813//813
f 813//813 659//659 802//802
f 813//813 802//802 809//809
f 809//809 802//802 801//801
f 809//809 801//801 807//807
f 807//807 801//801 799//799
f 807//807 799//799 805//805
f 805//805 799//799 797//797
f 805//805 797//797 803//803
f 803//803 797//797 793//793
f 803//803 793//793 814//814
f 814//814 793//793 792//792
f 814//814 792//792 815//815
f 790//790 614//614 617//617
f 614//614 790//790 606//606
f 606//606 790//790 663//663
f 606//606 663//663 607//607
f 458//458 602//602 414//414
f 414//414 602//602 629//629
f 652//652 656//656 655//655
f 637//637 636//636 663//663
f 663//663 636//636 653//653
f 663//663 653//653 607//607
f 629//629 789//789 414//414
f 414//414 789//789 790//790
f 414//414 790//790 621//621
f 621//621 790//790 617//617
f 652//652 655//655 663//663
f 663//663 655//655 654//654
f 663//663 654//654 637//637
f 816//816 817//817 818//818
f 803//803 814//814 819//819
f 804//804 803//803 820//820
f 820//820 803//803 819//819
f 820//820 819//819 821//821
f 821//821 819//819 822//822
f 818//818 808//808 823//823
f 823//823 808//808 806//806
f 814//814 815//815 819//819
f 819//819 815//815 824//824
f 819//819 824//824 822//822
f 824//824 825//825 826//826
f 824//824 826//826 822//822
f 822//822 826//826 827//827
f 822//822 827//827 821//821
f 821//821 827//827 823//823
f 821//821 823//823 820//820
f 820//820 823//823 806//806
f 820//820 806//806 804//804
f 818//818 823//823 816//816
f 816//816 823//823 827//827
f 816//816 827//827 828//828
f 828//828 827//827 826//826
f 828//828 826//826 829//829
f 829//829 826//826 825//825
f 829//829 825//825 830//830
f 741//741 475//475 249//249
f 182//182 466//466 664//664
f 664//664 466//466 658//658
f 698//698 831//831 705//705
f 705//705 831//831 741//741
f 705//705 741//741 706//706
f 706//706 741//741 249//249
f 832//832 833//833 698//698
f 698//698 833//833 834//834
f 698//698 834//834 831//831
f 698//698 694//694 832//832
f 832//832 694//694 689//689
f 832//832 689//689 817//817
f 817//817 689//689 688//688
f 809//809 808//808 818//818
f 813//813 679//679 658//658
f 658//658 679//679 669//669
f 658//658 669//669 664//664
f 813//813 809//809 679//679
f 679//679 809//809 818//818
f 679//679 818//818 680//680
f 680//680 818//818 817//817
f 680//680 817//817 684//684
f 684//684 817//817 688//688
f 553//553 490//490 750//750
f 750//750 490//490 522//522
f 750//750 522//522 775//775
f 775//775 522//522 780//780
f 780//780 522//522 754//754
f 780//780 754//754 757//757
f 757//757 761//761 780//780
f 780//780 761//761 765//765
f 780//780 765//765 745//745
f 745//745 765//765 768//768
f 745//745 768//768 736//736
f 736//736 740//740 745//745
f 745//745 740//740 739//739
f 745//745 739//739 737//737
f 737//737 739//739 738//738
f 737//737 738//738 721//721
f 835//835 836//836 837//837
f 837//837 836//836 838//838
f 837//837 838//838 839//839
f 840//840 745//745 744//744
f 841//841 842//842 839//839
f 839//839 842//842 837//837
f 837//837 842//842 843//843
f 837//837 843//843 835//835
f 838//838 844//844 839//839
f 839//839 844//844 845//845
f 839//839 845//845 841//841
f 841//841 845//845 846//846
f 841//841 846//846 847//847
f 744//744 743//743 848//848
f 848//848 743//743 742//742
f 848//848 742//742 849//849
f 849//849 742//742 741//741
f 849//849 741//741 831//831
f 850//850 835//835 851//851
f 851//851 835//835 843//843
f 851//851 843//843 852//852
f 852//852 843//843 842//842
f 852//852 842//842 853//853
f 853//853 842//842 841//841
f 853//853 841//841 854//854
f 854//854 841//841 847//847
f 854//854 847//847 855//855
f 836//836 840//840 838//838
f 838//838 840//840 744//744
f 838//838 744//744 844//844
f 844//844 744//744 848//848
f 844//844 848//848 845//845
f 845//845 848//848 849//849
f 845//845 849//849 846//846
f 846//846 849//849 831//831
f 846//846 831//831 847//847
f 847//847 831//831 834//834
f 847//847 834//834 855//855
f 856//856 857//857 858//858
f 859//859 860//860 856//856
f 860//860 833//833 856//856
f 856//856 833//833 832//832
f 856//856 832//832 857//857
f 834//834 861//861 855//855
f 855//855 861//861 862//862
f 855//855 862//862 854//854
f 854//854 862//862 863//863
f 854//854 863//863 853//853
f 853//853 863//863 864//864
f 853//853 864//864 852//852
f 852//852 864//864 865//865
f 852//852 865//865 851//851
f 866//866 867//867 868//868
f 868//868 867//867 869//869
f 868//868 869//869 870//870
f 870//870 869//869 871//871
f 870//870 871//871 872//872
f 872//872 871//871 873//873
f 872//872 873//873 859//859
f 850//850 851//851 874//874
f 874//874 851//851 865//865
f 874//874 865//865 875//875
f 859//859 856//856 872//872
f 872//872 856//856 858//858
f 872//872 858//858 870//870
f 870//870 858//858 876//876
f 870//870 876//876 868//868
f 868//868 876//876 877//877
f 868//868 877//877 866//866
f 867//867 875//875 869//869
f 869//869 875//875 865//865
f 869//869 865//865 871//871
f 871//871 865//865 864//864
f 871//871 864//864 873//873
f 873//873 864//864 863//863
f 873//873 863//863 859//859
f 859//859 863//863 862//862
f 859//859 862//862 860//860
f 860//860 862//862 861//861
f 860//860 861//861 833//833
f 833//833 861//861 834//834
f 776//776 782//782 781//781
f 776//776 781//781 771//771
f 771//771 781//781 625//625
f 771//771 625//625 746//746
f 663//663 790//790 810//810
f 810//810 790//790 788//788
f 792//792 791//791 786//786
f 786//786 791//791 812//812
f 786//786 812//812 788//788
f 788//788 812//812 811//811
f 788//788 811//811 810//810
f 792//792 786//786 815//815
f 815//815 786//786 784//784
f 815//815 784//784 824//824
f 824//824 784//784 825//825
f 825//825 784//784 782//782
f 825//825 782//782 830//830
f 866//866 877//877 830//830
f 830//830 877//877 829//829
f 877//877 876//876 829//829
f 829//829 876//876 858//858
f 829//829 858//858 828//828
f 828//828 858//858 857//857
f 828//828 857//857 816//816
f 816//816 857//857 832//832
f 816//816 832//832 817//817
f 866//866 776//776 867//867
f 867//867 776//776 777//777
f 867//867 777//777 875//875
f 875//875 777//777 874//874
f 874//874 777//777 778//778
f 874//874 778//778 850//850
f 850//850 778//778 835//835
f 835//835 778//778 779//779
f 835//835 779//779 836//836
f 836//836 779//779 840//840
f 840//840 779//779 780//780
f 840//840 780//780 745//745
f 782//782 776//776 830//830
f 830//830 776//776 866//866
f 878//878 879//879 880//880
f 881//881 882//882 883//883
f 883//883 882//882 880//880
f 879//879 878//878 884//884
f 884//884 878//878 885//885
f 884//884 885//885 886//886
f 880//880 882//882 878//878
f 878//878 882//882 887//887
f 878//878 887//887 885//885
f 885//885 887//887 888//888
f 885//885 888//888 886//886
f 889//889 890//890 891//891
f 891//891 890//890 892//892
f 891//891 892//892 893//893
f 893//893 894//894 891//891
f 891//891 894//894 895//895
f 891//891 895//895 896//896
f 897//897 886//886 888//888
f 888//888 898//898 897//897
f 897//897 898//898 899//899
f 897//897 899//899 889//889
f 889//889 899//899 890//890
f 884//884 886//886 900//900
f 900//900 886//886 897//897
f 900//900 897//897 901//901
f 901//901 897//897 889//889
f 901//901 889//889 902//902
f 902//902 889//889 891//891
f 902//902 891//891 903//903
f 903//903 891//891 896//896
f 903//903 896//896 904//904
f 905//905 906//906 907//907
f 907//907 906//906 908//908
f 907//907 908//908 909//909
f 909//909 908//908 910//910
f 911//911 912//912 896//896
f 896//896 912//912 913//913
f 896//896 913//913 904//904
f 905//905 911//911 906//906
f 906//906 911//911 896//896
f 906//906 896//896 908//908
f 908//908 896//896 895//895
f 908//908 895//895 910//910
f 910//910 895//895 894//894
f 914//914 915//915 905//905
f 907//907 909//909 916//916
f 907//907 916//916 905//905
f 914//914 905//905 916//916
f 909//909 910//910 916//916
f 916//916 910//910 894//894
f 916//916 894//894 914//914
f 914//914 894//894 917//917
f 914//914 917//917 915//915
f 915//915 917//917 918//918
f 915//915 918//918 919//919
f 893//893 892//892 920//920
f 899//899 898//898 921//921
f 893//893 920//920 894//894
f 922//922 923//923 924//924
f 924//924 923//923 925//925
f 924//924 925//925 926//926
f 926//926 925//925 921//921
f 926//926 921//921 888//888
f 888//888 921//921 898//898
f 927//927 928//928 929//929
f 892//892 890//890 920//920
f 920//920 890//890 930//930
f 920//920 930//930 929//929
f 929//929 930//930 931//931
f 929//929 931//931 927//927
f 928//928 919//919 929//929
f 929//929 919//919 918//918
f 929//929 918//918 920//920
f 920//920 918//918 917//917
f 920//920 917//917 894//894
f 890//890 899//899 930//930
f 930//930 899//899 921//921
f 930//930 921//921 931//931
f 931//931 921//921 925//925
f 931//931 925//925 932//932
f 932//932 925//925 923//923
f 881//881 933//933 882//882
f 881//881 934//934 933//933
f 933//933 934//934 935//935
f 933//933 935//935 882//882
f 882//882 935//935 887//887
f 888//888 887//887 926//926
f 926//926 887//887 935//935
f 926//926 935//935 924//924
f 924//924 935//935 934//934
f 924//924 934//934 922//922
f 936//936 937//937 938//938
f 939//939 940//940 905//905
f 905//905 940//940 941//941
f 905//905 941//941 911//911
f 900//900 901//901 936//936
f 936//936 901//901 902//902
f 936//936 902//902 941//941
f 941//941 902//902 903//903
f 941//941 903//903 904//904
f 904//904 913//913 941//941
f 941//941 913//913 912//912
f 941//941 912//912 911//911
f 938//938 881//881 936//936
f 936//936 881//881 883//883
f 936//936 883//883 880//880
f 880//880 879//879 936//936
f 936//936 879//879 884//884
f 936//936 884//884 900//900
f 942//942 943//943 944//944
f 944//944 945//945 942//942
f 942//942 945//945 946//946
f 942//942 946//946 947//947
f 947//947 946//946 948//948
f 947//947 948//948 949//949
f 950//950 951//951 952//952
f 952//952 953//953 950//950
f 950//950 953//953 954//954
f 950//950 954//954 948//948
f 948//948 954//954 955//955
f 948//948 955//955 949//949
f 950//950 948//948 956//956
f 956//956 957//957 950//950
f 950//950 957//957 958//958
f 950//950 958//958 951//951
f 951//951 958//958 959//959
f 951//951 959//959 960//960
f 945//945 944//944 961//961
f 961//961 962//962 945//945
f 945//945 962//962 963//963
f 945//945 963//963 946//946
f 946//946 963//963 964//964
f 946//946 964//964 948//948
f 948//948 964//964 965//965
f 948//948 965//965 956//956
f 966//966 967//967 968//968
f 968//968 967//967 969//969
f 968//968 969//969 970//970
f 966//966 968//968 971//971
f 971//971 968//968 972//972
f 971//971 972//972 973//973
f 973//973 972//972 974//974
f 973//973 974//974 975//975
f 975//975 974//974 976//976
f 975//975 976//976 977//977
f 978//978 979//979 980//980
f 981//981 978//978 982//982
f 981//981 982//982 983//983
f 983//983 982//982 984//984
f 983//983 984//984 985//985
f 978//978 980//980 982//982
f 982//982 980//980 986//986
f 982//982 986//986 984//984
f 984//984 986//986 987//987
f 984//984 987//987 988//988
f 985//985 984//984 989//989
f 989//989 984//984 988//988
f 989//989 988//988 990//990
f 970//970 987//987 968//968
f 968//968 987//987 986//986
f 968//968 986//986 972//972
f 972//972 986//986 980//980
f 972//972 980//980 974//974
f 974//974 980//980 979//979
f 974//974 979//979 976//976
f 991//991 990//990 992//992
f 992//992 990//990 988//988
f 992//992 988//988 993//993
f 993//993 988//988 987//987
f 993//993 987//987 994//994
f 994//994 987//987 970//970
f 944//944 995//995 961//961
f 996//996 997//997 998//998
f 997//997 996//996 999//999
f 1000//1000 1001//1001 1002//1002
f 1000//1000 1002//1002 1003//1003
f 1004//1004 1005//1005 1006//1006
f 995//995 999//999 1007//1007
f 1007//1007 999//999 996//996
f 1007//1007 996//996 1008//1008
f 1009//1009 1003//1003 1010//1010
f 1010//1010 1003//1003 1002//1002
f 1010//1010 1002//1002 1011//1011
f 1011//1011 1002//1002 1012//1012
f 1011//1011 1012//1012 1006//1006
f 1006//1006 1012//1012 1013//1013
f 1006//1006 1013//1013 1004//1004
f 1005//1005 1008//1008 1006//1006
f 1006//1006 1008//1008 996//996
f 1006//1006 996//996 1011//1011
f 1011//1011 996//996 998//998
f 1011//1011 998//998 1010//1010
f 1010//1010 998//998 1014//1014
f 1010//1010 1014//1014 1009//1009
f 1009//1009 1014//1014 1015//1015
f 1016//1016 1017//1017 1018//1018
f 1019//1019 1020//1020 1021//1021
f 1022//1022 1023//1023 1024//1024
f 1025//1025 1026//1026 1027//1027
f 1027//1027 1026//1026 1028//1028
f 1027//1027 1028//1028 1023//1023
f 1029//1029 1030//1030 1031//1031
f 1032//1032 1017//1017 1033//1033
f 1033//1033 1017//1017 1016//1016
f 1033//1033 1016//1016 1034//1034
f 1035//1035 1036//1036 1019//1019
f 1021//1021 1020//1020 1027//1027
f 1027//1027 1020//1020 1037//1037
f 1027//1027 1037//1037 1025//1025
f 1038//1038 1039//1039 1040//1040
f 1040//1040 1039//1039 1022//1022
f 1040//1040 1022//1022 1041//1041
f 1041//1041 1022//1022 1024//1024
f 1041//1041 1024//1024 1042//1042
f 1038//1038 1034//1034 1039//1039
f 1039//1039 1034//1034 1016//1016
f 1039//1039 1016//1016 1043//1043
f 1043//1043 1016//1016 1018//1018
f 1043//1043 1018//1018 1044//1044
f 1044//1044 1018//1018 1045//1045
f 1019//1019 1036//1036 1020//1020
f 1020//1020 1036//1036 1046//1046
f 1020//1020 1046//1046 1037//1037
f 1037//1037 1046//1046 1029//1029
f 1037//1037 1029//1029 1025//1025
f 1025//1025 1029//1029 1031//1031
f 1025//1025 1031//1031 1026//1026
f 1023//1023 1022//1022 1027//1027
f 1027//1027 1022//1022 1039//1039
f 1027//1027 1039//1039 1021//1021
f 1021//1021 1039//1039 1043//1043
f 1021//1021 1043//1043 1019//1019
f 1019//1019 1043//1043 1044//1044
f 1019//1019 1044//1044 1035//1035
f 1035//1035 1044//1044 1045//1045
f 1035//1035 1045//1045 1047//1047
f 1047//1047 1048//1048 1035//1035
f 1035//1035 1048//1048 1049//1049
f 1035//1035 1049//1049 1036//1036
f 1036//1036 1049//1049 1050//1050
f 1036//1036 1050//1050 1046//1046
f 1046//1046 1050//1050 1051//1051
f 1051//1051 1052//1052 1046//1046
f 1046//1046 1052//1052 1053//1053
f 1046//1046 1053//1053 1029//1029
f 1029//1029 1053//1053 1054//1054
f 1029//1029 1054//1054 1030//1030
f 1030//1030 1054//1054 1055//1055
f 991//991 960//960 990//990
f 990//990 960//960 1056//1056
f 990//990 1056//1056 989//989
f 989//989 1056//1056 985//985
f 985//985 1056//1056 1057//1057
f 985//985 1057//1057 983//983
f 1057//1057 1058//1058 983//983
f 983//983 1058//1058 1059//1059
f 983//983 1059//1059 981//981
f 1060//1060 1061//1061 1062//1062
f 1060//1060 1062//1062 1063//1063
f 1063//1063 1062//1062 1064//1064
f 1063//1063 1064//1064 1065//1065
f 1064//1064 1066//1066 1065//1065
f 1065//1065 1066//1066 1067//1067
f 1065//1065 1067//1067 1068//1068
f 1068//1068 1067//1067 1069//1069
f 1068//1068 1069//1069 1070//1070
f 1071//1071 1072//1072 1073//1073
f 1071//1071 1073//1073 1074//1074
f 1074//1074 1073//1073 1075//1075
f 1074//1074 1075//1075 1076//1076
f 1077//1077 1078//1078 1079//1079
f 1079//1079 1080//1080 1077//1077
f 1077//1077 1080//1080 1081//1081
f 1077//1077 1081//1081 1075//1075
f 1075//1075 1081//1081 1082//1082
f 1075//1075 1082//1082 1076//1076
f 1075//1075 1083//1083 1077//1077
f 1077//1077 1083//1083 1084//1084
f 1077//1077 1084//1084 1078//1078
f 1085//1085 1083//1083 1086//1086
f 1086//1086 1083//1083 1075//1075
f 1086//1086 1075//1075 1087//1087
f 1087//1087 1075//1075 1073//1073
f 1087//1087 1073//1073 1088//1088
f 1088//1088 1073//1073 1072//1072
f 1088//1088 1072//1072 1089//1089
f 1090//1090 1091//1091 1092//1092
f 1093//1093 1094//1094 1095//1095
f 1093//1093 1095//1095 1096//1096
f 1096//1096 1095//1095 1097//1097
f 1096//1096 1097//1097 1098//1098
f 1098//1098 1097//1097 1099//1099
f 1099//1099 1097//1097 1092//1092
f 1099//1099 1092//1092 1100//1100
f 1100//1100 1092//1092 1091//1091
f 1100//1100 1091//1091 1101//1101
f 1094//1094 1102//1102 1095//1095
f 1095//1095 1102//1102 1103//1103
f 1095//1095 1103//1103 1097//1097
f 1104//1104 1090//1090 1105//1105
f 1105//1105 1090//1090 1092//1092
f 1105//1105 1092//1092 1106//1106
f 1106//1106 1092//1092 1097//1097
f 1106//1106 1097//1097 1107//1107
f 1107//1107 1097//1097 1103//1103
f 1108//1108 1109//1109 1110//1110
f 1111//1111 1112//1112 1113//1113
f 1114//1114 1115//1115 1116//1116
f 1101//1101 1091//1091 1117//1117
f 1117//1117 1091//1091 1118//1118
f 1117//1117 1118//1118 1113//1113
f 1113//1113 1118//1118 1119//1119
f 1113//1113 1119//1119 1111//1111
f 1108//1108 1110//1110 1120//1120
f 1120//1120 1110//1110 1121//1121
f 1120//1120 1121//1121 1122//1122
f 1110//1110 1114//1114 1121//1121
f 1121//1121 1114//1114 1116//1116
f 1121//1121 1116//1116 1122//1122
f 1122//1122 1116//1116 1123//1123
f 1122//1122 1123//1123 1124//1124
f 1124//1124 1123//1123 1125//1125
f 1124//1124 1125//1125 1126//1126
f 1126//1126 1112//1112 1124//1124
f 1124//1124 1112//1112 1111//1111
f 1124//1124 1111//1111 1122//1122
f 1122//1122 1111//1111 1119//1119
f 1122//1122 1119//1119 1120//1120
f 1120//1120 1119//1119 1118//1118
f 1120//1120 1118//1118 1108//1108
f 1108//1108 1118//1118 1091//1091
f 1108//1108 1091//1091 1109//1109
f 1109//1109 1091//1091 1090//1090
f 1109//1109 1090//1090 1104//1104
f 1102//1102 1127//1127 1103//1103
f 1103//1103 1127//1127 1128//1128
f 1103//1103 1128//1128 1107//1107
f 1107//1107 1128//1128 1129//1129
f 1107//1107 1129//1129 1106//1106
f 1106//1106 1129//1129 1130//1130
f 1106//1106 1130//1130 1105//1105
f 1105//1105 1130//1130 1131//1131
f 1105//1105 1131//1131 1104//1104
f 1104//1104 1131//1131 1132//1132
f 1061//1061 1133//1133 1062//1062
f 1062//1062 1133//1133 1134//1134
f 1062//1062 1134//1134 1064//1064
f 1064//1064 1134//1134 1066//1066
f 1066//1066 1134//1134 1135//1135
f 1066//1066 1135//1135 1067//1067
f 1136//1136 1069//1069 1137//1137
f 1137//1137 1069//1069 1067//1067
f 1137//1137 1067//1067 1138//1138
f 1138//1138 1067//1067 1135//1135
f 1139//1139 1140//1140 1141//1141
f 1142//1142 1143//1143 1144//1144
f 1142//1142 1144//1144 1145//1145
f 1145//1145 1144//1144 1146//1146
f 1145//1145 1146//1146 1147//1147
f 1148//1148 1149//1149 1150//1150
f 1151//1151 1152//1152 1149//1149
f 1153//1153 1154//1154 1139//1139
f 1155//1155 1156//1156 1157//1157
f 1157//1157 1156//1156 1158//1158
f 1151//1151 1149//1149 1159//1159
f 1159//1159 1149//1149 1148//1148
f 1159//1159 1148//1148 1157//1157
f 1155//1155 1157//1157 1160//1160
f 1160//1160 1157//1157 1148//1148
f 1160//1160 1148//1148 1161//1161
f 1161//1161 1148//1148 1150//1150
f 1161//1161 1150//1150 1162//1162
f 1154//1154 1153//1153 1163//1163
f 1163//1163 1153//1153 1164//1164
f 1163//1163 1164//1164 1165//1165
f 1165//1165 1164//1164 1166//1166
f 1165//1165 1166//1166 1167//1167
f 1168//1168 1158//1158 1169//1169
f 1169//1169 1158//1158 1156//1156
f 1169//1169 1156//1156 1170//1170
f 1170//1170 1156//1156 1155//1155
f 1170//1170 1155//1155 1171//1171
f 1171//1171 1155//1155 1141//1141
f 1171//1171 1141//1141 1172//1172
f 1172//1172 1141//1141 1140//1140
f 1172//1172 1140//1140 1173//1173
f 1158//1158 1174//1174 1157//1157
f 1157//1157 1174//1174 1175//1175
f 1157//1157 1175//1175 1159//1159
f 1159//1159 1175//1175 1176//1176
f 1159//1159 1176//1176 1151//1151
f 1151//1151 1176//1176 1177//1177
f 1151//1151 1177//1177 1152//1152
f 1152//1152 1177//1177 1178//1178
f 1143//1143 1167//1167 1144//1144
f 1144//1144 1167//1167 1166//1166
f 1144//1144 1166//1166 1146//1146
f 1146//1146 1166//1166 1179//1179
f 1146//1146 1179//1179 1147//1147
f 1139//1139 1141//1141 1153//1153
f 1153//1153 1141//1141 1155//1155
f 1153//1153 1155//1155 1164//1164
f 1164//1164 1155//1155 1160//1160
f 1164//1164 1160//1160 1166//1166
f 1166//1166 1160//1160 1161//1161
f 1166//1166 1161//1161 1179//1179
f 1179//1179 1161//1161 1162//1162
f 1179//1179 1162//1162 1147//1147
f 1132//1132 1180//1180 1181//1181
f 1182//1182 1115//1115 1183//1183
f 1183//1183 1115//1115 1114//1114
f 1183//1183 1114//1114 1184//1184
f 1184//1184 1114//1114 1110//1110
f 1184//1184 1110//1110 1181//1181
f 1181//1181 1110//1110 1109//1109
f 1181//1181 1109//1109 1132//1132
f 1132//1132 1109//1109 1104//1104
f 1084//1084 1185//1185 1186//1186
f 1186//1186 1187//1187 1084//1084
f 1084//1084 1187//1187 1188//1188
f 1084//1084 1188//1188 1189//1189
f 1190//1190 1191//1191 1192//1192
f 1192//1192 1191//1191 1193//1193
f 1192//1192 1193//1193 1194//1194
f 1061//1061 1078//1078 1133//1133
f 1133//1133 1078//1078 1084//1084
f 1133//1133 1084//1084 1195//1195
f 1195//1195 1084//1084 1189//1189
f 1196//1196 1192//1192 1185//1185
f 1185//1185 1192//1192 1197//1197
f 1185//1185 1197//1197 1186//1186
f 1196//1196 1198//1198 1192//1192
f 1192//1192 1198//1198 1199//1199
f 1192//1192 1199//1199 1190//1190
f 1139//1139 1200//1200 1140//1140
f 1140//1140 1200//1200 1201//1201
f 1140//1140 1201//1201 1173//1173
f 1173//1173 1201//1201 1202//1202
f 1173//1173 1202//1202 1203//1203
f 1142//1142 1204//1204 1143//1143
f 1143//1143 1204//1204 1205//1205
f 1143//1143 1205//1205 1167//1167
f 1167//1167 1205//1205 1206//1206
f 1167//1167 1206//1206 1165//1165
f 1165//1165 1206//1206 1207//1207
f 1165//1165 1207//1207 1163//1163
f 1163//1163 1207//1207 1208//1208
f 1163//1163 1208//1208 1154//1154
f 1154//1154 1208//1208 1209//1209
f 1154//1154 1209//1209 1139//1139
f 1139//1139 1209//1209 1210//1210
f 1139//1139 1210//1210 1200//1200
f 881//881 938//938 1211//1211
f 881//881 1211//1211 934//934
f 934//934 1211//1211 1212//1212
f 934//934 1212//1212 922//922
f 919//919 1213//1213 1214//1214
f 919//919 1214//1214 915//915
f 1214//1214 1215//1215 915//915
f 915//915 1215//1215 939//939
f 915//915 939//939 905//905
f 1216//1216 1217//1217 1218//1218
f 1219//1219 1220//1220 1221//1221
f 1222//1222 1223//1223 1224//1224
f 1224//1224 1223//1223 1225//1225
f 1225//1225 1223//1223 1217//1217
f 1217//1217 1223//1223 1226//1226
f 1217//1217 1226//1226 1218//1218
f 939//939 1215//1215 1227//1227
f 1227//1227 1215//1215 1228//1228
f 1227//1227 1228//1228 1229//1229
f 1230//1230 1231//1231 1232//1232
f 1232//1232 1231//1231 1233//1233
f 1232//1232 1233//1233 1234//1234
f 1234//1234 1233//1233 1235//1235
f 1236//1236 1231//1231 1226//1226
f 1226//1226 1231//1231 1230//1230
f 1226//1226 1230//1230 1218//1218
f 1222//1222 1221//1221 1223//1223
f 1223//1223 1221//1221 1220//1220
f 1223//1223 1220//1220 1226//1226
f 1226//1226 1220//1220 1237//1237
f 1226//1226 1237//1237 1236//1236
f 1238//1238 1239//1239 1240//1240
f 1240//1240 1239//1239 1241//1241
f 1240//1240 1241//1241 1242//1242
f 1242//1242 1241//1241 1243//1243
f 1242//1242 1243//1243 1244//1244
f 1244//1244 1243//1243 1245//1245
f 1244//1244 1245//1245 1246//1246
f 1246//1246 1245//1245 1247//1247
f 1246//1246 1247//1247 1213//1213
f 1213//1213 1247//1247 1214//1214
f 1236//1236 1248//1248 1231//1231
f 1231//1231 1248//1248 1249//1249
f 1231//1231 1249//1249 1233//1233
f 1233//1233 1249//1249 1250//1250
f 1233//1233 1250//1250 1235//1235
f 1235//1235 1250//1250 1229//1229
f 1235//1235 1229//1229 1234//1234
f 1234//1234 1229//1229 1228//1228
f 1215//1215 1214//1214 1228//1228
f 1228//1228 1214//1214 1247//1247
f 1228//1228 1247//1247 1234//1234
f 1234//1234 1247//1247 1245//1245
f 1234//1234 1245//1245 1232//1232
f 1232//1232 1245//1245 1243//1243
f 1232//1232 1243//1243 1230//1230
f 1230//1230 1243//1243 1241//1241
f 1230//1230 1241//1241 1218//1218
f 1218//1218 1241//1241 1239//1239
f 1218//1218 1239//1239 1216//1216
f 1251//1251 1212//1212 1211//1211
f 1252//1252 1253//1253 938//938
f 1254//1254 1255//1255 1256//1256
f 1256//1256 1255//1255 1257//1257
f 1256//1256 1257//1257 1258//1258
f 1258//1258 1257//1257 1259//1259
f 1258//1258 1259//1259 1260//1260
f 1253//1253 1252//1252 1261//1261
f 1252//1252 1262//1262 1261//1261
f 1261//1261 1262//1262 1263//1263
f 1261//1261 1263//1263 1264//1264
f 1264//1264 1263//1263 1265//1265
f 1264//1264 1265//1265 1266//1266
f 1266//1266 1265//1265 1267//1267
f 1266//1266 1267//1267 1260//1260
f 1260//1260 1267//1267 1268//1268
f 1260//1260 1268//1268 1258//1258
f 1251//1251 1211//1211 1269//1269
f 1269//1269 1211//1211 1270//1270
f 1269//1269 1270//1270 1271//1271
f 1272//1272 1273//1273 1274//1274
f 1274//1274 1273//1273 1275//1275
f 1274//1274 1275//1275 1271//1271
f 1271//1271 1275//1275 1276//1276
f 1271//1271 1276//1276 1269//1269
f 1277//1277 1278//1278 1279//1279
f 1279//1279 1278//1278 1280//1280
f 1279//1279 1280//1280 1272//1272
f 1272//1272 1280//1280 1273//1273
f 1273//1273 1280//1280 1281//1281
f 1273//1273 1281//1281 1275//1275
f 1275//1275 1281//1281 1282//1282
f 1275//1275 1282//1282 1276//1276
f 1276//1276 1282//1282 1283//1283
f 1276//1276 1283//1283 1269//1269
f 1257//1257 1284//1284 1259//1259
f 1259//1259 1284//1284 1277//1277
f 1259//1259 1277//1277 1260//1260
f 1260//1260 1277//1277 1279//1279
f 1260//1260 1279//1279 1266//1266
f 1266//1266 1279//1279 1272//1272
f 1266//1266 1272//1272 1264//1264
f 1264//1264 1272//1272 1274//1274
f 1264//1264 1274//1274 1261//1261
f 1261//1261 1274//1274 1271//1271
f 1261//1261 1271//1271 1253//1253
f 1253//1253 1271//1271 1270//1270
f 1253//1253 1270//1270 938//938
f 938//938 1270//1270 1211//1211
f 1285//1285 1286//1286 1287//1287
f 1288//1288 1289//1289 1219//1219
f 1254//1254 1290//1290 1291//1291
f 1292//1292 1293//1293 1294//1294
f 1294//1294 1293//1293 1295//1295
f 1296//1296 1297//1297 1298//1298
f 1026//1026 1299//1299 1028//1028
f 1028//1028 1299//1299 1300//1300
f 1028//1028 1300//1300 1023//1023
f 1023//1023 1300//1300 1301//1301
f 1023//1023 1301//1301 1024//1024
f 1024//1024 1301//1301 1042//1042
f 1302//1302 1303//1303 1297//1297
f 1297//1297 1303//1303 1304//1304
f 1297//1297 1304//1304 1298//1298
f 1150//1150 1149//1149 1305//1305
f 1305//1305 1149//1149 1152//1152
f 1305//1305 1152//1152 1306//1306
f 1306//1306 1152//1152 1178//1178
f 1306//1306 1178//1178 1302//1302
f 1302//1302 1178//1178 1307//1307
f 1302//1302 1307//1307 1303//1303
f 1055//1055 1219//1219 1030//1030
f 1030//1030 1219//1219 1299//1299
f 1030//1030 1299//1299 1031//1031
f 1031//1031 1299//1299 1026//1026
f 1308//1308 1309//1309 1310//1310
f 1310//1310 1309//1309 1296//1296
f 1310//1310 1296//1296 1311//1311
f 1285//1285 1287//1287 1312//1312
f 1312//1312 1287//1287 1313//1313
f 1312//1312 1313//1313 1314//1314
f 1314//1314 1313//1313 1281//1281
f 1314//1314 1281//1281 1315//1315
f 1288//1288 1147//1147 1305//1305
f 1305//1305 1147//1147 1162//1162
f 1305//1305 1162//1162 1150//1150
f 981//981 1059//1059 1316//1316
f 1316//1316 1059//1059 1317//1317
f 1316//1316 1317//1317 1318//1318
f 1317//1317 1319//1319 1318//1318
f 1318//1318 1319//1319 1320//1320
f 1318//1318 1320//1320 1321//1321
f 1318//1318 1322//1322 1295//1295
f 1295//1295 1322//1322 1323//1323
f 1295//1295 1323//1323 1294//1294
f 1318//1318 1295//1295 1316//1316
f 1316//1316 1295//1295 1324//1324
f 1316//1316 1324//1324 1325//1325
f 1308//1308 1326//1326 1327//1327
f 1327//1327 1326//1326 1293//1293
f 1327//1327 1293//1293 1328//1328
f 1328//1328 1293//1293 1292//1292
f 1329//1329 1330//1330 1296//1296
f 1296//1296 1330//1330 1331//1331
f 1296//1296 1331//1331 1332//1332
f 1298//1298 1333//1333 1296//1296
f 1296//1296 1333//1333 1334//1334
f 1296//1296 1334//1334 1335//1335
f 1335//1335 1336//1336 1296//1296
f 1296//1296 1336//1336 1337//1337
f 1296//1296 1337//1337 1329//1329
f 1329//1329 1337//1337 1338//1338
f 1286//1286 1285//1285 1339//1339
f 1339//1339 1285//1285 1340//1340
f 1339//1339 1340//1340 1238//1238
f 1238//1238 1340//1340 1341//1341
f 1238//1238 1341//1341 1239//1239
f 1239//1239 1341//1341 1342//1342
f 1239//1239 1342//1342 1216//1216
f 1327//1327 1343//1343 1219//1219
f 1219//1219 1343//1343 1344//1344
f 1219//1219 1344//1344 1299//1299
f 1332//1332 1345//1345 1296//1296
f 1296//1296 1345//1345 1346//1346
f 1296//1296 1346//1346 1311//1311
f 1281//1281 1280//1280 1315//1315
f 1315//1315 1280//1280 1278//1278
f 1315//1315 1278//1278 1277//1277
f 1224//1224 1342//1342 1222//1222
f 1222//1222 1342//1342 1347//1347
f 1321//1321 1348//1348 1318//1318
f 1318//1318 1348//1348 1349//1349
f 1318//1318 1349//1349 1301//1301
f 1301//1301 1349//1349 1350//1350
f 1301//1301 1350//1350 1042//1042
f 1289//1289 1351//1351 1219//1219
f 1219//1219 1351//1351 1352//1352
f 1219//1219 1352//1352 1327//1327
f 1327//1327 1352//1352 1353//1353
f 1327//1327 1353//1353 1308//1308
f 1308//1308 1353//1353 1354//1354
f 1308//1308 1354//1354 1309//1309
f 1277//1277 1284//1284 1315//1315
f 1315//1315 1284//1284 1257//1257
f 1315//1315 1257//1257 1291//1291
f 1291//1291 1257//1257 1255//1255
f 1291//1291 1255//1255 1254//1254
f 1224//1224 1225//1225 1342//1342
f 1342//1342 1225//1225 1217//1217
f 1342//1342 1217//1217 1216//1216
f 1254//1254 1204//1204 1142//1142
f 1325//1325 1355//1355 1316//1316
f 1316//1316 1355//1355 1356//1356
f 1316//1316 1356//1356 1357//1357
f 1290//1290 1254//1254 1358//1358
f 1358//1358 1254//1254 1142//1142
f 1358//1358 1142//1142 1145//1145
f 1145//1145 1147//1147 1358//1358
f 1358//1358 1147//1147 1288//1288
f 1358//1358 1288//1288 1359//1359
f 1359//1359 1288//1288 1219//1219
f 1359//1359 1219//1219 1347//1347
f 1347//1347 1219//1219 1221//1221
f 1347//1347 1221//1221 1222//1222
f 1357//1357 1360//1360 1316//1316
f 1316//1316 1360//1360 1361//1361
f 1316//1316 1361//1361 1362//1362
f 1363//1363 1364//1364 1365//1365
f 1210//1210 1209//1209 1366//1366
f 1204//1204 1367//1367 1368//1368
f 1368//1368 1367//1367 1369//1369
f 1368//1368 1369//1369 1207//1207
f 1207//1207 1206//1206 1368//1368
f 1368//1368 1206//1206 1205//1205
f 1368//1368 1205//1205 1204//1204
f 1210//1210 1366//1366 1200//1200
f 1200//1200 1366//1366 1370//1370
f 1200//1200 1370//1370 1201//1201
f 1201//1201 1370//1370 1365//1365
f 1201//1201 1365//1365 1202//1202
f 1202//1202 1365//1365 1364//1364
f 1202//1202 1364//1364 1203//1203
f 1209//1209 1208//1208 1366//1366
f 1366//1366 1208//1208 1371//1371
f 1366//1366 1371//1371 1370//1370
f 1370//1370 1371//1371 1372//1372
f 1370//1370 1372//1372 1365//1365
f 1365//1365 1372//1372 1373//1373
f 1365//1365 1373//1373 1363//1363
f 1363//1363 1373//1373 1374//1374
f 1208//1208 1207//1207 1371//1371
f 1371//1371 1207//1207 1369//1369
f 1371//1371 1369//1369 1372//1372
f 1372//1372 1369//1369 1375//1375
f 1372//1372 1375//1375 1373//1373
f 1373//1373 1375//1375 1376//1376
f 1373//1373 1376//1376 1374//1374
f 1374//1374 1376//1376 1377//1377
f 937//937 1377//1377 1378//1378
f 1378//1378 1377//1377 1376//1376
f 1378//1378 1376//1376 1379//1379
f 1379//1379 1376//1376 1375//1375
f 1379//1379 1375//1375 1380//1380
f 1380//1380 1375//1375 1369//1369
f 1380//1380 1369//1369 1381//1381
f 1381//1381 1369//1369 1367//1367
f 1382//1382 1129//1129 1128//1128
f 1382//1382 1383//1383 1129//1129
f 1129//1129 1383//1383 1384//1384
f 1129//1129 1384//1384 1130//1130
f 1130//1130 1384//1384 1385//1385
f 1130//1130 1385//1385 1131//1131
f 1131//1131 1385//1385 1386//1386
f 1131//1131 1386//1386 1132//1132
f 1132//1132 1386//1386 1387//1387
f 1388//1388 1389//1389 1127//1127
f 1127//1127 1389//1389 1390//1390
f 1127//1127 1390//1390 1128//1128
f 1128//1128 1390//1390 1391//1391
f 1128//1128 1391//1391 1382//1382
f 1338//1338 1337//1337 1392//1392
f 1392//1392 1337//1337 1393//1393
f 1392//1392 1393//1393 1394//1394
f 1394//1394 1393//1393 1395//1395
f 1394//1394 1395//1395 1396//1396
f 1396//1396 1395//1395 1397//1397
f 1396//1396 1397//1397 1398//1398
f 1398//1398 1397//1397 1399//1399
f 1400//1400 1388//1388 1136//1136
f 1397//1397 1401//1401 1399//1399
f 1399//1399 1401//1401 1400//1400
f 1399//1399 1400//1400 1402//1402
f 1402//1402 1400//1400 1136//1136
f 1403//1403 1404//1404 1405//1405
f 1053//1053 1052//1052 1406//1406
f 1052//1052 1051//1051 1406//1406
f 1406//1406 1051//1051 1050//1050
f 1406//1406 1050//1050 1407//1407
f 1407//1407 1050//1050 1049//1049
f 1407//1407 1049//1049 1408//1408
f 1408//1408 1049//1049 1048//1048
f 1408//1408 1048//1048 1409//1409
f 1404//1404 940//940 1405//1405
f 1405//1405 940//940 1410//1410
f 1405//1405 1410//1410 1411//1411
f 1412//1412 1413//1413 1414//1414
f 1414//1414 1413//1413 1415//1415
f 1414//1414 1415//1415 1416//1416
f 1416//1416 1415//1415 1411//1411
f 1416//1416 1411//1411 1417//1417
f 1417//1417 1411//1411 1410//1410
f 1409//1409 1403//1403 1408//1408
f 1408//1408 1403//1403 1405//1405
f 1408//1408 1405//1405 1407//1407
f 1407//1407 1405//1405 1411//1411
f 1407//1407 1411//1411 1406//1406
f 1406//1406 1411//1411 1415//1415
f 1406//1406 1415//1415 1053//1053
f 1053//1053 1415//1415 1413//1413
f 1053//1053 1413//1413 1054//1054
f 1054//1054 1413//1413 1412//1412
f 1054//1054 1412//1412 1055//1055
f 1168//1168 1418//1418 1158//1158
f 1158//1158 1418//1418 1419//1419
f 1158//1158 1419//1419 1174//1174
f 1174//1174 1419//1419 1420//1420
f 1174//1174 1420//1420 1175//1175
f 1175//1175 1420//1420 1421//1421
f 1175//1175 1421//1421 1176//1176
f 1176//1176 1421//1421 1422//1422
f 1176//1176 1422//1422 1177//1177
f 1177//1177 1422//1422 1423//1423
f 1177//1177 1423//1423 1178//1178
f 1178//1178 1423//1423 1307//1307
f 1424//1424 1425//1425 1426//1426
f 1427//1427 1428//1428 1429//1429
f 1430//1430 1431//1431 1432//1432
f 1433//1433 1434//1434 1424//1424
f 1430//1430 1432//1432 1429//1429
f 1429//1429 1432//1432 1435//1435
f 1429//1429 1435//1435 1427//1427
f 1436//1436 1437//1437 1438//1438
f 1438//1438 1437//1437 1439//1439
f 1438//1438 1439//1439 1440//1440
f 1440//1440 1439//1439 1441//1441
f 1440//1440 1441//1441 1418//1418
f 1442//1442 1438//1438 1443//1443
f 1443//1443 1438//1438 1440//1440
f 1443//1443 1440//1440 1444//1444
f 1444//1444 1440//1440 1418//1418
f 1425//1425 1424//1424 1445//1445
f 1445//1445 1424//1424 1434//1434
f 1445//1445 1434//1434 1446//1446
f 1447//1447 1448//1448 1449//1449
f 1449//1449 1448//1448 1450//1450
f 1449//1449 1450//1450 1451//1451
f 1430//1430 1433//1433 1431//1431
f 1431//1431 1433//1433 1424//1424
f 1431//1431 1424//1424 1452//1452
f 1452//1452 1424//1424 1426//1426
f 1452//1452 1426//1426 1448//1448
f 1448//1448 1426//1426 1453//1453
f 1448//1448 1453//1453 1450//1450
f 1447//1447 1436//1436 1448//1448
f 1448//1448 1436//1436 1438//1438
f 1448//1448 1438//1438 1452//1452
f 1452//1452 1438//1438 1442//1442
f 1452//1452 1442//1442 1431//1431
f 1431//1431 1442//1442 1443//1443
f 1431//1431 1443//1443 1432//1432
f 1432//1432 1443//1443 1444//1444
f 1432//1432 1444//1444 1435//1435
f 1446//1446 1434//1434 1181//1181
f 1446//1446 1181//1181 1180//1180
f 1429//1429 1428//1428 1182//1182
f 1434//1434 1433//1433 1181//1181
f 1181//1181 1433//1433 1430//1430
f 1181//1181 1430//1430 1184//1184
f 1184//1184 1430//1430 1429//1429
f 1184//1184 1429//1429 1183//1183
f 1183//1183 1429//1429 1182//1182
f 1042//1042 1350//1350 1041//1041
f 1041//1041 1350//1350 1454//1454
f 1041//1041 1454//1454 1040//1040
f 1040//1040 1454//1454 1455//1455
f 1040//1040 1455//1455 1038//1038
f 1038//1038 1455//1455 1456//1456
f 1038//1038 1456//1456 1034//1034
f 1034//1034 1456//1456 1457//1457
f 1034//1034 1457//1457 1033//1033
f 1033//1033 1457//1457 1458//1458
f 1033//1033 1458//1458 1032//1032
f 1032//1032 1458//1458 1001//1001
f 1459//1459 1460//1460 1461//1461
f 1461//1461 1460//1460 1462//1462
f 1461//1461 1462//1462 1463//1463
f 1463//1463 1462//1462 1464//1464
f 1463//1463 1464//1464 1465//1465
f 1465//1465 1464//1464 1466//1466
f 1465//1465 1466//1466 1467//1467
f 1467//1467 1466//1466 1468//1468
f 1469//1469 1470//1470 1471//1471
f 1471//1471 1470//1470 1472//1472
f 1471//1471 1472//1472 1473//1473
f 1473//1473 1472//1472 1474//1474
f 1474//1474 1472//1472 1467//1467
f 1474//1474 1467//1467 1468//1468
f 1475//1475 1476//1476 1477//1477
f 1478//1478 1479//1479 1480//1480
f 1476//1476 1475//1475 1481//1481
f 1482//1482 1483//1483 1484//1484
f 1479//1479 1478//1478 1485//1485
f 1486//1486 1487//1487 1488//1488
f 1487//1487 1486//1486 1489//1489
f 1490//1490 1491//1491 1492//1492
f 1473//1473 1474//1474 1493//1493
f 1493//1493 1474//1474 1494//1494
f 1493//1493 1494//1494 1495//1495
f 1495//1495 1494//1494 1496//1496
f 1495//1495 1496//1496 1497//1497
f 1498//1498 1499//1499 1500//1500
f 1501//1501 1502//1502 1503//1503
f 1503//1503 1502//1502 1478//1478
f 1475//1475 1504//1504 1505//1505
f 1505//1505 1504//1504 1506//1506
f 1505//1505 1506//1506 1507//1507
f 1507//1507 1506//1506 1508//1508
f 1507//1507 1508//1508 1509//1509
f 1499//1499 1509//1509 1500//1500
f 1500//1500 1509//1509 1508//1508
f 1500//1500 1508//1508 1484//1484
f 1484//1484 1508//1508 1506//1506
f 1484//1484 1506//1506 1482//1482
f 1482//1482 1506//1506 1504//1504
f 1480//1480 1510//1510 1478//1478
f 1478//1478 1510//1510 1511//1511
f 1478//1478 1511//1511 1503//1503
f 1503//1503 1511//1511 1512//1512
f 1503//1503 1512//1512 1501//1501
f 1501//1501 1512//1512 1513//1513
f 1501//1501 1513//1513 1514//1514
f 1514//1514 1513//1513 1515//1515
f 1514//1514 1515//1515 1516//1516
f 1516//1516 1515//1515 1517//1517
f 1518//1518 1499//1499 1495//1495
f 1495//1495 1499//1499 1498//1498
f 1495//1495 1498//1498 1493//1493
f 1493//1493 1498//1498 1519//1519
f 1493//1493 1519//1519 1473//1473
f 1473//1473 1519//1519 1471//1471
f 1477//1477 1520//1520 1475//1475
f 1475//1475 1520//1520 1521//1521
f 1475//1475 1521//1521 1504//1504
f 1504//1504 1521//1521 1522//1522
f 1504//1504 1522//1522 1482//1482
f 1482//1482 1522//1522 1523//1523
f 1482//1482 1523//1523 1483//1483
f 1523//1523 1524//1524 1483//1483
f 1483//1483 1524//1524 1525//1525
f 1483//1483 1525//1525 1484//1484
f 1484//1484 1525//1525 1489//1489
f 1484//1484 1489//1489 1500//1500
f 1500//1500 1489//1489 1486//1486
f 1500//1500 1486//1486 1498//1498
f 1498//1498 1486//1486 1488//1488
f 1498//1498 1488//1488 1519//1519
f 1519//1519 1488//1488 1526//1526
f 1519//1519 1526//1526 1471//1471
f 1471//1471 1526//1526 1469//1469
f 1485//1485 1478//1478 1527//1527
f 1527//1527 1478//1478 1502//1502
f 1527//1527 1502//1502 1528//1528
f 1528//1528 1502//1502 1501//1501
f 1528//1528 1501//1501 1529//1529
f 1529//1529 1501//1501 1514//1514
f 1529//1529 1514//1514 1492//1492
f 1492//1492 1514//1514 1516//1516
f 1492//1492 1516//1516 1490//1490
f 1490//1490 1516//1516 1517//1517
f 1490//1490 1517//1517 1530//1530
f 1497//1497 1530//1530 1495//1495
f 1495//1495 1530//1530 1517//1517
f 1495//1495 1517//1517 1518//1518
f 1518//1518 1517//1517 1515//1515
f 1518//1518 1515//1515 1499//1499
f 1499//1499 1515//1515 1513//1513
f 1499//1499 1513//1513 1509//1509
f 1509//1509 1513//1513 1512//1512
f 1509//1509 1512//1512 1507//1507
f 1507//1507 1512//1512 1511//1511
f 1507//1507 1511//1511 1505//1505
f 1505//1505 1511//1511 1510//1510
f 1505//1505 1510//1510 1475//1475
f 1475//1475 1510//1510 1480//1480
f 1475//1475 1480//1480 1481//1481
f 1316//1316 1531//1531 981//981
f 981//981 1531//1531 978//978
f 978//978 1531//1531 979//979
f 979//979 1531//1531 1532//1532
f 979//979 1532//1532 976//976
f 976//976 1532//1532 1491//1491
f 976//976 1491//1491 977//977
f 1533//1533 1534//1534 1535//1535
f 1533//1533 1535//1535 1536//1536
f 1089//1089 1459//1459 1537//1537
f 1537//1537 1459//1459 1536//1536
f 1537//1537 1536//1536 1538//1538
f 1538//1538 1536//1536 1535//1535
f 938//938 937//937 1252//1252
f 1252//1252 937//937 1378//1378
f 1252//1252 1378//1378 1262//1262
f 1267//1267 1265//1265 1379//1379
f 1379//1379 1265//1265 1378//1378
f 1378//1378 1265//1265 1263//1263
f 1378//1378 1263//1263 1262//1262
f 1204//1204 1254//1254 1367//1367
f 1367//1367 1254//1254 1256//1256
f 1379//1379 1380//1380 1267//1267
f 1267//1267 1380//1380 1381//1381
f 1267//1267 1381//1381 1268//1268
f 1268//1268 1381//1381 1367//1367
f 1268//1268 1367//1367 1258//1258
f 1258//1258 1367//1367 1256//1256
f 1416//1416 1237//1237 1414//1414
f 1414//1414 1237//1237 1220//1220
f 1414//1414 1220//1220 1412//1412
f 1412//1412 1220//1220 1219//1219
f 1412//1412 1219//1219 1055//1055
f 1410//1410 1249//1249 1417//1417
f 1417//1417 1249//1249 1248//1248
f 1417//1417 1248//1248 1416//1416
f 1416//1416 1248//1248 1236//1236
f 1416//1416 1236//1236 1237//1237
f 939//939 1227//1227 940//940
f 940//940 1227//1227 1229//1229
f 940//940 1229//1229 1410//1410
f 1410//1410 1229//1229 1250//1250
f 1410//1410 1250//1250 1249//1249
f 1539//1539 965//965 964//964
f 1540//1540 1541//1541 1542//1542
f 1319//1319 1543//1543 1544//1544
f 1058//1058 1545//1545 1059//1059
f 1059//1059 1545//1545 1317//1317
f 1319//1319 1544//1544 1320//1320
f 1320//1320 1544//1544 1546//1546
f 1320//1320 1546//1546 1321//1321
f 1349//1349 1348//1348 1547//1547
f 1547//1547 1348//1348 1321//1321
f 1547//1547 1321//1321 1548//1548
f 1548//1548 1321//1321 1546//1546
f 1548//1548 1546//1546 1549//1549
f 1550//1550 1551//1551 1552//1552
f 1552//1552 1551//1551 1553//1553
f 1552//1552 1553//1553 1350//1350
f 1540//1540 1542//1542 1554//1554
f 1554//1554 1542//1542 1555//1555
f 1554//1554 1555//1555 1556//1556
f 1557//1557 1558//1558 1559//1559
f 1560//1560 1561//1561 1562//1562
f 1562//1562 1561//1561 1563//1563
f 1562//1562 1563//1563 1564//1564
f 1564//1564 1563//1563 1565//1565
f 1564//1564 1565//1565 1566//1566
f 1566//1566 1565//1565 1558//1558
f 1567//1567 1555//1555 1568//1568
f 1568//1568 1555//1555 1542//1542
f 1568//1568 1542//1542 1550//1550
f 1550//1550 1542//1542 1541//1541
f 1550//1550 1541//1541 1551//1551
f 1551//1551 1541//1541 1540//1540
f 1350//1350 1349//1349 1552//1552
f 1552//1552 1349//1349 1547//1547
f 1552//1552 1547//1547 1550//1550
f 1550//1550 1547//1547 1548//1548
f 1550//1550 1548//1548 1568//1568
f 1568//1568 1548//1548 1549//1549
f 1568//1568 1549//1549 1567//1567
f 1543//1543 1569//1569 1544//1544
f 1544//1544 1569//1569 1570//1570
f 1544//1544 1570//1570 1546//1546
f 1546//1546 1570//1570 1571//1571
f 1546//1546 1571//1571 1549//1549
f 1549//1549 1571//1571 1572//1572
f 1549//1549 1572//1572 1567//1567
f 1567//1567 1572//1572 1573//1573
f 1567//1567 1573//1573 1555//1555
f 1555//1555 1573//1573 1574//1574
f 1555//1555 1574//1574 1556//1556
f 1559//1559 1575//1575 1557//1557
f 1557//1557 1575//1575 1576//1576
f 1557//1557 1576//1576 1577//1577
f 1577//1577 1576//1576 1545//1545
f 1577//1577 1545//1545 1057//1057
f 1057//1057 1545//1545 1058//1058
f 1057//1057 1056//1056 1577//1577
f 1577//1577 1056//1056 1578//1578
f 1577//1577 1578//1578 1557//1557
f 1557//1557 1578//1578 1579//1579
f 1557//1557 1579//1579 1558//1558
f 1558//1558 1579//1579 1580//1580
f 1558//1558 1580//1580 1566//1566
f 1566//1566 1580//1580 1539//1539
f 1566//1566 1539//1539 1564//1564
f 1564//1564 1539//1539 964//964
f 1564//1564 964//964 1562//1562
f 961//961 1560//1560 962//962
f 962//962 1560//1560 1562//1562
f 962//962 1562//1562 963//963
f 963//963 1562//1562 964//964
f 1056//1056 960//960 1578//1578
f 1578//1578 960//960 959//959
f 1578//1578 959//959 1579//1579
f 1579//1579 959//959 958//958
f 1579//1579 958//958 1580//1580
f 1580//1580 958//958 957//957
f 1580//1580 957//957 1539//1539
f 1539//1539 957//957 956//956
f 1539//1539 956//956 965//965
f 1561//1561 1581//1581 1563//1563
f 1563//1563 1581//1581 1574//1574
f 1563//1563 1574//1574 1565//1565
f 1565//1565 1574//1574 1573//1573
f 1565//1565 1573//1573 1558//1558
f 1558//1558 1573//1573 1572//1572
f 1558//1558 1572//1572 1559//1559
f 1559//1559 1572//1572 1571//1571
f 1559//1559 1571//1571 1575//1575
f 1575//1575 1571//1571 1570//1570
f 1575//1575 1570//1570 1576//1576
f 1576//1576 1570//1570 1569//1569
f 1576//1576 1569//1569 1545//1545
f 1545//1545 1569//1569 1543//1543
f 1545//1545 1543//1543 1317//1317
f 1317//1317 1543//1543 1319//1319
f 1531//1531 1316//1316 1362//1362
f 1362//1362 1582//1582 1531//1531
f 1531//1531 1582//1582 1583//1583
f 1531//1531 1583//1583 1532//1532
f 1532//1532 1583//1583 1584//1584
f 1532//1532 1584//1584 1491//1491
f 1491//1491 1584//1584 1492//1492
f 1585//1585 1586//1586 1587//1587
f 1295//1295 1588//1588 1589//1589
f 1295//1295 1589//1589 1324//1324
f 1324//1324 1589//1589 1590//1590
f 1324//1324 1590//1590 1325//1325
f 1325//1325 1590//1590 1591//1591
f 1325//1325 1591//1591 1355//1355
f 1355//1355 1591//1591 1592//1592
f 1355//1355 1592//1592 1356//1356
f 1356//1356 1592//1592 1593//1593
f 1356//1356 1593//1593 1357//1357
f 1357//1357 1593//1593 1594//1594
f 1357//1357 1594//1594 1360//1360
f 1360//1360 1594//1594 1595//1595
f 1360//1360 1595//1595 1361//1361
f 1361//1361 1595//1595 1582//1582
f 1361//1361 1582//1582 1362//1362
f 1586//1586 1596//1596 1597//1597
f 1598//1598 1599//1599 1585//1585
f 1599//1599 1598//1598 1588//1588
f 1586//1586 1597//1597 1587//1587
f 1587//1587 1597//1597 1600//1600
f 1587//1587 1600//1600 1601//1601
f 1601//1601 1600//1600 1602//1602
f 1601//1601 1602//1602 1603//1603
f 1603//1603 1602//1602 1604//1604
f 1603//1603 1604//1604 1605//1605
f 1605//1605 1604//1604 1606//1606
f 1605//1605 1606//1606 1607//1607
f 1607//1607 1606//1606 1608//1608
f 1607//1607 1608//1608 1609//1609
f 1609//1609 1608//1608 1610//1610
f 1609//1609 1610//1610 1611//1611
f 1611//1611 1610//1610 1492//1492
f 1611//1611 1492//1492 1584//1584
f 1585//1585 1587//1587 1598//1598
f 1598//1598 1587//1587 1601//1601
f 1598//1598 1601//1601 1612//1612
f 1612//1612 1601//1601 1603//1603
f 1612//1612 1603//1603 1613//1613
f 1613//1613 1603//1603 1605//1605
f 1613//1613 1605//1605 1614//1614
f 1614//1614 1605//1605 1607//1607
f 1614//1614 1607//1607 1615//1615
f 1615//1615 1607//1607 1609//1609
f 1615//1615 1609//1609 1616//1616
f 1616//1616 1609//1609 1611//1611
f 1616//1616 1611//1611 1617//1617
f 1617//1617 1611//1611 1584//1584
f 1617//1617 1584//1584 1583//1583
f 1588//1588 1598//1598 1589//1589
f 1589//1589 1598//1598 1612//1612
f 1589//1589 1612//1612 1590//1590
f 1590//1590 1612//1612 1613//1613
f 1590//1590 1613//1613 1591//1591
f 1591//1591 1613//1613 1614//1614
f 1591//1591 1614//1614 1592//1592
f 1592//1592 1614//1614 1615//1615
f 1592//1592 1615//1615 1593//1593
f 1593//1593 1615//1615 1616//1616
f 1593//1593 1616//1616 1594//1594
f 1594//1594 1616//1616 1617//1617
f 1594//1594 1617//1617 1595//1595
f 1595//1595 1617//1617 1583//1583
f 1595//1595 1583//1583 1582//1582
f 1618//1618 1596//1596 1619//1619
f 1619//1619 1596//1596 1586//1586
f 1619//1619 1586//1586 1620//1620
f 1620//1620 1586//1586 1585//1585
f 1620//1620 1585//1585 1621//1621
f 1621//1621 1585//1585 1599//1599
f 1621//1621 1599//1599 1622//1622
f 1599//1599 1588//1588 1622//1622
f 1622//1622 1588//1588 1295//1295
f 1622//1622 1295//1295 1293//1293
f 1620//1620 1621//1621 1623//1623
f 1624//1624 1625//1625 1619//1619
f 1619//1619 1625//1625 1626//1626
f 1619//1619 1626//1626 1618//1618
f 1619//1619 1620//1620 1624//1624
f 1624//1624 1620//1620 1623//1623
f 1624//1624 1623//1623 1627//1627
f 1627//1627 1623//1623 1628//1628
f 1627//1627 1628//1628 1629//1629
f 1629//1629 1628//1628 1630//1630
f 1629//1629 1630//1630 1631//1631
f 1631//1631 1630//1630 1632//1632
f 1631//1631 1632//1632 1633//1633
f 1634//1634 1635//1635 1636//1636
f 1636//1636 1631//1631 1634//1634
f 1634//1634 1631//1631 1633//1633
f 1634//1634 1633//1633 1635//1635
f 1635//1635 1633//1633 1637//1637
f 1622//1622 1293//1293 1638//1638
f 1638//1638 1293//1293 1326//1326
f 1638//1638 1326//1326 1639//1639
f 1639//1639 1326//1326 1308//1308
f 1639//1639 1308//1308 1640//1640
f 1308//1308 1310//1310 1640//1640
f 1640//1640 1310//1310 1311//1311
f 1640//1640 1311//1311 1641//1641
f 1641//1641 1311//1311 1346//1346
f 1641//1641 1346//1346 1345//1345
f 1194//1194 1642//1642 1643//1643
f 1643//1643 1642//1642 1644//1644
f 1643//1643 1644//1644 1637//1637
f 1637//1637 1644//1644 1645//1645
f 1637//1637 1645//1645 1635//1635
f 1636//1636 1646//1646 1631//1631
f 1631//1631 1646//1646 1647//1647
f 1631//1631 1647//1647 1629//1629
f 1629//1629 1647//1647 1648//1648
f 1629//1629 1648//1648 1627//1627
f 1627//1627 1648//1648 1649//1649
f 1627//1627 1649//1649 1624//1624
f 1624//1624 1649//1649 1650//1650
f 1624//1624 1650//1650 1625//1625
f 1194//1194 1643//1643 1651//1651
f 1651//1651 1643//1643 1330//1330
f 1651//1651 1330//1330 1329//1329
f 1621//1621 1622//1622 1623//1623
f 1623//1623 1622//1622 1638//1638
f 1623//1623 1638//1638 1628//1628
f 1628//1628 1638//1638 1639//1639
f 1628//1628 1639//1639 1630//1630
f 1630//1630 1639//1639 1640//1640
f 1630//1630 1640//1640 1632//1632
f 1632//1632 1640//1640 1641//1641
f 1632//1632 1641//1641 1633//1633
f 1633//1633 1641//1641 1345//1345
f 1633//1633 1345//1345 1637//1637
f 1637//1637 1345//1345 1332//1332
f 1637//1637 1332//1332 1643//1643
f 1643//1643 1332//1332 1331//1331
f 1643//1643 1331//1331 1330//1330
f 1192//1192 1194//1194 1651//1651
f 1192//1192 1651//1651 1652//1652
f 1652//1652 1651//1651 1329//1329
f 1652//1652 1329//1329 1338//1338
f 1382//1382 1391//1391 1653//1653
f 1298//1298 1304//1304 1654//1654
f 1298//1298 1654//1654 1333//1333
f 1335//1335 1334//1334 1655//1655
f 1656//1656 1657//1657 1658//1658
f 1658//1658 1657//1657 1659//1659
f 1658//1658 1659//1659 1660//1660
f 1660//1660 1659//1659 1661//1661
f 1660//1660 1661//1661 1662//1662
f 1662//1662 1661//1661 1663//1663
f 1662//1662 1663//1663 1664//1664
f 1664//1664 1663//1663 1665//1665
f 1664//1664 1665//1665 1666//1666
f 1666//1666 1665//1665 1667//1667
f 1666//1666 1667//1667 1655//1655
f 1655//1655 1667//1667 1336//1336
f 1655//1655 1336//1336 1335//1335
f 1383//1383 1382//1382 1668//1668
f 1668//1668 1382//1382 1653//1653
f 1668//1668 1653//1653 1669//1669
f 1669//1669 1653//1653 1670//1670
f 1669//1669 1670//1670 1671//1671
f 1671//1671 1670//1670 1672//1672
f 1671//1671 1672//1672 1673//1673
f 1673//1673 1672//1672 1674//1674
f 1673//1673 1674//1674 1675//1675
f 1675//1675 1674//1674 1676//1676
f 1675//1675 1676//1676 1677//1677
f 1677//1677 1676//1676 1678//1678
f 1677//1677 1678//1678 1654//1654
f 1654//1654 1678//1678 1679//1679
f 1654//1654 1679//1679 1333//1333
f 1337//1337 1336//1336 1393//1393
f 1393//1393 1336//1336 1667//1667
f 1393//1393 1667//1667 1395//1395
f 1395//1395 1667//1667 1665//1665
f 1395//1395 1665//1665 1397//1397
f 1397//1397 1665//1665 1663//1663
f 1397//1397 1663//1663 1401//1401
f 1401//1401 1663//1663 1661//1661
f 1401//1401 1661//1661 1400//1400
f 1400//1400 1661//1661 1659//1659
f 1400//1400 1659//1659 1388//1388
f 1388//1388 1659//1659 1657//1657
f 1388//1388 1657//1657 1389//1389
f 1389//1389 1657//1657 1656//1656
f 1389//1389 1656//1656 1390//1390
f 1391//1391 1390//1390 1653//1653
f 1653//1653 1390//1390 1656//1656
f 1653//1653 1656//1656 1670//1670
f 1670//1670 1656//1656 1658//1658
f 1670//1670 1658//1658 1672//1672
f 1672//1672 1658//1658 1660//1660
f 1672//1672 1660//1660 1674//1674
f 1674//1674 1660//1660 1662//1662
f 1674//1674 1662//1662 1676//1676
f 1676//1676 1662//1662 1664//1664
f 1676//1676 1664//1664 1678//1678
f 1678//1678 1664//1664 1666//1666
f 1678//1678 1666//1666 1679//1679
f 1679//1679 1666//1666 1655//1655
f 1679//1679 1655//1655 1333//1333
f 1333//1333 1655//1655 1334//1334
f 1385//1385 1384//1384 1680//1680
f 1681//1681 1682//1682 1307//1307
f 1446//1446 1387//1387 1386//1386
f 1683//1683 1445//1445 1386//1386
f 1386//1386 1445//1445 1446//1446
f 1450//1450 1453//1453 1684//1684
f 1684//1684 1453//1453 1426//1426
f 1685//1685 1686//1686 1451//1451
f 1687//1687 1688//1688 1689//1689
f 1689//1689 1688//1688 1690//1690
f 1689//1689 1690//1690 1691//1691
f 1686//1686 1685//1685 1692//1692
f 1693//1693 1694//1694 1695//1695
f 1695//1695 1694//1694 1696//1696
f 1695//1695 1696//1696 1697//1697
f 1682//1682 1681//1681 1696//1696
f 1696//1696 1681//1681 1698//1698
f 1696//1696 1698//1698 1697//1697
f 1688//1688 1699//1699 1690//1690
f 1690//1690 1699//1699 1694//1694
f 1690//1690 1694//1694 1691//1691
f 1691//1691 1694//1694 1693//1693
f 1687//1687 1692//1692 1688//1688
f 1688//1688 1692//1692 1685//1685
f 1688//1688 1685//1685 1684//1684
f 1684//1684 1685//1685 1451//1451
f 1684//1684 1451//1451 1450//1450
f 1700//1700 1701//1701 1702//1702
f 1702//1702 1701//1701 1683//1683
f 1702//1702 1683//1683 1703//1703
f 1703//1703 1683//1683 1386//1386
f 1386//1386 1385//1385 1703//1703
f 1703//1703 1385//1385 1680//1680
f 1703//1703 1680//1680 1702//1702
f 1702//1702 1680//1680 1704//1704
f 1702//1702 1704//1704 1700//1700
f 1700//1700 1704//1704 1705//1705
f 1384//1384 1383//1383 1680//1680
f 1680//1680 1383//1383 1668//1668
f 1680//1680 1668//1668 1704//1704
f 1704//1704 1668//1668 1669//1669
f 1704//1704 1669//1669 1705//1705
f 1705//1705 1669//1669 1671//1671
f 1705//1705 1671//1671 1706//1706
f 1706//1706 1671//1671 1673//1673
f 1706//1706 1673//1673 1707//1707
f 1707//1707 1673//1673 1675//1675
f 1707//1707 1675//1675 1708//1708
f 1708//1708 1675//1675 1677//1677
f 1708//1708 1677//1677 1709//1709
f 1709//1709 1677//1677 1654//1654
f 1709//1709 1654//1654 1303//1303
f 1303//1303 1654//1654 1304//1304
f 1303//1303 1307//1307 1709//1709
f 1709//1709 1307//1307 1682//1682
f 1709//1709 1682//1682 1708//1708
f 1708//1708 1682//1682 1696//1696
f 1708//1708 1696//1696 1707//1707
f 1707//1707 1696//1696 1694//1694
f 1707//1707 1694//1694 1706//1706
f 1706//1706 1694//1694 1699//1699
f 1706//1706 1699//1699 1705//1705
f 1705//1705 1699//1699 1688//1688
f 1705//1705 1688//1688 1700//1700
f 1700//1700 1688//1688 1684//1684
f 1700//1700 1684//1684 1701//1701
f 1701//1701 1684//1684 1426//1426
f 1701//1701 1426//1426 1683//1683
f 1683//1683 1426//1426 1425//1425
f 1683//1683 1425//1425 1445//1445
f 1084//1084 1083//1083 1710//1710
f 1711//1711 1084//1084 1710//1710
f 1712//1712 1711//1711 1713//1713
f 1713//1713 1711//1711 1710//1710
f 1713//1713 1710//1710 1714//1714
f 1714//1714 1710//1710 1083//1083
f 1714//1714 1083//1083 1085//1085
f 1089//1089 1537//1537 1088//1088
f 1088//1088 1537//1537 1715//1715
f 1088//1088 1715//1715 1087//1087
f 1087//1087 1715//1715 1716//1716
f 1087//1087 1716//1716 1086//1086
f 1086//1086 1716//1716 1717//1717
f 1086//1086 1717//1717 1085//1085
f 1402//1402 1136//1136 1137//1137
f 1192//1192 1652//1652 1197//1197
f 1197//1197 1652//1652 1718//1718
f 1197//1197 1718//1718 1186//1186
f 1186//1186 1718//1718 1719//1719
f 1720//1720 1188//1188 1187//1187
f 1188//1188 1720//1720 1189//1189
f 1189//1189 1720//1720 1721//1721
f 1189//1189 1721//1721 1195//1195
f 1195//1195 1721//1721 1134//1134
f 1195//1195 1134//1134 1133//1133
f 1135//1135 1134//1134 1722//1722
f 1722//1722 1134//1134 1721//1721
f 1722//1722 1721//1721 1719//1719
f 1719//1719 1721//1721 1720//1720
f 1719//1719 1720//1720 1186//1186
f 1186//1186 1720//1720 1187//1187
f 1399//1399 1723//1723 1398//1398
f 1398//1398 1723//1723 1724//1724
f 1398//1398 1724//1724 1396//1396
f 1396//1396 1724//1724 1394//1394
f 1394//1394 1724//1724 1725//1725
f 1394//1394 1725//1725 1392//1392
f 1138//1138 1723//1723 1137//1137
f 1137//1137 1723//1723 1399//1399
f 1137//1137 1399//1399 1402//1402
f 1338//1338 1392//1392 1652//1652
f 1652//1652 1392//1392 1725//1725
f 1652//1652 1725//1725 1718//1718
f 1718//1718 1725//1725 1724//1724
f 1718//1718 1724//1724 1719//1719
f 1719//1719 1724//1724 1723//1723
f 1719//1719 1723//1723 1722//1722
f 1722//1722 1723//1723 1138//1138
f 1722//1722 1138//1138 1135//1135
f 1001//1001 1458//1458 1002//1002
f 1002//1002 1458//1458 1726//1726
f 1002//1002 1726//1726 1012//1012
f 1012//1012 1726//1726 1727//1727
f 1012//1012 1727//1727 1013//1013
f 1013//1013 1727//1727 1728//1728
f 1013//1013 1728//1728 1004//1004
f 1004//1004 1728//1728 1556//1556
f 1132//1132 1387//1387 1180//1180
f 1194//1194 1193//1193 1642//1642
f 1642//1642 1193//1193 1729//1729
f 1730//1730 1646//1646 1731//1731
f 1731//1731 1646//1646 1636//1636
f 1731//1731 1636//1636 1732//1732
f 1732//1732 1636//1636 1635//1635
f 1732//1732 1635//1635 1733//1733
f 1733//1733 1635//1635 1645//1645
f 1733//1733 1645//1645 1729//1729
f 1729//1729 1645//1645 1644//1644
f 1729//1729 1644//1644 1642//1642
f 1649//1649 1648//1648 1730//1730
f 1730//1730 1648//1648 1647//1647
f 1730//1730 1647//1647 1646//1646
f 1618//1618 1626//1626 1734//1734
f 1734//1734 1626//1626 1625//1625
f 1734//1734 1625//1625 1735//1735
f 1735//1735 1625//1625 1650//1650
f 1735//1735 1650//1650 1736//1736
f 1736//1736 1650//1650 1649//1649
f 1736//1736 1649//1649 1737//1737
f 1737//1737 1649//1649 1730//1730
f 1738//1738 1735//1735 1739//1739
f 1739//1739 1735//1735 1736//1736
f 1739//1739 1736//1736 1740//1740
f 1740//1740 1736//1736 1737//1737
f 1740//1740 1737//1737 1741//1741
f 1741//1741 1737//1737 1730//1730
f 1741//1741 1730//1730 1742//1742
f 1742//1742 1730//1730 1731//1731
f 1742//1742 1731//1731 1743//1743
f 1743//1743 1731//1731 1732//1732
f 1743//1743 1732//1732 1744//1744
f 1744//1744 1732//1732 1733//1733
f 1744//1744 1733//1733 1745//1745
f 1745//1745 1733//1733 1729//1729
f 1745//1745 1729//1729 1191//1191
f 1191//1191 1729//1729 1193//1193
f 1746//1746 1747//1747 1748//1748
f 1749//1749 1199//1199 1198//1198
f 1750//1750 1751//1751 1752//1752
f 1752//1752 1751//1751 1753//1753
f 1752//1752 1753//1753 1754//1754
f 1755//1755 1756//1756 1757//1757
f 1757//1757 1756//1756 1758//1758
f 1757//1757 1758//1758 1759//1759
f 1759//1759 1758//1758 1760//1760
f 1759//1759 1760//1760 1761//1761
f 1761//1761 1760//1760 1762//1762
f 1761//1761 1762//1762 1763//1763
f 1747//1747 1749//1749 1748//1748
f 1748//1748 1749//1749 1198//1198
f 1748//1748 1198//1198 1764//1764
f 1764//1764 1198//1198 1196//1196
f 1764//1764 1196//1196 1765//1765
f 1765//1765 1196//1196 1185//1185
f 1742//1742 1766//1766 1741//1741
f 1741//1741 1766//1766 1767//1767
f 1741//1741 1767//1767 1740//1740
f 1740//1740 1767//1767 1768//1768
f 1740//1740 1768//1768 1739//1739
f 1739//1739 1768//1768 1769//1769
f 1739//1739 1769//1769 1738//1738
f 1738//1738 1769//1769 1770//1770
f 1771//1771 1762//1762 1772//1772
f 1772//1772 1762//1762 1760//1760
f 1772//1772 1760//1760 1773//1773
f 1773//1773 1760//1760 1758//1758
f 1773//1773 1758//1758 1774//1774
f 1774//1774 1758//1758 1756//1756
f 1191//1191 1190//1190 1745//1745
f 1745//1745 1190//1190 1775//1775
f 1745//1745 1775//1775 1744//1744
f 1744//1744 1775//1775 1776//1776
f 1744//1744 1776//1776 1743//1743
f 1743//1743 1776//1776 1777//1777
f 1743//1743 1777//1777 1778//1778
f 1778//1778 1777//1777 1779//1779
f 1778//1778 1779//1779 1780//1780
f 1780//1780 1779//1779 1781//1781
f 1780//1780 1781//1781 1782//1782
f 1782//1782 1781//1781 1783//1783
f 1782//1782 1783//1783 1784//1784
f 1742//1742 1743//1743 1766//1766
f 1766//1766 1743//1743 1778//1778
f 1766//1766 1778//1778 1767//1767
f 1767//1767 1778//1778 1780//1780
f 1767//1767 1780//1780 1768//1768
f 1768//1768 1780//1780 1782//1782
f 1768//1768 1782//1782 1769//1769
f 1769//1769 1782//1782 1784//1784
f 1769//1769 1784//1784 1770//1770
f 1765//1765 1771//1771 1764//1764
f 1764//1764 1771//1771 1772//1772
f 1764//1764 1772//1772 1748//1748
f 1748//1748 1772//1772 1773//1773
f 1748//1748 1773//1773 1746//1746
f 1746//1746 1773//1773 1774//1774
f 1746//1746 1774//1774 1785//1785
f 1785//1785 1774//1774 1756//1756
f 1785//1785 1756//1756 1750//1750
f 1750//1750 1756//1756 1755//1755
f 1750//1750 1755//1755 1751//1751
f 1190//1190 1199//1199 1775//1775
f 1775//1775 1199//1199 1749//1749
f 1775//1775 1749//1749 1776//1776
f 1776//1776 1749//1749 1747//1747
f 1776//1776 1747//1747 1777//1777
f 1777//1777 1747//1747 1746//1746
f 1777//1777 1746//1746 1779//1779
f 1779//1779 1746//1746 1785//1785
f 1779//1779 1785//1785 1781//1781
f 1781//1781 1785//1785 1750//1750
f 1781//1781 1750//1750 1783//1783
f 1783//1783 1750//1750 1752//1752
f 1783//1783 1752//1752 1784//1784
f 1784//1784 1752//1752 1754//1754
f 1784//1784 1754//1754 1770//1770
f 1786//1786 1763//1763 1787//1787
f 1787//1787 1763//1763 1762//1762
f 1771//1771 1788//1788 1762//1762
f 1762//1762 1788//1788 1789//1789
f 1762//1762 1789//1789 1787//1787
f 1771//1771 1790//1790 1791//1791
f 1791//1791 1792//1792 1771//1771
f 1771//1771 1792//1792 1793//1793
f 1771//1771 1793//1793 1788//1788
f 1790//1790 1771//1771 1712//1712
f 1712//1712 1771//1771 1765//1765
f 1712//1712 1765//1765 1711//1711
f 1711//1711 1765//1765 1185//1185
f 1711//1711 1185//1185 1084//1084
f 1420//1420 1419//1419 1794//1794
f 1686//1686 1692//1692 1795//1795
f 1437//1437 1436//1436 1796//1796
f 1796//1796 1436//1436 1795//1795
f 1796//1796 1795//1795 1797//1797
f 1451//1451 1686//1686 1449//1449
f 1449//1449 1686//1686 1795//1795
f 1449//1449 1795//1795 1447//1447
f 1447//1447 1795//1795 1436//1436
f 1695//1695 1697//1697 1798//1798
f 1421//1421 1799//1799 1422//1422
f 1422//1422 1799//1799 1798//1798
f 1422//1422 1798//1798 1423//1423
f 1423//1423 1798//1798 1800//1800
f 1423//1423 1800//1800 1307//1307
f 1681//1681 1307//1307 1800//1800
f 1437//1437 1796//1796 1439//1439
f 1439//1439 1796//1796 1794//1794
f 1439//1439 1794//1794 1441//1441
f 1441//1441 1794//1794 1419//1419
f 1441//1441 1419//1419 1418//1418
f 1798//1798 1697//1697 1800//1800
f 1800//1800 1697//1697 1698//1698
f 1800//1800 1698//1698 1681//1681
f 1692//1692 1687//1687 1795//1795
f 1795//1795 1687//1687 1689//1689
f 1795//1795 1689//1689 1797//1797
f 1797//1797 1689//1689 1691//1691
f 1797//1797 1691//1691 1693//1693
f 1693//1693 1695//1695 1797//1797
f 1797//1797 1695//1695 1798//1798
f 1797//1797 1798//1798 1796//1796
f 1796//1796 1798//1798 1799//1799
f 1796//1796 1799//1799 1794//1794
f 1794//1794 1799//1799 1421//1421
f 1794//1794 1421//1421 1420//1420
f 1180//1180 1387//1387 1446//1446
f 1801//1801 1456//1456 1455//1455
f 1456//1456 1801//1801 1457//1457
f 1556//1556 1802//1802 1554//1554
f 1554//1554 1802//1802 1803//1803
f 1554//1554 1803//1803 1540//1540
f 1540//1540 1803//1803 1551//1551
f 1350//1350 1553//1553 1804//1804
f 1804//1804 1553//1553 1551//1551
f 1804//1804 1551//1551 1805//1805
f 1805//1805 1551//1551 1803//1803
f 1805//1805 1803//1803 1806//1806
f 1806//1806 1803//1803 1802//1802
f 1458//1458 1457//1457 1726//1726
f 1726//1726 1457//1457 1801//1801
f 1726//1726 1801//1801 1727//1727
f 1556//1556 1728//1728 1802//1802
f 1802//1802 1728//1728 1727//1727
f 1802//1802 1727//1727 1806//1806
f 1806//1806 1727//1727 1801//1801
f 1806//1806 1801//1801 1805//1805
f 1805//1805 1801//1801 1455//1455
f 1805//1805 1455//1455 1804//1804
f 1804//1804 1455//1455 1454//1454
f 1804//1804 1454//1454 1350//1350
f 1536//1536 1459//1459 1807//1807
f 1807//1807 1459//1459 1461//1461
f 1807//1807 1461//1461 1808//1808
f 1808//1808 1461//1461 1463//1463
f 1808//1808 1463//1463 1809//1809
f 1809//1809 1463//1463 1465//1465
f 1809//1809 1465//1465 1472//1472
f 1472//1472 1465//1465 1467//1467
f 1533//1533 1536//1536 1810//1810
f 1810//1810 1536//1536 1807//1807
f 1810//1810 1807//1807 1811//1811
f 1811//1811 1807//1807 1808//1808
f 1811//1811 1808//1808 1812//1812
f 1812//1812 1808//1808 1809//1809
f 1812//1812 1809//1809 1470//1470
f 1470//1470 1809//1809 1472//1472
f 1469//1469 1813//1813 1470//1470
f 1470//1470 1813//1813 1814//1814
f 1596//1596 1477//1477 1597//1597
f 1597//1597 1477//1477 1476//1476
f 1597//1597 1476//1476 1600//1600
f 1600//1600 1476//1476 1481//1481
f 1600//1600 1481//1481 1602//1602
f 1481//1481 1480//1480 1602//1602
f 1602//1602 1480//1480 1479//1479
f 1602//1602 1479//1479 1604//1604
f 1604//1604 1479//1479 1485//1485
f 1604//1604 1485//1485 1606//1606
f 1606//1606 1485//1485 1527//1527
f 1606//1606 1527//1527 1608//1608
f 1608//1608 1527//1527 1528//1528
f 1608//1608 1528//1528 1610//1610
f 1610//1610 1528//1528 1529//1529
f 1610//1610 1529//1529 1492//1492
f 1477//1477 1815//1815 1520//1520
f 1520//1520 1815//1815 1816//1816
f 1520//1520 1816//1816 1521//1521
f 1521//1521 1816//1816 1817//1817
f 1521//1521 1817//1817 1522//1522
f 1522//1522 1817//1817 1818//1818
f 1522//1522 1818//1818 1523//1523
f 1523//1523 1818//1818 1819//1819
f 1523//1523 1819//1819 1524//1524
f 1524//1524 1819//1819 1820//1820
f 1524//1524 1820//1820 1525//1525
f 1525//1525 1820//1820 1821//1821
f 1525//1525 1821//1821 1489//1489
f 1489//1489 1821//1821 1487//1487
f 1487//1487 1821//1821 1822//1822
f 1487//1487 1822//1822 1823//1823
f 1813//1813 1469//1469 1824//1824
f 1824//1824 1469//1469 1526//1526
f 1824//1824 1526//1526 1823//1823
f 1823//1823 1526//1526 1488//1488
f 1823//1823 1488//1488 1487//1487
f 1825//1825 1826//1826 1827//1827
f 1827//1827 1826//1826 1828//1828
f 1827//1827 1828//1828 1829//1829
f 1830//1830 1717//1717 1716//1716
f 1716//1716 1715//1715 1830//1830
f 1830//1830 1715//1715 1537//1537
f 1830//1830 1537//1537 1831//1831
f 1831//1831 1537//1537 1538//1538
f 1831//1831 1538//1538 1829//1829
f 1829//1829 1538//1538 1535//1535
f 1829//1829 1535//1535 1827//1827
f 1832//1832 1833//1833 1834//1834
f 1535//1535 1534//1534 1835//1835
f 1835//1835 1534//1534 1836//1836
f 1835//1835 1836//1836 1837//1837
f 1837//1837 1836//1836 1838//1838
f 1837//1837 1838//1838 1839//1839
f 1839//1839 1838//1838 1840//1840
f 1839//1839 1840//1840 1834//1834
f 1834//1834 1840//1840 1841//1841
f 1834//1834 1841//1841 1832//1832
f 1534//1534 1533//1533 1810//1810
f 1812//1812 1470//1470 1842//1842
f 1534//1534 1810//1810 1843//1843
f 1843//1843 1810//1810 1811//1811
f 1843//1843 1811//1811 1844//1844
f 1844//1844 1811//1811 1812//1812
f 1844//1844 1812//1812 1845//1845
f 1845//1845 1812//1812 1842//1842
f 1845//1845 1842//1842 1846//1846
f 1847//1847 1848//1848 1849//1849
f 1849//1849 1848//1848 1850//1850
f 1849//1849 1850//1850 1851//1851
f 1852//1852 1853//1853 1854//1854
f 1855//1855 1856//1856 1857//1857
f 1857//1857 1856//1856 1848//1848
f 1858//1858 1859//1859 1860//1860
f 1860//1860 1859//1859 1861//1861
f 1857//1857 1862//1862 1863//1863
f 1863//1863 1862//1862 1854//1854
f 1863//1863 1854//1854 1864//1864
f 1864//1864 1854//1854 1853//1853
f 1865//1865 1866//1866 1857//1857
f 1867//1867 1868//1868 1869//1869
f 1847//1847 1870//1870 1848//1848
f 1848//1848 1870//1870 1871//1871
f 1848//1848 1871//1871 1857//1857
f 1857//1857 1871//1871 1872//1872
f 1857//1857 1872//1872 1865//1865
f 1859//1859 1873//1873 1861//1861
f 1861//1861 1873//1873 1874//1874
f 1861//1861 1874//1874 1875//1875
f 1875//1875 1874//1874 1876//1876
f 1875//1875 1876//1876 1877//1877
f 1877//1877 1876//1876 1878//1878
f 1855//1855 1857//1857 1879//1879
f 1879//1879 1857//1857 1863//1863
f 1879//1879 1863//1863 1880//1880
f 1880//1880 1863//1863 1881//1881
f 1880//1880 1881//1881 1882//1882
f 1883//1883 1884//1884 1885//1885
f 1885//1885 1884//1884 1886//1886
f 1885//1885 1886//1886 1887//1887
f 1888//1888 1877//1877 1881//1881
f 1881//1881 1877//1877 1878//1878
f 1881//1881 1878//1878 1882//1882
f 1852//1852 1854//1854 1869//1869
f 1869//1869 1854//1854 1889//1889
f 1869//1869 1889//1889 1867//1867
f 1850//1850 1859//1859 1851//1851
f 1851//1851 1859//1859 1858//1858
f 1851//1851 1858//1858 1890//1890
f 1890//1890 1858//1858 1891//1891
f 1890//1890 1891//1891 1883//1883
f 1892//1892 1833//1833 1832//1832
f 1865//1865 1893//1893 1866//1866
f 1866//1866 1893//1893 1894//1894
f 1866//1866 1894//1894 1895//1895
f 1895//1895 1894//1894 1885//1885
f 1895//1895 1885//1885 1896//1896
f 1896//1896 1885//1885 1897//1897
f 1898//1898 1899//1899 1900//1900
f 1900//1900 1899//1899 1901//1901
f 1900//1900 1901//1901 1832//1832
f 1883//1883 1891//1891 1884//1884
f 1884//1884 1891//1891 1902//1902
f 1884//1884 1902//1902 1901//1901
f 1901//1901 1902//1902 1903//1903
f 1901//1901 1903//1903 1832//1832
f 1832//1832 1903//1903 1904//1904
f 1832//1832 1904//1904 1892//1892
f 1892//1892 1905//1905 1833//1833
f 1833//1833 1905//1905 1906//1906
f 1833//1833 1906//1906 1907//1907
f 1907//1907 1906//1906 1877//1877
f 1907//1907 1877//1877 1908//1908
f 1908//1908 1877//1877 1888//1888
f 1908//1908 1888//1888 1909//1909
f 1887//1887 1910//1910 1885//1885
f 1885//1885 1910//1910 1911//1911
f 1885//1885 1911//1911 1912//1912
f 1912//1912 1913//1913 1885//1885
f 1885//1885 1913//1913 1914//1914
f 1885//1885 1914//1914 1897//1897
f 1596//1596 1618//1618 1477//1477
f 1477//1477 1618//1618 1734//1734
f 1477//1477 1734//1734 1815//1815
f 1790//1790 1712//1712 1713//1713
f 1915//1915 1791//1791 1790//1790
f 1915//1915 1790//1790 1916//1916
f 1916//1916 1790//1790 1713//1713
f 1916//1916 1713//1713 1917//1917
f 1917//1917 1713//1713 1714//1714
f 1917//1917 1714//1714 1918//1918
f 1918//1918 1714//1714 1085//1085
f 1918//1918 1085//1085 1717//1717
f 1862//1862 1857//1857 1919//1919
f 1919//1919 1857//1857 1920//1920
f 1919//1919 1920//1920 1921//1921
f 1734//1734 1735//1735 1922//1922
f 1922//1922 1735//1735 1923//1923
f 1922//1922 1923//1923 1924//1924
f 1924//1924 1923//1923 1921//1921
f 1924//1924 1921//1921 1925//1925
f 1925//1925 1921//1921 1920//1920
f 1735//1735 1738//1738 1923//1923
f 1923//1923 1738//1738 1926//1926
f 1923//1923 1926//1926 1921//1921
f 1921//1921 1926//1926 1927//1927
f 1921//1921 1927//1927 1919//1919
f 1919//1919 1927//1927 1928//1928
f 1919//1919 1928//1928 1862//1862
f 1862//1862 1928//1928 1854//1854
f 1761//1761 1763//1763 1929//1929
f 1929//1929 1763//1763 1930//1930
f 1929//1929 1930//1930 1931//1931
f 1931//1931 1930//1930 1932//1932
f 1931//1931 1932//1932 1933//1933
f 1933//1933 1932//1932 1934//1934
f 1933//1933 1934//1934 1864//1864
f 1864//1864 1934//1934 1863//1863
f 1759//1759 1761//1761 1935//1935
f 1935//1935 1761//1761 1929//1929
f 1935//1935 1929//1929 1936//1936
f 1936//1936 1929//1929 1931//1931
f 1936//1936 1931//1931 1937//1937
f 1937//1937 1931//1931 1933//1933
f 1937//1937 1933//1933 1853//1853
f 1853//1853 1933//1933 1864//1864
f 1757//1757 1759//1759 1938//1938
f 1938//1938 1759//1759 1935//1935
f 1938//1938 1935//1935 1939//1939
f 1939//1939 1935//1935 1936//1936
f 1939//1939 1936//1936 1940//1940
f 1940//1940 1936//1936 1937//1937
f 1940//1940 1937//1937 1852//1852
f 1852//1852 1937//1937 1853//1853
f 1852//1852 1869//1869 1940//1940
f 1940//1940 1869//1869 1941//1941
f 1940//1940 1941//1941 1939//1939
f 1939//1939 1941//1941 1942//1942
f 1939//1939 1942//1942 1938//1938
f 1938//1938 1942//1942 1943//1943
f 1938//1938 1943//1943 1757//1757
f 1753//1753 1751//1751 1943//1943
f 1943//1943 1751//1751 1755//1755
f 1943//1943 1755//1755 1757//1757
f 1868//1868 1867//1867 1944//1944
f 1944//1944 1867//1867 1945//1945
f 1944//1944 1945//1945 1946//1946
f 1946//1946 1945//1945 1947//1947
f 1946//1946 1947//1947 1948//1948
f 1948//1948 1947//1947 1949//1949
f 1867//1867 1889//1889 1945//1945
f 1945//1945 1889//1889 1950//1950
f 1945//1945 1950//1950 1947//1947
f 1947//1947 1950//1950 1951//1951
f 1947//1947 1951//1951 1949//1949
f 1949//1949 1951//1951 1952//1952
f 1926//1926 1952//1952 1927//1927
f 1927//1927 1952//1952 1951//1951
f 1927//1927 1951//1951 1928//1928
f 1928//1928 1951//1951 1950//1950
f 1928//1928 1950//1950 1854//1854
f 1854//1854 1950//1950 1889//1889
f 1869//1869 1868//1868 1941//1941
f 1941//1941 1868//1868 1944//1944
f 1941//1941 1944//1944 1942//1942
f 1942//1942 1944//1944 1946//1946
f 1942//1942 1946//1946 1943//1943
f 1943//1943 1946//1946 1948//1948
f 1943//1943 1948//1948 1753//1753
f 1753//1753 1948//1948 1949//1949
f 1753//1753 1949//1949 1754//1754
f 1754//1754 1949//1949 1952//1952
f 1754//1754 1952//1952 1770//1770
f 1770//1770 1952//1952 1926//1926
f 1770//1770 1926//1926 1738//1738
f 1881//1881 1863//1863 1934//1934
f 1881//1881 1934//1934 1953//1953
f 1953//1953 1934//1934 1932//1932
f 1953//1953 1932//1932 1954//1954
f 1954//1954 1932//1932 1930//1930
f 1954//1954 1930//1930 1955//1955
f 1955//1955 1930//1930 1763//1763
f 1955//1955 1763//1763 1786//1786
f 1956//1956 1786//1786 1787//1787
f 1956//1956 1787//1787 1957//1957
f 1787//1787 1958//1958 1957//1957
f 1957//1957 1958//1958 1959//1959
f 1957//1957 1959//1959 1960//1960
f 1960//1960 1959//1959 1961//1961
f 1962//1962 1958//1958 1787//1787
f 1963//1963 1829//1829 1964//1964
f 1964//1964 1829//1829 1828//1828
f 1964//1964 1828//1828 1965//1965
f 1965//1965 1828//1828 1826//1826
f 1965//1965 1826//1826 1961//1961
f 1961//1961 1826//1826 1825//1825
f 1966//1966 1830//1830 1963//1963
f 1963//1963 1830//1830 1831//1831
f 1963//1963 1831//1831 1829//1829
f 1917//1917 1967//1967 1916//1916
f 1916//1916 1967//1967 1968//1968
f 1916//1916 1968//1968 1915//1915
f 1959//1959 1958//1958 1969//1969
f 1969//1969 1958//1958 1962//1962
f 1969//1969 1962//1962 1970//1970
f 1789//1789 1788//1788 1968//1968
f 1968//1968 1788//1788 1793//1793
f 1968//1968 1793//1793 1915//1915
f 1915//1915 1793//1793 1792//1792
f 1915//1915 1792//1792 1791//1791
f 1961//1961 1959//1959 1965//1965
f 1965//1965 1959//1959 1969//1969
f 1965//1965 1969//1969 1964//1964
f 1964//1964 1969//1969 1970//1970
f 1964//1964 1970//1970 1963//1963
f 1963//1963 1970//1970 1971//1971
f 1963//1963 1971//1971 1966//1966
f 1717//1717 1830//1830 1918//1918
f 1918//1918 1830//1830 1966//1966
f 1918//1918 1966//1966 1917//1917
f 1917//1917 1966//1966 1971//1971
f 1917//1917 1971//1971 1967//1967
f 1967//1967 1971//1971 1970//1970
f 1967//1967 1970//1970 1968//1968
f 1968//1968 1970//1970 1962//1962
f 1968//1968 1962//1962 1789//1789
f 1789//1789 1962//1962 1787//1787
f 1470//1470 1814//1814 1842//1842
f 1842//1842 1814//1814 1846//1846
f 1814//1814 1813//1813 1972//1972
f 1972//1972 1813//1813 1973//1973
f 1974//1974 1975//1975 1976//1976
f 1976//1976 1975//1975 1977//1977
f 1976//1976 1977//1977 1973//1973
f 1973//1973 1977//1977 1978//1978
f 1973//1973 1978//1978 1972//1972
f 1974//1974 1976//1976 1979//1979
f 1979//1979 1976//1976 1886//1886
f 1979//1979 1886//1886 1884//1884
f 1886//1886 1976//1976 1980//1980
f 1976//1976 1973//1973 1981//1981
f 1973//1973 1813//1813 1824//1824
f 1973//1973 1824//1824 1981//1981
f 1981//1981 1824//1824 1823//1823
f 1981//1981 1823//1823 1982//1982
f 1982//1982 1823//1823 1822//1822
f 1982//1982 1822//1822 1983//1983
f 1983//1983 1822//1822 1821//1821
f 1983//1983 1821//1821 1984//1984
f 1984//1984 1821//1821 1820//1820
f 1984//1984 1820//1820 1985//1985
f 1985//1985 1820//1820 1819//1819
f 1985//1985 1819//1819 1986//1986
f 1986//1986 1819//1819 1818//1818
f 1986//1986 1818//1818 1987//1987
f 1987//1987 1818//1818 1817//1817
f 1987//1987 1817//1817 1988//1988
f 1988//1988 1817//1817 1816//1816
f 1988//1988 1816//1816 1989//1989
f 1989//1989 1816//1816 1815//1815
f 1989//1989 1815//1815 1990//1990
f 1976//1976 1981//1981 1980//1980
f 1980//1980 1981//1981 1982//1982
f 1980//1980 1982//1982 1991//1991
f 1991//1991 1982//1982 1983//1983
f 1991//1991 1983//1983 1992//1992
f 1992//1992 1983//1983 1984//1984
f 1992//1992 1984//1984 1993//1993
f 1993//1993 1984//1984 1985//1985
f 1993//1993 1985//1985 1994//1994
f 1994//1994 1985//1985 1986//1986
f 1994//1994 1986//1986 1995//1995
f 1995//1995 1986//1986 1987//1987
f 1995//1995 1987//1987 1996//1996
f 1996//1996 1987//1987 1988//1988
f 1996//1996 1988//1988 1997//1997
f 1997//1997 1988//1988 1989//1989
f 1997//1997 1989//1989 1998//1998
f 1998//1998 1989//1989 1990//1990
f 1998//1998 1990//1990 1999//1999
f 1886//1886 1980//1980 1887//1887
f 1887//1887 1980//1980 1991//1991
f 1887//1887 1991//1991 1910//1910
f 1910//1910 1991//1991 1992//1992
f 1910//1910 1992//1992 1911//1911
f 1911//1911 1992//1992 1993//1993
f 1911//1911 1993//1993 1912//1912
f 1912//1912 1993//1993 1994//1994
f 1912//1912 1994//1994 1913//1913
f 1913//1913 1994//1994 1995//1995
f 1913//1913 1995//1995 1914//1914
f 1914//1914 1995//1995 1996//1996
f 1914//1914 1996//1996 1897//1897
f 1897//1897 1996//1996 1997//1997
f 1897//1897 1997//1997 1896//1896
f 1896//1896 1997//1997 1998//1998
f 1896//1896 1998//1998 1895//1895
f 1895//1895 1998//1998 1999//1999
f 1895//1895 1999//1999 1866//1866
f 2000//2000 1827//1827 1535//1535
f 1833//1833 1907//1907 1834//1834
f 1834//1834 1907//1907 2001//2001
f 1834//1834 2001//2001 1839//1839
f 1839//1839 2001//2001 2002//2002
f 1839//1839 2002//2002 1837//1837
f 1837//1837 2002//2002 2000//2000
f 1837//1837 2000//2000 1835//1835
f 1835//1835 2000//2000 1535//1535
f 1825//1825 1827//1827 2003//2003
f 2003//2003 1827//1827 2000//2000
f 2003//2003 2000//2000 2004//2004
f 2004//2004 2000//2000 2002//2002
f 2004//2004 2002//2002 2005//2005
f 2005//2005 2002//2002 2001//2001
f 2005//2005 2001//2001 1908//1908
f 1908//1908 2001//2001 1907//1907
f 1900//1900 1832//1832 1841//1841
f 1900//1900 1841//1841 1898//1898
f 2006//2006 1899//1899 1898//1898
f 1901//1901 1899//1899 2007//2007
f 2007//2007 1899//1899 2006//2006
f 2007//2007 2006//2006 2008//2008
f 1846//1846 2009//2009 2010//2010
f 2011//2011 2012//2012 2013//2013
f 2013//2013 2012//2012 2014//2014
f 2013//2013 2014//2014 2015//2015
f 2009//2009 2008//2008 2011//2011
f 2011//2011 2008//2008 2006//2006
f 2011//2011 2006//2006 2012//2012
f 2012//2012 2006//2006 1898//1898
f 2012//2012 1898//1898 2014//2014
f 2014//2014 1898//1898 1841//1841
f 2014//2014 1841//1841 2015//2015
f 2015//2015 1841//1841 1840//1840
f 2015//2015 1840//1840 1838//1838
f 2009//2009 2011//2011 2010//2010
f 2010//2010 2011//2011 2013//2013
f 2010//2010 2013//2013 2016//2016
f 2016//2016 2013//2013 2015//2015
f 2016//2016 2015//2015 2017//2017
f 2017//2017 2015//2015 1838//1838
f 2017//2017 1838//1838 1836//1836
f 1846//1846 2010//2010 1845//1845
f 1845//1845 2010//2010 2016//2016
f 1845//1845 2016//2016 1844//1844
f 1844//1844 2016//2016 2017//2017
f 1844//1844 2017//2017 1843//1843
f 1843//1843 2017//2017 1836//1836
f 1843//1843 1836//1836 1534//1534
f 1866//1866 1999//1999 1857//1857
f 1857//1857 1999//1999 1920//1920
f 1920//1920 1999//1999 1925//1925
f 1925//1925 1999//1999 1990//1990
f 1925//1925 1990//1990 1924//1924
f 1924//1924 1990//1990 1922//1922
f 1922//1922 1990//1990 1815//1815
f 1922//1922 1815//1815 1734//1734
f 1884//1884 1901//1901 1979//1979
f 1979//1979 1901//1901 2007//2007
f 1979//1979 2007//2007 1974//1974
f 1974//1974 2007//2007 1975//1975
f 1975//1975 2007//2007 2008//2008
f 1975//1975 2008//2008 1977//1977
f 1977//1977 2008//2008 1978//1978
f 1978//1978 2008//2008 2009//2009
f 1978//1978 2009//2009 1972//1972
f 1972//1972 2009//2009 1846//1846
f 1972//1972 1846//1846 1814//1814
f 1961//1961 1825//1825 2018//2018
f 2018//2018 1825//1825 2003//2003
f 2018//2018 2003//2003 2019//2019
f 2019//2019 2003//2003 2004//2004
f 2019//2019 2004//2004 2020//2020
f 2020//2020 2004//2004 2005//2005
f 2020//2020 2005//2005 1909//1909
f 1909//1909 2005//2005 1908//1908
f 2021//2021 2020//2020 1888//1888
f 1888//1888 2020//2020 1909//1909
f 1954//1954 2022//2022 1953//1953
f 1953//1953 2022//2022 2021//2021
f 1953//1953 2021//2021 1881//1881
f 1881//1881 2021//2021 1888//1888
f 2019//2019 2020//2020 2023//2023
f 2023//2023 2020//2020 2021//2021
f 2023//2023 2021//2021 2024//2024
f 2024//2024 2021//2021 2022//2022
f 1961//1961 2018//2018 1960//1960
f 1960//1960 2018//2018 2025//2025
f 1960//1960 2025//2025 1957//1957
f 1957//1957 2025//2025 2026//2026
f 1957//1957 2026//2026 1956//1956
f 1956//1956 2026//2026 2027//2027
f 1956//1956 2027//2027 1786//1786
f 1786//1786 2027//2027 1955//1955
f 2018//2018 2019//2019 2025//2025
f 2025//2025 2019//2019 2023//2023
f 2025//2025 2023//2023 2026//2026
f 2026//2026 2023//2023 2024//2024
f 2026//2026 2024//2024 2027//2027
f 2027//2027 2024//2024 2022//2022
f 2027//2027 2022//2022 1955//1955
f 1955//1955 2022//2022 1954//1954
f 1080//1080 1079//1079 2028//2028
f 2029//2029 2030//2030 2031//2031
f 2031//2031 2030//2030 2032//2032
f 2033//2033 2034//2034 2029//2029
f 2029//2029 2031//2031 2033//2033
f 2033//2033 2031//2031 2035//2035
f 2033//2033 2035//2035 2036//2036
f 2036//2036 2035//2035 2037//2037
f 2036//2036 2037//2037 2038//2038
f 2039//2039 2040//2040 2041//2041
f 1081//1081 1080//1080 2042//2042
f 2042//2042 1080//1080 2028//2028
f 2042//2042 2028//2028 2040//2040
f 1081//1081 2042//2042 1082//1082
f 1082//1082 2042//2042 2043//2043
f 1082//1082 2043//2043 1076//1076
f 1076//1076 2043//2043 2044//2044
f 1076//1076 2044//2044 1074//1074
f 2040//2040 2039//2039 2042//2042
f 2042//2042 2039//2039 2045//2045
f 2042//2042 2045//2045 2043//2043
f 2043//2043 2045//2045 2046//2046
f 2043//2043 2046//2046 2044//2044
f 2044//2044 2046//2046 1071//1071
f 2044//2044 1071//1071 1074//1074
f 2047//2047 2038//2038 2041//2041
f 2041//2041 2038//2038 2037//2037
f 2041//2041 2037//2037 2039//2039
f 2039//2039 2037//2037 2035//2035
f 2039//2039 2035//2035 2045//2045
f 2045//2045 2035//2035 2031//2031
f 2045//2045 2031//2031 2046//2046
f 2046//2046 2031//2031 2032//2032
f 2046//2046 2032//2032 1071//1071
f 1459//1459 1089//1089 1072//1072
f 1072//1072 1071//1071 1459//1459
f 1459//1459 1071//1071 2032//2032
f 1459//1459 2032//2032 1460//1460
f 2034//2034 2048//2048 2029//2029
f 2029//2029 2048//2048 1460//1460
f 2029//2029 1460//1460 2030//2030
f 2030//2030 1460//1460 2032//2032
f 2049//2049 2050//2050 2051//2051
f 2052//2052 2053//2053 2054//2054
f 2055//2055 2056//2056 2057//2057
f 2058//2058 2059//2059 2060//2060
f 2047//2047 2061//2061 2062//2062
f 2063//2063 2064//2064 2065//2065
f 2065//2065 2064//2064 2066//2066
f 2065//2065 2066//2066 2067//2067
f 2067//2067 2066//2066 2060//2060
f 2067//2067 2060//2060 2068//2068
f 2068//2068 2060//2060 2059//2059
f 2068//2068 2059//2059 2069//2069
f 2047//2047 2062//2062 2038//2038
f 2038//2038 2062//2062 2070//2070
f 2038//2038 2070//2070 2036//2036
f 2036//2036 2070//2070 2051//2051
f 2036//2036 2051//2051 2033//2033
f 2033//2033 2051//2051 2050//2050
f 2033//2033 2050//2050 2034//2034
f 2063//2063 2052//2052 2064//2064
f 2064//2064 2052//2052 2054//2054
f 2064//2064 2054//2054 2066//2066
f 2066//2066 2054//2054 2071//2071
f 2066//2066 2071//2071 2060//2060
f 2060//2060 2071//2071 2057//2057
f 2060//2060 2057//2057 2058//2058
f 2058//2058 2057//2057 2056//2056
f 2053//2053 2049//2049 2054//2054
f 2054//2054 2049//2049 2051//2051
f 2054//2054 2051//2051 2071//2071
f 2071//2071 2051//2051 2070//2070
f 2071//2071 2070//2070 2057//2057
f 2057//2057 2070//2070 2062//2062
f 2057//2057 2062//2062 2055//2055
f 2055//2055 2062//2062 2061//2061
f 1070//1070 2072//2072 2073//2073
f 2073//2073 2072//2072 2074//2074
f 2073//2073 2074//2074 2075//2075
f 1070//1070 2073//2073 1068//1068
f 1068//1068 2073//2073 2076//2076
f 1068//1068 2076//2076 1065//1065
f 1065//1065 2076//2076 2077//2077
f 1065//1065 2077//2077 1063//1063
f 2078//2078 2079//2079 2080//2080
f 2080//2080 2079//2079 2081//2081
f 2080//2080 2081//2081 2082//2082
f 2082//2082 2081//2081 2083//2083
f 2082//2082 2083//2083 2084//2084
f 2084//2084 2083//2083 2085//2085
f 2086//2086 2084//2084 2087//2087
f 2087//2087 2084//2084 2085//2085
f 2087//2087 2085//2085 2088//2088
f 2078//2078 2080//2080 2089//2089
f 2089//2089 2080//2080 2082//2082
f 2089//2089 2082//2082 2090//2090
f 2090//2090 2082//2082 2084//2084
f 2090//2090 2084//2084 2091//2091
f 2091//2091 2084//2084 2086//2086
f 2091//2091 2086//2086 2092//2092
f 1060//1060 1063//1063 2092//2092
f 2092//2092 1063//1063 2077//2077
f 2092//2092 2077//2077 2091//2091
f 2091//2091 2077//2077 2076//2076
f 2091//2091 2076//2076 2090//2090
f 2090//2090 2076//2076 2073//2073
f 2090//2090 2073//2073 2089//2089
f 2089//2089 2073//2073 2075//2075
f 2089//2089 2075//2075 2078//2078
f 1078//1078 1061//1061 1060//1060
f 2087//2087 2088//2088 2093//2093
f 1078//1078 1060//1060 1079//1079
f 1079//1079 1060//1060 2092//2092
f 1079//1079 2092//2092 2028//2028
f 2028//2028 2092//2092 2086//2086
f 2028//2028 2086//2086 2040//2040
f 2040//2040 2086//2086 2087//2087
f 2040//2040 2087//2087 2041//2041
f 2041//2041 2087//2087 2093//2093
f 2041//2041 2093//2093 2047//2047
f 2088//2088 2085//2085 2094//2094
f 2094//2094 2085//2085 2095//2095
f 2095//2095 2085//2085 2096//2096
f 2096//2096 2085//2085 2083//2083
f 2096//2096 2083//2083 2097//2097
f 2083//2083 2081//2081 2097//2097
f 2097//2097 2081//2081 2079//2079
f 2097//2097 2079//2079 2098//2098
f 2099//2099 2100//2100 2101//2101
f 2102//2102 2103//2103 2104//2104
f 2104//2104 2103//2103 1093//1093
f 2105//2105 2106//2106 2107//2107
f 1093//1093 1096//1096 2104//2104
f 2104//2104 1096//1096 1098//1098
f 2104//2104 1098//1098 2108//2108
f 2108//2108 1098//1098 1099//1099
f 2108//2108 1099//1099 2101//2101
f 2101//2101 1099//1099 1100//1100
f 2101//2101 1100//1100 2099//2099
f 2099//2099 1100//1100 1101//1101
f 2100//2100 2109//2109 2101//2101
f 2101//2101 2109//2109 2110//2110
f 2101//2101 2110//2110 2108//2108
f 2108//2108 2110//2110 2111//2111
f 2108//2108 2111//2111 2104//2104
f 2104//2104 2111//2111 2105//2105
f 2104//2104 2105//2105 2102//2102
f 2102//2102 2105//2105 2107//2107
f 2112//2112 2113//2113 2098//2098
f 2078//2078 2102//2102 2107//2107
f 2078//2078 2107//2107 2079//2079
f 2079//2079 2107//2107 2106//2106
f 2079//2079 2106//2106 2098//2098
f 2098//2098 2106//2106 2114//2114
f 2098//2098 2114//2114 2112//2112
f 2102//2102 2078//2078 2103//2103
f 2103//2103 2078//2078 2075//2075
f 2103//2103 2075//2075 1093//1093
f 1093//1093 2075//2075 2074//2074
f 1093//1093 2074//2074 1094//1094
f 1069//1069 1136//1136 1388//1388
f 2074//2074 2072//2072 1094//1094
f 1094//1094 2072//2072 1070//1070
f 1094//1094 1070//1070 1102//1102
f 1102//1102 1070//1070 1069//1069
f 1102//1102 1069//1069 1127//1127
f 1127//1127 1069//1069 1388//1388
f 2112//2112 2114//2114 2115//2115
f 2115//2115 2116//2116 2112//2112
f 2112//2112 2116//2116 2117//2117
f 2112//2112 2117//2117 2113//2113
f 2118//2118 2119//2119 2120//2120
f 2120//2120 2119//2119 2121//2121
f 2120//2120 2121//2121 2122//2122
f 2122//2122 2121//2121 2123//2123
f 2109//2109 2123//2123 2124//2124
f 2124//2124 2123//2123 2121//2121
f 2124//2124 2121//2121 2116//2116
f 2116//2116 2121//2121 2119//2119
f 2116//2116 2119//2119 2117//2117
f 2114//2114 2106//2106 2115//2115
f 2115//2115 2106//2106 2105//2105
f 2115//2115 2105//2105 2116//2116
f 2116//2116 2105//2105 2111//2111
f 2116//2116 2111//2111 2124//2124
f 2124//2124 2111//2111 2110//2110
f 2124//2124 2110//2110 2109//2109
f 1126//1126 2125//2125 2126//2126
f 1126//1126 2126//2126 1112//1112
f 1112//1112 2126//2126 2127//2127
f 1112//1112 2127//2127 1113//1113
f 2127//2127 2100//2100 1113//1113
f 1113//1113 2100//2100 2099//2099
f 1113//1113 2099//2099 1117//1117
f 1117//1117 2099//2099 1101//1101
f 1126//1126 1125//1125 2125//2125
f 2125//2125 1125//1125 2128//2128
f 2125//2125 2128//2128 2129//2129
f 2129//2129 2130//2130 2125//2125
f 2125//2125 2130//2130 2131//2131
f 2125//2125 2131//2131 2126//2126
f 2126//2126 2131//2131 2132//2132
f 2126//2126 2132//2132 2127//2127
f 2127//2127 2132//2132 2133//2133
f 2127//2127 2133//2133 2100//2100
f 2100//2100 2133//2133 2109//2109
f 1173//1173 2134//2134 1172//1172
f 1172//1172 2134//2134 2135//2135
f 1172//1172 2135//2135 1171//1171
f 1171//1171 2135//2135 2136//2136
f 1171//1171 2136//2136 1170//1170
f 1170//1170 2136//2136 2137//2137
f 1170//1170 2137//2137 1169//1169
f 1169//1169 2137//2137 2138//2138
f 1169//1169 2138//2138 1168//1168
f 1168//1168 1116//1116 1115//1115
f 2128//2128 1168//1168 2129//2129
f 2129//2129 1168//1168 2138//2138
f 2128//2128 1125//1125 1168//1168
f 1168//1168 1125//1125 1123//1123
f 1168//1168 1123//1123 1116//1116
f 1115//1115 1182//1182 1168//1168
f 1168//1168 1182//1182 1428//1428
f 1168//1168 1428//1428 1427//1427
f 1427//1427 1435//1435 1168//1168
f 1168//1168 1435//1435 1444//1444
f 1168//1168 1444//1444 1418//1418
f 2134//2134 2139//2139 2135//2135
f 2135//2135 2139//2139 2140//2140
f 2135//2135 2140//2140 2136//2136
f 2136//2136 2140//2140 2141//2141
f 2136//2136 2141//2141 2137//2137
f 2137//2137 2141//2141 2142//2142
f 2137//2137 2142//2142 2138//2138
f 2138//2138 2142//2142 2143//2143
f 1173//1173 1203//1203 2134//2134
f 2134//2134 1203//1203 2139//2139
f 1377//1377 2144//2144 1374//1374
f 1374//1374 2144//2144 2145//2145
f 1374//1374 2145//2145 1363//1363
f 1363//1363 2145//2145 2146//2146
f 1363//1363 2146//2146 1364//1364
f 1364//1364 2146//2146 2139//2139
f 1364//1364 2139//2139 1203//1203
f 936//936 2147//2147 937//937
f 937//937 2147//2147 2148//2148
f 937//937 2148//2148 1377//1377
f 1377//1377 2148//2148 2149//2149
f 1377//1377 2149//2149 2144//2144
f 2123//2123 2109//2109 2133//2133
f 2129//2129 2138//2138 2130//2130
f 2130//2130 2138//2138 2143//2143
f 2130//2130 2143//2143 2131//2131
f 2143//2143 2150//2150 2151//2151
f 2151//2151 2150//2150 2152//2152
f 2151//2151 2152//2152 2153//2153
f 2143//2143 2151//2151 2131//2131
f 2131//2131 2151//2151 2118//2118
f 2131//2131 2118//2118 2132//2132
f 2132//2132 2118//2118 2120//2120
f 2132//2132 2120//2120 2133//2133
f 2133//2133 2120//2120 2122//2122
f 2133//2133 2122//2122 2123//2123
f 2154//2154 2152//2152 2150//2150
f 2139//2139 2146//2146 2140//2140
f 2140//2140 2146//2146 2155//2155
f 2140//2140 2155//2155 2141//2141
f 2141//2141 2155//2155 2156//2156
f 2141//2141 2156//2156 2142//2142
f 2142//2142 2156//2156 2157//2157
f 2142//2142 2157//2157 2143//2143
f 2146//2146 2145//2145 2155//2155
f 2155//2155 2145//2145 2158//2158
f 2155//2155 2158//2158 2156//2156
f 2156//2156 2158//2158 2154//2154
f 2156//2156 2154//2154 2157//2157
f 2157//2157 2154//2154 2150//2150
f 2157//2157 2150//2150 2143//2143
f 2158//2158 2145//2145 2144//2144
f 2154//2154 2159//2159 2152//2152
f 2152//2152 2159//2159 2160//2160
f 2160//2160 2159//2159 2161//2161
f 2161//2161 2159//2159 2162//2162
f 2161//2161 2162//2162 2163//2163
f 2163//2163 2162//2162 2164//2164
f 2163//2163 2164//2164 2165//2165
f 2165//2165 2164//2164 2166//2166
f 2165//2165 2166//2166 2167//2167
f 2168//2168 2167//2167 2169//2169
f 2169//2169 2167//2167 2166//2166
f 2169//2169 2166//2166 936//936
f 936//936 2166//2166 2147//2147
f 2147//2147 2166//2166 2164//2164
f 2147//2147 2164//2164 2148//2148
f 2148//2148 2164//2164 2162//2162
f 2148//2148 2162//2162 2149//2149
f 2149//2149 2162//2162 2159//2159
f 2149//2149 2159//2159 2144//2144
f 2144//2144 2159//2159 2154//2154
f 2144//2144 2154//2154 2158//2158
f 936//936 941//941 2169//2169
f 2169//2169 941//941 2170//2170
f 2169//2169 2170//2170 2168//2168
f 2168//2168 2170//2170 2171//2171
f 1404//1404 2172//2172 940//940
f 940//940 2172//2172 2173//2173
f 2173//2173 2174//2174 940//940
f 940//940 2174//2174 2175//2175
f 940//940 2175//2175 941//941
f 1048//1048 2176//2176 1409//1409
f 1409//1409 2176//2176 2177//2177
f 1409//1409 2177//2177 1403//1403
f 1403//1403 2177//2177 2178//2178
f 1403//1403 2178//2178 1404//1404
f 1404//1404 2178//2178 2179//2179
f 1404//1404 2179//2179 2172//2172
f 2176//2176 1048//1048 1047//1047
f 2180//2180 2181//2181 2182//2182
f 2183//2183 2184//2184 2185//2185
f 2185//2185 2184//2184 2186//2186
f 2185//2185 2186//2186 2187//2187
f 2187//2187 2186//2186 2171//2171
f 2187//2187 2171//2171 2170//2170
f 2188//2188 2189//2189 2190//2190
f 2191//2191 2192//2192 2193//2193
f 2193//2193 2192//2192 2188//2188
f 2193//2193 2188//2188 2194//2194
f 2194//2194 2188//2188 2190//2190
f 2194//2194 2190//2190 2195//2195
f 2176//2176 2181//2181 2177//2177
f 2177//2177 2181//2181 2180//2180
f 2177//2177 2180//2180 2178//2178
f 2178//2178 2180//2180 2196//2196
f 2178//2178 2196//2196 2179//2179
f 2179//2179 2196//2196 2183//2183
f 2179//2179 2183//2183 2172//2172
f 2172//2172 2183//2183 2173//2173
f 2173//2173 2183//2183 2185//2185
f 2173//2173 2185//2185 2174//2174
f 2174//2174 2185//2185 2187//2187
f 2174//2174 2187//2187 2175//2175
f 2175//2175 2187//2187 2170//2170
f 2175//2175 2170//2170 941//941
f 2197//2197 2195//2195 2198//2198
f 2198//2198 2195//2195 2190//2190
f 2198//2198 2190//2190 2182//2182
f 2182//2182 2190//2190 2189//2189
f 2182//2182 2189//2189 2180//2180
f 2180//2180 2189//2189 2188//2188
f 2180//2180 2188//2188 2196//2196
f 2196//2196 2188//2188 2192//2192
f 2196//2196 2192//2192 2183//2183
f 2183//2183 2192//2192 2191//2191
f 2183//2183 2191//2191 2184//2184
f 2176//2176 1047//1047 2181//2181
f 2181//2181 1047//1047 1045//1045
f 2181//2181 1045//1045 2182//2182
f 2182//2182 1045//1045 1018//1018
f 2182//2182 1018//1018 2198//2198
f 2198//2198 1018//1018 1017//1017
f 2198//2198 1017//1017 2197//2197
f 2197//2197 1017//1017 1032//1032
f 2113//2113 2199//2199 2098//2098
f 2098//2098 2199//2199 2200//2200
f 2200//2200 2199//2199 2201//2201
f 2201//2201 2199//2199 2202//2202
f 2201//2201 2202//2202 2153//2153
f 2203//2203 2204//2204 1468//1468
f 1468//1468 1466//1466 2203//2203
f 2203//2203 1466//1466 1464//1464
f 2203//2203 1464//1464 2205//2205
f 2205//2205 1464//1464 1462//1462
f 2205//2205 1462//1462 2206//2206
f 2206//2206 1462//1462 2207//2207
f 2207//2207 1462//1462 1460//1460
f 2207//2207 1460//1460 2048//2048
f 2208//2208 2048//2048 2034//2034
f 2034//2034 2050//2050 2208//2208
f 2208//2208 2050//2050 2049//2049
f 2208//2208 2049//2049 2209//2209
f 2209//2209 2049//2049 2053//2053
f 2209//2209 2053//2053 2210//2210
f 2053//2053 2052//2052 2210//2210
f 2210//2210 2052//2052 2063//2063
f 2210//2210 2063//2063 2211//2211
f 2212//2212 2213//2213 2214//2214
f 955//955 954//954 2215//2215
f 2216//2216 2217//2217 2218//2218
f 2218//2218 2217//2217 2219//2219
f 2218//2218 2219//2219 2220//2220
f 2215//2215 2221//2221 2222//2222
f 953//953 952//952 2223//2223
f 2221//2221 2215//2215 2223//2223
f 2223//2223 2215//2215 954//954
f 2223//2223 954//954 953//953
f 949//949 2224//2224 947//947
f 947//947 2224//2224 2225//2225
f 947//947 2225//2225 942//942
f 2226//2226 943//943 2227//2227
f 2227//2227 943//943 942//942
f 2228//2228 2229//2229 2214//2214
f 2214//2214 2229//2229 2230//2230
f 2214//2214 2230//2230 2212//2212
f 2212//2212 2230//2230 2231//2231
f 942//942 2225//2225 2227//2227
f 2227//2227 2225//2225 2232//2232
f 2227//2227 2232//2232 2226//2226
f 949//949 955//955 2224//2224
f 2224//2224 955//955 2215//2215
f 2224//2224 2215//2215 2216//2216
f 2216//2216 2215//2215 2222//2222
f 2216//2216 2222//2222 2217//2217
f 2213//2213 2233//2233 2214//2214
f 2214//2214 2233//2233 2234//2234
f 2214//2214 2234//2234 2228//2228
f 2228//2228 2234//2234 2235//2235
f 2220//2220 2229//2229 2218//2218
f 2218//2218 2229//2229 2228//2228
f 2218//2218 2228//2228 2216//2216
f 2216//2216 2228//2228 2235//2235
f 2216//2216 2235//2235 2224//2224
f 2224//2224 2235//2235 2234//2234
f 2224//2224 2234//2234 2225//2225
f 2225//2225 2234//2234 2233//2233
f 2225//2225 2233//2233 2232//2232
f 2226//2226 2232//2232 999//999
f 995//995 944//944 999//999
f 999//999 944//944 943//943
f 999//999 943//943 2226//2226
f 2236//2236 1015//1015 2237//2237
f 2237//2237 1015//1015 1014//1014
f 2233//2233 2213//2213 998//998
f 998//998 2213//2213 2212//2212
f 998//998 2212//2212 1014//1014
f 1014//1014 2212//2212 2231//2231
f 1014//1014 2231//2231 2237//2237
f 2233//2233 998//998 2232//2232
f 2232//2232 998//998 997//997
f 2232//2232 997//997 999//999
f 2231//2231 2230//2230 2237//2237
f 2237//2237 2230//2230 2238//2238
f 2237//2237 2238//2238 2236//2236
f 2239//2239 2236//2236 2238//2238
f 2219//2219 2239//2239 2220//2220
f 2220//2220 2239//2239 2238//2238
f 2220//2220 2238//2238 2229//2229
f 2229//2229 2238//2238 2230//2230
f 2219//2219 2217//2217 2240//2240
f 2240//2240 2217//2217 2222//2222
f 2240//2240 2222//2222 2221//2221
f 2221//2221 2223//2223 2240//2240
f 2240//2240 2223//2223 952//952
f 2240//2240 952//952 991//991
f 991//991 952//952 951//951
f 991//991 951//951 960//960
f 2241//2241 2242//2242 969//969
f 969//969 2242//2242 970//970
f 970//970 2242//2242 994//994
f 994//994 2242//2242 2243//2243
f 994//994 2243//2243 993//993
f 993//993 2243//2243 2244//2244
f 993//993 2244//2244 992//992
f 992//992 2244//2244 2240//2240
f 992//992 2240//2240 991//991
f 2245//2245 2236//2236 2239//2239
f 2245//2245 2239//2239 2246//2246
f 2246//2246 2239//2239 2219//2219
f 2246//2246 2219//2219 2240//2240
f 2247//2247 2248//2248 2249//2249
f 2246//2246 2240//2240 2250//2250
f 2250//2250 2240//2240 2244//2244
f 2250//2250 2244//2244 2251//2251
f 2251//2251 2244//2244 2243//2243
f 2251//2251 2243//2243 2249//2249
f 2249//2249 2243//2243 2242//2242
f 2249//2249 2242//2242 2247//2247
f 2247//2247 2242//2242 2241//2241
f 2245//2245 2246//2246 2252//2252
f 2252//2252 2246//2246 2250//2250
f 2252//2252 2250//2250 2253//2253
f 2253//2253 2250//2250 2251//2251
f 2253//2253 2251//2251 2254//2254
f 2254//2254 2251//2251 2249//2249
f 2254//2254 2249//2249 2255//2255
f 2255//2255 2249//2249 2248//2248
f 967//967 2256//2256 969//969
f 969//969 2256//2256 2257//2257
f 966//966 1468//1468 967//967
f 967//967 1468//1468 2204//2204
f 967//967 2204//2204 2256//2256
f 2257//2257 2258//2258 969//969
f 969//969 2258//2258 2259//2259
f 969//969 2259//2259 2241//2241
f 966//966 971//971 1468//1468
f 1468//1468 971//971 973//973
f 1468//1468 973//973 1474//1474
f 1474//1474 973//973 975//975
f 1474//1474 975//975 977//977
f 1491//1491 1490//1490 977//977
f 977//977 1490//1490 1530//1530
f 1494//1494 1474//1474 1496//1496
f 1496//1496 1474//1474 977//977
f 1496//1496 977//977 1497//1497
f 1497//1497 977//977 1530//1530
f 2259//2259 2260//2260 2241//2241
f 2241//2241 2260//2260 2261//2261
f 2241//2241 2261//2261 2247//2247
f 2247//2247 2261//2261 2248//2248
f 2261//2261 2262//2262 2248//2248
f 2248//2248 2262//2262 2263//2263
f 2248//2248 2263//2263 2264//2264
f 2264//2264 2265//2265 2248//2248
f 2248//2248 2265//2265 2266//2266
f 2248//2248 2266//2266 2255//2255
f 2255//2255 2266//2266 2267//2267
f 2255//2255 2267//2267 2268//2268
f 2269//2269 2270//2270 2271//2271
f 2272//2272 2270//2270 2273//2273
f 2273//2273 2270//2270 2269//2269
f 2273//2273 2269//2269 2274//2274
f 2203//2203 2205//2205 2275//2275
f 2275//2275 2205//2205 2276//2276
f 2275//2275 2276//2276 2277//2277
f 2271//2271 2278//2278 2269//2269
f 2269//2269 2278//2278 2277//2277
f 2269//2269 2277//2277 2274//2274
f 2274//2274 2277//2277 2276//2276
f 2204//2204 2203//2203 2279//2279
f 2279//2279 2203//2203 2275//2275
f 2279//2279 2275//2275 2280//2280
f 2280//2280 2275//2275 2277//2277
f 2280//2280 2277//2277 2281//2281
f 2281//2281 2277//2277 2278//2278
f 2282//2282 2208//2208 2209//2209
f 2048//2048 2208//2208 2207//2207
f 2207//2207 2208//2208 2282//2282
f 2207//2207 2282//2282 2206//2206
f 2283//2283 2272//2272 2284//2284
f 2284//2284 2272//2272 2273//2273
f 2284//2284 2273//2273 2285//2285
f 2285//2285 2273//2273 2274//2274
f 2285//2285 2274//2274 2286//2286
f 2286//2286 2274//2274 2276//2276
f 2211//2211 2283//2283 2210//2210
f 2210//2210 2283//2283 2284//2284
f 2210//2210 2284//2284 2209//2209
f 2209//2209 2284//2284 2285//2285
f 2209//2209 2285//2285 2282//2282
f 2282//2282 2285//2285 2286//2286
f 2282//2282 2286//2286 2206//2206
f 2206//2206 2286//2286 2276//2276
f 2206//2206 2276//2276 2205//2205
f 2236//2236 2245//2245 2287//2287
f 2201//2201 2153//2153 2288//2288
f 2288//2288 2153//2153 2165//2165
f 2288//2288 2165//2165 2167//2167
f 2153//2153 2152//2152 2160//2160
f 2160//2160 2161//2161 2153//2153
f 2153//2153 2161//2161 2163//2163
f 2153//2153 2163//2163 2165//2165
f 2191//2191 2193//2193 2236//2236
f 2236//2236 2193//2193 2194//2194
f 2167//2167 2168//2168 2288//2288
f 2288//2288 2168//2168 2171//2171
f 2288//2288 2171//2171 2287//2287
f 2287//2287 2171//2171 2186//2186
f 2287//2287 2186//2186 2236//2236
f 2236//2236 2186//2186 2184//2184
f 2236//2236 2184//2184 2191//2191
f 1001//1001 1000//1000 1032//1032
f 1032//1032 1000//1000 1003//1003
f 2194//2194 2195//2195 2236//2236
f 2236//2236 2195//2195 2197//2197
f 2236//2236 2197//2197 1015//1015
f 1015//1015 2197//2197 1032//1032
f 1015//1015 1032//1032 1009//1009
f 1009//1009 1032//1032 1003//1003
f 2289//2289 2290//2290 2291//2291
f 2292//2292 2293//2293 2294//2294
f 2294//2294 2293//2293 2290//2290
f 2294//2294 2290//2290 2295//2295
f 2295//2295 2290//2290 2289//2289
f 2296//2296 2297//2297 2291//2291
f 2291//2291 2297//2297 2289//2289
f 2288//2288 2298//2298 2201//2201
f 2201//2201 2298//2298 2299//2299
f 2201//2201 2299//2299 2296//2296
f 2296//2296 2299//2299 2300//2300
f 2296//2296 2300//2300 2297//2297
f 2287//2287 2245//2245 2301//2301
f 2301//2301 2245//2245 2252//2252
f 2301//2301 2252//2252 2302//2302
f 2302//2302 2252//2252 2253//2253
f 2302//2302 2253//2253 2303//2303
f 2303//2303 2253//2253 2254//2254
f 2303//2303 2254//2254 2304//2304
f 2255//2255 2268//2268 2254//2254
f 2254//2254 2268//2268 2305//2305
f 2254//2254 2305//2305 2304//2304
f 2306//2306 2069//2069 2307//2307
f 2307//2307 2069//2069 2059//2059
f 2059//2059 2058//2058 2307//2307
f 2307//2307 2058//2058 2056//2056
f 2307//2307 2056//2056 2308//2308
f 2047//2047 2093//2093 2061//2061
f 2061//2061 2093//2093 2308//2308
f 2061//2061 2308//2308 2055//2055
f 2055//2055 2308//2308 2056//2056
f 2309//2309 2093//2093 2088//2088
f 2310//2310 2311//2311 2088//2088
f 2088//2088 2311//2311 2312//2312
f 2088//2088 2312//2312 2309//2309
f 2313//2313 2314//2314 2315//2315
f 2315//2315 2314//2314 2293//2293
f 2315//2315 2293//2293 2292//2292
f 2315//2315 2316//2316 2313//2313
f 2313//2313 2316//2316 2317//2317
f 2313//2313 2317//2317 2318//2318
f 2318//2318 2319//2319 2313//2313
f 2313//2313 2319//2319 2320//2320
f 2313//2313 2320//2320 2094//2094
f 2094//2094 2320//2320 2321//2321
f 2094//2094 2321//2321 2088//2088
f 2088//2088 2321//2321 2322//2322
f 2088//2088 2322//2322 2310//2310
f 2323//2323 2324//2324 2325//2325
f 2325//2325 2324//2324 2326//2326
f 2325//2325 2326//2326 2327//2327
f 2327//2327 2326//2326 2328//2328
f 2327//2327 2328//2328 2329//2329
f 2329//2329 2328//2328 2330//2330
f 2329//2329 2330//2330 2331//2331
f 2268//2268 2267//2267 2332//2332
f 2332//2332 2267//2267 2324//2324
f 2332//2332 2324//2324 2333//2333
f 2333//2333 2324//2324 2323//2323
f 2263//2263 2262//2262 2334//2334
f 2263//2263 2334//2334 2264//2264
f 2335//2335 2330//2330 2336//2336
f 2336//2336 2330//2330 2328//2328
f 2337//2337 2338//2338 2339//2339
f 2340//2340 2335//2335 2341//2341
f 2341//2341 2335//2335 2336//2336
f 2341//2341 2336//2336 2342//2342
f 2342//2342 2336//2336 2328//2328
f 2342//2342 2328//2328 2326//2326
f 2343//2343 2339//2339 2344//2344
f 2344//2344 2339//2339 2338//2338
f 2344//2344 2338//2338 2345//2345
f 2346//2346 2340//2340 2343//2343
f 2343//2343 2340//2340 2341//2341
f 2343//2343 2341//2341 2339//2339
f 2339//2339 2341//2341 2342//2342
f 2339//2339 2342//2342 2337//2337
f 2337//2337 2342//2342 2326//2326
f 2337//2337 2326//2326 2324//2324
f 2347//2347 2346//2346 2348//2348
f 2348//2348 2346//2346 2343//2343
f 2348//2348 2343//2343 2349//2349
f 2349//2349 2343//2343 2344//2344
f 2349//2349 2344//2344 2334//2334
f 2334//2334 2344//2344 2345//2345
f 2334//2334 2345//2345 2264//2264
f 2264//2264 2345//2345 2338//2338
f 2264//2264 2338//2338 2265//2265
f 2265//2265 2338//2338 2337//2337
f 2265//2265 2337//2337 2266//2266
f 2266//2266 2337//2337 2324//2324
f 2266//2266 2324//2324 2267//2267
f 2350//2350 2347//2347 2351//2351
f 2351//2351 2347//2347 2348//2348
f 2351//2351 2348//2348 2352//2352
f 2352//2352 2348//2348 2349//2349
f 2352//2352 2349//2349 2353//2353
f 2353//2353 2349//2349 2334//2334
f 2353//2353 2334//2334 2354//2354
f 2354//2354 2334//2334 2262//2262
f 2354//2354 2262//2262 2261//2261
f 2259//2259 2258//2258 2355//2355
f 2355//2355 2258//2258 2257//2257
f 2355//2355 2257//2257 2356//2356
f 2356//2356 2257//2257 2256//2256
f 2356//2356 2256//2256 2357//2357
f 2358//2358 2359//2359 2360//2360
f 2358//2358 2360//2360 2361//2361
f 2361//2361 2360//2360 2362//2362
f 2361//2361 2362//2362 2363//2363
f 2364//2364 2351//2351 2365//2365
f 2365//2365 2351//2351 2352//2352
f 2365//2365 2352//2352 2353//2353
f 2260//2260 2259//2259 2366//2366
f 2366//2366 2259//2259 2355//2355
f 2366//2366 2355//2355 2367//2367
f 2365//2365 2368//2368 2364//2364
f 2364//2364 2368//2368 2369//2369
f 2364//2364 2369//2369 2351//2351
f 2351//2351 2369//2369 2370//2370
f 2351//2351 2370//2370 2350//2350
f 2371//2371 2362//2362 2372//2372
f 2372//2372 2362//2362 2360//2360
f 2372//2372 2360//2360 2373//2373
f 2373//2373 2360//2360 2359//2359
f 2373//2373 2359//2359 2374//2374
f 2261//2261 2260//2260 2354//2354
f 2354//2354 2260//2260 2366//2366
f 2354//2354 2366//2366 2353//2353
f 2353//2353 2366//2366 2367//2367
f 2353//2353 2367//2367 2365//2365
f 2357//2357 2358//2358 2356//2356
f 2356//2356 2358//2358 2361//2361
f 2356//2356 2361//2361 2355//2355
f 2355//2355 2361//2361 2363//2363
f 2355//2355 2363//2363 2367//2367
f 2367//2367 2363//2363 2362//2362
f 2367//2367 2362//2362 2365//2365
f 2365//2365 2362//2362 2371//2371
f 2365//2365 2371//2371 2368//2368
f 2374//2374 2359//2359 2271//2271
f 2271//2271 2359//2359 2278//2278
f 2278//2278 2359//2359 2281//2281
f 2281//2281 2359//2359 2358//2358
f 2281//2281 2358//2358 2280//2280
f 2280//2280 2358//2358 2357//2357
f 2280//2280 2357//2357 2279//2279
f 2279//2279 2357//2357 2256//2256
f 2279//2279 2256//2256 2204//2204
f 2199//2199 2113//2113 2117//2117
f 2375//2375 2151//2151 2202//2202
f 2202//2202 2151//2151 2153//2153
f 2202//2202 2199//2199 2375//2375
f 2375//2375 2199//2199 2117//2117
f 2375//2375 2117//2117 2151//2151
f 2151//2151 2117//2117 2119//2119
f 2151//2151 2119//2119 2118//2118
f 2314//2314 2313//2313 2376//2376
f 2200//2200 2201//2201 2377//2377
f 2377//2377 2201//2201 2296//2296
f 2377//2377 2296//2296 2378//2378
f 2378//2378 2296//2296 2291//2291
f 2378//2378 2291//2291 2376//2376
f 2376//2376 2291//2291 2290//2290
f 2376//2376 2290//2290 2314//2314
f 2314//2314 2290//2290 2293//2293
f 2098//2098 2200//2200 2097//2097
f 2097//2097 2200//2200 2377//2377
f 2097//2097 2377//2377 2096//2096
f 2096//2096 2377//2377 2378//2378
f 2096//2096 2378//2378 2095//2095
f 2095//2095 2378//2378 2376//2376
f 2095//2095 2376//2376 2094//2094
f 2094//2094 2376//2376 2313//2313
f 2270//2270 2272//2272 2283//2283
f 2379//2379 2374//2374 2380//2380
f 2380//2380 2374//2374 2271//2271
f 2380//2380 2271//2271 2381//2381
f 2381//2381 2271//2271 2382//2382
f 2211//2211 2063//2063 2383//2383
f 2306//2306 2384//2384 2385//2385
f 2065//2065 2386//2386 2063//2063
f 2063//2063 2386//2386 2387//2387
f 2063//2063 2387//2387 2383//2383
f 2271//2271 2270//2270 2382//2382
f 2382//2382 2270//2270 2283//2283
f 2382//2382 2283//2283 2388//2388
f 2388//2388 2283//2283 2211//2211
f 2388//2388 2211//2211 2389//2389
f 2389//2389 2211//2211 2383//2383
f 2385//2385 2390//2390 2306//2306
f 2306//2306 2390//2390 2391//2391
f 2306//2306 2391//2391 2069//2069
f 2069//2069 2391//2391 2386//2386
f 2069//2069 2386//2386 2068//2068
f 2068//2068 2386//2386 2065//2065
f 2068//2068 2065//2065 2067//2067
f 2392//2392 2393//2393 2394//2394
f 2395//2395 2396//2396 2397//2397
f 2398//2398 2396//2396 2399//2399
f 2399//2399 2396//2396 2395//2395
f 2399//2399 2395//2395 2400//2400
f 2394//2394 2393//2393 2401//2401
f 2297//2297 2402//2402 2289//2289
f 2403//2403 2404//2404 2405//2405
f 2405//2405 2404//2404 2406//2406
f 2405//2405 2406//2406 2407//2407
f 2407//2407 2406//2406 2408//2408
f 2407//2407 2408//2408 2402//2402
f 2402//2402 2408//2408 2409//2409
f 2402//2402 2409//2409 2289//2289
f 2410//2410 2411//2411 2412//2412
f 2412//2412 2411//2411 2413//2413
f 2412//2412 2413//2413 2414//2414
f 2414//2414 2413//2413 2415//2415
f 2414//2414 2415//2415 2401//2401
f 2401//2401 2415//2415 2416//2416
f 2401//2401 2416//2416 2394//2394
f 2295//2295 2410//2410 2294//2294
f 2294//2294 2410//2410 2412//2412
f 2294//2294 2412//2412 2292//2292
f 2299//2299 2298//2298 2417//2417
f 2397//2397 2418//2418 2395//2395
f 2395//2395 2418//2418 2419//2419
f 2395//2395 2419//2419 2400//2400
f 2400//2400 2419//2419 2420//2420
f 2400//2400 2420//2420 2421//2421
f 2421//2421 2420//2420 2422//2422
f 2421//2421 2422//2422 2423//2423
f 2423//2423 2422//2422 2424//2424
f 2423//2423 2424//2424 2425//2425
f 2425//2425 2424//2424 2417//2417
f 2425//2425 2417//2417 2426//2426
f 2426//2426 2417//2417 2298//2298
f 2426//2426 2298//2298 2288//2288
f 2427//2427 2428//2428 2429//2429
f 2429//2429 2428//2428 2430//2430
f 2429//2429 2430//2430 2431//2431
f 2431//2431 2430//2430 2432//2432
f 2431//2431 2432//2432 2433//2433
f 2433//2433 2432//2432 2300//2300
f 2433//2433 2300//2300 2299//2299
f 2299//2299 2417//2417 2433//2433
f 2433//2433 2417//2417 2424//2424
f 2433//2433 2424//2424 2431//2431
f 2431//2431 2424//2424 2422//2422
f 2431//2431 2422//2422 2429//2429
f 2429//2429 2422//2422 2420//2420
f 2429//2429 2420//2420 2427//2427
f 2427//2427 2420//2420 2419//2419
f 2427//2427 2419//2419 2416//2416
f 2416//2416 2419//2419 2418//2418
f 2416//2416 2418//2418 2394//2394
f 2394//2394 2418//2418 2397//2397
f 2394//2394 2397//2397 2392//2392
f 2393//2393 2434//2434 2401//2401
f 2401//2401 2434//2434 2435//2435
f 2401//2401 2435//2435 2414//2414
f 2414//2414 2435//2435 2436//2436
f 2414//2414 2436//2436 2412//2412
f 2412//2412 2436//2436 2437//2437
f 2412//2412 2437//2437 2292//2292
f 2295//2295 2289//2289 2410//2410
f 2410//2410 2289//2289 2409//2409
f 2410//2410 2409//2409 2411//2411
f 2411//2411 2409//2409 2408//2408
f 2411//2411 2408//2408 2413//2413
f 2413//2413 2408//2408 2406//2406
f 2413//2413 2406//2406 2415//2415
f 2415//2415 2406//2406 2404//2404
f 2415//2415 2404//2404 2416//2416
f 2416//2416 2404//2404 2403//2403
f 2416//2416 2403//2403 2427//2427
f 2427//2427 2403//2403 2405//2405
f 2427//2427 2405//2405 2428//2428
f 2428//2428 2405//2405 2407//2407
f 2428//2428 2407//2407 2430//2430
f 2430//2430 2407//2407 2402//2402
f 2430//2430 2402//2402 2432//2432
f 2432//2432 2402//2402 2297//2297
f 2432//2432 2297//2297 2300//2300
f 2438//2438 2398//2398 2399//2399
f 2438//2438 2399//2399 2439//2439
f 2439//2439 2399//2399 2400//2400
f 2439//2439 2400//2400 2440//2440
f 2440//2440 2400//2400 2441//2441
f 2441//2441 2400//2400 2421//2421
f 2441//2441 2421//2421 2442//2442
f 2421//2421 2423//2423 2442//2442
f 2442//2442 2423//2423 2425//2425
f 2442//2442 2425//2425 2443//2443
f 2443//2443 2425//2425 2287//2287
f 2287//2287 2425//2425 2426//2426
f 2287//2287 2426//2426 2288//2288
f 2304//2304 2305//2305 2444//2444
f 2443//2443 2287//2287 2445//2445
f 2445//2445 2287//2287 2301//2301
f 2446//2446 2447//2447 2439//2439
f 2448//2448 2449//2449 2447//2447
f 2447//2447 2449//2449 2450//2450
f 2447//2447 2450//2450 2439//2439
f 2439//2439 2450//2450 2451//2451
f 2439//2439 2451//2451 2438//2438
f 2302//2302 2303//2303 2452//2452
f 2452//2452 2303//2303 2453//2453
f 2452//2452 2453//2453 2454//2454
f 2454//2454 2453//2453 2455//2455
f 2454//2454 2455//2455 2456//2456
f 2446//2446 2457//2457 2458//2458
f 2458//2458 2457//2457 2459//2459
f 2458//2458 2459//2459 2460//2460
f 2460//2460 2459//2459 2461//2461
f 2460//2460 2461//2461 2462//2462
f 2462//2462 2461//2461 2463//2463
f 2448//2448 2447//2447 2464//2464
f 2464//2464 2447//2447 2446//2446
f 2464//2464 2446//2446 2465//2465
f 2465//2465 2446//2446 2458//2458
f 2465//2465 2458//2458 2456//2456
f 2456//2456 2458//2458 2460//2460
f 2456//2456 2460//2460 2454//2454
f 2454//2454 2460//2460 2462//2462
f 2454//2454 2462//2462 2452//2452
f 2452//2452 2462//2462 2463//2463
f 2452//2452 2463//2463 2302//2302
f 2305//2305 2268//2268 2444//2444
f 2444//2444 2268//2268 2332//2332
f 2444//2444 2332//2332 2466//2466
f 2466//2466 2332//2332 2333//2333
f 2466//2466 2333//2333 2467//2467
f 2467//2467 2333//2333 2323//2323
f 2467//2467 2323//2323 2468//2468
f 2468//2468 2323//2323 2325//2325
f 2468//2468 2325//2325 2469//2469
f 2469//2469 2325//2325 2327//2327
f 2469//2469 2327//2327 2470//2470
f 2470//2470 2327//2327 2329//2329
f 2470//2470 2329//2329 2331//2331
f 2439//2439 2440//2440 2446//2446
f 2446//2446 2440//2440 2441//2441
f 2446//2446 2441//2441 2457//2457
f 2457//2457 2441//2441 2442//2442
f 2457//2457 2442//2442 2459//2459
f 2459//2459 2442//2442 2443//2443
f 2459//2459 2443//2443 2461//2461
f 2461//2461 2443//2443 2445//2445
f 2461//2461 2445//2445 2463//2463
f 2463//2463 2445//2445 2301//2301
f 2463//2463 2301//2301 2302//2302
f 2331//2331 2449//2449 2470//2470
f 2470//2470 2449//2449 2448//2448
f 2470//2470 2448//2448 2469//2469
f 2469//2469 2448//2448 2464//2464
f 2469//2469 2464//2464 2468//2468
f 2468//2468 2464//2464 2465//2465
f 2468//2468 2465//2465 2467//2467
f 2467//2467 2465//2465 2456//2456
f 2467//2467 2456//2456 2466//2466
f 2466//2466 2456//2456 2455//2455
f 2466//2466 2455//2455 2444//2444
f 2444//2444 2455//2455 2453//2453
f 2444//2444 2453//2453 2304//2304
f 2304//2304 2453//2453 2303//2303
f 2384//2384 2306//2306 2471//2471
f 2471//2471 2306//2306 2307//2307
f 2471//2471 2307//2307 2472//2472
f 2472//2472 2307//2307 2473//2473
f 2473//2473 2307//2307 2308//2308
f 2473//2473 2308//2308 2474//2474
f 2474//2474 2308//2308 2093//2093
f 2474//2474 2093//2093 2309//2309
f 2316//2316 2315//2315 2475//2475
f 2316//2316 2475//2475 2317//2317
f 2476//2476 2477//2477 2478//2478
f 2478//2478 2477//2477 2479//2479
f 2480//2480 2481//2481 2482//2482
f 2483//2483 2476//2476 2484//2484
f 2484//2484 2476//2476 2478//2478
f 2484//2484 2478//2478 2485//2485
f 2485//2485 2478//2478 2479//2479
f 2485//2485 2479//2479 2486//2486
f 2487//2487 2482//2482 2488//2488
f 2488//2488 2482//2482 2481//2481
f 2488//2488 2481//2481 2489//2489
f 2490//2490 2483//2483 2487//2487
f 2487//2487 2483//2483 2484//2484
f 2487//2487 2484//2484 2482//2482
f 2482//2482 2484//2484 2485//2485
f 2482//2482 2485//2485 2480//2480
f 2480//2480 2485//2485 2486//2486
f 2480//2480 2486//2486 2491//2491
f 2492//2492 2490//2490 2493//2493
f 2493//2493 2490//2490 2487//2487
f 2493//2493 2487//2487 2494//2494
f 2494//2494 2487//2487 2488//2488
f 2494//2494 2488//2488 2475//2475
f 2475//2475 2488//2488 2489//2489
f 2475//2475 2489//2489 2317//2317
f 2317//2317 2489//2489 2481//2481
f 2317//2317 2481//2481 2318//2318
f 2318//2318 2481//2481 2480//2480
f 2318//2318 2480//2480 2319//2319
f 2319//2319 2480//2480 2491//2491
f 2319//2319 2491//2491 2320//2320
f 2392//2392 2492//2492 2393//2393
f 2393//2393 2492//2492 2493//2493
f 2393//2393 2493//2493 2434//2434
f 2434//2434 2493//2493 2435//2435
f 2435//2435 2493//2493 2494//2494
f 2435//2435 2494//2494 2436//2436
f 2436//2436 2494//2494 2475//2475
f 2436//2436 2475//2475 2437//2437
f 2437//2437 2475//2475 2315//2315
f 2437//2437 2315//2315 2292//2292
f 2473//2473 2474//2474 2495//2495
f 2321//2321 2496//2496 2322//2322
f 2322//2322 2496//2496 2497//2497
f 2322//2322 2497//2497 2310//2310
f 2310//2310 2497//2497 2311//2311
f 2311//2311 2497//2497 2495//2495
f 2311//2311 2495//2495 2312//2312
f 2312//2312 2495//2495 2474//2474
f 2312//2312 2474//2474 2309//2309
f 2498//2498 2499//2499 2500//2500
f 2500//2500 2499//2499 2501//2501
f 2500//2500 2501//2501 2502//2502
f 2502//2502 2503//2503 2500//2500
f 2500//2500 2503//2503 2504//2504
f 2500//2500 2504//2504 2505//2505
f 2506//2506 2498//2498 2507//2507
f 2507//2507 2498//2498 2500//2500
f 2507//2507 2500//2500 2508//2508
f 2508//2508 2500//2500 2505//2505
f 2508//2508 2505//2505 2509//2509
f 2510//2510 2511//2511 2512//2512
f 2511//2511 2513//2513 2512//2512
f 2512//2512 2513//2513 2384//2384
f 2512//2512 2384//2384 2471//2471
f 2504//2504 2510//2510 2505//2505
f 2505//2505 2510//2510 2512//2512
f 2505//2505 2512//2512 2509//2509
f 2509//2509 2512//2512 2471//2471
f 2509//2509 2471//2471 2472//2472
f 2472//2472 2473//2473 2509//2509
f 2509//2509 2473//2473 2495//2495
f 2509//2509 2495//2495 2508//2508
f 2508//2508 2495//2495 2497//2497
f 2508//2508 2497//2497 2507//2507
f 2507//2507 2497//2497 2496//2496
f 2507//2507 2496//2496 2506//2506
f 2506//2506 2496//2496 2321//2321
f 2477//2477 2501//2501 2499//2499
f 2477//2477 2499//2499 2479//2479
f 2479//2479 2499//2499 2498//2498
f 2479//2479 2498//2498 2486//2486
f 2486//2486 2498//2498 2506//2506
f 2486//2486 2506//2506 2491//2491
f 2491//2491 2506//2506 2321//2321
f 2491//2491 2321//2321 2320//2320
f 2330//2330 2514//2514 2331//2331
f 2331//2331 2514//2514 2515//2515
f 2331//2331 2515//2515 2516//2516
f 2449//2449 2331//2331 2450//2450
f 2450//2450 2331//2331 2516//2516
f 2450//2450 2516//2516 2451//2451
f 2451//2451 2516//2516 2438//2438
f 2516//2516 2517//2517 2438//2438
f 2438//2438 2517//2517 2518//2518
f 2438//2438 2518//2518 2398//2398
f 2519//2519 2492//2492 2520//2520
f 2520//2520 2492//2492 2392//2392
f 2520//2520 2392//2392 2521//2521
f 2521//2521 2392//2392 2397//2397
f 2521//2521 2397//2397 2522//2522
f 2522//2522 2397//2397 2396//2396
f 2522//2522 2396//2396 2523//2523
f 2523//2523 2396//2396 2398//2398
f 2523//2523 2398//2398 2524//2524
f 2524//2524 2398//2398 2518//2518
f 2525//2525 2514//2514 2330//2330
f 2330//2330 2335//2335 2525//2525
f 2525//2525 2335//2335 2340//2340
f 2525//2525 2340//2340 2526//2526
f 2526//2526 2340//2340 2346//2346
f 2526//2526 2346//2346 2347//2347
f 2526//2526 2347//2347 2527//2527
f 2527//2527 2347//2347 2350//2350
f 2527//2527 2350//2350 2528//2528
f 2528//2528 2350//2350 2370//2370
f 2528//2528 2370//2370 2369//2369
f 2369//2369 2368//2368 2528//2528
f 2528//2528 2368//2368 2371//2371
f 2528//2528 2371//2371 2529//2529
f 2374//2374 2379//2379 2373//2373
f 2373//2373 2379//2379 2529//2529
f 2373//2373 2529//2529 2372//2372
f 2372//2372 2529//2529 2371//2371
f 2530//2530 2531//2531 2532//2532
f 2532//2532 2531//2531 2515//2515
f 2527//2527 2528//2528 2529//2529
f 2514//2514 2533//2533 2515//2515
f 2515//2515 2533//2533 2534//2534
f 2515//2515 2534//2534 2532//2532
f 2514//2514 2525//2525 2533//2533
f 2533//2533 2525//2525 2526//2526
f 2533//2533 2526//2526 2380//2380
f 2380//2380 2526//2526 2527//2527
f 2380//2380 2527//2527 2379//2379
f 2379//2379 2527//2527 2529//2529
f 2389//2389 2535//2535 2536//2536
f 2389//2389 2536//2536 2388//2388
f 2388//2388 2536//2536 2537//2537
f 2388//2388 2537//2537 2382//2382
f 2382//2382 2537//2537 2538//2538
f 2382//2382 2538//2538 2381//2381
f 2381//2381 2538//2538 2533//2533
f 2381//2381 2533//2533 2380//2380
f 2383//2383 2539//2539 2389//2389
f 2389//2389 2539//2539 2535//2535
f 2390//2390 2540//2540 2541//2541
f 2390//2390 2541//2541 2391//2391
f 2391//2391 2541//2541 2542//2542
f 2391//2391 2542//2542 2386//2386
f 2386//2386 2542//2542 2543//2543
f 2386//2386 2543//2543 2387//2387
f 2387//2387 2543//2543 2539//2539
f 2387//2387 2539//2539 2383//2383
f 2544//2544 2545//2545 2520//2520
f 2520//2520 2545//2545 2546//2546
f 2547//2547 2548//2548 2385//2385
f 2385//2385 2548//2548 2549//2549
f 2385//2385 2549//2549 2390//2390
f 2390//2390 2549//2549 2550//2550
f 2390//2390 2550//2550 2540//2540
f 2540//2540 2550//2550 2551//2551
f 2546//2546 2552//2552 2520//2520
f 2520//2520 2552//2552 2540//2540
f 2520//2520 2540//2540 2519//2519
f 2519//2519 2540//2540 2551//2551
f 2492//2492 2519//2519 2490//2490
f 2490//2490 2519//2519 2551//2551
f 2490//2490 2551//2551 2483//2483
f 2483//2483 2551//2551 2476//2476
f 2476//2476 2551//2551 2550//2550
f 2476//2476 2550//2550 2477//2477
f 2501//2501 2549//2549 2502//2502
f 2502//2502 2549//2549 2548//2548
f 2502//2502 2548//2548 2503//2503
f 2503//2503 2548//2548 2504//2504
f 2504//2504 2548//2548 2510//2510
f 2510//2510 2548//2548 2547//2547
f 2510//2510 2547//2547 2511//2511
f 2511//2511 2547//2547 2513//2513
f 2513//2513 2547//2547 2385//2385
f 2513//2513 2385//2385 2384//2384
f 2549//2549 2501//2501 2550//2550
f 2550//2550 2501//2501 2477//2477
f 2523//2523 2524//2524 2553//2553
f 2523//2523 2553//2553 2522//2522
f 2522//2522 2553//2553 2554//2554
f 2522//2522 2554//2554 2521//2521
f 2554//2554 2555//2555 2521//2521
f 2521//2521 2555//2555 2556//2556
f 2521//2521 2556//2556 2520//2520
f 2520//2520 2556//2556 2557//2557
f 2520//2520 2557//2557 2544//2544
f 2558//2558 2559//2559 2560//2560
f 2561//2561 2562//2562 2563//2563
f 2563//2563 2562//2562 2564//2564
f 2565//2565 2566//2566 2561//2561
f 2561//2561 2566//2566 2567//2567
f 2561//2561 2567//2567 2562//2562
f 2568//2568 2569//2569 2570//2570
f 2570//2570 2569//2569 2571//2571
f 2570//2570 2571//2571 2572//2572
f 2518//2518 2573//2573 2574//2574
f 2562//2562 2575//2575 2564//2564
f 2564//2564 2575//2575 2576//2576
f 2564//2564 2576//2576 2577//2577
f 2577//2577 2576//2576 2553//2553
f 2577//2577 2553//2553 2578//2578
f 2570//2570 2558//2558 2568//2568
f 2568//2568 2558//2558 2560//2560
f 2568//2568 2560//2560 2579//2579
f 2579//2579 2560//2560 2562//2562
f 2579//2579 2562//2562 2580//2580
f 2580//2580 2562//2562 2567//2567
f 2581//2581 2582//2582 2524//2524
f 2524//2524 2582//2582 2583//2583
f 2524//2524 2583//2583 2584//2584
f 2572//2572 2585//2585 2570//2570
f 2570//2570 2585//2585 2586//2586
f 2570//2570 2586//2586 2518//2518
f 2518//2518 2586//2586 2587//2587
f 2518//2518 2587//2587 2573//2573
f 2574//2574 2588//2588 2518//2518
f 2518//2518 2588//2588 2589//2589
f 2518//2518 2589//2589 2590//2590
f 2590//2590 2591//2591 2518//2518
f 2518//2518 2591//2591 2592//2592
f 2518//2518 2592//2592 2524//2524
f 2524//2524 2592//2592 2593//2593
f 2524//2524 2593//2593 2581//2581
f 2584//2584 2594//2594 2524//2524
f 2524//2524 2594//2594 2595//2595
f 2524//2524 2595//2595 2553//2553
f 2553//2553 2595//2595 2596//2596
f 2553//2553 2596//2596 2578//2578
f 2565//2565 2597//2597 2566//2566
f 2566//2566 2597//2597 2598//2598
f 2566//2566 2598//2598 2599//2599
f 2599//2599 2598//2598 2600//2600
f 2599//2599 2600//2600 2601//2601
f 2601//2601 2600//2600 2602//2602
f 2601//2601 2602//2602 2603//2603
f 2603//2603 2602//2602 2591//2591
f 2603//2603 2591//2591 2604//2604
f 2604//2604 2591//2591 2590//2590
f 2516//2516 2515//2515 2531//2531
f 2531//2531 2605//2605 2516//2516
f 2516//2516 2605//2605 2606//2606
f 2516//2516 2606//2606 2517//2517
f 2517//2517 2606//2606 2607//2607
f 2607//2607 2608//2608 2517//2517
f 2517//2517 2608//2608 2570//2570
f 2517//2517 2570//2570 2518//2518
f 2530//2530 2609//2609 2531//2531
f 2531//2531 2609//2609 2610//2610
f 2611//2611 2612//2612 2613//2613
f 2613//2613 2614//2614 2611//2611
f 2611//2611 2614//2614 2615//2615
f 2611//2611 2615//2615 2609//2609
f 2609//2609 2615//2615 2616//2616
f 2609//2609 2616//2616 2610//2610
f 2617//2617 2618//2618 2619//2619
f 2617//2617 2619//2619 2620//2620
f 2620//2620 2619//2619 2621//2621
f 2620//2620 2621//2621 2622//2622
f 2622//2622 2621//2621 2623//2623
f 2622//2622 2623//2623 2624//2624
f 2624//2624 2623//2623 2530//2530
f 2624//2624 2530//2530 2532//2532
f 2534//2534 2533//2533 2625//2625
f 2625//2625 2533//2533 2538//2538
f 2625//2625 2538//2538 2626//2626
f 2626//2626 2538//2538 2537//2537
f 2626//2626 2537//2537 2627//2627
f 2627//2627 2537//2537 2536//2536
f 2627//2627 2536//2536 2628//2628
f 2628//2628 2536//2536 2535//2535
f 2532//2532 2534//2534 2624//2624
f 2624//2624 2534//2534 2625//2625
f 2624//2624 2625//2625 2622//2622
f 2622//2622 2625//2625 2626//2626
f 2622//2622 2626//2626 2620//2620
f 2620//2620 2626//2626 2627//2627
f 2620//2620 2627//2627 2617//2617
f 2617//2617 2627//2627 2628//2628
f 2535//2535 2539//2539 2629//2629
f 2535//2535 2629//2629 2628//2628
f 2628//2628 2629//2629 2630//2630
f 2628//2628 2630//2630 2617//2617
f 2552//2552 2546//2546 2631//2631
f 2631//2631 2546//2546 2632//2632
f 2631//2631 2632//2632 2633//2633
f 2633//2633 2632//2632 2634//2634
f 2633//2633 2634//2634 2635//2635
f 2635//2635 2634//2634 2636//2636
f 2635//2635 2636//2636 2629//2629
f 2629//2629 2636//2636 2630//2630
f 2540//2540 2552//2552 2541//2541
f 2541//2541 2552//2552 2631//2631
f 2541//2541 2631//2631 2542//2542
f 2542//2542 2631//2631 2633//2633
f 2542//2542 2633//2633 2543//2543
f 2543//2543 2633//2633 2635//2635
f 2543//2543 2635//2635 2539//2539
f 2539//2539 2635//2635 2629//2629
f 2637//2637 2630//2630 2636//2636
f 2637//2637 2636//2636 2638//2638
f 2638//2638 2636//2636 2634//2634
f 2638//2638 2634//2634 2639//2639
f 2634//2634 2632//2632 2639//2639
f 2639//2639 2632//2632 2546//2546
f 2639//2639 2546//2546 2545//2545
f 2640//2640 2641//2641 2642//2642
f 2642//2642 2641//2641 2643//2643
f 2642//2642 2643//2643 2644//2644
f 2644//2644 2643//2643 2645//2645
f 2645//2645 2643//2643 2646//2646
f 2645//2645 2646//2646 2647//2647
f 2647//2647 2646//2646 2648//2648
f 2648//2648 2646//2646 2545//2545
f 2648//2648 2545//2545 2544//2544
f 2647//2647 2648//2648 2649//2649
f 2649//2649 2648//2648 2544//2544
f 2576//2576 2575//2575 2650//2650
f 2553//2553 2576//2576 2554//2554
f 2554//2554 2576//2576 2651//2651
f 2554//2554 2651//2651 2555//2555
f 2555//2555 2651//2651 2652//2652
f 2555//2555 2652//2652 2556//2556
f 2556//2556 2652//2652 2649//2649
f 2556//2556 2649//2649 2557//2557
f 2557//2557 2649//2649 2544//2544
f 2576//2576 2650//2650 2651//2651
f 2651//2651 2650//2650 2653//2653
f 2651//2651 2653//2653 2652//2652
f 2652//2652 2653//2653 2654//2654
f 2652//2652 2654//2654 2649//2649
f 2649//2649 2654//2654 2645//2645
f 2649//2649 2645//2645 2647//2647
f 2655//2655 2642//2642 2644//2644
f 2575//2575 2656//2656 2650//2650
f 2650//2650 2656//2656 2657//2657
f 2650//2650 2657//2657 2653//2653
f 2653//2653 2657//2657 2655//2655
f 2653//2653 2655//2655 2654//2654
f 2654//2654 2655//2655 2644//2644
f 2654//2654 2644//2644 2645//2645
f 2640//2640 2642//2642 2658//2658
f 2658//2658 2642//2642 2655//2655
f 2658//2658 2655//2655 2659//2659
f 2659//2659 2655//2655 2657//2657
f 2659//2659 2657//2657 2660//2660
f 2660//2660 2657//2657 2656//2656
f 2660//2660 2656//2656 2562//2562
f 2562//2562 2656//2656 2575//2575
f 2589//2589 2588//2588 2661//2661
f 2589//2589 2661//2661 2662//2662
f 2662//2662 2661//2661 2663//2663
f 2662//2662 2663//2663 2664//2664
f 2665//2665 2666//2666 2667//2667
f 2666//2666 2665//2665 2586//2586
f 2586//2586 2665//2665 2587//2587
f 2587//2587 2665//2665 2668//2668
f 2587//2587 2668//2668 2573//2573
f 2573//2573 2668//2668 2669//2669
f 2573//2573 2669//2669 2574//2574
f 2661//2661 2588//2588 2574//2574
f 2574//2574 2669//2669 2661//2661
f 2661//2661 2669//2669 2670//2670
f 2661//2661 2670//2670 2663//2663
f 2667//2667 2671//2671 2665//2665
f 2665//2665 2671//2671 2672//2672
f 2665//2665 2672//2672 2668//2668
f 2668//2668 2672//2672 2673//2673
f 2668//2668 2673//2673 2669//2669
f 2669//2669 2673//2673 2674//2674
f 2669//2669 2674//2674 2670//2670
f 2586//2586 2585//2585 2675//2675
f 2586//2586 2675//2675 2666//2666
f 2666//2666 2675//2675 2676//2676
f 2666//2666 2676//2676 2667//2667
f 2677//2677 2678//2678 2679//2679
f 2678//2678 2677//2677 2568//2568
f 2568//2568 2677//2677 2569//2569
f 2569//2569 2677//2677 2680//2680
f 2569//2569 2680//2680 2571//2571
f 2571//2571 2680//2680 2681//2681
f 2571//2571 2681//2681 2572//2572
f 2675//2675 2585//2585 2572//2572
f 2572//2572 2681//2681 2675//2675
f 2675//2675 2681//2681 2682//2682
f 2675//2675 2682//2682 2676//2676
f 2679//2679 2683//2683 2677//2677
f 2677//2677 2683//2683 2684//2684
f 2677//2677 2684//2684 2680//2680
f 2680//2680 2684//2684 2685//2685
f 2680//2680 2685//2685 2681//2681
f 2681//2681 2685//2685 2686//2686
f 2681//2681 2686//2686 2682//2682
f 2568//2568 2579//2579 2687//2687
f 2568//2568 2687//2687 2678//2678
f 2678//2678 2687//2687 2688//2688
f 2678//2678 2688//2688 2679//2679
f 2689//2689 2690//2690 2691//2691
f 2690//2690 2689//2689 2599//2599
f 2599//2599 2689//2689 2566//2566
f 2566//2566 2689//2689 2692//2692
f 2566//2566 2692//2692 2567//2567
f 2567//2567 2692//2692 2693//2693
f 2567//2567 2693//2693 2580//2580
f 2687//2687 2579//2579 2580//2580
f 2580//2580 2693//2693 2687//2687
f 2687//2687 2693//2693 2694//2694
f 2687//2687 2694//2694 2688//2688
f 2691//2691 2695//2695 2689//2689
f 2689//2689 2695//2695 2696//2696
f 2689//2689 2696//2696 2692//2692
f 2692//2692 2696//2696 2697//2697
f 2692//2692 2697//2697 2693//2693
f 2693//2693 2697//2697 2698//2698
f 2693//2693 2698//2698 2694//2694
f 2699//2699 2691//2691 2690//2690
f 2699//2699 2690//2690 2700//2700
f 2700//2700 2690//2690 2599//2599
f 2700//2700 2599//2599 2601//2601
f 2701//2701 2662//2662 2664//2664
f 2662//2662 2701//2701 2589//2589
f 2589//2589 2701//2701 2590//2590
f 2590//2590 2701//2701 2702//2702
f 2590//2590 2702//2702 2604//2604
f 2604//2604 2702//2702 2703//2703
f 2604//2604 2703//2703 2603//2603
f 2700//2700 2601//2601 2603//2603
f 2603//2603 2703//2703 2700//2700
f 2700//2700 2703//2703 2704//2704
f 2700//2700 2704//2704 2699//2699
f 2664//2664 2705//2705 2701//2701
f 2701//2701 2705//2705 2706//2706
f 2701//2701 2706//2706 2702//2702
f 2702//2702 2706//2706 2707//2707
f 2702//2702 2707//2707 2703//2703
f 2703//2703 2707//2707 2708//2708
f 2703//2703 2708//2708 2704//2704
f 2582//2582 2581//2581 2709//2709
f 2582//2582 2709//2709 2710//2710
f 2710//2710 2709//2709 2711//2711
f 2710//2710 2711//2711 2712//2712
f 2713//2713 2711//2711 2709//2709
f 2602//2602 2714//2714 2715//2715
f 2602//2602 2715//2715 2591//2591
f 2591//2591 2715//2715 2716//2716
f 2591//2591 2716//2716 2592//2592
f 2592//2592 2716//2716 2717//2717
f 2592//2592 2717//2717 2593//2593
f 2713//2713 2709//2709 2718//2718
f 2719//2719 2720//2720 2716//2716
f 2716//2716 2720//2720 2718//2718
f 2716//2716 2718//2718 2717//2717
f 2717//2717 2718//2718 2709//2709
f 2717//2717 2709//2709 2593//2593
f 2593//2593 2709//2709 2581//2581
f 2719//2719 2716//2716 2721//2721
f 2721//2721 2716//2716 2715//2715
f 2721//2721 2715//2715 2722//2722
f 2722//2722 2715//2715 2714//2714
f 2722//2722 2714//2714 2723//2723
f 2724//2724 2723//2723 2714//2714
f 2724//2724 2714//2714 2725//2725
f 2725//2725 2714//2714 2602//2602
f 2725//2725 2602//2602 2600//2600
f 2726//2726 2727//2727 2728//2728
f 2727//2727 2726//2726 2561//2561
f 2561//2561 2726//2726 2565//2565
f 2565//2565 2726//2726 2729//2729
f 2565//2565 2729//2729 2597//2597
f 2597//2597 2729//2729 2730//2730
f 2597//2597 2730//2730 2598//2598
f 2725//2725 2600//2600 2598//2598
f 2598//2598 2730//2730 2725//2725
f 2725//2725 2730//2730 2731//2731
f 2725//2725 2731//2731 2724//2724
f 2728//2728 2732//2732 2726//2726
f 2726//2726 2732//2732 2733//2733
f 2726//2726 2733//2733 2729//2729
f 2729//2729 2733//2733 2734//2734
f 2729//2729 2734//2734 2730//2730
f 2730//2730 2734//2734 2735//2735
f 2730//2730 2735//2735 2731//2731
f 2561//2561 2563//2563 2736//2736
f 2561//2561 2736//2736 2727//2727
f 2727//2727 2736//2736 2737//2737
f 2727//2727 2737//2737 2728//2728
f 2738//2738 2739//2739 2740//2740
f 2739//2739 2738//2738 2596//2596
f 2596//2596 2738//2738 2578//2578
f 2578//2578 2738//2738 2741//2741
f 2578//2578 2741//2741 2577//2577
f 2577//2577 2741//2741 2742//2742
f 2577//2577 2742//2742 2564//2564
f 2736//2736 2563//2563 2564//2564
f 2564//2564 2742//2742 2736//2736
f 2736//2736 2742//2742 2743//2743
f 2736//2736 2743//2743 2737//2737
f 2740//2740 2744//2744 2738//2738
f 2738//2738 2744//2744 2745//2745
f 2738//2738 2745//2745 2741//2741
f 2741//2741 2745//2745 2746//2746
f 2741//2741 2746//2746 2742//2742
f 2742//2742 2746//2746 2747//2747
f 2742//2742 2747//2747 2743//2743
f 2596//2596 2595//2595 2748//2748
f 2596//2596 2748//2748 2739//2739
f 2739//2739 2748//2748 2749//2749
f 2739//2739 2749//2749 2740//2740
f 2750//2750 2710//2710 2712//2712
f 2710//2710 2750//2750 2582//2582
f 2582//2582 2750//2750 2583//2583
f 2583//2583 2750//2750 2751//2751
f 2583//2583 2751//2751 2584//2584
f 2584//2584 2751//2751 2752//2752
f 2584//2584 2752//2752 2594//2594
f 2748//2748 2595//2595 2594//2594
f 2594//2594 2752//2752 2748//2748
f 2748//2748 2752//2752 2753//2753
f 2748//2748 2753//2753 2749//2749
f 2712//2712 2754//2754 2750//2750
f 2750//2750 2754//2754 2755//2755
f 2750//2750 2755//2755 2751//2751
f 2751//2751 2755//2755 2756//2756
f 2751//2751 2756//2756 2752//2752
f 2752//2752 2756//2756 2757//2757
f 2752//2752 2757//2757 2753//2753
f 2758//2758 2560//2560 2559//2559
f 2759//2759 2760//2760 2761//2761
f 2613//2613 2759//2759 2762//2762
f 2763//2763 2764//2764 2765//2765
f 2765//2765 2764//2764 2761//2761
f 2765//2765 2761//2761 2766//2766
f 2766//2766 2761//2761 2760//2760
f 2766//2766 2760//2760 2758//2758
f 2616//2616 2615//2615 2762//2762
f 2762//2762 2615//2615 2614//2614
f 2762//2762 2614//2614 2613//2613
f 2559//2559 2558//2558 2767//2767
f 2767//2767 2558//2558 2768//2768
f 2767//2767 2768//2768 2769//2769
f 2558//2558 2570//2570 2768//2768
f 2768//2768 2570//2570 2608//2608
f 2768//2768 2608//2608 2769//2769
f 2769//2769 2608//2608 2607//2607
f 2769//2769 2607//2607 2606//2606
f 2758//2758 2559//2559 2766//2766
f 2766//2766 2559//2559 2767//2767
f 2766//2766 2767//2767 2765//2765
f 2765//2765 2767//2767 2769//2769
f 2765//2765 2769//2769 2763//2763
f 2763//2763 2769//2769 2606//2606
f 2763//2763 2606//2606 2605//2605
f 2759//2759 2761//2761 2762//2762
f 2762//2762 2761//2761 2764//2764
f 2762//2762 2764//2764 2616//2616
f 2616//2616 2764//2764 2763//2763
f 2616//2616 2763//2763 2610//2610
f 2610//2610 2763//2763 2605//2605
f 2610//2610 2605//2605 2531//2531
f 2640//2640 2658//2658 2613//2613
f 2613//2613 2658//2658 2759//2759
f 2759//2759 2658//2658 2760//2760
f 2760//2760 2658//2658 2659//2659
f 2760//2760 2659//2659 2758//2758
f 2659//2659 2660//2660 2758//2758
f 2758//2758 2660//2660 2562//2562
f 2758//2758 2562//2562 2560//2560
f 2641//2641 2640//2640 2612//2612
f 2612//2612 2640//2640 2613//2613
f 2618//2618 2770//2770 2619//2619
f 2619//2619 2770//2770 2771//2771
f 2619//2619 2771//2771 2621//2621
f 2621//2621 2771//2771 2772//2772
f 2609//2609 2530//2530 2772//2772
f 2772//2772 2530//2530 2623//2623
f 2772//2772 2623//2623 2621//2621
f 2770//2770 2773//2773 2771//2771
f 2771//2771 2773//2773 2774//2774
f 2771//2771 2774//2774 2772//2772
f 2772//2772 2774//2774 2775//2775
f 2772//2772 2775//2775 2609//2609
f 2609//2609 2775//2775 2611//2611
f 2773//2773 2776//2776 2774//2774
f 2774//2774 2776//2776 2777//2777
f 2774//2774 2777//2777 2775//2775
f 2775//2775 2777//2777 2778//2778
f 2775//2775 2778//2778 2611//2611
f 2611//2611 2778//2778 2612//2612
f 2779//2779 2776//2776 2617//2617
f 2617//2617 2630//2630 2637//2637
f 2773//2773 2770//2770 2776//2776
f 2776//2776 2770//2770 2618//2618
f 2776//2776 2618//2618 2617//2617
f 2637//2637 2780//2780 2617//2617
f 2617//2617 2780//2780 2781//2781
f 2617//2617 2781//2781 2779//2779
f 2779//2779 2781//2781 2782//2782
f 2782//2782 2781//2781 2783//2783
f 2782//2782 2783//2783 2784//2784
f 2784//2784 2783//2783 2785//2785
f 2784//2784 2785//2785 2641//2641
f 2641//2641 2785//2785 2643//2643
f 2781//2781 2780//2780 2783//2783
f 2783//2783 2780//2780 2786//2786
f 2783//2783 2786//2786 2785//2785
f 2785//2785 2786//2786 2787//2787
f 2785//2785 2787//2787 2643//2643
f 2643//2643 2787//2787 2646//2646
f 2780//2780 2637//2637 2786//2786
f 2786//2786 2637//2637 2638//2638
f 2786//2786 2638//2638 2787//2787
f 2787//2787 2638//2638 2639//2639
f 2787//2787 2639//2639 2646//2646
f 2646//2646 2639//2639 2545//2545
f 2663//2663 2788//2788 2664//2664
f 2664//2664 2788//2788 2789//2789
f 2663//2663 2670//2670 2788//2788
f 2788//2788 2670//2670 2790//2790
f 2791//2791 2792//2792 2673//2673
f 2790//2790 2670//2670 2792//2792
f 2792//2792 2670//2670 2674//2674
f 2792//2792 2674//2674 2673//2673
f 2667//2667 2793//2793 2671//2671
f 2671//2671 2793//2793 2791//2791
f 2671//2671 2791//2791 2672//2672
f 2672//2672 2791//2791 2673//2673
f 2676//2676 2794//2794 2667//2667
f 2667//2667 2794//2794 2793//2793
f 2676//2676 2682//2682 2794//2794
f 2794//2794 2682//2682 2795//2795
f 2796//2796 2797//2797 2685//2685
f 2795//2795 2682//2682 2797//2797
f 2797//2797 2682//2682 2686//2686
f 2797//2797 2686//2686 2685//2685
f 2679//2679 2798//2798 2683//2683
f 2683//2683 2798//2798 2796//2796
f 2683//2683 2796//2796 2684//2684
f 2684//2684 2796//2796 2685//2685
f 2688//2688 2799//2799 2679//2679
f 2679//2679 2799//2799 2798//2798
f 2688//2688 2694//2694 2799//2799
f 2799//2799 2694//2694 2800//2800
f 2801//2801 2802//2802 2697//2697
f 2800//2800 2694//2694 2802//2802
f 2802//2802 2694//2694 2698//2698
f 2802//2802 2698//2698 2697//2697
f 2691//2691 2803//2803 2695//2695
f 2695//2695 2803//2803 2801//2801
f 2695//2695 2801//2801 2696//2696
f 2696//2696 2801//2801 2697//2697
f 2699//2699 2804//2804 2691//2691
f 2691//2691 2804//2804 2803//2803
f 2699//2699 2704//2704 2804//2804
f 2804//2804 2704//2704 2805//2805
f 2806//2806 2807//2807 2707//2707
f 2805//2805 2704//2704 2807//2807
f 2807//2807 2704//2704 2708//2708
f 2807//2807 2708//2708 2707//2707
f 2664//2664 2789//2789 2705//2705
f 2705//2705 2789//2789 2806//2806
f 2705//2705 2806//2806 2706//2706
f 2706//2706 2806//2806 2707//2707
f 2711//2711 2808//2808 2712//2712
f 2712//2712 2808//2808 2809//2809
f 2810//2810 2808//2808 2711//2711
f 2811//2811 2812//2812 2719//2719
f 2711//2711 2713//2713 2810//2810
f 2810//2810 2713//2713 2718//2718
f 2810//2810 2718//2718 2812//2812
f 2812//2812 2718//2718 2720//2720
f 2812//2812 2720//2720 2719//2719
f 2723//2723 2813//2813 2722//2722
f 2722//2722 2813//2813 2811//2811
f 2722//2722 2811//2811 2721//2721
f 2721//2721 2811//2811 2719//2719
f 2724//2724 2814//2814 2723//2723
f 2723//2723 2814//2814 2813//2813
f 2724//2724 2731//2731 2814//2814
f 2814//2814 2731//2731 2815//2815
f 2816//2816 2817//2817 2734//2734
f 2815//2815 2731//2731 2817//2817
f 2817//2817 2731//2731 2735//2735
f 2817//2817 2735//2735 2734//2734
f 2728//2728 2818//2818 2732//2732
f 2732//2732 2818//2818 2816//2816
f 2732//2732 2816//2816 2733//2733
f 2733//2733 2816//2816 2734//2734
f 2737//2737 2819//2819 2728//2728
f 2728//2728 2819//2819 2818//2818
f 2737//2737 2743//2743 2819//2819
f 2819//2819 2743//2743 2820//2820
f 2821//2821 2822//2822 2746//2746
f 2820//2820 2743//2743 2822//2822
f 2822//2822 2743//2743 2747//2747
f 2822//2822 2747//2747 2746//2746
f 2740//2740 2823//2823 2744//2744
f 2744//2744 2823//2823 2821//2821
f 2744//2744 2821//2821 2745//2745
f 2745//2745 2821//2821 2746//2746
f 2749//2749 2824//2824 2740//2740
f 2740//2740 2824//2824 2823//2823
f 2749//2749 2753//2753 2824//2824
f 2824//2824 2753//2753 2825//2825
f 2826//2826 2827//2827 2756//2756
f 2825//2825 2753//2753 2827//2827
f 2827//2827 2753//2753 2757//2757
f 2827//2827 2757//2757 2756//2756
f 2712//2712 2809//2809 2754//2754
f 2754//2754 2809//2809 2826//2826
f 2754//2754 2826//2826 2755//2755
f 2755//2755 2826//2826 2756//2756
f 2641//2641 2612//2612 2778//2778
f 2641//2641 2778//2778 2784//2784
f 2784//2784 2778//2778 2777//2777
f 2784//2784 2777//2777 2782//2782
f 2782//2782 2777//2777 2776//2776
f 2782//2782 2776//2776 2779//2779
f 2798//2798 2799//2799 2789//2789
f 2792//2792 2791//2791 2793//2793
f 2802//2802 2801//2801 2803//2803
f 2794//2794 2795//2795 2797//2797
f 2800//2800 2802//2802 2799//2799
f 2799//2799 2802//2802 2803//2803
f 2799//2799 2803//2803 2789//2789
f 2789//2789 2803//2803 2804//2804
f 2790//2790 2792//2792 2788//2788
f 2788//2788 2792//2792 2793//2793
f 2788//2788 2793//2793 2789//2789
f 2789//2789 2793//2793 2794//2794
f 2789//2789 2794//2794 2798//2798
f 2798//2798 2794//2794 2797//2797
f 2798//2798 2797//2797 2796//2796
f 2804//2804 2805//2805 2789//2789
f 2789//2789 2805//2805 2807//2807
f 2789//2789 2807//2807 2806//2806
f 2827//2827 2826//2826 2809//2809
f 2824//2824 2825//2825 2827//2827
f 2818//2818 2819//2819 2823//2823
f 2809//2809 2808//2808 2813//2813
f 2817//2817 2816//2816 2818//2818
f 2808//2808 2810//2810 2813//2813
f 2813//2813 2810//2810 2812//2812
f 2813//2813 2812//2812 2811//2811
f 2821//2821 2823//2823 2822//2822
f 2822//2822 2823//2823 2819//2819
f 2822//2822 2819//2819 2820//2820
f 2827//2827 2809//2809 2824//2824
f 2824//2824 2809//2809 2813//2813
f 2824//2824 2813//2813 2823//2823
f 2823//2823 2813//2813 2814//2814
f 2823//2823 2814//2814 2818//2818
f 2818//2818 2814//2814 2815//2815
f 2818//2818 2815//2815 2817//2817
f 961//961 995//995 1560//1560
f 1560//1560 995//995 1007//1007
f 1560//1560 1007//1007 1561//1561
f 1561//1561 1007//1007 1008//1008
f 1561//1561 1008//1008 1581//1581
f 1581//1581 1008//1008 1005//1005
f 1581//1581 1005//1005 1574//1574
f 1574//1574 1005//1005 1004//1004
f 1574//1574 1004//1004 1556//1556
f 1865//1865 1294//1294 1893//1893
f 1893//1893 1294//1294 1323//1323
f 1893//1893 1323//1323 1894//1894
f 1894//1894 1323//1323 1322//1322
f 1894//1894 1322//1322 1885//1885
f 1885//1885 1322//1322 1318//1318
f 1885//1885 1318//1318 1883//1883
f 1883//1883 1318//1318 1301//1301
f 1883//1883 1301//1301 1890//1890
f 1890//1890 1301//1301 1300//1300
f 1890//1890 1300//1300 1851//1851
f 1851//1851 1300//1300 1299//1299
f 1851//1851 1299//1299 1849//1849
f 1849//1849 1299//1299 1344//1344
f 1849//1849 1344//1344 1847//1847
f 1847//1847 1344//1344 1343//1343
f 1847//1847 1343//1343 1870//1870
f 1870//1870 1343//1343 1327//1327
f 1870//1870 1327//1327 1871//1871
f 1871//1871 1327//1327 1328//1328
f 1871//1871 1328//1328 1872//1872
f 1872//1872 1328//1328 1292//1292
f 1872//1872 1292//1292 1865//1865
f 1865//1865 1292//1292 1294//1294
f 1860//1860 1358//1358 1858//1858
f 1858//1858 1358//1358 1359//1359
f 1858//1858 1359//1359 1891//1891
f 1891//1891 1359//1359 1347//1347
f 1891//1891 1347//1347 1902//1902
f 1902//1902 1347//1347 1342//1342
f 1902//1902 1342//1342 1903//1903
f 1903//1903 1342//1342 1341//1341
f 1903//1903 1341//1341 1904//1904
f 1904//1904 1341//1341 1340//1340
f 1904//1904 1340//1340 1892//1892
f 1892//1892 1340//1340 1285//1285
f 1892//1892 1285//1285 1905//1905
f 1905//1905 1285//1285 1312//1312
f 1905//1905 1312//1312 1906//1906
f 1906//1906 1312//1312 1314//1314
f 1906//1906 1314//1314 1877//1877
f 1877//1877 1314//1314 1315//1315
f 1877//1877 1315//1315 1875//1875
f 1875//1875 1315//1315 1291//1291
f 1875//1875 1291//1291 1861//1861
f 1861//1861 1291//1291 1290//1290
f 1861//1861 1290//1290 1860//1860
f 1860//1860 1290//1290 1358//1358
f 1848//1848 1353//1353 1850//1850
f 1850//1850 1353//1353 1352//1352
f 1850//1850 1352//1352 1859//1859
f 1859//1859 1352//1352 1351//1351
f 1859//1859 1351//1351 1873//1873
f 1873//1873 1351//1351 1289//1289
f 1873//1873 1289//1289 1874//1874
f 1874//1874 1289//1289 1288//1288
f 1874//1874 1288//1288 1876//1876
f 1876//1876 1288//1288 1305//1305
f 1876//1876 1305//1305 1878//1878
f 1878//1878 1305//1305 1306//1306
f 1878//1878 1306//1306 1882//1882
f 1882//1882 1306//1306 1302//1302
f 1882//1882 1302//1302 1880//1880
f 1880//1880 1302//1302 1297//1297
f 1880//1880 1297//1297 1879//1879
f 1879//1879 1297//1297 1296//1296
f 1879//1879 1296//1296 1855//1855
f 1855//1855 1296//1296 1309//1309
f 1855//1855 1309//1309 1856//1856
f 1856//1856 1309//1309 1354//1354
f 1856//1856 1354//1354 1848//1848
f 1848//1848 1354//1354 1353//1353
f 1282//1282 1281//1281 1313//1313
f 1286//1286 1339//1339 1244//1244
f 919//919 928//928 1213//1213
f 1213//1213 928//928 1286//1286
f 1213//1213 1286//1286 1246//1246
f 1246//1246 1286//1286 1244//1244
f 1238//1238 1240//1240 1339//1339
f 1339//1339 1240//1240 1242//1242
f 1339//1339 1242//1242 1244//1244
f 923//923 922//922 1287//1287
f 1287//1287 922//922 1212//1212
f 1212//1212 1251//1251 1287//1287
f 1287//1287 1251//1251 1269//1269
f 1287//1287 1269//1269 1313//1313
f 1313//1313 1269//1269 1283//1283
f 1313//1313 1283//1283 1282//1282
f 928//928 927//927 1286//1286
f 1286//1286 927//927 931//931
f 1286//1286 931//931 1287//1287
f 1287//1287 931//931 932//932
f 1287//1287 932//932 923//923

