# https://github.com/mikedh/trimesh

o gripper_left.obj
v 0.06613800 -0.01979700 0.00415900
v 0.06654000 -0.01991700 0.00400900
v 0.06613700 -0.01988200 0.00428900
v 0.06657600 -0.02000000 0.00411200
v 0.06611600 -0.02000900 0.00437600
v 0.06658600 -0.02011500 0.00418700
v 0.06608500 -0.02013000 0.00440400
v 0.06678300 -0.01996600 0.00364800
v 0.06648700 -0.01987800 0.00389900
v 0.06612300 -0.01977000 0.00403500
v 0.06696500 -0.02032500 0.00388800
v 0.06668600 -0.02026300 0.00414700
v 0.06657000 -0.02023700 0.00422200
v 0.06696400 -0.02020700 0.00385800
v 0.06693000 -0.02009500 0.00380200
v 0.06686500 -0.02001100 0.00372700
v 0.06697600 -0.02002300 0.00331100
v 0.06720800 -0.02026600 0.00342100
v 0.06722100 -0.02038200 0.00343900
v 0.06716800 -0.02037000 0.00356700
v 0.06707500 -0.02007100 0.00335200
v 0.06715700 -0.02015600 0.00339100
v 0.06731200 -0.02040200 0.00292900
v 0.06727800 -0.02024700 0.00292900
v 0.06723700 -0.02017800 0.00292900
v 0.06718300 -0.02011900 0.00292900
v 0.06704300 -0.02004300 0.00292900
v 0.06652500 -0.02109900 0.00424800
v 0.06651400 -0.02122900 0.00422800
v 0.06608500 -0.02109900 0.00440400
v 0.06608100 -0.02122900 0.00438100
v 0.06607600 -0.02128700 0.00435400
v 0.06647300 -0.02136400 0.00415200
v 0.06606500 -0.02136400 0.00429600
v 0.06605100 -0.02142400 0.00421900
v 0.06640800 -0.02145100 0.00403300
v 0.06604000 -0.02145100 0.00416300
v 0.06634700 -0.02147400 0.00391900
v 0.06601700 -0.02147400 0.00403500
v 0.06693700 -0.02147400 0.00292900
v 0.06688200 -0.02147400 0.00327400
v 0.06706600 -0.02145100 0.00292900
v 0.06700600 -0.02145100 0.00331400
v 0.06712400 -0.02142400 0.00292900
v 0.06713500 -0.02136400 0.00335600
v 0.06720200 -0.02136400 0.00292900
v 0.06726100 -0.02128700 0.00292900
v 0.06721700 -0.02122900 0.00338200
v 0.06728800 -0.02122900 0.00292900
v 0.06731200 -0.02109900 0.00292900
v 0.06723900 -0.02109900 0.00339000
v 0.06716900 -0.02109900 0.00356700
v 0.06696500 -0.02109900 0.00388800
v 0.06667700 -0.02147400 0.00364800
v 0.06677600 -0.02145100 0.00373100
v 0.06688000 -0.02136400 0.00381800
v 0.06694700 -0.02122900 0.00387300
v 0.06668600 -0.02109900 0.00414700
v 0.06673300 -0.02015000 -0.00454000
v 0.06672400 -0.02027200 -0.00457400
v 0.06704000 -0.02034200 -0.00424500
v 0.06703500 -0.02022400 -0.00421700
v 0.06722700 -0.02027100 -0.00382000
v 0.06717500 -0.02016100 -0.00379300
v 0.06724200 -0.02038700 -0.00383500
v 0.06731200 -0.02040200 -0.00338400
v 0.06727800 -0.02024700 -0.00338400
v 0.06723700 -0.02017800 -0.00338400
v 0.06709100 -0.02007600 -0.00375900
v 0.06718300 -0.02011900 -0.00338400
v 0.06683900 -0.01998200 -0.00403000
v 0.06699100 -0.02002700 -0.00372200
v 0.06704300 -0.02004300 -0.00338400
v 0.06699600 -0.02011300 -0.00416700
v 0.06692600 -0.02002800 -0.00410000
v 0.06660200 -0.01991200 -0.00427700
v 0.06666700 -0.01995300 -0.00437700
v 0.06671400 -0.02003700 -0.00447100
v 0.06720000 -0.02037700 -0.00395000
v 0.06632300 -0.02018300 -0.00479400
v 0.06634700 -0.02006500 -0.00476400
v 0.06635300 -0.01994000 -0.00467900
v 0.06633400 -0.01985400 -0.00455700
v 0.06630200 -0.01982300 -0.00444100
v 0.06720100 -0.02109900 -0.00395000
v 0.06717900 -0.02122900 -0.00394200
v 0.06731200 -0.02109900 -0.00338400
v 0.06728800 -0.02122900 -0.00338400
v 0.06726100 -0.02128700 -0.00338400
v 0.06709900 -0.02136400 -0.00390900
v 0.06720200 -0.02136400 -0.00338400
v 0.06712400 -0.02142400 -0.00338400
v 0.06697400 -0.02145100 -0.00385800
v 0.06706600 -0.02145100 -0.00338400
v 0.06685300 -0.02147400 -0.00380900
v 0.06693700 -0.02147400 -0.00338400
v 0.06619500 -0.02147400 -0.00444100
v 0.06656600 -0.02147400 -0.00421800
v 0.06623900 -0.02145100 -0.00456300
v 0.06665300 -0.02145100 -0.00431500
v 0.06625900 -0.02142400 -0.00461800
v 0.06674400 -0.02136400 -0.00441500
v 0.06628600 -0.02136400 -0.00469100
v 0.06630600 -0.02128700 -0.00474700
v 0.06680200 -0.02122900 -0.00447900
v 0.06631500 -0.02122900 -0.00477200
v 0.06681800 -0.02109900 -0.00449600
v 0.06632300 -0.02109900 -0.00479400
v 0.05660700 -0.02147400 -0.00791800
v 0.05660700 -0.02147400 0.00577900
v 0.03641100 -0.01096900 0.00954200
v 0.03641100 -0.01096900 -0.01528100
v 0.03614600 -0.01099200 -0.01563400
v 0.03564800 -0.01109600 -0.01591800
v 0.03588300 -0.01104300 -0.01581100
v 0.03591200 -0.01103700 -0.01579500
v 0.03637700 -0.01096600 -0.01536600
v 0.03632600 -0.01096800 -0.01544600
v 0.03624200 -0.01097700 -0.01554500
v 0.05667100 -0.02142400 -0.00809500
v 0.05669700 -0.02136400 -0.00816800
v 0.05671800 -0.02128700 -0.00822400
v 0.05673500 -0.02109900 -0.00827100
v 0.05482200 -0.02103400 -0.00896500
v 0.05291800 -0.02083900 -0.00965500
v 0.05480400 -0.02117400 -0.00894200
v 0.05289300 -0.02097100 -0.00963800
v 0.05476700 -0.02130200 -0.00886400
v 0.05284600 -0.02110800 -0.00955800
v 0.05471800 -0.02138400 -0.00874400
v 0.05278700 -0.02119200 -0.00942800
v 0.05466800 -0.02140800 -0.00861200
v 0.05273900 -0.02121100 -0.00930300
v 0.05273900 -0.02121100 0.00648600
v 0.05466800 -0.02140800 0.00613400
v 0.01992800 -0.01671600 -0.02120100
v 0.01990600 -0.01670300 -0.02129900
v 0.01989900 -0.01667400 -0.02138700
v 0.01991600 -0.01659400 -0.02150300
v 0.01992400 -0.01657200 -0.02152200
v 0.01998200 -0.01646100 -0.02157400
v 0.02006400 -0.01633800 -0.02156900
v 0.02011700 -0.01635400 0.01292300
v 0.05285800 -0.02083900 0.00685500
v 0.02005700 -0.01644000 0.01292200
v 0.05283700 -0.02097000 0.00683500
v 0.02000400 -0.01652100 0.01289700
v 0.05280200 -0.02110500 0.00675000
v 0.01996200 -0.01659300 0.01284900
v 0.01993300 -0.01665200 0.01278100
v 0.05276600 -0.02119000 0.00661600
v 0.01991900 -0.01669800 0.01268100
v 0.01992800 -0.01671600 0.01256800
v 0.05476200 -0.02103400 0.00650200
v 0.05667500 -0.02109900 0.00614800
v 0.05474800 -0.02117300 0.00647800
v 0.05666600 -0.02128700 0.00609800
v 0.05472400 -0.02130000 0.00639600
v 0.05665500 -0.02136400 0.00604000
v 0.05469500 -0.02138300 0.00627000
v 0.05664100 -0.02142400 0.00596300
v 0.03635800 -0.01097200 0.00966600
v 0.03633700 -0.01097500 0.00969500
v 0.03606100 -0.01102900 0.00990800
v 0.03613200 -0.01101300 0.00986800
v 0.03617100 -0.01100500 0.00984300
v 0.03567100 -0.01112100 0.01004100
v 0.03580700 -0.01108700 0.01000900
v 0.03590700 -0.01106400 0.00997600
v 0.03593800 -0.01105600 0.00996400
v 0.02937700 -0.01408600 0.01157500
v 0.03002800 -0.01401100 0.01144700
v 0.03000900 -0.01404200 0.01131600
v 0.02906900 -0.01446500 0.01126400
v 0.02810800 -0.01436300 0.01144200
v 0.02907500 -0.01432900 0.01128900
v 0.02814100 -0.01422300 0.01146500
v 0.02909000 -0.01420400 0.01136800
v 0.02818000 -0.01410400 0.01154100
v 0.02911400 -0.01412000 0.01148900
v 0.02821800 -0.01402400 0.01165700
v 0.02913800 -0.01409100 0.01162200
v 0.02825000 -0.01399600 0.01179700
v 0.03003100 -0.01437900 0.01108600
v 0.03001100 -0.01424700 0.01111500
v 0.03000300 -0.01412500 0.01119600
v 0.03095700 -0.01410500 0.01091400
v 0.03091300 -0.01398300 0.01094700
v 0.03088200 -0.01386900 0.01102900
v 0.03087200 -0.01379000 0.01115000
v 0.03088400 -0.01375800 0.01127900
v 0.03181200 -0.01365700 0.01075600
v 0.03172600 -0.01350800 0.01081700
v 0.03169600 -0.01344500 0.01087600
v 0.03167600 -0.01339500 0.01095000
v 0.03167400 -0.01334300 0.01112500
v 0.02292500 -0.01329100 0.01240300
v 0.02295800 -0.01315100 0.01242600
v 0.02299700 -0.01303100 0.01250100
v 0.02303500 -0.01295200 0.01261800
v 0.02306700 -0.01292400 0.01275800
v 0.02233000 -0.01327200 0.01251300
v 0.02231700 -0.01314000 0.01254100
v 0.02231400 -0.01301700 0.01262000
v 0.02265100 -0.01288000 0.01282200
v 0.02232400 -0.01293300 0.01273900
v 0.02234400 -0.01290100 0.01287000
v 0.02215400 -0.01293700 0.01290000
v 0.02176500 -0.01345400 0.01261800
v 0.02171000 -0.01333900 0.01265200
v 0.02129400 -0.01381700 0.01270500
v 0.02120700 -0.01373100 0.01274400
v 0.02166900 -0.01323200 0.01273300
v 0.02113400 -0.01365000 0.01282700
v 0.02097300 -0.01431800 0.01276500
v 0.02082800 -0.01425100 0.01283300
v 0.02077100 -0.01422300 0.01289200
v 0.02072800 -0.01419900 0.01296500
v 0.02165100 -0.01315600 0.01285100
v 0.02109200 -0.01359200 0.01294400
v 0.02071200 -0.01418900 0.01300900
v 0.02165700 -0.01312300 0.01297800
v 0.02122300 -0.01342700 0.01304700
v 0.02108500 -0.01356400 0.01306900
v 0.02069600 -0.01417300 0.01313300
v 0.02224200 -0.01305100 -0.02088200
v 0.02290900 -0.01305800 -0.02065400
v 0.02294600 -0.01300000 -0.02072400
v 0.02264000 -0.01290900 -0.02101100
v 0.02230800 -0.01292900 -0.02111200
v 0.02228800 -0.01294200 -0.02105200
v 0.02109900 -0.01367400 -0.02127400
v 0.02074700 -0.01423300 -0.02139700
v 0.02079200 -0.01426100 -0.02133900
v 0.02287500 -0.01313500 -0.02060300
v 0.02223200 -0.01317000 -0.02080800
v 0.02282400 -0.01331900 -0.02056800
v 0.02115400 -0.01375000 -0.02119400
v 0.02122600 -0.01383100 -0.02114800
v 0.02138100 -0.01368200 -0.02109200
v 0.02164200 -0.01336700 -0.02101900
v 0.02161600 -0.01326400 -0.02109600
v 0.02161400 -0.01318700 -0.02120300
v 0.02163500 -0.01314700 -0.02131800
v 0.02107300 -0.01361400 -0.02138000
v 0.02122000 -0.01343700 -0.02144700
v 0.02107600 -0.01358000 -0.02149200
v 0.02299500 -0.01295700 -0.02083300
v 0.02301900 -0.01295100 -0.02089700
v 0.02283000 -0.01292100 -0.02095300
v 0.02091200 -0.01432300 -0.02126200
v 0.02168600 -0.01347700 -0.02098100
v 0.02202800 -0.01334200 -0.02085700
v 0.02224000 -0.01329900 -0.02078000
v 0.02069400 -0.01417700 -0.02161400
v 0.02070400 -0.01419900 -0.02150300
v 0.02071500 -0.01420900 -0.02146400
v 0.02201800 -0.01299200 -0.02120000
v 0.02227000 -0.01296600 -0.02099100
v 0.02807900 -0.01440600 -0.01866300
v 0.02813000 -0.01422200 -0.01869800
v 0.02816400 -0.01414600 -0.01874900
v 0.02820200 -0.01408700 -0.01881800
v 0.02822300 -0.01406400 -0.01886300
v 0.02827400 -0.01403800 -0.01899100
v 0.02904300 -0.01424600 -0.01842300
v 0.03155700 -0.01352300 -0.01749300
v 0.03154900 -0.01347200 -0.01756200
v 0.03077900 -0.01385000 -0.01789400
v 0.03157700 -0.01358500 -0.01743600
v 0.03077200 -0.01393000 -0.01778300
v 0.03164600 -0.01372600 -0.01736900
v 0.03078800 -0.01404000 -0.01770400
v 0.02998500 -0.01405400 -0.01833000
v 0.03080700 -0.01381200 -0.01801400
v 0.03156800 -0.01341300 -0.01772200
v 0.02935900 -0.01412600 -0.01857200
v 0.02908500 -0.01416200 -0.01853500
v 0.02994700 -0.01409000 -0.01820800
v 0.02913000 -0.01413000 -0.01866000
v 0.02992300 -0.01417400 -0.01809700
v 0.02991800 -0.01429300 -0.01802100
v 0.02901600 -0.01437100 -0.01834900
v 0.03082200 -0.01415900 -0.01766800
v 0.02993200 -0.01442200 -0.01799100
v 0.02900600 -0.01450500 -0.01832600
v 0.03562000 -0.01104400 -0.01593300
v 0.03559500 -0.01099100 -0.01595900
v 0.03557900 -0.01095400 -0.01598400
v 0.03556000 -0.01089300 -0.01604100
v 0.03555100 -0.01084200 -0.01611100
v 0.03557000 -0.01078300 -0.01627000
v 0.03560600 -0.01101100 0.01007600
v 0.03558500 -0.01097200 0.01010200
v 0.03555400 -0.01090900 0.01016100
v 0.03553500 -0.01085900 0.01023500
v 0.03552900 -0.01083800 0.01028100
v 0.03553300 -0.01080700 0.01040900
v 0.03630700 -0.01092800 0.00960700
v 0.03626400 -0.01092900 0.00967800
v 0.03619600 -0.01085900 0.00966900
v 0.03573500 -0.01096600 0.01003100
v 0.03582600 -0.01085500 0.00999900
v 0.03585800 -0.01092700 0.00997200
v 0.03593300 -0.01081700 0.00992200
v 0.03596900 -0.01089700 0.00990100
v 0.03602300 -0.01078900 0.00983800
v 0.03614000 -0.01086300 0.00974500
v 0.03620000 -0.01093500 0.00975300
v 0.03606400 -0.01087500 0.00982400
v 0.03611500 -0.01094800 0.00982700
v 0.03601300 -0.01096800 0.00989700
v 0.03632700 -0.01093300 0.00954200
v 0.03623100 -0.01086200 0.00960100
v 0.03614200 -0.01076800 0.00967200
v 0.03580400 -0.01078500 0.01004200
v 0.03591100 -0.01073600 0.00996000
v 0.03600000 -0.01069900 0.00987000
v 0.03611300 -0.01066200 0.00968800
v 0.03617100 -0.01077000 0.00960100
v 0.03626400 -0.01088600 0.00954200
v 0.03624900 -0.01033700 0.00984200
v 0.03614300 -0.01046000 0.00975400
v 0.03601300 -0.01053800 0.00997600
v 0.03568400 -0.01084400 0.01011000
v 0.03579800 -0.01067000 0.01016400
v 0.03579500 -0.01072200 0.01009900
v 0.03599600 -0.01061200 0.00991800
v 0.03611400 -0.01055500 0.00971700
v 0.03583400 -0.01061000 0.01029900
v 0.03601200 -0.01049200 0.01017100
v 0.03631100 -0.01029600 0.00954200
v 0.03619500 -0.01041800 0.00954200
v 0.03614300 -0.01057900 0.00954200
v 0.03613800 -0.01066000 0.00960900
v 0.03614600 -0.01066400 0.00954200
v 0.03616800 -0.01074600 0.00954200
v 0.03631100 -0.01029600 -0.01528100
v 0.03619500 -0.01041800 -0.01528100
v 0.03614300 -0.01057900 -0.01528100
v 0.03614600 -0.01066400 -0.01528100
v 0.03616800 -0.01074600 -0.01528100
v 0.03626400 -0.01088600 -0.01528100
v 0.03632700 -0.01093300 -0.01528100
v 0.03587400 -0.01097700 -0.01579700
v 0.03592300 -0.01059000 -0.01588400
v 0.03581100 -0.01065900 -0.01599100
v 0.03580200 -0.01077200 -0.01588000
v 0.03590700 -0.01072500 -0.01577900
v 0.03581600 -0.01084100 -0.01583900
v 0.03622500 -0.01085700 -0.01535100
v 0.03616700 -0.01076500 -0.01535100
v 0.03613700 -0.01065500 -0.01535900
v 0.03613500 -0.01075900 -0.01543700
v 0.03629900 -0.01092400 -0.01535600
v 0.03618500 -0.01085000 -0.01543300
v 0.03625000 -0.01092000 -0.01544000
v 0.03612500 -0.01085100 -0.01552600
v 0.03618100 -0.01092300 -0.01553000
v 0.03601200 -0.01077700 -0.01563900
v 0.03604600 -0.01086100 -0.01562400
v 0.03599700 -0.01060500 -0.01571300
v 0.03601800 -0.01053200 -0.01576400
v 0.03611400 -0.01055000 -0.01547900
v 0.03614500 -0.01045700 -0.01551200
v 0.03611000 -0.01065500 -0.01545300
v 0.03599500 -0.01068900 -0.01566900
v 0.03585900 -0.01059300 -0.01611200
v 0.03597900 -0.01051400 -0.01600800
v 0.03609800 -0.01043600 -0.01587200
v 0.03625200 -0.01033500 -0.01559200
v 0.03609300 -0.01093400 -0.01562300
v 0.03584100 -0.01091000 -0.01581100
v 0.03744400 -0.00971100 0.01051400
v 0.03744400 -0.00971100 -0.01614200
v 0.03736500 -0.00969600 0.01051400
v 0.03736500 -0.00969600 -0.01614200
v 0.03728300 -0.00969900 0.01051400
v 0.03728300 -0.00969900 -0.01614200
v 0.03713200 -0.00975700 -0.01614200
v 0.03713200 -0.00975700 0.01051400
v 0.06956200 -0.01978400 -0.00311200
v 0.06949400 -0.01947300 -0.00311200
v 0.06956200 -0.01978400 0.00279000
v 0.06949400 -0.01947300 0.00279000
v 0.06941300 -0.01933600 0.00279000
v 0.06941300 -0.01933600 -0.00311200
v 0.06930400 -0.01921800 0.00279000
v 0.06930400 -0.01921800 -0.00311200
v 0.06923500 -0.01916500 0.00279000
v 0.06902500 -0.01906500 -0.00311200
v 0.06902500 -0.01906500 0.00279000
v 0.02828300 -0.01397400 0.01255400
v 0.02917100 -0.01406900 0.01237900
v 0.02940900 -0.01406500 0.01233200
v 0.03006000 -0.01398900 0.01220400
v 0.03091600 -0.01373600 0.01203600
v 0.03170700 -0.01332200 0.01188100
v 0.02307800 -0.01289800 0.01351900
v 0.02287100 -0.01286600 0.01355100
v 0.02266200 -0.01285400 0.01358300
v 0.02235500 -0.01287500 0.01363100
v 0.02216500 -0.01291100 0.01366000
v 0.02175500 -0.01305400 0.01372500
v 0.02166800 -0.01309700 0.01373900
v 0.02136300 -0.01329300 0.01378700
v 0.02123400 -0.01340100 0.01380800
v 0.02109600 -0.01353800 0.01383000
v 0.02102300 -0.01362300 0.01384200
v 0.02070700 -0.01414700 0.01389400
v 0.06919800 -0.01915500 0.00322000
v 0.06721500 -0.01857400 0.00525000
v 0.06721300 -0.01874300 0.00551100
v 0.06763100 -0.01870100 0.00514400
v 0.06766800 -0.01886500 0.00537200
v 0.06801900 -0.01881300 0.00495200
v 0.06809100 -0.01897900 0.00515900
v 0.06836800 -0.01891400 0.00469700
v 0.06847100 -0.01908200 0.00487700
v 0.06866800 -0.01900100 0.00438700
v 0.06879700 -0.01917000 0.00453600
v 0.06891100 -0.01907100 0.00403000
v 0.06906100 -0.01924100 0.00414500
v 0.06937300 -0.01932500 0.00325900
v 0.06925500 -0.01929300 0.00371500
v 0.06908900 -0.01912300 0.00363700
v 0.06951700 -0.01977400 0.00330800
v 0.06948300 -0.01954300 0.00329000
v 0.06936100 -0.01974000 0.00386900
v 0.06935600 -0.01951200 0.00377500
v 0.06916500 -0.01969600 0.00428100
v 0.06914800 -0.01946200 0.00423200
v 0.06886800 -0.01963000 0.00470800
v 0.06886600 -0.01939300 0.00464800
v 0.06850200 -0.01954900 0.00507700
v 0.06851700 -0.01930800 0.00501000
v 0.06801900 -0.01944200 0.00541200
v 0.06811000 -0.01920900 0.00530800
v 0.06760900 -0.01935000 0.00560100
v 0.06765800 -0.01909900 0.00553300
v 0.06710800 -0.01923900 0.00574000
v 0.06717000 -0.01899800 0.00568400
v 0.06889100 -0.01902500 0.00355500
v 0.06882800 -0.01900700 0.00371000
v 0.06718500 -0.01852000 0.00500200
v 0.06744000 -0.01859600 0.00493900
v 0.06791200 -0.01873600 0.00473100
v 0.06826800 -0.01884100 0.00447300
v 0.06850500 -0.01891100 0.00422900
v 0.03734800 -0.00973400 0.01077000
v 0.03742600 -0.00977100 0.01081900
v 0.03717300 -0.00980600 0.01094500
v 0.03726300 -0.00983900 0.01100600
v 0.03730600 -0.00986500 0.01102900
v 0.03720100 -0.01009400 0.01122800
v 0.03729900 -0.00996200 0.01112200
v 0.03734500 -0.00989600 0.01104600
v 0.03701700 -0.01032600 0.01131700
v 0.03707000 -0.01026000 0.01130300
v 0.03697700 -0.01026500 0.01131700
v 0.03716200 -0.01004600 0.01121500
v 0.03693000 -0.01019800 0.01130000
v 0.03711900 -0.01000100 0.01119100
v 0.03688900 -0.01014400 0.01127100
v 0.03707500 -0.00996300 0.01115700
v 0.03684600 -0.01009200 0.01122300
v 0.03703000 -0.00993200 0.01111400
v 0.03678000 -0.01002700 0.01109800
v 0.03726000 -0.00972600 0.01073700
v 0.03717600 -0.00974100 0.01069900
v 0.03710100 -0.00977700 0.01066300
v 0.03708900 -0.00980400 0.01087000
v 0.03695000 -0.00990200 0.01100700
v 0.03697900 -0.00985700 0.01083100
v 0.03674300 -0.01001200 0.01094800
v 0.02071400 -0.01412900 -0.02240500
v 0.02109600 -0.01353100 -0.02228200
v 0.02124100 -0.01338800 -0.02223700
v 0.02165600 -0.01309900 -0.02210800
v 0.02203800 -0.01294400 -0.02199100
v 0.02214300 -0.01291600 -0.02195900
v 0.02291400 -0.01288100 -0.02172500
v 0.02303900 -0.01290200 -0.02168700
v 0.02833600 -0.01399800 -0.01976600
v 0.03162900 -0.01337300 -0.01849700
v 0.03121500 -0.01361400 -0.01865600
v 0.03086900 -0.01377200 -0.01879000
v 0.03053100 -0.01389300 -0.01892000
v 0.02988500 -0.01404100 -0.01916900
v 0.02910800 -0.01408800 -0.01946800
v 0.03710900 -0.00977200 -0.01627800
v 0.03698600 -0.00985300 -0.01648400
v 0.03676100 -0.01000000 -0.01663600
v 0.06754200 -0.01862600 -0.00522700
v 0.06892000 -0.01903400 -0.00378900
v 0.06861700 -0.01894400 -0.00440300
v 0.06814300 -0.01880400 -0.00489800
v 0.03727300 -0.00972300 -0.01636500
v 0.03718300 -0.00973800 -0.01632900
v 0.03720200 -0.00979600 -0.01658400
v 0.03710500 -0.00979500 -0.01651200
v 0.03714500 -0.00985100 -0.01668400
v 0.03697800 -0.00988700 -0.01666900
v 0.03707600 -0.00991500 -0.01677300
v 0.03699500 -0.00998800 -0.01685100
v 0.03709500 -0.01031400 -0.01698900
v 0.03700900 -0.01018400 -0.01698600
v 0.03718400 -0.01019900 -0.01694300
v 0.03709800 -0.01008300 -0.01692500
v 0.03726500 -0.01008900 -0.01687300
v 0.03717800 -0.00998900 -0.01684500
v 0.03733000 -0.00999400 -0.01679000
v 0.03724600 -0.00990500 -0.01674900
v 0.03738900 -0.00989700 -0.01667500
v 0.03730100 -0.00983300 -0.01664100
v 0.03744700 -0.00978100 -0.01645900
v 0.03736600 -0.00973300 -0.01639600
v 0.03700400 -0.01017800 -0.01698400
v 0.03690600 -0.01006800 -0.01691300
v 0.03682000 -0.01000500 -0.01678900
v 0.06933900 -0.01973500 -0.00424500
v 0.06901800 -0.01966300 -0.00483400
v 0.06900900 -0.01942800 -0.00477900
v 0.06838600 -0.01952300 -0.00549400
v 0.06758400 -0.01934500 -0.00593200
v 0.06840500 -0.01928100 -0.00542500
v 0.06763200 -0.01911000 -0.00587100
v 0.06836700 -0.01905300 -0.00528700
v 0.06764500 -0.01885900 -0.00570300
v 0.06827200 -0.01888700 -0.00509900
v 0.06760700 -0.01868800 -0.00545800
v 0.06879100 -0.01903700 -0.00454500
v 0.06893100 -0.01920500 -0.00467800
v 0.06857300 -0.01956500 -0.00533700
v 0.06942300 -0.01975300 -0.00401500
v 0.06939300 -0.01952200 -0.00398400
v 0.06929000 -0.01930200 -0.00393100
v 0.06912200 -0.01913200 -0.00386200
v 0.06956200 -0.02222400 0.00279000
v 0.06956200 -0.02222400 -0.00311200
v 0.01997300 -0.01629300 -0.02162000
v 0.01994500 -0.01627600 -0.02164700
v 0.01990000 -0.01624900 -0.02170400
v 0.01986800 -0.01622500 -0.02177100
v 0.01984600 -0.01619300 -0.02192200
v 0.01974000 -0.01644600 -0.02190900
v 0.01964500 -0.01667100 -0.02179800
v 0.01976400 -0.01642900 -0.02180600
v 0.01968200 -0.01662100 -0.02171400
v 0.01981600 -0.01642600 -0.02170800
v 0.01974600 -0.01658500 -0.02163400
v 0.01989300 -0.01643700 -0.02162700
v 0.01983100 -0.01656800 -0.02156700
v 0.01979400 -0.01671100 -0.02131000
v 0.01979300 -0.01668200 -0.02141100
v 0.01969400 -0.01672100 -0.02144800
v 0.01976600 -0.01672900 -0.02120100
v 0.01956700 -0.01685700 -0.02156800
v 0.01953100 -0.01694200 -0.02120100
v 0.01961300 -0.01678700 -0.02149300
v 0.01962500 -0.01681000 -0.02120100
v 0.01969100 -0.01676200 -0.02120100
v 0.01976600 -0.01672900 0.01256800
v 0.01969100 -0.01676200 0.01256800
v 0.01962500 -0.01681000 0.01256800
v 0.01953100 -0.01694200 0.01256800
v 0.01954500 -0.01691100 0.01278900
v 0.01958300 -0.01682000 0.01298700
v 0.01960300 -0.01681700 0.01275400
v 0.01963500 -0.01674200 0.01292200
v 0.01969400 -0.01674400 0.01272200
v 0.01971800 -0.01668200 0.01286000
v 0.01980500 -0.01670300 0.01269600
v 0.01982300 -0.01665100 0.01281100
v 0.01995000 -0.01640400 0.01296800
v 0.02000800 -0.01630500 0.01296500
v 0.01976500 -0.01638700 0.01328200
v 0.01984000 -0.01620900 0.01329200
v 0.01979100 -0.01637600 0.01316300
v 0.01987200 -0.01623500 0.01312400
v 0.01985500 -0.01638100 0.01305200
v 0.01991500 -0.01625900 0.01305100
v 0.01997200 -0.01628700 0.01299100
v 0.01969500 -0.01655400 0.01322400
v 0.01973000 -0.01651700 0.01311900
v 0.01980100 -0.01649700 0.01301900
v 0.01989800 -0.01649900 0.01294200
v 0.01963300 -0.01670100 0.01312500
v 0.01967700 -0.01664100 0.01303700
v 0.01975400 -0.01659900 0.01295400
v 0.01985400 -0.01658300 0.01288900
v 0.02827700 -0.01434200 0.01293600
v 0.02923800 -0.01444400 0.01275800
v 0.02830000 -0.01420100 0.01290300
v 0.02923500 -0.01430400 0.01273100
v 0.02830900 -0.01408200 0.01281900
v 0.02922000 -0.01417500 0.01264600
v 0.02830300 -0.01400200 0.01269600
v 0.02919700 -0.01409200 0.01251700
v 0.03020000 -0.01435700 0.01258000
v 0.03112600 -0.01408400 0.01240900
v 0.03016900 -0.01421700 0.01255700
v 0.03106800 -0.01395000 0.01239000
v 0.03012900 -0.01409000 0.01247400
v 0.03100400 -0.01382800 0.01230900
v 0.03009000 -0.01400900 0.01234400
v 0.03094900 -0.01375300 0.01217800
v 0.03174400 -0.01333600 0.01203200
v 0.03181100 -0.01340100 0.01215600
v 0.03189400 -0.01350700 0.01223300
v 0.03198200 -0.01363500 0.01225000
v 0.02307300 -0.01326500 0.01390100
v 0.02309600 -0.01312500 0.01386800
v 0.02310500 -0.01300500 0.01378400
v 0.02309800 -0.01292600 0.01366100
v 0.02309800 -0.01292400 0.01365500
v 0.02238400 -0.01289500 0.01377200
v 0.02139700 -0.01330200 0.01393400
v 0.02113000 -0.01354400 0.01397800
v 0.02121400 -0.01359700 0.01411300
v 0.02100000 -0.01387200 0.01415100
v 0.02090900 -0.01382900 0.01401600
v 0.02074300 -0.01415000 0.01405200
v 0.02074000 -0.01414900 0.01404400
v 0.02168100 -0.01309600 0.01381000
v 0.02242000 -0.01297600 0.01390300
v 0.02176300 -0.01318000 0.01401700
v 0.02223000 -0.01330000 0.01405700
v 0.02245300 -0.01310500 0.01398700
v 0.02191200 -0.01342800 0.01411600
v 0.02184100 -0.01329800 0.01409900
v 0.02150500 -0.01372500 0.01419200
v 0.02247800 -0.01324600 0.01401100
v 0.02112100 -0.01429200 0.01426300
v 0.02132900 -0.01368900 0.01419300
v 0.02097100 -0.01423000 0.01425500
v 0.02083700 -0.01417900 0.01418000
v 0.02236800 -0.01287800 0.01370000
v 0.02147100 -0.01336500 0.01406800
v 0.02170100 -0.01310900 0.01388400
v 0.01965700 -0.01737700 0.01450200
v 0.01979900 -0.01743600 0.01450800
v 0.01965000 -0.01737400 0.01450000
v 0.01951500 -0.01732400 0.01442500
v 0.01942100 -0.01729400 0.01429700
v 0.01938500 -0.01729100 0.01413900
v 0.06710800 -0.02222400 0.00574000
v 0.06778300 -0.02222400 0.00553000
v 0.06798800 -0.02222400 0.00542900
v 0.06855000 -0.02222400 0.00503700
v 0.06886800 -0.02222400 0.00470800
v 0.06913300 -0.02222400 0.00433500
v 0.06941700 -0.02222400 0.00371100
v 0.06947900 -0.02222400 0.00349100
v 0.06946100 -0.02259900 -0.00311200
v 0.06934200 -0.02275500 -0.00311200
v 0.06928200 -0.02275500 -0.00368600
v 0.06918700 -0.02287400 -0.00311200
v 0.06907100 -0.02292800 -0.00311200
v 0.06901700 -0.02292800 -0.00363000
v 0.06745700 -0.02287400 -0.00558000
v 0.06751000 -0.02275500 -0.00572600
v 0.06802900 -0.02275500 -0.00547400
v 0.06951500 -0.02248400 -0.00311200
v 0.06945200 -0.02248400 -0.00372100
v 0.06949700 -0.02222400 -0.00373100
v 0.06934000 -0.02222400 -0.00424500
v 0.06918600 -0.02248400 -0.00446800
v 0.06922700 -0.02222400 -0.00448900
v 0.06873100 -0.02248400 -0.00511600
v 0.06876500 -0.02222400 -0.00514800
v 0.06812000 -0.02248400 -0.00562100
v 0.06814400 -0.02222400 -0.00566000
v 0.06857400 -0.02222400 -0.00533700
v 0.06758400 -0.02222400 -0.00593200
v 0.06756900 -0.02248400 -0.00588900
v 0.06755000 -0.02259900 -0.00583800
v 0.06774900 -0.02297400 -0.00502300
v 0.06732900 -0.02297400 -0.00522700
v 0.06741700 -0.02292800 -0.00547100
v 0.06788600 -0.02292800 -0.00524400
v 0.06840500 -0.02292800 -0.00481500
v 0.06821400 -0.02297400 -0.00463900
v 0.06879100 -0.02292800 -0.00426400
v 0.06856100 -0.02297400 -0.00414500
v 0.06876300 -0.02297400 -0.00357600
v 0.06881200 -0.02297400 -0.00311200
v 0.06903200 -0.02275500 -0.00438800
v 0.06860400 -0.02275500 -0.00499900
v 0.06881200 -0.02297400 0.00279000
v 0.06907100 -0.02292800 0.00279000
v 0.06918700 -0.02287400 0.00279000
v 0.06934200 -0.02275500 0.00279000
v 0.06946100 -0.02259900 0.00279000
v 0.06951500 -0.02248400 0.00279000
v 0.06709000 -0.02259900 0.00564100
v 0.06706800 -0.02275500 0.00552400
v 0.06769300 -0.02275500 0.00532900
v 0.06704000 -0.02287400 0.00537100
v 0.06701900 -0.02292800 0.00525700
v 0.06758300 -0.02292800 0.00508200
v 0.06926500 -0.02275500 0.00344000
v 0.06943400 -0.02248400 0.00348000
v 0.06851900 -0.02248400 0.00500200
v 0.06710000 -0.02248400 0.00569400
v 0.06776400 -0.02248400 0.00548800
v 0.06909300 -0.02248400 0.00431100
v 0.06874900 -0.02297400 0.00331600
v 0.06900200 -0.02292800 0.00337600
v 0.06871300 -0.02292800 0.00408300
v 0.06849000 -0.02297400 0.00394900
v 0.06822500 -0.02292800 0.00466900
v 0.06805300 -0.02297400 0.00447500
v 0.06747700 -0.02297400 0.00484500
v 0.06697200 -0.02297400 0.00500200
v 0.06840400 -0.02275500 0.00487200
v 0.06894500 -0.02275500 0.00422200
v 0.05674400 -0.02222400 0.00766100
v 0.05672500 -0.02259900 0.00756200
v 0.05670400 -0.02275500 0.00744500
v 0.05667500 -0.02287400 0.00729200
v 0.05660700 -0.02297400 0.00692300
v 0.02167800 -0.01309200 -0.02218000
v 0.02203700 -0.01296800 -0.02215100
v 0.02238100 -0.01289400 -0.02204100
v 0.02243900 -0.01297400 -0.02217100
v 0.02273300 -0.01288100 -0.02192900
v 0.02087400 -0.01415000 -0.02270600
v 0.02119100 -0.01354200 -0.02251200
v 0.02125000 -0.01357400 -0.02257600
v 0.02174900 -0.01312500 -0.02232800
v 0.02179400 -0.01316700 -0.02239100
v 0.02210900 -0.01304200 -0.02228300
v 0.02170900 -0.01310000 -0.02225500
v 0.02114500 -0.01352400 -0.02243700
v 0.02111300 -0.01352200 -0.02235800
v 0.02072600 -0.01412200 -0.02248300
v 0.02076100 -0.01412300 -0.02257400
v 0.02080600 -0.01413100 -0.02264100
v 0.02150200 -0.01378300 -0.02264300
v 0.02118800 -0.01427400 -0.02275700
v 0.02138300 -0.01367200 -0.02264900
v 0.02102700 -0.01420400 -0.02277200
v 0.02310000 -0.01327000 -0.02206400
v 0.02248800 -0.01310600 -0.02225400
v 0.02311600 -0.01312900 -0.02202800
v 0.02277600 -0.01296300 -0.02205700
v 0.02311000 -0.01301000 -0.02194300
v 0.02308300 -0.01293000 -0.02182400
v 0.02251600 -0.01325000 -0.02227600
v 0.02230400 -0.01329400 -0.02235200
v 0.02188700 -0.01329100 -0.02246900
v 0.02196200 -0.01342800 -0.02247600
v 0.02165700 -0.01363300 -0.02258700
v 0.02839600 -0.01436600 -0.02014300
v 0.02841200 -0.01422500 -0.02010700
v 0.02840600 -0.01410500 -0.02002300
v 0.02837900 -0.01402600 -0.01990300
v 0.03092300 -0.01378000 -0.01893000
v 0.03168800 -0.01337700 -0.01865000
v 0.03099900 -0.01385300 -0.01906000
v 0.03177400 -0.01344000 -0.01877400
v 0.03107900 -0.01397900 -0.01913700
v 0.03187200 -0.01355000 -0.01884500
v 0.03113900 -0.01411800 -0.01914800
v 0.03196300 -0.01368600 -0.01885000
v 0.03024900 -0.01438100 -0.01947100
v 0.03021400 -0.01423800 -0.01945200
v 0.03016000 -0.01410700 -0.01937100
v 0.03009800 -0.01402800 -0.01924300
v 0.02932300 -0.01446400 -0.01980700
v 0.02931400 -0.01432200 -0.01978000
v 0.02928500 -0.01419200 -0.01969600
v 0.02924000 -0.01411000 -0.01956900
v 0.05686300 -0.02222400 -0.00982000
v 0.05682800 -0.02259900 -0.00972600
v 0.05678800 -0.02275500 -0.00961400
v 0.05673500 -0.02287400 -0.00946800
v 0.05660700 -0.02297400 -0.00911500
v 0.01986200 -0.01742900 -0.02323800
v 0.01970100 -0.01735900 -0.02325300
v 0.01954800 -0.01730500 -0.02318700
v 0.01943500 -0.01727700 -0.02305500
v 0.01938800 -0.01728300 -0.02288600
v 0.01933500 -0.01741000 -0.02288000
v 0.01923700 -0.01764200 0.01388800
v 0.01925600 -0.01759700 0.01398700
v 0.01930600 -0.01747800 0.01409800
v 0.01923100 -0.01765800 0.01377700
v 0.01923100 -0.01765800 -0.02252500
v 0.01924600 -0.01762200 -0.02269500
v 0.01928800 -0.01752200 -0.02282400
v 0.01931400 -0.01745900 0.01410800
v 0.05277400 -0.02195400 0.00839600
v 0.05475400 -0.02215600 0.00802900
v 0.01964300 -0.01793700 0.01433100
v 0.01969400 -0.01778800 0.01443400
v 0.01954300 -0.01772900 0.01444200
v 0.01970800 -0.01774500 0.01445400
v 0.01974700 -0.01761800 0.01449400
v 0.01960100 -0.01755700 0.01449600
v 0.01927500 -0.01764600 0.01417900
v 0.01924000 -0.01774100 0.01408600
v 0.01930300 -0.01788500 0.01416300
v 0.01946800 -0.01768600 0.01442000
v 0.01952600 -0.01752000 0.01447000
v 0.01940100 -0.01763700 0.01437800
v 0.01945800 -0.01748300 0.01442300
v 0.01936800 -0.01741800 0.01428700
v 0.01959700 -0.01805500 0.01419300
v 0.01961400 -0.01801400 0.01425000
v 0.01944100 -0.01800300 0.01420200
v 0.01943200 -0.01799800 0.01420100
v 0.01931900 -0.01753900 0.01425000
v 0.01934800 -0.01777500 0.01428900
v 0.01941300 -0.01783400 0.01432400
v 0.01948900 -0.01788200 0.01434200
v 0.01928200 -0.01793300 0.01407400
v 0.01925600 -0.01798600 0.01387900
v 0.01926600 -0.01796700 0.01397800
v 0.01921100 -0.01779700 0.01393600
v 0.01955400 -0.01814500 0.01399500
v 0.01941700 -0.01805700 0.01410400
v 0.01939800 -0.01809400 0.01399900
v 0.01953800 -0.01816800 0.01388800
v 0.01938400 -0.01811500 0.01388900
v 0.01952500 -0.01817500 0.01377700
v 0.01936600 -0.01811400 0.01377700
v 0.01920200 -0.01782600 0.01377700
v 0.01925100 -0.01798900 0.01377700
v 0.05472600 -0.02243400 0.00798000
v 0.05273100 -0.02221500 0.00835600
v 0.05467800 -0.02268900 0.00781700
v 0.05266200 -0.02248600 0.00818700
v 0.05462000 -0.02285500 0.00756500
v 0.05258900 -0.02265600 0.00791800
v 0.05456600 -0.02290500 0.00729200
v 0.05253500 -0.02269700 0.00765900
v 0.05487300 -0.02215600 -0.01054200
v 0.05483800 -0.02243500 -0.01049700
v 0.05476400 -0.02269200 -0.01034100
v 0.05466500 -0.02285700 -0.01010000
v 0.05456600 -0.02290500 -0.00983700
v 0.05289300 -0.02195400 -0.01126000
v 0.05284400 -0.02221800 -0.01122500
v 0.05274900 -0.02249200 -0.01106500
v 0.05263100 -0.02266000 -0.01080600
v 0.05253500 -0.02269700 -0.01055500
v 0.01939900 -0.01793300 -0.02299700
v 0.01932800 -0.01786700 -0.02296900
v 0.01937500 -0.01775900 -0.02308000
v 0.01955900 -0.01816000 -0.02269200
v 0.01952500 -0.01817500 -0.02252500
v 0.01937400 -0.01811900 -0.02252500
v 0.01928900 -0.01763700 -0.02297000
v 0.01920200 -0.01782600 -0.02252500
v 0.01920700 -0.01780900 -0.02264900
v 0.01926400 -0.01798400 -0.02268100
v 0.01964800 -0.01802500 -0.02298700
v 0.01959700 -0.01811400 -0.02283900
v 0.01943600 -0.01806600 -0.02286100
v 0.01939900 -0.01811200 -0.02269600
v 0.01935600 -0.01801400 -0.02285200
v 0.01932500 -0.01805700 -0.02269100
v 0.01929000 -0.01794300 -0.02283300
v 0.01924500 -0.01786100 -0.02280400
v 0.01922400 -0.01777400 -0.02276800
v 0.01945000 -0.01781800 -0.02311500
v 0.01952400 -0.01785900 -0.02312800
v 0.01948200 -0.01798200 -0.02300800
v 0.01953600 -0.01786400 -0.02312800
v 0.01970000 -0.01791200 -0.02310100
v 0.01927700 -0.01779100 -0.02292700
v 0.01925000 -0.01771300 -0.02287500
v 0.01936600 -0.01811400 -0.02252500
v 0.01925100 -0.01798900 -0.02252500
v 0.01941700 -0.01765500 -0.02314400
v 0.01939300 -0.01736900 -0.02305300
v 0.01978400 -0.01768600 -0.02321600
v 0.01974300 -0.01780400 -0.02316900
v 0.01958100 -0.01775100 -0.02319900
v 0.01982500 -0.01755900 -0.02323900
v 0.01962600 -0.01762600 -0.02324400
v 0.01954100 -0.01758600 -0.02322600
v 0.01949500 -0.01770700 -0.02318300
v 0.01946200 -0.01754200 -0.02318400
v 0.01932000 -0.01754800 -0.02301100
v 0.01935600 -0.01746100 -0.02304200
v 0.01950600 -0.01742300 -0.02319800
v 0.01958500 -0.01745800 -0.02324200
v 0.01967000 -0.01749500 -0.02326200
v 0.03300000 -0.00905000 0.00258800
v 0.03302700 -0.00905000 0.00245600
v 0.03300100 -0.00906000 0.00189900
v 0.03307000 -0.00905000 0.00224500
v 0.03313800 -0.00905000 0.00192900
v 0.03293200 -0.00907200 0.00188400
v 0.03273400 -0.00922400 0.00121500
v 0.03286500 -0.00909000 0.00186900
v 0.03330500 -0.00905000 0.00127800
v 0.03297900 -0.00911100 0.00116600
v 0.03282800 -0.00918600 0.00111400
v 0.03269300 -0.00928700 0.00106700
v 0.03337800 -0.00905000 0.00102700
v 0.03345100 -0.00905000 0.00062100
v 0.03307000 -0.00912500 0.00059600
v 0.03348800 -0.00905000 0.00000300
v 0.03309200 -0.00913200 0.00000300
v 0.03344700 -0.00905000 -0.00064500
v 0.03307000 -0.00912500 -0.00059600
v 0.03330500 -0.00905000 -0.00127800
v 0.03297900 -0.00911100 -0.00116600
v 0.03275800 -0.00936700 0.00000200
v 0.03275700 -0.00936400 0.00018700
v 0.03274600 -0.00934400 0.00054600
v 0.03274600 -0.00934400 -0.00054600
v 0.03271900 -0.00930600 -0.00090800
v 0.03269300 -0.00928700 -0.00106700
v 0.03300100 -0.00906000 -0.00189900
v 0.03313800 -0.00905000 -0.00192900
v 0.03300000 -0.00905000 -0.00258800
v 0.03293800 -0.00905800 -0.00225600
v 0.03279900 -0.00914300 -0.00152500
v 0.03300000 -0.00907500 -0.00154800
v 0.03321100 -0.00905000 -0.00161500
v 0.03326600 -0.00905000 -0.00140600
v 0.03218900 -0.00910700 -0.00225400
v 0.03252600 -0.00914900 -0.00200000
v 0.03233000 -0.00926600 -0.00174200
v 0.03219100 -0.00940700 -0.00152700
v 0.03213000 -0.00940800 -0.00157200
v 0.03183200 -0.00938200 -0.00176300
v 0.03147000 -0.00928700 -0.00194100
v 0.03172900 -0.00980000 -0.00096300
v 0.03134000 -0.00980500 -0.00106500
v 0.03211400 -0.00971600 -0.00083300
v 0.03209000 -0.00983600 0.00000000
v 0.03211400 -0.00971600 0.00083500
v 0.03213000 -0.00940800 0.00157200
v 0.03131800 -0.00990500 -0.00074900
v 0.03129800 -0.01000000 -0.00000000
v 0.03147000 -0.00928700 0.00194100
v 0.03183200 -0.00938200 0.00176300
v 0.03172900 -0.00979900 0.00096500
v 0.03131800 -0.00990500 0.00074900
v 0.03134000 -0.00980400 0.00106600
v 0.03269100 -0.00913800 0.00186400
v 0.03252600 -0.00914900 0.00200000
v 0.03218900 -0.00910700 0.00225400
v 0.03498900 -0.00905000 -0.00750000
v 0.00800000 -0.00905000 -0.00750000
v 0.00800000 -0.00905000 -0.00258800
v 0.00800000 -0.00905000 0.00258800
v 0.00800000 -0.00905000 0.00446500
v 0.03498900 -0.00905000 0.00446500
v 0.01500000 -0.00077800 -0.02280000
v 0.01289800 0.00015800 -0.02358400
v 0.01500000 -0.00077900 -0.02277500
v 0.01279500 0.00014300 -0.02331700
v 0.01500000 -0.00083600 -0.02250100
v 0.01500000 -0.00090600 -0.02235800
v 0.01263000 -0.00000600 -0.02304700
v 0.01500000 -0.00101400 -0.02221000
v 0.01246700 -0.00025200 -0.02289800
v 0.01499900 -0.00119300 -0.02205000
v 0.01233700 -0.00052800 -0.02287900
v 0.01500000 -0.00157800 -0.02189100
v 0.01245800 -0.00026800 -0.02289300
v 0.01500000 -0.00142900 -0.02193000
v 0.01500000 -0.00128200 -0.02199500
v 0.00902300 0.00094800 -0.02408100
v 0.00866800 0.00134300 -0.02424300
v 0.00853200 0.00148400 -0.02431900
v 0.00785000 0.00212300 -0.02478000
v 0.00847900 0.00153700 -0.02435000
v 0.00777300 0.00218800 -0.02484000
v 0.00724700 0.00260000 -0.02529600
v 0.00678000 0.00288100 -0.02580300
v 0.00684500 0.00276100 -0.02772500
v 0.00684600 0.00264800 -0.02786800
v 0.00603900 0.00313400 -0.02818200
v 0.00481000 0.00414300 -0.02880000
v 0.00466000 0.00455700 -0.02885400
v 0.00484500 0.00462300 -0.02875200
v 0.00450600 0.00562200 -0.02891000
v 0.00476400 0.00562200 -0.02875100
v 0.00511100 0.00358000 -0.02869100
v 0.00527400 0.00370800 -0.02859500
v 0.00550300 0.00307600 -0.02854800
v 0.00594600 0.00295500 -0.02834700
v 0.00582000 0.00277100 -0.02843300
v 0.00682700 0.00251400 -0.02797900
v 0.00673000 0.00219600 -0.02810300
v 0.00486200 0.00562200 -0.02863800
v 0.00493900 0.00562200 -0.02850200
v 0.00509700 0.00473800 -0.02837200
v 0.00500100 0.00468700 -0.02858400
v 0.00548400 0.00398800 -0.02798600
v 0.00512400 0.00477000 -0.02814900
v 0.00500000 0.00562200 -0.02820500
v 0.00588400 0.00349600 -0.02780400
v 0.00607500 0.00326800 -0.02796200
v 0.00547800 0.00393100 -0.02821300
v 0.00605200 0.00334100 -0.02772800
v 0.00678000 0.00288100 -0.02739800
v 0.00683500 0.00280800 -0.02764100
v 0.00540500 0.00383300 -0.02842800
v 0.00902300 0.00045400 -0.02408100
v 0.00852300 0.00052800 -0.02421400
v 0.00800000 0.00060600 -0.02426100
v 0.00793000 0.00005700 -0.02415600
v 0.00756700 0.00067000 -0.02422900
v 0.00714800 0.00073200 -0.02413700
v 0.00703700 0.00022500 -0.02400400
v 0.00884900 -0.00007500 -0.02403300
v 0.00738900 -0.00077800 -0.02274900
v 0.00761900 -0.00084600 -0.02276000
v 0.00766500 -0.00075300 -0.02330400
v 0.00723900 -0.00073300 -0.02272300
v 0.00839000 -0.00002800 -0.02412500
v 0.00777500 -0.00043500 -0.02381900
v 0.00699400 -0.00024600 -0.02367700
v 0.00703700 -0.00057400 -0.02320600
v 0.00714800 -0.00070600 -0.02269900
v 0.00808500 -0.00098400 -0.02267100
v 0.00828800 -0.00093500 -0.02319000
v 0.00857500 -0.00061600 -0.02372000
v 0.00883500 -0.00010900 -0.02402300
v 0.00671500 -0.00120500 -0.01504100
v 0.00775600 -0.00142400 -0.01521400
v 0.00752500 -0.00106200 -0.01573400
v 0.00500000 0.00129000 -0.01387900
v 0.00500000 0.00091600 -0.01335300
v 0.00518400 0.00010600 -0.01399700
v 0.00516700 0.00071300 -0.01486800
v 0.00500000 0.00160000 -0.01443600
v 0.00500000 0.00202000 -0.01560500
v 0.00515200 0.00110700 -0.01584300
v 0.00500000 0.00214500 -0.01635200
v 0.00514000 0.00126500 -0.01686600
v 0.00500000 0.00217000 -0.01686600
v 0.00570800 -0.00014000 -0.01528400
v 0.00564200 0.00021900 -0.01605100
v 0.00543300 -0.00029900 -0.01432000
v 0.00578500 -0.00066700 -0.01461200
v 0.00622100 -0.00097400 -0.01485700
v 0.00655400 -0.00076200 -0.01558800
v 0.00630100 -0.00030200 -0.01686600
v 0.00608100 -0.00013600 -0.01686600
v 0.00558900 0.00038500 -0.01686600
v 0.00524400 0.00098500 -0.01686600
v 0.00641400 -0.00045400 -0.01620900
v 0.00731800 -0.00081900 -0.01629400
v 0.00800000 -0.00188500 -0.01476200
v 0.00685200 -0.00174000 -0.01458500
v 0.00634900 -0.00157200 -0.01437800
v 0.00587900 -0.00133000 -0.01408100
v 0.00522800 -0.00071500 -0.01332600
v 0.00500000 0.00001000 -0.01243600
v 0.00714800 -0.00070600 -0.01686600
v 0.00500000 -0.00605000 -0.00750000
v 0.00522800 -0.00677500 -0.00839000
v 0.00587900 -0.00739000 -0.00914500
v 0.00593900 -0.00742700 -0.00919000
v 0.00600300 -0.00746400 -0.00923600
v 0.00673000 -0.00776600 -0.00960700
v 0.00685200 -0.00780000 -0.00964900
v 0.00800000 -0.00794500 -0.00982600
v 0.00641000 0.00307800 -0.02580300
v 0.00588200 0.00349700 -0.02580300
v 0.00547800 0.00399700 -0.02580300
v 0.00519700 0.00455200 -0.02580300
v 0.00500000 0.00562200 -0.02580300
v 0.01500000 -0.00078500 0.01594800
v 0.01500000 -0.00077800 0.01583800
v 0.01415200 -0.00040100 0.01659200
v 0.01431600 -0.00054700 0.01682100
v 0.01436800 -0.00065900 0.01692300
v 0.01500000 -0.00090300 0.01629400
v 0.01439600 -0.00079000 0.01700900
v 0.01500000 -0.00109000 0.01647600
v 0.01500000 -0.00135600 0.01655500
v 0.01437700 -0.00108600 0.01712300
v 0.01500000 -0.00138600 0.01655600
v 0.01500000 -0.01673200 0.01655600
v 0.01437700 -0.01664000 0.01712300
v 0.01500100 -0.01688000 0.01653700
v 0.01432200 -0.01691300 0.01710400
v 0.01500200 -0.01703500 0.01647600
v 0.01500100 -0.01719000 0.01636900
v 0.01416600 -0.01719200 0.01698700
v 0.01500000 -0.01731600 0.01623600
v 0.01394400 -0.01735800 0.01678700
v 0.01500000 -0.01746900 0.01596900
v 0.01374500 -0.01738300 0.01659200
v 0.01500000 -0.01755500 0.01553300
v 0.00286800 -0.01529600 0.02858200
v 0.00252800 -0.01547200 0.02877100
v 0.00244700 -0.01558700 0.02870600
v 0.00315900 -0.01510300 0.02834100
v 0.00222500 -0.01575200 0.02850600
v 0.00202600 -0.01577800 0.02831100
v 0.01252600 -0.00062600 0.01472300
v 0.01222400 -0.00050900 0.01501900
v 0.01235700 -0.00022700 0.01502600
v 0.01500000 -0.00158600 0.01291100
v 0.01366500 -0.00106800 0.01376900
v 0.01500000 -0.00157900 0.01291300
v 0.01368600 -0.00076200 0.01388400
v 0.01500000 -0.00101700 0.01328700
v 0.01500100 -0.00118900 0.01311100
v 0.01500000 -0.00128700 0.01303900
v 0.01388600 -0.00054500 0.01401800
v 0.01410000 -0.00043900 0.01423600
v 0.01500000 -0.00088200 0.01350600
v 0.01427200 -0.00045400 0.01446800
v 0.01500000 -0.00077800 0.01395200
v 0.01304400 0.00009300 0.01555800
v 0.01283400 0.00011900 0.01534100
v 0.01257900 0.00000900 0.01514000
v 0.01245900 -0.00009800 0.01506900
v 0.01446200 -0.00241200 0.01257000
v 0.01345000 -0.00210000 0.01320000
v 0.01378000 -0.00163200 0.01348400
v 0.01218000 -0.00219700 0.01271400
v 0.01076900 -0.00177900 0.01394100
v 0.01208700 -0.00205800 0.01350700
v 0.01123800 -0.00176700 0.01440500
v 0.01169700 -0.00147900 0.01477900
v 0.01500000 -0.00215200 0.01266700
v 0.01500000 -0.00262100 0.01223300
v 0.01500000 -0.00292000 0.01169600
v 0.01413500 -0.00267000 0.01210900
v 0.01307700 -0.00235400 0.01276000
v 0.01250400 -0.00180800 0.01392300
v 0.01286100 -0.00133600 0.01418600
v 0.01206000 -0.00097100 0.01499200
v 0.01386500 -0.00269600 0.01162800
v 0.01500000 -0.00303200 0.01107700
v 0.01126000 0.00088700 0.01736300
v 0.01104500 0.00091100 0.01713800
v 0.01076600 0.00077600 0.01691900
v 0.01064500 0.00065500 0.01685200
v 0.01053500 0.00049300 0.01681400
v 0.01042400 0.00020200 0.01683300
v 0.00678000 0.00288100 0.02396500
v 0.00690700 0.00278500 0.02413500
v 0.00694400 0.00273500 0.02419400
v 0.00699600 0.00262100 0.02429700
v 0.00702300 0.00249200 0.02438200
v 0.00700500 0.00219600 0.02449500
v 0.00733700 -0.00093400 0.01059900
v 0.00754000 -0.00132600 0.01001100
v 0.00652700 -0.00093000 0.00995600
v 0.00515600 0.00077200 0.00959200
v 0.00500000 0.00185800 0.00970900
v 0.00515000 0.00103600 0.01019700
v 0.00500000 0.00210900 0.01069000
v 0.00514400 0.00120200 0.01083100
v 0.00500000 0.00217000 0.01147800
v 0.00516400 0.00041800 0.00903000
v 0.00517300 -0.00002000 0.00852400
v 0.00500000 0.00122400 0.00847600
v 0.00500000 0.00095200 0.00811300
v 0.00500000 -0.00042700 0.00689400
v 0.00519200 -0.00109400 0.00772500
v 0.00500000 -0.00055400 0.00681600
v 0.00520300 -0.00170500 0.00744900
v 0.00500000 -0.00128800 0.00644700
v 0.00540200 -0.00186400 0.00783200
v 0.00542900 -0.00085200 0.00848700
v 0.00518200 -0.00052800 0.00808600
v 0.00500000 0.00011900 0.00728400
v 0.00514000 0.00126500 0.01147800
v 0.00524400 0.00098500 0.01147800
v 0.00563200 0.00017200 0.01047000
v 0.00728500 -0.00085100 0.01079200
v 0.00569500 -0.00035900 0.00956400
v 0.00639200 -0.00048700 0.01067700
v 0.00620800 -0.00139200 0.00915600
v 0.00669700 -0.00157800 0.00938700
v 0.00688900 -0.00235900 0.00902000
v 0.00773100 -0.00175800 0.00960900
v 0.00800000 -0.00244100 0.00921700
v 0.00650000 -0.00228600 0.00884600
v 0.00634900 -0.00225000 0.00876000
v 0.00577600 -0.00114600 0.00885100
v 0.00586800 -0.00209900 0.00839600
v 0.00547900 -0.00191300 0.00794900
v 0.00714800 -0.00070600 0.01147800
v 0.00630100 -0.00030200 0.01147800
v 0.00608100 -0.00013600 0.01147800
v 0.00558900 0.00038500 0.01147800
v 0.01012100 0.00029100 0.01713600
v 0.00992600 -0.00033800 0.01712700
v 0.00956300 -0.00084600 0.01691400
v 0.00910300 -0.00113400 0.01654000
v 0.00907200 -0.00114400 0.01651200
v 0.00863500 -0.00114700 0.01607500
v 0.00609500 0.00277100 0.02540500
v 0.00580600 0.00304500 0.02569400
v 0.00493500 0.00455700 0.02656500
v 0.00315900 0.00665000 0.02834100
v 0.00506800 0.00418200 0.02643200
v 0.00538500 0.00358000 0.02611500
v 0.00478000 0.00562200 0.02672000
v 0.00478000 0.00740000 0.02672000
v 0.00424300 0.00740000 0.02725700
v 0.00400700 0.00740500 0.02749300
v 0.00373400 0.00737200 0.02776600
v 0.00347400 0.00724500 0.02802600
v 0.00478900 0.00536800 0.02671100
v 0.00316100 0.00670600 0.02833900
v 0.00322400 0.00694600 0.02827600
v 0.00500000 -0.00605000 0.00446500
v 0.00515600 -0.00641700 0.00534700
v 0.00540200 -0.00662600 0.00585000
v 0.00561800 -0.00675100 0.00614800
v 0.00562900 -0.00675600 0.00616200
v 0.00639000 -0.00702300 0.00680200
v 0.00650000 -0.00704800 0.00686400
v 0.00800000 -0.00720300 0.00723500
v 0.00757200 -0.00719100 0.00720600
v 0.00706400 -0.00714500 0.00709700
v 0.00655400 -0.00706000 0.00689200
v 0.00800000 -0.00928700 0.00194100
v 0.00800000 -0.00911100 0.00224300
v 0.00800000 -0.00906500 -0.00241400
v 0.00800000 -0.00911100 -0.00224300
v 0.00800000 -0.00928700 -0.00194100
v 0.00500000 -0.00715000 -0.00337900
v 0.00515400 -0.00719100 -0.00360200
v 0.00500000 -0.00671200 -0.00362600
v 0.00513000 -0.00692300 -0.00399400
v 0.00500000 -0.00634000 -0.00379100
v 0.00500000 -0.00605000 -0.00388600
v 0.00719500 -0.00922600 -0.00201100
v 0.00730300 -0.00904200 -0.00232100
v 0.00655500 -0.00893100 -0.00233500
v 0.00666100 -0.00884700 -0.00251400
v 0.00594100 -0.00864300 -0.00255700
v 0.00609900 -0.00855100 -0.00275300
v 0.00540900 -0.00827000 -0.00277400
v 0.00561900 -0.00817100 -0.00298400
v 0.00500000 -0.00785500 -0.00294000
v 0.00523000 -0.00772300 -0.00316800
v 0.00500000 -0.00778000 -0.00298500
v 0.00500000 -0.00730300 -0.00328400
v 0.00735300 -0.00899800 -0.00249900
v 0.00652700 -0.00866300 -0.00309500
v 0.00589200 -0.00818500 -0.00352200
v 0.00578700 -0.00814300 -0.00324600
v 0.00588500 -0.00817800 -0.00352700
v 0.00542300 -0.00769500 -0.00346600
v 0.00557500 -0.00781600 -0.00374500
v 0.00518800 -0.00709400 -0.00397500
v 0.00746300 -0.00900200 -0.00266200
v 0.00739600 -0.00898900 -0.00268100
v 0.00675700 -0.00880800 -0.00271300
v 0.00623400 -0.00851800 -0.00298100
v 0.00500000 -0.00827200 -0.00271700
v 0.00519500 -0.00842600 -0.00263900
v 0.00577800 -0.00878200 -0.00241300
v 0.00658300 -0.00909300 -0.00214900
v 0.00500000 -0.00722500 -0.00333300
v 0.00500000 -0.00776000 0.00299700
v 0.00500000 -0.00725500 0.00331400
v 0.00523100 -0.00772300 0.00316800
v 0.00500000 -0.00724900 0.00331800
v 0.00500000 -0.00681200 0.00357300
v 0.00515400 -0.00719100 0.00360200
v 0.00666100 -0.00884700 0.00251400
v 0.00695400 -0.00886200 0.00285800
v 0.00730300 -0.00904200 0.00232100
v 0.00718200 -0.00893600 0.00275700
v 0.00683500 -0.00881400 0.00291800
v 0.00675700 -0.00880800 0.00271400
v 0.00609300 -0.00836600 0.00338100
v 0.00623400 -0.00851800 0.00298100
v 0.00578700 -0.00814300 0.00324600
v 0.00542300 -0.00769500 0.00346600
v 0.00541500 -0.00757200 0.00385200
v 0.00523400 -0.00721100 0.00395500
v 0.00505500 -0.00662400 0.00399600
v 0.00500000 -0.00664800 0.00365700
v 0.00500000 -0.00605000 0.00388600
v 0.00500000 -0.00786200 0.00293600
v 0.00540900 -0.00827000 0.00277400
v 0.00500000 -0.00823500 0.00273500
v 0.00500000 -0.00827200 0.00271700
v 0.00609900 -0.00855100 0.00275300
v 0.00561900 -0.00817100 0.00298400
v 0.00577800 -0.00878200 0.00241300
v 0.00594100 -0.00864300 0.00255700
v 0.00632100 -0.00901000 0.00222700
v 0.00655500 -0.00893100 0.00233500
v 0.00719500 -0.00922600 0.00201100
v 0.00725000 -0.00912000 0.00215500
v 0.00767500 -0.00927800 0.00195300
v 0.00500000 0.00778700 -0.01063600
v 0.00500000 0.00836400 -0.01121200
v 0.00500000 0.01265000 -0.02262000
v 0.00500000 0.00836400 -0.01278800
v 0.00500000 0.00778700 -0.01336400
v 0.00500000 -0.00542500 0.00000000
v 0.00500000 -0.00563600 -0.00078800
v 0.00500000 -0.00621300 -0.00136400
v 0.00500000 0.00563600 -0.01121200
v 0.00500000 0.00621300 -0.01063600
v 0.00500000 0.00778700 0.01336400
v 0.00500000 0.00836400 0.01278800
v 0.00500000 0.01265000 0.01876500
v 0.00500000 0.00857500 0.01200000
v 0.00500000 0.00836400 0.01121200
v 0.00500000 0.00778700 0.01063600
v 0.00500000 -0.00778800 0.00136400
v 0.00500000 -0.00836400 0.00078800
v 0.00500000 -0.00918100 0.00206000
v 0.00500000 -0.00857500 0.00000000
v 0.00500000 0.00857500 -0.01200000
v 0.00500000 0.00700000 0.01042500
v 0.00500000 0.00621300 0.01063600
v 0.00500000 -0.00990500 0.00074900
v 0.00500000 -0.00990500 -0.00074900
v 0.00500000 -0.00836400 -0.00078800
v 0.00500000 -0.00918100 -0.00206000
v 0.00500000 -0.00778800 -0.00136400
v 0.00500000 -0.00700000 -0.00157500
v 0.00500000 0.00542500 -0.01200000
v 0.00500000 0.00563600 0.01121200
v 0.00500000 0.00621300 0.01336400
v 0.00500000 0.00346800 0.01657400
v 0.00500000 0.00563600 0.01278800
v 0.00500000 0.00283800 0.01600000
v 0.00500000 0.01254900 0.02021300
v 0.00500000 0.01234300 0.02126800
v 0.00500000 0.00700000 0.01357500
v 0.00500000 -0.00700000 0.00157500
v 0.00500000 0.00700000 -0.01357500
v 0.00500000 0.00740000 -0.02820500
v 0.00500000 0.01257800 -0.02354100
v 0.00500000 0.01237600 -0.02440100
v 0.00500000 0.00421100 -0.02263200
v 0.00500000 0.00491000 -0.02348300
v 0.00500000 0.00563600 -0.01278800
v 0.00500000 0.00621300 -0.01336400
v 0.00500000 0.00252100 0.01576600
v 0.00500000 0.00217000 0.01554600
v 0.00500000 0.00542500 0.01200000
v 0.00500000 0.00740000 0.02618900
v 0.00500000 0.00562200 0.02618900
v 0.00500000 0.00562200 0.02184300
v 0.00500000 0.00530100 0.01975700
v 0.00500000 0.00502400 0.01898100
v 0.00500000 0.00436800 0.01772300
v 0.00500000 0.00385500 0.01701200
v 0.00500000 0.01176500 0.02288900
v 0.00500000 0.01145600 0.02347900
v 0.00500000 0.01111200 0.02401500
v 0.00500000 0.00842400 0.02604600
v 0.00500000 0.00884000 0.02590400
v 0.00500000 0.00371700 -0.02221100
v 0.00500000 0.00525300 -0.02411500
v 0.00500000 0.00554200 -0.02501700
v 0.00500000 0.00547300 0.02043100
v 0.00500000 0.00700000 -0.01042500
v 0.00500000 -0.00563600 0.00078800
v 0.00500000 -0.00621300 0.00136400
v 0.00500000 0.01094900 -0.02673500
v 0.00500000 0.01153900 -0.02605600
v 0.00500000 0.01201500 -0.02528300
v 0.00500000 0.01020000 0.02504400
v 0.00500000 0.00940900 0.02562400
v 0.00500000 0.00867600 -0.02803800
v 0.00500000 0.00949800 -0.02773900
v 0.00500000 0.01028600 -0.02728500
v 0.00500000 0.00217000 -0.02143700
v 0.00500000 0.00349300 -0.02205300
v 0.00800000 -0.00813200 0.00662500
v 0.00800000 -0.00854000 0.00613800
v 0.00722600 -0.00841700 0.00613800
v 0.00597700 -0.00750200 0.00613800
v 0.00646100 -0.00715500 0.00679200
v 0.00688100 -0.00757800 0.00679200
v 0.00741100 -0.00785000 0.00679200
v 0.00800000 -0.00794400 0.00679200
v 0.00800000 -0.00892000 0.00534000
v 0.00710800 -0.00877800 0.00534000
v 0.00706800 -0.00890100 0.00446500
v 0.00630500 -0.00836500 0.00534000
v 0.00622800 -0.00847000 0.00446500
v 0.00587900 -0.00817100 0.00446500
v 0.00566900 -0.00772400 0.00534000
v 0.00514000 -0.00695600 0.00446500
v 0.00526400 -0.00691600 0.00534000
v 0.00518500 -0.00708800 0.00446500
v 0.00556300 -0.00780000 0.00446500
v 0.00652900 -0.00805900 0.00613800
v 0.00791800 0.00225500 0.02013200
v 0.00761400 0.00244200 0.02058000
v 0.00731800 0.00261200 0.02102300
v 0.00678000 0.00288100 0.02184300
v 0.00873900 0.00168300 0.01895200
v 0.00851500 0.00184900 0.01927000
v 0.01012100 0.00033700 0.01713600
v 0.00979100 0.00075700 0.01752600
v 0.00969400 0.00085800 0.01765100
v 0.00923000 0.00128800 0.01827000
v 0.00904700 0.00144100 0.01852300
v 0.00664300 0.00294700 0.02413600
v 0.00606200 0.00333200 0.02184300
v 0.00605200 0.00334100 0.02487500
v 0.00588200 0.00349700 0.02184300
v 0.00569400 0.00370300 0.02532200
v 0.00547800 0.00399700 0.02184300
v 0.00511400 0.00480300 0.02184300
v 0.00512400 0.00477000 0.02603500
v 0.00519700 0.00455200 0.02184300
v 0.00514300 0.00470800 0.02601100
v 0.00548400 0.00398800 0.02558400
v 0.00800000 -0.00876000 -0.00878800
v 0.00800000 -0.00853400 -0.00918200
v 0.00722800 -0.00841100 -0.00918200
v 0.00598200 -0.00749900 -0.00918200
v 0.00653200 -0.00805400 -0.00918200
v 0.00526600 -0.00691600 -0.00837900
v 0.00567000 -0.00772300 -0.00837900
v 0.00630500 -0.00836400 -0.00837900
v 0.00710900 -0.00877600 -0.00837900
v 0.00800000 -0.00891800 -0.00837900
v 0.00706800 -0.00890100 -0.00750000
v 0.00622800 -0.00847000 -0.00750000
v 0.00587900 -0.00817100 -0.00750000
v 0.00514000 -0.00695600 -0.00750000
v 0.00518500 -0.00708800 -0.00750000
v 0.00556300 -0.00780000 -0.00750000
v 0.00514200 0.00125900 0.01582200
v 0.00530400 0.00085300 0.01595200
v 0.00555700 0.00042800 0.01609200
v 0.00615600 -0.00019600 0.01630600
v 0.00623600 -0.00025700 0.01632800
v 0.00714800 -0.00070600 0.01649600
v 0.00730200 0.00041700 0.01794100
v 0.00776000 0.00039300 0.01801000
v 0.00770700 -0.00007200 0.01784500
v 0.00707200 -0.00060700 0.01694900
v 0.00705600 -0.00053600 0.01710800
v 0.00751600 -0.00073000 0.01702700
v 0.00836400 -0.00106700 0.01629000
v 0.00816300 -0.00100700 0.01639700
v 0.00842200 -0.00097000 0.01690700
v 0.00784400 -0.00091200 0.01650000
v 0.00715500 0.00042800 0.01790400
v 0.00707500 0.00000400 0.01770900
v 0.00705800 -0.00013300 0.01760800
v 0.00759000 -0.00047300 0.01749900
v 0.00704500 -0.00036400 0.01737300
v 0.00872700 -0.00068300 0.01739200
v 0.00797200 -0.00085100 0.01701700
v 0.00900900 -0.00019400 0.01769400
v 0.00920300 0.00035700 0.01776300
v 0.00952400 0.00034800 0.01759900
v 0.00858900 0.00037000 0.01795800
v 0.00836100 -0.00013500 0.01784400
v 0.00815800 -0.00057900 0.01750900
v 0.00848200 -0.00110100 0.01620900
v 0.00887900 -0.00107300 0.01672100
v 0.00928200 -0.00078100 0.01713700
v 0.00961500 -0.00028000 0.01738000
v 0.00962600 -0.00025400 0.01738500
v 0.00981500 0.00033700 0.01740300
v 0.00508200 0.00147500 -0.02170700
v 0.00626000 -0.00027400 -0.02248300
v 0.00605200 -0.00011200 -0.02240300
v 0.00571200 0.00023000 -0.02224100
v 0.00530200 0.00085900 -0.02196100
v 0.00213400 -0.01579200 -0.02893500
v 0.00202600 -0.01577800 -0.02897300
v 0.00223000 -0.01575600 -0.02918700
v 0.00212300 -0.01573500 -0.02924100
v 0.00236800 -0.01503500 -0.02968400
v 0.00249100 -0.01504900 -0.02964100
v 0.00231600 -0.01531500 -0.02964300
v 0.00244200 -0.01531400 -0.02960600
v 0.00222800 -0.01557200 -0.02948700
v 0.00234700 -0.01558700 -0.02944600
v 0.00223600 -0.01575000 -0.02920200
v 0.00044600 -0.01485100 -0.03000000
v 0.00044600 0.00665000 -0.03000000
v 0.00142100 -0.01493200 -0.02992100
v 0.00096900 0.00665000 -0.02997700
v 0.00249100 0.00665000 -0.02964100
v 0.00149000 0.00665000 -0.02990800
v 0.00377900 0.01211500 -0.02673800
v 0.00396700 0.01162100 -0.02725800
v 0.00344700 0.01119100 -0.02783900
v 0.00423300 0.01065200 -0.02799000
v 0.00290700 0.00774200 -0.02945900
v 0.00309700 0.00718000 -0.02942100
v 0.00268100 0.00696400 -0.02957200
v 0.00153500 0.00739000 -0.02986300
v 0.00450600 0.00740000 -0.02891000
v 0.00356800 0.00730800 -0.02925000
v 0.00449800 0.00885800 -0.02872100
v 0.00364000 0.00816100 -0.02916300
v 0.00345900 0.00903200 -0.02902600
v 0.00217900 0.00949200 -0.02920100
v 0.00244000 0.00892200 -0.02935200
v 0.00188400 0.00882200 -0.02950600
v 0.00239300 0.00794000 -0.02959000
v 0.00166700 0.00811800 -0.02972800
v 0.00217900 0.00752300 -0.02970300
v 0.00252300 0.00678100 -0.02962900
v 0.00268400 0.00833500 -0.02943700
v 0.00323400 0.00988400 -0.02875800
v 0.00172200 0.01288600 -0.02583300
v 0.00204000 0.01251800 -0.02655600
v 0.00166300 0.01184300 -0.02754300
v 0.00196400 0.01134000 -0.02803700
v 0.00162200 0.01054400 -0.02871600
v 0.00189600 0.01309100 -0.02526700
v 0.00211000 0.01327000 -0.02456700
v 0.00245200 0.01301000 -0.02545800
v 0.00251400 0.01340000 -0.02325000
v 0.00288800 0.01329900 -0.02428300
v 0.00327100 0.01297300 -0.02533900
v 0.00363900 0.01241000 -0.02635400
v 0.00313800 0.01196100 -0.02713900
v 0.00311800 0.01313200 -0.02491700
v 0.00280000 0.01257300 -0.02633100
v 0.00267500 0.01140700 -0.02784700
v 0.00296900 0.01068600 -0.02836100
v 0.00254400 0.01011700 -0.02881700
v 0.00236100 0.01202300 -0.02723700
v 0.00226000 0.01076100 -0.02846600
v 0.00101200 0.00768300 -0.02989600
v 0.00082200 0.01053200 -0.02877100
v 0.00088300 0.01080100 -0.02857200
v 0.00133600 0.01100800 -0.02839200
v 0.00105100 0.01142300 -0.02802300
v 0.00133300 0.01219100 -0.02710400
v 0.00045200 0.00718300 -0.02997900
v 0.00048600 0.00796700 -0.02987000
v 0.00113800 0.00869300 -0.02965500
v 0.00057900 0.00903700 -0.02956400
v 0.00134300 0.00965400 -0.02925900
v 0.00427100 0.01047200 -0.02809500
v 0.00442100 0.00956900 -0.02850900
v 0.00476400 0.00740000 -0.02875100
v 0.00493900 0.00740000 -0.02850200
v 0.00023100 -0.01558600 -0.02925000
v 0.00038500 -0.01559900 -0.02925000
v 0.00023100 -0.01558600 0.02925000
v 0.00121800 -0.01567800 -0.02918100
v 0.00104400 -0.01566000 0.02907700
v 0.00175300 -0.01574100 0.02859100
v 0.00563500 0.00145000 -0.02315900
v 0.00557400 0.00200100 -0.02324600
v 0.00524100 0.00222800 -0.02270600
v 0.00537900 0.00133900 -0.02274800
v 0.00526600 0.00157300 -0.02256000
v 0.00510200 0.00170100 -0.02211700
v 0.00571200 0.00112400 -0.02320800
v 0.00582200 0.00107600 -0.02332800
v 0.00626000 0.00094800 -0.02370500
v 0.00504300 0.00385700 -0.02299600
v 0.00504900 0.00319500 -0.02250100
v 0.00516800 0.00399700 -0.02389900
v 0.00514700 0.00440600 -0.02449200
v 0.00512900 0.00467900 -0.02513800
v 0.00521600 0.00287500 -0.02298400
v 0.00551100 0.00256700 -0.02344900
v 0.00519100 0.00347600 -0.02338800
v 0.00545100 0.00310900 -0.02376600
v 0.00539400 0.00359000 -0.02418400
v 0.00562000 0.00358400 -0.02485700
v 0.00571200 0.00321800 -0.02444600
v 0.00581600 0.00277800 -0.02410700
v 0.00505400 0.00246500 -0.02214100
v 0.00554100 0.00385000 -0.02532000
v 0.00724700 0.00156000 -0.02429700
v 0.00747500 0.00122500 -0.02424400
v 0.00815100 0.00121700 -0.02428500
v 0.00839200 0.00094800 -0.02423500
v 0.00604300 0.00180400 -0.02371600
v 0.00661700 0.00165300 -0.02407400
v 0.00626900 0.00250300 -0.02438900
v 0.00680000 0.00274100 -0.02523300
v 0.00731800 0.00217500 -0.02472700
v 0.00788200 0.00152300 -0.02438300
v 0.00619700 0.00318600 -0.02546500
v 0.00678100 0.00230100 -0.02459800
v 0.00636600 0.00295400 -0.02513800
v 0.00596600 0.00323800 -0.02501200
v 0.00706600 0.00094800 -0.02411200
v 0.00768400 0.00094800 -0.02424400
v 0.00812000 0.00094800 -0.02425800
v 0.00496800 0.00873200 -0.02824800
v 0.00469800 0.00883100 -0.02861900
v 0.00486300 0.00878700 -0.02845500
v 0.00462500 0.01330000 -0.02262000
v 0.00478300 0.01317800 -0.02262000
v 0.00479700 0.01308400 -0.02362100
v 0.00496700 0.00959100 -0.02794000
v 0.00496500 0.01039200 -0.02748700
v 0.00496300 0.01111100 -0.02690100
v 0.00496100 0.01173100 -0.02619700
v 0.00495800 0.01223400 -0.02539500
v 0.00495600 0.01260600 -0.02451500
v 0.00495300 0.01283700 -0.02358200
v 0.00490000 0.01302500 -0.02262000
v 0.00455800 0.01325300 -0.02364800
v 0.00452800 0.01334700 -0.02262000
v 0.00425000 0.01340000 -0.02262000
v 0.00481100 0.01283800 -0.02459000
v 0.00482400 0.01244500 -0.02550200
v 0.00483500 0.01191700 -0.02633400
v 0.00484500 0.01126800 -0.02706200
v 0.00485300 0.01051700 -0.02766800
v 0.00485900 0.00968200 -0.02813600
v 0.00458700 0.01300200 -0.02464300
v 0.00461400 0.01259900 -0.02558100
v 0.00463800 0.01205700 -0.02643600
v 0.00465800 0.01138900 -0.02718500
v 0.00467600 0.01061500 -0.02780900
v 0.00468900 0.00975400 -0.02829100
v 0.00429200 0.01331800 -0.02365800
v 0.00433300 0.01307400 -0.02466600
v 0.00437200 0.01267400 -0.02561900
v 0.00440700 0.01213000 -0.02649000
v 0.00443800 0.01145700 -0.02725400
v 0.00446400 0.01067200 -0.02789200
v 0.00448400 0.00979800 -0.02838600
v 0.00425000 0.01340000 0.01876500
v 0.00452600 0.01334700 0.01876500
v 0.00462500 0.01330000 0.01876500
v 0.00478000 0.01318000 0.01876500
v 0.00490000 0.01302500 0.01876500
v 0.00494000 0.00850400 0.02632900
v 0.00494300 0.00740000 0.02647600
v 0.00468300 0.01085900 0.02526400
v 0.00469900 0.01058900 0.02550200
v 0.00481900 0.01065200 0.02529300
v 0.00495500 0.01280100 0.02024900
v 0.00481600 0.01303600 0.02028200
v 0.00496300 0.01247400 0.02167100
v 0.00484800 0.01268500 0.02173300
v 0.00497000 0.01195600 0.02298000
v 0.00487600 0.01213800 0.02306600
v 0.00497500 0.01126800 0.02412500
v 0.00490000 0.01141800 0.02423100
v 0.00491800 0.01055000 0.02518500
v 0.00493200 0.00956700 0.02589400
v 0.00474000 0.00969600 0.02611400
v 0.00430300 0.01337000 0.01955400
v 0.00459900 0.01320600 0.02030600
v 0.00435300 0.01328400 0.02031700
v 0.00438900 0.01318900 0.02085300
v 0.00466700 0.01284900 0.02178100
v 0.00446200 0.01289800 0.02195000
v 0.00472700 0.01228800 0.02313700
v 0.00455400 0.01231700 0.02332400
v 0.00477800 0.01154700 0.02432200
v 0.00459600 0.01194200 0.02396200
v 0.00462500 0.01164300 0.02439000
v 0.00477000 0.00857100 0.02656600
v 0.00476000 0.00905600 0.02641100
v 0.00494300 0.00562200 0.02647600
v 0.00515200 0.00455000 0.02062200
v 0.00519700 0.00403800 0.01939100
v 0.00504500 0.00454900 0.01917900
v 0.00505400 0.00384700 0.01796500
v 0.00506400 0.00302400 0.01700000
v 0.00737900 0.00231400 0.02010800
v 0.00683000 0.00247300 0.02004200
v 0.00661600 0.00274200 0.02048800
v 0.00630600 0.00273800 0.01993100
v 0.00641400 0.00297900 0.02094700
v 0.00546400 0.00354500 0.01959600
v 0.00535500 0.00408600 0.02071800
v 0.00584000 0.00310200 0.01978000
v 0.00564200 0.00365600 0.02080600
v 0.00600100 0.00328200 0.02088400
v 0.00841900 0.00132700 0.01863300
v 0.00791500 0.00181300 0.01929400
v 0.00841500 0.00132600 0.01863300
v 0.00727400 0.00188700 0.01924600
v 0.00762500 0.00132300 0.01863700
v 0.00663700 0.00208600 0.01911600
v 0.00697900 0.00143500 0.01852900
v 0.00696600 0.00143800 0.01852600
v 0.00605600 0.00241000 0.01890400
v 0.00628800 0.00169200 0.01828200
v 0.00558100 0.00283800 0.01862400
v 0.00569600 0.00208300 0.01790600
v 0.00524400 0.00333100 0.01830200
v 0.00534100 0.00246600 0.01753700
v 0.00507000 0.00300400 0.01702000
v 0.00675300 0.00051900 0.01777500
v 0.00665900 0.00070100 0.01780000
v 0.00753100 0.00064400 0.01807800
v 0.00536600 0.00116200 0.01664900
v 0.00529700 0.00125000 0.01653900
v 0.00534600 0.00152500 0.01679300
v 0.00514100 0.00151400 0.01622900
v 0.00507900 0.00180800 0.01612900
v 0.00508200 0.00166200 0.01606700
v 0.00555900 0.00097100 0.01690000
v 0.00582800 0.00126000 0.01741500
v 0.00570600 0.00085800 0.01705900
v 0.00592900 0.00072600 0.01726200
v 0.00591100 0.00080800 0.01727500
v 0.00610400 0.00064600 0.01739600
v 0.00624700 0.00059300 0.01749400
v 0.00676900 0.00047100 0.01776900
v 0.00767000 0.00049400 0.01802900
v 0.00857400 0.00049700 0.01799200
v 0.00935400 0.00052400 0.01772500
v 0.00650200 0.00105000 0.01790900
v 0.00729900 0.00092400 0.01820500
v 0.00917600 0.00068500 0.01787800
v 0.00886900 0.00094200 0.01816400
v 0.00811800 0.00089200 0.01828100
v 0.00840500 0.00064200 0.01808900
v 0.00507400 0.00244200 0.01653200
v 0.00532200 0.00205000 0.01710100
v 0.00576400 0.00168000 0.01763700
v 0.00638300 0.00138000 0.01807300
v 0.00254800 -0.01540600 0.02880700
v 0.00287100 -0.01514500 0.02861100
v 0.00287300 -0.01522100 0.02860100
v 0.00256500 -0.01518000 0.02886100
v 0.00256100 -0.01533400 0.02883400
v 0.00231700 -0.01555700 0.02885200
v 0.00209300 -0.01562700 0.02891600
v 0.00201600 -0.01568300 0.02884600
v 0.00612600 0.00324200 0.02503400
v 0.00551200 0.00390800 0.02573600
v 0.00550400 0.00380700 0.02588300
v 0.00614800 0.00293800 0.02531500
v 0.00508600 0.00467300 0.02632600
v 0.00512000 0.00472500 0.02618200
v 0.00616000 0.00310300 0.02518700
v 0.00611800 0.00056500 -0.02352100
v 0.00606600 0.00020000 -0.02323000
v 0.00611800 -0.00009100 -0.02286500
v 0.00347100 0.01085000 0.02648600
v 0.00309100 0.01151000 0.02610600
v 0.00244000 0.01230900 0.02545400
v 0.00173600 0.01287500 0.02475100
v 0.00112000 0.01318700 0.02413400
v 0.00026100 0.01338900 0.02327600
v 0.00025000 0.01340000 0.02276500
v 0.00409200 0.00898300 0.02710700
v 0.00396700 0.00952600 0.02698200
v 0.00396400 0.00843900 0.02740900
v 0.00378200 0.00949700 0.02718500
v 0.00345000 0.01052300 0.02681300
v 0.00297400 0.01145500 0.02630000
v 0.00237400 0.01223500 0.02567000
v 0.00168700 0.01282500 0.02496000
v 0.00095600 0.01320600 0.02421300
v 0.00027100 0.01337700 0.02352200
v 0.00331900 0.00904200 0.02783200
v 0.00030800 0.00665000 0.02993500
v 0.00097700 0.00665000 0.02973400
v 0.00099500 0.00784000 0.02962100
v 0.00323800 0.00783000 0.02821100
v 0.00264100 0.00765700 0.02873600
v 0.00255100 0.00717600 0.02885400
v 0.00251800 0.00665000 0.02889700
v 0.00030700 0.00793200 0.02981200
v 0.00104400 0.00892900 0.02931000
v 0.00030400 0.00915800 0.02945200
v 0.00111600 0.00988700 0.02884600
v 0.00030000 0.01029700 0.02886500
v 0.00274100 0.01109500 0.02694300
v 0.00296400 0.00988700 0.02772000
v 0.00256800 0.00906000 0.02842800
v 0.00200700 0.00902300 0.02880900
v 0.00188900 0.00831300 0.02910300
v 0.00293200 0.00844900 0.02835000
v 0.00357700 0.00818000 0.02784200
v 0.00184400 0.00665000 0.02933600
v 0.00180800 0.00751600 0.02930000
v 0.00120500 0.01071800 0.02826100
v 0.00169600 0.01020700 0.02838300
v 0.00130800 0.01142500 0.02757500
v 0.00183800 0.01084900 0.02782800
v 0.00142600 0.01201400 0.02679500
v 0.00200000 0.01140100 0.02719300
v 0.00155800 0.01248200 0.02592600
v 0.00218500 0.01186100 0.02647900
v 0.00069300 0.01117300 0.02807700
v 0.00075200 0.01191600 0.02725400
v 0.00081800 0.01250700 0.02632900
v 0.00089200 0.01293900 0.02531500
v 0.00215300 0.00965100 0.02843900
v 0.00232400 0.01020200 0.02800400
v 0.00252000 0.01068400 0.02750600
v 0.00029500 0.01130000 0.02807700
v 0.00029000 0.01214100 0.02710700
v 0.00028400 0.01277800 0.02600100
v 0.00027700 0.01319700 0.02478900
v 0.00174900 -0.01519400 0.02938800
v 0.00203200 -0.01520900 0.02922600
v 0.00220400 -0.01520700 0.02911800
v 0.00238700 -0.01519600 0.02899300
v 0.00131200 -0.01515500 0.02960000
v 0.00084300 -0.01510100 0.02978100
v 0.00036600 -0.01500300 0.02992100
v 0.00030800 -0.01498400 0.02993500
v 0.00611800 0.00005700 0.01699300
v 0.00550600 0.00053600 0.01630700
v 0.00614800 -0.00013600 0.01666600
v 0.00548800 0.00066500 0.01651900
v 0.00512300 0.00138200 0.01602900
v 0.00615400 0.00030900 0.01727700
v 0.00550600 0.00081200 0.01671900
v 0.00561700 0.00039700 -0.02250800
v 0.00506600 0.00160700 -0.02187700
v 0.00527600 0.00094300 -0.02215100
v 0.00558300 0.00061500 -0.02277600
v 0.00526000 0.00108500 -0.02232600
v 0.00561600 0.00086400 -0.02301500
v 0.00138300 -0.01521000 -0.02987200
v 0.00132800 -0.01546400 -0.02970800
v 0.00126800 -0.01563000 -0.02945600
v 0.00042500 -0.01510500 -0.02995600
v 0.00040300 -0.01537700 -0.02978300
v 0.00038900 -0.01555200 -0.02951100
v 0.00025000 0.00665000 -0.03000000
v 0.00025000 -0.01485100 -0.03000000
v 0.00025000 0.01142300 -0.02802300
v 0.00025000 0.01053100 -0.02877300
v 0.00025000 0.00754900 -0.02994000
v 0.00025000 0.00843100 -0.02976100
v 0.00025000 0.00952400 -0.02935800
v 0.00025000 0.01316100 -0.02503100
v 0.00025000 0.01275800 -0.02612400
v 0.00025000 0.01217300 -0.02713100
v 0.00025000 0.01340000 -0.02325000
v 0.00025000 0.01334000 -0.02414900
v 0.00144000 -0.01567000 0.02912200
v 0.00023800 -0.01535200 0.02979500
v 0.00023400 -0.01552500 0.02954600
v 0.00071000 -0.01556900 0.02948500
v 0.00111700 -0.01564100 0.02925900
v 0.00014400 -0.01556400 -0.02925000
v 0.00014400 -0.01556400 0.02925000
v 0.00011400 -0.01554700 -0.02925000
v 0.00011400 -0.01554700 0.02925000
v 0.00006600 -0.01550600 -0.02925000
v 0.00006600 -0.01550600 0.02925000
v 0.00003000 -0.01545700 -0.02925000
v 0.00003000 -0.01545700 0.02925000
v -0.00000000 -0.01533700 0.02925000
v -0.00000000 -0.01533700 -0.02925000
v 0.00034800 -0.01485600 -0.03000000
v 0.00023200 -0.01553100 -0.02953100
v 0.00023600 -0.01537500 -0.02977200
v 0.00024200 -0.01514100 -0.02993500
v 0.00024900 -0.01486100 -0.03000000
v -0.00000000 -0.00621300 0.00136400
v -0.00000000 -0.00700000 0.00157500
v -0.00000000 0.00563600 0.01121200
v -0.00000000 0.01038800 -0.02856800
v -0.00000000 0.00941800 -0.02913100
v -0.00000000 -0.00621300 -0.00136400
v -0.00000000 0.00857500 0.01200000
v -0.00000000 0.00836400 0.01278800
v -0.00000000 0.01315000 0.02276500
v -0.00000000 -0.01533500 -0.02930000
v -0.00000000 -0.00778800 -0.00136400
v -0.00000000 0.00665000 0.02969200
v -0.00000000 0.01313900 0.02326500
v -0.00000000 -0.00778800 0.00136400
v -0.00000000 -0.01527000 0.02950000
v -0.00000000 -0.01518000 0.02961300
v -0.00000000 -0.01513700 0.02964700
v -0.00000000 -0.01499600 0.02969200
v -0.00000000 -0.01498400 0.02969200
v -0.00000000 0.00621300 -0.01063600
v -0.00000000 0.00563600 -0.01121200
v -0.00000000 -0.00563600 -0.00078800
v -0.00000000 0.00700000 -0.01357500
v -0.00000000 0.00778700 -0.01336400
v -0.00000000 0.01315000 -0.02325000
v -0.00000000 0.00700000 0.01357500
v -0.00000000 0.00778700 0.01336400
v -0.00000000 -0.00836400 0.00078800
v -0.00000000 -0.00857500 -0.00000000
v -0.00000000 -0.00836400 -0.00078800
v -0.00000000 -0.01485200 -0.02975000
v -0.00000000 -0.01508200 -0.02968500
v -0.00000000 -0.01525600 -0.02952300
v -0.00000000 0.00836400 0.01121200
v -0.00000000 0.00836400 -0.01121200
v -0.00000000 0.00778700 0.01063600
v -0.00000000 0.00778700 -0.01063600
v -0.00000000 0.00700000 0.01042500
v -0.00000000 0.00700000 -0.01042500
v -0.00000000 -0.00563600 0.00078800
v -0.00000000 -0.00542500 -0.00000000
v -0.00000000 0.01312800 0.02351100
v -0.00000000 0.00788600 0.02957300
v -0.00000000 0.00906700 0.02922600
v -0.00000000 -0.01484500 -0.02975000
v -0.00000000 -0.00700000 -0.00157500
v -0.00000000 0.00665000 -0.02975000
v -0.00000000 0.00621300 0.01336400
v -0.00000000 0.00563600 0.01278800
v -0.00000000 0.00542500 0.01200000
v -0.00000000 0.00836500 -0.02952000
v -0.00000000 0.00751500 -0.02969200
v -0.00000000 0.01309200 -0.02411500
v -0.00000000 0.01292000 -0.02496500
v -0.00000000 0.01253100 -0.02601800
v -0.00000000 0.00857500 -0.01200000
v -0.00000000 0.00836400 -0.01278800
v -0.00000000 0.00621300 0.01063600
v -0.00000000 0.01113100 0.02789900
v -0.00000000 0.01194000 0.02696400
v -0.00000000 0.01255300 0.02589800
v -0.00000000 0.00542500 -0.01200000
v -0.00000000 0.00563600 -0.01278800
v -0.00000000 0.00621300 -0.01336400
v -0.00000000 0.01016500 0.02865900
v -0.00000000 0.01295500 0.02473100
v -0.00000000 0.01196800 -0.02698800
v -0.00000000 0.01124600 -0.02784600
v 0.00217900 -0.01544700 0.02906100
v 0.00220000 -0.01532900 0.02910200
v 0.00211900 -0.01559200 0.02895800
v 0.00214200 -0.01554900 0.02899700
v 0.00016600 0.01337400 0.02327500
v 0.00015900 0.01338300 0.02276500
v 0.00012500 0.01336700 0.02276500
v 0.00007700 0.01332000 0.02327300
v 0.00007300 0.01332700 0.02276500
v 0.00001800 0.01323300 0.02326900
v 0.00003300 0.01327500 0.02276500
v 0.00001900 0.01322400 0.02351500
v 0.00008100 0.01331200 0.02351900
v 0.00017400 0.01336600 0.02352100
v 0.00019600 0.00665000 0.02993600
v 0.00009500 0.00665000 0.02988800
v 0.00020100 0.00793200 0.02981400
v 0.00002500 0.00665000 0.02980100
v 0.00009500 0.00792300 0.02976600
v 0.00002200 0.00790500 0.02967500
v 0.00019900 0.00915800 0.02945300
v 0.00019600 0.01029700 0.02886400
v 0.00019200 0.01129900 0.02807500
v 0.00018800 0.01213700 0.02710400
v 0.00018300 0.01277200 0.02599800
v 0.00017800 0.01318800 0.02478700
v 0.00009400 0.00913900 0.02940700
v 0.00009200 0.01027000 0.02882200
v 0.00009000 0.01126300 0.02803800
v 0.00008800 0.01209500 0.02707400
v 0.00008600 0.01272400 0.02597700
v 0.00008300 0.01313600 0.02477400
v 0.00002200 0.00910500 0.02932100
v 0.00002200 0.01022000 0.02874500
v 0.00002100 0.01120000 0.02797200
v 0.00002100 0.01202100 0.02702200
v 0.00002000 0.01264300 0.02593900
v 0.00002000 0.01305000 0.02475300
v 0.00019600 -0.01498400 0.02993600
v 0.00009500 -0.01498400 0.02988800
v 0.00002500 -0.01498400 0.02980100
v 0.00026900 -0.01520500 0.02989300
v 0.00025500 -0.01527200 0.02985700
v 0.00029700 -0.01518400 0.02989900
v 0.00028200 -0.01513400 0.02991800
v 0.00031400 -0.01514400 0.02991100
v 0.00029500 -0.01506000 0.02993200
v 0.00128600 -0.01531500 0.02958200
v 0.00081700 -0.01524300 0.02976800
v 0.00117700 -0.01558000 0.02939700
v 0.00024700 -0.01531000 0.02983100
v 0.00163700 -0.01560800 0.02919900
v 0.00170100 -0.01549500 0.02930000
v 0.00160200 -0.01564800 0.02913900
v 0.00123900 -0.01546600 0.02951200
v 0.00070400 -0.01553000 0.02956300
v 0.00072900 -0.01548900 0.02961900
v 0.00077700 -0.01537900 0.02971200
v 0.00000400 -0.01484600 -0.02979200
v 0.00003300 0.00665000 -0.02987500
v 0.00003300 -0.01484800 -0.02987500
v 0.00005400 -0.01484900 -0.02990500
v 0.00012500 0.00665000 -0.02996700
v 0.00012500 -0.01485000 -0.02996700
v 0.00014900 -0.01485000 -0.02997900
v 0.00003300 0.01327500 -0.02325000
v 0.00003300 0.01321600 -0.02413200
v 0.00012500 0.01336700 -0.02325000
v 0.00012500 0.01330700 -0.02414400
v 0.00012500 0.01312800 -0.02502200
v 0.00012500 0.01272700 -0.02611000
v 0.00012500 0.01214500 -0.02711200
v 0.00012500 0.01139900 -0.02799900
v 0.00012500 0.01051200 -0.02874500
v 0.00012500 0.00951000 -0.02932700
v 0.00012500 0.00842200 -0.02972800
v 0.00012500 0.00754400 -0.02990700
v 0.00003300 0.01304000 -0.02499800
v 0.00003300 0.01264400 -0.02607100
v 0.00003300 0.01207000 -0.02705900
v 0.00003300 0.01133500 -0.02793500
v 0.00003300 0.01045900 -0.02867000
v 0.00003300 0.00947100 -0.02924400
v 0.00003300 0.00839800 -0.02964000
v 0.00003300 0.00753200 -0.02981600
v 0.00001600 -0.01537600 0.02948200
v 0.00006700 -0.01545200 0.02951500
v 0.00014600 -0.01550500 0.02953700
v 0.00001700 -0.01524200 0.02967800
v 0.00006900 -0.01529900 0.02973900
v 0.00015000 -0.01533700 0.02978000
v 0.00001600 -0.01507500 -0.02978800
v 0.00001700 -0.01485500 -0.02984000
v 0.00007000 -0.01511000 -0.02986500
v 0.00007200 -0.01485800 -0.02992500
v 0.00015200 -0.01513300 -0.02991700
v 0.00015700 -0.01486000 -0.02998200
v 0.00014800 -0.01536000 -0.02975700
v 0.00006800 -0.01531900 -0.02971700
v 0.00001600 -0.01525900 -0.02965900
v 0.00014500 -0.01551000 -0.02952300
v 0.00006600 -0.01545700 -0.02950100
v 0.00001600 -0.01538000 -0.02947000
v 0.00016200 -0.01526300 0.02984400
v 0.00001800 -0.01518700 0.02972500
v 0.00007500 -0.01523300 0.02979700
v 0.00008900 -0.01505200 0.02987800
v 0.00007900 -0.01517700 0.02983200
v 0.00008400 -0.01511700 0.02985900
v 0.00001900 -0.01509100 0.02977300
v 0.00019100 -0.01505900 0.02992900
v 0.00018100 -0.01513200 0.02991100
v 0.00017100 -0.01520000 0.02988200
v 0.05977600 -0.01877200 0.00166500
v 0.05980600 -0.01878100 0.00160000
v 0.05981000 -0.01878300 0.00146200
v 0.04105300 -0.01322600 0.00471500
v 0.04108900 -0.01323700 0.00493100
v 0.04138400 -0.01332500 0.00514600
v 0.05972700 -0.01875800 0.00171700
v 0.05977300 -0.01877200 0.00124500
v 0.05947900 -0.01868400 0.00103100
v 0.04125800 -0.01328700 0.00440800
v 0.04113600 -0.01325100 0.00446000
v 0.04108700 -0.01323700 0.00451200
v 0.04113900 -0.01325200 0.00505900
v 0.04118900 -0.01326700 0.00511000
v 0.04125200 -0.01328500 0.00514100
v 0.05961100 -0.01872400 0.00103600
v 0.05967400 -0.01874200 0.00106700
v 0.05972300 -0.01875700 0.00111800
v 0.05960400 -0.01872200 0.00176900
v 0.04105700 -0.01322800 0.00457700
v 0.04103600 -0.01322200 -0.00953000
v 0.05967000 -0.01874100 -0.00328600
v 0.04142900 -0.01333800 -0.00990100
v 0.04123100 -0.01327900 -0.00989800
v 0.04117400 -0.01326200 -0.00985600
v 0.04110600 -0.01324200 -0.00973800
v 0.04119300 -0.01326800 -0.00919300
v 0.05943400 -0.01867100 -0.00257800
v 0.05975700 -0.01876700 -0.00274100
v 0.05982300 -0.01878700 -0.00315500
v 0.05978300 -0.01877500 -0.00321500
v 0.04129800 -0.01329900 -0.00991800
v 0.05956500 -0.01871000 -0.00256100
v 0.05963200 -0.01873000 -0.00258100
v 0.05968900 -0.01874700 -0.00262300
v 0.04108000 -0.01323500 -0.00926400
v 0.04104000 -0.01322300 -0.00932300
v 0.04102000 -0.01321700 -0.00939300
v 0.05982600 -0.01878800 -0.00294900
v 0.05984300 -0.01879200 -0.00308600
v 0.06712500 -0.02137500 0.00289400
v 0.06712500 -0.02137500 -0.00341900
v 0.06725000 -0.02134200 -0.00341900
v 0.06725000 -0.02134200 0.00289400
v 0.06734200 -0.02125000 -0.00341900
v 0.06734200 -0.02125000 0.00289400
v 0.06737500 -0.02112500 -0.00341900
v 0.06737500 -0.02112500 0.00289400
v 0.04112300 -0.01269400 0.00576100
v 0.04096800 -0.01257800 0.00583700
v 0.04091400 -0.01254900 0.00583400
v 0.04088000 -0.01253700 0.00581400
v 0.04085600 -0.01253400 0.00578400
v 0.04085400 -0.01253500 0.00578000
v 0.04082800 -0.01260700 0.00554600
v 0.04083300 -0.01254500 0.00572000
v 0.06034500 -0.01838800 0.00219900
v 0.06055100 -0.01844900 0.00189100
v 0.06064300 -0.01840600 0.00207300
v 0.06064300 -0.01839300 0.00213300
v 0.06062500 -0.01838600 0.00216900
v 0.06059400 -0.01838100 0.00219300
v 0.06059000 -0.01838100 0.00219500
v 0.06052800 -0.01837900 0.00221100
v 0.06033600 -0.01838500 0.00063100
v 0.06004100 -0.01829800 0.00041600
v 0.06023400 -0.01828500 0.00034000
v 0.06029500 -0.01829000 0.00034300
v 0.06033000 -0.01829800 0.00036300
v 0.06035200 -0.01830900 0.00039300
v 0.06035400 -0.01831100 0.00039700
v 0.06036500 -0.01833100 0.00045700
v 0.04081900 -0.01260400 0.00397800
v 0.04061400 -0.01254300 0.00428600
v 0.04057700 -0.01249300 0.00419400
v 0.04056100 -0.01245000 0.00407600
v 0.04057200 -0.01244600 0.00403100
v 0.04059500 -0.01245300 0.00399900
v 0.04063700 -0.01247600 0.00397400
v 0.04078200 -0.01257600 0.00397000
v 0.04069600 -0.01256800 -0.00886600
v 0.04052800 -0.01244800 -0.00888800
v 0.04048300 -0.01242100 -0.00892000
v 0.04046200 -0.01241300 -0.00895500
v 0.04045600 -0.01241600 -0.00899300
v 0.04045500 -0.01241700 -0.00899800
v 0.04054000 -0.01252100 -0.00920300
v 0.04046500 -0.01243600 -0.00905800
v 0.05989800 -0.01825500 -0.00190300
v 0.06022100 -0.01835100 -0.00206600
v 0.06021900 -0.01828000 -0.00187000
v 0.06019200 -0.01825900 -0.00182000
v 0.06015900 -0.01824800 -0.00179800
v 0.06012100 -0.01824100 -0.00179200
v 0.06011600 -0.01824000 -0.00179200
v 0.06005400 -0.01823900 -0.00180700
v 0.06062400 -0.01847100 -0.00327500
v 0.06046800 -0.01842400 -0.00361300
v 0.06067500 -0.01841500 -0.00359000
v 0.06072700 -0.01841800 -0.00355900
v 0.06074800 -0.01842200 -0.00352400
v 0.06075200 -0.01842800 -0.00348500
v 0.06075200 -0.01842900 -0.00348100
v 0.06073300 -0.01844000 -0.00342100
v 0.04126700 -0.01273700 -0.01057600
v 0.04094300 -0.01264100 -0.01041300
v 0.04098400 -0.01258300 -0.01060900
v 0.04101800 -0.01258000 -0.01065900
v 0.04105200 -0.01258800 -0.01068100
v 0.04108700 -0.01260300 -0.01068700
v 0.04109100 -0.01260500 -0.01068700
v 0.04114500 -0.01263700 -0.01067200
v 0.06620500 -0.02137500 0.00400000
v 0.06665600 -0.02137500 0.00380800
v 0.06622800 -0.02134200 0.00412300
v 0.06672900 -0.02134200 0.00390900
v 0.06624400 -0.02125000 0.00421300
v 0.06678200 -0.02125000 0.00398400
v 0.06625100 -0.02112500 0.00424600
v 0.06680200 -0.02112500 0.00401100
v 0.06701800 -0.02137500 0.00337200
v 0.06713100 -0.02134200 0.00342600
v 0.06721400 -0.02125000 0.00346500
v 0.06724400 -0.02112500 0.00347900
v 0.05679500 -0.02137500 0.00574400
v 0.05679500 -0.02137500 -0.00795300
v 0.06638400 -0.02137500 -0.00447600
v 0.06675500 -0.02137500 -0.00425300
v 0.06704200 -0.02137500 -0.00384400
v 0.06683800 -0.02134200 -0.00434600
v 0.06715700 -0.02134200 -0.00389100
v 0.06724200 -0.02125000 -0.00392500
v 0.06727300 -0.02112500 -0.00393800
v 0.06690000 -0.02125000 -0.00441400
v 0.06692200 -0.02112500 -0.00443900
v 0.06642600 -0.02134200 -0.00459400
v 0.06644400 -0.02130200 -0.00464300
v 0.06645700 -0.02125000 -0.00468000
v 0.06646900 -0.02112500 -0.00471100
v 0.06737500 -0.02042800 0.00289400
v 0.06737500 -0.02042800 -0.00341900
v 0.06719600 -0.02018800 0.00289400
v 0.06728900 -0.02023900 0.00289400
v 0.06719600 -0.02018800 -0.00341900
v 0.06728900 -0.02023900 -0.00341900
v 0.06732500 -0.02027800 -0.00341900
v 0.06732500 -0.02027800 0.00289400
v 0.06735200 -0.02032400 -0.00341900
v 0.06735200 -0.02032400 0.00289400
v 0.06727300 -0.02040300 -0.00393800
v 0.06712600 -0.02036800 -0.00420800
v 0.06712300 -0.02028900 -0.00418900
v 0.06684200 -0.02021600 -0.00448700
v 0.06683600 -0.02029700 -0.00451000
v 0.06646900 -0.02020800 -0.00471100
v 0.06648300 -0.02000800 -0.00458800
v 0.06679700 -0.02008400 -0.00437700
v 0.06648900 -0.02004600 -0.00463400
v 0.06682900 -0.02014000 -0.00444000
v 0.06648800 -0.02009500 -0.00467300
v 0.06648500 -0.02012400 -0.00468800
v 0.06709600 -0.02021400 -0.00415500
v 0.06704900 -0.02015800 -0.00411100
v 0.06731100 -0.02041200 -0.00383300
v 0.06730100 -0.02033500 -0.00382200
v 0.06726600 -0.02026100 -0.00380400
v 0.06720900 -0.02020500 -0.00378100
v 0.06708500 -0.02015500 -0.00390500
v 0.06675300 -0.02005700 -0.00431300
v 0.06645500 -0.01996900 -0.00447600
v 0.04127500 -0.01251000 0.00628300
v 0.04121000 -0.01255000 0.00600100
v 0.04099100 -0.01246800 0.00604800
v 0.04064500 -0.01238300 0.00558900
v 0.04068700 -0.01237800 0.00583300
v 0.04080700 -0.01240800 0.00599300
v 0.04112500 -0.01246600 0.00629900
v 0.04080900 -0.01237200 0.00624300
v 0.04056900 -0.01230100 0.00606000
v 0.04039000 -0.01224800 0.00563900
v 0.06043200 -0.01824400 0.00243800
v 0.06049600 -0.01820400 0.00272100
v 0.06067000 -0.01829700 0.00239900
v 0.06111400 -0.01838700 0.00179800
v 0.06082600 -0.01836100 0.00184900
v 0.06087700 -0.01835900 0.00208200
v 0.06112900 -0.01839100 0.00195500
v 0.06082500 -0.01833800 0.00227500
v 0.06107500 -0.01837500 0.00228300
v 0.06089900 -0.01832300 0.00253500
v 0.06061200 -0.01829700 0.00058800
v 0.06089900 -0.01832300 0.00053800
v 0.06001400 -0.01806100 -0.00010600
v 0.06004600 -0.01813000 0.00017600
v 0.06027500 -0.01818100 0.00012900
v 0.06057900 -0.01827000 0.00034400
v 0.06046200 -0.01823000 0.00018400
v 0.06016400 -0.01810500 -0.00012200
v 0.06047900 -0.01819900 -0.00006600
v 0.06072000 -0.01827000 0.00011700
v 0.04079300 -0.01236700 0.00345600
v 0.04082500 -0.01243600 0.00373900
v 0.04017500 -0.01218400 0.00437900
v 0.04043000 -0.01231900 0.00432800
v 0.04038900 -0.01229000 0.00409500
v 0.04059600 -0.01235100 0.00377800
v 0.04044400 -0.01230000 0.00390200
v 0.04016000 -0.01218000 0.00422200
v 0.04021300 -0.01219600 0.00389400
v 0.04039000 -0.01224800 0.00364200
v 0.04059200 -0.01230800 -0.00836500
v 0.04066600 -0.01238900 -0.00863600
v 0.04045300 -0.01230900 -0.00870900
v 0.04036600 -0.01230000 -0.00928300
v 0.04028900 -0.01226000 -0.00905200
v 0.04031900 -0.01226300 -0.00885100
v 0.04045300 -0.01226700 -0.00842700
v 0.04020500 -0.01219300 -0.00863700
v 0.04008100 -0.01215600 -0.00892000
v 0.04012200 -0.01216900 -0.00937800
v 0.05979300 -0.01799500 -0.00140200
v 0.05986700 -0.01807700 -0.00167300
v 0.06009400 -0.01812700 -0.00158800
v 0.06076400 -0.01828300 -0.00189200
v 0.06048800 -0.01826100 -0.00198600
v 0.06042300 -0.01822400 -0.00175900
v 0.06070400 -0.01826500 -0.00174800
v 0.06028800 -0.01817800 -0.00161800
v 0.06050300 -0.01820600 -0.00148800
v 0.06023200 -0.01812500 -0.00135900
v 0.06089100 -0.01838000 -0.00319600
v 0.06116700 -0.01840200 -0.00310100
v 0.06069700 -0.01826300 -0.00411400
v 0.06059000 -0.01829100 -0.00384300
v 0.06081300 -0.01834000 -0.00377000
v 0.06097700 -0.01838800 -0.00342700
v 0.06095000 -0.01837500 -0.00362800
v 0.06083500 -0.01830400 -0.00405200
v 0.06108400 -0.01837800 -0.00384200
v 0.06120800 -0.01841500 -0.00355900
v 0.04138900 -0.01260400 -0.01080600
v 0.04149600 -0.01257600 -0.01107700
v 0.04052500 -0.01228800 -0.01058700
v 0.04076900 -0.01242000 -0.01049300
v 0.04084300 -0.01242500 -0.01071900
v 0.04117200 -0.01252200 -0.01089100
v 0.04098100 -0.01245900 -0.01086100
v 0.04058500 -0.01230600 -0.01073100
v 0.04078600 -0.01236500 -0.01099100
v 0.04105700 -0.01244600 -0.01112000
v 0.06707800 -0.02015300 0.00339500
v 0.06719300 -0.02020000 0.00330300
v 0.06699000 -0.02014000 0.00366500
v 0.06674700 -0.02005500 0.00379200
v 0.06667500 -0.02004900 0.00393600
v 0.06724900 -0.02025700 0.00332900
v 0.06724400 -0.02039600 0.00347900
v 0.06729200 -0.02040800 0.00336100
v 0.06728300 -0.02033000 0.00335000
v 0.06703300 -0.02019700 0.00371500
v 0.06669900 -0.02010400 0.00400600
v 0.06627600 -0.01991600 0.00400000
v 0.06628700 -0.01995200 0.00411900
v 0.06628500 -0.01998900 0.00416900
v 0.06627800 -0.02003900 0.00420900
v 0.06705600 -0.02027100 0.00375300
v 0.06670600 -0.02018100 0.00405600
v 0.06627200 -0.02006900 0.00422500
v 0.06705700 -0.02035100 0.00377300
v 0.06680100 -0.02028900 0.00401100
v 0.06669500 -0.02026300 0.00407900
v 0.06625100 -0.02015500 0.00424600
v 0.05684100 -0.02112500 0.00599000
v 0.05683500 -0.02125000 0.00595700
v 0.05682700 -0.02130200 0.00591800
v 0.05681800 -0.02134200 0.00586700
v 0.05492800 -0.02106000 0.00634400
v 0.05302400 -0.02086500 0.00669700
v 0.05491800 -0.02115200 0.00632800
v 0.05300700 -0.02096100 0.00668000
v 0.05490300 -0.02123700 0.00627400
v 0.05298600 -0.02104200 0.00662800
v 0.05488300 -0.02129300 0.00619000
v 0.05296400 -0.02109500 0.00654700
v 0.05486500 -0.02130900 0.00609900
v 0.05294400 -0.02111200 0.00645200
v 0.05486500 -0.02130900 -0.00864700
v 0.05294400 -0.02111200 -0.00933800
v 0.05496700 -0.02106000 -0.00888200
v 0.05688000 -0.02112500 -0.00818800
v 0.05495600 -0.02115300 -0.00886700
v 0.05687400 -0.02122100 -0.00817100
v 0.05493100 -0.02123800 -0.00881500
v 0.05685600 -0.02130200 -0.00812000
v 0.05489800 -0.02129300 -0.00873500
v 0.05682800 -0.02135600 -0.00804300
v 0.05306300 -0.02086500 -0.00957300
v 0.05304500 -0.02096200 -0.00955800
v 0.05301500 -0.02104400 -0.00950800
v 0.05298000 -0.02109700 -0.00943000
v 0.03540900 -0.01088900 -0.01594300
v 0.03549900 -0.01083000 -0.01582400
v 0.03553100 -0.01080900 -0.01569000
v 0.03528400 -0.01097100 -0.01602000
v 0.03553100 -0.01080900 0.00969800
v 0.03540200 -0.01089300 0.00993100
v 0.03527200 -0.01097900 0.00998700
v 0.03549700 -0.01083100 0.00982600
v 0.03552200 -0.01081400 0.00976300
v 0.02329100 -0.01280100 0.01347900
v 0.02327200 -0.01284400 0.01221100
v 0.02849500 -0.01387800 0.01251500
v 0.02844100 -0.01391400 0.01125400
v 0.03017100 -0.01392700 0.01093300
v 0.03177500 -0.01327700 0.01063600
v 0.03183100 -0.01324100 0.01193500
v 0.03106000 -0.01364400 0.01206900
v 0.03022700 -0.01389100 0.01221400
v 0.02936100 -0.01396900 0.01236500
v 0.02230600 -0.01285700 0.01239100
v 0.02132000 -0.01337600 0.01257300
v 0.01985600 -0.01632100 0.01284500
v 0.02076300 -0.01416400 0.01267700
v 0.01975300 -0.01656600 0.01260300
v 0.01976100 -0.01654700 0.01270100
v 0.01978400 -0.01649400 0.01278100
v 0.01981700 -0.01641400 0.01283200
v 0.01975300 -0.01656600 -0.02137400
v 0.01985800 -0.01631600 -0.02161400
v 0.01981800 -0.01641100 -0.02160700
v 0.01978400 -0.01649200 -0.02155900
v 0.01976100 -0.01654700 -0.02147600
v 0.02130300 -0.01340400 -0.02109000
v 0.02226800 -0.01289800 -0.02074000
v 0.02075700 -0.01417700 -0.02128800
v 0.02321600 -0.01288600 -0.02039600
v 0.02844400 -0.01396800 -0.01850000
v 0.03011200 -0.01398200 -0.01789600
v 0.03165500 -0.01335600 -0.01733600
v 0.02078200 -0.01411900 0.01400800
v 0.02119400 -0.01347500 0.01392400
v 0.02252600 -0.01277600 0.01364300
v 0.02232500 -0.01281300 0.01368600
v 0.02179900 -0.01300900 0.01379700
v 0.02134000 -0.01333000 0.01389400
v 0.02285100 -0.01275400 0.01357400
v 0.02325000 -0.01280500 -0.02171400
v 0.02305100 -0.01277300 -0.02179700
v 0.02285100 -0.01275800 -0.02188200
v 0.02233800 -0.01280500 -0.02209600
v 0.02178900 -0.01300300 -0.02232400
v 0.02139000 -0.01327200 -0.02248800
v 0.02119800 -0.01345700 -0.02256700
v 0.02079500 -0.01408800 -0.02272900
v 0.02854600 -0.01390100 -0.01979300
v 0.02938200 -0.01398800 -0.01951100
v 0.03176200 -0.01328500 -0.01870200
v 0.03102000 -0.01367500 -0.01895500
v 0.03021700 -0.01391300 -0.01922800
v 0.03624500 -0.01034000 0.01111700
v 0.03663400 -0.01008400 -0.01657500
v 0.03663200 -0.01008500 -0.01661400
v 0.03657100 -0.01012500 -0.01680300
v 0.03647400 -0.01018900 0.01100600
v 0.03660000 -0.01010600 0.01083900
v 0.03663400 -0.01008400 0.01068300
v 0.03626300 -0.01032700 -0.01706900
v 0.03651100 -0.01016500 -0.01689100
v 0.02863700 -0.01351000 0.01287000
v 0.02343200 -0.01243400 0.01383400
v 0.02339900 -0.01257400 0.01381200
v 0.02860400 -0.01365100 0.01284700
v 0.02336000 -0.01269400 0.01373600
v 0.02856500 -0.01377000 0.01277100
v 0.02332200 -0.01277300 0.01361900
v 0.02852700 -0.01385000 0.01265500
v 0.02254600 -0.01274300 0.01377400
v 0.02114500 -0.01338800 0.01416700
v 0.02107100 -0.01330700 0.01425100
v 0.02065000 -0.01404000 0.01430900
v 0.02050500 -0.01397300 0.01437700
v 0.02169200 -0.01267800 0.01415700
v 0.02125700 -0.01296600 0.01423800
v 0.02098600 -0.01322200 0.01428800
v 0.02076500 -0.01410200 0.01413400
v 0.02118700 -0.01344700 0.01405000
v 0.02075000 -0.01409200 0.01417700
v 0.02070600 -0.01406800 0.01425100
v 0.02180500 -0.01297600 0.01392500
v 0.02178700 -0.01289900 0.01404300
v 0.02174500 -0.01279100 0.01412500
v 0.02255600 -0.01265800 0.01389400
v 0.02255300 -0.01253500 0.01397300
v 0.02240100 -0.01242800 0.01402600
v 0.03610700 -0.01002600 0.01148500
v 0.03169300 -0.01292700 0.01230300
v 0.03617300 -0.01013600 0.01144900
v 0.03177900 -0.01307500 0.01224300
v 0.03619300 -0.01017500 0.01142400
v 0.03622400 -0.01023900 0.01136400
v 0.03180900 -0.01313700 0.01218500
v 0.03624300 -0.01028800 0.01129100
v 0.03182900 -0.01318900 0.01210900
v 0.03624900 -0.01031000 0.01124300
v 0.03142500 -0.01308900 0.01235300
v 0.03096500 -0.01330600 0.01243800
v 0.03103000 -0.01341800 0.01240300
v 0.03107200 -0.01361200 0.01220000
v 0.03106200 -0.01353200 0.01232000
v 0.03024500 -0.01385900 0.01234600
v 0.03025200 -0.01377500 0.01246700
v 0.03024300 -0.01365200 0.01254800
v 0.03022400 -0.01352300 0.01257600
v 0.02938600 -0.01394000 0.01249800
v 0.02940900 -0.01385500 0.01262000
v 0.02942500 -0.01372800 0.01269900
v 0.02943000 -0.01359400 0.01272300
v 0.01910100 -0.01731100 0.01463700
v 0.01924700 -0.01737800 0.01456900
v 0.01934600 -0.01743000 0.01443700
v 0.01937900 -0.01745700 0.01426800
v 0.03672800 -0.00967700 -0.01687000
v 0.03675200 -0.00978200 -0.01685400
v 0.03663100 -0.00990300 -0.01707200
v 0.03680200 -0.00980100 -0.01657500
v 0.03675000 -0.00996200 -0.01657500
v 0.03671600 -0.00998000 -0.01679300
v 0.03662800 -0.00998700 -0.01702800
v 0.03628200 -0.01029100 -0.01718500
v 0.03653300 -0.00949100 -0.01691700
v 0.03658100 -0.00957700 -0.01700000
v 0.03653300 -0.00965700 -0.01711900
v 0.03658000 -0.00973000 -0.01711800
v 0.03654700 -0.00942800 -0.01671400
v 0.03662600 -0.00947000 -0.01672400
v 0.03661300 -0.00951400 -0.01686700
v 0.03667800 -0.00958500 -0.01687300
v 0.03663700 -0.00965100 -0.01700400
v 0.03670000 -0.00953800 -0.01672900
v 0.03675800 -0.00963100 -0.01672800
v 0.03678700 -0.00974100 -0.01672100
v 0.03674800 -0.00988700 -0.01682700
v 0.03660600 -0.01006000 -0.01697600
v 0.03661400 -0.00981400 -0.01710300
v 0.03635500 -0.00978900 -0.01730700
v 0.03641100 -0.00970700 -0.01723600
v 0.03648000 -0.00959800 -0.01710800
v 0.03625400 -0.01015600 -0.01735500
v 0.03621400 -0.01006600 -0.01740600
v 0.03639300 -0.00984900 -0.01730500
v 0.03642600 -0.00991600 -0.01729000
v 0.03645100 -0.00998600 -0.01726200
v 0.03627400 -0.01021900 -0.01729700
v 0.03646500 -0.01005500 -0.01722100
v 0.03628200 -0.01026800 -0.01722900
v 0.03646600 -0.01011700 -0.01716800
v 0.03645500 -0.01016900 -0.01710900
v 0.03679900 -0.00971900 -0.01657500
v 0.03677700 -0.00963400 -0.01657500
v 0.03668100 -0.00949400 -0.01657500
v 0.03653400 -0.00941100 -0.01657500
v 0.03618500 -0.01001400 -0.01742200
v 0.03640400 -0.00999600 0.01136100
v 0.03637200 -0.00992400 0.01138900
v 0.03627400 -0.01003000 0.01143100
v 0.03633300 -0.00985500 0.01140000
v 0.03629100 -0.00979400 0.01139700
v 0.03620200 -0.00990800 0.01145400
v 0.03641800 -0.00975000 0.01132700
v 0.03635200 -0.00971300 0.01133800
v 0.03643500 -0.00959800 0.01121600
v 0.03675000 -0.00996200 0.01068300
v 0.03671200 -0.00998000 0.01090500
v 0.03643100 -0.01018200 0.01119400
v 0.03677700 -0.00963400 0.01068300
v 0.03678500 -0.00973700 0.01083400
v 0.03679900 -0.00971900 0.01068300
v 0.03674300 -0.00988500 0.01094200
v 0.03680200 -0.00980100 0.01068300
v 0.03661000 -0.00999200 0.01113900
v 0.03643400 -0.01013000 0.01126000
v 0.03642500 -0.01006700 0.01131700
v 0.03632600 -0.01015300 0.01135100
v 0.03659300 -0.01006600 0.01108000
v 0.03649800 -0.00990200 0.01130200
v 0.03652000 -0.00998400 0.01126300
v 0.03660800 -0.00990500 0.01118700
v 0.03661800 -0.00944800 0.01068300
v 0.03653400 -0.00941100 0.01068300
v 0.03653800 -0.00941400 0.01073800
v 0.03649200 -0.00965500 0.01123100
v 0.03649600 -0.00950500 0.01106600
v 0.03655100 -0.00957300 0.01111500
v 0.03652100 -0.00946300 0.01096500
v 0.03659400 -0.00950900 0.01098200
v 0.03661700 -0.00946600 0.01083600
v 0.03646300 -0.00982200 0.01132300
v 0.03654400 -0.00972800 0.01123400
v 0.03658400 -0.00981400 0.01122000
v 0.03661100 -0.00964600 0.01112300
v 0.03665800 -0.00973600 0.01111500
v 0.03666300 -0.00957900 0.01099100
v 0.03671600 -0.00967200 0.01098900
v 0.03669300 -0.00953300 0.01084300
v 0.03674500 -0.00977800 0.01097200
v 0.03675300 -0.00962600 0.01084300
v 0.03668100 -0.00949400 0.01068300
v 0.01921300 -0.01785100 -0.02288600
v 0.01923200 -0.01780500 -0.02307700
v 0.01937000 -0.01747700 -0.02324600
v 0.01933600 -0.01755900 -0.02324800
v 0.01927000 -0.01771600 -0.02318400
v 0.01921300 -0.01785100 0.01390800
v 0.01921500 -0.01784600 0.01397500
v 0.01924300 -0.01778000 0.01413400
v 0.01936700 -0.01748500 0.01427100
v 0.01929600 -0.01765400 0.01423900
v 0.03283200 -0.00904700 0.01209200
v 0.03382000 -0.00934900 0.01190900
v 0.03388100 -0.00910700 0.01185400
v 0.03017000 -0.00739200 0.01187100
v 0.02653300 -0.00591300 0.01255400
v 0.03019600 -0.00745400 0.01213500
v 0.02655000 -0.00602100 0.01290700
v 0.03018100 -0.00761500 0.01237900
v 0.02652800 -0.00613300 0.01305900
v 0.03012600 -0.00785000 0.01254600
v 0.02648900 -0.00627000 0.01317500
v 0.03004700 -0.00809500 0.01260900
v 0.02636400 -0.00659800 0.01329100
v 0.03389600 -0.00863000 0.01117200
v 0.03392600 -0.00868400 0.01141900
v 0.03392400 -0.00885300 0.01168000
v 0.03389600 -0.00863000 0.00724000
v 0.03008000 -0.00740900 0.00846100
v 0.03273200 -0.00827200 0.00769900
v 0.03013300 -0.00739000 0.00858200
v 0.02969600 -0.00721500 0.00889700
v 0.02653300 -0.00591300 0.01011000
v 0.02643500 -0.00592300 0.00985700
v 0.02637500 -0.00596200 0.00974100
v 0.02631100 -0.00602100 0.00963700
v 0.01915200 -0.01733200 -0.02359900
v 0.02057700 -0.01394300 -0.02308200
v 0.01924400 -0.01737800 -0.02354700
v 0.02069600 -0.01400500 -0.02300500
v 0.01927200 -0.01739400 -0.02352100
v 0.01931700 -0.01742200 -0.02346200
v 0.02074000 -0.01403200 -0.02294800
v 0.01934900 -0.01744500 -0.02339600
v 0.02077300 -0.01405600 -0.02288000
v 0.02252000 -0.01276500 -0.02208900
v 0.02341000 -0.01257800 -0.02202400
v 0.02336000 -0.01269700 -0.02195600
v 0.02256700 -0.01265500 -0.02225900
v 0.02330400 -0.01277700 -0.02184700
v 0.02120100 -0.01342300 -0.02268000
v 0.02257700 -0.01253400 -0.02233300
v 0.02256900 -0.01240700 -0.02236000
v 0.02344500 -0.01243700 -0.02204200
v 0.02112600 -0.01312500 -0.02288300
v 0.02180800 -0.01288500 -0.02254700
v 0.02181000 -0.01296300 -0.02244000
v 0.02253900 -0.01274000 -0.02215000
v 0.02178200 -0.01278100 -0.02262400
v 0.02117400 -0.01336300 -0.02278600
v 0.02111900 -0.01328500 -0.02286700
v 0.02173800 -0.01267400 -0.02266100
v 0.02327500 -0.01279900 -0.02177800
v 0.02219000 -0.01249000 -0.02249700
v 0.02874200 -0.01353300 -0.02012100
v 0.02870600 -0.01367300 -0.02010400
v 0.02865700 -0.01379300 -0.02003500
v 0.02860000 -0.01387300 -0.01992600
v 0.02904000 -0.01358200 -0.02001300
v 0.02953000 -0.01361400 -0.01983500
v 0.02949700 -0.01374600 -0.01982200
v 0.02942800 -0.01395600 -0.01963600
v 0.02947000 -0.01387100 -0.01974900
v 0.03025400 -0.01387700 -0.01935000
v 0.03027900 -0.01379200 -0.01946200
v 0.03028300 -0.01367100 -0.01953800
v 0.03027000 -0.01354500 -0.01956700
v 0.03104800 -0.01363700 -0.01907500
v 0.03105600 -0.01355600 -0.01918600
v 0.03103900 -0.01344500 -0.01926500
v 0.03100500 -0.01332900 -0.01930100
v 0.03178100 -0.01322600 -0.01886100
v 0.03177300 -0.01317400 -0.01893100
v 0.03175300 -0.01311400 -0.01898700
v 0.03168400 -0.01297200 -0.01905400
v 0.01910100 -0.00336500 0.01463700
v 0.01909000 -0.01733900 0.01463900
v 0.01920000 -0.01738900 0.01459700
v 0.01923400 -0.01740500 0.01457300
v 0.01929300 -0.01743500 0.01451000
v 0.01935100 -0.01746800 0.01439300
v 0.01933400 -0.01745700 0.01444000
v 0.03393900 -0.00934900 -0.01823700
v 0.03398600 -0.00911300 -0.01817600
v 0.03399900 -0.00886300 -0.01800800
v 0.03396100 -0.00869100 -0.01776200
v 0.03389600 -0.00863000 -0.01753200
v 0.03369900 -0.00857100 0.00684600
v 0.03226600 -0.00814700 0.00754200
v 0.03557500 -0.00912700 0.00487200
v 0.03540600 -0.00907700 0.00529300
v 0.03446100 -0.00879700 0.00633800
v 0.03476500 -0.00888700 0.00608400
v 0.02909700 -0.00720800 -0.01157100
v 0.03175600 -0.00799600 -0.01077500
v 0.03389600 -0.00863000 -0.01331100
v 0.03260900 -0.00824800 -0.01043100
v 0.03385500 -0.00861800 -0.00978900
v 0.03456100 -0.00882700 -0.00929400
v 0.03518300 -0.00901100 -0.00866900
v 0.03544300 -0.00908800 -0.00825600
v 0.03562800 -0.00914300 -0.00750000
v 0.03562800 -0.00914300 0.00446500
v 0.01905400 -0.01803100 -0.02288600
v 0.01909700 -0.01796300 -0.02314700
v 0.01911900 -0.01798400 -0.02288600
v 0.01917800 -0.01789600 -0.02310200
v 0.01897800 -0.01806400 -0.02288600
v 0.01881600 -0.01807800 -0.02288600
v 0.01896200 -0.01805400 -0.02304100
v 0.01885000 -0.01806300 -0.02305300
v 0.01923400 -0.01776500 -0.02326700
v 0.01917000 -0.01780200 -0.02334800
v 0.01908500 -0.01781800 -0.02341500
v 0.01899700 -0.01800300 -0.02318500
v 0.01899100 -0.01781500 -0.02346100
v 0.01889100 -0.01801200 -0.02320900
v 0.01916500 -0.01761200 -0.02352100
v 0.01907500 -0.01758800 -0.02357600
v 0.01929400 -0.01762000 -0.02334100
v 0.01924200 -0.01762300 -0.02344000
v 0.03016600 -0.00809500 -0.01960500
v 0.02756100 -0.00706600 -0.02054900
v 0.02648300 -0.00659800 -0.02094000
v 0.02658000 -0.00628000 -0.02081600
v 0.03017000 -0.00739200 -0.01890000
v 0.03023200 -0.00746400 -0.01914500
v 0.03025500 -0.00762700 -0.01937400
v 0.03022900 -0.00785600 -0.01953500
v 0.02653300 -0.00591300 -0.02023500
v 0.02659700 -0.00603400 -0.02056200
v 0.02659900 -0.00614700 -0.02070500
v 0.03018500 -0.00739700 -0.01548200
v 0.02653300 -0.00591300 -0.01759100
v 0.01839700 -0.00229100 -0.02144300
v 0.02141200 -0.00363300 -0.02013500
v 0.02435000 -0.00494100 -0.01874000
v 0.01630800 -0.00136100 -0.02229100
v 0.03012000 -0.00738700 -0.01536100
v 0.03004800 -0.00740000 -0.01524500
v 0.02647100 -0.00589900 -0.01747000
v 0.02639800 -0.00591000 -0.01734800
v 0.02632100 -0.00594400 -0.01723600
v 0.02624000 -0.00600000 -0.01713800
v 0.02450600 -0.00531900 -0.01795800
v 0.02399600 -0.00511900 -0.01819100
v 0.02144900 -0.00411700 -0.01930600
v 0.01819300 -0.00283500 -0.02064700
v 0.01791500 -0.00272600 -0.02075800
v 0.02129700 -0.00386900 -0.01952200
v 0.02152100 -0.00371300 -0.01986000
v 0.01830100 -0.00229100 -0.02122100
v 0.01803800 -0.00252900 -0.02084300
v 0.01797400 -0.00262500 -0.02079100
v 0.01817500 -0.00237300 -0.02100500
v 0.02141400 -0.00376300 -0.01967500
v 0.02419000 -0.00495800 -0.01843400
v 0.02427800 -0.00493100 -0.01858700
v 0.02409300 -0.00502300 -0.01829800
v 0.01911900 -0.01798400 0.01390800
v 0.01905400 -0.01803100 0.01390800
v 0.01897800 -0.01806400 0.01390800
v 0.01893600 -0.01807500 0.01390800
v 0.01881600 -0.01807800 0.01390800
v 0.02897400 -0.00723000 -0.01108600
v 0.02881500 -0.00736900 -0.01059700
v 0.02864000 -0.00761200 -0.01017200
v 0.02845800 -0.00794500 -0.00982600
v 0.03161900 -0.00799200 -0.01040400
v 0.03258900 -0.00835500 -0.00967500
v 0.03354900 -0.00860800 -0.00928400
v 0.03431500 -0.00881000 -0.00886100
v 0.03487100 -0.00895600 -0.00841600
v 0.03520300 -0.00904400 -0.00795900
v 0.03531400 -0.00907400 -0.00750000
v 0.03146100 -0.00805800 -0.01002900
v 0.03129000 -0.00819500 -0.00968000
v 0.03276700 -0.00867400 -0.00895400
v 0.03338400 -0.00866000 -0.00903800
v 0.03111700 -0.00839500 -0.00937200
v 0.03398600 -0.00888000 -0.00849500
v 0.03427400 -0.00892900 -0.00834300
v 0.03454400 -0.00897500 -0.00816800
v 0.03485000 -0.00902700 -0.00787400
v 0.03498000 -0.00904900 -0.00759400
v 0.03531400 -0.00907400 0.00446500
v 0.03526100 -0.00906000 0.00478400
v 0.03510000 -0.00901700 0.00510400
v 0.03445400 -0.00884600 0.00573100
v 0.03339400 -0.00856700 0.00631900
v 0.03196800 -0.00819200 0.00684600
v 0.03179800 -0.00830900 0.00651600
v 0.03306000 -0.00872300 0.00582600
v 0.03162700 -0.00848100 0.00622300
v 0.03412600 -0.00890400 0.00539000
v 0.03477400 -0.00901400 0.00493100
v 0.03493600 -0.00904100 0.00469800
v 0.02463700 -0.00602600 0.00850500
v 0.02474100 -0.00591000 0.00909000
v 0.02853500 -0.00703100 0.00841400
v 0.02841400 -0.00710200 0.00796800
v 0.02449200 -0.00630300 0.00796000
v 0.02826900 -0.00726900 0.00754300
v 0.02431900 -0.00671700 0.00752100
v 0.02810900 -0.00752200 0.00717000
v 0.02414300 -0.00720300 0.00723500
v 0.02794500 -0.00784200 0.00687100
v 0.01799100 -0.00378800 0.01080300
v 0.01796000 -0.00382500 0.01069000
v 0.01873700 -0.00413900 0.01004900
v 0.01785500 -0.00387800 0.01021300
v 0.01811600 -0.00359100 0.01116000
v 0.02400900 -0.00511600 0.01029000
v 0.01820700 -0.00340600 0.01135800
v 0.01840500 -0.00290900 0.01163200
v 0.02077600 -0.00384300 0.01109600
v 0.02291300 -0.00468400 0.01057500
v 0.01809800 -0.00543200 0.00797200
v 0.01835100 -0.00476300 0.00842200
v 0.01848200 -0.00447400 0.00878700
v 0.01859800 -0.00426400 0.00922500
v 0.01583900 -0.00328100 0.01075000
v 0.01547100 -0.00176900 0.01266300
v 0.01685700 -0.00230700 0.01207200
v 0.01648200 -0.00261600 0.01201700
v 0.01624500 -0.00301800 0.01168200
v 0.01601500 -0.00324500 0.01122100
v 0.02087400 -0.00368800 0.01120500
v 0.01851300 -0.00271600 0.01172700
v 0.01862200 -0.00256100 0.01189500
v 0.02483600 -0.00515800 0.01069000
v 0.02299900 -0.00456500 0.01068900
v 0.02308200 -0.00447700 0.01084000
v 0.02315200 -0.00443200 0.01101300
v 0.02303000 -0.00435400 0.01123800
v 0.01871300 -0.00247200 0.01211500
v 0.01877300 -0.00245800 0.01234200
v 0.01927000 -0.00267900 0.01390000
v 0.01837600 -0.00228100 0.01244200
v 0.01805000 -0.00213600 0.01420900
v 0.01774900 -0.00200200 0.01263000
v 0.01702400 -0.00168000 0.01460500
v 0.01682800 -0.00159200 0.01297700
v 0.01601300 -0.00123000 0.01513600
v 0.01537800 -0.00094700 0.01555400
v 0.01643200 -0.00187100 0.01235400
v 0.01672100 -0.00159400 0.01274200
v 0.01658100 -0.00169000 0.01251400
v 0.01928700 -0.00278700 0.01425400
v 0.01926700 -0.00289500 0.01440000
v 0.01922600 -0.00303600 0.01452100
v 0.01797500 -0.00282100 0.01492200
v 0.01587900 -0.00181000 0.01591300
v 0.01591100 -0.01686700 0.01589300
v 0.01689500 -0.00230000 0.01535000
v 0.01692300 -0.01701800 0.01533700
v 0.01799700 -0.01717700 0.01491500
v 0.01587200 -0.00120900 0.01548700
v 0.01592900 -0.00158300 0.01583300
v 0.01592800 -0.00136900 0.01568400
v 0.01696100 -0.00206800 0.01527100
v 0.01698200 -0.00185100 0.01511200
v 0.01695100 -0.00169200 0.01489600
v 0.01805700 -0.00258400 0.01484800
v 0.01810200 -0.00236200 0.01468200
v 0.01809700 -0.00220500 0.01445000
v 0.01908200 -0.01798000 0.01414400
v 0.01927900 -0.01764800 0.01436100
v 0.01921500 -0.01780400 0.01426000
v 0.01917000 -0.01791000 0.01410000
v 0.01897300 -0.01801900 0.01417800
v 0.01913700 -0.01785000 0.01434000
v 0.01921100 -0.01765800 0.01446800
v 0.01903600 -0.01786900 0.01440400
v 0.01911600 -0.01764700 0.01454900
v 0.01885900 -0.01802300 0.01419900
v 0.01892800 -0.01786200 0.01444200
v 0.01901000 -0.01761800 0.01459600
v 0.01841300 -0.01802200 0.01399400
v 0.01777200 -0.01793500 0.01416800
v 0.01682900 -0.01780500 0.01451200
v 0.01794500 -0.01745900 0.01487300
v 0.01785900 -0.01771600 0.01471400
v 0.01775700 -0.01787900 0.01446500
v 0.01556300 -0.01757600 0.01549800
v 0.01572800 -0.01741600 0.01572200
v 0.01585200 -0.01715400 0.01586200
v 0.01686700 -0.01730200 0.01530000
v 0.01676100 -0.01756100 0.01515000
v 0.01662700 -0.01772300 0.01491100
vn -0.35559083 -0.86585895 -0.35191396
vn -0.43281998 -0.84392649 -0.31694628
vn -0.37803060 -0.63633231 -0.67243889
vn -0.51900547 -0.62451467 -0.58362210
vn -0.34377662 -0.31192288 -0.88573233
vn -0.52902143 -0.34676275 -0.77452690
vn -0.28011109 -0.07279365 -0.95720367
vn -0.34874413 -0.93527231 -0.06035926
vn -0.32899588 -0.94060471 -0.08381217
vn -0.30559620 -0.94821286 -0.08662178
vn -0.76570108 -0.08548197 -0.63749093
vn -0.63748574 -0.12554651 -0.76016446
vn -0.45868545 -0.09459209 -0.88354966
vn -0.76031010 -0.31918368 -0.56572991
vn -0.68031379 -0.60284225 -0.41683854
vn -0.51314308 -0.82885161 -0.22291072
vn -0.35863836 -0.93298038 -0.03043262
vn -0.91126891 -0.31168126 -0.26915379
vn -0.95783356 -0.07942276 -0.27612841
vn -0.88410080 -0.12106783 -0.45134062
vn -0.56251524 -0.81828936 -0.11823338
vn -0.77821995 -0.58884761 -0.21824800
vn -0.99070625 -0.10753455 -0.08329130
vn -0.92873104 -0.36285385 -0.07612972
vn -0.80569464 -0.58929937 -0.05985308
vn -0.62434599 -0.78046082 -0.03275662
vn -0.38606074 -0.92245107 -0.00641328
vn -0.43366563 0.08589556 -0.89697050
vn -0.44142340 0.36966635 -0.81761370
vn -0.25742510 0.08783977 -0.96229751
vn -0.24607974 0.30223074 -0.92092418
vn -0.22204077 0.51772675 -0.82623055
vn -0.36044998 0.69479016 -0.62236841
vn -0.18380966 0.70285675 -0.68717276
vn -0.13752530 0.85059781 -0.50751369
vn -0.19188664 0.92483953 -0.32840731
vn -0.08056156 0.95062299 -0.29970947
vn -0.04815293 0.99522834 -0.08486372
vn -0.02409812 0.99575697 -0.08881070
vn -0.09249389 0.99568333 -0.00771922
vn -0.09157466 0.99530278 -0.03140794
vn -0.30685814 0.95144248 -0.02439839
vn -0.35725927 0.92510854 -0.12860791
vn -0.52239365 0.85165556 -0.04228101
vn -0.67820227 0.69406481 -0.24148646
vn -0.70981733 0.70219537 -0.05550704
vn -0.85464032 0.51480625 -0.06756071
vn -0.88334072 0.36983108 -0.28798289
vn -0.95061623 0.30141156 -0.07402608
vn -0.99285687 0.09047607 -0.07777734
vn -0.96100924 0.08744804 -0.26232439
vn -0.86328205 0.18571748 -0.46931133
vn -0.77295666 0.09803178 -0.62683951
vn -0.07578476 0.99513754 -0.06291223
vn -0.29590114 0.92297925 -0.24607280
vn -0.55313731 0.69447116 -0.46016185
vn -0.72385560 0.36666003 -0.58446000
vn -0.60762765 0.14482141 -0.78090678
vn -0.63584719 -0.32349365 0.70074975
vn -0.61061325 -0.07931085 0.78794749
vn -0.82422247 -0.06019837 0.56305726
vn -0.80823817 -0.31339104 0.49853497
vn -0.91482608 -0.31543164 0.25218272
vn -0.78157614 -0.59222916 0.19596775
vn -0.96782316 -0.06775131 0.24233878
vn -0.99226304 -0.09853012 0.07553727
vn -0.92939009 -0.36423455 0.05972648
vn -0.80246484 -0.59444293 0.05184377
vn -0.56699249 -0.81775326 0.09899049
vn -0.62434168 -0.78033418 0.03572162
vn -0.35003699 -0.93531200 0.05162910
vn -0.36484949 -0.93080521 0.02205694
vn -0.38755452 -0.92180599 0.00867199
vn -0.70867876 -0.59856867 0.37348355
vn -0.52982304 -0.82398921 0.20082164
vn -0.33400410 -0.93973211 0.07310830
vn -0.46671053 -0.83727554 0.28487004
vn -0.58833060 -0.61485676 0.52518403
vn -0.89598980 -0.12130414 0.42718565
vn -0.41982799 -0.06688625 0.90513573
vn -0.46310362 -0.31005371 0.83030220
vn -0.46418913 -0.63075507 0.62183317
vn -0.39927060 -0.85775400 0.32379169
vn -0.31667777 -0.94514489 0.08010200
vn -0.91610696 0.09022637 0.39064978
vn -0.85881476 0.35475756 0.36957310
vn -0.99132944 0.09013491 0.09561193
vn -0.94930282 0.30080697 0.09131991
vn -0.85391299 0.51369804 0.08334824
vn -0.66121699 0.69220726 0.28920790
vn -0.70994107 0.70084443 0.06928747
vn -0.52315681 0.85064186 0.05210934
vn -0.35201376 0.92296761 0.15561847
vn -0.30816151 0.95084196 0.03059491
vn -0.09067268 0.99512158 0.03887809
vn -0.09351819 0.99556962 0.00977148
vn -0.04075877 0.99561970 0.08414355
vn -0.06751657 0.99510746 0.07212938
vn -0.13285703 0.95152273 0.27740493
vn -0.26587019 0.92312853 0.27775304
vn -0.22695707 0.85126636 0.47311317
vn -0.49752336 0.69218842 0.52282473
vn -0.30712115 0.70186197 0.64270240
vn -0.37007684 0.51242164 0.77489818
vn -0.63971203 0.35408731 0.68219550
vn -0.41053221 0.29577328 0.86254361
vn -0.68005571 0.09624665 0.72681553
vn -0.42514627 0.09185077 0.90045215
vn -0.02686904 0.99204465 0.12298562
vn -0.00566854 0.99158878 -0.12930416
vn -0.35124058 -0.93277518 -0.08099708
vn -0.35064318 -0.93503993 0.05243750
vn -0.45604837 -0.54706726 0.70195249
vn -0.39010941 -0.00550008 0.92075208
vn -0.38673191 -0.21421055 0.89696838
vn -0.44256942 -0.31250769 0.84051844
vn -0.40079972 -0.89302404 0.20461585
vn -0.43561134 -0.81979363 0.37172728
vn -0.45640205 -0.71182117 0.53386121
vn -0.13866801 0.89629280 0.42122488
vn -0.22902322 0.70754881 0.66852303
vn -0.29675604 0.44656320 0.84410731
vn -0.33579704 0.13066429 0.93282753
vn -0.33459400 0.10024026 0.93701587
vn -0.32987954 0.09161843 0.93956669
vn -0.29249486 0.38459530 0.87551883
vn -0.27669469 0.37296357 0.88562872
vn -0.19325009 0.71587551 0.67095205
vn -0.15849955 0.71991620 0.67572077
vn -0.06507061 0.93205017 0.35643835
vn -0.01372812 0.93722954 0.34844273
vn 0.03887939 0.99519984 0.08980912
vn 0.08960095 0.99228549 0.08568061
vn 0.10280270 0.99076712 -0.08838617
vn 0.05037957 0.99423262 -0.09467524
vn 0.02147344 0.99735671 0.06941526
vn -0.03193537 0.97260572 0.23025691
vn -0.10873992 0.88776742 0.44726351
vn -0.17343074 0.76511418 0.62009844
vn -0.26617129 0.60802243 0.74797164
vn -0.34001911 0.38522469 0.85789798
vn -0.38425540 0.11900738 0.91552446
vn -0.23500893 0.10236049 -0.96658840
vn -0.17139668 0.08817997 -0.98124791
vn -0.20937348 0.28748730 -0.93461960
vn -0.12628140 0.36980062 -0.92048928
vn -0.16516689 0.50588983 -0.84663769
vn -0.04416827 0.71346679 -0.69929558
vn -0.11690177 0.69235881 -0.71202054
vn -0.06262575 0.84749022 -0.52710374
vn 0.04384654 0.93107649 -0.36217958
vn -0.00864694 0.95648674 -0.29164766
vn 0.02434412 0.99613544 -0.08438922
vn -0.17518956 0.09456553 -0.97998264
vn -0.17945520 0.13192232 -0.97488068
vn -0.14264665 0.37996491 -0.91393577
vn -0.15669012 0.44565729 -0.88138402
vn -0.07906889 0.71390296 -0.69576625
vn -0.11536273 0.70842067 -0.69629849
vn -0.00680448 0.92928511 -0.36930053
vn -0.06388363 0.89692188 -0.43755002
vn -0.38067380 -0.88025647 -0.28325960
vn -0.37767099 -0.80258819 -0.46175406
vn -0.31754169 -0.44331542 -0.83823547
vn -0.34217759 -0.55675182 -0.75692927
vn -0.37004616 -0.63897885 -0.67436775
vn -0.23147887 0.07385366 -0.97003256
vn -0.26083693 -0.04987481 -0.96409367
vn -0.29522920 -0.19558186 -0.93519381
vn -0.33004656 -0.29146856 -0.89783926
vn -0.08764945 0.99390487 -0.06686322
vn -0.22254808 0.96906633 -0.10669023
vn -0.24594746 0.89393545 -0.37468554
vn -0.18081050 0.08748111 -0.97961963
vn -0.16730145 0.09440182 -0.98137583
vn -0.16717140 0.35964008 -0.91799386
vn -0.11235300 0.37591641 -0.91981718
vn -0.12625060 0.69134997 -0.71140425
vn -0.02481137 0.69640599 -0.71721900
vn -0.05368907 0.92106416 -0.38569197
vn 0.06639912 0.91151762 -0.40586549
vn 0.01636634 0.99233424 -0.12249449
vn 0.12719268 0.98364629 -0.12752252
vn -0.19703456 0.08461150 -0.97673859
vn -0.23466395 0.34759605 -0.90780495
vn -0.25717398 0.66926511 -0.69709810
vn -0.21150761 0.08231991 -0.97390347
vn -0.29382897 0.32269407 -0.89974056
vn -0.38076969 0.62246737 -0.68377542
vn -0.40825889 0.83692450 -0.36452993
vn -0.39340084 0.91405931 -0.09864762
vn -0.23960550 0.10235542 -0.96545977
vn -0.37178550 0.35623416 -0.85724720
vn -0.46648049 0.57618024 -0.67112762
vn -0.51494342 0.74564906 -0.42289567
vn -0.52025901 0.84483137 -0.12486200
vn -0.16973719 0.10374221 -0.98001369
vn -0.12480947 0.38883236 -0.91281542
vn -0.04807329 0.70887117 -0.70369782
vn 0.05034240 0.91352404 -0.40365762
vn 0.13595369 0.98217500 -0.12980317
vn -0.19449193 0.10225085 -0.97556017
vn -0.21872387 0.37628549 -0.90031611
vn -0.22414390 0.68883948 -0.68939081
vn -0.01192778 0.97919626 -0.20256458
vn -0.19977714 0.89086645 -0.40797801
vn -0.14228086 0.98227835 -0.12200577
vn -0.30829978 0.93241560 -0.18855343
vn -0.22574484 0.08817626 -0.97018772
vn -0.33568588 0.32790886 -0.88305763
vn -0.25038355 0.06529204 -0.96594256
vn -0.42557543 0.24532171 -0.87103548
vn -0.44008415 0.60318824 -0.66519913
vn -0.61035397 0.45617118 -0.64759237
vn -0.28707093 0.05585447 -0.95627954
vn -0.52088423 0.19210039 -0.83173137
vn -0.70021817 0.30459269 -0.64569173
vn -0.79755065 0.37308564 -0.47404649
vn -0.47621092 0.79734436 -0.37076290
vn -0.72975822 0.58381589 -0.35582572
vn -0.86065959 0.42481029 -0.28071566
vn -0.46577086 0.87624067 -0.12353054
vn -0.64390735 0.74626020 -0.16875737
vn -0.77688670 0.62185693 -0.09869660
vn -0.88638674 0.45423462 -0.08938376
vn -0.33665488 0.67402076 0.65754050
vn -0.16520915 0.70972116 0.68483707
vn -0.07020014 0.87388478 0.48103777
vn -0.07008362 0.96301458 0.26017534
vn -0.14834448 0.98460911 0.09240572
vn -0.21620151 0.94448051 0.24741358
vn -0.68084579 0.42903003 0.59361793
vn -0.76016396 0.28815785 0.58233650
vn -0.61748956 0.17837570 0.76608665
vn -0.25430138 0.44774314 0.85723794
vn -0.36076893 0.36794309 0.85700855
vn -0.32026182 0.13345524 0.93788169
vn -0.54364007 0.22979986 0.80724686
vn -0.39913092 0.05490303 0.91524869
vn -0.39645788 0.08301681 0.91429173
vn -0.46381872 0.31115287 0.82949146
vn -0.52719349 0.57682132 0.62397451
vn -0.53295106 0.77248696 0.34529273
vn -0.49649142 0.85757481 0.13439388
vn -0.75842836 0.56595108 0.32324263
vn -0.64422966 0.73406378 0.21475223
vn -0.78226980 0.61662853 0.08844893
vn 0.04949498 0.96224395 0.26765058
vn 0.14795313 0.98363807 0.10279112
vn 0.03361606 0.98125244 0.18977250
vn -0.42653818 0.05097775 0.90303181
vn -0.37496735 0.08310302 0.92330568
vn -0.37837818 0.12211693 0.91756057
vn -0.34637997 0.09581647 0.93318815
vn -0.88816749 0.45180088 0.08387172
vn -0.87641565 0.41034078 0.25202391
vn -0.83429676 0.35853741 0.41880764
vn -0.38766026 0.86259552 0.32503615
vn -0.27200816 0.86962209 0.41203032
vn -0.32094134 0.12683053 0.93856842
vn -0.24331090 0.43538646 0.86674012
vn -0.14323021 0.69525327 0.70434934
vn -0.05480901 0.84364806 0.53409168
vn 0.02852804 0.93804364 0.34534082
vn 0.09982456 0.98460732 0.14346944
vn -0.24426219 0.68334151 0.68802643
vn -0.55506984 0.55363231 0.62079686
vn -0.57160792 0.72238971 0.38912400
vn -0.45539992 0.82000928 0.34669252
vn -0.49044615 0.34077018 0.80208370
vn -0.47873394 0.60392802 0.63724780
vn -0.38881383 0.09799660 0.91608977
vn -0.43471410 0.31146898 0.84499156
vn -0.23375784 0.96606190 0.10991668
vn -0.41021208 0.90688606 0.09635206
vn -0.53902917 0.83387813 0.11872164
vn -0.10181108 0.99265972 0.06527777
vn -0.12556004 0.91281315 0.38859597
vn -0.30136742 0.87799990 0.37187881
vn -0.02741232 0.98834105 0.14976827
vn -0.36579306 0.65271286 0.66344657
vn -0.37748923 0.33815028 0.86206512
vn -0.32090195 0.35324988 0.87876985
vn -0.36734592 0.07594561 0.92697856
vn -0.35338985 0.08290224 0.93179549
vn -0.34171367 0.08947008 0.93553561
vn -0.45501792 0.12364644 0.88185614
vn -0.51033688 0.24603287 0.82402918
vn -0.56348988 0.37777001 0.73468971
vn -0.60404598 0.52930310 0.59579080
vn -0.61984252 0.69309826 0.36798105
vn -0.57948003 0.80873645 0.10073852
vn -0.34883479 0.24640941 -0.90421053
vn -0.43104356 0.40415430 -0.80675941
vn -0.51965969 0.54500767 -0.65796690
vn -0.56823115 0.66771147 -0.48091035
vn -0.57739015 0.76567041 -0.28349504
vn -0.56161635 0.82291494 -0.08601208
vn -0.53978485 -0.81348628 -0.21650033
vn -0.52388259 -0.74588664 -0.41133946
vn -0.69759066 -0.56300233 -0.44316549
vn -0.42499082 0.11974496 -0.89724241
vn -0.58814118 0.18092852 -0.78826063
vn -0.47899376 -0.06520043 -0.87539356
vn -0.64316860 0.05056334 -0.76405334
vn -0.55626930 -0.17485117 -0.81239863
vn -0.72978834 -0.10370178 -0.67576247
vn -0.65214125 -0.47713579 -0.58911224
vn -0.52023183 -0.60339894 -0.60437452
vn -0.59714886 -0.29645492 -0.74533732
vn -0.47217845 -0.49776774 -0.72751274
vn -0.43844644 -0.35544951 -0.82548190
vn -0.49694709 -0.86709912 -0.03439044
vn -0.73162240 -0.63256241 -0.25415242
vn -0.82348718 -0.31157247 -0.47412178
vn -0.63150348 0.36623795 -0.68342747
vn -0.70131915 0.24170296 -0.67061996
vn -0.80026704 0.14640945 -0.58149544
vn -0.90135441 -0.01747176 -0.43272967
vn -0.87367867 -0.42454552 -0.23758510
vn -0.69997338 -0.71314367 -0.03825410
vn -0.62374388 0.78015343 -0.04800208
vn -0.80823753 0.56044479 -0.18070344
vn -0.72777612 0.62752717 -0.27667954
vn -0.53797130 0.44674963 -0.71484380
vn -0.64366055 0.69748571 -0.31498377
vn -0.68323122 0.52166997 -0.51093595
vn -0.79548053 0.38192343 -0.47047340
vn -0.91423171 0.25137581 -0.31779016
vn -0.57816735 0.81134102 -0.08630330
vn -0.59864477 0.79703693 -0.07972813
vn -0.63544736 0.77207350 -0.01044809
vn -0.84596357 0.53073827 -0.05159965
vn -0.98833937 0.12618958 -0.08521429
vn -0.97136763 -0.13949308 -0.19231901
vn -0.98708659 -0.15067493 -0.05437947
vn -0.91280559 -0.40386739 -0.06063901
vn -0.63570188 0.77187122 0.00989629
vn -0.84936892 0.52583985 0.04544105
vn -0.98738800 0.13500362 0.08269804
vn -0.98714873 -0.15237069 0.04817228
vn -0.91382196 -0.40105419 0.06391370
vn -0.69834185 -0.71487107 0.03574932
vn -0.49578207 -0.86794240 0.02959958
vn -0.50242961 -0.17874915 0.84593926
vn -0.72025407 0.62379667 0.30349923
vn -0.66663116 0.67179405 0.32294838
vn -0.68901728 0.41090697 0.59700138
vn -0.76406453 0.32202158 0.55902370
vn -0.65742892 0.18374506 0.73077012
vn -0.73732195 -0.63507970 0.23028267
vn -0.89104973 -0.39500300 0.22361353
vn -0.95734268 -0.19254636 0.21545508
vn -0.86462467 -0.29034221 0.41003119
vn -0.54893854 -0.81326980 0.19302519
vn -0.73181967 -0.56068053 0.38739813
vn -0.56921789 -0.73052092 0.37726672
vn -0.66689496 -0.50837215 0.54480168
vn -0.57356621 -0.62112907 0.53406038
vn -0.79315047 -0.05866214 0.60619394
vn -0.68450942 -0.31373785 0.65803906
vn -0.83398439 0.37824257 0.40174942
vn -0.75114390 0.61305715 0.24483416
vn -0.92237266 0.27175471 0.27455064
vn -0.81562421 0.55384586 0.16736759
vn -0.93864327 -0.03429443 0.34318027
vn -0.83814898 0.15005259 0.52439538
vn -0.58632686 0.80610897 0.08005711
vn -0.59877005 0.79712973 0.07783719
vn -0.61065980 0.78908776 0.06659663
vn -0.62640788 0.77830165 0.04312429
vn -0.54961609 -0.47951970 0.68409284
vn -0.59300464 -0.00855360 0.80515361
vn 0.25082336 0.96309796 0.09762151
vn 0.26370608 0.95956609 -0.09844805
vn 0.08123400 0.99418509 0.07068975
vn 0.08062485 0.99468082 -0.06410689
vn -0.19382917 0.97979361 0.04934299
vn -0.18562916 0.98199330 -0.03508514
vn -0.45577405 0.89009205 -0.00247994
vn -0.44656848 0.89466773 0.01209338
vn 0.99154992 0.10808777 -0.07173420
vn 0.92935619 0.36305150 -0.06701248
vn 0.99357581 0.10451724 0.04339647
vn 0.92915740 0.36742415 0.04081695
vn 0.80567590 0.59144116 0.03291954
vn 0.80529432 0.59051491 -0.05285072
vn 0.67557529 0.73695669 0.02220064
vn 0.62371995 0.78113957 -0.02818504
vn 0.52481656 0.85111953 0.01277185
vn 0.38654470 0.92225445 -0.00546973
vn 0.36091233 0.93258521 0.00520764
vn 0.16727548 0.98374329 0.06533028
vn 0.05947069 0.99639752 0.06045837
vn -0.07904563 0.99684293 0.00748101
vn -0.17816540 0.98130572 0.07277480
vn -0.35614409 0.93019032 0.08892333
vn -0.48970728 0.86653321 0.09647265
vn 0.18596584 0.98068011 0.06068960
vn 0.10360374 0.98584088 0.13184850
vn 0.03711403 0.98800341 0.14990601
vn -0.12787500 0.99164730 0.01684107
vn -0.24943436 0.95493617 0.16087082
vn -0.36082897 0.92958678 0.07530522
vn -0.49131235 0.87056384 0.02703273
vn -0.58734802 0.80567758 0.07685010
vn -0.66140707 0.74331005 0.10015415
vn -0.72847831 0.67810658 0.09742084
vn -0.78307492 0.60884773 0.12687832
vn -0.88419587 0.45680037 0.09762729
vn 0.56302164 0.82413326 0.06173332
vn 0.33843469 0.87411234 0.34841007
vn 0.34934041 0.64760587 0.67717643
vn 0.38216820 0.85897021 0.34076038
vn 0.42545270 0.64044470 0.63939079
vn 0.43028165 0.84898223 0.30673585
vn 0.52353076 0.62707561 0.57679435
vn 0.47370980 0.83911808 0.26735720
vn 0.60728229 0.61630976 0.50136862
vn 0.51115140 0.83096782 0.21958308
vn 0.67713608 0.60759739 0.41510497
vn 0.53289602 0.82919714 0.16868292
vn 0.73359214 0.59972491 0.31964448
vn 0.79780898 0.59212433 0.11353239
vn 0.77286233 0.59652025 0.21644261
vn 0.56036053 0.82032999 0.11425751
vn 0.98252381 0.08123390 0.16747540
vn 0.94325746 0.29993234 0.14249901
vn 0.93295188 0.08207704 0.35051981
vn 0.90741896 0.30382712 0.29031004
vn 0.86636853 0.08234050 0.49257042
vn 0.84554327 0.31220853 0.43310785
vn 0.77167132 0.08236321 0.63066605
vn 0.76569622 0.31612396 0.56015618
vn 0.64797980 0.08341183 0.75707638
vn 0.66408249 0.32015832 0.67564273
vn 0.50152620 0.09144783 0.86029574
vn 0.55296706 0.32065719 0.76902951
vn 0.35851088 0.09050948 0.92912754
vn 0.41239317 0.33775271 0.84608213
vn 0.24396885 0.07809928 0.96663318
vn 0.30681576 0.32294839 0.89530354
vn 0.35618788 0.93400718 0.02758220
vn 0.35400445 0.93442685 0.03908094
vn 0.30044952 0.95003196 0.08467212
vn 0.31046617 0.94662786 0.08663975
vn 0.32446928 0.94259325 0.07897884
vn 0.33674291 0.93914385 0.06791936
vn 0.34810015 0.93577893 0.05607214
vn 0.13224770 0.94839737 0.28818914
vn 0.27187861 0.87758741 0.39487005
vn -0.12680562 0.90213017 0.41240937
vn 0.08837612 0.83086582 0.54941028
vn 0.21459529 0.75468887 0.61999481
vn 0.22447939 0.37402418 0.89984161
vn 0.10061522 0.62059785 0.77764702
vn 0.30234179 0.69403534 0.65337920
vn 0.16362375 0.04917476 0.98529646
vn 0.17204007 0.19511803 0.96557298
vn 0.10167260 0.21099778 0.97218446
vn 0.18711020 0.48508769 0.85421291
vn 0.01263738 0.36894390 0.92936575
vn 0.05708249 0.60514816 0.79406378
vn -0.10777921 0.51776265 0.84870812
vn -0.05565090 0.70887950 0.70313074
vn -0.25703308 0.67122671 0.69526160
vn -0.18944911 0.79828565 0.57170714
vn -0.43032406 0.80701626 0.40440816
vn -0.12864485 0.97227165 0.19529042
vn -0.29965388 0.95124435 0.07308715
vn -0.49489136 0.86830211 0.03367492
vn -0.34526006 0.91391314 0.21344380
vn -0.39377785 0.86337040 0.31548463
vn -0.50670557 0.85913101 0.07171737
vn -0.52819807 0.84253441 0.10555832
vn -0.88256595 0.46815268 -0.04370823
vn -0.77513620 0.63063618 -0.03823458
vn -0.59636659 0.78928867 -0.14618578
vn -0.48276851 0.87570474 -0.00870465
vn -0.28559424 0.95690812 -0.05256217
vn -0.17458472 0.98183716 -0.07426952
vn 0.09664993 0.99487909 -0.02957016
vn 0.18670018 0.98203375 -0.02743651
vn 0.17636771 0.98364564 -0.03654694
vn -0.48735547 0.86697632 -0.10409954
vn -0.44884599 0.89187035 -0.05571858
vn -0.34635228 0.93481212 -0.07852642
vn -0.27917494 0.95824867 0.06181302
vn -0.12206480 0.99221441 -0.02471354
vn 0.05766366 0.99795549 -0.02756339
vn -0.49029291 0.87108979 -0.02855577
vn -0.49779747 0.86379017 -0.07787315
vn -0.51359079 0.85140933 -0.10642677
vn 0.31634703 0.94526949 -0.07993839
vn 0.36165416 0.93190256 -0.02763843
vn 0.35207538 0.93444395 -0.05345492
vn 0.33587032 0.93892447 -0.07491307
vn -0.09380978 0.97548631 -0.19906326
vn -0.32624073 0.93909220 -0.10804080
vn -0.07303760 0.92366889 -0.37616656
vn -0.32145265 0.92427330 -0.20588119
vn -0.09012254 0.86945659 -0.48571922
vn -0.35829677 0.88117802 -0.30846186
vn -0.10651590 0.80669726 -0.58128641
vn -0.12612915 0.73527195 -0.66593288
vn 0.30073755 0.09802829 -0.94865556
vn 0.18189353 0.30253963 -0.93561985
vn 0.32325450 0.22551888 -0.91904720
vn 0.12968436 0.49290617 -0.86036357
vn 0.35184906 0.38667346 -0.85245872
vn 0.16896974 0.61518676 -0.77006135
vn 0.36752063 0.53288891 -0.76220601
vn 0.18236635 0.72328993 -0.66602868
vn 0.37746700 0.68579734 -0.62225451
vn 0.19947718 0.82829174 -0.52358537
vn 0.33932903 0.85894140 -0.38350421
vn 0.18527074 0.94672580 -0.26341033
vn 0.05071205 0.46810310 -0.88221753
vn -0.12862695 0.66463552 -0.73601273
vn -0.37724601 0.83254261 -0.40565781
vn 0.90839992 0.11274273 -0.40261477
vn 0.81599783 0.08619620 -0.57159229
vn 0.80112578 0.31964260 -0.50599021
vn 0.57135612 0.09244151 -0.81547946
vn 0.42255772 0.07302099 -0.90338968
vn 0.62008002 0.33801045 -0.70798990
vn 0.46973775 0.30543740 -0.82828404
vn 0.58449845 0.61534629 -0.52887665
vn 0.46898116 0.62632377 -0.62271600
vn 0.46530467 0.83819023 -0.28447968
vn 0.40007303 0.85813449 -0.32178684
vn 0.52819514 0.82513391 -0.20040939
vn 0.70768188 0.60007096 -0.37296272
vn 0.71356160 0.11508951 -0.69107470
vn 0.96620233 0.08301237 -0.24405329
vn 0.91917199 0.31224841 -0.24004953
vn 0.78519289 0.58750098 -0.19574147
vn 0.56454125 0.81869799 -0.10500846
vn 0.99432700 -0.08885517 0.05846856
vn 0.99471842 -0.08869661 -0.05165443
vn -0.52414378 0.17141350 0.83420064
vn -0.65713486 0.23562872 0.71599782
vn -0.76427610 0.28208744 0.57992131
vn -0.87076482 0.33965314 0.35553392
vn -0.91965097 0.38008307 0.09888864
vn -0.91135348 0.40617157 0.06677943
vn -0.90579483 0.42088579 0.04889654
vn -0.85881058 0.44521185 0.25343796
vn -0.82845868 0.52043980 0.20687829
vn -0.72902845 0.44373713 0.52116685
vn -0.65951218 0.62608481 0.41600660
vn -0.52149976 0.40844550 0.74913969
vn -0.42745336 0.67671195 0.59945356
vn -0.17982666 0.96770236 0.17667628
vn -0.32233289 0.86198976 0.39124821
vn -0.57636675 0.77854383 0.24833623
vn -0.24371061 0.96734113 0.06968699
vn -0.89997350 0.43498849 0.02885683
vn -0.87943059 0.47579898 0.01473681
vn -0.79505169 0.59532232 0.11612128
vn -0.71488077 0.69749682 0.04943343
vn -0.49989015 0.86337788 0.06847252
vn -0.25624627 0.96452421 -0.06348928
vn -0.50578159 0.86183829 -0.03767949
vn -0.71094748 0.70291999 -0.02138145
vn -0.87610870 0.48207150 -0.00637316
vn -0.89203075 0.45115647 -0.02718420
vn -0.89733648 0.43952728 -0.04003768
vn -0.78057340 0.61642330 -0.10357355
vn -0.78955406 0.59070631 -0.16634432
vn -0.53768914 0.82546194 -0.17176429
vn -0.57339930 0.74952692 -0.33079095
vn -0.23182343 0.94057371 -0.24815114
vn -0.29189246 0.83783356 -0.46133904
vn -0.43946991 0.34163909 -0.83075203
vn -0.41208998 0.16642822 -0.89581443
vn -0.91396137 0.39936415 -0.07199234
vn -0.91495827 0.38989755 -0.10407337
vn -0.85486656 0.42293508 -0.30054797
vn -0.84261651 0.35979163 -0.40068366
vn -0.68560702 0.40177136 -0.60706078
vn -0.70450426 0.28789439 -0.64868372
vn -0.58481417 0.22431683 -0.77953470
vn -0.90795454 0.41411708 -0.06423085
vn -0.83010617 0.48689599 -0.27176467
vn -0.64425840 0.54222101 -0.53937694
vn -0.38979847 0.53802291 -0.74738779
vn -0.90250018 0.42730933 -0.05385320
vn -0.80979926 0.54099174 -0.22705306
vn -0.60622918 0.65634188 -0.44911191
vn -0.34128845 0.70269773 -0.62429007
vn 0.19554929 0.09301961 0.97627241
vn 0.18201803 0.08971851 0.97919356
vn 0.22540113 0.37200607 0.90044757
vn 0.17196030 0.36973488 0.91308585
vn 0.23457498 0.69541508 0.67924403
vn 0.13454773 0.70943160 0.69181191
vn 0.20699398 0.91215399 0.35373521
vn 0.08209568 0.93658311 0.34069397
vn 0.16463781 0.08970276 0.98226667
vn 0.14730132 0.08662162 0.98529134
vn 0.10024604 0.37131532 0.92307945
vn 0.02915595 0.35493882 0.93443478
vn -0.00362881 0.70747455 0.70672951
vn -0.14083581 0.67684695 0.72252577
vn -0.10878590 0.92372799 0.36727678
vn -0.28497778 0.87905636 0.38216173
vn -0.41012736 0.82210309 0.39489499
vn -0.24160087 0.63927459 0.73003905
vn -0.03096773 0.34738879 0.93720970
vn 0.13115205 0.08821738 0.98742941
vn 0.19236831 0.10248632 0.97595645
vn 0.21049515 0.38802786 0.89728823
vn 0.20867813 0.70862479 0.67402103
vn 0.18080945 0.89061838 0.41726111
vn 0.18061527 0.95131492 0.24975597
vn -0.06846801 0.91509780 0.39737658
vn -0.51638103 0.76335323 0.38812688
vn -0.64681840 0.65166428 0.39618131
vn -0.43053484 0.51959177 0.73801365
vn -0.49420416 0.40895474 0.76714944
vn -0.79674510 0.51585329 0.31478982
vn -0.77449263 0.40522027 0.48575478
vn -0.85550686 0.43942508 0.27388612
vn -0.41571237 0.89037632 0.18550803
vn 0.02313524 0.72824193 0.68492952
vn -0.19638668 0.67250628 0.71355979
vn 0.13138719 0.13332578 0.98232461
vn 0.11231593 0.40306757 0.90825199
vn 0.13262025 0.09806906 0.98630337
vn -0.02155041 0.37201343 0.92797715
vn 0.10483847 0.08481087 0.99086629
vn 0.17221347 0.10475447 0.97947385
vn 0.08178749 0.05388287 0.99519216
vn -0.13151427 0.27864717 0.95134628
vn -0.20835596 0.19061755 0.95929805
vn -0.56312878 0.33230003 0.75661263
vn -0.12068900 0.97554260 0.18371390
vn -0.29014504 0.57743690 0.76313988
vn -0.32946568 0.85344709 0.40383218
vn -0.13122673 0.06521928 0.98920473
vn 0.06326346 -0.02856582 0.99758795
vn -0.31587518 0.15346207 0.93630778
vn -0.59139958 0.26178962 0.76270095
vn -0.83198384 0.35009059 0.43039455
vn -0.91682740 0.38315318 0.11234391
vn 0.23789045 -0.08934500 0.96717403
vn 0.37028595 -0.08829851 0.92471168
vn 0.51735047 -0.13134965 0.84563335
vn 0.64044855 -0.09432849 0.76218620
vn 0.77059661 -0.18420352 0.61012288
vn 0.85405643 -0.10035705 0.51040775
vn 0.93153516 -0.11578410 0.34472640
vn 0.97693911 -0.08662966 0.19515451
vn 0.85477553 -0.51690912 -0.04651607
vn 0.70985913 -0.70336872 -0.03704672
vn 0.69474241 -0.69900197 -0.16949697
vn 0.52087837 -0.85310100 -0.03007333
vn 0.30478956 -0.95228364 -0.01609937
vn 0.36068135 -0.92834000 -0.08996565
vn 0.20553480 -0.85344824 -0.47893793
vn 0.27678078 -0.70356590 -0.65451312
vn 0.39662705 -0.69842631 -0.59572449
vn 0.95190502 -0.30245960 -0.04893895
vn 0.91000017 -0.36144426 -0.20312002
vn 0.97633939 -0.08757592 -0.19771661
vn 0.92877264 -0.11469670 -0.35245716
vn 0.81996047 -0.36897762 -0.43763037
vn 0.86399773 -0.08911705 -0.49554623
vn 0.68872782 -0.36776606 -0.62482167
vn 0.75977720 -0.09017185 -0.64390034
vn 0.51048843 -0.35381108 -0.78372143
vn 0.52586549 -0.09400369 -0.84535720
vn 0.63574074 -0.13732036 -0.75958991
vn 0.38783003 -0.08617226 -0.91769396
vn 0.37138870 -0.30133914 -0.87821703
vn 0.33516186 -0.51789844 -0.78705002
vn 0.05094064 -0.99556560 -0.07908345
vn 0.03546382 -0.99588103 -0.08344632
vn 0.11871641 -0.95240136 -0.28078116
vn 0.20752232 -0.92835483 -0.30836957
vn 0.27735874 -0.92599446 -0.25613745
vn 0.06974494 -0.99547979 -0.06446418
vn 0.33554221 -0.92593114 -0.17338672
vn 0.08461703 -0.99545238 -0.04375530
vn 0.09176504 -0.99556164 -0.02088529
vn 0.09068580 -0.99586730 -0.00494080
vn 0.63585249 -0.69843595 -0.32844913
vn 0.52625581 -0.69772306 -0.48604254
vn 0.09107227 -0.99582826 0.00564975
vn 0.30525569 -0.95209551 0.01825107
vn 0.52119584 -0.85279591 0.03307620
vn 0.70999769 -0.70295189 0.04197524
vn 0.85469019 -0.51653720 0.05190376
vn 0.95166474 -0.30205471 0.05565227
vn 0.20718073 -0.51652033 0.83083265
vn 0.17090596 -0.70357270 0.68976561
vn 0.31220436 -0.69829105 0.64414133
vn 0.12761234 -0.85310063 0.50589961
vn 0.07361587 -0.95206025 0.29692085
vn 0.16481463 -0.92728931 0.33611110
vn 0.69061748 -0.69795537 0.18948827
vn 0.90248932 -0.36779703 0.22413918
vn 0.60861965 -0.36832259 0.70279484
vn 0.22838026 -0.30139173 0.92574590
vn 0.38865934 -0.36693575 0.84516393
vn 0.79452054 -0.36308526 0.48673012
vn 0.09186382 -0.99548399 0.02393023
vn 0.36020452 -0.92743709 0.10056412
vn 0.32549115 -0.92505794 0.19576342
vn 0.08212535 -0.99539821 0.04937439
vn 0.25169432 -0.92505125 0.28448225
vn 0.06371686 -0.99536746 0.07199844
vn 0.04026494 -0.99547331 0.08609076
vn 0.02207409 -0.99583995 0.08840543
vn 0.47506619 -0.69705219 0.53705713
vn 0.61505877 -0.69629760 0.36996266
vn 0.17779034 -0.13200299 0.97517476
vn 0.15277749 -0.44453462 0.88263696
vn 0.11515605 -0.70607380 0.69871230
vn 0.06757453 -0.89706374 0.43670393
vn 0.00756356 -0.99189901 0.12680360
vn -0.43696733 0.88417121 -0.16522958
vn -0.17109963 0.92638756 -0.33545641
vn -0.01541025 0.96912627 -0.24608290
vn 0.13151345 0.74198335 -0.65739252
vn 0.09206372 0.96667699 -0.23887206
vn -0.43093744 0.38073910 -0.81812631
vn -0.48965694 0.64093282 -0.59113551
vn -0.30164123 0.53566818 -0.78871552
vn -0.26005774 0.79381367 -0.54975434
vn -0.10882385 0.65416517 -0.74848200
vn 0.03284928 0.71514325 -0.69820559
vn -0.36761818 0.85743400 -0.36008861
vn -0.61094736 0.68753636 -0.39247557
vn -0.70558900 0.67751932 -0.20763365
vn -0.85036402 0.48367146 -0.20722682
vn -0.76572301 0.48114993 -0.42680560
vn -0.63837899 0.45275025 -0.62248653
vn 0.25407711 0.07682849 -0.96412769
vn 0.23715066 0.05958005 -0.96964415
vn -0.00577228 0.31554979 -0.94889146
vn -0.08161146 0.22716468 -0.97043072
vn 0.34915850 0.10245034 -0.93144633
vn 0.26111738 0.40274690 -0.87727570
vn 0.36187373 0.38428229 -0.84933770
vn 0.25982194 0.71262408 -0.65165902
vn 0.33799619 0.70375482 -0.62489018
vn 0.26553170 0.91068412 -0.31646066
vn 0.32978653 0.10962103 -0.93766949
vn 0.30398914 0.11763863 -0.94538445
vn 0.11797302 0.37778370 -0.91834734
vn 0.28862279 0.09942901 -0.95226612
vn 0.26094495 0.12280092 -0.95751118
vn 0.35242191 0.09385176 -0.93112332
vn 0.36801017 0.37217171 -0.85208963
vn 0.33963635 0.69766843 -0.63079784
vn 0.25964973 0.91423326 -0.31106201
vn -0.23459847 0.90428307 -0.35670113
vn -0.36581116 0.84436800 -0.39143949
vn -0.02809185 0.70321166 -0.71042537
vn -0.13307829 0.67167897 -0.72879183
vn 0.18025351 0.37089464 -0.91101363
vn 0.11661559 0.36757861 -0.92265203
vn 0.30739454 0.09024453 -0.94729326
vn 0.29004842 0.09269987 -0.95251176
vn 0.32380371 0.09378777 -0.94146429
vn 0.25016581 0.38255317 -0.88942124
vn 0.10905584 0.72507701 -0.67997805
vn -0.05946309 0.91763832 -0.39294281
vn 0.34021584 0.09318020 -0.93571931
vn 0.31915741 0.37826011 -0.86894064
vn 0.24297541 0.71992050 -0.65013647
vn 0.11743812 0.93868421 -0.32416082
vn 0.33770757 -0.12981288 -0.93225652
vn 0.30006636 -0.44400273 -0.84428772
vn 0.22715990 -0.70814116 -0.66853158
vn 0.13371450 -0.89674267 -0.42186848
vn 0.02557294 -0.99184209 -0.12488115
vn 0.22826001 0.00021823 -0.97360019
vn -0.09111427 0.15843283 -0.98315677
vn -0.51345082 0.30547506 -0.80190601
vn -0.79996481 0.37858657 -0.46554110
vn -0.91269134 0.39076019 -0.11958675
vn -0.92692766 0.35562153 -0.11974320
vn -0.96045531 0.27593133 0.03724927
vn -0.95466184 0.28814828 0.07477522
vn -0.93984637 0.32700333 0.09878067
vn -0.96165020 0.27422293 0.00553781
vn -0.96100240 0.27636759 -0.00976443
vn -0.95743295 0.28323409 -0.05568291
vn -0.94401494 0.31356804 -0.10252261
vn -0.93025328 0.35026981 0.10926985
vn 0.17168850 -0.08914051 0.98111010
vn 0.17778181 -0.09878482 0.97909917
vn -0.05956226 -0.63635121 0.76909653
vn -0.02427069 -0.49414062 0.86904314
vn -0.26560355 -0.34409329 0.90058568
vn 0.00718898 -0.36083681 0.93260126
vn 0.03925379 -0.20294019 0.97840402
vn -0.19482896 -0.10058805 0.97566578
vn -0.93344080 0.07931105 0.34985429
vn -0.96078217 -0.01323306 0.27698830
vn -0.79306776 -0.37581212 0.47938375
vn -0.50451634 -0.20821535 0.83791983
vn -0.44355341 0.02031719 0.89601763
vn -0.71843952 -0.04842471 0.69390180
vn -0.66104803 0.13190915 0.73865789
vn -0.86052274 0.27441031 0.42918481
vn -0.13340629 -0.84235864 0.52214431
vn -0.10373132 -0.74853557 0.65493077
vn -0.31817486 -0.61545585 0.72109559
vn -0.50299410 -0.62415749 0.59784978
vn -0.89586454 0.17007854 0.41048753
vn -0.77424485 -0.21136715 0.59654743
vn -0.57165443 -0.41024110 0.71057262
vn -0.32305641 -0.54873413 0.77105474
vn -0.82038321 -0.44571065 0.35820860
vn -0.85676062 -0.50045088 0.12453980
vn -0.84050241 -0.48357719 0.24435384
vn -0.98989911 -0.04285965 0.13513994
vn -0.17071204 -0.92656012 0.33517718
vn -0.43753548 -0.77679329 0.45294027
vn -0.50238550 -0.81160627 0.29816784
vn -0.21108147 -0.96398513 0.16179392
vn -0.52383867 -0.83775150 0.15416058
vn -0.24265294 -0.96923300 0.04131516
vn -0.56483717 -0.82438563 0.03670562
vn -0.99723547 -0.06783594 0.03032666
vn -0.86847116 -0.49492406 0.02842563
vn 0.14651225 -0.37809924 0.91409798
vn 0.12715019 -0.36814055 0.92103494
vn 0.07887515 -0.71083905 0.69891814
vn 0.04396886 -0.71220410 0.70059408
vn 0.00416007 -0.92914928 0.36968137
vn -0.04544835 -0.93172459 0.36031060
vn -0.05216505 -0.99430915 0.09288773
vn -0.10363336 -0.99083053 0.08668909
vn 0.33375763 -0.09714724 -0.93763973
vn 0.29056336 -0.38206072 -0.87726994
vn 0.19180026 -0.71657165 -0.67062488
vn 0.06794638 -0.93263222 -0.35437329
vn -0.03523442 -0.99515098 -0.09183172
vn 0.32978374 -0.09233245 -0.93953042
vn 0.27613940 -0.37421209 -0.88527529
vn 0.15892747 -0.72008583 -0.67543946
vn 0.01455061 -0.93788237 -0.34664816
vn -0.08950456 -0.99244429 -0.08392419
vn -0.56242539 -0.55359406 -0.61417529
vn -0.75398301 -0.36211664 -0.54807040
vn -0.72364864 -0.22088848 -0.65386614
vn -0.17250473 -0.95737583 -0.23167571
vn -0.23779451 -0.96856892 -0.07299322
vn -0.44315443 -0.89396270 -0.06666969
vn -0.90995720 0.07441028 -0.40797181
vn -0.99708361 -0.07139923 -0.02695213
vn -0.99473637 -0.05383948 -0.08718292
vn -0.86002142 -0.48587251 -0.15585592
vn -0.01073926 -0.78713490 -0.61668737
vn -0.09386043 -0.89767553 -0.43054485
vn -0.36252216 -0.82042183 -0.44213764
vn -0.43173553 -0.87567235 -0.21633857
vn -0.62777064 -0.65582645 -0.41927997
vn -0.69260154 -0.69656872 -0.18733691
vn -0.80059084 -0.47141897 -0.36988979
vn -0.92497627 -0.25908822 -0.27801475
vn -0.98370897 0.01781101 -0.17888387
vn -0.49898138 -0.40319313 -0.76710682
vn -0.31575998 -0.50870918 -0.80094357
vn -0.28761973 -0.71110645 -0.64156256
vn -0.13951546 -0.58408518 -0.79961237
vn 0.06155819 -0.64070337 -0.76531679
vn -0.85645055 -0.17061351 -0.48722017
vn -0.96223567 0.06619580 -0.26404664
vn -0.62753481 -0.77615007 -0.06157207
vn -0.86849319 -0.49376695 -0.04374678
vn -0.67051653 -0.08025883 -0.73754058
vn -0.82895550 0.32304940 -0.45658720
vn 0.17101764 -0.32498759 -0.93012689
vn 0.12315793 -0.48761490 -0.86432855
vn -0.15477560 -0.38287163 -0.91074356
vn 0.21241979 -0.14908205 -0.96573929
vn -0.10545125 -0.20483638 -0.97309922
vn -0.37373187 -0.08260017 -0.92385156
vn -0.42993146 -0.24434810 -0.86916796
vn -0.62079032 0.05591139 -0.78198037
vn -0.88946149 0.16683913 -0.42546794
vn -0.85647137 0.23973446 -0.45714787
vn -0.57562200 0.19881360 -0.79317871
vn -0.32614585 0.09985154 -0.94003115
vn -0.05439220 -0.02538768 -0.99819685
vn -0.02302953 0.99938947 -0.02627413
vn -0.03566089 0.99933734 -0.00729214
vn -0.12340311 0.99191727 -0.02952619
vn -0.03576394 0.99933331 -0.00734010
vn -0.03506829 0.99935066 -0.00827531
vn -0.21841193 0.97448157 -0.05178715
vn -0.54196040 0.82994511 -0.13217426
vn -0.23048209 0.96798496 -0.09941388
vn -0.08052479 0.99638327 -0.02713203
vn -0.29963753 0.95148066 -0.07001357
vn -0.48271167 0.86700155 -0.12368413
vn -0.44238524 0.88231063 -0.16069613
vn -0.08448385 0.99617613 -0.02226215
vn -0.09270120 0.99563437 -0.01089442
vn -0.36662140 0.92835442 -0.06121122
vn -0.09702178 0.99528191 -0.00083811
vn -0.39215443 0.91989686 0.00215839
vn -0.09221794 0.99564026 0.01401125
vn -0.36783212 0.92834853 0.05355866
vn -0.08379508 0.99618998 0.02416437
vn -0.35365340 0.93243318 0.07414613
vn -0.56910319 0.82195419 0.02264671
vn -0.56427050 0.82439482 -0.04440704
vn -0.53079091 0.83955207 -0.11581594
vn -0.54302552 0.83607351 0.07813050
vn -0.50932192 0.84483195 0.16386016
vn -0.41432722 0.89436355 0.16866177
vn -0.17917174 0.98315117 0.03621131
vn -0.03498903 0.99935780 0.00773019
vn -0.02209411 0.99948603 0.02322756
vn -0.15153434 0.98822143 0.02134808
vn -0.31916305 0.93501740 0.15452314
vn -0.23142475 0.97005332 0.07375048
vn -0.05148957 0.99854019 0.01631936
vn -0.07167033 0.99699555 0.02938097
vn -0.03534919 0.96924480 0.24354663
vn -0.00121734 0.94125935 0.33768233
vn -0.23592668 0.91553071 0.32579460
vn -0.35080414 0.87603553 0.33090514
vn -0.24992150 0.87563177 0.41328955
vn -0.14975299 0.79823005 0.58344052
vn -0.02460188 0.86632842 0.49886853
vn -0.20562734 0.93693807 0.28260299
vn -0.04493674 0.91529071 0.40027941
vn -0.39899420 0.89411785 0.20336397
vn -0.38670732 0.92217313 0.00735983
vn -0.42156455 0.87581828 -0.23500144
vn -0.27416767 0.90606063 -0.32231386
vn -0.07481492 0.97707991 0.19929268
vn -0.09817167 0.99516944 0.00034272
vn -0.00862795 0.86956810 -0.49373767
vn -0.08279214 0.89488371 -0.43855286
vn -0.20618532 0.92861641 -0.30847881
vn -0.07376402 0.97724008 -0.19889872
vn -0.05450302 0.91106390 -0.40864653
vn -0.24566614 0.95051716 -0.19017170
vn -0.17289107 0.96383606 -0.20280218
vn -0.04323581 0.96062320 -0.27446991
vn 0.03797052 0.99927293 0.00344381
vn 0.07773970 0.99411024 0.07550745
vn 0.04531306 0.99805859 0.04272916
vn 0.05370253 0.99385659 -0.09677354
vn 0.07707907 0.99420873 -0.07488539
vn 0.04494955 0.99878425 -0.02023779
vn 0.40098744 0.91590294 0.01819015
vn 0.37619527 0.92201115 0.09150167
vn 0.36787935 0.92277095 0.11471080
vn 0.25703843 0.89131165 0.37349001
vn 0.28550578 0.90641455 0.31128623
vn 0.17889843 0.84141692 0.50991462
vn 0.04970288 0.70026027 0.71215530
vn 0.06751403 0.73881062 0.67052272
vn -0.11441575 0.46584620 0.87743738
vn -0.04612262 0.59965061 0.79893169
vn -0.28388637 0.15792337 0.94576357
vn -0.25902515 0.24624532 0.93395354
vn -0.21999149 0.28079655 0.93421466
vn -0.21378885 0.32187592 0.92232869
vn -0.13437318 0.46267144 0.87628705
vn -0.28063422 0.07895071 0.95656219
vn -0.19560243 0.25252523 0.94761316
vn -0.14567449 0.35529084 0.92333491
vn 0.07695295 0.65993026 0.74737560
vn -0.06464088 0.50760379 0.85916235
vn 0.15795758 0.78685643 0.59657889
vn 0.32377426 0.89822907 0.29724529
vn 0.42577722 0.90019567 0.09144127
vn 0.53228971 0.72164043 -0.44260903
vn 0.52875637 0.58276981 -0.61708674
vn 0.63132538 0.47505118 -0.61298829
vn 0.38794157 0.02757694 -0.92127132
vn 0.40294429 0.01819433 -0.91504364
vn 0.58062491 0.08077272 -0.81015461
vn 0.42895415 0.00914973 -0.90327992
vn 0.64350903 0.02894744 -0.76489095
vn 0.39571190 0.03834481 -0.91757385
vn 0.55467885 0.16426721 -0.81568845
vn 0.38706104 0.04541241 -0.92093510
vn 0.50760700 0.23119594 -0.82999010
vn 0.38799532 0.06128460 -0.91962157
vn 0.47772897 0.36009610 -0.80131506
vn 0.38643637 0.10160424 -0.91670252
vn 0.81531575 0.04069513 -0.57758474
vn 0.93226781 0.05342232 -0.35780271
vn 0.92017815 0.24144300 -0.30818410
vn 0.79097657 0.16697425 -0.58862184
vn 0.85162509 0.51939463 -0.07045520
vn 0.95905499 0.27085025 -0.08278693
vn 0.99226186 0.06868506 -0.10343481
vn 0.74849783 0.66302135 -0.01239745
vn 0.67768016 0.66419823 -0.31557932
vn 0.82797270 0.46269666 -0.31681700
vn 0.63808571 0.76533720 -0.08429475
vn 0.49187900 0.86793672 -0.06885419
vn 0.51793247 0.81365676 -0.26402393
vn 0.72997539 0.33064227 -0.59817358
vn -0.28481729 0.08261360 0.95501524
vn -0.16055606 0.08961427 0.98295017
vn 0.01091869 0.08820752 0.99604228
vn 0.09453067 0.36521409 0.92611156
vn 0.16407152 0.09511804 0.98185187
vn 0.31791135 0.08443320 0.94435343
vn 0.38231749 0.34311851 0.85796447
vn -0.21839711 0.26003967 0.94057539
vn 0.29647270 0.94971773 0.10069838
vn 0.27562944 0.95614162 0.09910402
vn 0.24802516 0.88789644 0.38745766
vn 0.30020380 0.94922369 0.09408544
vn -0.05731945 0.37713006 0.92438488
vn 0.17888278 0.67923291 0.71178902
vn 0.42875902 0.63637251 0.64124546
vn 0.42275084 0.84318381 0.33214875
vn 0.37857555 0.92218649 0.07907350
vn 0.25867131 0.96126863 0.09514083
vn 0.16228416 0.91094593 0.37926423
vn 0.00098535 0.70475836 0.70944675
vn -0.15203586 0.44788483 0.88106996
vn 0.39704243 0.71491691 0.57554420
vn 0.16707936 0.79045699 0.58928960
vn 0.24595398 0.88050379 0.40524032
vn 0.99662063 0.07005673 0.04288794
vn 0.99651452 0.06393920 0.05357785
vn 0.95483547 0.23273786 0.18472226
vn 0.94861114 0.28367906 0.14022514
vn 0.99690811 0.07185015 0.03180852
vn 0.99716422 0.07281631 0.01900790
vn 0.95240512 0.29774829 0.06534861
vn 0.99722140 0.07415291 0.00712931
vn 0.96886240 0.24723594 0.01341761
vn 0.99714531 0.07548488 0.00180720
vn 0.76256755 0.57491664 0.29658318
vn 0.79136509 0.59768822 0.12849159
vn 0.85183435 0.41758947 0.31622345
vn 0.74171637 0.52746033 0.41429751
vn 0.60943817 0.59944115 0.51889828
vn 0.48648208 0.77481442 0.40372985
vn 0.53185899 0.84626969 0.03088100
vn 0.65484355 0.75574142 0.00590128
vn 0.80935839 0.58655702 0.02983041
vn 0.90341751 0.42842796 0.01692010
vn 0.53290387 0.82626010 0.18250401
vn 0.32096204 0.92941913 0.18210834
vn 0.10196030 0.68186174 0.72434016
vn 0.33813100 0.63494553 0.69463055
vn 0.55308811 0.56296429 0.61413741
vn 0.74009694 0.45759809 0.49280880
vn 0.92664464 0.26140040 0.27018426
vn 0.99571325 0.06370561 0.06705753
vn 0.36203616 0.93155562 0.03367411
vn 0.99410244 0.09229419 0.05693957
vn 0.93727184 0.25573628 0.23689755
vn 0.75384089 0.46338394 0.46583176
vn 0.70239139 0.48872840 0.51748516
vn 0.61237928 0.51404010 0.60062833
vn 0.45982540 0.60269343 0.65216656
vn 0.30889708 0.65356799 0.69096416
vn 0.09753421 0.68306621 0.72381464
vn 0.55166674 0.83124562 0.06851662
vn 0.72652778 0.68567000 -0.04487808
vn 0.83851784 0.54460014 0.01727769
vn 0.94578227 0.32460801 0.01120453
vn 0.99630215 0.08590293 0.00164690
vn 0.49930832 0.85163355 0.15940985
vn 0.42536845 0.90459907 0.02760817
vn 0.46393105 0.88236072 0.07878795
vn 0.60717350 0.74647838 0.27223219
vn 0.69121653 0.57497310 0.43775066
vn 0.61932317 0.67290966 0.40451377
vn 0.72474972 0.35447933 0.59083183
vn 0.68251985 0.37083860 0.62979790
vn 0.65983013 0.12026066 0.74172877
vn 0.71197724 0.10504983 0.69430033
vn 0.63667060 0.01304653 0.77102551
vn 0.62795608 -0.04750736 0.77679741
vn 0.67784701 -0.08950776 0.72973405
vn 0.60373600 -0.19578211 0.77276918
vn 0.60303633 -0.37991956 0.70143304
vn 0.54354453 -0.39781848 0.73912096
vn 0.45848052 -0.58199000 0.67162731
vn 0.40424406 -0.73636686 0.54254086
vn 0.32747393 -0.76383993 0.55615590
vn 0.13291287 -0.95186364 0.27620605
vn 0.13142079 -0.92998122 0.34331254
vn -0.07058416 -0.99528749 0.06648832
vn -0.07660668 -0.99282994 0.09176126
vn 0.63303599 -0.37007597 0.67993324
vn 0.54982477 -0.60046034 0.58063766
vn 0.40936607 -0.76868909 0.49146364
vn 0.69476028 -0.07103689 0.71572475
vn 0.12904626 -0.95264984 0.27532772
vn -0.06814627 -0.99467308 0.07734052
vn -0.56509960 0.32164417 -0.75974172
vn -0.61738162 0.28516054 -0.73315987
vn -0.51369238 0.44647372 -0.73265364
vn -0.38935931 0.30894540 -0.86772811
vn -0.47148804 0.33204147 -0.81697459
vn -0.36881250 0.31921868 -0.87297009
vn -0.38120200 0.50800094 -0.77241186
vn -0.03290337 0.78536625 -0.61815631
vn -0.15262491 0.64742126 -0.74669361
vn -0.26203708 0.48491799 -0.83438067
vn -0.11454331 0.79155555 -0.60026631
vn 0.16582591 0.93235572 -0.32127026
vn 0.15506820 0.90906832 -0.38671521
vn 0.35153211 0.93215576 -0.08666501
vn 0.34087914 0.93315906 -0.11408583
vn 0.34205617 0.93636830 -0.07881612
vn 0.12240938 0.94202149 -0.31242831
vn -0.15663641 0.82074389 -0.54940376
vn -0.35064231 0.65120757 -0.67303690
vn -0.10762457 0.78152671 -0.61451848
vn -0.17370367 0.78095103 -0.59995210
vn -0.37116441 0.49465998 -0.78584253
vn 0.23230423 0.96981957 -0.07405902
vn 0.21515116 0.97331918 -0.07974804
vn 0.03682591 0.95289497 -0.30105652
vn -0.02445436 0.94811929 -0.31697285
vn -0.31671555 0.75895761 -0.56892408
vn -0.25178679 0.53235438 -0.80820927
vn -0.04302599 0.79061604 -0.61079869
vn 0.12760603 0.93349851 -0.33510780
vn 0.09784254 0.94068867 -0.32485637
vn 0.06797294 0.94443444 -0.32159488
vn -0.22539469 0.79442765 -0.56398753
vn -0.45994972 0.49491300 -0.73722953
vn -0.54984263 0.43282484 -0.71437786
vn 0.24146287 0.96724183 -0.07835130
vn 0.24968031 0.96450863 -0.08592343
vn 0.33800551 0.93796857 -0.07724787
vn 0.10292257 0.94386790 -0.31387948
vn -0.20526897 0.80225391 -0.56058301
vn -0.41715892 0.60036145 -0.68230827
vn -0.57706685 0.35439624 -0.73579695
vn -0.65221171 0.20670344 -0.72931034
vn 0.46778114 0.88244389 0.04973520
vn 0.57286205 0.80393795 0.15972741
vn 0.66316205 0.68816264 0.29436081
vn 0.71883448 0.55328708 0.42089239
vn 0.75221348 0.33521616 0.56727859
vn 0.73024603 0.09376992 0.67671850
vn 0.25762808 0.88903926 -0.37846659
vn 0.23912075 0.78103173 -0.57689748
vn 0.49881930 0.70828987 -0.49950452
vn 0.94801523 0.28623005 -0.13906649
vn 0.99714739 0.07081544 -0.02611998
vn 0.95367329 0.29052231 -0.07812834
vn 0.99723735 0.07340066 -0.01140210
vn 0.97648361 0.21236686 -0.03714938
vn 0.99717297 0.07509662 -0.00256119
vn 0.94674622 0.26215560 -0.18693861
vn 0.96054652 0.20856500 -0.18398646
vn 0.99689111 0.06677986 -0.04181576
vn 0.99670799 0.06193694 -0.05231630
vn 0.99622641 0.04850201 -0.07197569
vn 0.95912685 0.14200573 -0.24476532
vn 0.99610942 0.04355390 -0.07660999
vn 0.95206537 0.13173753 -0.27607383
vn 0.99597884 0.03644294 -0.08184167
vn 0.87977609 0.21330258 -0.42484826
vn 0.85558706 0.30371729 -0.41919756
vn 0.95373471 0.18976757 -0.23319173
vn 0.99656397 0.05339259 -0.06332050
vn 0.96850731 0.24882334 -0.00897444
vn 0.90760024 0.41923272 -0.02248866
vn 0.79909029 0.57895209 -0.16207771
vn 0.30978053 0.91892586 -0.24415422
vn 0.78319218 0.50959120 -0.35626790
vn 0.54642814 0.80201217 -0.24123177
vn 0.60601260 0.50005458 -0.61862278
vn 0.40785838 0.57429396 -0.70981546
vn 0.32825813 0.41849044 -0.84682486
vn 0.17052213 0.62581332 -0.76110439
vn 0.10065335 0.46050705 -0.88193093
vn 0.47638676 0.38092955 -0.79243191
vn 0.58172827 0.36216405 -0.72830586
vn 0.75237215 0.40669641 -0.51820284
vn 0.71078708 0.31146475 -0.63069124
vn 0.81937167 0.25562784 -0.51311254
vn 0.36093196 0.93067637 -0.05974628
vn 0.51913634 0.85226206 -0.06439602
vn 0.66654549 0.74376486 -0.05030850
vn 0.80560503 0.59080694 -0.04413278
vn -0.66850264 0.10224594 -0.73664781
vn -0.55871776 0.41217114 -0.71968702
vn -0.32100862 0.75115606 -0.57681716
vn -0.09599304 0.91469115 -0.39258813
vn 0.07014711 0.96807267 -0.24065469
vn 0.21631724 0.97288566 -0.08185565
vn 0.72734772 0.05507126 0.68405588
vn 0.72908707 0.03769459 0.68338215
vn 0.76706141 0.03359390 0.64069357
vn 0.68126857 0.00109669 0.73203274
vn 0.76147123 0.04792249 0.64642479
vn 0.75531581 0.07456680 0.65110508
vn 0.77205208 0.00237980 0.63555482
vn 0.76681530 0.05181366 0.63977311
vn 0.71132662 0.05694945 0.70055064
vn 0.70728771 0.04180142 0.70568884
vn 0.70309072 0.03493940 0.71024129
vn 0.69591242 0.02658849 0.71763428
vn 0.76556119 0.01327393 0.64322615
vn 0.67926693 0.00849500 0.73384213
vn 0.68105854 0.02262263 0.73187942
vn 0.99508628 0.07404250 -0.06573436
vn 0.95863076 0.15131160 -0.24110550
vn 0.86330620 0.25846108 -0.43347466
vn 0.81453090 0.30781952 -0.49171796
vn 0.75082076 0.31397404 -0.58110970
vn 0.60318139 0.33570992 -0.72351300
vn 0.50385157 0.34034551 -0.79391343
vn 0.03737940 0.45035707 -0.89206574
vn 0.14732623 0.44205927 -0.88480426
vn 0.30444254 0.41494572 -0.85740002
vn 0.43481085 0.38550763 -0.81383253
vn 0.00184993 0.87577527 -0.48271550
vn 0.02643169 0.93513114 -0.35331447
vn 0.03943151 0.98339501 0.17714235
vn 0.02165568 0.91992640 0.39149260
vn 0.00692371 0.87456594 0.48485717
vn 0.95026066 0.15885320 0.26789985
vn 0.83669321 0.41865772 0.35308667
vn 0.98337136 0.11026883 0.14429677
vn 0.96455880 0.24663430 0.09379679
vn 0.98594355 0.05552738 0.15758183
vn 0.99885886 0.04172810 0.02323253
vn 0.03866489 0.84904722 0.52690023
vn 0.10072529 0.90615447 0.41077791
vn 0.11253055 0.80460172 0.58305484
vn 0.21187798 0.88676673 0.41079495
vn 0.16163830 0.72913783 0.66500457
vn 0.31810569 0.82289823 0.47079430
vn 0.21371307 0.62350451 0.75204312
vn 0.42536063 0.72324320 0.54404743
vn 0.82419461 0.32752895 0.46198271
vn 0.53791230 0.57607505 0.61545747
vn 0.86229342 0.26342364 0.43250208
vn 0.91983512 0.25062427 0.30181256
vn 0.15821747 0.96980923 0.18557286
vn 0.45030339 0.89034438 0.06718441
vn 0.61901780 0.78269031 0.06490646
vn 0.58625180 0.75961488 0.28159203
vn 0.70902835 0.70141248 0.07279645
vn 0.72743366 0.59941006 0.33398781
vn 0.79714496 0.59929427 0.07352748
vn 0.90937477 0.40639848 0.08875698
vn 0.12513709 0.99166907 0.03054761
vn 0.23261777 0.97069465 0.06033962
vn 0.27985818 0.92919976 0.24138600
vn 0.44793282 0.84421389 0.29437916
vn 0.73531384 0.35669659 0.57626478
vn 0.10472468 0.58293720 0.80574001
vn 0.05431490 0.65424575 0.75432910
vn 0.01805158 0.73167611 0.68141339
vn 0.95015299 0.16496007 0.26457034
vn 0.86213310 0.26346280 -0.43279773
vn 0.92484318 0.24515352 -0.29080034
vn 0.53860897 0.57640548 -0.61453811
vn 0.94773570 0.17239282 -0.26847303
vn 0.97977466 0.13829453 -0.14462449
vn 0.84720623 0.41714575 -0.32898485
vn 0.23889593 0.88780332 -0.39336243
vn 0.31548242 0.94518344 -0.08425620
vn 0.11114718 0.93738263 -0.33009105
vn 0.19883397 0.97512730 -0.09793779
vn 0.40727786 0.91105468 -0.06406343
vn 0.42498604 0.85641802 -0.29314680
vn 0.60442677 0.79388424 -0.06645368
vn 0.41906696 0.86708997 -0.26932854
vn 0.58320412 0.73566054 -0.34449460
vn 0.70184952 0.62701486 -0.33802311
vn 0.82815796 0.55502014 -0.07814752
vn 0.91094389 0.40135223 -0.09538143
vn 0.97974810 0.17041714 -0.10512689
vn 0.99552173 0.04000215 -0.08565230
vn 0.99953742 0.02662621 -0.01469673
vn 0.81973571 0.33165152 -0.46694821
vn 0.21813949 0.63554514 -0.74060619
vn 0.75367907 0.29996654 -0.58479734
vn 0.72470595 0.36329456 -0.58550691
vn 0.32187321 0.82370366 -0.46680822
vn 0.43072085 0.72385002 -0.53899972
vn 0.05967638 0.64260826 -0.76386736
vn 0.16675239 0.72877071 -0.66414372
vn 0.03052417 0.70981551 -0.70372595
vn 0.10538581 0.80428462 -0.58482483
vn 0.02909617 0.82466002 -0.56487987
vn 0.06225854 0.84400329 -0.53271223
vn 0.02296962 0.86004194 -0.50970604
vn 0.77013256 -0.31874296 -0.55253848
vn 0.77039407 -0.55203900 -0.31897637
vn 0.99108872 0.13309695 -0.00532386
vn 0.77039407 -0.55203900 0.31897637
vn 0.77013256 -0.31874296 0.55253848
vn 0.77021836 -0.63778028 0.00000000
vn 0.77039407 -0.55203900 0.31897637
vn 0.77013256 -0.31874296 0.55253848
vn 0.77039407 0.55203900 -0.31897637
vn 0.77013256 0.31874296 -0.55253848
vn 0.77013256 -0.31874296 -0.55253848
vn 0.77039407 -0.55203900 -0.31897637
vn 0.99113722 0.13275795 0.00472673
vn 0.77021836 -0.63778028 0.00000000
vn 0.77039407 -0.55203900 0.31897637
vn 0.77013256 -0.31874296 0.55253848
vn 0.77028353 0.31880371 -0.55229293
vn 0.77028353 0.55229293 -0.31880371
vn 0.67047290 0.56373615 -0.48235634
vn 0.77021836 0.63778028 -0.00000000
vn 0.77021836 -0.63778028 0.00000000
vn 0.77029927 -0.00000000 0.63768255
vn 0.77013256 0.31874296 0.55253848
vn 0.65629565 0.73107682 -0.18655481
vn 0.65629333 0.73107057 0.18658747
vn 0.77028353 0.55229293 0.31880371
vn 0.67065146 0.56551042 0.48002562
vn 0.77028353 0.31880371 0.55229293
vn 0.77025881 -0.00010122 0.63773141
vn 0.77021836 0.63778028 -0.00000000
vn 0.77039407 0.55203900 0.31897637
vn 0.77013256 0.31874296 -0.55253848
vn 0.99870460 0.03685745 -0.03508056
vn 0.77039407 0.55203900 -0.31897637
vn 0.99855325 0.03405854 -0.04161044
vn 0.99553103 0.09415748 0.00723416
vn 0.99605582 0.08659155 0.01935737
vn 0.77029927 -0.00000000 -0.63768255
vn 0.77025881 -0.00010122 -0.63773141
vn 0.77029927 -0.00000000 0.63768255
vn 0.99458838 0.00468353 -0.10378832
vn 0.99517003 0.09783247 -0.00808839
vn 0.99591404 0.08630584 -0.02658048
vn 0.99920531 0.02840580 0.02796186
vn 0.99737931 0.05746748 0.04395458
vn 0.77039407 0.55203900 0.31897637
vn 0.77013256 0.31874296 0.55253848
vn 0.99850627 0.03114818 -0.04488898
vn 0.99677568 0.07512391 -0.02818948
vn 0.77021836 0.63778028 -0.00000000
vn 0.99471708 0.00777870 0.10235927
vn 0.99264464 0.06839907 0.09989084
vn 0.99762161 0.06891500 -0.00135993
vn 0.99927230 0.03676823 -0.01014779
vn 0.99911481 0.03873282 -0.01641243
vn 0.99898778 0.03840042 -0.02342691
vn 0.99888085 0.03756342 -0.02874086
vn 0.99729203 0.06742793 0.02936125
vn 0.99685420 0.06883547 0.03928597
vn 0.99766492 0.05438554 0.04131487
vn 0.99430486 0.02441515 0.10373887
vn 0.99315048 0.04644233 0.10721580
vn 0.99909426 0.02671959 0.03311683
vn 0.99735135 0.06726348 0.02767501
vn 0.99719381 0.07231008 0.01938447
vn 0.99711141 0.07428957 -0.01580799
vn 0.77029927 -0.00000000 -0.63768255
vn 0.77039407 -0.55203900 -0.31897637
vn 0.77013256 -0.31874296 -0.55253848
vn 0.99652905 0.05836686 -0.05935629
vn 0.99633642 0.06916637 -0.05029667
vn 0.99604612 0.07921540 -0.04021260
vn 0.99189489 0.08050586 0.09830222
vn 0.99344758 0.06128566 0.09646748
vn 0.99694051 0.01851729 -0.07593898
vn 0.99694496 0.03319021 -0.07070472
vn 0.99671661 0.04686788 -0.06602577
vn 0.99768721 0.05967210 0.03254965
vn 0.99907974 0.02161892 0.03704447
vn 0.06404853 0.71746005 -0.69364894
vn 0.06626297 0.84145456 -0.53624943
vn 0.26438800 0.79421983 -0.54709583
vn 0.68103377 0.48634074 -0.54741729
vn 0.52458667 0.42832171 -0.73576446
vn 0.38179383 0.53287418 -0.75516792
vn 0.20565900 0.60553826 -0.76878332
vn 0.04726316 0.59363038 -0.80334872
vn 0.07477780 0.95444139 -0.28887698
vn 0.29813348 0.91030526 -0.28715983
vn 0.30880322 0.94779701 -0.07950721
vn 0.55942906 0.77485159 -0.29435377
vn 0.55705643 0.82688944 -0.07708424
vn 0.71097210 0.69958796 -0.07138182
vn 0.77781504 0.55305650 -0.29855029
vn 0.96457429 0.25425240 -0.07037155
vn 0.90134818 0.32809851 -0.28270624
vn 0.91780130 0.38900355 -0.07947967
vn 0.81888951 0.56995702 -0.06759415
vn 0.49322911 0.67334165 -0.55075953
vn 0.12244750 0.93760828 -0.32541870
vn 0.22063829 0.93892632 -0.26407594
vn 0.33862288 0.93102014 -0.13614712
vn 0.47929618 0.87733620 0.02358732
vn -0.20366352 0.79818943 -0.56693457
vn -0.08032914 0.84823019 -0.52350050
vn -0.66425714 0.10172169 -0.74055057
vn -0.55657918 0.30359472 -0.77333684
vn -0.45436245 0.51303217 -0.72825322
vn -0.37986757 0.63299859 -0.67454682
vn -0.30055069 0.69282557 -0.65548608
vn 0.52946703 0.84799517 0.02385067
vn 0.60734813 0.79419051 -0.01974025
vn 0.69092972 0.72090405 0.05397664
vn 0.72729062 0.68594932 -0.02284481
vn 0.76033623 0.64952859 -0.00119508
vn 0.84432893 0.53561026 -0.01517602
vn 0.97524423 0.22101658 -0.00709593
vn 0.97885847 0.19945990 0.04529719
vn 0.92212842 0.38639189 -0.01950600
vn 0.93833647 0.34233504 0.04828451
vn 0.87934247 0.47408320 0.04474304
vn 0.07709823 0.90042646 0.42812155
vn 0.07444029 0.80116303 0.59379832
vn 0.23990145 0.77305114 0.58723013
vn 0.66480439 0.55155138 0.50381167
vn 0.49926402 0.68444609 0.53128993
vn 0.89989109 0.31839901 0.29802367
vn 0.77639997 0.55798179 0.29301776
vn 0.55899471 0.77463871 0.29573601
vn 0.30393013 0.90957929 0.28335842
vn 0.07637003 0.96419683 0.25395292
vn 0.31488515 0.94645643 0.07118691
vn 0.55285803 0.83058917 0.06685527
vn 0.70599113 0.70370507 0.07984797
vn 0.96836977 0.23827109 0.07407345
vn 0.91499550 0.39609238 0.07677282
vn 0.82482870 0.56051618 0.07402178
vn 0.96160419 0.27235056 -0.03380175
vn 0.90607134 0.41620925 -0.07618783
vn 0.79239761 0.60748598 -0.05537872
vn 0.67425536 0.73643324 -0.05518867
vn 0.53245112 0.84337239 -0.07224136
vn 0.36297318 0.92899293 -0.07226763
vn 0.23195824 0.17400093 -0.95703660
vn 0.02974808 0.26457233 -0.96390691
vn 0.11315286 0.47537313 -0.87247740
vn 0.39519530 0.88561862 -0.24392692
vn 0.39701612 0.81331816 -0.42531372
vn 0.26340853 0.90440040 -0.33567226
vn 0.22596347 0.97004020 -0.08923295
vn 0.24791453 0.96420636 -0.09404512
vn 0.10451494 0.92440954 -0.36680190
vn 0.26351409 0.96015846 -0.09303789
vn 0.28680998 0.09049072 -0.95370408
vn 0.35296957 0.45427561 -0.81795242
vn 0.38615698 0.58074415 -0.71667218
vn 0.20308892 0.73130660 -0.65111101
vn 0.40403824 0.71561932 -0.56977372
vn -0.09821127 0.74196802 -0.66320284
vn 0.18214860 0.91469205 -0.36077742
vn -0.28158251 0.42851072 -0.85853937
vn -0.36608589 0.18224466 -0.91256124
vn -0.50400854 0.15890837 -0.84895437
vn -0.16885207 0.24945006 -0.95355317
vn -0.04168903 0.42795855 -0.90283637
vn 0.07394790 0.72947620 -0.67999719
vn 0.21605847 0.97230326 -0.08913535
vn 0.02205706 0.92887686 -0.36973134
vn -0.23354123 0.73340226 -0.63841963
vn -0.41924535 0.47502436 -0.77368287
vn -0.50413351 0.28626948 -0.81480009
vn -0.58939837 0.18951942 -0.78529736
vn 0.97272594 0.23034345 0.02731571
vn 0.53235760 0.84092908 0.09712702
vn 0.67900913 0.73117044 0.06585118
vn 0.77813954 0.62621872 0.04846623
vn 0.89319495 0.44855804 0.03159847
vn -0.10055737 -0.99124669 -0.08554655
vn -0.10000392 -0.99066624 -0.09262624
vn -0.03838669 -0.96172817 -0.27130312
vn -0.01250953 -0.92570817 -0.37803161
vn 0.27656504 -0.09434866 -0.95635250
vn 0.32212281 -0.09212557 -0.94220474
vn 0.22352796 -0.38236651 -0.89656628
vn 0.26643980 -0.36472270 -0.89218114
vn 0.11940176 -0.70947625 -0.69454062
vn 0.14841339 -0.71271375 -0.68557463
vn 0.04117577 -0.89131281 -0.45151526
vn 0.03961197 -0.08327584 -0.99573893
vn 0.02758753 0.02545635 -0.99929520
vn 0.15591578 -0.09425274 -0.98326329
vn 0.08404325 0.03401389 -0.99588141
vn 0.29457905 0.01041134 -0.95557040
vn 0.19349387 0.02393945 -0.98080937
vn 0.19531703 0.77701508 -0.59841359
vn 0.20640564 0.70619736 -0.67726066
vn 0.18477732 0.65310426 -0.73437877
vn 0.26394557 0.56396650 -0.78247973
vn 0.31645834 0.09987083 -0.94333448
vn 0.33440587 0.02810450 -0.94201001
vn 0.32020232 0.02488777 -0.94702221
vn 0.17832871 0.08777002 -0.98004862
vn 0.42994360 0.06104431 -0.90078970
vn 0.34039191 0.04306186 -0.93929709
vn 0.40179218 0.21522617 -0.89007906
vn 0.34226714 0.12898649 -0.93070709
vn 0.26466728 0.29650062 -0.91762662
vn 0.18078073 0.39991426 -0.89854711
vn 0.25984274 0.28616725 -0.92227439
vn 0.17509210 0.29245739 -0.94011246
vn 0.25432317 0.16184421 -0.95348108
vn 0.17473101 0.20049278 -0.96398740
vn 0.25085384 0.08131992 -0.96460324
vn 0.29551390 0.01791302 -0.95517049
vn 0.27699523 0.20721067 -0.93826296
vn 0.27448758 0.41105941 -0.86930244
vn 0.01615774 0.91211055 -0.40962578
vn 0.04920780 0.85838218 -0.51064530
vn 0.06537973 0.76055541 -0.64597288
vn 0.09328755 0.68324754 -0.72420317
vn 0.10521043 0.55099676 -0.82784862
vn 0.01700414 0.95497645 -0.29619391
vn 0.11482746 0.97682892 -0.18060984
vn 0.07940828 0.93401687 -0.34829129
vn 0.00864140 0.99830196 -0.05760669
vn -0.04384783 0.98390941 -0.17320403
vn 0.07093466 0.92075841 -0.38363032
vn 0.10502895 0.85520333 -0.50753934
vn 0.12301622 0.76939629 -0.62681445
vn 0.07156592 0.95671527 -0.28208901
vn 0.11192283 0.86243400 -0.49364043
vn 0.15328506 0.67979015 -0.71720920
vn 0.17232706 0.57092101 -0.80271576
vn 0.15852420 0.48764641 -0.85852843
vn 0.10124283 0.78137566 -0.61579376
vn 0.18656136 0.57833242 -0.79418289
vn 0.08636051 0.14666434 -0.98540927
vn 0.02353343 0.54338828 -0.83915157
vn 0.00135165 0.62832285 -0.77795152
vn 0.10768499 0.65264886 -0.74996894
vn 0.07153432 0.71841732 -0.69192441
vn 0.07299145 0.82562220 -0.55948212
vn 0.02362878 0.06950278 -0.99730188
vn 0.01108451 0.20212267 -0.97929748
vn 0.08522046 0.29203959 -0.95260188
vn 0.00686438 0.35996822 -0.93293931
vn 0.07387790 0.44000776 -0.89494985
vn 0.29238161 0.48350996 -0.82506431
vn 0.36325853 0.35594568 -0.86101447
vn 0.68097485 0.05347142 -0.73035201
vn 0.91362673 0.03013570 -0.40543561
vn -0.16402374 -0.98183170 -0.09540820
vn -0.08652958 -0.99176813 -0.09438539
vn -0.16147291 -0.98118639 0.10582893
vn -0.09095522 -0.99104210 -0.09778904
vn -0.06342746 -0.99391628 0.09004101
vn -0.03006499 -0.99561416 0.08859196
vn 0.79577524 0.13060387 0.59134118
vn 0.81321463 0.22379594 0.53721257
vn 0.91845706 0.14858254 0.36655131
vn 0.88396897 0.10926809 0.45459800
vn 0.91535303 0.15357856 0.37221293
vn 0.96787604 0.10236785 0.22964491
vn 0.78287539 0.12141936 0.61021592
vn 0.69238816 0.15259957 0.70520352
vn 0.58420602 0.16627660 0.79438997
vn 0.98552830 0.11534147 0.12421885
vn 0.98342737 0.09948137 0.15157196
vn 0.95481809 0.23688780 0.17946191
vn 0.95354590 0.27299508 0.12737309
vn 0.96151908 0.26624700 0.06777601
vn 0.92880283 0.20636329 0.30779782
vn 0.83859396 0.30914048 0.44854469
vn 0.93738282 0.24771121 0.24485222
vn 0.85457735 0.36761255 0.36682225
vn 0.87271080 0.39029098 0.29334078
vn 0.81116253 0.52486480 0.25793855
vn 0.76798126 0.52843685 0.36188297
vn 0.73210975 0.45797130 0.50425946
vn 0.98124212 0.07953364 0.17560835
vn 0.82467158 0.55410295 0.11351962
vn 0.26671972 0.45066601 0.85191592
vn 0.15740701 0.16765358 0.97319849
vn -0.03468919 0.18048061 0.98296664
vn -0.14313460 0.06431741 0.98761114
vn 0.67574351 0.29519819 0.67544707
vn 0.45741222 0.35499891 0.81532192
vn 0.59173866 0.55600414 0.58369921
vn 0.40296380 0.83522057 0.37420152
vn 0.21336060 0.65057053 0.72885887
vn 0.06134751 0.46800710 0.88159278
vn 0.63266342 0.75538257 0.17068734
vn 0.40929444 0.63567788 0.65451638
vn 0.53589521 0.74637936 0.39463170
vn 0.69968630 0.62932021 0.33822352
vn 0.33243411 0.09336593 0.93849367
vn 0.09925850 0.05001131 0.99380411
vn -0.02575693 0.05663247 0.99806280
vn 0.95226830 0.07391933 -0.29617733
vn 0.59580439 0.18284820 -0.78203815
vn 0.80918710 0.13258049 -0.57239729
vn 0.52561148 0.85003402 -0.03427430
vn 0.70920461 0.70420466 -0.03353539
vn 0.72587302 0.67897191 -0.11002501
vn 0.95110050 0.13032811 -0.28004004
vn 0.94905072 0.17950099 -0.25900216
vn 0.94626542 0.22630413 -0.23101558
vn 0.94293088 0.26882094 -0.19651121
vn 0.93896363 0.30670630 -0.15581574
vn 0.93467067 0.33831127 -0.10925303
vn 0.93157718 0.36026480 -0.04871584
vn 0.89330180 0.44880473 -0.02421184
vn 0.41184305 0.89969232 -0.14470322
vn 0.31194406 0.94931087 -0.03872682
vn 0.10037561 0.99431789 -0.03544965
vn 0.74292092 0.63719772 -0.20505503
vn 0.76089031 0.57847820 -0.29395391
vn 0.77624814 0.50862063 -0.37248340
vn 0.78884991 0.42951575 -0.43958167
vn 0.80004162 0.34184627 -0.49302589
vn 0.80783324 0.24828812 -0.53456382
vn 0.45103331 0.84947840 -0.27377985
vn 0.48566052 0.77910344 -0.39639840
vn 0.51656822 0.69066404 -0.50610321
vn 0.54371142 0.58653759 -0.60029288
vn 0.56606820 0.46948480 -0.67760668
vn 0.58488204 0.34185566 -0.73555946
vn 0.14745112 0.97868482 -0.14294818
vn 0.20114454 0.93522139 -0.29137919
vn 0.24508786 0.86740056 -0.43306836
vn 0.29505585 0.77408688 -0.56011744
vn 0.32358972 0.65841606 -0.67954248
vn 0.36111384 0.54269615 -0.75833876
vn 0.33362797 0.40539381 -0.85108650
vn 0.09741012 0.99518607 0.01076798
vn 0.31661471 0.94825368 0.02387640
vn 0.52306567 0.85173810 0.03073311
vn 0.70699413 0.70658181 0.03002416
vn 0.89278787 0.44999080 0.02093086
vn 0.91502384 0.10117926 0.39050498
vn 0.92047878 0.02848156 0.38975328
vn 0.63819938 0.57443676 0.51256606
vn 0.68460958 0.45789666 0.56713347
vn 0.77563885 0.39733550 0.49041704
vn 0.93639895 0.34837021 0.04236983
vn 0.75125113 0.65330819 0.09386234
vn 0.94799944 0.30501976 0.09088456
vn 0.79263405 0.58537589 0.17048852
vn 0.95588484 0.26627179 0.12403026
vn 0.83001785 0.50437189 0.23807430
vn 0.96450077 0.21509479 0.15320738
vn 0.86286144 0.41457453 0.28913334
vn 0.90472295 0.27869859 0.32218546
vn 0.90211670 0.21861403 0.37201259
vn 0.72366857 0.36571165 0.58528522
vn 0.18862965 0.98006420 0.06239408
vn 0.47742803 0.87056853 0.11905002
vn 0.20642073 0.97114453 0.11945199
vn 0.29038167 0.93879164 0.18533413
vn 0.55773229 0.79831033 0.22723404
vn 0.35404113 0.89320975 0.27718446
vn 0.63071901 0.70707476 0.31974805
vn 0.46474310 0.79975454 0.38000858
vn 0.70550732 0.57476023 0.41462043
vn 0.58218101 0.70870913 0.39849296
vn 0.55228652 0.67663684 0.48697247
vn 0.74992327 0.14743382 0.64488631
vn 0.78099493 0.25670721 0.56934025
vn 0.91633082 0.03498519 0.39889080
vn 0.96262953 0.26723217 -0.04394719
vn 0.93766094 0.31852656 -0.13904241
vn 0.98327570 0.16179361 -0.08361651
vn 0.98111747 0.16357824 -0.10320205
vn 0.98845511 0.11200500 -0.10203615
vn 0.22733503 0.90079058 -0.36999339
vn 0.38402905 0.85239965 -0.35487536
vn 0.39699645 0.87414996 -0.27974215
vn 0.57224736 0.76526668 -0.29478783
vn 0.48628355 0.84736834 -0.21329604
vn 0.84613221 0.49359378 -0.20106083
vn 0.87914150 0.46651445 -0.09733705
vn 0.72093223 0.64177360 -0.26150212
vn 0.78863511 0.60246458 -0.12284579
vn 0.67757295 0.72189412 -0.14058370
vn -0.19191533 0.71031283 -0.67721797
vn 0.04280863 0.83626575 -0.54665073
vn -0.10762718 0.70596035 -0.70002598
vn 0.24149971 0.81215079 -0.53112050
vn 0.13667831 0.74067772 -0.65781118
vn 0.45770382 0.74746747 -0.48145570
vn 0.26179944 0.68501329 -0.67986605
vn 0.38847103 0.67627447 -0.62589384
vn 0.64993393 0.63994734 -0.40994303
vn 0.58135146 0.59591707 -0.55399758
vn 0.80674635 0.49683193 -0.31987242
vn 0.76313944 0.47265293 -0.44070103
vn 0.91989690 0.33204650 -0.20864998
vn 0.89076201 0.33006151 -0.31241388
vn 0.96220425 0.19728811 -0.18772421
vn 0.40451504 0.27861846 -0.87105645
vn 0.43531045 0.36592820 -0.82255782
vn 0.15206194 0.45499063 -0.87741706
vn 0.88115351 0.25849106 -0.39591774
vn 0.92157285 0.24410384 -0.30185558
vn 0.88501123 0.22180275 -0.40933931
vn 0.94472779 0.17311782 -0.27842344
vn 0.97641547 0.10223879 -0.19015800
vn 0.98385579 0.12666325 -0.12642868
vn 0.81845687 0.25882019 -0.51297218
vn 0.71420955 0.35412659 -0.60373759
vn 0.76572702 0.33579273 -0.54854843
vn 0.70368718 0.31367792 -0.63751904
vn 0.66967966 0.28271347 -0.68673303
vn 0.62210832 0.22300938 -0.75049854
vn 0.56423011 0.25664060 -0.78471650
vn 0.42995872 0.32431423 -0.84258874
vn 0.09427934 0.31791202 -0.94342109
vn -0.19240535 0.30091695 -0.93403917
vn -0.44903431 0.22158694 -0.86560235
vn 0.49920318 0.49360296 -0.71214627
vn 0.23861118 0.59518059 -0.76734919
vn -0.39289729 0.38444521 -0.83536435
vn -0.26053307 0.62059074 -0.73958748
vn -0.00160114 0.65043558 -0.75955974
vn -0.13605347 0.45315524 -0.88098796
vn 0.97489973 0.13906641 -0.17387078
vn 0.89347245 0.28452232 -0.34749682
vn 0.74242642 0.43010574 -0.51362639
vn 0.54900107 0.55597411 -0.62409183
vn 0.56903846 -0.45958610 0.68189138
vn 0.66023532 -0.04049062 0.74996655
vn 0.66778801 -0.15663582 0.72768427
vn 0.60492477 -0.08596666 0.79162854
vn 0.58794352 -0.26277004 0.76503224
vn 0.42913987 -0.72650071 0.53668956
vn 0.31038317 -0.85508141 0.41532886
vn 0.18130664 -0.92982519 0.32023900
vn 0.74789476 0.62888021 0.21251613
vn 0.88504613 0.42355983 0.19310727
vn 0.85224267 0.26040817 0.45372901
vn 0.77547923 0.21590430 0.59331045
vn 0.88507116 0.12425048 0.44856534
vn 0.95632830 0.21620316 0.19670379
vn 0.79446408 0.43687158 0.42186496
vn 0.65289819 0.27131182 0.70718728
vn 0.67528543 0.52469027 0.51835288
vn 0.63753594 0.71227438 0.29362073
vn 0.56378771 0.56928311 0.59838128
vn 0.50707735 0.69868146 0.50469473
vn 0.39848168 0.82356422 0.40367602
vn 0.28253326 0.91477140 0.28873559
vn 0.19022314 0.96488986 0.18111521
vn -0.02063239 0.99844221 0.05184077
vn -0.07595182 0.99699853 0.01500832
vn 0.67086579 0.23947328 0.70184873
vn 0.65518607 0.38352330 0.65087717
vn 0.73319967 0.16437171 0.65984861
vn 0.65020699 0.35894023 0.66962138
vn 0.63278470 0.50338334 0.58837805
vn 0.48344052 0.68990339 0.53881219
vn 0.39187137 0.80629759 0.44308128
vn 0.26913782 0.90382382 0.33266701
vn 0.17695547 0.96756677 0.18028118
vn 0.02966222 0.99616278 0.08233997
vn 0.63815327 0.28304526 0.71599287
vn 0.14829918 0.04629825 0.98785820
vn 0.35193635 0.04185096 0.93508786
vn 0.35343079 0.16618319 0.92058124
vn 0.66342662 0.09510957 0.74217200
vn 0.58904091 0.11392518 0.80003241
vn 0.59241863 0.06031350 0.80336943
vn 0.59745013 0.01740507 0.80171716
vn 0.14918360 0.18639226 0.97108299
vn 0.36019367 0.31857086 0.87679709
vn 0.13863053 0.36745855 0.91964982
vn 0.33285820 0.44444556 0.83166914
vn 0.12256682 0.53433653 0.83633836
vn 0.49611866 0.62651277 0.60112229
vn 0.58039830 0.42350574 0.69554346
vn 0.55766772 0.30422340 0.77230488
vn 0.44485521 0.31241648 0.83934485
vn 0.46110916 0.21785163 0.86018545
vn 0.60757748 0.20205411 0.76813003
vn 0.68329830 0.13810804 0.71695858
vn 0.47998560 0.03209345 0.87668913
vn 0.46830663 0.11437790 0.87613161
vn 0.34317695 0.58734356 0.73297826
vn 0.42666408 0.49770877 0.75514485
vn 0.32073631 0.68514252 0.65399384
vn 0.40871326 0.59007316 0.69625221
vn 0.31876275 0.77495491 0.54574279
vn 0.41247982 0.67416932 0.61266314
vn 0.32021082 0.84840030 0.42152337
vn 0.42410132 0.74601784 0.51341548
vn 0.27460440 0.65528002 0.70370485
vn 0.26957641 0.76054162 0.59068182
vn 0.26273181 0.84996358 0.45665512
vn 0.25919782 0.91579597 0.30681303
vn 0.48991262 0.40667562 0.77110347
vn 0.47363986 0.48319018 0.73633724
vn 0.49855877 0.55984441 0.66182580
vn 0.09197440 0.68682614 0.72097889
vn 0.06912498 0.81354847 0.57737390
vn 0.05042458 0.90870003 0.41439307
vn 0.02827931 0.97135540 0.23594273
vn 0.45808349 -0.15288232 0.87566347
vn 0.50258775 -0.10171315 0.85852198
vn 0.54832581 -0.06378348 0.83382880
vn 0.59099995 -0.13411583 0.79544453
vn 0.39145730 -0.08282107 0.91646159
vn 0.31231872 -0.07316310 0.94715584
vn 0.25179487 -0.06880750 0.96533148
vn 0.12303985 -0.02619120 0.99205606
vn 0.65522927 0.60780064 -0.44861229
vn 0.83034039 0.53194001 -0.16605622
vn 0.63715219 0.73246023 -0.23987307
vn 0.85126877 0.43685902 -0.29068140
vn 0.96239307 0.23643267 -0.13378781
vn 0.62233061 0.46554141 -0.62926609
vn 0.83561341 0.35617971 -0.41819404
vn 0.82362340 0.53722160 0.18176207
vn 0.98484614 0.13028222 0.11447545
vn 0.91725551 0.37999951 0.11934280
vn 0.84415808 0.39554824 0.36185457
vn 0.93153709 0.25312934 0.26108271
vn 0.81874062 0.23799941 0.52251323
vn 0.11254172 -0.37456367 -0.92034582
vn 0.03987065 -0.70279434 -0.71027491
vn -0.03808363 -0.92198536 -0.38534742
vn 0.01081206 -0.35159662 -0.93608916
vn -0.02535677 -0.70208144 -0.71164506
vn -0.06829611 -0.92896416 -0.36381482
vn -0.13240578 0.02778076 -0.99080621
vn -0.09905648 0.00482274 -0.99507013
vn -0.13083478 0.70129462 -0.70076252
vn -0.13397092 0.56790346 -0.81211912
vn -0.12192992 0.13320735 -0.98355930
vn -0.11366312 0.26981244 -0.95618092
vn -0.09964252 0.43201024 -0.89634732
vn -0.13613869 0.95318701 -0.27000143
vn -0.13138101 0.89597939 -0.42421689
vn -0.13046550 0.81069434 -0.57074814
vn -0.12828377 0.99118989 -0.03295268
vn -0.12960249 0.98290329 -0.13078351
vn 0.04853753 -0.96405632 0.26122695
vn -0.06508353 -0.72077495 0.69010695
vn -0.13593418 -0.90586975 0.40115071
vn -0.01523228 -0.93398086 0.35699821
vn 0.00294861 -0.96612744 0.25804859
vn -0.36827276 -0.92527316 -0.09080066
vn -0.36796889 -0.92496585 0.09506350
vn -0.56892888 -0.81836534 -0.08122870
vn -0.56880013 -0.81804209 0.08528508
vn -0.73091520 -0.67863968 -0.07218825
vn -0.72720344 -0.68278224 0.07059443
vn -0.89491031 -0.44327731 -0.05138845
vn -0.89791378 -0.43805085 0.04315429
vn -0.99196990 -0.12617125 0.00874797
vn -0.99231486 -0.12371320 -0.00250438
vn 0.00436375 -0.08603199 -0.99628282
vn -0.15836918 -0.91238089 -0.37746564
vn -0.14214627 -0.71270556 -0.68690991
vn -0.12307955 -0.40650444 -0.90532070
vn -0.10657736 -0.09720656 -0.98954138
vn -0.77013256 -0.31874296 -0.55253848
vn -0.77025881 -0.00010122 -0.63773141
vn -0.77039407 0.55203900 0.31897637
vn -0.99065211 0.07850230 -0.11156072
vn -0.99073325 0.05782733 -0.12289682
vn -0.77013256 -0.31874296 0.55253848
vn -0.77021836 -0.63778028 0.00000000
vn -0.77039407 -0.55203900 -0.31897637
vn -0.99156752 0.12958319 0.00143499
vn -0.99189224 -0.12633208 -0.01378332
vn -0.77028353 0.31880371 0.55229293
vn -0.99327499 0.00536107 0.11565485
vn -0.99519513 0.09790987 -0.00055718
vn -0.77028353 0.31880371 -0.55229293
vn -0.99437788 -0.09139544 0.05347434
vn -0.99489624 -0.07077845 0.07191580
vn -0.99459383 -0.05094992 0.09048323
vn -0.99339647 -0.00938856 0.11434734
vn -0.99365279 0.00000000 0.11249058
vn -0.77013256 0.31874296 -0.55253848
vn -0.77039407 0.55203900 -0.31897637
vn -0.77039407 -0.55203900 0.31897637
vn -0.77029927 -0.00000000 0.63768255
vn -0.77013256 -0.31874296 0.55253848
vn -0.99132157 0.13138284 -0.00448346
vn -0.77029927 -0.00000000 -0.63768255
vn -0.77013256 -0.31874296 -0.55253848
vn -0.77028353 0.55229293 -0.31880371
vn -0.77021836 0.63778028 0.00000000
vn -0.77028353 0.55229293 0.31880371
vn -0.99664267 -0.02622855 -0.07755939
vn -0.99490233 -0.05075666 -0.08713849
vn -0.99447233 -0.08818739 -0.05698920
vn -0.77039407 -0.55203900 0.31897637
vn -0.77039407 -0.55203900 -0.31897637
vn -0.77013256 -0.31874296 0.55253848
vn -0.77013256 -0.31874296 -0.55253848
vn -0.77029927 -0.00000000 0.63768255
vn -0.77029927 -0.00000000 -0.63768255
vn -0.77039407 -0.55203900 -0.31897637
vn -0.77021836 -0.63778028 0.00000000
vn -0.99496638 0.09971707 0.00992045
vn -0.99387120 0.02107993 0.10851580
vn -0.99370311 0.04170056 0.10399610
vn -0.99887323 0.00000000 -0.04745802
vn -0.77025881 -0.00010122 0.63773141
vn -0.99132699 0.00457383 -0.13133880
vn -0.77013256 0.31874296 -0.55253848
vn -0.77039407 0.55203900 -0.31897637
vn -0.77021836 0.63778028 0.00000000
vn -0.99078661 0.03711441 -0.13024750
vn -0.99099745 0.01776711 -0.13269659
vn -0.99099374 0.13271532 -0.01783418
vn -0.99078379 0.13028816 -0.03704691
vn -0.99073269 0.12287945 -0.05787385
vn -0.77021836 -0.63778028 0.00000000
vn -0.77039407 -0.55203900 0.31897637
vn -0.77013256 0.31874296 0.55253848
vn -0.99403499 0.07534644 0.07885019
vn -0.99395107 0.08944856 0.06371990
vn -0.99440870 0.09615455 0.04365363
vn -0.77021836 0.63778028 0.00000000
vn -0.77039407 0.55203900 0.31897637
vn -0.77013256 0.31874296 0.55253848
vn -0.99368849 0.06058671 0.09440566
vn -0.99426331 0.10393966 0.02523939
vn -0.99065787 0.11159853 -0.07837567
vn -0.99087609 0.09523336 -0.09536871
vn 0.49300053 -0.46054965 0.73813582
vn 0.54844972 -0.27582790 0.78938069
vn 0.35033447 -0.77444482 0.52678362
vn 0.41774059 -0.65778283 0.62674919
vn -0.34318828 0.93869070 0.03288731
vn -0.30756725 0.95146985 0.01036871
vn -0.51987385 0.85418806 0.00969204
vn -0.68972000 0.72357382 0.02696751
vn -0.70837723 0.70575898 0.01029406
vn -0.92478522 0.38039175 0.00862636
vn -0.89582666 0.44433158 0.00800251
vn -0.91712546 0.39669623 0.03889718
vn -0.67192129 0.73720345 0.07108336
vn -0.31263075 0.94559651 0.09005145
vn -0.21416859 0.04663875 0.97568265
vn -0.61597569 0.03784092 0.78685578
vn -0.20236176 0.18519281 0.96164096
vn -0.89684588 0.02106796 0.44184117
vn -0.61246219 0.15016229 0.77610653
vn -0.90043217 0.08269345 0.42706404
vn -0.21239751 0.36361752 0.90701136
vn -0.22308771 0.52726754 0.81989073
vn -0.23914217 0.67057039 0.70224382
vn -0.25659496 0.78791676 0.55977336
vn -0.27376145 0.87543399 0.39833402
vn -0.29512492 0.92885047 0.22391534
vn -0.61883592 0.29213099 0.72917871
vn -0.62474607 0.42223616 0.65681730
vn -0.63448759 0.53359917 0.55919355
vn -0.64127458 0.62549414 0.44443671
vn -0.64941627 0.69187950 0.31553329
vn -0.66257238 0.72821012 0.17523660
vn -0.90105572 0.16141540 0.40254646
vn -0.90315350 0.23207093 0.36118809
vn -0.90531398 0.29317533 0.30733503
vn -0.90712524 0.34294725 0.24394874
vn -0.90925050 0.37888080 0.17237419
vn -0.91237701 0.39799067 0.09576853
vn -0.21557478 -0.03247614 0.97594714
vn -0.61427667 -0.02728485 0.78861887
vn -0.89639198 -0.02407640 0.44260788
vn 0.02693032 -0.42980205 0.90252144
vn -0.00770582 -0.52173834 0.85307076
vn 0.13226349 -0.39213824 0.91034827
vn 0.03129941 -0.25978289 0.96515967
vn 0.18676240 -0.26719465 0.94537126
vn 0.11709869 -0.13495469 0.98390809
vn 0.35777261 -0.33383710 0.87209606
vn 0.26573949 -0.29134581 0.91896689
vn 0.13441582 -0.84455384 0.51832538
vn -0.03664734 -0.61404510 0.78841968
vn 0.22925277 -0.80621278 0.54540271
vn 0.40432074 -0.30352579 0.86278435
vn 0.12940758 -0.92289684 0.36265011
vn 0.27004597 -0.61505455 0.74079894
vn -0.02892697 -0.86445978 0.50186903
vn 0.08093120 -0.75142286 0.65483878
vn 0.18041943 -0.55511461 0.81197081
vn -0.96027726 -0.20245165 -0.19204403
vn -0.86444491 0.01705870 -0.50243805
vn -0.84617246 -0.25567201 -0.46757244
vn -0.76750020 -0.15165826 -0.62285088
vn -0.49580970 0.02911392 -0.86794304
vn -0.54407737 -0.22023686 -0.80961444
vn -0.35380601 -0.01488130 -0.93520044
vn -0.86443317 0.50246259 -0.01693033
vn -0.86189084 0.50255021 -0.06773084
vn -0.49588755 0.86790509 -0.02891886
vn -0.49452842 0.86141112 -0.11581241
vn -0.49521178 0.83565988 -0.23756653
vn -0.49490615 0.78622067 -0.37003373
vn -0.49468167 0.71088823 -0.49992797
vn -0.49210513 0.61567080 -0.61545269
vn -0.49457018 0.49984037 -0.71102739
vn -0.49498319 0.36997913 -0.78619786
vn -0.49509442 0.23751418 -0.83574429
vn -0.49428363 0.11588902 -0.86154131
vn -0.86010285 0.49067853 -0.13949073
vn -0.86024177 0.46133503 -0.21714992
vn -0.86015079 0.41733800 -0.29320575
vn -0.85897394 0.36215210 -0.36195252
vn -0.86023198 0.29301787 -0.41730261
vn -0.86020947 0.21707996 -0.46142818
vn -0.86010134 0.13973719 -0.49061106
vn -0.86192409 0.06759844 -0.50251102
vn -0.92791273 -0.34167345 0.14912148
vn -0.72052472 -0.63303177 0.28304578
vn -0.41153544 -0.83545416 0.36421826
vn -0.92398152 -0.27562742 0.26511823
vn -0.71416148 -0.50349552 0.48627733
vn -0.40762218 -0.66039116 0.63065655
vn -0.92388044 -0.15201663 -0.35119207
vn -0.92429302 0.10904442 -0.36577553
vn -0.70909988 -0.28519042 -0.64485950
vn -0.68758942 0.03607473 -0.72520301
vn -0.39147835 -0.37239682 -0.84146616
vn -0.32334264 -0.08311960 -0.94262435
vn -0.40745021 -0.65634061 -0.63498137
vn -0.71760258 -0.50040142 -0.48440165
vn -0.92645466 -0.26973486 -0.26253547
vn -0.41575022 -0.84168389 -0.34455766
vn -0.72683342 -0.63534260 -0.26086962
vn -0.92907924 -0.34394160 -0.13607327
vn -0.36690299 -0.50816759 0.77919696
vn -0.92004669 -0.20909376 0.33135162
vn -0.69766744 -0.39427835 0.59816781
vn -0.64255084 -0.11327431 0.75782408
vn -0.68461078 -0.30200309 0.66340200
vn -0.66353833 -0.20783475 0.71869437
vn -0.91565992 -0.11074711 0.38639616
vn -0.24220977 -0.13507174 0.96077576
vn -0.28443980 -0.26595214 0.92106648
vn -0.32480237 -0.39113660 0.86111299
vn 0.00090637 0.98142266 -0.19185603
vn -0.07691867 0.99433993 -0.07329142
vn -0.10871818 0.99318877 0.04190980
vn 0.63170937 0.77399922 -0.04322586
vn 0.62461049 0.77548029 -0.09215235
vn 0.22239207 0.89487246 -0.38696906
vn 0.08243881 0.94799693 -0.30741773
vn -0.09900454 0.99061303 0.09425457
vn 0.30346156 0.87067711 0.38708197
vn 0.35115099 0.85668099 0.37787653
vn 0.44404669 0.83917966 0.31400643
vn 0.52441989 0.83016941 0.18921557
vn 0.56060839 0.80704243 -0.18547441
vn 0.44835248 0.85143094 -0.27211287
vn 0.33238021 0.86844481 -0.36786819
vn 0.20395937 0.91918577 0.33689478
vn 0.08556706 0.95887864 0.27061047
vn -0.02224117 0.98249089 0.18497830
vn 0.17180466 0.91007514 -0.37715567
vn 0.59985789 0.79740664 0.06567472
vn 0.62176113 0.77638817 0.10312377
vn 0.11636126 0.92576499 0.35974886
vn 0.16318236 0.91227525 0.37566660
vn 0.40675349 0.86315659 0.29918606
vn 0.53038174 0.81484451 0.23393084
vn 0.60474614 0.78132867 0.15429716
vn 0.40653916 0.84009402 -0.35912108
vn 0.36084418 0.85349815 -0.37594199
vn -0.08168426 0.98493791 -0.15239752
vn -0.00889713 0.99107660 0.13299630
vn 0.04412337 0.96027938 0.27552974
vn 0.27719948 0.89118771 0.35908900
vn 0.25568700 0.89764933 -0.35895659
vn 0.13305432 0.94527803 -0.29790267
vn 0.00297634 0.97298853 -0.23083427
vn 0.48426975 0.83177028 -0.27136876
vn 0.55264918 0.82089550 -0.14390784
vn 0.61203424 0.79070482 -0.01414127
vn -0.09793162 0.98994431 -0.10207674
vn -0.08262327 0.99649322 0.01321573
vn 0.13749200 -0.99036807 0.01634145
vn 0.13641448 -0.99055210 -0.01405831
vn 0.50944740 -0.85900575 -0.05071961
vn 0.51068172 -0.85781500 0.05794482
vn 0.86761895 -0.49004625 -0.08421422
vn 0.86715150 -0.48886439 0.09518340
vn 0.98706979 -0.13122589 -0.09204891
vn 0.98601076 -0.12685903 0.10811834
vn 0.19907889 0.76125599 -0.61713606
vn 0.35587364 0.76656496 -0.53453916
vn 0.46805583 0.75398101 -0.46090821
vn 0.55405574 0.72979539 -0.40052581
vn 0.57304688 0.70325945 -0.42076529
vn 0.58514309 0.70139343 -0.40700714
vn 0.78707401 0.59214229 -0.17286415
vn 0.66169382 0.68295192 -0.30941552
vn 0.05720474 0.80896108 -0.58507230
vn -0.36882409 0.92915302 0.02536633
vn -0.27322197 0.95358779 -0.12657050
vn -0.20111311 0.95172609 -0.23188567
vn -0.14131456 0.93637031 -0.32131112
vn -0.15290574 0.91985566 -0.36122763
vn -0.13625243 0.91715659 -0.37451176
vn -0.05535616 0.89441890 -0.44379109
vn -0.33828478 0.92525650 0.17165026
vn 0.24764340 0.74700894 0.61696871
vn 0.11852134 0.83739336 0.53359634
vn 0.01345222 0.88926887 0.45718696
vn -0.06850224 0.91374066 0.40048153
vn -0.08944370 0.89620872 0.43452245
vn -0.09653107 0.90267406 0.41935819
vn -0.18595470 0.93326609 0.30730321
vn 0.36394685 0.70136230 0.61288956
vn 0.82440063 0.56209517 -0.06642755
vn 0.78091490 0.62187352 0.05869615
vn 0.71604191 0.66890668 0.19961923
vn 0.67153684 0.69468494 0.25778114
vn 0.61572508 0.71022730 0.34126209
vn 0.54607571 0.71319808 0.43948814
vn 0.45962244 0.69399835 0.55417822
vn 0.49104626 0.67410959 -0.55176973
vn 0.59493488 0.69575142 -0.40247043
vn 0.65568328 0.69734173 -0.28947185
vn 0.70039675 0.68659444 -0.19501916
vn 0.72690333 0.65413203 -0.20910004
vn 0.72545296 0.65860289 -0.19990057
vn 0.79651339 0.58879742 0.13741918
vn 0.75461713 0.65443008 -0.04768915
vn 0.35765493 0.71922052 -0.59565494
vn -0.30493817 0.91056774 -0.27906827
vn -0.14864638 0.91653183 -0.37131343
vn -0.03897201 0.90303614 -0.42779307
vn 0.05138077 0.87842153 -0.47511644
vn 0.11198537 0.84675970 -0.52005508
vn 0.15453673 0.83631781 -0.52601418
vn 0.18461941 0.82442185 -0.53501802
vn -0.34660936 0.92831739 -0.13449448
vn -0.04537936 0.83358775 0.55051991
vn -0.11162718 0.90480535 0.41093388
vn -0.16760253 0.94345389 0.28601423
vn -0.21709776 0.95812737 0.18670967
vn -0.25421223 0.94683548 0.19717687
vn -0.25277090 0.95061824 0.18008839
vn -0.27553831 0.95980069 0.05349092
vn 0.09703212 0.79762937 0.59529166
vn 0.75156063 0.59748592 0.27958397
vn 0.62384986 0.68765676 0.37140212
vn 0.51739443 0.73870164 0.43199872
vn 0.43109353 0.76539980 0.47783001
vn 0.39961921 0.75778757 0.51581245
vn 0.35900476 0.77371580 0.52199563
vn 0.28838809 0.79366120 0.53566240
vn 0.04098085 -0.99039686 0.13204029
vn 0.08887888 -0.98896588 0.11852020
vn 0.15080322 -0.85695095 0.49284222
vn 0.31583824 -0.84951589 0.42257420
vn 0.25095686 -0.49008613 0.83476717
vn 0.52183113 -0.48397196 0.70246952
vn 0.28498871 -0.13161410 0.94945203
vn 0.58983067 -0.13409136 0.79631608
vn 0.13216071 -0.98907199 0.06534638
vn 0.47290697 -0.84962137 0.23345774
vn 0.78625288 -0.48209994 0.38650492
vn 0.88957077 -0.12988213 0.43794346
vn 0.00652934 -0.99188053 0.12700541
vn 0.01523996 -0.99539720 -0.09461587
vn 0.05989271 -0.99057944 -0.12314725
vn 0.09983422 -0.98930063 -0.10638325
vn 0.13443660 -0.98924043 -0.05770773
vn 0.35972549 -0.85317976 -0.37773254
vn 0.48275920 -0.85098130 -0.20681966
vn 0.80470909 -0.48516638 -0.34213573
vn 0.91197421 -0.14276519 -0.38460517
vn 0.60002218 -0.48269147 -0.63795167
vn 0.67207038 -0.13956298 -0.72721632
vn 0.19522728 -0.89228896 -0.40707090
vn 0.30868246 -0.69860094 -0.64550125
vn 0.38679489 -0.43178847 -0.81483031
vn 0.42286844 -0.13175595 -0.89656157
vn 0.99125545 0.09892850 0.08732573
vn 0.99156775 0.10649155 -0.07384414
vn 0.39200836 0.91983908 0.01501725
vn 0.62229095 0.78171930 0.04085238
vn 0.38808778 0.92159547 -0.00704722
vn 0.62272587 0.78190368 -0.02896748
vn 0.80584692 0.58984317 -0.05192087
vn 0.80361927 0.59230175 0.05809215
vn 0.92985014 0.36196300 -0.06604161
vn 0.92987361 0.36123211 0.06961632
vn 0.90672890 0.12922639 -0.40142650
vn 0.80907144 0.07932779 -0.58233195
vn 0.79920662 0.32232078 -0.50732444
vn 0.63534084 0.32260407 -0.70161858
vn 0.61012371 0.08624207 -0.78759848
vn 0.42474133 0.07861961 -0.90189454
vn 0.42530944 0.81594889 -0.39158560
vn 0.45969058 0.84303644 -0.27923849
vn 0.47166736 0.63067990 -0.61625706
vn 0.58676671 0.61951518 -0.52144584
vn 0.47559800 0.45493275 -0.75288959
vn 0.46169358 0.25988721 -0.84811419
vn 0.70580045 0.60386787 -0.37039077
vn 0.51135016 0.83781804 -0.19126406
vn 0.96724890 0.07772955 -0.24163545
vn 0.91821409 0.31697378 -0.23750896
vn 0.78024958 0.59479301 -0.19347316
vn 0.55381319 0.82691083 -0.09751632
vn 0.36865819 0.92841179 -0.04628918
vn 0.33471128 0.93900584 -0.07897083
vn 0.33053992 0.93646522 -0.11737226
vn 0.27530891 0.95714243 -0.08990754
vn 0.24110101 0.89606200 -0.37275086
vn 0.32890375 0.89186822 -0.31047286
vn 0.61998446 0.77923985 -0.09167622
vn 0.51479216 0.84013078 -0.17079021
vn 0.42976854 0.87096234 -0.23816718
vn 0.28334693 0.95630890 -0.07202648
vn 0.30550388 0.95050284 -0.05667214
vn 0.33089582 0.94256736 -0.04554915
vn 0.36646530 0.93007498 -0.02576276
vn 0.17416823 0.91162332 -0.37230142
vn 0.25811913 0.96225156 -0.08629285
vn 0.10674958 0.96102543 -0.25501893
vn 0.19656844 0.98046734 0.00668229
vn -0.09411964 0.99526797 0.02414872
vn -0.02901884 0.99757312 -0.06329125
vn 0.21413745 0.97679594 -0.00385384
vn 0.04224319 0.98483766 -0.16825664
vn 0.22808208 0.97337944 -0.02260592
vn 0.23988592 0.96959026 -0.04847139
vn -0.09417902 0.99133225 0.09160065
vn 0.19977404 0.97950250 0.02579119
vn 0.28932114 0.95289417 0.09102738
vn 0.28622076 0.88280329 0.37247285
vn 0.20651862 0.92698574 0.31312537
vn 0.02616948 0.98507119 0.17014671
vn 0.11330231 0.96490672 0.23689153
vn 0.28041855 0.95714104 0.07243245
vn 0.26263330 0.96323812 0.05653393
vn 0.23562886 0.97080346 0.04494092
vn 0.30720768 0.94763667 0.08722491
vn 0.36416867 0.86037746 0.35655547
vn 0.36805980 0.92976198 -0.00864016
vn 0.62537352 0.77957669 -0.03417798
vn 0.57462410 0.81521537 0.07232595
vn 0.41987694 0.87365137 0.24583865
vn 0.49934480 0.85126971 0.16122857
vn 0.34997588 0.93675842 0.00073685
vn 0.33666591 0.94137917 0.02147863
vn 0.32548492 0.94422504 0.04998632
vn 0.31809969 0.94451015 -0.08193384
vn 0.41817969 0.84348643 -0.33712963
vn 0.46892814 0.84999303 -0.24003800
vn 0.61629425 0.78090302 0.10184242
vn 0.56468626 0.82497491 -0.02336301
vn 0.52084668 0.84409095 -0.12739387
vn 0.31820742 0.94611368 -0.06010772
vn 0.32997042 0.94321147 -0.03836197
vn 0.34681324 0.93780603 -0.01550605
vn 0.36770121 0.92975114 0.01893760
vn 0.30222804 0.94902277 -0.08952088
vn 0.36004375 0.85658144 -0.36964408
vn 0.24712540 0.91898294 -0.30724484
vn 0.20369530 0.97829778 -0.03796959
vn -0.05896981 0.98494785 -0.16248168
vn 0.03914804 0.97705930 -0.20933839
vn 0.22764631 0.97306703 -0.03630027
vn 0.14804836 0.95524264 -0.25611167
vn 0.24611885 0.96813518 -0.04625785
vn 0.26972980 0.96061129 -0.06687147
vn -0.09310439 0.99040403 -0.10213432
vn 0.19735536 0.98011176 -0.02077974
vn 0.24688870 0.96550804 0.08270544
vn 0.10861110 0.93538875 0.33652862
vn 0.07172909 0.96785505 0.24106335
vn -0.02163615 0.99946283 0.02461567
vn 0.02057276 0.99183618 0.12584814
vn 0.24868615 0.96660215 0.06193121
vn 0.23809874 0.97043453 0.03957048
vn 0.22125685 0.97510161 0.01490811
vn 0.16497426 0.91441623 0.36963016
vn 0.26347444 0.96054117 0.08911726
vn 0.36212918 0.93138654 0.03716939
vn 0.58676638 0.79352299 0.16132726
vn 0.49991387 0.84023633 0.20997390
vn 0.29588080 0.90546304 0.30428810
vn 0.39535285 0.88145253 0.25833613
vn 0.34195424 0.93899908 0.03671549
vn 0.32087511 0.94596943 0.04670121
vn 0.29881578 0.95210073 0.06491016
vn 0.36883783 0.92828100 0.04746616
vn 0.54863376 0.83040040 0.09713997
vn 0.50729869 0.83411008 0.21658350
vn 0.34191391 0.93598541 0.08382237
vn 0.42665924 0.85230864 0.30254235
vn 0.77397642 0.59522682 0.21602209
vn 0.86534710 0.16319360 0.47385889
vn 0.96083967 0.06237672 0.26999312
vn 0.90682032 0.31856072 0.27603617
vn 0.68032404 0.60354776 0.41579960
vn 0.52548786 0.62623303 0.57592942
vn 0.31058075 0.94187101 0.12813508
vn 0.36015824 0.83331329 0.41937453
vn 0.37634392 0.64429799 0.66576675
vn 0.36301703 0.46685854 0.80638808
vn 0.77205334 0.31720588 0.55073957
vn 0.53178057 0.34482055 0.77350385
vn 0.32936379 0.27077691 0.90454373
vn 0.78639446 0.05455751 0.61531067
vn 0.61900522 0.11362769 0.77712372
vn 0.46933916 0.05492971 0.88130782
vn 0.27896974 0.07639391 0.95725642
vn 0.17835415 -0.13208690 0.97506043
vn 0.15496903 -0.44402231 0.88251277
vn 0.11650450 -0.70574258 0.69882338
vn 0.06665963 -0.89712257 0.43672371
vn 0.17607920 -0.09675474 0.97960943
vn 0.16953558 -0.10082054 0.98035346
vn 0.14503238 -0.37688463 0.91483528
vn 0.12317731 -0.38555421 0.91442621
vn 0.08117288 -0.70849168 0.70103531
vn 0.04471829 -0.71144419 0.70131835
vn 0.00418909 -0.92938281 0.36909354
vn -0.04118490 -0.92555750 0.37636037
vn -0.05340502 -0.99450130 0.09008367
vn -0.10175670 -0.99012354 0.09644142
vn -0.03895638 -0.99515352 -0.09028769
vn -0.08774821 -0.99200673 -0.09068025
vn 0.33349681 -0.09621118 -0.93782903
vn 0.33818600 -0.09382230 -0.93639073
vn 0.29136867 -0.38377553 -0.87625375
vn 0.30971438 -0.37929001 -0.87190372
vn 0.19393370 -0.71656344 -0.67001982
vn 0.22881670 -0.71013804 -0.66584298
vn 0.06604450 -0.93163070 -0.35735468
vn 0.11474209 -0.92538516 -0.36124308
vn 0.32848180 -0.10205740 -0.93898029
vn 0.27177535 -0.39305461 -0.87843397
vn 0.15921639 -0.71958673 -0.67590316
vn 0.02021801 -0.93169821 -0.36267021
vn 0.70756990 -0.40250205 -0.58080714
vn 0.87950182 -0.15123106 -0.45122690
vn 0.98513609 0.07090522 -0.15645873
vn 0.60244899 -0.53171577 -0.59525923
vn 0.98961009 0.11911554 0.08051926
vn 0.64743120 -0.41183731 0.64126661
vn 0.52452661 -0.54978156 0.65008620
vn 0.83730201 -0.14041231 0.52840299
vn 0.95571416 0.03228033 0.29252080
vn -0.12581585 -0.98391206 0.12683624
vn 0.04383734 -0.71477543 0.69797877
vn -0.13267337 -0.98298840 0.12701021
vn 0.06335714 -0.68121231 0.72933919
vn 0.26182311 -0.63106289 0.73021113
vn 0.43560613 -0.57610531 0.69162849
vn 0.50613719 -0.85531874 0.11070231
vn 0.39799853 -0.91594821 0.05134247
vn 0.18438854 -0.97811390 0.09640574
vn 0.02163399 -0.99708841 0.07312094
vn 0.28098269 -0.70015765 0.65637488
vn 0.57397176 -0.52857258 0.62543381
vn 0.72173162 -0.33210448 0.60729736
vn 0.70932619 -0.32581822 0.62505907
vn 0.53298165 -0.84361879 0.06509917
vn 0.59166226 -0.77649789 0.21676435
vn 0.63807950 -0.66276738 0.39191064
vn 0.69457841 -0.49667889 0.52045260
vn 0.54055087 -0.83859661 -0.06753140
vn 0.77631576 -0.31498533 -0.54600191
vn 0.74646887 -0.47213805 -0.46890286
vn 0.68522829 -0.63144344 -0.36296194
vn 0.61908029 -0.75555264 -0.21419573
vn 0.63852841 -0.51064191 -0.57578321
vn 0.36619417 -0.68554700 -0.62922742
vn 0.76541426 -0.31061350 -0.56361358
vn 0.15797766 -0.71185830 -0.68432508
vn 0.18187908 -0.68119087 -0.70915372
vn 0.38357518 -0.62287947 -0.68182934
vn 0.54119222 -0.55252177 -0.63390116
vn 0.88575126 -0.45484775 0.09251073
vn 0.78414528 -0.61269007 0.09862586
vn 0.15064263 -0.98003684 0.12974817
vn 0.29759788 -0.95468894 -0.00212978
vn 0.47355470 -0.87355563 0.11245667
vn 0.63721391 -0.77009087 0.03030674
vn -0.00834789 -0.99883632 0.04750076
vn -0.13860500 -0.98503826 -0.10241228
vn -0.08263336 -0.99657774 -0.00212928
vn -0.04865436 -0.99572563 0.07850615
vn 0.27782228 -0.95760671 -0.07618512
vn 0.50672014 -0.85395384 -0.11831123
vn 0.59182434 -0.80442589 0.05140941
vn 0.78978467 -0.60644004 -0.09203615
vn 0.88821943 -0.44529566 -0.11303995
vn -0.10370590 -0.98364543 -0.14726421
vn 0.03138240 -0.99138577 -0.12715893
vn 0.53198688 -0.83841867 -0.11850779
vn 0.40045847 -0.91181114 -0.09073836
vn 0.21917901 -0.96826623 -0.12008779
vn 0.56902572 -0.81723414 0.09131316
vn 0.64182746 -0.76681533 -0.00719384
vn 0.64760505 -0.76143355 -0.02875136
vn 0.63573590 -0.76953111 -0.06051227
vn 0.60590526 -0.79019001 0.09207912
vn 0.64519216 -0.76168288 0.05971828
vn 0.64857355 -0.76089718 0.01969355
vn 0.57642086 -0.81321503 -0.08012683
vn 0.61324000 -0.78584856 -0.07986709
vn 0.16581114 -0.09953259 0.98112177
vn 0.17231187 -0.08960019 0.98095893
vn 0.12679344 -0.37118152 0.91986287
vn 0.10889720 -0.38533882 0.91632712
vn 0.04737728 -0.69980333 0.71276272
vn 0.02173707 -0.70204818 0.71179762
vn -0.05080309 -0.91937892 0.39007876
vn -0.06870589 -0.91308698 0.40193490
vn 0.19848823 -0.90739015 0.37046665
vn 0.60304543 -0.43266776 0.67017521
vn 0.40489203 -0.21305502 0.88919627
vn 0.50618637 -0.18648727 0.84202010
vn 0.27560650 -0.05307835 0.95980401
vn 0.21642806 -0.06748930 0.97396308
vn 0.21384588 -0.04678897 0.97574624
vn 0.23908085 -0.04995563 0.96971376
vn 0.85988906 -0.42368075 0.28475504
vn 0.73443177 -0.58599804 0.34236862
vn 0.79625005 -0.37242686 0.47674322
vn 0.69375450 -0.30102020 0.65428704
vn 0.47836808 -0.79383671 0.37548269
vn 0.43417738 -0.58075226 0.68863402
vn 0.32214070 -0.29260881 0.90033630
vn 0.22617823 -0.66564556 0.71116763
vn 0.20811036 -0.35643331 0.91084871
vn 0.19904780 -0.07392049 0.97719790
vn 0.27518607 -0.02939838 0.96094139
vn 0.24421029 -0.10352705 0.96418021
vn 0.36746207 -0.22415722 0.90262128
vn 0.37246104 -0.36534607 0.85310904
vn 0.45280787 -0.38912013 0.80221603
vn 0.51606462 -0.55284434 0.65424800
vn 0.46331424 -0.58074027 0.66938827
vn 0.56695275 -0.66752290 0.48267770
vn 0.51902025 -0.74524431 0.41860352
vn 0.58223926 -0.75988678 0.28908396
vn 0.24162259 -0.10886745 0.96424396
vn 0.21200074 -0.08513475 0.97355419
vn 0.30171126 -0.33938728 0.89094702
vn 0.40572675 -0.84068803 0.35864947
vn 0.37982091 -0.63365403 0.67395745
vn 0.24036050 -0.89577929 0.37390680
vn 0.25723265 -0.67968679 0.68691864
vn 0.23624984 -0.36437503 0.90078679
vn 0.19869459 -0.09435158 0.97550922
vn 0.06384655 -0.92052575 0.38542957
vn 0.12476319 -0.70100033 0.70216286
vn 0.16659064 -0.37423407 0.91224800
vn 0.18056471 -0.09582384 0.97888415
vn 0.31161298 -0.04957902 0.94891479
vn 0.59962094 -0.15987521 0.78415218
vn 0.84693559 -0.27925007 0.45245940
vn 0.92239917 -0.37288269 0.10068896
vn 0.87184785 0.27424505 -0.40579673
vn 0.92443581 0.01175506 -0.38115646
vn 0.83003122 -0.15476295 -0.53581397
vn 0.98830342 -0.14149715 -0.05687620
vn 0.86469522 -0.50019267 -0.04592908
vn 0.83594183 -0.52440780 -0.16185707
vn 0.82353018 -0.37715146 -0.42373910
vn 0.61770293 -0.74174601 -0.26125839
vn 0.42690633 0.80276749 -0.41631160
vn 0.51558703 0.64865037 -0.55984169
vn 0.57468213 0.47554798 -0.66602896
vn 0.67360338 0.27918096 -0.68433652
vn 0.39505782 0.90250520 -0.17150419
vn 0.54696182 0.81376438 -0.19652050
vn 0.57492088 0.73441211 -0.36070048
vn 0.73538812 0.55030906 -0.39542920
vn 0.74173815 0.38351888 -0.55021613
vn 0.74997131 0.62838603 -0.20657693
vn 0.89986157 0.38819380 -0.19888371
vn 0.97992491 0.06914857 -0.18699106
vn 0.92758569 -0.25734229 -0.27085003
vn 0.75582107 -0.59995809 -0.26226855
vn 0.78025489 0.06762068 -0.62179558
vn 0.44818752 0.29302656 -0.84454922
vn 0.52089294 0.39484944 -0.75681204
vn 0.47959309 0.64109323 -0.59915768
vn 0.57150750 -0.32130081 -0.75507945
vn 0.50540297 -0.11848038 -0.85471062
vn 0.51376051 0.16479191 -0.84195829
vn 0.58273974 0.01239036 -0.81256438
vn 0.66700053 -0.16650503 -0.72621372
vn 0.62022380 -0.51282228 -0.59357877
vn 0.70062785 -0.35418829 -0.61941204
vn 0.63253055 -0.64071629 -0.43518702
vn 0.70445130 -0.52014073 -0.48290990
vn 0.67087221 -0.68245672 -0.29014359
vn 0.98757856 0.14847406 -0.05142024
vn 0.91228851 0.40673238 -0.04794213
vn 0.67720515 0.73501057 -0.03395064
vn 0.38935019 0.92059015 -0.03033486
vn 0.42250750 0.04899731 -0.90503407
vn 0.56712724 -0.19488129 0.80024245
vn 0.47471833 0.00971732 0.88008413
vn 0.39746727 -0.14293340 0.90641592
vn 0.38175532 0.17810146 0.90694142
vn 0.30464047 0.32634557 0.89481437
vn 0.28432232 0.11819563 0.95141506
vn 0.43908672 0.36607793 0.82048144
vn 0.33757847 0.47862657 0.81052908
vn 0.37534774 0.64205820 0.66848735
vn 0.86237056 -0.50389800 0.04902877
vn 0.83018165 -0.52665991 0.18283261
vn 0.64434578 -0.69305674 0.32325049
vn 0.91033970 0.41010581 0.05563151
vn 0.98338426 0.03565419 0.17800049
vn 0.98886736 0.12859959 0.07485646
vn 0.92254089 -0.24920011 0.29464829
vn 0.98832513 -0.11951297 0.09449911
vn 0.79889970 -0.38440810 0.46259019
vn 0.66222799 -0.53481685 0.52480952
vn 0.62975458 -0.36974029 0.68315540
vn 0.55672115 -0.46278434 0.68984941
vn 0.73859521 -0.60896223 0.28920947
vn 0.64718749 -0.04926158 0.76073757
vn 0.70683556 -0.28723572 0.64643572
vn 0.80172989 -0.14674381 0.57939230
vn 0.51122271 0.85789941 0.05157470
vn 0.34374185 0.93898450 0.01223304
vn 0.35798353 0.92619623 0.11835679
vn 0.47574608 0.51686296 0.71170103
vn 0.40276377 0.76572739 0.50144083
vn 0.48534221 0.64514723 0.59010846
vn 0.39393125 0.85978049 0.32495488
vn 0.52278150 0.75189522 0.40168778
vn 0.47530881 0.84705089 0.23787881
vn 0.55332873 0.16189143 0.81707924
vn 0.62522621 0.31635425 0.71345089
vn 0.72940827 0.08873435 0.67829919
vn 0.66526853 0.44433674 0.59998554
vn 0.79440120 0.18317506 0.57911452
vn 0.70888950 0.55694157 0.43277218
vn 0.84751099 0.32117198 0.42257979
vn 0.73830524 0.63767890 0.21970661
vn 0.92024826 0.02343743 0.39063259
vn 0.88439862 0.40753440 0.22749679
vn 0.70961373 0.70186180 0.06195463
vn 0.87381559 -0.48622251 -0.00582959
vn 0.89192149 -0.45049715 -0.03909447
vn 0.92085948 -0.37469017 -0.10781969
vn 0.91762978 -0.38570699 -0.09584207
vn 0.90094446 -0.42933129 -0.06303744
vn 0.87326866 -0.48720914 0.00539397
vn 0.87605788 -0.48204641 0.01240343
vn 0.89248721 -0.44815282 0.05124088
vn 0.91685930 -0.38879786 0.09058286
vn 0.90525759 -0.41738191 0.07937902
vn 0.20514452 0.07415400 0.97591850
vn 0.20386102 0.08028676 0.97570217
vn 0.27060691 0.33631035 0.90203506
vn 0.36119331 0.92833059 0.08798697
vn 0.40779676 0.90457469 0.12428366
vn 0.38141833 0.85165585 0.35944731
vn 0.41916873 0.80373323 0.42226824
vn 0.36215673 0.63724433 0.68026625
vn 0.39244344 0.62463395 0.67514485
vn 0.28808882 0.33321050 0.89776144
vn 0.32621825 0.38794924 0.86201916
vn 0.21055830 0.08446162 0.97392579
vn 0.22757457 0.11364243 0.96710662
vn 0.31254666 0.94642844 0.08116523
vn 0.33966529 0.87504700 0.34484815
vn 0.33229749 0.65756612 0.67615470
vn 0.28625715 0.95815213 -0.00115398
vn 0.24473409 0.94114415 -0.23313711
vn 0.32624800 0.94257639 0.07149819
vn 0.26592149 0.94309640 -0.19963703
vn 0.35500625 0.93478674 -0.01201298
vn 0.36442350 0.92748447 -0.08347499
vn 0.28498683 0.91275742 -0.29267114
vn 0.18784065 0.85298741 -0.48695828
vn 0.15198287 0.83417122 -0.53015053
vn 0.38402395 -0.10752637 -0.91704072
vn 0.41884749 -0.04740378 -0.90681843
vn 0.51147375 -0.17857287 -0.84053931
vn 0.60837314 -0.17218195 -0.77474866
vn 0.64989162 -0.23941657 -0.72133251
vn 0.75539260 -0.29658063 -0.58431324
vn 0.75576617 -0.28462277 -0.58975197
vn 0.85595033 -0.35322438 -0.37759974
vn 0.84829537 -0.37743971 -0.37139498
vn 0.17391662 -0.93552016 -0.30749802
vn 0.27766797 -0.37367819 -0.88502266
vn 0.16857095 -0.69919138 -0.69477712
vn 0.33782175 -0.65112500 -0.67964160
vn 0.05170404 -0.89743550 -0.43810526
vn 0.76119510 -0.56653888 -0.31561957
vn 0.35893831 -0.32704091 -0.87418964
vn 0.34630470 -0.08081630 -0.93463457
vn 0.33000973 -0.09329009 -0.93935645
vn 0.37877319 -0.04876289 -0.92420401
vn 0.52688920 -0.55185673 -0.64640693
vn 0.54191958 -0.76220434 -0.35407304
vn 0.24648055 -0.87351996 -0.41977401
vn 0.45372253 -0.27815711 -0.84661945
vn 0.67432901 -0.40671367 -0.61633139
vn 0.53107173 -0.20356244 -0.82251149
vn 0.37122142 -0.06506530 -0.92626193
vn -0.06706958 -0.97597333 -0.20731073
vn 0.35822763 -0.05460164 -0.93203628
vn 0.32322320 -0.09726935 -0.94131049
vn 0.25984969 -0.38487202 -0.88563631
vn 0.14431375 -0.70254909 -0.69684885
vn 0.00474573 -0.91502178 -0.40337653
vn 0.32754879 -0.10734917 -0.93871612
vn 0.34155580 -0.09248896 -0.93529965
vn 0.31443412 -0.36965723 -0.87434817
vn 0.13218072 -0.91298976 -0.38597663
vn 0.24079231 -0.69250911 -0.68003691
vn 0.29904004 -0.88246185 -0.36309246
vn 0.36351396 -0.66189893 -0.65555123
vn 0.37716024 -0.35228400 -0.85653145
vn 0.35446500 -0.09192333 -0.93053999
vn 0.45947923 -0.82191747 -0.33664596
vn 0.47569526 -0.61423888 -0.62962260
vn 0.43514127 -0.32821726 -0.83840653
vn 0.37094181 -0.08760913 -0.92451436
vn 0.56482589 -0.72858111 -0.38748070
vn 0.55080743 -0.56105980 -0.61791835
vn 0.49501277 -0.34805869 -0.79612656
vn 0.39384107 -0.10213260 -0.91348680
vn 0.26435467 0.10546801 0.95864128
vn 0.28103738 -0.11666508 0.95257926
vn 0.42309718 -0.03775143 0.90529753
vn 0.58210045 -0.24454204 0.77547293
vn 0.75619561 -0.07343211 0.65021222
vn 0.91785270 -0.28898016 0.27209721
vn 0.80415706 -0.35380698 0.47765263
vn 0.36222934 0.07935786 -0.92870460
vn 0.41052706 0.32710634 -0.85115743
vn 0.43017572 0.64448790 -0.63212672
vn 0.38619164 0.86526580 -0.31964217
vn 0.32381185 0.94317117 -0.07465940
vn 0.24915982 0.96696653 -0.05380623
vn 0.24059218 0.95764894 -0.15818951
vn 0.25224943 0.96762095 -0.00893979
vn 0.25175220 0.96761661 -0.01840994
vn 0.25823529 0.96530230 -0.03880721
vn 0.25499711 0.96641968 -0.03177212
vn 0.26989432 0.96144817 0.05267322
vn 0.27399233 0.96054310 0.04780340
vn 0.28788774 0.95765439 0.00432587
vn 0.25381770 0.96487830 0.06772325
vn 0.25263574 0.96617117 0.05185033
vn 0.25228378 0.96689137 0.03839236
vn 0.25354651 0.96702622 0.02396792
vn 0.25567360 0.96665907 0.01418614
vn 0.25209392 0.96769489 0.00390568
vn 0.25054768 0.96810200 -0.00209341
vn 0.48599801 -0.87083524 -0.07383716
vn 0.56509540 -0.78279406 -0.26057753
vn 0.69980184 -0.71326046 -0.03920331
vn 0.77461504 -0.61817179 -0.13354843
vn 0.25905050 -0.96417881 -0.05702685
vn -0.02296910 -0.99891556 -0.04049855
vn 0.27246652 -0.94757369 -0.16693139
vn 0.02041476 -0.98150138 -0.19036352
vn 0.81298103 -0.53278352 -0.23495441
vn 0.63791167 -0.63058827 -0.44207140
vn 0.41732568 -0.67254529 -0.61116455
vn 0.30866704 -0.87091045 -0.38241293
vn 0.23438809 -0.67347913 -0.70106212
vn 0.10219186 -0.89666602 -0.43075153
vn 0.50593225 -0.41226961 -0.75767164
vn 0.34508078 -0.35552265 -0.86863278
vn 0.85582348 -0.42812089 -0.29030790
vn 0.71279798 -0.44253179 -0.54413661
vn 0.36535142 0.08056135 -0.92737706
vn 0.37171843 0.09614402 -0.92335353
vn 0.38099830 0.10922232 -0.91810173
vn 0.45359541 0.37356906 -0.80913371
vn 0.37386949 0.92354963 -0.08530932
vn 0.42917425 0.83964006 -0.33288743
vn 0.46044460 0.62257119 -0.63276843
vn 0.42580629 0.32261310 -0.84534596
vn 0.42630987 0.89702230 -0.11666568
vn 0.47827809 0.78636907 -0.39099074
vn 0.48748915 0.60863508 -0.62603328
vn 0.31956757 0.94664501 0.04171084
vn 0.37205852 0.92747088 0.03701657
vn 0.37886540 0.92242706 0.07476182
vn 0.38202354 0.92196050 0.06361490
vn 0.38349415 0.92201246 0.05315307
vn 0.37736606 0.92244238 0.08182246
vn 0.25898993 0.95210872 0.16252140
vn 0.21748552 0.95354547 0.20844925
vn 0.31126178 0.93703184 0.15839014
vn 0.21836441 0.92305788 0.31667196
vn 0.11572892 0.87686094 0.46660658
vn 0.07432691 0.85950669 0.50569137
vn 0.00145587 0.76406429 0.64513847
vn -0.00082045 0.74991256 0.66153645
vn -0.08771571 0.62997308 0.77164751
vn -0.17050098 0.45552791 0.87374123
vn -0.21067869 0.37496425 0.90278253
vn -0.00135691 0.71774244 0.69630736
vn 0.29383094 0.92129450 0.25471518
vn 0.27734002 0.91206561 0.30202455
vn -0.04071567 0.61734860 0.78563538
vn -0.13500564 0.46793873 0.87338813
vn 0.11286742 0.80394345 0.58389714
vn 0.15326260 0.85507508 0.49533542
vn 0.19399288 0.89352327 0.40494805
vn 0.30766537 0.92830895 0.20876907
vn 0.06546721 0.80546615 0.58901471
vn 0.69491178 -0.71726393 0.05128430
vn 0.49311956 -0.86706638 0.07091540
vn 0.32359762 -0.94289084 0.07900280
vn 0.13402219 -0.98669862 0.09199941
vn -0.04711773 -0.99465575 0.09186870
vn 0.22150751 0.95111165 0.21522325
vn 0.14974023 0.89035375 0.42993960
vn 0.07350965 0.78173006 0.61926928
vn 0.01728993 0.71136026 0.70261485
vn 0.23814154 0.95777493 0.16110804
vn 0.16354649 0.95662186 0.24109574
vn 0.16360997 0.96693577 0.19561949
vn 0.14710534 0.97558264 0.16309056
vn 0.14305227 0.98364934 0.10940764
vn 0.14318687 0.98841003 0.05042952
vn 0.14673143 0.98907941 0.01384977
vn 0.15409202 0.92972411 0.33446784
vn 0.07435894 0.87212884 0.48359283
vn 0.01926372 0.90447327 0.42609507
vn 0.07684221 0.94413734 0.32046834
vn 0.01701632 0.82894992 0.55906392
vn 0.03621555 0.95598436 0.29117407
vn 0.03134236 0.97084832 0.23763668
vn 0.03762679 0.98831778 0.14768948
vn 0.11206411 0.99267495 0.04514517
vn 0.04191002 0.99829635 0.04059501
vn 0.14739732 0.98904209 -0.00835335
vn 0.14823332 0.98831810 -0.03541495
vn 0.14844225 0.98588734 -0.07740189
vn 0.14308499 0.97798119 -0.15191931
vn 0.14719907 0.96246166 -0.22803506
vn 0.17227347 0.94594251 -0.27479923
vn 0.07543452 0.89009051 -0.44949808
vn 0.04093360 0.92590602 -0.37552959
vn 0.01787110 0.85178619 -0.52358467
vn 0.03534995 0.97196261 -0.23246303
vn 0.04565986 0.99300175 -0.10891602
vn 0.11247350 0.99329279 -0.02681676
vn 0.21572168 0.90802129 -0.35911210
vn 0.24018678 0.94306628 -0.23007890
vn 0.23711799 0.94589306 -0.22149801
vn 0.20406790 0.92876208 -0.30944674
vn 0.14947773 0.78602841 -0.59984643
vn 0.13550994 0.85360358 -0.50298905
vn 0.07216874 0.60424809 -0.79352122
vn 0.06681737 0.74273580 -0.66624242
vn 0.01664041 0.49660403 -0.86781768
vn 0.01489260 0.68776607 -0.72577961
vn 0.16482921 0.88565472 -0.43410488
vn 0.21921641 0.94138715 -0.25638719
vn 0.25583139 0.95163125 -0.17014192
vn 0.26706862 0.96065109 -0.07631408
vn 0.09887122 0.78890440 -0.60650996
vn 0.06978709 0.68206116 -0.72795765
vn 0.00521815 0.61824970 -0.78596443
vn -0.05098829 0.47410986 -0.87898808
vn 0.01801618 0.54505885 -0.83820419
vn 0.05416945 0.63117200 -0.77374904
vn 0.02713192 0.46488671 -0.88495435
vn 0.09938534 0.65428700 -0.74968732
vn 0.17058481 0.81168080 -0.55863683
vn 0.22853033 0.91545817 -0.33122535
vn 0.26099351 0.96211150 -0.07889138
vn -0.24798067 0.45549519 -0.85500276
vn -0.12417457 0.42356459 -0.89731472
vn -0.12752326 0.53126161 -0.83755532
vn 0.02679417 0.78449875 -0.61955127
vn 0.17403805 0.93193306 -0.31813759
vn 0.08473761 0.63459215 -0.76818770
vn 0.02836778 0.58837860 -0.80808780
vn 0.17569564 0.78761861 -0.59058273
vn 0.37648128 0.92143059 -0.09605994
vn 0.13354901 0.73723044 -0.66231106
vn 0.24861719 0.85172718 -0.46124864
vn 0.34210322 0.90874000 -0.23907530
vn 0.39253742 0.91796338 -0.05707546
vn 0.31023306 0.89843558 -0.31075546
vn 0.38928204 0.91787340 -0.07725228
vn 0.42557517 0.89692075 0.12007888
vn 0.38468047 0.91922980 -0.08388990
vn 0.43059588 0.89880128 0.08211848
vn 0.37682553 0.92104459 -0.09838385
vn 0.43232657 0.89870414 0.07365192
vn 0.36967902 0.92525530 -0.08508852
vn 0.43815911 0.89639875 0.06697671
vn 0.44156098 0.89583853 0.04997225
vn -0.12496527 0.52821222 -0.83986638
vn 0.26220270 0.90722598 -0.32892364
vn 0.08572950 0.77364902 -0.62778790
vn 0.44077185 0.79549429 0.41582330
vn 0.41680957 0.62039404 0.66436512
vn 0.35837151 0.37989888 0.85278761
vn 0.34780164 0.08176392 0.93399608
vn 0.56976731 0.07690480 0.81819977
vn 0.52469667 -0.09669629 0.84577966
vn 0.46311840 0.08100046 0.88258726
vn 0.40872800 -0.09844213 0.90733157
vn 0.28881712 -0.09626997 0.95253176
vn 0.53329460 0.80152106 0.27048265
vn 0.61087934 0.30823872 0.72925669
vn 0.60880139 0.59057516 0.52969977
vn 0.51815594 0.31761179 0.79412668
vn 0.54495375 0.60266342 0.58294272
vn 0.50408645 0.80976062 0.30030748
vn 0.41622107 0.32261877 0.85010420
vn 0.47546411 0.61776421 0.62633957
vn 0.47487584 0.81993638 0.31968308
vn 0.52892986 -0.81334390 0.24229094
vn 0.83037444 -0.46341544 0.30939363
vn 0.79018002 -0.56490277 0.23769811
vn 0.75920367 -0.63915819 0.12282753
vn 0.23844560 -0.91274186 0.33173180
vn 0.58244594 -0.68187082 0.44250301
vn 0.64531457 -0.48864069 0.58719620
vn 0.31903710 -0.72945635 0.60506921
vn 0.39719378 -0.45937953 0.79448571
vn 0.02853977 -0.93199458 0.36134692
vn 0.12826701 -0.72030096 0.68169942
vn 0.21894379 -0.39814908 0.89080914
vn -0.11218020 -0.98956251 0.09045246
vn -0.10777016 -0.99029788 0.08772511
vn -0.10366437 -0.99135535 0.08042558
vn 0.23239542 -0.38658299 0.89249424
vn 0.11914851 -0.72301039 0.68048483
vn -0.01108097 -0.93421478 0.35653886
vn 0.07561500 -0.93971233 0.33350130
vn 0.28991329 -0.73645185 0.61121924
vn 0.45840885 -0.39397831 0.79664447
vn 0.34605933 -0.39038653 0.85313615
vn 0.20603175 -0.72880646 0.65298703
vn 0.03745492 -0.93751638 0.34591930
f 1//1 2//2 3//3
f 3//3 2//2 4//4
f 3//3 4//4 5//5
f 5//5 4//4 6//6
f 5//5 6//6 7//7
f 8//8 2//2 9//9
f 9//9 2//2 1//1
f 9//9 1//1 10//10
f 11//11 12//12 6//6
f 6//6 12//12 13//13
f 6//6 13//13 7//7
f 11//11 6//6 14//14
f 14//14 6//6 4//4
f 14//14 4//4 15//15
f 15//15 4//4 2//2
f 15//15 2//2 16//16
f 16//16 2//2 8//8
f 16//16 8//8 17//17
f 18//18 19//19 20//20
f 17//17 21//21 16//16
f 16//16 21//21 22//22
f 16//16 22//22 15//15
f 15//15 22//22 18//18
f 15//15 18//18 14//14
f 14//14 18//18 20//20
f 14//14 20//20 11//11
f 23//23 19//19 24//24
f 24//24 19//19 18//18
f 24//24 18//18 25//25
f 25//25 18//18 22//22
f 25//25 22//22 26//26
f 26//26 22//22 21//21
f 26//26 21//21 27//27
f 27//27 21//21 17//17
f 28//28 29//29 30//30
f 30//30 29//29 31//31
f 31//31 29//29 32//32
f 32//32 29//29 33//33
f 32//32 33//33 34//34
f 34//34 33//33 35//35
f 35//35 33//33 36//36
f 35//35 36//36 37//37
f 37//37 36//36 38//38
f 37//37 38//38 39//39
f 40//40 41//41 42//42
f 42//42 41//41 43//43
f 42//42 43//43 44//44
f 44//44 43//43 45//45
f 44//44 45//45 46//46
f 46//46 45//45 47//47
f 47//47 45//45 48//48
f 47//47 48//48 49//49
f 50//50 49//49 51//51
f 51//51 49//49 48//48
f 51//51 48//48 52//52
f 52//52 48//48 53//53
f 54//54 38//38 55//55
f 55//55 38//38 36//36
f 55//55 36//36 56//56
f 56//56 36//36 33//33
f 56//56 33//33 57//57
f 57//57 33//33 29//29
f 57//57 29//29 58//58
f 58//58 29//29 28//28
f 41//41 54//54 43//43
f 43//43 54//54 55//55
f 43//43 55//55 45//45
f 45//45 55//55 56//56
f 45//45 56//56 48//48
f 48//48 56//56 57//57
f 48//48 57//57 53//53
f 53//53 57//57 58//58
f 52//52 19//19 51//51
f 51//51 19//19 23//23
f 51//51 23//23 50//50
f 30//30 7//7 28//28
f 28//28 7//7 13//13
f 28//28 13//13 58//58
f 58//58 13//13 12//12
f 58//58 12//12 53//53
f 53//53 12//12 11//11
f 53//53 11//11 52//52
f 52//52 11//11 20//20
f 52//52 20//20 19//19
f 59//59 60//60 61//61
f 62//62 63//63 64//64
f 65//65 66//66 63//63
f 63//63 66//66 67//67
f 63//63 67//67 64//64
f 64//64 67//67 68//68
f 64//64 68//68 69//69
f 69//69 68//68 70//70
f 71//71 69//69 72//72
f 72//72 69//69 70//70
f 72//72 70//70 73//73
f 62//62 64//64 74//74
f 74//74 64//64 69//69
f 74//74 69//69 75//75
f 75//75 69//69 71//71
f 75//75 71//71 76//76
f 76//76 77//77 75//75
f 75//75 77//77 78//78
f 75//75 78//78 74//74
f 74//74 78//78 59//59
f 74//74 59//59 62//62
f 62//62 59//59 61//61
f 62//62 61//61 63//63
f 63//63 61//61 79//79
f 63//63 79//79 65//65
f 80//80 60//60 81//81
f 81//81 60//60 59//59
f 81//81 59//59 82//82
f 82//82 59//59 78//78
f 82//82 78//78 83//83
f 83//83 78//78 77//77
f 83//83 77//77 84//84
f 84//84 77//77 76//76
f 85//85 86//86 87//87
f 87//87 86//86 88//88
f 88//88 86//86 89//89
f 89//89 86//86 90//90
f 89//89 90//90 91//91
f 91//91 90//90 92//92
f 92//92 90//90 93//93
f 92//92 93//93 94//94
f 94//94 93//93 95//95
f 94//94 95//95 96//96
f 97//97 98//98 99//99
f 99//99 98//98 100//100
f 99//99 100//100 101//101
f 101//101 100//100 102//102
f 101//101 102//102 103//103
f 103//103 102//102 104//104
f 104//104 102//102 105//105
f 104//104 105//105 106//106
f 106//106 105//105 107//107
f 106//106 107//107 108//108
f 98//98 95//95 100//100
f 100//100 95//95 93//93
f 100//100 93//93 102//102
f 102//102 93//93 90//90
f 102//102 90//90 105//105
f 105//105 90//90 86//86
f 105//105 86//86 107//107
f 107//107 86//86 85//85
f 107//107 60//60 108//108
f 108//108 60//60 80//80
f 85//85 87//87 66//66
f 66//66 65//65 85//85
f 85//85 65//65 79//79
f 85//85 79//79 107//107
f 107//107 79//79 61//61
f 107//107 61//61 60//60
f 66//66 87//87 23//23
f 23//23 87//87 50//50
f 50//50 87//87 49//49
f 49//49 87//87 88//88
f 49//49 88//88 47//47
f 47//47 88//88 89//89
f 47//47 89//89 46//46
f 46//46 89//89 91//91
f 46//46 91//91 44//44
f 44//44 91//91 92//92
f 44//44 92//92 42//42
f 42//42 92//92 94//94
f 42//42 94//94 40//40
f 40//40 94//94 96//96
f 66//66 23//23 67//67
f 67//67 23//23 24//24
f 67//67 24//24 68//68
f 68//68 24//24 25//25
f 68//68 25//25 70//70
f 70//70 25//25 26//26
f 70//70 26//26 73//73
f 73//73 26//26 27//27
f 109//109 110//110 97//97
f 97//97 110//110 39//39
f 39//39 38//38 54//54
f 95//95 98//98 96//96
f 96//96 98//98 97//97
f 96//96 97//97 40//40
f 40//40 97//97 39//39
f 40//40 39//39 41//41
f 41//41 39//39 54//54
f 111//111 112//112 10//10
f 10//10 112//112 84//84
f 72//72 73//73 71//71
f 71//71 73//73 76//76
f 27//27 17//17 8//8
f 8//8 9//9 27//27
f 27//27 9//9 10//10
f 27//27 10//10 73//73
f 73//73 10//10 84//84
f 73//73 84//84 76//76
f 81//81 82//82 113//113
f 114//114 80//80 115//115
f 115//115 80//80 81//81
f 115//115 81//81 116//116
f 116//116 81//81 113//113
f 83//83 84//84 112//112
f 112//112 117//117 83//83
f 83//83 117//117 118//118
f 83//83 118//118 82//82
f 82//82 118//118 119//119
f 82//82 119//119 113//113
f 109//109 97//97 99//99
f 109//109 99//99 120//120
f 120//120 99//99 101//101
f 120//120 101//101 121//121
f 121//121 101//101 103//103
f 121//121 103//103 122//122
f 108//108 123//123 106//106
f 106//106 123//123 122//122
f 106//106 122//122 104//104
f 104//104 122//122 103//103
f 124//124 125//125 126//126
f 126//126 125//125 127//127
f 126//126 127//127 128//128
f 128//128 127//127 129//129
f 128//128 129//129 130//130
f 130//130 129//129 131//131
f 130//130 131//131 132//132
f 132//132 131//131 133//133
f 123//123 124//124 122//122
f 122//122 124//124 126//126
f 122//122 126//126 121//121
f 121//121 126//126 128//128
f 121//121 128//128 120//120
f 120//120 128//128 130//130
f 120//120 130//130 109//109
f 109//109 130//130 132//132
f 132//132 133//133 134//134
f 134//134 135//135 132//132
f 132//132 135//135 110//110
f 132//132 110//110 109//109
f 136//136 133//133 137//137
f 137//137 133//133 131//131
f 137//137 131//131 138//138
f 138//138 131//131 129//129
f 138//138 129//129 139//139
f 139//139 129//129 140//140
f 140//140 129//129 127//127
f 140//140 127//127 141//141
f 141//141 127//127 125//125
f 141//141 125//125 142//142
f 143//143 144//144 145//145
f 145//145 144//144 146//146
f 145//145 146//146 147//147
f 147//147 146//146 148//148
f 147//147 148//148 149//149
f 149//149 148//148 150//150
f 150//150 148//148 151//151
f 150//150 151//151 152//152
f 152//152 151//151 134//134
f 152//152 134//134 153//153
f 154//154 155//155 156//156
f 156//156 155//155 157//157
f 156//156 157//157 158//158
f 158//158 157//157 159//159
f 158//158 159//159 160//160
f 160//160 159//159 161//161
f 160//160 161//161 135//135
f 135//135 161//161 110//110
f 144//144 154//154 146//146
f 146//146 154//154 156//156
f 146//146 156//156 148//148
f 148//148 156//156 158//158
f 148//148 158//158 151//151
f 151//151 158//158 160//160
f 151//151 160//160 134//134
f 134//134 160//160 135//135
f 39//39 110//110 37//37
f 37//37 110//110 161//161
f 37//37 161//161 35//35
f 35//35 161//161 34//34
f 34//34 161//161 159//159
f 34//34 159//159 32//32
f 32//32 159//159 157//157
f 32//32 157//157 31//31
f 31//31 157//157 155//155
f 31//31 155//155 30//30
f 111//111 10//10 162//162
f 162//162 10//10 1//1
f 162//162 1//1 163//163
f 163//163 1//1 3//3
f 164//164 165//165 3//3
f 3//3 165//165 166//166
f 3//3 166//166 163//163
f 5//5 7//7 167//167
f 167//167 168//168 5//5
f 5//5 168//168 169//169
f 5//5 169//169 3//3
f 3//3 169//169 170//170
f 3//3 170//170 164//164
f 171//171 172//172 173//173
f 174//174 175//175 176//176
f 176//176 175//175 177//177
f 176//176 177//177 178//178
f 178//178 177//177 179//179
f 178//178 179//179 180//180
f 180//180 179//179 181//181
f 180//180 181//181 182//182
f 182//182 181//181 183//183
f 184//184 174//174 185//185
f 185//185 174//174 176//176
f 185//185 176//176 186//186
f 186//186 176//176 178//178
f 186//186 178//178 173//173
f 173//173 178//178 180//180
f 173//173 180//180 171//171
f 171//171 180//180 182//182
f 187//187 184//184 188//188
f 188//188 184//184 185//185
f 188//188 185//185 189//189
f 189//189 185//185 186//186
f 189//189 186//186 190//190
f 190//190 186//186 173//173
f 190//190 173//173 191//191
f 191//191 173//173 172//172
f 192//192 187//187 193//193
f 193//193 187//187 188//188
f 193//193 188//188 194//194
f 194//194 188//188 189//189
f 194//194 189//189 195//195
f 195//195 189//189 190//190
f 195//195 190//190 196//196
f 196//196 190//190 191//191
f 175//175 197//197 198//198
f 175//175 198//198 177//177
f 177//177 198//198 199//199
f 177//177 199//199 179//179
f 179//179 199//199 200//200
f 179//179 200//200 181//181
f 181//181 200//200 201//201
f 181//181 201//201 183//183
f 198//198 197//197 202//202
f 199//199 198//198 203//203
f 200//200 199//199 204//204
f 201//201 200//200 205//205
f 205//205 200//200 206//206
f 205//205 206//206 207//207
f 207//207 206//206 208//208
f 198//198 202//202 203//203
f 203//203 202//202 209//209
f 203//203 209//209 210//210
f 210//210 209//209 211//211
f 210//210 211//211 212//212
f 199//199 203//203 204//204
f 204//204 203//203 210//210
f 204//204 210//210 213//213
f 213//213 210//210 212//212
f 213//213 212//212 214//214
f 211//211 215//215 212//212
f 212//212 215//215 216//216
f 212//212 216//216 214//214
f 214//214 216//216 217//217
f 214//214 217//217 218//218
f 200//200 204//204 206//206
f 206//206 204//204 213//213
f 206//206 213//213 219//219
f 219//219 213//213 214//214
f 219//219 214//214 220//220
f 220//220 214//214 218//218
f 220//220 218//218 221//221
f 208//208 206//206 222//222
f 222//222 206//206 219//219
f 222//222 219//219 223//223
f 223//223 219//219 220//220
f 223//223 220//220 224//224
f 224//224 220//220 221//221
f 224//224 221//221 225//225
f 226//226 227//227 228//228
f 229//229 230//230 231//231
f 232//232 233//233 234//234
f 227//227 226//226 235//235
f 235//235 226//226 236//236
f 235//235 236//236 237//237
f 238//238 239//239 240//240
f 240//240 241//241 238//238
f 238//238 241//241 242//242
f 238//238 242//242 232//232
f 243//243 244//244 245//245
f 245//245 244//244 246//246
f 245//245 246//246 247//247
f 248//248 249//249 250//250
f 232//232 234//234 238//238
f 238//238 234//234 251//251
f 238//238 251//251 239//239
f 252//252 253//253 236//236
f 236//236 253//253 254//254
f 236//236 254//254 237//237
f 247//247 255//255 245//245
f 245//245 255//255 256//256
f 245//245 256//256 257//257
f 230//230 258//258 231//231
f 231//231 258//258 244//244
f 231//231 244//244 259//259
f 259//259 244//244 243//243
f 259//259 243//243 242//242
f 242//242 243//243 245//245
f 242//242 245//245 232//232
f 232//232 245//245 257//257
f 232//232 257//257 233//233
f 250//250 229//229 248//248
f 248//248 229//229 231//231
f 248//248 231//231 228//228
f 228//228 231//231 259//259
f 228//228 259//259 226//226
f 226//226 259//259 242//242
f 226//226 242//242 236//236
f 236//236 242//242 241//241
f 236//236 241//241 252//252
f 252//252 241//241 240//240
f 260//260 261//261 237//237
f 237//237 261//261 235//235
f 235//235 261//261 227//227
f 227//227 261//261 262//262
f 227//227 262//262 228//228
f 262//262 263//263 228//228
f 228//228 263//263 264//264
f 228//228 264//264 248//248
f 248//248 264//264 265//265
f 248//248 265//265 249//249
f 263//263 262//262 266//266
f 267//267 268//268 269//269
f 270//270 267//267 271//271
f 272//272 270//270 273//273
f 274//274 269//269 275//275
f 275//275 269//269 268//268
f 275//275 268//268 276//276
f 277//277 278//278 274//274
f 274//274 278//278 279//279
f 274//274 279//279 269//269
f 277//277 280//280 278//278
f 278//278 280//280 265//265
f 278//278 265//265 264//264
f 267//267 269//269 271//271
f 271//271 269//269 279//279
f 271//271 279//279 281//281
f 281//281 279//279 278//278
f 281//281 278//278 266//266
f 266//266 278//278 264//264
f 266//266 264//264 263//263
f 270//270 271//271 273//273
f 273//273 271//271 281//281
f 273//273 281//281 282//282
f 282//282 281//281 266//266
f 282//282 266//266 283//283
f 283//283 266//266 262//262
f 283//283 262//262 261//261
f 272//272 273//273 284//284
f 284//284 273//273 282//282
f 284//284 282//282 285//285
f 285//285 282//282 283//283
f 285//285 283//283 286//286
f 286//286 283//283 261//261
f 286//286 261//261 260//260
f 272//272 114//114 287//287
f 272//272 287//287 270//270
f 287//287 288//288 270//270
f 270//270 288//288 289//289
f 270//270 289//289 267//267
f 267//267 289//289 290//290
f 267//267 290//290 268//268
f 290//290 291//291 268//268
f 268//268 291//291 292//292
f 268//268 292//292 276//276
f 167//167 192//192 293//293
f 293//293 192//192 193//193
f 293//293 193//193 294//294
f 294//294 193//193 295//295
f 295//295 193//193 194//194
f 295//295 194//194 296//296
f 296//296 194//194 195//195
f 296//296 195//195 297//297
f 297//297 195//195 196//196
f 297//297 196//196 298//298
f 299//299 300//300 301//301
f 168//168 167//167 293//293
f 302//302 303//303 304//304
f 304//304 303//303 305//305
f 304//304 305//305 306//306
f 306//306 305//305 307//307
f 168//168 302//302 169//169
f 169//169 302//302 304//304
f 169//169 304//304 170//170
f 170//170 304//304 306//306
f 301//301 300//300 308//308
f 308//308 300//300 309//309
f 308//308 309//309 310//310
f 310//310 309//309 311//311
f 310//310 311//311 312//312
f 313//313 299//299 314//314
f 314//314 299//299 301//301
f 314//314 301//301 315//315
f 315//315 301//301 308//308
f 315//315 308//308 307//307
f 307//307 308//308 310//310
f 307//307 310//310 306//306
f 306//306 310//310 312//312
f 306//306 312//312 170//170
f 302//302 316//316 303//303
f 303//303 316//316 317//317
f 303//303 317//317 305//305
f 305//305 317//317 318//318
f 305//305 318//318 307//307
f 307//307 318//318 319//319
f 307//307 319//319 315//315
f 315//315 319//319 320//320
f 315//315 320//320 314//314
f 314//314 320//320 321//321
f 314//314 321//321 313//313
f 322//322 323//323 324//324
f 325//325 326//326 327//327
f 327//327 326//326 324//324
f 327//327 324//324 328//328
f 328//328 324//324 323//323
f 328//328 323//323 329//329
f 293//293 294//294 325//325
f 325//325 294//294 295//295
f 325//325 295//295 326//326
f 326//326 295//295 296//296
f 326//326 296//296 297//297
f 297//297 298//298 326//326
f 326//326 298//298 330//330
f 326//326 330//330 324//324
f 324//324 330//330 331//331
f 324//324 331//331 322//322
f 313//313 111//111 299//299
f 299//299 111//111 162//162
f 299//299 162//162 300//300
f 300//300 162//162 163//163
f 300//300 163//163 309//309
f 309//309 163//163 166//166
f 309//309 166//166 311//311
f 311//311 166//166 165//165
f 311//311 165//165 312//312
f 312//312 165//165 164//164
f 312//312 164//164 170//170
f 322//322 332//332 323//323
f 323//323 332//332 333//333
f 323//323 333//333 329//329
f 329//329 333//333 334//334
f 329//329 334//334 335//335
f 335//335 334//334 336//336
f 335//335 336//336 337//337
f 168//168 293//293 302//302
f 302//302 293//293 325//325
f 302//302 325//325 316//316
f 316//316 325//325 327//327
f 316//316 327//327 317//317
f 317//317 327//327 328//328
f 317//317 328//328 318//318
f 318//318 328//328 329//329
f 318//318 329//329 319//319
f 319//319 329//329 335//335
f 319//319 335//335 320//320
f 320//320 335//335 337//337
f 320//320 337//337 321//321
f 332//332 338//338 339//339
f 332//332 339//339 333//333
f 333//333 339//339 340//340
f 333//333 340//340 334//334
f 334//334 340//340 336//336
f 336//336 340//340 341//341
f 336//336 341//341 337//337
f 337//337 341//341 342//342
f 337//337 342//342 343//343
f 112//112 111//111 344//344
f 344//344 111//111 313//313
f 344//344 313//313 343//343
f 343//343 313//313 321//321
f 343//343 321//321 337//337
f 115//115 116//116 345//345
f 346//346 347//347 348//348
f 349//349 348//348 350//350
f 344//344 343//343 351//351
f 342//342 341//341 352//352
f 352//352 341//341 353//353
f 352//352 353//353 354//354
f 112//112 344//344 355//355
f 344//344 351//351 355//355
f 355//355 351//351 356//356
f 355//355 356//356 357//357
f 357//357 356//356 358//358
f 357//357 358//358 359//359
f 354//354 360//360 361//361
f 112//112 355//355 117//117
f 117//117 355//355 357//357
f 117//117 357//357 118//118
f 118//118 357//357 359//359
f 118//118 359//359 119//119
f 348//348 349//349 346//346
f 346//346 349//349 362//362
f 346//346 362//362 363//363
f 363//363 362//362 364//364
f 363//363 364//364 365//365
f 341//341 340//340 353//353
f 353//353 340//340 366//366
f 353//353 366//366 354//354
f 354//354 366//366 367//367
f 354//354 367//367 360//360
f 368//368 347//347 369//369
f 369//369 347//347 346//346
f 369//369 346//346 370//370
f 370//370 346//346 363//363
f 370//370 363//363 371//371
f 371//371 363//363 365//365
f 371//371 365//365 338//338
f 115//115 345//345 114//114
f 113//113 119//119 372//372
f 372//372 119//119 359//359
f 372//372 359//359 361//361
f 361//361 359//359 358//358
f 361//361 358//358 354//354
f 354//354 358//358 356//356
f 354//354 356//356 352//352
f 352//352 356//356 351//351
f 352//352 351//351 342//342
f 342//342 351//351 343//343
f 368//368 292//292 347//347
f 347//347 292//292 291//291
f 347//347 291//291 348//348
f 348//348 291//291 290//290
f 348//348 290//290 350//350
f 350//350 290//290 289//289
f 350//350 289//289 373//373
f 373//373 289//289 288//288
f 373//373 288//288 345//345
f 345//345 288//288 287//287
f 345//345 287//287 114//114
f 116//116 113//113 345//345
f 345//345 113//113 372//372
f 345//345 372//372 373//373
f 373//373 372//372 361//361
f 373//373 361//361 350//350
f 350//350 361//361 360//360
f 350//350 360//360 349//349
f 349//349 360//360 367//367
f 349//349 367//367 362//362
f 362//362 367//367 366//366
f 362//362 366//366 364//364
f 364//364 366//366 340//340
f 364//364 340//340 365//365
f 365//365 340//340 339//339
f 365//365 339//339 338//338
f 374//374 375//375 376//376
f 376//376 375//375 377//377
f 376//376 377//377 378//378
f 377//377 379//379 378//378
f 378//378 379//379 380//380
f 378//378 380//380 381//381
f 382//382 383//383 384//384
f 384//384 383//383 385//385
f 385//385 383//383 386//386
f 386//386 383//383 387//387
f 386//386 387//387 388//388
f 388//388 387//387 389//389
f 388//388 389//389 390//390
f 390//390 389//389 391//391
f 390//390 391//391 392//392
f 108//108 80//80 123//123
f 123//123 80//80 114//114
f 123//123 114//114 124//124
f 124//124 114//114 125//125
f 125//125 114//114 272//272
f 125//125 272//272 284//284
f 260//260 142//142 286//286
f 286//286 142//142 125//125
f 286//286 125//125 285//285
f 285//285 125//125 284//284
f 260//260 237//237 142//142
f 142//142 237//237 254//254
f 142//142 254//254 253//253
f 253//253 252//252 142//142
f 142//142 252//252 240//240
f 142//142 240//240 251//251
f 251//251 240//240 239//239
f 153//153 134//134 136//136
f 136//136 134//134 133//133
f 143//143 174//174 144//144
f 144//144 174//174 184//184
f 144//144 184//184 187//187
f 7//7 30//30 167//167
f 167//167 30//30 155//155
f 215//215 211//211 209//209
f 155//155 154//154 167//167
f 167//167 154//154 144//144
f 167//167 144//144 192//192
f 192//192 144//144 187//187
f 209//209 202//202 215//215
f 215//215 202//202 197//197
f 215//215 197//197 143//143
f 143//143 197//197 175//175
f 143//143 175//175 174//174
f 183//183 393//393 182//182
f 182//182 393//393 394//394
f 182//182 394//394 171//171
f 171//171 394//394 395//395
f 171//171 395//395 172//172
f 172//172 395//395 396//396
f 172//172 396//396 191//191
f 396//396 397//397 191//191
f 191//191 397//397 398//398
f 191//191 398//398 196//196
f 183//183 201//201 393//393
f 393//393 201//201 399//399
f 399//399 201//201 400//400
f 400//400 201//201 205//205
f 400//400 205//205 401//401
f 401//401 205//205 207//207
f 401//401 207//207 402//402
f 402//402 207//207 403//403
f 403//403 207//207 208//208
f 403//403 208//208 404//404
f 404//404 208//208 222//222
f 404//404 222//222 405//405
f 405//405 222//222 406//406
f 406//406 222//222 223//223
f 406//406 223//223 407//407
f 407//407 223//223 408//408
f 408//408 223//223 224//224
f 408//408 224//224 409//409
f 409//409 224//224 225//225
f 409//409 225//225 410//410
f 388//388 390//390 411//411
f 412//412 413//413 414//414
f 414//414 413//413 415//415
f 414//414 415//415 416//416
f 416//416 415//415 417//417
f 416//416 417//417 418//418
f 418//418 417//417 419//419
f 418//418 419//419 420//420
f 420//420 419//419 421//421
f 420//420 421//421 422//422
f 422//422 421//421 423//423
f 386//386 388//388 424//424
f 424//424 388//388 411//411
f 424//424 411//411 425//425
f 425//425 411//411 426//426
f 384//384 385//385 427//427
f 427//427 385//385 428//428
f 427//427 428//428 429//429
f 429//429 428//428 430//430
f 429//429 430//430 431//431
f 431//431 430//430 432//432
f 431//431 432//432 433//433
f 433//433 432//432 434//434
f 433//433 434//434 435//435
f 435//435 434//434 436//436
f 435//435 436//436 437//437
f 437//437 436//436 438//438
f 437//437 438//438 439//439
f 439//439 438//438 440//440
f 439//439 440//440 441//441
f 441//441 440//440 442//442
f 390//390 392//392 411//411
f 411//411 392//392 443//443
f 411//411 443//443 426//426
f 426//426 443//443 444//444
f 445//445 412//412 446//446
f 446//446 412//412 414//414
f 446//446 414//414 447//447
f 447//447 414//414 416//416
f 447//447 416//416 448//448
f 448//448 416//416 418//418
f 448//448 418//418 449//449
f 449//449 418//418 420//420
f 449//449 420//420 444//444
f 444//444 420//420 422//422
f 444//444 422//422 426//426
f 426//426 422//422 423//423
f 426//426 423//423 425//425
f 385//385 386//386 428//428
f 428//428 386//386 424//424
f 428//428 424//424 430//430
f 430//430 424//424 425//425
f 430//430 425//425 432//432
f 432//432 425//425 423//423
f 432//432 423//423 434//434
f 434//434 423//423 421//421
f 434//434 421//421 436//436
f 436//436 421//421 419//419
f 436//436 419//419 438//438
f 438//438 419//419 417//417
f 438//438 417//417 440//440
f 440//440 417//417 415//415
f 440//440 415//415 442//442
f 442//442 415//415 413//413
f 450//450 451//451 374//374
f 452//452 453//453 450//450
f 450//450 453//453 454//454
f 450//450 454//454 451//451
f 455//455 456//456 454//454
f 454//454 456//456 457//457
f 454//454 457//457 451//451
f 458//458 459//459 460//460
f 460//460 459//459 461//461
f 460//460 461//461 462//462
f 462//462 461//461 463//463
f 462//462 463//463 464//464
f 464//464 463//463 465//465
f 464//464 465//465 466//466
f 466//466 465//465 467//467
f 466//466 467//467 468//468
f 376//376 378//378 469//469
f 469//469 378//378 381//381
f 469//469 381//381 470//470
f 470//470 381//381 471//471
f 452//452 472//472 473//473
f 473//473 472//472 474//474
f 473//473 474//474 475//475
f 374//374 376//376 450//450
f 450//450 376//376 469//469
f 450//450 469//469 452//452
f 452//452 469//469 470//470
f 452//452 470//470 472//472
f 472//472 470//470 471//471
f 472//472 471//471 474//474
f 459//459 455//455 461//461
f 461//461 455//455 454//454
f 461//461 454//454 463//463
f 463//463 454//454 453//453
f 463//463 453//453 465//465
f 465//465 453//453 452//452
f 465//465 452//452 467//467
f 467//467 452//452 473//473
f 467//467 473//473 468//468
f 468//468 473//473 475//475
f 476//476 255//255 477//477
f 477//477 255//255 247//247
f 477//477 247//247 478//478
f 478//478 247//247 246//246
f 478//478 246//246 479//479
f 479//479 246//246 244//244
f 479//479 244//244 480//480
f 480//480 244//244 258//258
f 480//480 258//258 481//481
f 481//481 258//258 230//230
f 481//481 230//230 482//482
f 482//482 230//230 229//229
f 482//482 229//229 483//483
f 483//483 229//229 250//250
f 483//483 250//250 249//249
f 249//249 265//265 483//483
f 483//483 265//265 484//484
f 276//276 485//485 275//275
f 275//275 485//485 486//486
f 486//486 487//487 275//275
f 275//275 487//487 488//488
f 275//275 488//488 274//274
f 274//274 488//488 489//489
f 484//484 265//265 490//490
f 490//490 265//265 280//280
f 490//490 280//280 489//489
f 489//489 280//280 277//277
f 489//489 277//277 274//274
f 491//491 492//492 493//493
f 381//381 322//322 471//471
f 471//471 322//322 331//331
f 471//471 331//331 474//474
f 474//474 331//331 475//475
f 380//380 491//491 370//370
f 370//370 491//491 493//493
f 370//370 493//493 369//369
f 369//369 493//493 368//368
f 370//370 371//371 380//380
f 380//380 371//371 338//338
f 380//380 338//338 381//381
f 381//381 338//338 332//332
f 381//381 332//332 322//322
f 196//196 398//398 298//298
f 298//298 398//398 475//475
f 298//298 475//475 330//330
f 330//330 475//475 331//331
f 485//485 276//276 493//493
f 493//493 276//276 292//292
f 493//493 292//292 368//368
f 494//494 375//375 374//374
f 495//495 496//496 391//391
f 391//391 496//496 497//497
f 391//391 497//497 494//494
f 374//374 445//445 494//494
f 494//494 445//445 446//446
f 494//494 446//446 447//447
f 447//447 448//448 494//494
f 494//494 448//448 449//449
f 494//494 449//449 444//444
f 444//444 443//443 494//494
f 494//494 443//443 392//392
f 494//494 392//392 391//391
f 379//379 498//498 499//499
f 499//499 498//498 500//500
f 499//499 500//500 501//501
f 501//501 500//500 502//502
f 501//501 502//502 503//503
f 503//503 502//502 504//504
f 503//503 504//504 505//505
f 506//506 507//507 508//508
f 508//508 507//507 509//509
f 508//508 509//509 510//510
f 510//510 509//509 511//511
f 510//510 511//511 512//512
f 512//512 511//511 513//513
f 512//512 513//513 514//514
f 514//514 513//513 515//515
f 514//514 515//515 516//516
f 516//516 515//515 517//517
f 516//516 517//517 375//375
f 375//375 517//517 377//377
f 518//518 519//519 505//505
f 505//505 519//519 520//520
f 505//505 520//520 503//503
f 503//503 520//520 493//493
f 503//503 493//493 501//501
f 493//493 492//492 501//501
f 501//501 492//492 491//491
f 501//501 491//491 499//499
f 499//499 491//491 380//380
f 499//499 380//380 379//379
f 507//507 518//518 509//509
f 509//509 518//518 505//505
f 509//509 505//505 511//511
f 511//511 505//505 504//504
f 511//511 504//504 513//513
f 513//513 504//504 502//502
f 513//513 502//502 515//515
f 515//515 502//502 500//500
f 515//515 500//500 517//517
f 517//517 500//500 498//498
f 517//517 498//498 377//377
f 377//377 498//498 379//379
f 521//521 522//522 523//523
f 524//524 525//525 526//526
f 526//526 525//525 527//527
f 526//526 527//527 528//528
f 528//528 527//527 529//529
f 528//528 529//529 530//530
f 530//530 529//529 531//531
f 530//530 531//531 497//497
f 497//497 531//531 494//494
f 497//497 496//496 530//530
f 530//530 496//496 532//532
f 530//530 532//532 528//528
f 528//528 532//532 533//533
f 528//528 533//533 526//526
f 526//526 533//533 523//523
f 523//523 522//522 526//526
f 526//526 522//522 534//534
f 526//526 534//534 524//524
f 535//535 521//521 536//536
f 536//536 521//521 523//523
f 536//536 523//523 537//537
f 537//537 523//523 533//533
f 537//537 533//533 538//538
f 538//538 533//533 532//532
f 538//538 532//532 495//495
f 495//495 532//532 496//496
f 382//382 535//535 383//383
f 383//383 535//535 536//536
f 383//383 536//536 387//387
f 387//387 536//536 537//537
f 387//387 537//537 389//389
f 389//389 537//537 538//538
f 389//389 538//538 391//391
f 391//391 538//538 495//495
f 539//539 540//540 384//384
f 384//384 540//540 382//382
f 142//142 251//251 541//541
f 541//541 251//251 234//234
f 541//541 234//234 542//542
f 542//542 234//234 543//543
f 543//543 234//234 233//233
f 543//543 233//233 544//544
f 255//255 545//545 256//256
f 256//256 545//545 544//544
f 256//256 544//544 257//257
f 257//257 544//544 233//233
f 546//546 547//547 548//548
f 548//548 547//547 549//549
f 548//548 549//549 550//550
f 550//550 549//549 551//551
f 550//550 551//551 552//552
f 552//552 551//551 553//553
f 142//142 552//552 141//141
f 141//141 552//552 553//553
f 141//141 553//553 140//140
f 545//545 546//546 544//544
f 544//544 546//546 548//548
f 544//544 548//548 543//543
f 543//543 548//548 550//550
f 543//543 550//550 542//542
f 542//542 550//550 552//552
f 542//542 552//552 541//541
f 541//541 552//552 142//142
f 139//139 140//140 553//553
f 554//554 555//555 556//556
f 554//554 556//556 557//557
f 557//557 136//136 554//554
f 554//554 136//136 137//137
f 554//554 137//137 555//555
f 139//139 553//553 138//138
f 558//558 559//559 560//560
f 560//560 559//559 561//561
f 560//560 561//561 556//556
f 556//556 561//561 562//562
f 556//556 562//562 557//557
f 137//137 138//138 555//555
f 555//555 138//138 553//553
f 555//555 553//553 556//556
f 556//556 553//553 551//551
f 556//556 551//551 560//560
f 560//560 551//551 549//549
f 560//560 549//549 558//558
f 558//558 549//549 547//547
f 136//136 557//557 153//153
f 153//153 557//557 563//563
f 563//563 557//557 564//564
f 564//564 557//557 562//562
f 564//564 562//562 565//565
f 562//562 561//561 565//565
f 565//565 561//561 559//559
f 565//565 559//559 566//566
f 567//567 568//568 569//569
f 569//569 568//568 570//570
f 569//569 570//570 571//571
f 571//571 570//570 572//572
f 571//571 572//572 573//573
f 573//573 572//572 574//574
f 573//573 574//574 152//152
f 152//152 574//574 150//150
f 566//566 567//567 565//565
f 565//565 567//567 569//569
f 565//565 569//569 564//564
f 564//564 569//569 571//571
f 564//564 571//571 563//563
f 563//563 571//571 573//573
f 563//563 573//573 153//153
f 153//153 573//573 152//152
f 575//575 576//576 145//145
f 145//145 576//576 143//143
f 577//577 578//578 579//579
f 579//579 578//578 580//580
f 579//579 580//580 581//581
f 581//581 580//580 582//582
f 581//581 582//582 575//575
f 575//575 582//582 583//583
f 575//575 583//583 576//576
f 584//584 577//577 585//585
f 585//585 577//577 579//579
f 585//585 579//579 586//586
f 586//586 579//579 581//581
f 586//586 581//581 587//587
f 587//587 581//581 575//575
f 587//587 575//575 147//147
f 147//147 575//575 145//145
f 588//588 584//584 589//589
f 589//589 584//584 585//585
f 589//589 585//585 590//590
f 590//590 585//585 586//586
f 590//590 586//586 591//591
f 591//591 586//586 587//587
f 591//591 587//587 149//149
f 149//149 587//587 147//147
f 568//568 588//588 570//570
f 570//570 588//588 589//589
f 570//570 589//589 572//572
f 572//572 589//589 590//590
f 572//572 590//590 574//574
f 574//574 590//590 591//591
f 574//574 591//591 150//150
f 150//150 591//591 149//149
f 215//215 143//143 576//576
f 215//215 576//576 216//216
f 216//216 576//576 583//583
f 216//216 583//583 217//217
f 217//217 583//583 582//582
f 217//217 582//582 218//218
f 218//218 582//582 580//580
f 218//218 580//580 221//221
f 221//221 580//580 578//578
f 221//221 578//578 225//225
f 592//592 593//593 594//594
f 594//594 593//593 595//595
f 594//594 595//595 596//596
f 596//596 595//595 597//597
f 596//596 597//597 598//598
f 598//598 597//597 599//599
f 598//598 599//599 393//393
f 396//396 395//395 599//599
f 599//599 395//395 394//394
f 599//599 394//394 393//393
f 600//600 601//601 602//602
f 602//602 601//601 603//603
f 602//602 603//603 604//604
f 604//604 603//603 605//605
f 604//604 605//605 606//606
f 606//606 605//605 607//607
f 608//608 607//607 609//609
f 609//609 607//607 605//605
f 609//609 605//605 610//610
f 610//610 605//605 603//603
f 610//610 603//603 611//611
f 611//611 603//603 601//601
f 593//593 600//600 595//595
f 595//595 600//600 602//602
f 595//595 602//602 597//597
f 597//597 602//602 604//604
f 597//597 604//604 599//599
f 599//599 604//604 606//606
f 599//599 606//606 396//396
f 396//396 606//606 607//607
f 396//396 607//607 397//397
f 397//397 607//607 608//608
f 397//397 608//608 398//398
f 612//612 592//592 594//594
f 612//612 594//594 613//613
f 613//613 594//594 596//596
f 613//613 596//596 614//614
f 614//614 596//596 598//598
f 614//614 598//598 615//615
f 615//615 598//598 616//616
f 616//616 598//598 393//393
f 616//616 393//393 399//399
f 615//615 616//616 617//617
f 618//618 619//619 620//620
f 621//621 622//622 623//623
f 623//623 622//622 624//624
f 624//624 622//622 409//409
f 624//624 409//409 410//410
f 403//403 404//404 625//625
f 614//614 615//615 626//626
f 626//626 615//615 617//617
f 626//626 617//617 627//627
f 628//628 629//629 630//630
f 630//630 629//629 631//631
f 630//630 631//631 632//632
f 628//628 633//633 629//629
f 629//629 633//633 612//612
f 629//629 612//612 613//613
f 634//634 635//635 636//636
f 636//636 635//635 621//621
f 636//636 621//621 637//637
f 637//637 621//621 623//623
f 402//402 638//638 401//401
f 401//401 638//638 617//617
f 401//401 617//617 400//400
f 400//400 617//617 616//616
f 400//400 616//616 399//399
f 620//620 639//639 618//618
f 618//618 639//639 640//640
f 618//618 640//640 625//625
f 408//408 619//619 407//407
f 407//407 619//619 618//618
f 407//407 618//618 406//406
f 406//406 618//618 625//625
f 406//406 625//625 405//405
f 405//405 625//625 404//404
f 634//634 632//632 635//635
f 635//635 632//632 631//631
f 635//635 631//631 627//627
f 627//627 631//631 629//629
f 627//627 629//629 626//626
f 626//626 629//629 613//613
f 626//626 613//613 614//614
f 402//402 403//403 638//638
f 638//638 403//403 625//625
f 638//638 625//625 617//617
f 617//617 625//625 640//640
f 617//617 640//640 627//627
f 627//627 640//640 639//639
f 627//627 639//639 635//635
f 635//635 639//639 620//620
f 635//635 620//620 621//621
f 621//621 620//620 619//619
f 621//621 619//619 622//622
f 622//622 619//619 408//408
f 622//622 408//408 409//409
f 641//641 642//642 634//634
f 641//641 634//634 643//643
f 634//634 636//636 643//643
f 643//643 636//636 637//637
f 643//643 637//637 644//644
f 644//644 637//637 623//623
f 644//644 623//623 645//645
f 645//645 623//623 646//646
f 646//646 623//623 624//624
f 646//646 624//624 410//410
f 441//441 647//647 439//439
f 439//439 647//647 648//648
f 439//439 648//648 437//437
f 437//437 648//648 649//649
f 437//437 649//649 435//435
f 435//435 649//649 650//650
f 435//435 650//650 433//433
f 433//433 650//650 651//651
f 433//433 651//651 431//431
f 431//431 651//651 652//652
f 431//431 652//652 429//429
f 429//429 652//652 653//653
f 429//429 653//653 427//427
f 427//427 653//653 654//654
f 427//427 654//654 384//384
f 384//384 654//654 539//539
f 457//457 456//456 442//442
f 442//442 456//456 455//455
f 442//442 455//455 441//441
f 441//441 455//455 459//459
f 441//441 459//459 458//458
f 442//442 413//413 457//457
f 457//457 413//413 412//412
f 457//457 412//412 451//451
f 451//451 412//412 445//445
f 451//451 445//445 374//374
f 611//611 458//458 460//460
f 611//611 460//460 610//610
f 460//460 462//462 610//610
f 610//610 462//462 464//464
f 610//610 464//464 609//609
f 464//464 466//466 609//609
f 609//609 466//466 468//468
f 609//609 468//468 608//608
f 608//608 468//468 475//475
f 608//608 475//475 398//398
f 655//655 656//656 657//657
f 658//658 659//659 660//660
f 661//661 662//662 663//663
f 664//664 665//665 540//540
f 540//540 665//665 666//666
f 666//666 665//665 667//667
f 667//667 665//665 668//668
f 667//667 668//668 669//669
f 669//669 668//668 670//670
f 669//669 670//670 671//671
f 672//672 673//673 670//670
f 670//670 673//673 674//674
f 670//670 674//674 671//671
f 675//675 673//673 676//676
f 676//676 673//673 672//672
f 676//676 672//672 677//677
f 678//678 679//679 680//680
f 680//680 681//681 678//678
f 678//678 681//681 682//682
f 678//678 682//682 683//683
f 683//683 682//682 684//684
f 683//683 684//684 685//685
f 685//685 684//684 660//660
f 685//685 660//660 686//686
f 686//686 660//660 659//659
f 686//686 659//659 687//687
f 664//664 655//655 665//665
f 665//665 655//655 657//657
f 665//665 657//657 668//668
f 668//668 657//657 688//688
f 668//668 688//688 670//670
f 670//670 688//688 689//689
f 670//670 689//689 672//672
f 672//672 689//689 663//663
f 672//672 663//663 677//677
f 677//677 663//663 662//662
f 656//656 658//658 657//657
f 657//657 658//658 660//660
f 657//657 660//660 688//688
f 688//688 660//660 684//684
f 688//688 684//684 689//689
f 689//689 684//684 682//682
f 689//689 682//682 663//663
f 663//663 682//682 681//681
f 663//663 681//681 661//661
f 661//661 681//681 680//680
f 690//690 687//687 691//691
f 691//691 687//687 659//659
f 691//691 659//659 692//692
f 692//692 659//659 658//658
f 692//692 658//658 693//693
f 693//693 658//658 656//656
f 693//693 656//656 694//694
f 694//694 656//656 655//655
f 694//694 655//655 695//695
f 695//695 655//655 664//664
f 695//695 664//664 539//539
f 539//539 664//664 540//540
f 696//696 697//697 698//698
f 699//699 700//700 701//701
f 692//692 693//693 702//702
f 694//694 695//695 703//703
f 651//651 650//650 704//704
f 705//705 706//706 647//647
f 647//647 706//706 648//648
f 704//704 650//650 706//706
f 706//706 650//650 649//649
f 706//706 649//649 648//648
f 651//651 704//704 652//652
f 652//652 704//704 707//707
f 652//652 707//707 653//653
f 653//653 707//707 703//703
f 653//653 703//703 654//654
f 654//654 703//703 695//695
f 654//654 695//695 539//539
f 708//708 690//690 691//691
f 691//691 709//709 708//708
f 708//708 709//709 710//710
f 708//708 710//710 711//711
f 711//711 710//710 712//712
f 711//711 712//712 713//713
f 713//713 712//712 701//701
f 713//713 701//701 714//714
f 714//714 701//701 700//700
f 714//714 700//700 715//715
f 705//705 696//696 706//706
f 706//706 696//696 698//698
f 706//706 698//698 704//704
f 704//704 698//698 716//716
f 704//704 716//716 707//707
f 707//707 716//716 717//717
f 707//707 717//717 703//703
f 703//703 717//717 702//702
f 703//703 702//702 694//694
f 694//694 702//702 693//693
f 697//697 699//699 698//698
f 698//698 699//699 701//701
f 698//698 701//701 716//716
f 716//716 701//701 712//712
f 716//716 712//712 717//717
f 717//717 712//712 710//710
f 717//717 710//710 702//702
f 702//702 710//710 709//709
f 702//702 709//709 692//692
f 692//692 709//709 691//691
f 647//647 718//718 705//705
f 705//705 718//718 719//719
f 705//705 719//719 696//696
f 696//696 719//719 697//697
f 697//697 719//719 720//720
f 697//697 720//720 699//699
f 699//699 720//720 721//721
f 699//699 721//721 700//700
f 700//700 721//721 722//722
f 700//700 722//722 715//715
f 723//723 479//479 480//480
f 724//724 725//725 726//726
f 481//481 482//482 727//727
f 728//728 729//729 730//730
f 730//730 729//729 731//731
f 730//730 731//731 732//732
f 732//732 731//731 733//733
f 726//726 733//733 724//724
f 724//724 733//733 731//731
f 724//724 731//731 734//734
f 734//734 731//731 729//729
f 735//735 736//736 723//723
f 737//737 736//736 738//738
f 738//738 736//736 735//735
f 738//738 735//735 739//739
f 740//740 741//741 742//742
f 742//742 741//741 743//743
f 744//744 745//745 746//746
f 746//746 745//745 747//747
f 746//746 747//747 748//748
f 748//748 747//747 727//727
f 748//748 727//727 749//749
f 749//749 727//727 482//482
f 749//749 482//482 483//483
f 744//744 750//750 745//745
f 745//745 750//750 751//751
f 745//745 751//751 752//752
f 752//752 751//751 753//753
f 752//752 753//753 742//742
f 742//742 753//753 754//754
f 742//742 754//754 740//740
f 479//479 723//723 478//478
f 478//478 723//723 736//736
f 478//478 736//736 477//477
f 477//477 736//736 737//737
f 477//477 737//737 476//476
f 728//728 739//739 729//729
f 729//729 739//739 735//735
f 729//729 735//735 734//734
f 734//734 735//735 723//723
f 734//734 723//723 724//724
f 724//724 723//723 480//480
f 724//724 480//480 725//725
f 725//725 480//480 481//481
f 481//481 727//727 725//725
f 725//725 727//727 747//747
f 725//725 747//747 726//726
f 726//726 747//747 745//745
f 726//726 745//745 733//733
f 733//733 745//745 752//752
f 733//733 752//752 732//732
f 732//732 752//752 742//742
f 732//732 742//742 730//730
f 730//730 742//742 743//743
f 730//730 743//743 728//728
f 755//755 744//744 746//746
f 755//755 746//746 756//756
f 756//756 746//746 748//748
f 756//756 748//748 757//757
f 757//757 748//748 749//749
f 757//757 749//749 758//758
f 758//758 749//749 483//483
f 758//758 483//483 484//484
f 488//488 487//487 759//759
f 486//486 485//485 760//760
f 488//488 759//759 489//489
f 487//487 486//486 759//759
f 759//759 486//486 760//760
f 759//759 760//760 761//761
f 761//761 760//760 762//762
f 761//761 762//762 763//763
f 763//763 762//762 764//764
f 763//763 764//764 765//765
f 765//765 764//764 766//766
f 765//765 767//767 763//763
f 763//763 767//767 768//768
f 763//763 768//768 761//761
f 761//761 768//768 769//769
f 761//761 769//769 759//759
f 759//759 769//769 770//770
f 759//759 770//770 489//489
f 767//767 771//771 768//768
f 768//768 771//771 772//772
f 768//768 772//772 769//769
f 769//769 772//772 773//773
f 769//769 773//773 770//770
f 770//770 773//773 774//774
f 770//770 774//774 489//489
f 489//489 774//774 490//490
f 484//484 490//490 758//758
f 758//758 490//490 774//774
f 758//758 774//774 757//757
f 757//757 774//774 773//773
f 757//757 773//773 756//756
f 756//756 773//773 772//772
f 756//756 772//772 755//755
f 755//755 772//772 771//771
f 507//507 506//506 766//766
f 507//507 766//766 518//518
f 766//766 764//764 518//518
f 518//518 764//764 762//762
f 518//518 762//762 519//519
f 519//519 762//762 760//760
f 519//519 760//760 520//520
f 520//520 760//760 485//485
f 520//520 485//485 493//493
f 516//516 375//375 494//494
f 494//494 531//531 516//516
f 516//516 531//531 529//529
f 516//516 529//529 514//514
f 514//514 529//529 512//512
f 512//512 529//529 510//510
f 510//510 529//529 527//527
f 510//510 527//527 508//508
f 508//508 527//527 525//525
f 508//508 525//525 506//506
f 675//675 525//525 673//673
f 673//673 525//525 524//524
f 673//673 524//524 674//674
f 674//674 524//524 534//534
f 674//674 534//534 671//671
f 671//671 534//534 522//522
f 671//671 522//522 669//669
f 669//669 522//522 521//521
f 669//669 521//521 667//667
f 667//667 521//521 535//535
f 667//667 535//535 666//666
f 666//666 535//535 382//382
f 666//666 382//382 540//540
f 775//775 675//675 676//676
f 775//775 676//676 776//776
f 776//776 676//676 677//677
f 776//776 677//677 777//777
f 777//777 677//677 662//662
f 777//777 662//662 778//778
f 679//679 779//779 680//680
f 680//680 779//779 778//778
f 680//680 778//778 661//661
f 661//661 778//778 662//662
f 741//741 780//780 781//781
f 741//741 781//781 743//743
f 743//743 781//781 782//782
f 743//743 782//782 728//728
f 728//728 782//782 739//739
f 739//739 782//782 783//783
f 739//739 783//783 738//738
f 738//738 783//783 737//737
f 737//737 783//783 784//784
f 737//737 784//784 476//476
f 784//784 785//785 547//547
f 786//786 787//787 788//788
f 568//568 567//567 789//789
f 789//789 567//567 566//566
f 789//789 566//566 790//790
f 566//566 559//559 790//790
f 790//790 559//559 558//558
f 790//790 558//558 791//791
f 791//791 558//558 547//547
f 791//791 547//547 792//792
f 792//792 547//547 785//785
f 255//255 476//476 545//545
f 545//545 476//476 784//784
f 545//545 784//784 546//546
f 546//546 784//784 547//547
f 789//789 786//786 568//568
f 568//568 786//786 788//788
f 568//568 788//788 588//588
f 588//588 788//788 793//793
f 588//588 793//793 584//584
f 584//584 793//793 646//646
f 584//584 646//646 577//577
f 410//410 225//225 646//646
f 646//646 225//225 578//578
f 646//646 578//578 577//577
f 601//601 600//600 794//794
f 794//794 600//600 593//593
f 794//794 593//593 642//642
f 642//642 593//593 592//592
f 642//642 592//592 612//612
f 647//647 441//441 718//718
f 718//718 441//441 458//458
f 718//718 458//458 795//795
f 795//795 458//458 794//794
f 794//794 458//458 611//611
f 794//794 611//611 601//601
f 612//612 633//633 642//642
f 642//642 633//633 628//628
f 642//642 628//628 634//634
f 634//634 628//628 630//630
f 634//634 630//630 632//632
f 796//796 797//797 798//798
f 799//799 800//800 801//801
f 802//802 803//803 804//804
f 797//797 799//799 798//798
f 798//798 799//799 801//801
f 798//798 801//801 805//805
f 805//805 801//801 806//806
f 805//805 806//806 807//807
f 807//807 806//806 808//808
f 807//807 808//808 809//809
f 810//810 811//811 812//812
f 812//812 811//811 813//813
f 814//814 802//802 815//815
f 815//815 802//802 804//804
f 815//815 804//804 816//816
f 816//816 804//804 813//813
f 816//816 813//813 817//817
f 817//817 813//813 811//811
f 814//814 793//793 788//788
f 814//814 788//788 802//802
f 802//802 788//788 787//787
f 802//802 787//787 803//803
f 646//646 809//809 645//645
f 645//645 809//809 808//808
f 645//645 808//808 644//644
f 644//644 808//808 806//806
f 644//644 806//806 643//643
f 643//643 806//806 801//801
f 643//643 801//801 641//641
f 641//641 801//801 800//800
f 641//641 800//800 642//642
f 646//646 793//793 809//809
f 809//809 793//793 814//814
f 809//809 814//814 807//807
f 807//807 814//814 815//815
f 807//807 815//815 805//805
f 805//805 815//815 816//816
f 805//805 816//816 798//798
f 798//798 816//816 817//817
f 798//798 817//817 796//796
f 796//796 817//817 811//811
f 813//813 804//804 818//818
f 818//818 804//804 803//803
f 819//819 820//820 821//821
f 822//822 810//810 812//812
f 812//812 823//823 822//822
f 822//822 823//823 824//824
f 822//822 824//824 825//825
f 825//825 824//824 826//826
f 825//825 826//826 827//827
f 827//827 826//826 828//828
f 787//787 786//786 803//803
f 803//803 786//786 821//821
f 803//803 821//821 818//818
f 818//818 821//821 820//820
f 786//786 789//789 821//821
f 821//821 789//789 829//829
f 821//821 829//829 819//819
f 819//819 829//829 830//830
f 812//812 813//813 823//823
f 823//823 813//813 818//818
f 823//823 818//818 824//824
f 824//824 818//818 820//820
f 824//824 820//820 826//826
f 826//826 820//820 819//819
f 826//826 819//819 828//828
f 828//828 819//819 830//830
f 715//715 722//722 779//779
f 683//683 685//685 678//678
f 678//678 685//685 686//686
f 678//678 686//686 679//679
f 679//679 686//686 687//687
f 679//679 687//687 779//779
f 687//687 690//690 779//779
f 779//779 690//690 708//708
f 779//779 708//708 711//711
f 711//711 713//713 779//779
f 779//779 713//713 714//714
f 779//779 714//714 715//715
f 795//795 794//794 831//831
f 831//831 794//794 832//832
f 831//831 832//832 833//833
f 833//833 832//832 834//834
f 833//833 834//834 835//835
f 835//835 834//834 836//836
f 835//835 836//836 837//837
f 837//837 836//836 838//838
f 718//718 795//795 719//719
f 719//719 795//795 831//831
f 719//719 831//831 720//720
f 720//720 831//831 833//833
f 720//720 833//833 721//721
f 721//721 833//833 835//835
f 721//721 835//835 722//722
f 722//722 835//835 837//837
f 839//839 775//775 840//840
f 840//840 775//775 776//776
f 840//840 776//776 841//841
f 841//841 776//776 777//777
f 841//841 777//777 842//842
f 842//842 777//777 778//778
f 842//842 778//778 843//843
f 843//843 778//778 779//779
f 844//844 839//839 845//845
f 845//845 839//839 840//840
f 845//845 840//840 846//846
f 846//846 840//840 841//841
f 846//846 841//841 847//847
f 847//847 841//841 842//842
f 847//847 842//842 848//848
f 848//848 842//842 843//843
f 767//767 765//765 844//844
f 767//767 844//844 771//771
f 771//771 844//844 780//780
f 771//771 780//780 755//755
f 525//525 675//675 506//506
f 506//506 675//675 775//775
f 775//775 839//839 506//506
f 506//506 839//839 844//844
f 506//506 844//844 766//766
f 766//766 844//844 765//765
f 741//741 740//740 754//754
f 751//751 750//750 780//780
f 780//780 750//750 744//744
f 780//780 744//744 755//755
f 741//741 754//754 780//780
f 780//780 754//754 753//753
f 780//780 753//753 751//751
f 849//849 850//850 851//851
f 852//852 853//853 854//854
f 851//851 850//850 855//855
f 856//856 857//857 858//858
f 859//859 860//860 861//861
f 861//861 860//860 862//862
f 861//861 862//862 863//863
f 863//863 862//862 864//864
f 863//863 864//864 865//865
f 865//865 864//864 858//858
f 865//865 858//858 866//866
f 866//866 858//858 857//857
f 866//866 857//857 867//867
f 851//851 868//868 849//849
f 849//849 868//868 869//869
f 849//849 869//869 870//870
f 870//870 869//869 871//871
f 870//870 871//871 872//872
f 850//850 873//873 855//855
f 855//855 873//873 874//874
f 855//855 874//874 792//792
f 792//792 874//874 791//791
f 860//860 852//852 862//862
f 862//862 852//852 854//854
f 862//862 854//854 864//864
f 864//864 854//854 875//875
f 864//864 875//875 858//858
f 858//858 875//875 876//876
f 858//858 876//876 856//856
f 856//856 790//790 857//857
f 857//857 790//790 791//791
f 857//857 791//791 867//867
f 867//867 791//791 874//874
f 867//867 874//874 866//866
f 866//866 874//874 873//873
f 866//866 873//873 865//865
f 865//865 873//873 850//850
f 865//865 850//850 863//863
f 863//863 850//850 849//849
f 863//863 849//849 861//861
f 861//861 849//849 870//870
f 861//861 870//870 859//859
f 859//859 870//870 872//872
f 877//877 851//851 855//855
f 878//878 783//783 782//782
f 879//879 880//880 881//881
f 882//882 879//879 883//883
f 883//883 879//879 881//881
f 883//883 881//881 884//884
f 884//884 881//881 885//885
f 884//884 885//885 886//886
f 886//886 885//885 877//877
f 886//886 877//877 887//887
f 887//887 877//877 855//855
f 887//887 855//855 792//792
f 888//888 878//878 889//889
f 889//889 878//878 782//782
f 889//889 782//782 890//890
f 890//890 782//782 781//781
f 890//890 781//781 891//891
f 891//891 781//781 780//780
f 888//888 785//785 878//878
f 878//878 785//785 784//784
f 878//878 784//784 783//783
f 851//851 877//877 868//868
f 868//868 877//877 885//885
f 868//868 885//885 869//869
f 869//869 885//885 881//881
f 869//869 881//881 871//871
f 871//871 881//881 880//880
f 871//871 880//880 872//872
f 792//792 785//785 887//887
f 887//887 785//785 888//888
f 887//887 888//888 886//886
f 886//886 888//888 889//889
f 886//886 889//889 884//884
f 884//884 889//889 890//890
f 884//884 890//890 883//883
f 883//883 890//890 891//891
f 883//883 891//891 882//882
f 882//882 891//891 780//780
f 789//789 790//790 856//856
f 789//789 856//856 829//829
f 829//829 856//856 876//876
f 829//829 876//876 830//830
f 830//830 876//876 875//875
f 830//830 875//875 828//828
f 828//828 875//875 827//827
f 827//827 875//875 854//854
f 827//827 854//854 853//853
f 642//642 800//800 794//794
f 794//794 800//800 832//832
f 827//827 838//838 825//825
f 825//825 838//838 836//836
f 825//825 836//836 822//822
f 822//822 836//836 810//810
f 800//800 799//799 832//832
f 832//832 799//799 797//797
f 832//832 797//797 834//834
f 834//834 797//797 796//796
f 834//834 796//796 836//836
f 836//836 796//796 811//811
f 836//836 811//811 810//810
f 838//838 848//848 843//843
f 838//838 843//843 837//837
f 837//837 843//843 779//779
f 837//837 779//779 722//722
f 853//853 852//852 848//848
f 848//848 852//852 847//847
f 780//780 844//844 882//882
f 882//882 844//844 845//845
f 846//846 880//880 845//845
f 845//845 880//880 879//879
f 845//845 879//879 882//882
f 852//852 860//860 847//847
f 847//847 860//860 859//859
f 847//847 859//859 846//846
f 846//846 859//859 872//872
f 846//846 872//872 880//880
f 827//827 853//853 838//838
f 838//838 853//853 848//848
f 892//892 893//893 894//894
f 894//894 893//893 895//895
f 894//894 895//895 896//896
f 897//897 892//892 894//894
f 898//898 899//899 897//897
f 897//897 899//899 892//892
f 896//896 900//900 894//894
f 894//894 900//900 901//901
f 894//894 901//901 897//897
f 897//897 901//901 902//902
f 897//897 902//902 898//898
f 898//898 902//902 903//903
f 904//904 905//905 906//906
f 906//906 905//905 907//907
f 906//906 907//907 908//908
f 908//908 907//907 909//909
f 908//908 909//909 910//910
f 910//910 909//909 911//911
f 910//910 911//911 912//912
f 908//908 913//913 914//914
f 908//908 914//914 906//906
f 906//906 914//914 915//915
f 906//906 915//915 903//903
f 900//900 904//904 901//901
f 901//901 904//904 906//906
f 901//901 906//906 902//902
f 902//902 906//906 903//903
f 913//913 908//908 916//916
f 916//916 908//908 910//910
f 916//916 910//910 917//917
f 917//917 910//910 912//912
f 917//917 912//912 918//918
f 919//919 920//920 921//921
f 921//921 922//922 919//919
f 919//919 922//922 923//923
f 919//919 923//923 924//924
f 924//924 923//923 918//918
f 924//924 918//918 912//912
f 920//920 919//919 925//925
f 925//925 919//919 924//924
f 925//925 924//924 926//926
f 926//926 924//924 912//912
f 926//926 912//912 911//911
f 927//927 928//928 921//921
f 928//928 929//929 922//922
f 922//922 929//929 923//923
f 918//918 923//923 930//930
f 930//930 923//923 929//929
f 930//930 929//929 931//931
f 931//931 929//929 932//932
f 928//928 927//927 929//929
f 929//929 927//927 933//933
f 929//929 933//933 932//932
f 922//922 921//921 928//928
f 931//931 932//932 934//934
f 932//932 933//933 935//935
f 936//936 916//916 917//917
f 916//916 936//936 913//913
f 913//913 936//936 937//937
f 913//913 937//937 914//914
f 914//914 937//937 938//938
f 914//914 938//938 915//915
f 915//915 938//938 939//939
f 915//915 939//939 903//903
f 932//932 935//935 934//934
f 934//934 935//935 940//940
f 934//934 940//940 941//941
f 942//942 943//943 944//944
f 931//931 936//936 930//930
f 930//930 936//936 917//917
f 930//930 917//917 918//918
f 941//941 945//945 944//944
f 944//944 945//945 946//946
f 944//944 946//946 942//942
f 931//931 934//934 936//936
f 936//936 934//934 941//941
f 936//936 941//941 937//937
f 937//937 941//941 944//944
f 937//937 944//944 938//938
f 938//938 944//944 943//943
f 938//938 943//943 939//939
f 947//947 948//948 899//899
f 899//899 948//948 892//892
f 949//949 892//892 948//948
f 899//899 898//898 947//947
f 947//947 898//898 903//903
f 947//947 903//903 948//948
f 948//948 903//903 939//939
f 948//948 939//939 949//949
f 949//949 939//939 943//943
f 949//949 943//943 942//942
f 950//950 951//951 952//952
f 953//953 954//954 892//892
f 892//892 954//954 955//955
f 892//892 955//955 893//893
f 955//955 950//950 907//907
f 907//907 950//950 909//909
f 952//952 921//921 950//950
f 950//950 921//921 920//920
f 950//950 920//920 925//925
f 925//925 926//926 950//950
f 950//950 926//926 911//911
f 950//950 911//911 909//909
f 907//907 905//905 955//955
f 955//955 905//905 904//904
f 955//955 904//904 900//900
f 900//900 896//896 955//955
f 955//955 896//896 895//895
f 955//955 895//895 893//893
f 956//956 957//957 958//958
f 958//958 957//957 959//959
f 958//958 959//959 960//960
f 960//960 959//959 961//961
f 961//961 959//959 962//962
f 961//961 962//962 963//963
f 963//963 962//962 964//964
f 963//963 964//964 965//965
f 966//966 967//967 968//968
f 968//968 967//967 969//969
f 968//968 969//969 964//964
f 964//964 969//969 970//970
f 964//964 970//970 965//965
f 971//971 966//966 972//972
f 972//972 966//966 968//968
f 972//972 968//968 973//973
f 974//974 975//975 962//962
f 973//973 968//968 975//975
f 975//975 968//968 964//964
f 975//975 964//964 962//962
f 974//974 962//962 976//976
f 976//976 962//962 959//959
f 976//976 959//959 977//977
f 977//977 959//959 957//957
f 977//977 957//957 978//978
f 979//979 980//980 981//981
f 982//982 983//983 984//984
f 984//984 983//983 985//985
f 984//984 985//985 986//986
f 982//982 984//984 987//987
f 987//987 984//984 988//988
f 987//987 988//988 989//989
f 989//989 988//988 990//990
f 989//989 990//990 991//991
f 991//991 990//990 992//992
f 991//991 992//992 993//993
f 994//994 995//995 996//996
f 986//986 994//994 997//997
f 998//998 996//996 999//999
f 999//999 996//996 995//995
f 999//999 995//995 1000//1000
f 1001//1001 1002//1002 998//998
f 998//998 1002//1002 1003//1003
f 998//998 1003//1003 996//996
f 1001//1001 1004//1004 1002//1002
f 1002//1002 1004//1004 1005//1005
f 1002//1002 1005//1005 1006//1006
f 994//994 996//996 997//997
f 997//997 996//996 1003//1003
f 997//997 1003//1003 1007//1007
f 1007//1007 1003//1003 1002//1002
f 1007//1007 1002//1002 981//981
f 981//981 1002//1002 1006//1006
f 981//981 1006//1006 979//979
f 986//986 997//997 984//984
f 984//984 997//997 1007//1007
f 984//984 1007//1007 988//988
f 988//988 1007//1007 981//981
f 988//988 981//981 990//990
f 990//990 981//981 980//980
f 990//990 980//980 992//992
f 971//971 1008//1008 966//966
f 1009//1009 1010//1010 1011//1011
f 1012//1012 1013//1013 1014//1014
f 1015//1015 1008//1008 1009//1009
f 1016//1016 1017//1017 1018//1018
f 1016//1016 1018//1018 1019//1019
f 1015//1015 1009//1009 1020//1020
f 1020//1020 1009//1009 1011//1011
f 1020//1020 1011//1011 1021//1021
f 1010//1010 1012//1012 1011//1011
f 1011//1011 1012//1012 1014//1014
f 1011//1011 1014//1014 1021//1021
f 1021//1021 1014//1014 1022//1022
f 1021//1021 1022//1022 1018//1018
f 1018//1018 1022//1022 1023//1023
f 1018//1018 1023//1023 1019//1019
f 1019//1019 1023//1023 1024//1024
f 1017//1017 1025//1025 1018//1018
f 1018//1018 1025//1025 1026//1026
f 1018//1018 1026//1026 1021//1021
f 1021//1021 1026//1026 1027//1027
f 1021//1021 1027//1027 1020//1020
f 1020//1020 1027//1027 1028//1028
f 1020//1020 1028//1028 1015//1015
f 1029//1029 1030//1030 1031//1031
f 1032//1032 1033//1033 1034//1034
f 1035//1035 1036//1036 1032//1032
f 1037//1037 1038//1038 1039//1039
f 1039//1039 1038//1038 1040//1040
f 1039//1039 1040//1040 1041//1041
f 1042//1042 1043//1043 1035//1035
f 1035//1035 1043//1043 1038//1038
f 1035//1035 1038//1038 1036//1036
f 1036//1036 1038//1038 1037//1037
f 1032//1032 1034//1034 1035//1035
f 1035//1035 1034//1034 1044//1044
f 1035//1035 1044//1044 1042//1042
f 1045//1045 1046//1046 1047//1047
f 1048//1048 1049//1049 1043//1043
f 1043//1043 1049//1049 1050//1050
f 1043//1043 1050//1050 1038//1038
f 1038//1038 1050//1050 1051//1051
f 1038//1038 1051//1051 1040//1040
f 1046//1046 1029//1029 1047//1047
f 1047//1047 1029//1029 1031//1031
f 1047//1047 1031//1031 1052//1052
f 1052//1052 1031//1031 1053//1053
f 1054//1054 1030//1030 1055//1055
f 1055//1055 1030//1030 1029//1029
f 1055//1055 1029//1029 1056//1056
f 1056//1056 1029//1029 1046//1046
f 1056//1056 1046//1046 1057//1057
f 1057//1057 1046//1046 1045//1045
f 1057//1057 1045//1045 1058//1058
f 1033//1033 1059//1059 1034//1034
f 1034//1034 1059//1059 1058//1058
f 1034//1034 1058//1058 1044//1044
f 1044//1044 1058//1058 1045//1045
f 1044//1044 1045//1045 1042//1042
f 1042//1042 1045//1045 1047//1047
f 1042//1042 1047//1047 1043//1043
f 1043//1043 1047//1047 1052//1052
f 1043//1043 1052//1052 1048//1048
f 1048//1048 1052//1052 1053//1053
f 1048//1048 1053//1053 1060//1060
f 1059//1059 1061//1061 1058//1058
f 1058//1058 1061//1061 1062//1062
f 1058//1058 1062//1062 1057//1057
f 1057//1057 1062//1062 1063//1063
f 1063//1063 1064//1064 1057//1057
f 1057//1057 1064//1064 1065//1065
f 1057//1057 1065//1065 1056//1056
f 1056//1056 1065//1065 1066//1066
f 1056//1056 1066//1066 1055//1055
f 1055//1055 1066//1066 1067//1067
f 1055//1055 1067//1067 1054//1054
f 1054//1054 1067//1067 1068//1068
f 978//978 1005//1005 1069//1069
f 1069//1069 1005//1005 1004//1004
f 1069//1069 1004//1004 1070//1070
f 1070//1070 1004//1004 1001//1001
f 1070//1070 1001//1001 1071//1071
f 1071//1071 1001//1001 998//998
f 1071//1071 998//998 1072//1072
f 1072//1072 998//998 999//999
f 1072//1072 999//999 1073//1073
f 1073//1073 999//999 1000//1000
f 1074//1074 1075//1075 1076//1076
f 1076//1076 1077//1077 1074//1074
f 1074//1074 1077//1077 1078//1078
f 1074//1074 1078//1078 1079//1079
f 1079//1079 1078//1078 1080//1080
f 1079//1079 1080//1080 1081//1081
f 1081//1081 1080//1080 1082//1082
f 1082//1082 1080//1080 1083//1083
f 1082//1082 1083//1083 1084//1084
f 1085//1085 1086//1086 1087//1087
f 1087//1087 1086//1086 1088//1088
f 1087//1087 1088//1088 1089//1089
f 1089//1089 1088//1088 1090//1090
f 1090//1090 1088//1088 1091//1091
f 1090//1090 1091//1091 1092//1092
f 1092//1092 1091//1091 1093//1093
f 1092//1092 1093//1093 1094//1094
f 1094//1094 1093//1093 1095//1095
f 1094//1094 1095//1095 1096//1096
f 1097//1097 1098//1098 1099//1099
f 1086//1086 1100//1100 1097//1097
f 1086//1086 1097//1097 1088//1088
f 1088//1088 1097//1097 1099//1099
f 1088//1088 1099//1099 1091//1091
f 1091//1091 1099//1099 1101//1101
f 1091//1091 1101//1101 1093//1093
f 1093//1093 1101//1101 1102//1102
f 1093//1093 1102//1102 1095//1095
f 1103//1103 1104//1104 1105//1105
f 1106//1106 1107//1107 1108//1108
f 1108//1108 1107//1107 1109//1109
f 1110//1110 1111//1111 1109//1109
f 1109//1109 1111//1111 1112//1112
f 1109//1109 1112//1112 1108//1108
f 1109//1109 1113//1113 1110//1110
f 1110//1110 1113//1113 1114//1114
f 1110//1110 1114//1114 1115//1115
f 1115//1115 1114//1114 1116//1116
f 1115//1115 1116//1116 1117//1117
f 1118//1118 1116//1116 1119//1119
f 1119//1119 1116//1116 1114//1114
f 1119//1119 1114//1114 1120//1120
f 1120//1120 1114//1114 1113//1113
f 1120//1120 1113//1113 1121//1121
f 1121//1121 1113//1113 1109//1109
f 1121//1121 1109//1109 1105//1105
f 1105//1105 1109//1109 1107//1107
f 1105//1105 1107//1107 1103//1103
f 1122//1122 1123//1123 1124//1124
f 1125//1125 1126//1126 1127//1127
f 1127//1127 1126//1126 1128//1128
f 1127//1127 1128//1128 1129//1129
f 1107//1107 1106//1106 1124//1124
f 1124//1124 1106//1106 1130//1130
f 1124//1124 1130//1130 1122//1122
f 1122//1122 1130//1130 1131//1131
f 1122//1122 1131//1131 1132//1132
f 1132//1132 1133//1133 1122//1122
f 1122//1122 1133//1133 1134//1134
f 1122//1122 1134//1134 1123//1123
f 1123//1123 1134//1134 1135//1135
f 1123//1123 1135//1135 1124//1124
f 1124//1124 1135//1135 1136//1136
f 1124//1124 1136//1136 1107//1107
f 1107//1107 1136//1136 1103//1103
f 1104//1104 1103//1103 1137//1137
f 1137//1137 1103//1103 1136//1136
f 1137//1137 1136//1136 1129//1129
f 1129//1129 1136//1136 1135//1135
f 1129//1129 1135//1135 1127//1127
f 1127//1127 1135//1135 1134//1134
f 1127//1127 1134//1134 1125//1125
f 1125//1125 1134//1134 1133//1133
f 1125//1125 1133//1133 1138//1138
f 1138//1138 1133//1133 1132//1132
f 1138//1138 1132//1132 1139//1139
f 1140//1140 1118//1118 1141//1141
f 1141//1141 1118//1118 1119//1119
f 1141//1141 1119//1119 1142//1142
f 1142//1142 1119//1119 1120//1120
f 1142//1142 1120//1120 1143//1143
f 1143//1143 1120//1120 1121//1121
f 1143//1143 1121//1121 1144//1144
f 1144//1144 1121//1121 1105//1105
f 1144//1144 1105//1105 1145//1145
f 1145//1145 1105//1105 1104//1104
f 1076//1076 1146//1146 1147//1147
f 1076//1076 1147//1147 1077//1077
f 1077//1077 1147//1147 1148//1148
f 1077//1077 1148//1148 1078//1078
f 1078//1078 1148//1148 1149//1149
f 1078//1078 1149//1149 1080//1080
f 1149//1149 1150//1150 1080//1080
f 1080//1080 1150//1150 1151//1151
f 1080//1080 1151//1151 1083//1083
f 1152//1152 1153//1153 1154//1154
f 1155//1155 1156//1156 1157//1157
f 1157//1157 1156//1156 1158//1158
f 1157//1157 1158//1158 1159//1159
f 1159//1159 1158//1158 1160//1160
f 1161//1161 1162//1162 1163//1163
f 1163//1163 1162//1162 1164//1164
f 1165//1165 1166//1166 1167//1167
f 1167//1167 1166//1166 1168//1168
f 1167//1167 1168//1168 1169//1169
f 1170//1170 1168//1168 1171//1171
f 1171//1171 1168//1168 1166//1166
f 1171//1171 1166//1166 1172//1172
f 1172//1172 1166//1166 1165//1165
f 1172//1172 1165//1165 1173//1173
f 1160//1160 1174//1174 1159//1159
f 1159//1159 1174//1174 1175//1175
f 1159//1159 1175//1175 1157//1157
f 1157//1157 1175//1175 1176//1176
f 1157//1157 1176//1176 1155//1155
f 1152//1152 1154//1154 1177//1177
f 1163//1163 1156//1156 1161//1161
f 1161//1161 1156//1156 1155//1155
f 1161//1161 1155//1155 1178//1178
f 1178//1178 1155//1155 1176//1176
f 1178//1178 1176//1176 1154//1154
f 1154//1154 1176//1176 1179//1179
f 1154//1154 1179//1179 1177//1177
f 1180//1180 1181//1181 1182//1182
f 1182//1182 1181//1181 1183//1183
f 1182//1182 1183//1183 1184//1184
f 1182//1182 1185//1185 1180//1180
f 1180//1180 1185//1185 1186//1186
f 1180//1180 1186//1186 1187//1187
f 1187//1187 1186//1186 1188//1188
f 1187//1187 1188//1188 1171//1171
f 1171//1171 1188//1188 1189//1189
f 1171//1171 1189//1189 1170//1170
f 1190//1190 1177//1177 1191//1191
f 1191//1191 1177//1177 1179//1179
f 1191//1191 1179//1179 1192//1192
f 1192//1192 1179//1179 1176//1176
f 1192//1192 1176//1176 1193//1193
f 1193//1193 1176//1176 1175//1175
f 1173//1173 1164//1164 1172//1172
f 1172//1172 1164//1164 1162//1162
f 1172//1172 1162//1162 1171//1171
f 1171//1171 1162//1162 1161//1161
f 1171//1171 1161//1161 1187//1187
f 1187//1187 1161//1161 1178//1178
f 1187//1187 1178//1178 1180//1180
f 1180//1180 1178//1178 1154//1154
f 1180//1180 1154//1154 1181//1181
f 1181//1181 1154//1154 1153//1153
f 1181//1181 1153//1153 1183//1183
f 1145//1145 1104//1104 1137//1137
f 1194//1194 1145//1145 1195//1195
f 1195//1195 1145//1145 1137//1137
f 1195//1195 1137//1137 1196//1196
f 1196//1196 1137//1137 1129//1129
f 1196//1196 1129//1129 1197//1197
f 1197//1197 1129//1129 1128//1128
f 1197//1197 1128//1128 1198//1198
f 1198//1198 1128//1128 1126//1126
f 1198//1198 1126//1126 1199//1199
f 1100//1100 1200//1200 1201//1201
f 1202//1202 1203//1203 1204//1204
f 1204//1204 1203//1203 1100//1100
f 1204//1204 1100//1100 1205//1205
f 1205//1205 1100//1100 1201//1201
f 1206//1206 1207//1207 1208//1208
f 1086//1086 1083//1083 1100//1100
f 1100//1100 1083//1083 1151//1151
f 1100//1100 1151//1151 1200//1200
f 1208//1208 1209//1209 1206//1206
f 1206//1206 1209//1209 1210//1210
f 1206//1206 1210//1210 1211//1211
f 1202//1202 1212//1212 1203//1203
f 1203//1203 1212//1212 1206//1206
f 1203//1203 1206//1206 1213//1213
f 1213//1213 1206//1206 1211//1211
f 1213//1213 1211//1211 1214//1214
f 1215//1215 1169//1169 1216//1216
f 1216//1216 1169//1169 1168//1168
f 1216//1216 1168//1168 1217//1217
f 1217//1217 1168//1168 1170//1170
f 1217//1217 1170//1170 1218//1218
f 1218//1218 1170//1170 1189//1189
f 1218//1218 1189//1189 1219//1219
f 1219//1219 1189//1189 1188//1188
f 1219//1219 1188//1188 1220//1220
f 1220//1220 1188//1188 1186//1186
f 1220//1220 1186//1186 1221//1221
f 1221//1221 1186//1186 1185//1185
f 1184//1184 1222//1222 1223//1223
f 1184//1184 1223//1223 1182//1182
f 1182//1182 1223//1223 1224//1224
f 1182//1182 1224//1224 1185//1185
f 1185//1185 1224//1224 1225//1225
f 1185//1185 1225//1225 1221//1221
f 949//949 942//942 1226//1226
f 1226//1226 1227//1227 949//949
f 949//949 1227//1227 953//953
f 949//949 953//953 892//892
f 921//921 952//952 927//927
f 927//927 952//952 1228//1228
f 1228//1228 1229//1229 927//927
f 927//927 1229//1229 1230//1230
f 927//927 1230//1230 933//933
f 1231//1231 1232//1232 1233//1233
f 1233//1233 1232//1232 1234//1234
f 1233//1233 1234//1234 1235//1235
f 1235//1235 1234//1234 1236//1236
f 1230//1230 1229//1229 1237//1237
f 1237//1237 1229//1229 1238//1238
f 1237//1237 1238//1238 1239//1239
f 1239//1239 1238//1238 1240//1240
f 1239//1239 1240//1240 1241//1241
f 1241//1241 1240//1240 1242//1242
f 1241//1241 1242//1242 1243//1243
f 1243//1243 1242//1242 1244//1244
f 1243//1243 1244//1244 1245//1245
f 1245//1245 1244//1244 1246//1246
f 1245//1245 1246//1246 1247//1247
f 1247//1247 1246//1246 1248//1248
f 1249//1249 1228//1228 952//952
f 1250//1250 1251//1251 1252//1252
f 1252//1252 1251//1251 1253//1253
f 1252//1252 1253//1253 1254//1254
f 1254//1254 1253//1253 1255//1255
f 1254//1254 1255//1255 1232//1232
f 1232//1232 1255//1255 1256//1256
f 1232//1232 1256//1256 1234//1234
f 952//952 1257//1257 1249//1249
f 1249//1249 1257//1257 1258//1258
f 1249//1249 1258//1258 1259//1259
f 1259//1259 1258//1258 1250//1250
f 1259//1259 1250//1250 1260//1260
f 1260//1260 1250//1250 1252//1252
f 1245//1245 1261//1261 1243//1243
f 1243//1243 1261//1261 1262//1262
f 1243//1243 1262//1262 1241//1241
f 1241//1241 1262//1262 1263//1263
f 1241//1241 1263//1263 1239//1239
f 1239//1239 1263//1263 1264//1264
f 1239//1239 1264//1264 1237//1237
f 1231//1231 1265//1265 1232//1232
f 1232//1232 1265//1265 1248//1248
f 1232//1232 1248//1248 1254//1254
f 1254//1254 1248//1248 1246//1246
f 1254//1254 1246//1246 1252//1252
f 1252//1252 1246//1246 1244//1244
f 1252//1252 1244//1244 1260//1260
f 1260//1260 1244//1244 1242//1242
f 1260//1260 1242//1242 1259//1259
f 1259//1259 1242//1242 1240//1240
f 1259//1259 1240//1240 1249//1249
f 1249//1249 1240//1240 1238//1238
f 1249//1249 1238//1238 1228//1228
f 1228//1228 1238//1238 1229//1229
f 1266//1266 1267//1267 1268//1268
f 1269//1269 1270//1270 1271//1271
f 1272//1272 1273//1273 1274//1274
f 1274//1274 1273//1273 1275//1275
f 1274//1274 1275//1275 953//953
f 1276//1276 1277//1277 1278//1278
f 1278//1278 1277//1277 1279//1279
f 1279//1279 1280//1280 1278//1278
f 1278//1278 1280//1280 1281//1281
f 1278//1278 1281//1281 1282//1282
f 1282//1282 1281//1281 1271//1271
f 1282//1282 1271//1271 1283//1283
f 1283//1283 1271//1271 1270//1270
f 1283//1283 1270//1270 1284//1284
f 1284//1284 1270//1270 1285//1285
f 1284//1284 1285//1285 1286//1286
f 1287//1287 1288//1288 1289//1289
f 1289//1289 1288//1288 1290//1290
f 1276//1276 1273//1273 1277//1277
f 1277//1277 1273//1273 1272//1272
f 1277//1277 1272//1272 1279//1279
f 1279//1279 1272//1272 1291//1291
f 1279//1279 1291//1291 1280//1280
f 1280//1280 1291//1291 1292//1292
f 1280//1280 1292//1292 1281//1281
f 1281//1281 1292//1292 1268//1268
f 1281//1281 1268//1268 1271//1271
f 1271//1271 1268//1268 1267//1267
f 1271//1271 1267//1267 1269//1269
f 1290//1290 1288//1288 1293//1293
f 1293//1293 1288//1288 1294//1294
f 1293//1293 1294//1294 1295//1295
f 1295//1295 1294//1294 1296//1296
f 1295//1295 1296//1296 1297//1297
f 1297//1297 1296//1296 1298//1298
f 1297//1297 1298//1298 1299//1299
f 1299//1299 1298//1298 1227//1227
f 1299//1299 1227//1227 1226//1226
f 953//953 1227//1227 1274//1274
f 1274//1274 1227//1227 1298//1298
f 1274//1274 1298//1298 1272//1272
f 1272//1272 1298//1298 1296//1296
f 1272//1272 1296//1296 1291//1291
f 1291//1291 1296//1296 1294//1294
f 1291//1291 1294//1294 1292//1292
f 1292//1292 1294//1294 1288//1288
f 1292//1292 1288//1288 1268//1268
f 1268//1268 1288//1288 1287//1287
f 1268//1268 1287//1287 1266//1266
f 1300//1300 1301//1301 1286//1286
f 1302//1302 1303//1303 1304//1304
f 1305//1305 1306//1306 1236//1236
f 1236//1236 1306//1306 1307//1307
f 1236//1236 1307//1307 1235//1235
f 1308//1308 1309//1309 1305//1305
f 1310//1310 1311//1311 1312//1312
f 1312//1312 1311//1311 1313//1313
f 1312//1312 1313//1313 1302//1302
f 1302//1302 1313//1313 1314//1314
f 1302//1302 1314//1314 1315//1315
f 1316//1316 1290//1290 1317//1317
f 1317//1317 1290//1290 1318//1318
f 1317//1317 1318//1318 1319//1319
f 1236//1236 1061//1061 1059//1059
f 1303//1303 1302//1302 1320//1320
f 1320//1320 1302//1302 1315//1315
f 1320//1320 1315//1315 1301//1301
f 1301//1301 1315//1315 1321//1321
f 1301//1301 1321//1321 1322//1322
f 1318//1318 1323//1323 1319//1319
f 1319//1319 1323//1323 1324//1324
f 1319//1319 1324//1324 1325//1325
f 1325//1325 1324//1324 1326//1326
f 1325//1325 1326//1326 1327//1327
f 1327//1327 1326//1326 1261//1261
f 1327//1327 1261//1261 1328//1328
f 1305//1305 1236//1236 1308//1308
f 1308//1308 1236//1236 1059//1059
f 1308//1308 1059//1059 1329//1329
f 1215//1215 1286//1286 1169//1169
f 1169//1169 1286//1286 1301//1301
f 1169//1169 1301//1301 1167//1167
f 1167//1167 1301//1301 1322//1322
f 1167//1167 1322//1322 1165//1165
f 1156//1156 1163//1163 1330//1330
f 1330//1330 1163//1163 1164//1164
f 1330//1330 1164//1164 1322//1322
f 1322//1322 1164//1164 1173//1173
f 1322//1322 1173//1173 1165//1165
f 1331//1331 1332//1332 1333//1333
f 1333//1333 1332//1332 1334//1334
f 1312//1312 1335//1335 1310//1310
f 1310//1310 1335//1335 1336//1336
f 1310//1310 1336//1336 1337//1337
f 1338//1338 1287//1287 1316//1316
f 1316//1316 1287//1287 1289//1289
f 1316//1316 1289//1289 1290//1290
f 1304//1304 1339//1339 1302//1302
f 1302//1302 1339//1339 1340//1340
f 1302//1302 1340//1340 1341//1341
f 1341//1341 1340//1340 1342//1342
f 1343//1343 1344//1344 1339//1339
f 1059//1059 1033//1033 1329//1329
f 1329//1329 1033//1033 1032//1032
f 1329//1329 1032//1032 1345//1345
f 1345//1345 1032//1032 1036//1036
f 1345//1345 1036//1036 1346//1346
f 1346//1346 1036//1036 1037//1037
f 1346//1346 1037//1037 1039//1039
f 1334//1334 1347//1347 1333//1333
f 1333//1333 1347//1347 1348//1348
f 1333//1333 1348//1348 1349//1349
f 1349//1349 1348//1348 1160//1160
f 1349//1349 1160//1160 1330//1330
f 1330//1330 1160//1160 1158//1158
f 1330//1330 1158//1158 1156//1156
f 1350//1350 1351//1351 1352//1352
f 1353//1353 1354//1354 1337//1337
f 1337//1337 1354//1354 1355//1355
f 1337//1337 1355//1355 1331//1331
f 1331//1331 1355//1355 1356//1356
f 1331//1331 1356//1356 1332//1332
f 1336//1336 1357//1357 1337//1337
f 1337//1337 1357//1357 1358//1358
f 1337//1337 1358//1358 1359//1359
f 1350//1350 1337//1337 1360//1360
f 1360//1360 1337//1337 1361//1361
f 1261//1261 1245//1245 1328//1328
f 1328//1328 1245//1245 1247//1247
f 1328//1328 1247//1247 1248//1248
f 1269//1269 1267//1267 1338//1338
f 1338//1338 1267//1267 1266//1266
f 1338//1338 1266//1266 1287//1287
f 1343//1343 1339//1339 1362//1362
f 1344//1344 1363//1363 1339//1339
f 1339//1339 1363//1363 1364//1364
f 1339//1339 1364//1364 1340//1340
f 1340//1340 1364//1364 1073//1073
f 1340//1340 1073//1073 1000//1000
f 1350//1350 1352//1352 1337//1337
f 1337//1337 1352//1352 1365//1365
f 1337//1337 1365//1365 1353//1353
f 1248//1248 1265//1265 1328//1328
f 1328//1328 1265//1265 1231//1231
f 1328//1328 1231//1231 1307//1307
f 1307//1307 1231//1231 1233//1233
f 1307//1307 1233//1233 1235//1235
f 1309//1309 1366//1366 1305//1305
f 1305//1305 1366//1366 1300//1300
f 1305//1305 1300//1300 1367//1367
f 1367//1367 1300//1300 1286//1286
f 1367//1367 1286//1286 1368//1368
f 1368//1368 1286//1286 1285//1285
f 1368//1368 1285//1285 1338//1338
f 1338//1338 1285//1285 1270//1270
f 1338//1338 1270//1270 1269//1269
f 1369//1369 1370//1370 1340//1340
f 1340//1340 1370//1370 1371//1371
f 1340//1340 1371//1371 1342//1342
f 1359//1359 1372//1372 1337//1337
f 1337//1337 1372//1372 1373//1373
f 1337//1337 1373//1373 1361//1361
f 1374//1374 1375//1375 1340//1340
f 1340//1340 1375//1375 1376//1376
f 1340//1340 1376//1376 1369//1369
f 1039//1039 1041//1041 1346//1346
f 1346//1346 1041//1041 1377//1377
f 1346//1346 1377//1377 1339//1339
f 1339//1339 1377//1377 1378//1378
f 1339//1339 1378//1378 1362//1362
f 1379//1379 1380//1380 1381//1381
f 1218//1218 1219//1219 1382//1382
f 1383//1383 1224//1224 1384//1384
f 1384//1384 1224//1224 1223//1223
f 1384//1384 1223//1223 1385//1385
f 1385//1385 1223//1223 1222//1222
f 1385//1385 1222//1222 1386//1386
f 1220//1220 1221//1221 1383//1383
f 1383//1383 1221//1221 1225//1225
f 1383//1383 1225//1225 1224//1224
f 1387//1387 954//954 1388//1388
f 1388//1388 954//954 1389//1389
f 1388//1388 1389//1389 1390//1390
f 1389//1389 1391//1391 1390//1390
f 1390//1390 1391//1391 1392//1392
f 1390//1390 1392//1392 1393//1393
f 1215//1215 1216//1216 1394//1394
f 1394//1394 1216//1216 1395//1395
f 1394//1394 1395//1395 1396//1396
f 1396//1396 1395//1395 1393//1393
f 1396//1396 1393//1393 1397//1397
f 1397//1397 1393//1393 1392//1392
f 1216//1216 1217//1217 1395//1395
f 1395//1395 1217//1217 1218//1218
f 1395//1395 1218//1218 1393//1393
f 1393//1393 1218//1218 1382//1382
f 1393//1393 1382//1382 1390//1390
f 1390//1390 1382//1382 1398//1398
f 1390//1390 1398//1398 1388//1388
f 1388//1388 1398//1398 1381//1381
f 1388//1388 1381//1381 1387//1387
f 1387//1387 1381//1381 1380//1380
f 1219//1219 1220//1220 1382//1382
f 1382//1382 1220//1220 1383//1383
f 1382//1382 1383//1383 1398//1398
f 1398//1398 1383//1383 1384//1384
f 1398//1398 1384//1384 1381//1381
f 1381//1381 1384//1384 1385//1385
f 1381//1381 1385//1385 1379//1379
f 1379//1379 1385//1385 1386//1386
f 1140//1140 1141//1141 1399//1399
f 1399//1399 1400//1400 1140//1140
f 1140//1140 1400//1400 1401//1401
f 1140//1140 1401//1401 1402//1402
f 1142//1142 1403//1403 1141//1141
f 1141//1141 1403//1403 1404//1404
f 1141//1141 1404//1404 1399//1399
f 1144//1144 1145//1145 1405//1405
f 1405//1405 1406//1406 1144//1144
f 1144//1144 1406//1406 1407//1407
f 1144//1144 1407//1407 1143//1143
f 1143//1143 1407//1407 1408//1408
f 1143//1143 1408//1408 1142//1142
f 1142//1142 1408//1408 1409//1409
f 1142//1142 1409//1409 1403//1403
f 1146//1146 1402//1402 1410//1410
f 1410//1410 1402//1402 1411//1411
f 1410//1410 1411//1411 1412//1412
f 1412//1412 1411//1411 1413//1413
f 1412//1412 1413//1413 1414//1414
f 1414//1414 1413//1413 1415//1415
f 1352//1352 1351//1351 1416//1416
f 1416//1416 1351//1351 1417//1417
f 1416//1416 1417//1417 1418//1418
f 1418//1418 1417//1417 1419//1419
f 1418//1418 1419//1419 1415//1415
f 1415//1415 1419//1419 1420//1420
f 1415//1415 1420//1420 1414//1414
f 1421//1421 1422//1422 1423//1423
f 1065//1065 1424//1424 1425//1425
f 1426//1426 1062//1062 1061//1061
f 1062//1062 1426//1426 1063//1063
f 1063//1063 1426//1426 1427//1427
f 1063//1063 1427//1427 1064//1064
f 1065//1065 1425//1425 1066//1066
f 1066//1066 1425//1425 1423//1423
f 1066//1066 1423//1423 1067//1067
f 1067//1067 1423//1423 1422//1422
f 1067//1067 1422//1422 1068//1068
f 1065//1065 1064//1064 1424//1424
f 1424//1424 1064//1064 1427//1427
f 1424//1424 1427//1427 1425//1425
f 1425//1425 1427//1427 1428//1428
f 1425//1425 1428//1428 1423//1423
f 1423//1423 1428//1428 1429//1429
f 1423//1423 1429//1429 1421//1421
f 1421//1421 1429//1429 1430//1430
f 951//951 1430//1430 1431//1431
f 1431//1431 1430//1430 1429//1429
f 1431//1431 1429//1429 1432//1432
f 1432//1432 1429//1429 1428//1428
f 1432//1432 1428//1428 1433//1433
f 1433//1433 1428//1428 1427//1427
f 1061//1061 1434//1434 1426//1426
f 1426//1426 1434//1434 1435//1435
f 1426//1426 1435//1435 1427//1427
f 1427//1427 1435//1435 1436//1436
f 1427//1427 1436//1436 1433//1433
f 1160//1160 1348//1348 1174//1174
f 1174//1174 1348//1348 1437//1437
f 1174//1174 1437//1437 1175//1175
f 1175//1175 1437//1437 1438//1438
f 1175//1175 1438//1438 1193//1193
f 1193//1193 1438//1438 1439//1439
f 1193//1193 1439//1439 1192//1192
f 1192//1192 1439//1439 1440//1440
f 1192//1192 1440//1440 1191//1191
f 1191//1191 1440//1440 1441//1441
f 1191//1191 1441//1441 1190//1190
f 1190//1190 1441//1441 1442//1442
f 1443//1443 1444//1444 1445//1445
f 1446//1446 1447//1447 1448//1448
f 1449//1449 1450//1450 1451//1451
f 1451//1451 1450//1450 1452//1452
f 1453//1453 1443//1443 1454//1454
f 1454//1454 1443//1443 1445//1445
f 1454//1454 1445//1445 1455//1455
f 1455//1455 1445//1445 1456//1456
f 1455//1455 1456//1456 1457//1457
f 1458//1458 1451//1451 1459//1459
f 1459//1459 1451//1451 1452//1452
f 1459//1459 1452//1452 1448//1448
f 1448//1448 1452//1452 1442//1442
f 1448//1448 1442//1442 1446//1446
f 1460//1460 1461//1461 1462//1462
f 1444//1444 1463//1463 1445//1445
f 1445//1445 1463//1463 1464//1464
f 1445//1445 1464//1464 1456//1456
f 1456//1456 1464//1464 1465//1465
f 1466//1466 1449//1449 1467//1467
f 1467//1467 1449//1449 1451//1451
f 1467//1467 1451//1451 1468//1468
f 1468//1468 1451//1451 1458//1458
f 1468//1468 1458//1458 1469//1469
f 1469//1469 1458//1458 1460//1460
f 1469//1469 1460//1460 1470//1470
f 1470//1470 1460//1460 1462//1462
f 1470//1470 1462//1462 1471//1471
f 1447//1447 1457//1457 1448//1448
f 1448//1448 1457//1457 1456//1456
f 1448//1448 1456//1456 1459//1459
f 1459//1459 1456//1456 1465//1465
f 1459//1459 1465//1465 1458//1458
f 1458//1458 1465//1465 1464//1464
f 1458//1458 1464//1464 1460//1460
f 1460//1460 1464//1464 1463//1463
f 1460//1460 1463//1463 1461//1461
f 1471//1471 1194//1194 1195//1195
f 1470//1470 1471//1471 1195//1195
f 1470//1470 1195//1195 1469//1469
f 1469//1469 1195//1195 1196//1196
f 1469//1469 1196//1196 1468//1468
f 1468//1468 1196//1196 1197//1197
f 1468//1468 1197//1197 1467//1467
f 1197//1197 1198//1198 1467//1467
f 1467//1467 1198//1198 1199//1199
f 1467//1467 1199//1199 1466//1466
f 1051//1051 1472//1472 1040//1040
f 1040//1040 1472//1472 1377//1377
f 1040//1040 1377//1377 1041//1041
f 1060//1060 1024//1024 1048//1048
f 1048//1048 1024//1024 1473//1473
f 1048//1048 1473//1473 1049//1049
f 1049//1049 1473//1473 1474//1474
f 1049//1049 1474//1474 1050//1050
f 1050//1050 1474//1474 1475//1475
f 1050//1050 1475//1475 1051//1051
f 1051//1051 1475//1475 1476//1476
f 1051//1051 1476//1476 1472//1472
f 1477//1477 1478//1478 1479//1479
f 1479//1479 1478//1478 1480//1480
f 1481//1481 1482//1482 1483//1483
f 1483//1483 1482//1482 1484//1484
f 1483//1483 1484//1484 1485//1485
f 1485//1485 1484//1484 1486//1486
f 1485//1485 1486//1486 1480//1480
f 1480//1480 1486//1486 1487//1487
f 1480//1480 1487//1487 1479//1479
f 1488//1488 1489//1489 1490//1490
f 1490//1490 1489//1489 1491//1491
f 1482//1482 1481//1481 1492//1492
f 1492//1492 1481//1481 1490//1490
f 1492//1492 1490//1490 1493//1493
f 1493//1493 1490//1490 1491//1491
f 1494//1494 1495//1495 1496//1496
f 1496//1496 1495//1495 1497//1497
f 1498//1498 1499//1499 1500//1500
f 1492//1492 1493//1493 1501//1501
f 1502//1502 1503//1503 1504//1504
f 1504//1504 1503//1503 1505//1505
f 1504//1504 1505//1505 1506//1506
f 1507//1507 1508//1508 1509//1509
f 1509//1509 1508//1508 1510//1510
f 1509//1509 1510//1510 1511//1511
f 1511//1511 1510//1510 1512//1512
f 1511//1511 1512//1512 1501//1501
f 1501//1501 1512//1512 1513//1513
f 1501//1501 1513//1513 1492//1492
f 1503//1503 1499//1499 1505//1505
f 1505//1505 1499//1499 1498//1498
f 1505//1505 1498//1498 1506//1506
f 1506//1506 1498//1498 1514//1514
f 1506//1506 1514//1514 1515//1515
f 1516//1516 1517//1517 1518//1518
f 1518//1518 1517//1517 1519//1519
f 1518//1518 1519//1519 1520//1520
f 1521//1521 1522//1522 1523//1523
f 1523//1523 1522//1522 1524//1524
f 1523//1523 1524//1524 1525//1525
f 1526//1526 1527//1527 1528//1528
f 1529//1529 1526//1526 1530//1530
f 1530//1530 1526//1526 1528//1528
f 1530//1530 1528//1528 1531//1531
f 1531//1531 1528//1528 1532//1532
f 1531//1531 1532//1532 1533//1533
f 1533//1533 1532//1532 1515//1515
f 1525//1525 1529//1529 1523//1523
f 1523//1523 1529//1529 1530//1530
f 1523//1523 1530//1530 1534//1534
f 1534//1534 1530//1530 1531//1531
f 1534//1534 1531//1531 1535//1535
f 1535//1535 1531//1531 1533//1533
f 1535//1535 1533//1533 1507//1507
f 1507//1507 1533//1533 1515//1515
f 1507//1507 1515//1515 1508//1508
f 1508//1508 1515//1515 1514//1514
f 1508//1508 1514//1514 1510//1510
f 1510//1510 1514//1514 1498//1498
f 1510//1510 1498//1498 1512//1512
f 1512//1512 1498//1498 1500//1500
f 1512//1512 1500//1500 1513//1513
f 1536//1536 1491//1491 1489//1489
f 1537//1537 1538//1538 1539//1539
f 1539//1539 1538//1538 1540//1540
f 1539//1539 1540//1540 1541//1541
f 1489//1489 1542//1542 1536//1536
f 1536//1536 1542//1542 1543//1543
f 1536//1536 1543//1543 1544//1544
f 1544//1544 1543//1543 1545//1545
f 1544//1544 1545//1545 1546//1546
f 1546//1546 1545//1545 1537//1537
f 1546//1546 1537//1537 1520//1520
f 1520//1520 1537//1537 1539//1539
f 1520//1520 1539//1539 1518//1518
f 1518//1518 1539//1539 1541//1541
f 1518//1518 1541//1541 1516//1516
f 1527//1527 1494//1494 1528//1528
f 1528//1528 1494//1494 1496//1496
f 1528//1528 1496//1496 1532//1532
f 1532//1532 1496//1496 1497//1497
f 1532//1532 1497//1497 1515//1515
f 1515//1515 1497//1497 1547//1547
f 1515//1515 1547//1547 1506//1506
f 1506//1506 1547//1547 1548//1548
f 1506//1506 1548//1548 1504//1504
f 1493//1493 1491//1491 1501//1501
f 1501//1501 1491//1491 1536//1536
f 1501//1501 1536//1536 1511//1511
f 1511//1511 1536//1536 1544//1544
f 1511//1511 1544//1544 1509//1509
f 1509//1509 1544//1544 1546//1546
f 1509//1509 1546//1546 1507//1507
f 1507//1507 1546//1546 1520//1520
f 1507//1507 1520//1520 1535//1535
f 1535//1535 1520//1520 1519//1519
f 1535//1535 1519//1519 1534//1534
f 1534//1534 1519//1519 1517//1517
f 1534//1534 1517//1517 1523//1523
f 1523//1523 1517//1517 1516//1516
f 1523//1523 1516//1516 1521//1521
f 1502//1502 1549//1549 985//985
f 985//985 1549//1549 986//986
f 986//986 1549//1549 994//994
f 994//994 1549//1549 1550//1550
f 994//994 1550//1550 995//995
f 995//995 1550//1550 1340//1340
f 995//995 1340//1340 1000//1000
f 1551//1551 1552//1552 1553//1553
f 1553//1553 1552//1552 1554//1554
f 1555//1555 1553//1553 1556//1556
f 1556//1556 1553//1553 1554//1554
f 1556//1556 1554//1554 1102//1102
f 1102//1102 1554//1554 1478//1478
f 1286//1286 1215//1215 1284//1284
f 1284//1284 1215//1215 1394//1394
f 1284//1284 1394//1394 1283//1283
f 1283//1283 1394//1394 1396//1396
f 1283//1283 1396//1396 1282//1282
f 1282//1282 1396//1396 1397//1397
f 1282//1282 1397//1397 1278//1278
f 1397//1397 1392//1392 1278//1278
f 1278//1278 1392//1392 1391//1391
f 1278//1278 1391//1391 1276//1276
f 1276//1276 1391//1391 1389//1389
f 1276//1276 1389//1389 1273//1273
f 1273//1273 1389//1389 1275//1275
f 1275//1275 1389//1389 954//954
f 1275//1275 954//954 953//953
f 1431//1431 1258//1258 951//951
f 951//951 1258//1258 1257//1257
f 951//951 1257//1257 952//952
f 1061//1061 1236//1236 1434//1434
f 1434//1434 1236//1236 1234//1234
f 1434//1434 1234//1234 1435//1435
f 1435//1435 1234//1234 1256//1256
f 1435//1435 1256//1256 1436//1436
f 1436//1436 1256//1256 1255//1255
f 1436//1436 1255//1255 1433//1433
f 1433//1433 1255//1255 1253//1253
f 1433//1433 1253//1253 1432//1432
f 1432//1432 1253//1253 1251//1251
f 1432//1432 1251//1251 1431//1431
f 1431//1431 1251//1251 1250//1250
f 1431//1431 1250//1250 1258//1258
f 1557//1557 1558//1558 1559//1559
f 1560//1560 1561//1561 1562//1562
f 1560//1560 1563//1563 1557//1557
f 1557//1557 1563//1563 1564//1564
f 1557//1557 1564//1564 1565//1565
f 1344//1344 1343//1343 1566//1566
f 1566//1566 1343//1343 1362//1362
f 1566//1566 1362//1362 1567//1567
f 1567//1567 1362//1362 1378//1378
f 1567//1567 1378//1378 1377//1377
f 1566//1566 1568//1568 1344//1344
f 1344//1344 1568//1568 1569//1569
f 1344//1344 1569//1569 1363//1363
f 1363//1363 1569//1569 1570//1570
f 1363//1363 1570//1570 1364//1364
f 1364//1364 1570//1570 1072//1072
f 1364//1364 1072//1072 1073//1073
f 1571//1571 1572//1572 1573//1573
f 1573//1573 1572//1572 1574//1574
f 1573//1573 1574//1574 1575//1575
f 1576//1576 1575//1575 1577//1577
f 1577//1577 1575//1575 1574//1574
f 1577//1577 1574//1574 1578//1578
f 1578//1578 1574//1574 1572//1572
f 1560//1560 1557//1557 1561//1561
f 1561//1561 1557//1557 1559//1559
f 1561//1561 1559//1559 1562//1562
f 1562//1562 1559//1559 1579//1579
f 1562//1562 1579//1579 1377//1377
f 1567//1567 1571//1571 1566//1566
f 1566//1566 1571//1571 1573//1573
f 1566//1566 1573//1573 1568//1568
f 1568//1568 1573//1573 1575//1575
f 1568//1568 1575//1575 1569//1569
f 1569//1569 1575//1575 1576//1576
f 1569//1569 1576//1576 1570//1570
f 1570//1570 1576//1576 1580//1580
f 1570//1570 1580//1580 1072//1072
f 1581//1581 1582//1582 1583//1583
f 1584//1584 971//971 972//972
f 1584//1584 972//972 1583//1583
f 1585//1585 1586//1586 1587//1587
f 977//977 1588//1588 976//976
f 976//976 1588//1588 1589//1589
f 976//976 1589//1589 974//974
f 974//974 1589//1589 1590//1590
f 974//974 1590//1590 975//975
f 975//975 1590//1590 973//973
f 977//977 978//978 1588//1588
f 1588//1588 978//978 1069//1069
f 1588//1588 1069//1069 1591//1591
f 1591//1591 1069//1069 1070//1070
f 1591//1591 1070//1070 1071//1071
f 1582//1582 1581//1581 1586//1586
f 1586//1586 1581//1581 1592//1592
f 1586//1586 1592//1592 1587//1587
f 1587//1587 1592//1592 1593//1593
f 1587//1587 1593//1593 1594//1594
f 972//972 973//973 1583//1583
f 1583//1583 973//973 1590//1590
f 1583//1583 1590//1590 1581//1581
f 1581//1581 1590//1590 1589//1589
f 1581//1581 1589//1589 1592//1592
f 1592//1592 1589//1589 1588//1588
f 1592//1592 1588//1588 1593//1593
f 1593//1593 1588//1588 1591//1591
f 1593//1593 1591//1591 1594//1594
f 1558//1558 1557//1557 1585//1585
f 1585//1585 1557//1557 1565//1565
f 1585//1585 1565//1565 1586//1586
f 1586//1586 1565//1565 1595//1595
f 1586//1586 1595//1595 1582//1582
f 1582//1582 1595//1595 1596//1596
f 1582//1582 1596//1596 1583//1583
f 1583//1583 1596//1596 1597//1597
f 1583//1583 1597//1597 1584//1584
f 1377//1377 1579//1579 1567//1567
f 1567//1567 1579//1579 1559//1559
f 1567//1567 1559//1559 1571//1571
f 1571//1571 1559//1559 1558//1558
f 1571//1571 1558//1558 1572//1572
f 1572//1572 1558//1558 1585//1585
f 1572//1572 1585//1585 1578//1578
f 1578//1578 1585//1585 1587//1587
f 1578//1578 1587//1587 1577//1577
f 1577//1577 1587//1587 1594//1594
f 1577//1577 1594//1594 1576//1576
f 1576//1576 1594//1594 1591//1591
f 1576//1576 1591//1591 1580//1580
f 1580//1580 1591//1591 1071//1071
f 1580//1580 1071//1071 1072//1072
f 1550//1550 1598//1598 1340//1340
f 1340//1340 1598//1598 1374//1374
f 1502//1502 1504//1504 1549//1549
f 1549//1549 1504//1504 1599//1599
f 1549//1549 1599//1599 1550//1550
f 1550//1550 1599//1599 1600//1600
f 1550//1550 1600//1600 1598//1598
f 1601//1601 1602//1602 1603//1603
f 1374//1374 1598//1598 1604//1604
f 1374//1374 1604//1604 1375//1375
f 1375//1375 1604//1604 1605//1605
f 1375//1375 1605//1605 1376//1376
f 1376//1376 1605//1605 1606//1606
f 1376//1376 1606//1606 1369//1369
f 1369//1369 1606//1606 1607//1607
f 1369//1369 1607//1607 1370//1370
f 1370//1370 1607//1607 1608//1608
f 1370//1370 1608//1608 1371//1371
f 1371//1371 1608//1608 1609//1609
f 1371//1371 1609//1609 1342//1342
f 1342//1342 1609//1609 1610//1610
f 1342//1342 1610//1610 1341//1341
f 1302//1302 1341//1341 1611//1611
f 1611//1611 1341//1341 1610//1610
f 1611//1611 1610//1610 1602//1602
f 1612//1612 1613//1613 1601//1601
f 1613//1613 1612//1612 1614//1614
f 1602//1602 1610//1610 1603//1603
f 1603//1603 1610//1610 1609//1609
f 1603//1603 1609//1609 1615//1615
f 1615//1615 1609//1609 1608//1608
f 1615//1615 1608//1608 1616//1616
f 1616//1616 1608//1608 1607//1607
f 1616//1616 1607//1607 1617//1617
f 1617//1617 1607//1607 1606//1606
f 1617//1617 1606//1606 1618//1618
f 1618//1618 1606//1606 1605//1605
f 1618//1618 1605//1605 1619//1619
f 1619//1619 1605//1605 1604//1604
f 1619//1619 1604//1604 1620//1620
f 1620//1620 1604//1604 1598//1598
f 1620//1620 1598//1598 1600//1600
f 1601//1601 1603//1603 1612//1612
f 1612//1612 1603//1603 1615//1615
f 1612//1612 1615//1615 1621//1621
f 1621//1621 1615//1615 1616//1616
f 1621//1621 1616//1616 1622//1622
f 1622//1622 1616//1616 1617//1617
f 1622//1622 1617//1617 1623//1623
f 1623//1623 1617//1617 1618//1618
f 1623//1623 1618//1618 1624//1624
f 1624//1624 1618//1618 1619//1619
f 1624//1624 1619//1619 1625//1625
f 1625//1625 1619//1619 1620//1620
f 1625//1625 1620//1620 1626//1626
f 1626//1626 1620//1620 1600//1600
f 1626//1626 1600//1600 1599//1599
f 1614//1614 1612//1612 1627//1627
f 1627//1627 1612//1612 1621//1621
f 1627//1627 1621//1621 1628//1628
f 1628//1628 1621//1621 1622//1622
f 1628//1628 1622//1622 1629//1629
f 1629//1629 1622//1622 1623//1623
f 1629//1629 1623//1623 1630//1630
f 1630//1630 1623//1623 1624//1624
f 1630//1630 1624//1624 1631//1631
f 1631//1631 1624//1624 1625//1625
f 1631//1631 1625//1625 1632//1632
f 1632//1632 1625//1625 1626//1626
f 1632//1632 1626//1626 1633//1633
f 1633//1633 1626//1626 1599//1599
f 1633//1633 1599//1599 1504//1504
f 1312//1312 1302//1302 1611//1611
f 1614//1614 1634//1634 1613//1613
f 1613//1613 1634//1634 1635//1635
f 1613//1613 1635//1635 1601//1601
f 1601//1601 1635//1635 1636//1636
f 1601//1601 1636//1636 1602//1602
f 1602//1602 1636//1636 1637//1637
f 1602//1602 1637//1637 1611//1611
f 1611//1611 1637//1637 1638//1638
f 1611//1611 1638//1638 1312//1312
f 1639//1639 1640//1640 1350//1350
f 1641//1641 1642//1642 1643//1643
f 1638//1638 1637//1637 1644//1644
f 1644//1644 1637//1637 1645//1645
f 1644//1644 1645//1645 1646//1646
f 1646//1646 1645//1645 1647//1647
f 1646//1646 1647//1647 1648//1648
f 1648//1648 1647//1647 1649//1649
f 1648//1648 1649//1649 1650//1650
f 1650//1650 1649//1649 1651//1651
f 1650//1650 1651//1651 1652//1652
f 1651//1651 1643//1643 1652//1652
f 1652//1652 1643//1643 1642//1642
f 1652//1652 1642//1642 1653//1653
f 1653//1653 1642//1642 1654//1654
f 1653//1653 1654//1654 1639//1639
f 1634//1634 1655//1655 1635//1635
f 1635//1635 1655//1655 1656//1656
f 1635//1635 1656//1656 1636//1636
f 1655//1655 1657//1657 1656//1656
f 1656//1656 1657//1657 1658//1658
f 1656//1656 1658//1658 1659//1659
f 1659//1659 1658//1658 1660//1660
f 1659//1659 1660//1660 1661//1661
f 1661//1661 1660//1660 1662//1662
f 1661//1661 1662//1662 1663//1663
f 1663//1663 1662//1662 1664//1664
f 1663//1663 1664//1664 1665//1665
f 1350//1350 1360//1360 1639//1639
f 1639//1639 1360//1360 1361//1361
f 1639//1639 1361//1361 1653//1653
f 1653//1653 1361//1361 1373//1373
f 1653//1653 1373//1373 1652//1652
f 1652//1652 1373//1373 1372//1372
f 1652//1652 1372//1372 1650//1650
f 1372//1372 1359//1359 1650//1650
f 1650//1650 1359//1359 1358//1358
f 1650//1650 1358//1358 1648//1648
f 1648//1648 1358//1358 1357//1357
f 1648//1648 1357//1357 1646//1646
f 1646//1646 1357//1357 1336//1336
f 1646//1646 1336//1336 1644//1644
f 1644//1644 1336//1336 1335//1335
f 1644//1644 1335//1335 1638//1638
f 1638//1638 1335//1335 1312//1312
f 1207//1207 1640//1640 1666//1666
f 1666//1666 1640//1640 1639//1639
f 1666//1666 1639//1639 1667//1667
f 1667//1667 1639//1639 1654//1654
f 1637//1637 1636//1636 1645//1645
f 1645//1645 1636//1636 1656//1656
f 1645//1645 1656//1656 1647//1647
f 1647//1647 1656//1656 1659//1659
f 1647//1647 1659//1659 1649//1649
f 1649//1649 1659//1659 1661//1661
f 1649//1649 1661//1661 1651//1651
f 1651//1651 1661//1661 1663//1663
f 1651//1651 1663//1663 1643//1643
f 1643//1643 1663//1663 1665//1665
f 1643//1643 1665//1665 1641//1641
f 1351//1351 1350//1350 1640//1640
f 1351//1351 1640//1640 1668//1668
f 1668//1668 1640//1640 1207//1207
f 1668//1668 1207//1207 1206//1206
f 1669//1669 1670//1670 1365//1365
f 1365//1365 1670//1670 1671//1671
f 1365//1365 1671//1671 1353//1353
f 1353//1353 1671//1671 1354//1354
f 1355//1355 1672//1672 1356//1356
f 1356//1356 1672//1672 1673//1673
f 1356//1356 1673//1673 1332//1332
f 1365//1365 1352//1352 1669//1669
f 1669//1669 1352//1352 1416//1416
f 1669//1669 1416//1416 1418//1418
f 1674//1674 1675//1675 1676//1676
f 1676//1676 1675//1675 1677//1677
f 1676//1676 1677//1677 1678//1678
f 1678//1678 1401//1401 1676//1676
f 1676//1676 1401//1401 1400//1400
f 1676//1676 1400//1400 1674//1674
f 1674//1674 1400//1400 1399//1399
f 1679//1679 1680//1680 1681//1681
f 1681//1681 1680//1680 1682//1682
f 1681//1681 1682//1682 1677//1677
f 1677//1677 1682//1682 1683//1683
f 1677//1677 1683//1683 1678//1678
f 1409//1409 1684//1684 1403//1403
f 1403//1403 1684//1684 1404//1404
f 1404//1404 1684//1684 1685//1685
f 1685//1685 1684//1684 1686//1686
f 1685//1685 1686//1686 1687//1687
f 1687//1687 1686//1686 1688//1688
f 1687//1687 1688//1688 1689//1689
f 1688//1688 1690//1690 1689//1689
f 1689//1689 1690//1690 1691//1691
f 1689//1689 1691//1691 1692//1692
f 1692//1692 1691//1691 1693//1693
f 1692//1692 1693//1693 1694//1694
f 1694//1694 1693//1693 1695//1695
f 1694//1694 1695//1695 1696//1696
f 1696//1696 1695//1695 1697//1697
f 1696//1696 1697//1697 1672//1672
f 1672//1672 1697//1697 1698//1698
f 1672//1672 1698//1698 1673//1673
f 1402//1402 1401//1401 1411//1411
f 1411//1411 1401//1401 1678//1678
f 1411//1411 1678//1678 1413//1413
f 1413//1413 1678//1678 1683//1683
f 1413//1413 1683//1683 1415//1415
f 1415//1415 1683//1683 1682//1682
f 1415//1415 1682//1682 1418//1418
f 1418//1418 1682//1682 1680//1680
f 1418//1418 1680//1680 1669//1669
f 1669//1669 1680//1680 1679//1679
f 1669//1669 1679//1679 1670//1670
f 1355//1355 1354//1354 1672//1672
f 1672//1672 1354//1354 1671//1671
f 1672//1672 1671//1671 1696//1696
f 1696//1696 1671//1671 1670//1670
f 1696//1696 1670//1670 1694//1694
f 1694//1694 1670//1670 1679//1679
f 1694//1694 1679//1679 1692//1692
f 1692//1692 1679//1679 1681//1681
f 1692//1692 1681//1681 1689//1689
f 1689//1689 1681//1681 1677//1677
f 1689//1689 1677//1677 1687//1687
f 1687//1687 1677//1677 1675//1675
f 1687//1687 1675//1675 1685//1685
f 1685//1685 1675//1675 1674//1674
f 1685//1685 1674//1674 1404//1404
f 1404//1404 1674//1674 1399//1399
f 1699//1699 1700//1700 1701//1701
f 1702//1702 1703//1703 1704//1704
f 1704//1704 1703//1703 1705//1705
f 1704//1704 1705//1705 1706//1706
f 1706//1706 1705//1705 1707//1707
f 1706//1706 1707//1707 1348//1348
f 1702//1702 1704//1704 1708//1708
f 1708//1708 1704//1704 1709//1709
f 1708//1708 1709//1709 1710//1710
f 1711//1711 1712//1712 1713//1713
f 1713//1713 1712//1712 1700//1700
f 1713//1713 1700//1700 1714//1714
f 1714//1714 1700//1700 1699//1699
f 1714//1714 1699//1699 1715//1715
f 1715//1715 1699//1699 1453//1453
f 1444//1444 1443//1443 1716//1716
f 1716//1716 1443//1443 1453//1453
f 1461//1461 1463//1463 1717//1717
f 1717//1717 1463//1463 1444//1444
f 1405//1405 1471//1471 1406//1406
f 1406//1406 1471//1471 1718//1718
f 1718//1718 1471//1471 1462//1462
f 1718//1718 1462//1462 1461//1461
f 1711//1711 1710//1710 1712//1712
f 1712//1712 1710//1710 1709//1709
f 1712//1712 1709//1709 1700//1700
f 1700//1700 1709//1709 1719//1719
f 1700//1700 1719//1719 1701//1701
f 1701//1701 1719//1719 1720//1720
f 1461//1461 1717//1717 1718//1718
f 1718//1718 1717//1717 1721//1721
f 1718//1718 1721//1721 1406//1406
f 1406//1406 1721//1721 1722//1722
f 1406//1406 1722//1722 1407//1407
f 1723//1723 1688//1688 1686//1686
f 1444//1444 1716//1716 1717//1717
f 1717//1717 1716//1716 1724//1724
f 1717//1717 1724//1724 1721//1721
f 1721//1721 1724//1724 1723//1723
f 1721//1721 1723//1723 1722//1722
f 1722//1722 1723//1723 1686//1686
f 1722//1722 1686//1686 1684//1684
f 1453//1453 1699//1699 1716//1716
f 1716//1716 1699//1699 1701//1701
f 1716//1716 1701//1701 1724//1724
f 1724//1724 1701//1701 1720//1720
f 1724//1724 1720//1720 1723//1723
f 1723//1723 1720//1720 1690//1690
f 1723//1723 1690//1690 1688//1688
f 1347//1347 1334//1334 1725//1725
f 1725//1725 1334//1334 1332//1332
f 1332//1332 1673//1673 1725//1725
f 1725//1725 1673//1673 1698//1698
f 1725//1725 1698//1698 1726//1726
f 1726//1726 1698//1698 1697//1697
f 1726//1726 1697//1697 1727//1727
f 1727//1727 1697//1697 1695//1695
f 1727//1727 1695//1695 1728//1728
f 1728//1728 1695//1695 1693//1693
f 1728//1728 1693//1693 1691//1691
f 1684//1684 1409//1409 1722//1722
f 1722//1722 1409//1409 1408//1408
f 1722//1722 1408//1408 1407//1407
f 1348//1348 1347//1347 1706//1706
f 1706//1706 1347//1347 1725//1725
f 1706//1706 1725//1725 1704//1704
f 1704//1704 1725//1725 1726//1726
f 1704//1704 1726//1726 1709//1709
f 1709//1709 1726//1726 1727//1727
f 1709//1709 1727//1727 1719//1719
f 1719//1719 1727//1727 1728//1728
f 1719//1719 1728//1728 1720//1720
f 1720//1720 1728//1728 1691//1691
f 1720//1720 1691//1691 1690//1690
f 1729//1729 1098//1098 1097//1097
f 1100//1100 1730//1730 1731//1731
f 1097//1097 1100//1100 1731//1731
f 1730//1730 1732//1732 1731//1731
f 1731//1731 1732//1732 1733//1733
f 1731//1731 1733//1733 1097//1097
f 1097//1097 1733//1733 1729//1729
f 1734//1734 1735//1735 1736//1736
f 1556//1556 1102//1102 1736//1736
f 1736//1736 1102//1102 1101//1101
f 1736//1736 1101//1101 1734//1734
f 1734//1734 1101//1101 1099//1099
f 1734//1734 1099//1099 1098//1098
f 1737//1737 1738//1738 1739//1739
f 1204//1204 1205//1205 1739//1739
f 1200//1200 1740//1740 1201//1201
f 1201//1201 1740//1740 1205//1205
f 1668//1668 1206//1206 1212//1212
f 1202//1202 1204//1204 1741//1741
f 1741//1741 1204//1204 1739//1739
f 1741//1741 1739//1739 1742//1742
f 1742//1742 1739//1739 1738//1738
f 1417//1417 1351//1351 1742//1742
f 1742//1742 1351//1351 1668//1668
f 1742//1742 1668//1668 1741//1741
f 1741//1741 1668//1668 1212//1212
f 1741//1741 1212//1212 1202//1202
f 1205//1205 1740//1740 1739//1739
f 1739//1739 1740//1740 1743//1743
f 1739//1739 1743//1743 1737//1737
f 1147//1147 1146//1146 1410//1410
f 1147//1147 1410//1410 1737//1737
f 1410//1410 1412//1412 1737//1737
f 1737//1737 1412//1412 1414//1414
f 1737//1737 1414//1414 1738//1738
f 1738//1738 1414//1414 1420//1420
f 1738//1738 1420//1420 1742//1742
f 1742//1742 1420//1420 1419//1419
f 1742//1742 1419//1419 1417//1417
f 1200//1200 1151//1151 1740//1740
f 1740//1740 1151//1151 1150//1150
f 1740//1740 1150//1150 1743//1743
f 1743//1743 1150//1150 1149//1149
f 1743//1743 1149//1149 1737//1737
f 1737//1737 1149//1149 1148//1148
f 1737//1737 1148//1148 1147//1147
f 1013//1013 1565//1565 1014//1014
f 1014//1014 1565//1565 1744//1744
f 1014//1014 1744//1744 1022//1022
f 1022//1022 1744//1744 1745//1745
f 1022//1022 1745//1745 1023//1023
f 1023//1023 1745//1745 1746//1746
f 1023//1023 1746//1746 1024//1024
f 1024//1024 1746//1746 1473//1473
f 1194//1194 1405//1405 1145//1145
f 1747//1747 1641//1641 1748//1748
f 1748//1748 1641//1641 1665//1665
f 1748//1748 1665//1665 1749//1749
f 1665//1665 1664//1664 1749//1749
f 1749//1749 1664//1664 1662//1662
f 1749//1749 1662//1662 1750//1750
f 1750//1750 1662//1662 1660//1660
f 1750//1750 1660//1660 1751//1751
f 1751//1751 1660//1660 1658//1658
f 1751//1751 1658//1658 1752//1752
f 1752//1752 1658//1658 1657//1657
f 1752//1752 1657//1657 1753//1753
f 1753//1753 1657//1657 1655//1655
f 1753//1753 1655//1655 1634//1634
f 1754//1754 1208//1208 1207//1207
f 1207//1207 1666//1666 1754//1754
f 1754//1754 1666//1666 1667//1667
f 1754//1754 1667//1667 1755//1755
f 1755//1755 1667//1667 1654//1654
f 1755//1755 1654//1654 1747//1747
f 1747//1747 1654//1654 1642//1642
f 1747//1747 1642//1642 1641//1641
f 1209//1209 1208//1208 1756//1756
f 1756//1756 1208//1208 1754//1754
f 1756//1756 1754//1754 1757//1757
f 1757//1757 1754//1754 1755//1755
f 1757//1757 1755//1755 1758//1758
f 1758//1758 1755//1755 1747//1747
f 1758//1758 1747//1747 1759//1759
f 1759//1759 1747//1747 1748//1748
f 1759//1759 1748//1748 1760//1760
f 1760//1760 1748//1748 1749//1749
f 1760//1760 1749//1749 1761//1761
f 1761//1761 1749//1749 1750//1750
f 1761//1761 1750//1750 1762//1762
f 1762//1762 1750//1750 1751//1751
f 1762//1762 1751//1751 1763//1763
f 1763//1763 1751//1751 1752//1752
f 1756//1756 1757//1757 1764//1764
f 1765//1765 1766//1766 1767//1767
f 1768//1768 1211//1211 1210//1210
f 1211//1211 1768//1768 1214//1214
f 1768//1768 1769//1769 1214//1214
f 1214//1214 1769//1769 1770//1770
f 1214//1214 1770//1770 1213//1213
f 1213//1213 1770//1770 1771//1771
f 1213//1213 1771//1771 1203//1203
f 1765//1765 1767//1767 1772//1772
f 1772//1772 1767//1767 1773//1773
f 1772//1772 1773//1773 1774//1774
f 1774//1774 1773//1773 1775//1775
f 1774//1774 1775//1775 1776//1776
f 1758//1758 1759//1759 1777//1777
f 1758//1758 1777//1777 1778//1778
f 1779//1779 1764//1764 1778//1778
f 1778//1778 1764//1764 1757//1757
f 1778//1778 1757//1757 1758//1758
f 1780//1780 1781//1781 1779//1779
f 1779//1779 1781//1781 1782//1782
f 1779//1779 1782//1782 1764//1764
f 1764//1764 1782//1782 1783//1783
f 1764//1764 1783//1783 1756//1756
f 1756//1756 1783//1783 1209//1209
f 1784//1784 1771//1771 1785//1785
f 1785//1785 1771//1771 1770//1770
f 1785//1785 1770//1770 1781//1781
f 1781//1781 1770//1770 1769//1769
f 1781//1781 1769//1769 1782//1782
f 1782//1782 1769//1769 1768//1768
f 1782//1782 1768//1768 1783//1783
f 1783//1783 1768//1768 1210//1210
f 1783//1783 1210//1210 1209//1209
f 1786//1786 1787//1787 1788//1788
f 1788//1788 1787//1787 1789//1789
f 1788//1788 1789//1789 1790//1790
f 1790//1790 1789//1789 1791//1791
f 1790//1790 1791//1791 1792//1792
f 1792//1792 1791//1791 1793//1793
f 1792//1792 1793//1793 1761//1761
f 1761//1761 1793//1793 1760//1760
f 1794//1794 1786//1786 1795//1795
f 1795//1795 1786//1786 1788//1788
f 1795//1795 1788//1788 1796//1796
f 1796//1796 1788//1788 1790//1790
f 1796//1796 1790//1790 1797//1797
f 1797//1797 1790//1790 1792//1792
f 1797//1797 1792//1792 1762//1762
f 1762//1762 1792//1792 1761//1761
f 1766//1766 1784//1784 1767//1767
f 1767//1767 1784//1784 1785//1785
f 1767//1767 1785//1785 1773//1773
f 1773//1773 1785//1785 1781//1781
f 1773//1773 1781//1781 1775//1775
f 1775//1775 1781//1781 1780//1780
f 1775//1775 1780//1780 1798//1798
f 1798//1798 1780//1780 1779//1779
f 1798//1798 1779//1779 1799//1799
f 1799//1799 1779//1779 1778//1778
f 1799//1799 1778//1778 1800//1800
f 1800//1800 1778//1778 1777//1777
f 1759//1759 1760//1760 1777//1777
f 1777//1777 1760//1760 1793//1793
f 1777//1777 1793//1793 1800//1800
f 1800//1800 1793//1793 1791//1791
f 1800//1800 1791//1791 1799//1799
f 1799//1799 1791//1791 1789//1789
f 1799//1799 1789//1789 1798//1798
f 1798//1798 1789//1789 1787//1787
f 1798//1798 1787//1787 1775//1775
f 1775//1775 1787//1787 1786//1786
f 1775//1775 1786//1786 1776//1776
f 1776//1776 1786//1786 1794//1794
f 1776//1776 1794//1794 1801//1801
f 1801//1801 1794//1794 1795//1795
f 1801//1801 1795//1795 1802//1802
f 1802//1802 1795//1795 1796//1796
f 1802//1802 1796//1796 1803//1803
f 1803//1803 1796//1796 1797//1797
f 1803//1803 1797//1797 1804//1804
f 1804//1804 1797//1797 1762//1762
f 1804//1804 1762//1762 1763//1763
f 1100//1100 1203//1203 1730//1730
f 1730//1730 1203//1203 1771//1771
f 1784//1784 1805//1805 1806//1806
f 1806//1806 1807//1807 1784//1784
f 1784//1784 1807//1807 1808//1808
f 1784//1784 1808//1808 1771//1771
f 1771//1771 1808//1808 1732//1732
f 1771//1771 1732//1732 1730//1730
f 1805//1805 1784//1784 1809//1809
f 1809//1809 1784//1784 1766//1766
f 1809//1809 1766//1766 1810//1810
f 1810//1810 1766//1766 1811//1811
f 1811//1811 1766//1766 1765//1765
f 1811//1811 1765//1765 1812//1812
f 1813//1813 1457//1457 1447//1447
f 1814//1814 1813//1813 1815//1815
f 1815//1815 1813//1813 1447//1447
f 1815//1815 1447//1447 1446//1446
f 1816//1816 1438//1438 1817//1817
f 1817//1817 1438//1438 1437//1437
f 1817//1817 1437//1437 1348//1348
f 1457//1457 1813//1813 1455//1455
f 1455//1455 1813//1813 1818//1818
f 1455//1455 1818//1818 1454//1454
f 1816//1816 1702//1702 1819//1819
f 1819//1819 1702//1702 1708//1708
f 1819//1819 1708//1708 1710//1710
f 1711//1711 1713//1713 1818//1818
f 1818//1818 1713//1713 1714//1714
f 1818//1818 1714//1714 1454//1454
f 1454//1454 1714//1714 1715//1715
f 1454//1454 1715//1715 1453//1453
f 1439//1439 1814//1814 1440//1440
f 1440//1440 1814//1814 1815//1815
f 1440//1440 1815//1815 1441//1441
f 1441//1441 1815//1815 1446//1446
f 1441//1441 1446//1446 1442//1442
f 1348//1348 1707//1707 1817//1817
f 1817//1817 1707//1707 1705//1705
f 1817//1817 1705//1705 1816//1816
f 1816//1816 1705//1705 1703//1703
f 1816//1816 1703//1703 1702//1702
f 1439//1439 1438//1438 1814//1814
f 1814//1814 1438//1438 1816//1816
f 1814//1814 1816//1816 1813//1813
f 1813//1813 1816//1816 1819//1819
f 1813//1813 1819//1819 1818//1818
f 1818//1818 1819//1819 1710//1710
f 1818//1818 1710//1710 1711//1711
f 1471//1471 1405//1405 1194//1194
f 1820//1820 1746//1746 1745//1745
f 1377//1377 1821//1821 1562//1562
f 1472//1472 1821//1821 1377//1377
f 1822//1822 1823//1823 1824//1824
f 1824//1824 1823//1823 1825//1825
f 1824//1824 1825//1825 1560//1560
f 1565//1565 1564//1564 1825//1825
f 1825//1825 1564//1564 1563//1563
f 1825//1825 1563//1563 1560//1560
f 1820//1820 1475//1475 1746//1746
f 1746//1746 1475//1475 1474//1474
f 1746//1746 1474//1474 1473//1473
f 1560//1560 1562//1562 1824//1824
f 1824//1824 1562//1562 1821//1821
f 1824//1824 1821//1821 1822//1822
f 1822//1822 1821//1821 1472//1472
f 1822//1822 1472//1472 1476//1476
f 1476//1476 1475//1475 1822//1822
f 1822//1822 1475//1475 1820//1820
f 1822//1822 1820//1820 1823//1823
f 1823//1823 1820//1820 1745//1745
f 1823//1823 1745//1745 1825//1825
f 1825//1825 1745//1745 1744//1744
f 1825//1825 1744//1744 1565//1565
f 1490//1490 1481//1481 1826//1826
f 1826//1826 1481//1481 1483//1483
f 1826//1826 1483//1483 1827//1827
f 1827//1827 1483//1483 1485//1485
f 1827//1827 1485//1485 1828//1828
f 1828//1828 1485//1485 1480//1480
f 1828//1828 1480//1480 1554//1554
f 1554//1554 1480//1480 1478//1478
f 1488//1488 1490//1490 1829//1829
f 1829//1829 1490//1490 1826//1826
f 1829//1829 1826//1826 1830//1830
f 1830//1830 1826//1826 1827//1827
f 1830//1830 1827//1827 1831//1831
f 1831//1831 1827//1827 1828//1828
f 1831//1831 1828//1828 1552//1552
f 1552//1552 1828//1828 1554//1554
f 1832//1832 1489//1489 1833//1833
f 1833//1833 1489//1489 1488//1488
f 1504//1504 1548//1548 1633//1633
f 1633//1633 1548//1548 1547//1547
f 1633//1633 1547//1547 1632//1632
f 1632//1632 1547//1547 1497//1497
f 1632//1632 1497//1497 1631//1631
f 1631//1631 1497//1497 1495//1495
f 1631//1631 1495//1495 1630//1630
f 1495//1495 1494//1494 1630//1630
f 1630//1630 1494//1494 1527//1527
f 1630//1630 1527//1527 1629//1629
f 1629//1629 1527//1527 1526//1526
f 1629//1629 1526//1526 1628//1628
f 1526//1526 1529//1529 1628//1628
f 1628//1628 1529//1529 1525//1525
f 1628//1628 1525//1525 1627//1627
f 1627//1627 1525//1525 1524//1524
f 1627//1627 1524//1524 1614//1614
f 1541//1541 1540//1540 1834//1834
f 1834//1834 1540//1540 1835//1835
f 1489//1489 1832//1832 1542//1542
f 1542//1542 1832//1832 1836//1836
f 1542//1542 1836//1836 1543//1543
f 1543//1543 1836//1836 1837//1837
f 1543//1543 1837//1837 1545//1545
f 1545//1545 1837//1837 1838//1838
f 1545//1545 1838//1838 1537//1537
f 1537//1537 1838//1838 1835//1835
f 1537//1537 1835//1835 1538//1538
f 1538//1538 1835//1835 1540//1540
f 1839//1839 1516//1516 1840//1840
f 1840//1840 1516//1516 1541//1541
f 1840//1840 1541//1541 1841//1841
f 1841//1841 1541//1541 1834//1834
f 1842//1842 1524//1524 1843//1843
f 1843//1843 1524//1524 1522//1522
f 1843//1843 1522//1522 1839//1839
f 1839//1839 1522//1522 1521//1521
f 1839//1839 1521//1521 1516//1516
f 1844//1844 1736//1736 1735//1735
f 1845//1845 1846//1846 1847//1847
f 1847//1847 1846//1846 1553//1553
f 1847//1847 1553//1553 1848//1848
f 1848//1848 1553//1553 1555//1555
f 1848//1848 1555//1555 1844//1844
f 1844//1844 1555//1555 1556//1556
f 1844//1844 1556//1556 1736//1736
f 1551//1551 1553//1553 1849//1849
f 1849//1849 1553//1553 1850//1850
f 1849//1849 1850//1850 1851//1851
f 1851//1851 1850//1850 1852//1852
f 1851//1851 1852//1852 1853//1853
f 1853//1853 1852//1852 1854//1854
f 1853//1853 1854//1854 1855//1855
f 1854//1854 1856//1856 1855//1855
f 1855//1855 1856//1856 1857//1857
f 1855//1855 1857//1857 1858//1858
f 1859//1859 1488//1488 1829//1829
f 1552//1552 1551//1551 1860//1860
f 1552//1552 1860//1860 1831//1831
f 1831//1831 1860//1860 1861//1861
f 1831//1831 1861//1861 1830//1830
f 1830//1830 1861//1861 1862//1862
f 1830//1830 1862//1862 1829//1829
f 1829//1829 1862//1862 1863//1863
f 1829//1829 1863//1863 1859//1859
f 1864//1864 1865//1865 1866//1866
f 1867//1867 1868//1868 1869//1869
f 1870//1870 1871//1871 1872//1872
f 1873//1873 1858//1858 1874//1874
f 1875//1875 1876//1876 1872//1872
f 1877//1877 1857//1857 1865//1865
f 1865//1865 1857//1857 1878//1878
f 1865//1865 1878//1878 1879//1879
f 1879//1879 1880//1880 1865//1865
f 1865//1865 1880//1880 1881//1881
f 1865//1865 1881//1881 1882//1882
f 1883//1883 1884//1884 1885//1885
f 1886//1886 1887//1887 1888//1888
f 1882//1882 1875//1875 1889//1889
f 1889//1889 1875//1875 1872//1872
f 1889//1889 1872//1872 1890//1890
f 1890//1890 1872//1872 1871//1871
f 1877//1877 1891//1891 1857//1857
f 1857//1857 1891//1891 1892//1892
f 1857//1857 1892//1892 1858//1858
f 1858//1858 1892//1892 1893//1893
f 1858//1858 1893//1893 1874//1874
f 1894//1894 1895//1895 1896//1896
f 1869//1869 1885//1885 1888//1888
f 1897//1897 1898//1898 1899//1899
f 1899//1899 1898//1898 1900//1900
f 1899//1899 1900//1900 1901//1901
f 1901//1901 1900//1900 1902//1902
f 1901//1901 1902//1902 1903//1903
f 1903//1903 1902//1902 1883//1883
f 1903//1903 1883//1883 1904//1904
f 1904//1904 1883//1883 1885//1885
f 1876//1876 1875//1875 1905//1905
f 1905//1905 1875//1875 1906//1906
f 1905//1905 1906//1906 1907//1907
f 1896//1896 1873//1873 1894//1894
f 1894//1894 1873//1873 1874//1874
f 1894//1894 1874//1874 1908//1908
f 1908//1908 1874//1874 1909//1909
f 1908//1908 1909//1909 1910//1910
f 1910//1910 1909//1909 1869//1869
f 1889//1889 1911//1911 1882//1882
f 1882//1882 1911//1911 1912//1912
f 1882//1882 1912//1912 1865//1865
f 1865//1865 1912//1912 1913//1913
f 1865//1865 1913//1913 1866//1866
f 1868//1868 1914//1914 1869//1869
f 1869//1869 1914//1914 1915//1915
f 1869//1869 1915//1915 1910//1910
f 1888//1888 1916//1916 1869//1869
f 1869//1869 1916//1916 1917//1917
f 1869//1869 1917//1917 1918//1918
f 1897//1897 1870//1870 1898//1898
f 1898//1898 1870//1870 1872//1872
f 1898//1898 1872//1872 1919//1919
f 1919//1919 1872//1872 1888//1888
f 1919//1919 1888//1888 1920//1920
f 1920//1920 1888//1888 1887//1887
f 1864//1864 1866//1866 1903//1903
f 1903//1903 1866//1866 1921//1921
f 1903//1903 1921//1921 1901//1901
f 1922//1922 1923//1923 1924//1924
f 1884//1884 1925//1925 1885//1885
f 1885//1885 1925//1925 1926//1926
f 1885//1885 1926//1926 1888//1888
f 1888//1888 1926//1926 1927//1927
f 1888//1888 1927//1927 1886//1886
f 1907//1907 1928//1928 1905//1905
f 1905//1905 1928//1928 1922//1922
f 1905//1905 1922//1922 1929//1929
f 1929//1929 1922//1922 1924//1924
f 1918//1918 1930//1930 1869//1869
f 1869//1869 1930//1930 1931//1931
f 1869//1869 1931//1931 1867//1867
f 1634//1634 1614//1614 1753//1753
f 1753//1753 1614//1614 1524//1524
f 1753//1753 1524//1524 1842//1842
f 1734//1734 1098//1098 1729//1729
f 1733//1733 1732//1732 1932//1932
f 1932//1932 1732//1732 1808//1808
f 1932//1932 1808//1808 1933//1933
f 1933//1933 1808//1808 1807//1807
f 1733//1733 1932//1932 1729//1729
f 1934//1934 1735//1735 1734//1734
f 1729//1729 1932//1932 1935//1935
f 1729//1729 1935//1935 1734//1734
f 1734//1734 1935//1935 1934//1934
f 1936//1936 1752//1752 1753//1753
f 1753//1753 1937//1937 1936//1936
f 1936//1936 1937//1937 1938//1938
f 1936//1936 1938//1938 1939//1939
f 1939//1939 1938//1938 1940//1940
f 1939//1939 1940//1940 1941//1941
f 1941//1941 1940//1940 1942//1942
f 1941//1941 1942//1942 1876//1876
f 1876//1876 1942//1942 1872//1872
f 1876//1876 1905//1905 1941//1941
f 1941//1941 1905//1905 1943//1943
f 1941//1941 1943//1943 1939//1939
f 1939//1939 1943//1943 1944//1944
f 1939//1939 1944//1944 1936//1936
f 1936//1936 1944//1944 1945//1945
f 1936//1936 1945//1945 1752//1752
f 1752//1752 1945//1945 1763//1763
f 1946//1946 1765//1765 1772//1772
f 1947//1947 1946//1946 1948//1948
f 1949//1949 1947//1947 1950//1950
f 1875//1875 1949//1949 1951//1951
f 1946//1946 1772//1772 1948//1948
f 1948//1948 1772//1772 1774//1774
f 1948//1948 1774//1774 1952//1952
f 1952//1952 1774//1774 1776//1776
f 1952//1952 1776//1776 1953//1953
f 1953//1953 1776//1776 1801//1801
f 1953//1953 1801//1801 1954//1954
f 1954//1954 1801//1801 1802//1802
f 1954//1954 1802//1802 1955//1955
f 1955//1955 1802//1802 1803//1803
f 1955//1955 1803//1803 1956//1956
f 1956//1956 1803//1803 1804//1804
f 1956//1956 1804//1804 1957//1957
f 1957//1957 1804//1804 1763//1763
f 1957//1957 1763//1763 1945//1945
f 1947//1947 1948//1948 1950//1950
f 1950//1950 1948//1948 1952//1952
f 1950//1950 1952//1952 1958//1958
f 1958//1958 1952//1952 1953//1953
f 1958//1958 1953//1953 1959//1959
f 1959//1959 1953//1953 1954//1954
f 1959//1959 1954//1954 1960//1960
f 1960//1960 1954//1954 1955//1955
f 1960//1960 1955//1955 1961//1961
f 1961//1961 1955//1955 1956//1956
f 1961//1961 1956//1956 1962//1962
f 1962//1962 1956//1956 1957//1957
f 1962//1962 1957//1957 1963//1963
f 1963//1963 1957//1957 1945//1945
f 1963//1963 1945//1945 1944//1944
f 1949//1949 1950//1950 1951//1951
f 1951//1951 1950//1950 1958//1958
f 1951//1951 1958//1958 1964//1964
f 1964//1964 1958//1958 1959//1959
f 1964//1964 1959//1959 1965//1965
f 1965//1965 1959//1959 1960//1960
f 1965//1965 1960//1960 1966//1966
f 1966//1966 1960//1960 1961//1961
f 1966//1966 1961//1961 1967//1967
f 1967//1967 1961//1961 1962//1962
f 1967//1967 1962//1962 1968//1968
f 1968//1968 1962//1962 1963//1963
f 1968//1968 1963//1963 1969//1969
f 1969//1969 1963//1963 1944//1944
f 1969//1969 1944//1944 1943//1943
f 1875//1875 1951//1951 1906//1906
f 1906//1906 1951//1951 1964//1964
f 1906//1906 1964//1964 1907//1907
f 1907//1907 1964//1964 1965//1965
f 1907//1907 1965//1965 1928//1928
f 1928//1928 1965//1965 1966//1966
f 1928//1928 1966//1966 1922//1922
f 1922//1922 1966//1966 1967//1967
f 1922//1922 1967//1967 1923//1923
f 1923//1923 1967//1967 1968//1968
f 1923//1923 1968//1968 1924//1924
f 1924//1924 1968//1968 1969//1969
f 1924//1924 1969//1969 1929//1929
f 1929//1929 1969//1969 1943//1943
f 1929//1929 1943//1943 1905//1905
f 1812//1812 1765//1765 1946//1946
f 1812//1812 1946//1946 1970//1970
f 1970//1970 1946//1946 1947//1947
f 1970//1970 1947//1947 1971//1971
f 1971//1971 1947//1947 1949//1949
f 1971//1971 1949//1949 1972//1972
f 1972//1972 1949//1949 1875//1875
f 1972//1972 1875//1875 1882//1882
f 1973//1973 1974//1974 1975//1975
f 1973//1973 1975//1975 1976//1976
f 1976//1976 1975//1975 1977//1977
f 1976//1976 1977//1977 1978//1978
f 1978//1978 1977//1977 1811//1811
f 1978//1978 1811//1811 1812//1812
f 1805//1805 1809//1809 1979//1979
f 1980//1980 1810//1810 1811//1811
f 1981//1981 1848//1848 1844//1844
f 1982//1982 1845//1845 1847//1847
f 1983//1983 1935//1935 1984//1984
f 1935//1935 1983//1983 1934//1934
f 1934//1934 1983//1983 1985//1985
f 1934//1934 1985//1985 1735//1735
f 1735//1735 1985//1985 1844//1844
f 1844//1844 1985//1985 1983//1983
f 1844//1844 1983//1983 1981//1981
f 1981//1981 1983//1983 1984//1984
f 1981//1981 1984//1984 1986//1986
f 1847//1847 1987//1987 1982//1982
f 1982//1982 1987//1987 1988//1988
f 1982//1982 1988//1988 1974//1974
f 1974//1974 1988//1988 1989//1989
f 1974//1974 1989//1989 1975//1975
f 1975//1975 1989//1989 1977//1977
f 1809//1809 1810//1810 1979//1979
f 1979//1979 1810//1810 1980//1980
f 1979//1979 1980//1980 1986//1986
f 1933//1933 1807//1807 1806//1806
f 1811//1811 1977//1977 1980//1980
f 1980//1980 1977//1977 1989//1989
f 1980//1980 1989//1989 1986//1986
f 1986//1986 1989//1989 1988//1988
f 1986//1986 1988//1988 1981//1981
f 1981//1981 1988//1988 1987//1987
f 1981//1981 1987//1987 1848//1848
f 1848//1848 1987//1987 1847//1847
f 1806//1806 1805//1805 1933//1933
f 1933//1933 1805//1805 1979//1979
f 1933//1933 1979//1979 1932//1932
f 1932//1932 1979//1979 1986//1986
f 1932//1932 1986//1986 1984//1984
f 1932//1932 1984//1984 1935//1935
f 1488//1488 1859//1859 1833//1833
f 1833//1833 1859//1859 1863//1863
f 1908//1908 1910//1910 1990//1990
f 1990//1990 1910//1910 1991//1991
f 1990//1990 1991//1991 1992//1992
f 1992//1992 1991//1991 1993//1993
f 1993//1993 1991//1991 1994//1994
f 1993//1993 1994//1994 1995//1995
f 1995//1995 1994//1994 1996//1996
f 1996//1996 1994//1994 1832//1832
f 1996//1996 1832//1832 1833//1833
f 1888//1888 1997//1997 1998//1998
f 1997//1997 1999//1999 2000//2000
f 1999//1999 1842//1842 1843//1843
f 1999//1999 1843//1843 2000//2000
f 2000//2000 1843//1843 1839//1839
f 2000//2000 1839//1839 2001//2001
f 2001//2001 1839//1839 1840//1840
f 2001//2001 1840//1840 2002//2002
f 2002//2002 1840//1840 1841//1841
f 2002//2002 1841//1841 2003//2003
f 2003//2003 1841//1841 1834//1834
f 2003//2003 1834//1834 2004//2004
f 2004//2004 1834//1834 1835//1835
f 2004//2004 1835//1835 2005//2005
f 2005//2005 1835//1835 1838//1838
f 2005//2005 1838//1838 2006//2006
f 2006//2006 1838//1838 1837//1837
f 2006//2006 1837//1837 2007//2007
f 2007//2007 1837//1837 1836//1836
f 2007//2007 1836//1836 2008//2008
f 2008//2008 1836//1836 1832//1832
f 2008//2008 1832//1832 1994//1994
f 1997//1997 2000//2000 1998//1998
f 1998//1998 2000//2000 2001//2001
f 1998//1998 2001//2001 2009//2009
f 2009//2009 2001//2001 2002//2002
f 2009//2009 2002//2002 2010//2010
f 2010//2010 2002//2002 2003//2003
f 2010//2010 2003//2003 2011//2011
f 2011//2011 2003//2003 2004//2004
f 2011//2011 2004//2004 2012//2012
f 2012//2012 2004//2004 2005//2005
f 2012//2012 2005//2005 2013//2013
f 2013//2013 2005//2005 2006//2006
f 2013//2013 2006//2006 2014//2014
f 2014//2014 2006//2006 2007//2007
f 2014//2014 2007//2007 2015//2015
f 2015//2015 2007//2007 2008//2008
f 2015//2015 2008//2008 2016//2016
f 2016//2016 2008//2008 1994//1994
f 2016//2016 1994//1994 1991//1991
f 1888//1888 1998//1998 1916//1916
f 1916//1916 1998//1998 2009//2009
f 1916//1916 2009//2009 1917//1917
f 1917//1917 2009//2009 2010//2010
f 1917//1917 2010//2010 1918//1918
f 1918//1918 2010//2010 2011//2011
f 1918//1918 2011//2011 1930//1930
f 1930//1930 2011//2011 2012//2012
f 1930//1930 2012//2012 1931//1931
f 1931//1931 2012//2012 2013//2013
f 1931//1931 2013//2013 1867//1867
f 1867//1867 2013//2013 2014//2014
f 1867//1867 2014//2014 1868//1868
f 1868//1868 2014//2014 2015//2015
f 1868//1868 2015//2015 1914//1914
f 1914//1914 2015//2015 2016//2016
f 1914//1914 2016//2016 1915//1915
f 1915//1915 2016//2016 1991//1991
f 1915//1915 1991//1991 1910//1910
f 1878//1878 1857//1857 2017//2017
f 2017//2017 1857//1857 1856//1856
f 2017//2017 1856//1856 2018//2018
f 1553//1553 1846//1846 1850//1850
f 1850//1850 1846//1846 2019//2019
f 1850//1850 2019//2019 1852//1852
f 1852//1852 2019//2019 2018//2018
f 1852//1852 2018//2018 1854//1854
f 1854//1854 2018//2018 1856//1856
f 1879//1879 1878//1878 2020//2020
f 2020//2020 1878//1878 2017//2017
f 2020//2020 2017//2017 2021//2021
f 2021//2021 2017//2017 2018//2018
f 2021//2021 2018//2018 2022//2022
f 2022//2022 2018//2018 2019//2019
f 2022//2022 2019//2019 1845//1845
f 1845//1845 2019//2019 1846//1846
f 1895//1895 1894//1894 2023//2023
f 2023//2023 1894//1894 2024//2024
f 2023//2023 2024//2024 2025//2025
f 2025//2025 2024//2024 2026//2026
f 2025//2025 2026//2026 2027//2027
f 2027//2027 2026//2026 2028//2028
f 2027//2027 2029//2029 2025//2025
f 2025//2025 2029//2029 2030//2030
f 2025//2025 2030//2030 2023//2023
f 2023//2023 2030//2030 2031//2031
f 2023//2023 2031//2031 1895//1895
f 1895//1895 2031//2031 1896//1896
f 2029//2029 2032//2032 2030//2030
f 2030//2030 2032//2032 2033//2033
f 2030//2030 2033//2033 2031//2031
f 2031//2031 2033//2033 2034//2034
f 2031//2031 2034//2034 1896//1896
f 1896//1896 2034//2034 1873//1873
f 1551//1551 2032//2032 1860//1860
f 1860//1860 2032//2032 2029//2029
f 1860//1860 2029//2029 1861//1861
f 1861//1861 2029//2029 2027//2027
f 1861//1861 2027//2027 1862//1862
f 1862//1862 2027//2027 2028//2028
f 1862//1862 2028//2028 1863//1863
f 1858//1858 1873//1873 1855//1855
f 1855//1855 1873//1873 2034//2034
f 1855//1855 2034//2034 1853//1853
f 1853//1853 2034//2034 2033//2033
f 1853//1853 2033//2033 1851//1851
f 1851//1851 2033//2033 2032//2032
f 1851//1851 2032//2032 1849//1849
f 1849//1849 2032//2032 1551//1551
f 1942//1942 1940//1940 1999//1999
f 1999//1999 1940//1940 1938//1938
f 1999//1999 1938//1938 1842//1842
f 1842//1842 1938//1938 1937//1937
f 1842//1842 1937//1937 1753//1753
f 1999//1999 1997//1997 1942//1942
f 1942//1942 1997//1997 1888//1888
f 1942//1942 1888//1888 1872//1872
f 1833//1833 1863//1863 1996//1996
f 1996//1996 1863//1863 2028//2028
f 1996//1996 2028//2028 1995//1995
f 1995//1995 2028//2028 2026//2026
f 1995//1995 2026//2026 1993//1993
f 1993//1993 2026//2026 1992//1992
f 1992//1992 2026//2026 2024//2024
f 1992//1992 2024//2024 1990//1990
f 1990//1990 2024//2024 1894//1894
f 1990//1990 1894//1894 1908//1908
f 1982//1982 1974//1974 2035//2035
f 1880//1880 1879//1879 2036//2036
f 2036//2036 1879//1879 2020//2020
f 2036//2036 2020//2020 2037//2037
f 2037//2037 2020//2020 2021//2021
f 2037//2037 2021//2021 2035//2035
f 2035//2035 2021//2021 2022//2022
f 2035//2035 2022//2022 1982//1982
f 1982//1982 2022//2022 1845//1845
f 2038//2038 1971//1971 1972//1972
f 2039//2039 2040//2040 2041//2041
f 1970//1970 1971//1971 2042//2042
f 2042//2042 1971//1971 2038//2038
f 2042//2042 2038//2038 2043//2043
f 2040//2040 2039//2039 2044//2044
f 2044//2044 2039//2039 2035//2035
f 2044//2044 2035//2035 1974//1974
f 1812//1812 1970//1970 1978//1978
f 1978//1978 1970//1970 2042//2042
f 1978//1978 2042//2042 1976//1976
f 1976//1976 2042//2042 2043//2043
f 1976//1976 2043//2043 1973//1973
f 1881//1881 1880//1880 2041//2041
f 2041//2041 1880//1880 2036//2036
f 2041//2041 2036//2036 2039//2039
f 2039//2039 2036//2036 2037//2037
f 2039//2039 2037//2037 2035//2035
f 1974//1974 1973//1973 2044//2044
f 2044//2044 1973//1973 2043//2043
f 2044//2044 2043//2043 2040//2040
f 2040//2040 2043//2043 2038//2038
f 2040//2040 2038//2038 2041//2041
f 2041//2041 2038//2038 1972//1972
f 2041//2041 1972//1972 1881//1881
f 1881//1881 1972//1972 1882//1882
f 2045//2045 2046//2046 2047//2047
f 2048//2048 2049//2049 2050//2050
f 2045//2045 2047//2047 2051//2051
f 2047//2047 2052//2052 2053//2053
f 2054//2054 2055//2055 2056//2056
f 2049//2049 2057//2057 2050//2050
f 2050//2050 2057//2057 2058//2058
f 2050//2050 2058//2058 2059//2059
f 2060//2060 2053//2053 2061//2061
f 2061//2061 2053//2053 2052//2052
f 2061//2061 2052//2052 2062//2062
f 2051//2051 2047//2047 2063//2063
f 2063//2063 2047//2047 2053//2053
f 2063//2063 2053//2053 2050//2050
f 2050//2050 2053//2053 2054//2054
f 2050//2050 2054//2054 2048//2048
f 2048//2048 2054//2054 2056//2056
f 2048//2048 2056//2056 2064//2064
f 2065//2065 2066//2066 2067//2067
f 2068//2068 2069//2069 2070//2070
f 2071//2071 2072//2072 2073//2073
f 2074//2074 2075//2075 2066//2066
f 2065//2065 2067//2067 2070//2070
f 2070//2070 2067//2067 2076//2076
f 2070//2070 2076//2076 2068//2068
f 2072//2072 2077//2077 2073//2073
f 2073//2073 2077//2077 2078//2078
f 2073//2073 2078//2078 2079//2079
f 2080//2080 2071//2071 2081//2081
f 2081//2081 2071//2071 2065//2065
f 2081//2081 2065//2065 2082//2082
f 2071//2071 2073//2073 2065//2065
f 2065//2065 2073//2073 2083//2083
f 2065//2065 2083//2083 2066//2066
f 2066//2066 2083//2083 2084//2084
f 2066//2066 2084//2084 2074//2074
f 2085//2085 2086//2086 2087//2087
f 2085//2085 2087//2087 2088//2088
f 2088//2088 2087//2087 2089//2089
f 2088//2088 2089//2089 2090//2090
f 2090//2090 2089//2089 2091//2091
f 2090//2090 2091//2091 2092//2092
f 2050//2050 2059//2059 2093//2093
f 2093//2093 2059//2059 2094//2094
f 2094//2094 2059//2059 2095//2095
f 2095//2095 2059//2059 2058//2058
f 2095//2095 2058//2058 2096//2096
f 2096//2096 2058//2058 2097//2097
f 2097//2097 2058//2058 2057//2057
f 2097//2097 2057//2057 2098//2098
f 2049//2049 2099//2099 2057//2057
f 2057//2057 2099//2099 2100//2100
f 2057//2057 2100//2100 2098//2098
f 2050//2050 2093//2093 2063//2063
f 2063//2063 2093//2093 2101//2101
f 2047//2047 2046//2046 2102//2102
f 2102//2102 2046//2046 2103//2103
f 2103//2103 2046//2046 2104//2104
f 2104//2104 2046//2046 2045//2045
f 2104//2104 2045//2045 2105//2105
f 2105//2105 2045//2045 2106//2106
f 2106//2106 2045//2045 2051//2051
f 2106//2106 2051//2051 2107//2107
f 2063//2063 2101//2101 2051//2051
f 2051//2051 2101//2101 2108//2108
f 2051//2051 2108//2108 2107//2107
f 2047//2047 2102//2102 2052//2052
f 2052//2052 2102//2102 2109//2109
f 2053//2053 2060//2060 2110//2110
f 2110//2110 2060//2060 2111//2111
f 2111//2111 2060//2060 2112//2112
f 2112//2112 2060//2060 2061//2061
f 2112//2112 2061//2061 2113//2113
f 2113//2113 2061//2061 2114//2114
f 2114//2114 2061//2061 2062//2062
f 2114//2114 2062//2062 2115//2115
f 2052//2052 2109//2109 2062//2062
f 2062//2062 2109//2109 2116//2116
f 2062//2062 2116//2116 2115//2115
f 2053//2053 2110//2110 2054//2054
f 2054//2054 2110//2110 2117//2117
f 2118//2118 2048//2048 2119//2119
f 2119//2119 2048//2048 2064//2064
f 2119//2119 2064//2064 2120//2120
f 2120//2120 2064//2064 2121//2121
f 2121//2121 2064//2064 2056//2056
f 2121//2121 2056//2056 2122//2122
f 2122//2122 2056//2056 2055//2055
f 2122//2122 2055//2055 2123//2123
f 2054//2054 2117//2117 2055//2055
f 2055//2055 2117//2117 2124//2124
f 2055//2055 2124//2124 2123//2123
f 2048//2048 2118//2118 2049//2049
f 2049//2049 2118//2118 2099//2099
f 2071//2071 2080//2080 2125//2125
f 2125//2125 2080//2080 2126//2126
f 2126//2126 2080//2080 2127//2127
f 2127//2127 2080//2080 2081//2081
f 2127//2127 2081//2081 2128//2128
f 2128//2128 2081//2081 2129//2129
f 2129//2129 2081//2081 2082//2082
f 2129//2129 2082//2082 2130//2130
f 2065//2065 2131//2131 2082//2082
f 2082//2082 2131//2131 2132//2132
f 2082//2082 2132//2132 2130//2130
f 2071//2071 2125//2125 2072//2072
f 2072//2072 2125//2125 2133//2133
f 2073//2073 2079//2079 2134//2134
f 2134//2134 2079//2079 2135//2135
f 2135//2135 2079//2079 2136//2136
f 2136//2136 2079//2079 2078//2078
f 2136//2136 2078//2078 2137//2137
f 2137//2137 2078//2078 2138//2138
f 2138//2138 2078//2078 2077//2077
f 2138//2138 2077//2077 2139//2139
f 2072//2072 2133//2133 2077//2077
f 2077//2077 2133//2133 2140//2140
f 2077//2077 2140//2140 2139//2139
f 2073//2073 2134//2134 2083//2083
f 2083//2083 2134//2134 2141//2141
f 2066//2066 2075//2075 2142//2142
f 2142//2142 2075//2075 2143//2143
f 2143//2143 2075//2075 2144//2144
f 2144//2144 2075//2075 2074//2074
f 2144//2144 2074//2074 2145//2145
f 2145//2145 2074//2074 2146//2146
f 2146//2146 2074//2074 2084//2084
f 2146//2146 2084//2084 2147//2147
f 2083//2083 2141//2141 2084//2084
f 2084//2084 2141//2141 2148//2148
f 2084//2084 2148//2148 2147//2147
f 2066//2066 2142//2142 2067//2067
f 2067//2067 2142//2142 2149//2149
f 2070//2070 2069//2069 2150//2150
f 2150//2150 2069//2069 2151//2151
f 2151//2151 2069//2069 2152//2152
f 2152//2152 2069//2069 2068//2068
f 2152//2152 2068//2068 2153//2153
f 2153//2153 2068//2068 2154//2154
f 2154//2154 2068//2068 2076//2076
f 2154//2154 2076//2076 2155//2155
f 2067//2067 2149//2149 2076//2076
f 2076//2076 2149//2149 2156//2156
f 2076//2076 2156//2156 2155//2155
f 2070//2070 2150//2150 2065//2065
f 2065//2065 2150//2150 2131//2131
f 2157//2157 2158//2158 2159//2159
f 2159//2159 2158//2158 2160//2160
f 2159//2159 2160//2160 2161//2161
f 2161//2161 2160//2160 2162//2162
f 2161//2161 2162//2162 2163//2163
f 2163//2163 2162//2162 2164//2164
f 2158//2158 2165//2165 2160//2160
f 2160//2160 2165//2165 2166//2166
f 2160//2160 2166//2166 2162//2162
f 2162//2162 2166//2166 2167//2167
f 2162//2162 2167//2167 2164//2164
f 2164//2164 2167//2167 2168//2168
f 2165//2165 2085//2085 2166//2166
f 2166//2166 2085//2085 2088//2088
f 2166//2166 2088//2088 2167//2167
f 2167//2167 2088//2088 2090//2090
f 2167//2167 2090//2090 2168//2168
f 2168//2168 2090//2090 2092//2092
f 2169//2169 2170//2170 2171//2171
f 2172//2172 2173//2173 2086//2086
f 2165//2165 2158//2158 2085//2085
f 2085//2085 2158//2158 2157//2157
f 2085//2085 2157//2157 2086//2086
f 2086//2086 2157//2157 2169//2169
f 2086//2086 2169//2169 2172//2172
f 2172//2172 2169//2169 2171//2171
f 2174//2174 2172//2172 2171//2171
f 2086//2086 2173//2173 2087//2087
f 2087//2087 2173//2173 2175//2175
f 2087//2087 2175//2175 2089//2089
f 2089//2089 2175//2175 2176//2176
f 2089//2089 2176//2176 2091//2091
f 2091//2091 2176//2176 2177//2177
f 2173//2173 2172//2172 2175//2175
f 2175//2175 2172//2172 2174//2174
f 2175//2175 2174//2174 2176//2176
f 2176//2176 2174//2174 2178//2178
f 2176//2176 2178//2178 2177//2177
f 2177//2177 2178//2178 2179//2179
f 2171//2171 2180//2180 2174//2174
f 2174//2174 2180//2180 2181//2181
f 2174//2174 2181//2181 2178//2178
f 2178//2178 2181//2181 2182//2182
f 2178//2178 2182//2182 2179//2179
f 2179//2179 2182//2182 2183//2183
f 2184//2184 2092//2092 2185//2185
f 2185//2185 2092//2092 2091//2091
f 2186//2186 2187//2187 2188//2188
f 2188//2188 2187//2187 2189//2189
f 2189//2189 2187//2187 2190//2190
f 2190//2190 2187//2187 2191//2191
f 2190//2190 2191//2191 2192//2192
f 2191//2191 2193//2193 2192//2192
f 2192//2192 2193//2193 2184//2184
f 2192//2192 2184//2184 2185//2185
f 2194//2194 2195//2195 2196//2196
f 2197//2197 2198//2198 2199//2199
f 2200//2200 2201//2201 2202//2202
f 2202//2202 2201//2201 2203//2203
f 2202//2202 2203//2203 2204//2204
f 2204//2204 2203//2203 2197//2197
f 2204//2204 2197//2197 2205//2205
f 2205//2205 2197//2197 2199//2199
f 2195//2195 2198//2198 2196//2196
f 2196//2196 2198//2198 2197//2197
f 2196//2196 2197//2197 2206//2206
f 2206//2206 2197//2197 2203//2203
f 2206//2206 2203//2203 2207//2207
f 2207//2207 2203//2203 2201//2201
f 2208//2208 2194//2194 2209//2209
f 2209//2209 2194//2194 2196//2196
f 2209//2209 2196//2196 2210//2210
f 2210//2210 2196//2196 2206//2206
f 2210//2210 2206//2206 2211//2211
f 2211//2211 2206//2206 2207//2207
f 2211//2211 2207//2207 2212//2212
f 2212//2212 2207//2207 2201//2201
f 2212//2212 2201//2201 2213//2213
f 2213//2213 2201//2201 2200//2200
f 2213//2213 2200//2200 2214//2214
f 2185//2185 2208//2208 2192//2192
f 2192//2192 2208//2208 2209//2209
f 2192//2192 2209//2209 2190//2190
f 2190//2190 2209//2209 2210//2210
f 2190//2190 2210//2210 2189//2189
f 2189//2189 2210//2210 2211//2211
f 2189//2189 2211//2211 2188//2188
f 2188//2188 2211//2211 2212//2212
f 2215//2215 2216//2216 2217//2217
f 2099//2099 2218//2218 2219//2219
f 2097//2097 2098//2098 2219//2219
f 2219//2219 2098//2098 2100//2100
f 2219//2219 2100//2100 2099//2099
f 2097//2097 2219//2219 2096//2096
f 2096//2096 2219//2219 2220//2220
f 2096//2096 2220//2220 2095//2095
f 2095//2095 2220//2220 2217//2217
f 2095//2095 2217//2217 2094//2094
f 2094//2094 2217//2217 2216//2216
f 2094//2094 2216//2216 2093//2093
f 2215//2215 2217//2217 2221//2221
f 2221//2221 2217//2217 2220//2220
f 2221//2221 2220//2220 2222//2222
f 2222//2222 2220//2220 2219//2219
f 2222//2222 2219//2219 2223//2223
f 2223//2223 2219//2219 2218//2218
f 2223//2223 2218//2218 2224//2224
f 2101//2101 2093//2093 2216//2216
f 2101//2101 2216//2216 2225//2225
f 2225//2225 2216//2216 2215//2215
f 2225//2225 2215//2215 2226//2226
f 2101//2101 2225//2225 2227//2227
f 2228//2228 2229//2229 2230//2230
f 2228//2228 2230//2230 2231//2231
f 2231//2231 2230//2230 2232//2232
f 2231//2231 2232//2232 2233//2233
f 2233//2233 2232//2232 2227//2227
f 2233//2233 2227//2227 2234//2234
f 2234//2234 2227//2227 2225//2225
f 2234//2234 2225//2225 2226//2226
f 2106//2106 2107//2107 2227//2227
f 2227//2227 2107//2107 2108//2108
f 2227//2227 2108//2108 2101//2101
f 2106//2106 2227//2227 2105//2105
f 2105//2105 2227//2227 2232//2232
f 2105//2105 2232//2232 2104//2104
f 2104//2104 2232//2232 2230//2230
f 2104//2104 2230//2230 2103//2103
f 2103//2103 2230//2230 2229//2229
f 2103//2103 2229//2229 2102//2102
f 2109//2109 2102//2102 2229//2229
f 2109//2109 2229//2229 2235//2235
f 2235//2235 2229//2229 2228//2228
f 2235//2235 2228//2228 2236//2236
f 2237//2237 2238//2238 2239//2239
f 2109//2109 2235//2235 2240//2240
f 2114//2114 2115//2115 2240//2240
f 2240//2240 2115//2115 2116//2116
f 2240//2240 2116//2116 2109//2109
f 2114//2114 2240//2240 2113//2113
f 2113//2113 2240//2240 2241//2241
f 2113//2113 2241//2241 2112//2112
f 2112//2112 2241//2241 2239//2239
f 2112//2112 2239//2239 2111//2111
f 2111//2111 2239//2239 2238//2238
f 2111//2111 2238//2238 2110//2110
f 2237//2237 2239//2239 2242//2242
f 2242//2242 2239//2239 2241//2241
f 2242//2242 2241//2241 2243//2243
f 2243//2243 2241//2241 2240//2240
f 2243//2243 2240//2240 2244//2244
f 2244//2244 2240//2240 2235//2235
f 2244//2244 2235//2235 2236//2236
f 2237//2237 2245//2245 2246//2246
f 2237//2237 2246//2246 2238//2238
f 2238//2238 2246//2246 2117//2117
f 2238//2238 2117//2117 2110//2110
f 2247//2247 2248//2248 2249//2249
f 2124//2124 2117//2117 2246//2246
f 2124//2124 2246//2246 2123//2123
f 2123//2123 2246//2246 2250//2250
f 2123//2123 2250//2250 2122//2122
f 2122//2122 2250//2250 2251//2251
f 2122//2122 2251//2251 2121//2121
f 2121//2121 2251//2251 2249//2249
f 2121//2121 2249//2249 2120//2120
f 2120//2120 2249//2249 2119//2119
f 2119//2119 2249//2249 2248//2248
f 2119//2119 2248//2248 2118//2118
f 2247//2247 2249//2249 2252//2252
f 2252//2252 2249//2249 2251//2251
f 2252//2252 2251//2251 2253//2253
f 2253//2253 2251//2251 2250//2250
f 2253//2253 2250//2250 2254//2254
f 2254//2254 2250//2250 2246//2246
f 2254//2254 2246//2246 2245//2245
f 2099//2099 2118//2118 2248//2248
f 2099//2099 2248//2248 2218//2218
f 2218//2218 2248//2248 2247//2247
f 2218//2218 2247//2247 2224//2224
f 2255//2255 2256//2256 2257//2257
f 2131//2131 2258//2258 2259//2259
f 2129//2129 2130//2130 2259//2259
f 2259//2259 2130//2130 2132//2132
f 2259//2259 2132//2132 2131//2131
f 2129//2129 2259//2259 2128//2128
f 2128//2128 2259//2259 2260//2260
f 2128//2128 2260//2260 2127//2127
f 2127//2127 2260//2260 2257//2257
f 2127//2127 2257//2257 2126//2126
f 2126//2126 2257//2257 2256//2256
f 2126//2126 2256//2256 2125//2125
f 2255//2255 2257//2257 2261//2261
f 2261//2261 2257//2257 2260//2260
f 2261//2261 2260//2260 2262//2262
f 2262//2262 2260//2260 2259//2259
f 2262//2262 2259//2259 2263//2263
f 2263//2263 2259//2259 2258//2258
f 2263//2263 2258//2258 2264//2264
f 2255//2255 2265//2265 2266//2266
f 2255//2255 2266//2266 2256//2256
f 2256//2256 2266//2266 2133//2133
f 2256//2256 2133//2133 2125//2125
f 2133//2133 2266//2266 2267//2267
f 2268//2268 2269//2269 2270//2270
f 2268//2268 2270//2270 2271//2271
f 2271//2271 2270//2270 2272//2272
f 2271//2271 2272//2272 2273//2273
f 2273//2273 2272//2272 2267//2267
f 2273//2273 2267//2267 2274//2274
f 2274//2274 2267//2267 2266//2266
f 2274//2274 2266//2266 2265//2265
f 2138//2138 2139//2139 2267//2267
f 2267//2267 2139//2139 2140//2140
f 2267//2267 2140//2140 2133//2133
f 2138//2138 2267//2267 2137//2137
f 2137//2137 2267//2267 2272//2272
f 2137//2137 2272//2272 2136//2136
f 2136//2136 2272//2272 2270//2270
f 2136//2136 2270//2270 2135//2135
f 2135//2135 2270//2270 2269//2269
f 2135//2135 2269//2269 2134//2134
f 2141//2141 2134//2134 2269//2269
f 2141//2141 2269//2269 2275//2275
f 2275//2275 2269//2269 2268//2268
f 2275//2275 2268//2268 2276//2276
f 2277//2277 2278//2278 2279//2279
f 2141//2141 2275//2275 2280//2280
f 2146//2146 2147//2147 2280//2280
f 2280//2280 2147//2147 2148//2148
f 2280//2280 2148//2148 2141//2141
f 2146//2146 2280//2280 2145//2145
f 2145//2145 2280//2280 2281//2281
f 2145//2145 2281//2281 2144//2144
f 2144//2144 2281//2281 2279//2279
f 2144//2144 2279//2279 2143//2143
f 2143//2143 2279//2279 2278//2278
f 2143//2143 2278//2278 2142//2142
f 2277//2277 2279//2279 2282//2282
f 2282//2282 2279//2279 2281//2281
f 2282//2282 2281//2281 2283//2283
f 2283//2283 2281//2281 2280//2280
f 2283//2283 2280//2280 2284//2284
f 2284//2284 2280//2280 2275//2275
f 2284//2284 2275//2275 2276//2276
f 2149//2149 2142//2142 2278//2278
f 2149//2149 2278//2278 2285//2285
f 2285//2285 2278//2278 2277//2277
f 2285//2285 2277//2277 2286//2286
f 2287//2287 2288//2288 2289//2289
f 2149//2149 2285//2285 2290//2290
f 2154//2154 2155//2155 2290//2290
f 2290//2290 2155//2155 2156//2156
f 2290//2290 2156//2156 2149//2149
f 2154//2154 2290//2290 2153//2153
f 2153//2153 2290//2290 2291//2291
f 2153//2153 2291//2291 2152//2152
f 2152//2152 2291//2291 2289//2289
f 2152//2152 2289//2289 2151//2151
f 2151//2151 2289//2289 2288//2288
f 2151//2151 2288//2288 2150//2150
f 2287//2287 2289//2289 2292//2292
f 2292//2292 2289//2289 2291//2291
f 2292//2292 2291//2291 2293//2293
f 2293//2293 2291//2291 2290//2290
f 2293//2293 2290//2290 2294//2294
f 2294//2294 2290//2290 2285//2285
f 2294//2294 2285//2285 2286//2286
f 2131//2131 2150//2150 2288//2288
f 2131//2131 2288//2288 2258//2258
f 2258//2258 2288//2288 2287//2287
f 2258//2258 2287//2287 2264//2264
f 2187//2187 2186//2186 2295//2295
f 2191//2191 2187//2187 2296//2296
f 2296//2296 2187//2187 2295//2295
f 2296//2296 2295//2295 2297//2297
f 2297//2297 2295//2295 2298//2298
f 2297//2297 2298//2298 2299//2299
f 2193//2193 2191//2191 2300//2300
f 2301//2301 2302//2302 2303//2303
f 2303//2303 2302//2302 2184//2184
f 2303//2303 2184//2184 2193//2193
f 2191//2191 2296//2296 2300//2300
f 2300//2300 2296//2296 2297//2297
f 2300//2300 2297//2297 2304//2304
f 2304//2304 2297//2297 2299//2299
f 2304//2304 2299//2299 2305//2305
f 2298//2298 2306//2306 2299//2299
f 2299//2299 2306//2306 2307//2307
f 2299//2299 2307//2307 2305//2305
f 2305//2305 2307//2307 2308//2308
f 2305//2305 2308//2308 2309//2309
f 2193//2193 2300//2300 2303//2303
f 2303//2303 2300//2300 2304//2304
f 2303//2303 2304//2304 2310//2310
f 2310//2310 2304//2304 2305//2305
f 2310//2310 2305//2305 2311//2311
f 2311//2311 2305//2305 2309//2309
f 2311//2311 2309//2309 2312//2312
f 2301//2301 2303//2303 2313//2313
f 2313//2313 2303//2303 2310//2310
f 2313//2313 2310//2310 2314//2314
f 2314//2314 2310//2310 2311//2311
f 2314//2314 2311//2311 2315//2315
f 2315//2315 2311//2311 2312//2312
f 2315//2315 2312//2312 2316//2316
f 2164//2164 2314//2314 2163//2163
f 2163//2163 2314//2314 2315//2315
f 2163//2163 2315//2315 2316//2316
f 2168//2168 2092//2092 2184//2184
f 2184//2184 2302//2302 2168//2168
f 2168//2168 2302//2302 2301//2301
f 2168//2168 2301//2301 2164//2164
f 2164//2164 2301//2301 2313//2313
f 2164//2164 2313//2313 2314//2314
f 2163//2163 2317//2317 2318//2318
f 2163//2163 2318//2318 2161//2161
f 2161//2161 2318//2318 2319//2319
f 2161//2161 2319//2319 2159//2159
f 2319//2319 2320//2320 2159//2159
f 2159//2159 2320//2320 2169//2169
f 2159//2159 2169//2169 2157//2157
f 2321//2321 2322//2322 2323//2323
f 2323//2323 2322//2322 2324//2324
f 2323//2323 2324//2324 2325//2325
f 2325//2325 2324//2324 2326//2326
f 2325//2325 2326//2326 2327//2327
f 2327//2327 2326//2326 2328//2328
f 2327//2327 2328//2328 2329//2329
f 2329//2329 2328//2328 2330//2330
f 2317//2317 2321//2321 2318//2318
f 2318//2318 2321//2321 2323//2323
f 2318//2318 2323//2323 2319//2319
f 2319//2319 2323//2323 2325//2325
f 2319//2319 2325//2325 2320//2320
f 2320//2320 2325//2325 2327//2327
f 2320//2320 2327//2327 2169//2169
f 2169//2169 2327//2327 2329//2329
f 2170//2170 2169//2169 2331//2331
f 2331//2331 2169//2169 2329//2329
f 2331//2331 2329//2329 2332//2332
f 2332//2332 2329//2329 2330//2330
f 2333//2333 2334//2334 2335//2335
f 2335//2335 2334//2334 2336//2336
f 2335//2335 2336//2336 2337//2337
f 2337//2337 2336//2336 2338//2338
f 2337//2337 2338//2338 2339//2339
f 2339//2339 2338//2338 2340//2340
f 2339//2339 2340//2340 2331//2331
f 2331//2331 2340//2340 2170//2170
f 2341//2341 2333//2333 2342//2342
f 2342//2342 2333//2333 2335//2335
f 2342//2342 2335//2335 2343//2343
f 2343//2343 2335//2335 2337//2337
f 2343//2343 2337//2337 2344//2344
f 2344//2344 2337//2337 2339//2339
f 2344//2344 2339//2339 2332//2332
f 2332//2332 2339//2339 2331//2331
f 2334//2334 2183//2183 2182//2182
f 2334//2334 2182//2182 2336//2336
f 2336//2336 2182//2182 2181//2181
f 2336//2336 2181//2181 2338//2338
f 2338//2338 2181//2181 2180//2180
f 2338//2338 2180//2180 2340//2340
f 2340//2340 2180//2180 2171//2171
f 2340//2340 2171//2171 2170//2170
f 2185//2185 2091//2091 2208//2208
f 2208//2208 2091//2091 2177//2177
f 2208//2208 2177//2177 2194//2194
f 2194//2194 2177//2177 2195//2195
f 2195//2195 2177//2177 2179//2179
f 2195//2195 2179//2179 2198//2198
f 2198//2198 2179//2179 2183//2183
f 2198//2198 2183//2183 2199//2199
f 2345//2345 2346//2346 2200//2200
f 2200//2200 2346//2346 2347//2347
f 2200//2200 2347//2347 2214//2214
f 2200//2200 2202//2202 2345//2345
f 2345//2345 2202//2202 2204//2204
f 2345//2345 2204//2204 2348//2348
f 2348//2348 2204//2204 2205//2205
f 2348//2348 2205//2205 2199//2199
f 2224//2224 2247//2247 2349//2349
f 2349//2349 2247//2247 2252//2252
f 2349//2349 2252//2252 2253//2253
f 2283//2283 2284//2284 2214//2214
f 2221//2221 2222//2222 2349//2349
f 2349//2349 2222//2222 2223//2223
f 2349//2349 2223//2223 2224//2224
f 2292//2292 2293//2293 2347//2347
f 2283//2283 2214//2214 2282//2282
f 2292//2292 2347//2347 2287//2287
f 2244//2244 2276//2276 2243//2243
f 2243//2243 2276//2276 2268//2268
f 2268//2268 2271//2271 2243//2243
f 2243//2243 2271//2271 2273//2273
f 2243//2243 2273//2273 2242//2242
f 2242//2242 2273//2273 2274//2274
f 2242//2242 2274//2274 2237//2237
f 2237//2237 2274//2274 2265//2265
f 2237//2237 2265//2265 2245//2245
f 2245//2245 2265//2265 2255//2255
f 2245//2245 2255//2255 2254//2254
f 2254//2254 2255//2255 2253//2253
f 2295//2295 2186//2186 2298//2298
f 2298//2298 2186//2186 2231//2231
f 2298//2298 2231//2231 2306//2306
f 2306//2306 2231//2231 2233//2233
f 2255//2255 2261//2261 2253//2253
f 2253//2253 2261//2261 2262//2262
f 2253//2253 2262//2262 2349//2349
f 2349//2349 2262//2262 2263//2263
f 2349//2349 2263//2263 2347//2347
f 2347//2347 2263//2263 2264//2264
f 2347//2347 2264//2264 2287//2287
f 2284//2284 2276//2276 2214//2214
f 2214//2214 2276//2276 2244//2244
f 2214//2214 2244//2244 2213//2213
f 2213//2213 2244//2244 2236//2236
f 2213//2213 2236//2236 2212//2212
f 2212//2212 2236//2236 2188//2188
f 2188//2188 2236//2236 2186//2186
f 2186//2186 2236//2236 2228//2228
f 2186//2186 2228//2228 2231//2231
f 2233//2233 2234//2234 2306//2306
f 2306//2306 2234//2234 2226//2226
f 2306//2306 2226//2226 2349//2349
f 2349//2349 2226//2226 2215//2215
f 2349//2349 2215//2215 2221//2221
f 2293//2293 2294//2294 2347//2347
f 2347//2347 2294//2294 2286//2286
f 2347//2347 2286//2286 2214//2214
f 2214//2214 2286//2286 2277//2277
f 2214//2214 2277//2277 2282//2282
f 2350//2350 2351//2351 2316//2316
f 2316//2316 2312//2312 2350//2350
f 2350//2350 2312//2312 2309//2309
f 2350//2350 2309//2309 2352//2352
f 2307//2307 2306//2306 2349//2349
f 2309//2309 2308//2308 2352//2352
f 2352//2352 2308//2308 2307//2307
f 2352//2352 2307//2307 2353//2353
f 2353//2353 2307//2307 2349//2349
f 2354//2354 2355//2355 2356//2356
f 2356//2356 2355//2355 2357//2357
f 2358//2358 2359//2359 2360//2360
f 2360//2360 2361//2361 2358//2358
f 2358//2358 2361//2361 2362//2362
f 2358//2358 2362//2362 2357//2357
f 2357//2357 2362//2362 2363//2363
f 2357//2357 2363//2363 2356//2356
f 2163//2163 2316//2316 2317//2317
f 2317//2317 2316//2316 2351//2351
f 2355//2355 2364//2364 2365//2365
f 2359//2359 2322//2322 2351//2351
f 2351//2351 2322//2322 2321//2321
f 2351//2351 2321//2321 2317//2317
f 2359//2359 2358//2358 2322//2322
f 2322//2322 2358//2358 2357//2357
f 2322//2322 2357//2357 2366//2366
f 2366//2366 2357//2357 2355//2355
f 2366//2366 2355//2355 2367//2367
f 2367//2367 2355//2355 2365//2365
f 2368//2368 2330//2330 2328//2328
f 2368//2368 2328//2328 2369//2369
f 2369//2369 2328//2328 2326//2326
f 2369//2369 2326//2326 2370//2370
f 2370//2370 2326//2326 2324//2324
f 2370//2370 2324//2324 2371//2371
f 2371//2371 2324//2324 2322//2322
f 2371//2371 2322//2322 2366//2366
f 2330//2330 2368//2368 2332//2332
f 2332//2332 2368//2368 2372//2372
f 2373//2373 2341//2341 2342//2342
f 2373//2373 2342//2342 2374//2374
f 2374//2374 2342//2342 2343//2343
f 2374//2374 2343//2343 2375//2375
f 2375//2375 2343//2343 2344//2344
f 2375//2375 2344//2344 2376//2376
f 2376//2376 2344//2344 2332//2332
f 2376//2376 2332//2332 2372//2372
f 2199//2199 2183//2183 2348//2348
f 2348//2348 2183//2183 2334//2334
f 2377//2377 2378//2378 2379//2379
f 2379//2379 2378//2378 2380//2380
f 2379//2379 2380//2380 2373//2373
f 2373//2373 2380//2380 2381//2381
f 2373//2373 2381//2381 2341//2341
f 2341//2341 2381//2381 2382//2382
f 2334//2334 2333//2333 2348//2348
f 2348//2348 2333//2333 2341//2341
f 2348//2348 2341//2341 2383//2383
f 2383//2383 2341//2341 2382//2382
f 2384//2384 2367//2367 2385//2385
f 2385//2385 2367//2367 2365//2365
f 2386//2386 2387//2387 2364//2364
f 2364//2364 2387//2387 2388//2388
f 2364//2364 2388//2388 2365//2365
f 2365//2365 2388//2388 2389//2389
f 2365//2365 2389//2389 2385//2385
f 2386//2386 2364//2364 2390//2390
f 2390//2390 2364//2364 2355//2355
f 2390//2390 2355//2355 2354//2354
f 2391//2391 2380//2380 2392//2392
f 2392//2392 2380//2380 2378//2378
f 2392//2392 2378//2378 2393//2393
f 2393//2393 2378//2378 2394//2394
f 2394//2394 2378//2378 2395//2395
f 2395//2395 2378//2378 2377//2377
f 2395//2395 2377//2377 2396//2396
f 2396//2396 2377//2377 2397//2397
f 2397//2397 2377//2377 2379//2379
f 2397//2397 2379//2379 2398//2398
f 2399//2399 2381//2381 2391//2391
f 2391//2391 2381//2381 2380//2380
f 2381//2381 2399//2399 2400//2400
f 2381//2381 2400//2400 2382//2382
f 2401//2401 2383//2383 2402//2402
f 2402//2402 2383//2383 2382//2382
f 2402//2402 2382//2382 2403//2403
f 2403//2403 2382//2382 2400//2400
f 2404//2404 2360//2360 2359//2359
f 2405//2405 2346//2346 2406//2406
f 2406//2406 2346//2346 2345//2345
f 2406//2406 2345//2345 2407//2407
f 2359//2359 2351//2351 2404//2404
f 2404//2404 2351//2351 2350//2350
f 2404//2404 2350//2350 2408//2408
f 2408//2408 2350//2350 2352//2352
f 2408//2408 2352//2352 2409//2409
f 2409//2409 2352//2352 2410//2410
f 2383//2383 2401//2401 2348//2348
f 2348//2348 2401//2401 2411//2411
f 2348//2348 2411//2411 2345//2345
f 2345//2345 2411//2411 2412//2412
f 2345//2345 2412//2412 2407//2407
f 2352//2352 2353//2353 2410//2410
f 2410//2410 2353//2353 2349//2349
f 2410//2410 2349//2349 2405//2405
f 2405//2405 2349//2349 2347//2347
f 2405//2405 2347//2347 2346//2346
f 2413//2413 2414//2414 2415//2415
f 2413//2413 2415//2415 2416//2416
f 2416//2416 2415//2415 2417//2417
f 2416//2416 2417//2417 2418//2418
f 2418//2418 2417//2417 2419//2419
f 2418//2418 2419//2419 2420//2420
f 2420//2420 2419//2419 2354//2354
f 2420//2420 2354//2354 2356//2356
f 2390//2390 2354//2354 2419//2419
f 2387//2387 2386//2386 2421//2421
f 2422//2422 2423//2423 2424//2424
f 2424//2424 2423//2423 2425//2425
f 2426//2426 2427//2427 2423//2423
f 2423//2423 2427//2427 2428//2428
f 2423//2423 2428//2428 2425//2425
f 2384//2384 2385//2385 2429//2429
f 2429//2429 2385//2385 2430//2430
f 2429//2429 2430//2430 2431//2431
f 2431//2431 2430//2430 2422//2422
f 2431//2431 2422//2422 2432//2432
f 2432//2432 2422//2422 2424//2424
f 2385//2385 2389//2389 2430//2430
f 2430//2430 2389//2389 2433//2433
f 2430//2430 2433//2433 2422//2422
f 2422//2422 2433//2433 2434//2434
f 2422//2422 2434//2434 2423//2423
f 2423//2423 2434//2434 2435//2435
f 2423//2423 2435//2435 2426//2426
f 2387//2387 2421//2421 2388//2388
f 2389//2389 2388//2388 2433//2433
f 2433//2433 2388//2388 2421//2421
f 2433//2433 2421//2421 2434//2434
f 2434//2434 2421//2421 2436//2436
f 2434//2434 2436//2436 2435//2435
f 2435//2435 2436//2436 2437//2437
f 2435//2435 2437//2437 2426//2426
f 2426//2426 2437//2437 2438//2438
f 2414//2414 2438//2438 2415//2415
f 2415//2415 2438//2438 2437//2437
f 2415//2415 2437//2437 2417//2417
f 2417//2417 2437//2437 2436//2436
f 2417//2417 2436//2436 2419//2419
f 2419//2419 2436//2436 2421//2421
f 2419//2419 2421//2421 2390//2390
f 2390//2390 2421//2421 2386//2386
f 2439//2439 2440//2440 2441//2441
f 2441//2441 2440//2440 2442//2442
f 2441//2441 2442//2442 2443//2443
f 2443//2443 2442//2442 2444//2444
f 2444//2444 2442//2442 2445//2445
f 2444//2444 2445//2445 2446//2446
f 2446//2446 2445//2445 2447//2447
f 2446//2446 2447//2447 2448//2448
f 2448//2448 2447//2447 2360//2360
f 2448//2448 2360//2360 2404//2404
f 2449//2449 2450//2450 2451//2451
f 2361//2361 2360//2360 2452//2452
f 2452//2452 2360//2360 2447//2447
f 2452//2452 2447//2447 2453//2453
f 2453//2453 2447//2447 2445//2445
f 2453//2453 2445//2445 2451//2451
f 2451//2451 2445//2445 2442//2442
f 2451//2451 2442//2442 2449//2449
f 2449//2449 2442//2442 2440//2440
f 2362//2362 2361//2361 2454//2454
f 2454//2454 2361//2361 2452//2452
f 2454//2454 2452//2452 2455//2455
f 2455//2455 2452//2452 2453//2453
f 2455//2455 2453//2453 2456//2456
f 2456//2456 2453//2453 2451//2451
f 2456//2456 2451//2451 2457//2457
f 2457//2457 2451//2451 2450//2450
f 2363//2363 2362//2362 2458//2458
f 2458//2458 2362//2362 2454//2454
f 2458//2458 2454//2454 2459//2459
f 2459//2459 2454//2454 2455//2455
f 2459//2459 2455//2455 2460//2460
f 2460//2460 2455//2455 2456//2456
f 2460//2460 2456//2456 2461//2461
f 2461//2461 2456//2456 2457//2457
f 2356//2356 2363//2363 2420//2420
f 2420//2420 2363//2363 2458//2458
f 2420//2420 2458//2458 2418//2418
f 2418//2418 2458//2458 2459//2459
f 2418//2418 2459//2459 2416//2416
f 2416//2416 2459//2459 2460//2460
f 2416//2416 2460//2460 2413//2413
f 2413//2413 2460//2460 2461//2461
f 2462//2462 2463//2463 2425//2425
f 2425//2425 2463//2463 2424//2424
f 2424//2424 2463//2463 2432//2432
f 2432//2432 2463//2463 2464//2464
f 2432//2432 2464//2464 2431//2431
f 2431//2431 2464//2464 2429//2429
f 2429//2429 2464//2464 2465//2465
f 2429//2429 2465//2465 2384//2384
f 2466//2466 2467//2467 2468//2468
f 2469//2469 2470//2470 2471//2471
f 2468//2468 2467//2467 2472//2472
f 2412//2412 2411//2411 2473//2473
f 2407//2407 2471//2471 2406//2406
f 2406//2406 2471//2471 2470//2470
f 2406//2406 2470//2470 2405//2405
f 2474//2474 2475//2475 2476//2476
f 2476//2476 2475//2475 2477//2477
f 2478//2478 2479//2479 2480//2480
f 2480//2480 2479//2479 2481//2481
f 2480//2480 2481//2481 2482//2482
f 2482//2482 2481//2481 2466//2466
f 2479//2479 2483//2483 2481//2481
f 2481//2481 2483//2483 2484//2484
f 2481//2481 2484//2484 2466//2466
f 2466//2466 2484//2484 2485//2485
f 2466//2466 2485//2485 2467//2467
f 2467//2467 2485//2485 2486//2486
f 2467//2467 2486//2486 2472//2472
f 2472//2472 2486//2486 2487//2487
f 2468//2468 2488//2488 2466//2466
f 2466//2466 2488//2488 2477//2477
f 2466//2466 2477//2477 2482//2482
f 2482//2482 2477//2477 2475//2475
f 2482//2482 2475//2475 2480//2480
f 2480//2480 2475//2475 2474//2474
f 2480//2480 2474//2474 2478//2478
f 2489//2489 2490//2490 2476//2476
f 2476//2476 2490//2490 2491//2491
f 2476//2476 2491//2491 2474//2474
f 2492//2492 2493//2493 2494//2494
f 2494//2494 2495//2495 2492//2492
f 2492//2492 2495//2495 2496//2496
f 2492//2492 2496//2496 2497//2497
f 2497//2497 2496//2496 2498//2498
f 2497//2497 2498//2498 2499//2499
f 2499//2499 2498//2498 2500//2500
f 2499//2499 2500//2500 2473//2473
f 2473//2473 2500//2500 2501//2501
f 2473//2473 2501//2501 2412//2412
f 2407//2407 2487//2487 2471//2471
f 2471//2471 2487//2487 2486//2486
f 2471//2471 2486//2486 2469//2469
f 2469//2469 2486//2486 2485//2485
f 2469//2469 2485//2485 2502//2502
f 2502//2502 2485//2485 2484//2484
f 2502//2502 2484//2484 2503//2503
f 2503//2503 2484//2484 2483//2483
f 2503//2503 2483//2483 2504//2504
f 2504//2504 2483//2483 2479//2479
f 2504//2504 2479//2479 2505//2505
f 2505//2505 2479//2479 2478//2478
f 2407//2407 2412//2412 2487//2487
f 2487//2487 2412//2412 2501//2501
f 2487//2487 2501//2501 2472//2472
f 2472//2472 2501//2501 2500//2500
f 2472//2472 2500//2500 2468//2468
f 2468//2468 2500//2500 2498//2498
f 2468//2468 2498//2498 2488//2488
f 2488//2488 2498//2498 2496//2496
f 2488//2488 2496//2496 2477//2477
f 2477//2477 2496//2496 2495//2495
f 2477//2477 2495//2495 2476//2476
f 2476//2476 2495//2495 2494//2494
f 2476//2476 2494//2494 2489//2489
f 2489//2489 2494//2494 2493//2493
f 2489//2489 2493//2493 2506//2506
f 2507//2507 2508//2508 2509//2509
f 2510//2510 2511//2511 2512//2512
f 2513//2513 2514//2514 2511//2511
f 2514//2514 2513//2513 2515//2515
f 2410//2410 2516//2516 2517//2517
f 2446//2446 2448//2448 2518//2518
f 2518//2518 2448//2448 2404//2404
f 2518//2518 2404//2404 2408//2408
f 2519//2519 2520//2520 2521//2521
f 2521//2521 2520//2520 2522//2522
f 2521//2521 2522//2522 2523//2523
f 2524//2524 2517//2517 2522//2522
f 2522//2522 2517//2517 2516//2516
f 2522//2522 2516//2516 2523//2523
f 2525//2525 2526//2526 2527//2527
f 2443//2443 2444//2444 2527//2527
f 2527//2527 2444//2444 2446//2446
f 2527//2527 2446//2446 2525//2525
f 2525//2525 2446//2446 2518//2518
f 2525//2525 2518//2518 2528//2528
f 2528//2528 2518//2518 2408//2408
f 2528//2528 2408//2408 2409//2409
f 2508//2508 2507//2507 2529//2529
f 2529//2529 2507//2507 2530//2530
f 2529//2529 2530//2530 2531//2531
f 2532//2532 2533//2533 2534//2534
f 2515//2515 2535//2535 2536//2536
f 2536//2536 2535//2535 2537//2537
f 2536//2536 2537//2537 2538//2538
f 2538//2538 2537//2537 2539//2539
f 2538//2538 2539//2539 2534//2534
f 2534//2534 2539//2539 2540//2540
f 2534//2534 2540//2540 2532//2532
f 2511//2511 2510//2510 2513//2513
f 2513//2513 2510//2510 2541//2541
f 2513//2513 2541//2541 2542//2542
f 2542//2542 2541//2541 2543//2543
f 2542//2542 2543//2543 2544//2544
f 2544//2544 2543//2543 2545//2545
f 2544//2544 2545//2545 2546//2546
f 2546//2546 2545//2545 2547//2547
f 2546//2546 2547//2547 2548//2548
f 2530//2530 2524//2524 2531//2531
f 2531//2531 2524//2524 2522//2522
f 2531//2531 2522//2522 2549//2549
f 2549//2549 2522//2522 2520//2520
f 2549//2549 2520//2520 2550//2550
f 2550//2550 2520//2520 2519//2519
f 2550//2550 2519//2519 2551//2551
f 2515//2515 2513//2513 2535//2535
f 2535//2535 2513//2513 2542//2542
f 2535//2535 2542//2542 2537//2537
f 2537//2537 2542//2542 2544//2544
f 2537//2537 2544//2544 2539//2539
f 2539//2539 2544//2544 2546//2546
f 2539//2539 2546//2546 2540//2540
f 2540//2540 2546//2546 2548//2548
f 2540//2540 2548//2548 2532//2532
f 2441//2441 2443//2443 2509//2509
f 2509//2509 2443//2443 2527//2527
f 2509//2509 2527//2527 2507//2507
f 2507//2507 2527//2527 2526//2526
f 2507//2507 2526//2526 2530//2530
f 2530//2530 2526//2526 2525//2525
f 2530//2530 2525//2525 2524//2524
f 2524//2524 2525//2525 2528//2528
f 2524//2524 2528//2528 2517//2517
f 2517//2517 2528//2528 2409//2409
f 2517//2517 2409//2409 2410//2410
f 2439//2439 2441//2441 2512//2512
f 2512//2512 2441//2441 2509//2509
f 2512//2512 2509//2509 2510//2510
f 2510//2510 2509//2509 2508//2508
f 2510//2510 2508//2508 2541//2541
f 2541//2541 2508//2508 2529//2529
f 2541//2541 2529//2529 2543//2543
f 2543//2543 2529//2529 2531//2531
f 2543//2543 2531//2531 2545//2545
f 2545//2545 2531//2531 2549//2549
f 2545//2545 2549//2549 2547//2547
f 2547//2547 2549//2549 2550//2550
f 2547//2547 2550//2550 2548//2548
f 2548//2548 2550//2550 2551//2551
f 2548//2548 2551//2551 2532//2532
f 2552//2552 2553//2553 2375//2375
f 2554//2554 2398//2398 2379//2379
f 2379//2379 2373//2373 2554//2554
f 2554//2554 2373//2373 2374//2374
f 2554//2554 2374//2374 2555//2555
f 2555//2555 2374//2374 2375//2375
f 2555//2555 2375//2375 2556//2556
f 2556//2556 2375//2375 2553//2553
f 2375//2375 2376//2376 2552//2552
f 2552//2552 2376//2376 2372//2372
f 2552//2552 2372//2372 2557//2557
f 2372//2372 2368//2368 2557//2557
f 2557//2557 2368//2368 2369//2369
f 2557//2557 2369//2369 2558//2558
f 2558//2558 2369//2369 2370//2370
f 2558//2558 2370//2370 2559//2559
f 2465//2465 2560//2560 2370//2370
f 2370//2370 2560//2560 2561//2561
f 2370//2370 2561//2561 2559//2559
f 2367//2367 2384//2384 2366//2366
f 2366//2366 2384//2384 2465//2465
f 2366//2366 2465//2465 2371//2371
f 2371//2371 2465//2465 2370//2370
f 2562//2562 2563//2563 2564//2564
f 2565//2565 2566//2566 2567//2567
f 2567//2567 2566//2566 2568//2568
f 2567//2567 2568//2568 2569//2569
f 2569//2569 2568//2568 2570//2570
f 2569//2569 2570//2570 2571//2571
f 2571//2571 2570//2570 2572//2572
f 2571//2571 2572//2572 2573//2573
f 2573//2573 2572//2572 2574//2574
f 2575//2575 2565//2565 2576//2576
f 2576//2576 2565//2565 2567//2567
f 2576//2576 2567//2567 2577//2577
f 2577//2577 2567//2567 2569//2569
f 2577//2577 2569//2569 2564//2564
f 2564//2564 2569//2569 2571//2571
f 2564//2564 2571//2571 2562//2562
f 2562//2562 2571//2571 2573//2573
f 2578//2578 2579//2579 2580//2580
f 2580//2580 2579//2579 2581//2581
f 2580//2580 2581//2581 2582//2582
f 2583//2583 2582//2582 2584//2584
f 2584//2584 2582//2582 2581//2581
f 2584//2584 2581//2581 2585//2585
f 2585//2585 2581//2581 2579//2579
f 2585//2585 2579//2579 2586//2586
f 2587//2587 2588//2588 2589//2589
f 2589//2589 2588//2588 2590//2590
f 2589//2589 2590//2590 2591//2591
f 2591//2591 2590//2590 2592//2592
f 2592//2592 2590//2590 2593//2593
f 2592//2592 2593//2593 2594//2594
f 2593//2593 2595//2595 2594//2594
f 2594//2594 2595//2595 2398//2398
f 2594//2594 2398//2398 2554//2554
f 2393//2393 2394//2394 2596//2596
f 2597//2597 2598//2598 2599//2599
f 2599//2599 2598//2598 2600//2600
f 2601//2601 2397//2397 2398//2398
f 2602//2602 2603//2603 2604//2604
f 2590//2590 2588//2588 2605//2605
f 2606//2606 2607//2607 2601//2601
f 2596//2596 2394//2394 2608//2608
f 2606//2606 2609//2609 2602//2602
f 2595//2595 2593//2593 2610//2610
f 2610//2610 2593//2593 2590//2590
f 2610//2610 2590//2590 2611//2611
f 2611//2611 2590//2590 2605//2605
f 2611//2611 2605//2605 2612//2612
f 2613//2613 2391//2391 2392//2392
f 2392//2392 2393//2393 2613//2613
f 2613//2613 2393//2393 2596//2596
f 2613//2613 2596//2596 2600//2600
f 2600//2600 2596//2596 2608//2608
f 2600//2600 2608//2608 2599//2599
f 2607//2607 2395//2395 2601//2601
f 2601//2601 2395//2395 2396//2396
f 2601//2601 2396//2396 2397//2397
f 2604//2604 2597//2597 2602//2602
f 2602//2602 2597//2597 2599//2599
f 2602//2602 2599//2599 2606//2606
f 2606//2606 2599//2599 2608//2608
f 2606//2606 2608//2608 2607//2607
f 2607//2607 2608//2608 2394//2394
f 2607//2607 2394//2394 2395//2395
f 2398//2398 2595//2595 2601//2601
f 2601//2601 2595//2595 2610//2610
f 2601//2601 2610//2610 2606//2606
f 2606//2606 2610//2610 2611//2611
f 2606//2606 2611//2611 2609//2609
f 2609//2609 2611//2611 2612//2612
f 2609//2609 2612//2612 2602//2602
f 2602//2602 2612//2612 2614//2614
f 2602//2602 2614//2614 2603//2603
f 2604//2604 2615//2615 2616//2616
f 2604//2604 2616//2616 2597//2597
f 2597//2597 2616//2616 2617//2617
f 2597//2597 2617//2617 2598//2598
f 2598//2598 2617//2617 2618//2618
f 2598//2598 2618//2618 2600//2600
f 2600//2600 2618//2618 2613//2613
f 2613//2613 2618//2618 2399//2399
f 2613//2613 2399//2399 2391//2391
f 2619//2619 2620//2620 2621//2621
f 2400//2400 2399//2399 2622//2622
f 2622//2622 2399//2399 2618//2618
f 2622//2622 2618//2618 2623//2623
f 2623//2623 2618//2618 2617//2617
f 2623//2623 2617//2617 2621//2621
f 2621//2621 2617//2617 2616//2616
f 2621//2621 2616//2616 2619//2619
f 2619//2619 2616//2616 2615//2615
f 2403//2403 2400//2400 2624//2624
f 2624//2624 2400//2400 2622//2622
f 2624//2624 2622//2622 2625//2625
f 2625//2625 2622//2622 2623//2623
f 2625//2625 2623//2623 2626//2626
f 2626//2626 2623//2623 2621//2621
f 2626//2626 2621//2621 2627//2627
f 2627//2627 2621//2621 2620//2620
f 2402//2402 2403//2403 2628//2628
f 2628//2628 2403//2403 2624//2624
f 2628//2628 2624//2624 2629//2629
f 2629//2629 2624//2624 2625//2625
f 2629//2629 2625//2625 2630//2630
f 2630//2630 2625//2625 2626//2626
f 2630//2630 2626//2626 2631//2631
f 2631//2631 2626//2626 2627//2627
f 2401//2401 2402//2402 2632//2632
f 2632//2632 2402//2402 2628//2628
f 2632//2632 2628//2628 2633//2633
f 2633//2633 2628//2628 2629//2629
f 2633//2633 2629//2629 2634//2634
f 2634//2634 2629//2629 2630//2630
f 2634//2634 2630//2630 2635//2635
f 2635//2635 2630//2630 2631//2631
f 2635//2635 2506//2506 2493//2493
f 2635//2635 2493//2493 2634//2634
f 2634//2634 2493//2493 2492//2492
f 2634//2634 2492//2492 2633//2633
f 2633//2633 2492//2492 2497//2497
f 2633//2633 2497//2497 2632//2632
f 2411//2411 2401//2401 2473//2473
f 2473//2473 2401//2401 2632//2632
f 2473//2473 2632//2632 2499//2499
f 2499//2499 2632//2632 2497//2497
f 2462//2462 2425//2425 2636//2636
f 2636//2636 2425//2425 2428//2428
f 2636//2636 2428//2428 2427//2427
f 2439//2439 2563//2563 2440//2440
f 2440//2440 2563//2563 2562//2562
f 2440//2440 2562//2562 2449//2449
f 2449//2449 2562//2562 2573//2573
f 2461//2461 2457//2457 2573//2573
f 2573//2573 2457//2457 2450//2450
f 2573//2573 2450//2450 2449//2449
f 2427//2427 2426//2426 2636//2636
f 2636//2636 2426//2426 2438//2438
f 2636//2636 2438//2438 2574//2574
f 2574//2574 2438//2438 2414//2414
f 2574//2574 2414//2414 2573//2573
f 2573//2573 2414//2414 2413//2413
f 2573//2573 2413//2413 2461//2461
f 2463//2463 2462//2462 2637//2637
f 2637//2637 2638//2638 2463//2463
f 2463//2463 2638//2638 2639//2639
f 2463//2463 2639//2639 2464//2464
f 2464//2464 2639//2639 2640//2640
f 2560//2560 2465//2465 2641//2641
f 2641//2641 2465//2465 2464//2464
f 2641//2641 2464//2464 2642//2642
f 2642//2642 2464//2464 2640//2640
f 2506//2506 2643//2643 2489//2489
f 2489//2489 2643//2643 2644//2644
f 2489//2489 2644//2644 2490//2490
f 2490//2490 2644//2644 2645//2645
f 2490//2490 2645//2645 2491//2491
f 2491//2491 2645//2645 2646//2646
f 2491//2491 2646//2646 2474//2474
f 2474//2474 2646//2646 2478//2478
f 2478//2478 2646//2646 2647//2647
f 2478//2478 2647//2647 2505//2505
f 2533//2533 2532//2532 2505//2505
f 2505//2505 2532//2532 2504//2504
f 2532//2532 2551//2551 2504//2504
f 2504//2504 2551//2551 2519//2519
f 2504//2504 2519//2519 2503//2503
f 2503//2503 2519//2519 2502//2502
f 2502//2502 2519//2519 2521//2521
f 2502//2502 2521//2521 2469//2469
f 2521//2521 2523//2523 2469//2469
f 2469//2469 2523//2523 2516//2516
f 2469//2469 2516//2516 2470//2470
f 2470//2470 2516//2516 2410//2410
f 2470//2470 2410//2410 2405//2405
f 2576//2576 2538//2538 2575//2575
f 2575//2575 2538//2538 2534//2534
f 2575//2575 2534//2534 2533//2533
f 2511//2511 2514//2514 2564//2564
f 2564//2564 2514//2514 2515//2515
f 2564//2564 2515//2515 2577//2577
f 2577//2577 2515//2515 2576//2576
f 2576//2576 2515//2515 2536//2536
f 2576//2576 2536//2536 2538//2538
f 2511//2511 2564//2564 2512//2512
f 2512//2512 2564//2564 2563//2563
f 2512//2512 2563//2563 2439//2439
f 2648//2648 2649//2649 2578//2578
f 2650//2650 2651//2651 2533//2533
f 2648//2648 2578//2578 2652//2652
f 2533//2533 2651//2651 2575//2575
f 2575//2575 2651//2651 2578//2578
f 2578//2578 2651//2651 2653//2653
f 2578//2578 2653//2653 2652//2652
f 2654//2654 2655//2655 2656//2656
f 2655//2655 2657//2657 2656//2656
f 2656//2656 2657//2657 2658//2658
f 2656//2656 2658//2658 2659//2659
f 2505//2505 2647//2647 2656//2656
f 2659//2659 2660//2660 2656//2656
f 2656//2656 2660//2660 2661//2661
f 2656//2656 2661//2661 2505//2505
f 2505//2505 2661//2661 2662//2662
f 2505//2505 2662//2662 2533//2533
f 2533//2533 2662//2662 2663//2663
f 2533//2533 2663//2663 2650//2650
f 1017//1017 1016//1016 1060//1060
f 1060//1060 1016//1016 1019//1019
f 1060//1060 1019//1019 1024//1024
f 2654//2654 2656//2656 1060//1060
f 1060//1060 2656//2656 1025//1025
f 1060//1060 1025//1025 1017//1017
f 2664//2664 2665//2665 2666//2666
f 2666//2666 2665//2665 2667//2667
f 2666//2666 2667//2667 2552//2552
f 2552//2552 2667//2667 2553//2553
f 2668//2668 2669//2669 2670//2670
f 2670//2670 2669//2669 2671//2671
f 2556//2556 2553//2553 2672//2672
f 2672//2672 2553//2553 2667//2667
f 2672//2672 2667//2667 2673//2673
f 2673//2673 2667//2667 2665//2665
f 2673//2673 2665//2665 2674//2674
f 2674//2674 2665//2665 2675//2675
f 2674//2674 2675//2675 2676//2676
f 2676//2676 2675//2675 2677//2677
f 2664//2664 2668//2668 2665//2665
f 2665//2665 2668//2668 2670//2670
f 2665//2665 2670//2670 2675//2675
f 2675//2675 2670//2670 2671//2671
f 2675//2675 2671//2671 2677//2677
f 2678//2678 2679//2679 2587//2587
f 2554//2554 2555//2555 2594//2594
f 2594//2594 2555//2555 2680//2680
f 2594//2594 2680//2680 2592//2592
f 2592//2592 2680//2680 2681//2681
f 2592//2592 2681//2681 2591//2591
f 2591//2591 2681//2681 2678//2678
f 2591//2591 2678//2678 2589//2589
f 2589//2589 2678//2678 2587//2587
f 2676//2676 2679//2679 2674//2674
f 2674//2674 2679//2679 2678//2678
f 2674//2674 2678//2678 2673//2673
f 2673//2673 2678//2678 2681//2681
f 2673//2673 2681//2681 2672//2672
f 2672//2672 2681//2681 2680//2680
f 2672//2672 2680//2680 2556//2556
f 2556//2556 2680//2680 2555//2555
f 2643//2643 2506//2506 2635//2635
f 2588//2588 989//989 2605//2605
f 2605//2605 989//989 991//991
f 2605//2605 991//991 2612//2612
f 2612//2612 991//991 993//993
f 1500//1500 1499//1499 985//985
f 985//985 1499//1499 1503//1503
f 985//985 1503//1503 1502//1502
f 2588//2588 2587//2587 989//989
f 989//989 2587//2587 1482//1482
f 989//989 1482//1482 987//987
f 987//987 1482//1482 982//982
f 2682//2682 2615//2615 2683//2683
f 2683//2683 2615//2615 2604//2604
f 2683//2683 2604//2604 2684//2684
f 2684//2684 2604//2604 2603//2603
f 2684//2684 2603//2603 993//993
f 993//993 2603//2603 2614//2614
f 993//993 2614//2614 2612//2612
f 982//982 1482//1482 983//983
f 983//983 1482//1482 1492//1492
f 983//983 1492//1492 985//985
f 985//985 1492//1492 1513//1513
f 985//985 1513//1513 1500//1500
f 2627//2627 2620//2620 2682//2682
f 2682//2682 2620//2620 2619//2619
f 2682//2682 2619//2619 2615//2615
f 2643//2643 2635//2635 2682//2682
f 2682//2682 2635//2635 2631//2631
f 2682//2682 2631//2631 2627//2627
f 2683//2683 2684//2684 2685//2685
f 2686//2686 2647//2647 2687//2687
f 2687//2687 2647//2647 2646//2646
f 2687//2687 2646//2646 2688//2688
f 2688//2688 2646//2646 2645//2645
f 2688//2688 2645//2645 2689//2689
f 2689//2689 2645//2645 2644//2644
f 2689//2689 2644//2644 2682//2682
f 2682//2682 2644//2644 2643//2643
f 2690//2690 2686//2686 2691//2691
f 2691//2691 2686//2686 2687//2687
f 2691//2691 2687//2687 2692//2692
f 2692//2692 2687//2687 2688//2688
f 2692//2692 2688//2688 2685//2685
f 2685//2685 2688//2688 2689//2689
f 2685//2685 2689//2689 2683//2683
f 2683//2683 2689//2689 2682//2682
f 2656//2656 2647//2647 2686//2686
f 2656//2656 2686//2686 2693//2693
f 2693//2693 2686//2686 2690//2690
f 2693//2693 2690//2690 2694//2694
f 1006//1006 1005//1005 2690//2690
f 1006//1006 2690//2690 979//979
f 979//979 2690//2690 2691//2691
f 979//979 2691//2691 980//980
f 980//980 2691//2691 2692//2692
f 980//980 2692//2692 992//992
f 2692//2692 2685//2685 992//992
f 992//992 2685//2685 2684//2684
f 992//992 2684//2684 993//993
f 2695//2695 2696//2696 2690//2690
f 2690//2690 2696//2696 2697//2697
f 2690//2690 2697//2697 2694//2694
f 978//978 957//957 1005//1005
f 1005//1005 957//957 956//956
f 1005//1005 956//956 2690//2690
f 2690//2690 956//956 2698//2698
f 2690//2690 2698//2698 2695//2695
f 2656//2656 2693//2693 2699//2699
f 2699//2699 2693//2693 2694//2694
f 2700//2700 2656//2656 2699//2699
f 2694//2694 2701//2701 2699//2699
f 2699//2699 2701//2701 2702//2702
f 2699//2699 2702//2702 2700//2700
f 2700//2700 2702//2702 2703//2703
f 2700//2700 2703//2703 2704//2704
f 1026//1026 2704//2704 2705//2705
f 2704//2704 1026//1026 2700//2700
f 2700//2700 1026//1026 1025//1025
f 2700//2700 1025//1025 2656//2656
f 1008//1008 1015//1015 966//966
f 966//966 1015//1015 967//967
f 2706//2706 1028//1028 2705//2705
f 2705//2705 1028//1028 1027//1027
f 2705//2705 1027//1027 1026//1026
f 2706//2706 2707//2707 1028//1028
f 1028//1028 2707//2707 2708//2708
f 1028//1028 2708//2708 1015//1015
f 1015//1015 2708//2708 2709//2709
f 1015//1015 2709//2709 967//967
f 2710//2710 2707//2707 2706//2706
f 2705//2705 2704//2704 2703//2703
f 2711//2711 2695//2695 2712//2712
f 2712//2712 2695//2695 2698//2698
f 2701//2701 2694//2694 2697//2697
f 2713//2713 965//965 970//970
f 956//956 958//958 2698//2698
f 2698//2698 958//958 960//960
f 2698//2698 960//960 2712//2712
f 2712//2712 960//960 961//961
f 2712//2712 961//961 963//963
f 969//969 967//967 2714//2714
f 2714//2714 967//967 2709//2709
f 2714//2714 2709//2709 2708//2708
f 2707//2707 2710//2710 2708//2708
f 2708//2708 2710//2710 2713//2713
f 2708//2708 2713//2713 2714//2714
f 2714//2714 2713//2713 970//970
f 2714//2714 970//970 969//969
f 963//963 2715//2715 2712//2712
f 2712//2712 2715//2715 2716//2716
f 2712//2712 2716//2716 2711//2711
f 2703//2703 2702//2702 2717//2717
f 2717//2717 2702//2702 2701//2701
f 2717//2717 2701//2701 2718//2718
f 2718//2718 2701//2701 2697//2697
f 2718//2718 2697//2697 2696//2696
f 963//963 965//965 2715//2715
f 2715//2715 965//965 2713//2713
f 2715//2715 2713//2713 2716//2716
f 2716//2716 2713//2713 2710//2710
f 2716//2716 2710//2710 2719//2719
f 2719//2719 2710//2710 2706//2706
f 2719//2719 2706//2706 2705//2705
f 2705//2705 2703//2703 2719//2719
f 2719//2719 2703//2703 2717//2717
f 2719//2719 2717//2717 2716//2716
f 2716//2716 2717//2717 2718//2718
f 2716//2716 2718//2718 2711//2711
f 2711//2711 2718//2718 2696//2696
f 2711//2711 2696//2696 2695//2695
f 2557//2557 2720//2720 2552//2552
f 2552//2552 2720//2720 2666//2666
f 2666//2666 2720//2720 2664//2664
f 2664//2664 2720//2720 2721//2721
f 2664//2664 2721//2721 2668//2668
f 2668//2668 2721//2721 2722//2722
f 2668//2668 2722//2722 2669//2669
f 2669//2669 2722//2722 2723//2723
f 2669//2669 2723//2723 2724//2724
f 1487//1487 2676//2676 1479//1479
f 1479//1479 2676//2676 2677//2677
f 1479//1479 2677//2677 1477//1477
f 1477//1477 2677//2677 2671//2671
f 1477//1477 2671//2671 2669//2669
f 1487//1487 1486//1486 2676//2676
f 2676//2676 1486//1486 1484//1484
f 2676//2676 1484//1484 2679//2679
f 2679//2679 1484//1484 1482//1482
f 2679//2679 1482//1482 2587//2587
f 2566//2566 2565//2565 2583//2583
f 2583//2583 2565//2565 2582//2582
f 2582//2582 2565//2565 2580//2580
f 2580//2580 2565//2565 2575//2575
f 2580//2580 2575//2575 2578//2578
f 2654//2654 1060//1060 2725//2725
f 2725//2725 1060//1060 1053//1053
f 2725//2725 1053//1053 2726//2726
f 2726//2726 1053//1053 1031//1031
f 2726//2726 1031//1031 2727//2727
f 2727//2727 1031//1031 1030//1030
f 2727//2727 1030//1030 2728//2728
f 2728//2728 1030//1030 1054//1054
f 2654//2654 2729//2729 2655//2655
f 2655//2655 2729//2729 2730//2730
f 2655//2655 2730//2730 2657//2657
f 2657//2657 2730//2730 2731//2731
f 2657//2657 2731//2731 2658//2658
f 2658//2658 2731//2731 2732//2732
f 2658//2658 2732//2732 2659//2659
f 2659//2659 2732//2732 2733//2733
f 2659//2659 2733//2733 2660//2660
f 2660//2660 2733//2733 2734//2734
f 2660//2660 2734//2734 2661//2661
f 2661//2661 2734//2734 2735//2735
f 2661//2661 2735//2735 2662//2662
f 2725//2725 2726//2726 2736//2736
f 2736//2736 2726//2726 2727//2727
f 2736//2736 2727//2727 2737//2737
f 2738//2738 2739//2739 2740//2740
f 2740//2740 2739//2739 2737//2737
f 2740//2740 2737//2737 2728//2728
f 2728//2728 2737//2737 2727//2727
f 2731//2731 2741//2741 2732//2732
f 2732//2732 2741//2741 2742//2742
f 2732//2732 2742//2742 2733//2733
f 2733//2733 2742//2742 2743//2743
f 2733//2733 2743//2743 2734//2734
f 2734//2734 2743//2743 2744//2744
f 2734//2734 2744//2744 2735//2735
f 2735//2735 2744//2744 2745//2745
f 2735//2735 2745//2745 950//950
f 2738//2738 2741//2741 2739//2739
f 2739//2739 2741//2741 2731//2731
f 2739//2739 2731//2731 2737//2737
f 2737//2737 2731//2731 2730//2730
f 2737//2737 2730//2730 2736//2736
f 2736//2736 2730//2730 2729//2729
f 2736//2736 2729//2729 2725//2725
f 2725//2725 2729//2729 2654//2654
f 1054//1054 1068//1068 2728//2728
f 1421//1421 2740//2740 1422//1422
f 1422//1422 2740//2740 2728//2728
f 1422//1422 2728//2728 1068//1068
f 1430//1430 2741//2741 1421//1421
f 1421//1421 2741//2741 2738//2738
f 1421//1421 2738//2738 2740//2740
f 2745//2745 2744//2744 2743//2743
f 950//950 2745//2745 951//951
f 951//951 2745//2745 2743//2743
f 951//951 2743//2743 1430//1430
f 1430//1430 2743//2743 2742//2742
f 1430//1430 2742//2742 2741//2741
f 2663//2663 2662//2662 2746//2746
f 2746//2746 2662//2662 2735//2735
f 2746//2746 2735//2735 955//955
f 955//955 2735//2735 950//950
f 2663//2663 2746//2746 2747//2747
f 2663//2663 2747//2747 2650//2650
f 2650//2650 2747//2747 2748//2748
f 2650//2650 2748//2748 2651//2651
f 2651//2651 2748//2748 2749//2749
f 2651//2651 2749//2749 2653//2653
f 2750//2750 2648//2648 2749//2749
f 2749//2749 2648//2648 2652//2652
f 2749//2749 2652//2652 2653//2653
f 2649//2649 2648//2648 2751//2751
f 2751//2751 2648//2648 2750//2750
f 2751//2751 2750//2750 2752//2752
f 2753//2753 2754//2754 2752//2752
f 2752//2752 2750//2750 2753//2753
f 2753//2753 2750//2750 2749//2749
f 2753//2753 2749//2749 2755//2755
f 2755//2755 2749//2749 2748//2748
f 2755//2755 2748//2748 2756//2756
f 2756//2756 2748//2748 2747//2747
f 2756//2756 2747//2747 2757//2757
f 2757//2757 2747//2747 2746//2746
f 2757//2757 2746//2746 955//955
f 2758//2758 2759//2759 2760//2760
f 2758//2758 2760//2760 2761//2761
f 2761//2761 2760//2760 2649//2649
f 2761//2761 2649//2649 2751//2751
f 2762//2762 2763//2763 2764//2764
f 2764//2764 2763//2763 2765//2765
f 2764//2764 2765//2765 2766//2766
f 2766//2766 2765//2765 2767//2767
f 2754//2754 2767//2767 2752//2752
f 2752//2752 2767//2767 2765//2765
f 2752//2752 2765//2765 2751//2751
f 2751//2751 2765//2765 2763//2763
f 2751//2751 2763//2763 2761//2761
f 2761//2761 2763//2763 2762//2762
f 2761//2761 2762//2762 2758//2758
f 2760//2760 2579//2579 2649//2649
f 2649//2649 2579//2579 2578//2578
f 2768//2768 2759//2759 2769//2769
f 2769//2769 2759//2759 2770//2770
f 2769//2769 2770//2770 2771//2771
f 2760//2760 2759//2759 2579//2579
f 2579//2579 2759//2759 2768//2768
f 2579//2579 2768//2768 2586//2586
f 2586//2586 2768//2768 2772//2772
f 2586//2586 2772//2772 2773//2773
f 2773//2773 2772//2772 2774//2774
f 2775//2775 2776//2776 2774//2774
f 2774//2774 2776//2776 2777//2777
f 2774//2774 2777//2777 2773//2773
f 2757//2757 955//955 2756//2756
f 2756//2756 955//955 954//954
f 2756//2756 954//954 2755//2755
f 2755//2755 954//954 1387//1387
f 2755//2755 1387//1387 2753//2753
f 2753//2753 1387//1387 2754//2754
f 1387//1387 1380//1380 2754//2754
f 2754//2754 1380//1380 1379//1379
f 2754//2754 1379//1379 2767//2767
f 2767//2767 1379//1379 1386//1386
f 2767//2767 1386//1386 2766//2766
f 2766//2766 1386//1386 1222//1222
f 2766//2766 1222//1222 2778//2778
f 2778//2778 1222//1222 1184//1184
f 2766//2766 2778//2778 2764//2764
f 2764//2764 2778//2778 2779//2779
f 2764//2764 2779//2779 2762//2762
f 2762//2762 2779//2779 2780//2780
f 2762//2762 2780//2780 2758//2758
f 2758//2758 2780//2780 2781//2781
f 2758//2758 2781//2781 2759//2759
f 2759//2759 2781//2781 2770//2770
f 1449//1449 1466//1466 1190//1190
f 1190//1190 1466//1466 1199//1199
f 1190//1190 1199//1199 1126//1126
f 1126//1126 1125//1125 1190//1190
f 1190//1190 1125//1125 1138//1138
f 1190//1190 1138//1138 1139//1139
f 1139//1139 2782//2782 1190//1190
f 1190//1190 2782//2782 2771//2771
f 1190//1190 2771//2771 2770//2770
f 1442//1442 1452//1452 1190//1190
f 1190//1190 1452//1452 1450//1450
f 1190//1190 1450//1450 1449//1449
f 2779//2779 2778//2778 1184//1184
f 1190//1190 2770//2770 1177//1177
f 1177//1177 2770//2770 2781//2781
f 1177//1177 2781//2781 1152//1152
f 1152//1152 2781//2781 2780//2780
f 1152//1152 2780//2780 1153//1153
f 1153//1153 2780//2780 2779//2779
f 1153//1153 2779//2779 1183//1183
f 1183//1183 2779//2779 1184//1184
f 2783//2783 2784//2784 2785//2785
f 1130//1130 1106//1106 2783//2783
f 2783//2783 2785//2785 1130//1130
f 1130//1130 2785//2785 2786//2786
f 1130//1130 2786//2786 1131//1131
f 1131//1131 2786//2786 2787//2787
f 1131//1131 2787//2787 1132//1132
f 2782//2782 1139//1139 1132//1132
f 1132//1132 2787//2787 2782//2782
f 2782//2782 2787//2787 2769//2769
f 2782//2782 2769//2769 2771//2771
f 2784//2784 2775//2775 2785//2785
f 2785//2785 2775//2775 2774//2774
f 2785//2785 2774//2774 2786//2786
f 2786//2786 2774//2774 2772//2772
f 2786//2786 2772//2772 2787//2787
f 2787//2787 2772//2772 2768//2768
f 2787//2787 2768//2768 2769//2769
f 2788//2788 2789//2789 2790//2790
f 2791//2791 2583//2583 2584//2584
f 2586//2586 2773//2773 2585//2585
f 2585//2585 2773//2773 2792//2792
f 2585//2585 2792//2792 2584//2584
f 2584//2584 2792//2792 2793//2793
f 2584//2584 2793//2793 2791//2791
f 2791//2791 2793//2793 2794//2794
f 2791//2791 2794//2794 2795//2795
f 2775//2775 2789//2789 2776//2776
f 2776//2776 2789//2789 2788//2788
f 2776//2776 2788//2788 2777//2777
f 2773//2773 2777//2777 2792//2792
f 2792//2792 2777//2777 2788//2788
f 2792//2792 2788//2788 2793//2793
f 2793//2793 2788//2788 2790//2790
f 2793//2793 2790//2790 2794//2794
f 2794//2794 2790//2790 2796//2796
f 2794//2794 2796//2796 2795//2795
f 2795//2795 2796//2796 2797//2797
f 2583//2583 2791//2791 2566//2566
f 2566//2566 2791//2791 2795//2795
f 2566//2566 2795//2795 2798//2798
f 2795//2795 2797//2797 2798//2798
f 2798//2798 2797//2797 2799//2799
f 2798//2798 2799//2799 2800//2800
f 2800//2800 2799//2799 2801//2801
f 2800//2800 2801//2801 2802//2802
f 2802//2802 2801//2801 2803//2803
f 2802//2802 2803//2803 2804//2804
f 2804//2804 2803//2803 1117//1117
f 2804//2804 1117//1117 2805//2805
f 2805//2805 1117//1117 1116//1116
f 2805//2805 1116//1116 1075//1075
f 1075//1075 1116//1116 1076//1076
f 1402//1402 1146//1146 1140//1140
f 1140//1140 1146//1146 1076//1076
f 1140//1140 1076//1076 1118//1118
f 1118//1118 1076//1076 1116//1116
f 2799//2799 2797//2797 2796//2796
f 2783//2783 1106//1106 1108//1108
f 2806//2806 2784//2784 2783//2783
f 2799//2799 2796//2796 2801//2801
f 1115//1115 1117//1117 2803//2803
f 2803//2803 2807//2807 1115//1115
f 1115//1115 2807//2807 2808//2808
f 1115//1115 2808//2808 1110//1110
f 2783//2783 1108//1108 2806//2806
f 2806//2806 1108//1108 1112//1112
f 2806//2806 1112//1112 2808//2808
f 2808//2808 1112//1112 1111//1111
f 2808//2808 1111//1111 1110//1110
f 2775//2775 2784//2784 2789//2789
f 2789//2789 2784//2784 2806//2806
f 2789//2789 2806//2806 2790//2790
f 2790//2790 2806//2806 2808//2808
f 2790//2790 2808//2808 2796//2796
f 2796//2796 2808//2808 2807//2807
f 2796//2796 2807//2807 2801//2801
f 2801//2801 2807//2807 2803//2803
f 2798//2798 2809//2809 2566//2566
f 2566//2566 2809//2809 2568//2568
f 2568//2568 2809//2809 2570//2570
f 2570//2570 2809//2809 2810//2810
f 2570//2570 2810//2810 2572//2572
f 2810//2810 2811//2811 2572//2572
f 2572//2572 2811//2811 2636//2636
f 2572//2572 2636//2636 2574//2574
f 2462//2462 2636//2636 2812//2812
f 1083//1083 1086//1086 1084//1084
f 1084//1084 1086//1086 1085//1085
f 1084//1084 1085//1085 2813//2813
f 2813//2813 1085//1085 2814//2814
f 2813//2813 2814//2814 2815//2815
f 2815//2815 2814//2814 2816//2816
f 2815//2815 2816//2816 2812//2812
f 2812//2812 2816//2816 2817//2817
f 2812//2812 2817//2817 2462//2462
f 2462//2462 2817//2817 2637//2637
f 2818//2818 2804//2804 2805//2805
f 1084//1084 2813//2813 1082//1082
f 1082//1082 2813//2813 2819//2819
f 1082//1082 2819//2819 1081//1081
f 1081//1081 2819//2819 2820//2820
f 1081//1081 2820//2820 1079//1079
f 1079//1079 2820//2820 2818//2818
f 1079//1079 2818//2818 1074//1074
f 1074//1074 2818//2818 2805//2805
f 1074//1074 2805//2805 1075//1075
f 2813//2813 2815//2815 2819//2819
f 2819//2819 2815//2815 2821//2821
f 2819//2819 2821//2821 2820//2820
f 2820//2820 2821//2821 2822//2822
f 2820//2820 2822//2822 2818//2818
f 2818//2818 2822//2822 2823//2823
f 2818//2818 2823//2823 2804//2804
f 2804//2804 2823//2823 2802//2802
f 2815//2815 2812//2812 2821//2821
f 2821//2821 2812//2812 2824//2824
f 2821//2821 2824//2824 2822//2822
f 2822//2822 2824//2824 2825//2825
f 2822//2822 2825//2825 2823//2823
f 2823//2823 2825//2825 2826//2826
f 2823//2823 2826//2826 2802//2802
f 2802//2802 2826//2826 2800//2800
f 2798//2798 2800//2800 2809//2809
f 2809//2809 2800//2800 2826//2826
f 2809//2809 2826//2826 2810//2810
f 2810//2810 2826//2826 2825//2825
f 2810//2810 2825//2825 2811//2811
f 2811//2811 2825//2825 2824//2824
f 2811//2811 2824//2824 2636//2636
f 2636//2636 2824//2824 2812//2812
f 2722//2722 2721//2721 2827//2827
f 2560//2560 2828//2828 2561//2561
f 2561//2561 2828//2828 2829//2829
f 2561//2561 2829//2829 2559//2559
f 2559//2559 2829//2829 2830//2830
f 2559//2559 2830//2830 2558//2558
f 2557//2557 2558//2558 2720//2720
f 2720//2720 2558//2558 2830//2830
f 2720//2720 2830//2830 2721//2721
f 2831//2831 2723//2723 2722//2722
f 2723//2723 2831//2831 2724//2724
f 2721//2721 2830//2830 2827//2827
f 2827//2827 2830//2830 2829//2829
f 2827//2827 2829//2829 2832//2832
f 2832//2832 2829//2829 2828//2828
f 2832//2832 2828//2828 2833//2833
f 2560//2560 2641//2641 2828//2828
f 2828//2828 2641//2641 2642//2642
f 2828//2828 2642//2642 2833//2833
f 2833//2833 2642//2642 2640//2640
f 2833//2833 2640//2640 2639//2639
f 2722//2722 2827//2827 2831//2831
f 2831//2831 2827//2827 2832//2832
f 2831//2831 2832//2832 2834//2834
f 2834//2834 2832//2832 2833//2833
f 2834//2834 2833//2833 2835//2835
f 2835//2835 2833//2833 2639//2639
f 2835//2835 2639//2639 2638//2638
f 2724//2724 2831//2831 2836//2836
f 2836//2836 2831//2831 2834//2834
f 2836//2836 2834//2834 2837//2837
f 2837//2837 2834//2834 2835//2835
f 2837//2837 2835//2835 2838//2838
f 2838//2838 2835//2835 2638//2638
f 2838//2838 2638//2638 2637//2637
f 1102//1102 1478//1478 1095//1095
f 1095//1095 1478//1478 1096//1096
f 1477//1477 2669//2669 2724//2724
f 2724//2724 2839//2839 1477//1477
f 1477//1477 2839//2839 2840//2840
f 1477//1477 2840//2840 1478//1478
f 1478//1478 2840//2840 2841//2841
f 1478//1478 2841//2841 1096//1096
f 2839//2839 2724//2724 2836//2836
f 2637//2637 2817//2817 2842//2842
f 2637//2637 2842//2842 2838//2838
f 2838//2838 2842//2842 2843//2843
f 2838//2838 2843//2843 2837//2837
f 2837//2837 2843//2843 2844//2844
f 2837//2837 2844//2844 2836//2836
f 2836//2836 2844//2844 2840//2840
f 2836//2836 2840//2840 2839//2839
f 1096//1096 2845//2845 1094//1094
f 1094//1094 2845//2845 2846//2846
f 1094//1094 2846//2846 1092//1092
f 1092//1092 2846//2846 1090//1090
f 1090//1090 2846//2846 2847//2847
f 1090//1090 2847//2847 1089//1089
f 1089//1089 2847//2847 1087//1087
f 1087//1087 2847//2847 2814//2814
f 1087//1087 2814//2814 1085//1085
f 2817//2817 2816//2816 2842//2842
f 2842//2842 2816//2816 2848//2848
f 2842//2842 2848//2848 2843//2843
f 2843//2843 2848//2848 2849//2849
f 2843//2843 2849//2849 2844//2844
f 2844//2844 2849//2849 2850//2850
f 2844//2844 2850//2850 2840//2840
f 2840//2840 2850//2850 2841//2841
f 2816//2816 2814//2814 2848//2848
f 2848//2848 2814//2814 2847//2847
f 2848//2848 2847//2847 2849//2849
f 2849//2849 2847//2847 2846//2846
f 2849//2849 2846//2846 2850//2850
f 2850//2850 2846//2846 2845//2845
f 2850//2850 2845//2845 2841//2841
f 2841//2841 2845//2845 1096//1096
f 1008//1008 971//971 1009//1009
f 1009//1009 971//971 1584//1584
f 1009//1009 1584//1584 1010//1010
f 1010//1010 1584//1584 1597//1597
f 1010//1010 1597//1597 1012//1012
f 1012//1012 1597//1597 1596//1596
f 1012//1012 1596//1596 1013//1013
f 1013//1013 1596//1596 1595//1595
f 1013//1013 1595//1595 1565//1565
f 1919//1919 1320//1320 1898//1898
f 1898//1898 1320//1320 1301//1301
f 1898//1898 1301//1301 1900//1900
f 1900//1900 1301//1301 1300//1300
f 1900//1900 1300//1300 1902//1902
f 1902//1902 1300//1300 1366//1366
f 1902//1902 1366//1366 1883//1883
f 1883//1883 1366//1366 1309//1309
f 1883//1883 1309//1309 1884//1884
f 1884//1884 1309//1309 1308//1308
f 1884//1884 1308//1308 1925//1925
f 1925//1925 1308//1308 1329//1329
f 1925//1925 1329//1329 1926//1926
f 1926//1926 1329//1329 1345//1345
f 1926//1926 1345//1345 1927//1927
f 1927//1927 1345//1345 1346//1346
f 1927//1927 1346//1346 1886//1886
f 1886//1886 1346//1346 1339//1339
f 1886//1886 1339//1339 1887//1887
f 1887//1887 1339//1339 1304//1304
f 1887//1887 1304//1304 1920//1920
f 1920//1920 1304//1304 1303//1303
f 1920//1920 1303//1303 1919//1919
f 1919//1919 1303//1303 1320//1320
f 1904//1904 1305//1305 1903//1903
f 1903//1903 1305//1305 1367//1367
f 1903//1903 1367//1367 1864//1864
f 1864//1864 1367//1367 1368//1368
f 1864//1864 1368//1368 1865//1865
f 1865//1865 1368//1368 1338//1338
f 1865//1865 1338//1338 1877//1877
f 1877//1877 1338//1338 1316//1316
f 1877//1877 1316//1316 1891//1891
f 1891//1891 1316//1316 1317//1317
f 1891//1891 1317//1317 1892//1892
f 1892//1892 1317//1317 1319//1319
f 1892//1892 1319//1319 1893//1893
f 1893//1893 1319//1319 1325//1325
f 1893//1893 1325//1325 1874//1874
f 1874//1874 1325//1325 1327//1327
f 1874//1874 1327//1327 1909//1909
f 1909//1909 1327//1327 1328//1328
f 1909//1909 1328//1328 1869//1869
f 1869//1869 1328//1328 1307//1307
f 1869//1869 1307//1307 1885//1885
f 1885//1885 1307//1307 1306//1306
f 1885//1885 1306//1306 1904//1904
f 1904//1904 1306//1306 1305//1305
f 1870//1870 1313//1313 1871//1871
f 1871//1871 1313//1313 1311//1311
f 1871//1871 1311//1311 1890//1890
f 1890//1890 1311//1311 1310//1310
f 1890//1890 1310//1310 1889//1889
f 1889//1889 1310//1310 1337//1337
f 1889//1889 1337//1337 1911//1911
f 1911//1911 1337//1337 1331//1331
f 1911//1911 1331//1331 1912//1912
f 1912//1912 1331//1331 1333//1333
f 1912//1912 1333//1333 1913//1913
f 1913//1913 1333//1333 1349//1349
f 1913//1913 1349//1349 1866//1866
f 1866//1866 1349//1349 1330//1330
f 1866//1866 1330//1330 1921//1921
f 1921//1921 1330//1330 1322//1322
f 1921//1921 1322//1322 1901//1901
f 1901//1901 1322//1322 1321//1321
f 1901//1901 1321//1321 1899//1899
f 1899//1899 1321//1321 1315//1315
f 1899//1899 1315//1315 1897//1897
f 1897//1897 1315//1315 1314//1314
f 1897//1897 1314//1314 1870//1870
f 1870//1870 1314//1314 1313//1313
f 1299//1299 1323//1323 1297//1297
f 1297//1297 1323//1323 1318//1318
f 945//945 1226//1226 946//946
f 946//946 1226//1226 942//942
f 1290//1290 1293//1293 1318//1318
f 1318//1318 1293//1293 1295//1295
f 1318//1318 1295//1295 1297//1297
f 1264//1264 1263//1263 1326//1326
f 1326//1326 1263//1263 1262//1262
f 1326//1326 1262//1262 1261//1261
f 935//935 933//933 1230//1230
f 1264//1264 1326//1326 1237//1237
f 1237//1237 1326//1326 1324//1324
f 1237//1237 1324//1324 1230//1230
f 1230//1230 1324//1324 940//940
f 1230//1230 940//940 935//935
f 1299//1299 1226//1226 1323//1323
f 1323//1323 1226//1226 945//945
f 1323//1323 945//945 1324//1324
f 1324//1324 945//945 941//941
f 1324//1324 941//941 940//940

