# https://github.com/mikedh/trimesh

o link_6.obj
v 0.01200000 0.00000000 0.02850000
v 0.01200000 0.00259000 0.02838200
v 0.01200000 0.00338200 0.02850000
v 0.01200000 0.00515900 0.02802900
v 0.01200000 0.00612400 0.02803900
v 0.01200000 0.00768600 0.02744400
v 0.01200000 0.00880900 0.02731500
v 0.01200000 0.01014800 0.02663200
v 0.01200000 0.01141100 0.02633400
v 0.01200000 0.01252700 0.02559900
v 0.01200000 0.01390500 0.02510600
v 0.01200000 0.01480200 0.02435500
v 0.01200000 0.01626900 0.02364300
v 0.01200000 0.01695400 0.02290900
v 0.01200000 0.01848100 0.02195800
v 0.01200000 0.01896600 0.02127300
v 0.01200000 0.02051900 0.02006600
v 0.01200000 0.02082100 0.01946100
v 0.01200000 0.02236400 0.01798700
v 0.01200000 0.02250400 0.01748800
v 0.01200000 0.02400000 0.01573800
v 0.01200000 0.02400000 0.01537000
v 0.01200000 -0.02400000 0.01537000
v 0.01200000 -0.02250400 0.01748800
v 0.01200000 -0.02400000 0.01573800
v 0.01200000 -0.02236400 0.01798700
v 0.01200000 -0.02082100 0.01946100
v 0.01200000 -0.02051900 0.02006600
v 0.01200000 -0.01896600 0.02127300
v 0.01200000 -0.01848100 0.02195800
v 0.01200000 -0.01695400 0.02290900
v 0.01200000 -0.01626900 0.02364300
v 0.01200000 -0.01480200 0.02435500
v 0.01200000 -0.01390500 0.02510600
v 0.01200000 -0.01252700 0.02559900
v 0.01200000 -0.01141100 0.02633400
v 0.01200000 -0.01014800 0.02663200
v 0.01200000 -0.00880900 0.02731500
v 0.01200000 -0.00768600 0.02744400
v 0.01200000 -0.00612400 0.02803900
v 0.01200000 -0.00515900 0.02802900
v 0.01200000 -0.00338200 0.02850000
v 0.01200000 -0.00259000 0.02838200
v 0.01200000 -0.00000000 -0.02850000
v 0.01200000 -0.00259000 -0.02838200
v 0.01200000 -0.00338200 -0.02850000
v 0.01200000 -0.00515900 -0.02802900
v 0.01200000 -0.00612400 -0.02803900
v 0.01200000 -0.00768600 -0.02744400
v 0.01200000 -0.00880900 -0.02731500
v 0.01200000 -0.01014800 -0.02663200
v 0.01200000 -0.01141100 -0.02633400
v 0.01200000 -0.01252700 -0.02559900
v 0.01200000 -0.01390500 -0.02510600
v 0.01200000 -0.01480200 -0.02435500
v 0.01200000 -0.01626900 -0.02364300
v 0.01200000 -0.01695400 -0.02290900
v 0.01200000 -0.01848100 -0.02195800
v 0.01200000 -0.01896600 -0.02127300
v 0.01200000 -0.02051900 -0.02006600
v 0.01200000 -0.02082100 -0.01946100
v 0.01200000 -0.02236400 -0.01798700
v 0.01200000 -0.02250400 -0.01748800
v 0.01200000 -0.02400000 -0.01573800
v 0.01200000 -0.02400000 -0.01537000
v 0.00000000 0.00275100 -0.02836700
v -0.00000000 -0.00000000 -0.02850000
v 0.00000000 0.00137700 0.02846700
v -0.00000000 -0.00275100 -0.02836700
v -0.00000000 -0.00547600 -0.02796900
v -0.00000000 -0.00814900 -0.02731000
v -0.00000000 -0.01074700 -0.02639600
v -0.00000000 -0.01324500 -0.02523500
v -0.00000000 -0.01561800 -0.02383900
v -0.00000000 -0.01784600 -0.02222100
v -0.00000000 -0.01990800 -0.02039500
v -0.00000000 -0.02178300 -0.01837800
v -0.00000000 -0.02345500 -0.01619000
v -0.00000000 -0.02490800 -0.01385100
v -0.00000000 -0.02612900 -0.01138200
v -0.00000000 -0.02710500 -0.00880700
v -0.00000000 -0.02782900 -0.00615000
v -0.00000000 -0.02829200 -0.00343500
v -0.00000000 -0.02849200 -0.00068900
v -0.00000000 -0.02842500 0.00206400
v -0.00000000 -0.02809300 0.00479800
v -0.00000000 -0.02749900 0.00748700
v -0.00000000 -0.02664800 0.01010600
v -0.00000000 -0.02554800 0.01263100
v -0.00000000 -0.02421000 0.01503800
v -0.00000000 -0.02264500 0.01730400
v -0.00000000 -0.02087000 0.01940900
v -0.00000000 -0.01889900 0.02133300
v -0.00000000 -0.01675200 0.02305700
v -0.00000000 -0.01444800 0.02456600
v -0.00000000 -0.01201000 0.02584600
v -0.00000000 -0.00945900 0.02688400
v -0.00000000 -0.00682000 0.02767200
v -0.00000000 -0.00137700 0.02846700
v -0.00000000 -0.00411800 0.02820100
v 0.00000000 0.00411800 0.02820100
v 0.00000000 0.00547600 -0.02796900
v 0.00000000 0.00682000 0.02767200
v 0.00000000 0.00814900 -0.02731000
v 0.00000000 0.00945900 0.02688400
v 0.00000000 0.01074700 -0.02639600
v 0.00000000 0.01201000 0.02584600
v 0.00000000 0.01324500 -0.02523500
v 0.00000000 0.01444800 0.02456600
v 0.00000000 0.01561800 -0.02383900
v 0.00000000 0.01675200 0.02305700
v 0.00000000 0.01784600 -0.02222100
v 0.00000000 0.01889900 0.02133300
v 0.00000000 0.01990800 -0.02039500
v 0.00000000 0.02087000 0.01940900
v 0.00000000 0.02178300 -0.01837800
v 0.00000000 0.02264500 0.01730400
v 0.00000000 0.02345500 -0.01619000
v 0.00000000 0.02421000 0.01503800
v 0.00000000 0.02490800 -0.01385100
v 0.00000000 0.02554800 0.01263100
v 0.00000000 0.02612900 -0.01138200
v 0.00000000 0.02664800 0.01010600
v 0.00000000 0.02710500 -0.00880700
v 0.00000000 0.02749900 0.00748700
v 0.00000000 0.02782900 -0.00615000
v 0.00000000 0.02809300 0.00479800
v 0.00000000 0.02829200 -0.00343500
v 0.00000000 0.02842500 0.00206400
v 0.00000000 0.02849200 -0.00068900
v 0.01000000 -0.00000000 -0.02850000
v 0.01000000 0.00259000 -0.02838200
v 0.01000000 0.02400000 -0.02850000
v 0.01000000 0.00515900 -0.02802900
v 0.01000000 0.00768600 -0.02744400
v 0.01000000 0.01014800 -0.02663200
v 0.01000000 0.01252700 -0.02559900
v 0.01000000 0.01480200 -0.02435500
v 0.01000000 0.01695400 -0.02290900
v 0.01000000 0.01896600 -0.02127300
v 0.01000000 0.02082100 -0.01946100
v 0.01000000 0.02250400 -0.01748800
v 0.01000000 0.02400000 -0.01537000
v 0.01000000 -0.02400000 -0.01537000
v 0.01000000 -0.02250400 -0.01748800
v 0.01000000 -0.02400000 -0.02850000
v 0.01000000 -0.02082100 -0.01946100
v 0.01000000 -0.01896600 -0.02127300
v 0.01000000 -0.01695400 -0.02290900
v 0.01000000 -0.01480200 -0.02435500
v 0.01000000 -0.01252700 -0.02559900
v 0.01000000 -0.01014800 -0.02663200
v 0.01000000 -0.00768600 -0.02744400
v 0.01000000 -0.00515900 -0.02802900
v 0.01000000 -0.00259000 -0.02838200
v 0.01000000 0.00000000 0.02850000
v 0.01000000 -0.00259000 0.02838200
v 0.01000000 -0.02400000 0.02850000
v 0.01000000 -0.00515900 0.02802900
v 0.01000000 -0.00768600 0.02744400
v 0.01000000 -0.01014800 0.02663200
v 0.01000000 -0.01252700 0.02559900
v 0.01000000 -0.01480200 0.02435500
v 0.01000000 -0.01695400 0.02290900
v 0.01000000 -0.01896600 0.02127300
v 0.01000000 -0.02082100 0.01946100
v 0.01000000 -0.02250400 0.01748800
v 0.01000000 -0.02400000 0.01537000
v 0.01200000 0.02400000 -0.01537000
v 0.01200000 0.02250400 -0.01748800
v 0.01200000 0.02400000 -0.01573800
v 0.01200000 0.02236400 -0.01798700
v 0.01200000 0.02082100 -0.01946100
v 0.01200000 0.02051900 -0.02006600
v 0.01200000 0.01896600 -0.02127300
v 0.01200000 0.01848100 -0.02195800
v 0.01200000 0.01695400 -0.02290900
v 0.01200000 0.01626900 -0.02364300
v 0.01200000 0.01480200 -0.02435500
v 0.01200000 0.01390500 -0.02510600
v 0.01200000 0.01252700 -0.02559900
v 0.01200000 0.01141100 -0.02633400
v 0.01200000 0.01014800 -0.02663200
v 0.01200000 0.00880900 -0.02731500
v 0.01200000 0.00768600 -0.02744400
v 0.01200000 0.00612400 -0.02803900
v 0.01200000 0.00515900 -0.02802900
v 0.01200000 0.00338200 -0.02850000
v 0.01200000 0.00259000 -0.02838200
v 0.01000000 0.02400000 0.01537000
v 0.01000000 0.02250400 0.01748800
v 0.01000000 0.02400000 0.02850000
v 0.01000000 0.02082100 0.01946100
v 0.01000000 0.01896600 0.02127300
v 0.01000000 0.01695400 0.02290900
v 0.01000000 0.01480200 0.02435500
v 0.01000000 0.01252700 0.02559900
v 0.01000000 0.01014800 0.02663200
v 0.01000000 0.00768600 0.02744400
v 0.01000000 0.00515900 0.02802900
v 0.01000000 0.00259000 0.02838200
v 0.02000000 0.02400000 0.01573800
v 0.02000000 0.02236400 0.01798700
v 0.02000000 0.02051900 0.02006600
v 0.02000000 0.01848100 0.02195800
v 0.02000000 0.01626900 0.02364300
v 0.02000000 0.01390500 0.02510600
v 0.02000000 0.01141100 0.02633400
v 0.02000000 0.00880900 0.02731500
v 0.02000000 0.00612400 0.02803900
v 0.02000000 0.00338200 0.02850000
v 0.02000000 -0.02400000 0.02850000
v 0.02000000 -0.00338200 0.02850000
v 0.02000000 0.02400000 0.02850000
v 0.02000000 0.02400000 -0.01573800
v 0.02000000 0.02236400 -0.01798700
v 0.02000000 0.02051900 -0.02006600
v 0.02000000 0.01848100 -0.02195800
v 0.02000000 0.01626900 -0.02364300
v 0.02000000 0.01390500 -0.02510600
v 0.02000000 0.01141100 -0.02633400
v 0.02000000 0.00880900 -0.02731500
v 0.02000000 0.00612400 -0.02803900
v 0.02000000 0.00338200 -0.02850000
v 0.02000000 0.02400000 -0.02850000
v 0.02000000 -0.00338200 -0.02850000
v 0.02000000 -0.02400000 -0.02850000
v 0.02000000 -0.02400000 0.01573800
v 0.02000000 -0.02236400 0.01798700
v 0.02000000 -0.02051900 0.02006600
v 0.02000000 -0.01848100 0.02195800
v 0.02000000 -0.01626900 0.02364300
v 0.02000000 -0.01390500 0.02510600
v 0.02000000 -0.01141100 0.02633400
v 0.02000000 -0.00880900 0.02731500
v 0.02000000 -0.00612400 0.02803900
v 0.02000000 -0.00612400 -0.02803900
v 0.02000000 -0.00880900 -0.02731500
v 0.02000000 -0.01141100 -0.02633400
v 0.02000000 -0.01390500 -0.02510600
v 0.02000000 -0.01626900 -0.02364300
v 0.02000000 -0.01848100 -0.02195800
v 0.02000000 -0.02051900 -0.02006600
v 0.02000000 -0.02236400 -0.01798700
v 0.02000000 -0.02400000 -0.01573800
v 0.06100000 -0.02423300 0.01500000
v 0.05700000 -0.02400000 0.01537000
v 0.06100000 -0.02400000 0.01537000
v 0.05700000 0.02400000 0.01537000
v 0.05700000 0.02250400 0.01748800
v 0.05700000 0.02082100 0.01946100
v 0.05700000 0.01896600 0.02127300
v 0.05700000 0.01695400 0.02290900
v 0.05700000 0.01480200 0.02435500
v 0.05700000 0.01252700 0.02559900
v 0.05700000 0.01014800 0.02663200
v 0.05700000 0.00768600 0.02744400
v 0.05700000 0.00515900 0.02802900
v 0.05700000 0.00259000 0.02838200
v 0.05700000 0.00000000 0.02850000
v 0.05700000 -0.00259000 0.02838200
v 0.05700000 -0.00515900 0.02802900
v 0.05700000 -0.00768600 0.02744400
v 0.05700000 -0.01014800 0.02663200
v 0.05700000 -0.01252700 0.02559900
v 0.05700000 -0.01480200 0.02435500
v 0.05700000 -0.01695400 0.02290900
v 0.05700000 -0.01896600 0.02127300
v 0.05700000 -0.02082100 0.01946100
v 0.05700000 -0.02250400 0.01748800
v 0.06100000 0.02400000 0.01537000
v 0.06100000 0.02423300 0.01500000
v 0.06100000 0.02446000 0.01462700
v 0.06100000 0.02468200 0.01425000
v 0.06400000 0.02582400 0.01205600
v 0.06400000 0.02677200 0.00977200
v 0.06400000 0.02751900 0.00741400
v 0.06100000 0.02805800 0.00500000
v 0.06400000 0.02805800 0.00500000
v 0.06400000 0.02468200 0.01425000
v 0.06100000 0.02838900 0.00251000
v 0.06100000 0.02850000 -0.00000000
v 0.06100000 0.02838900 -0.00251000
v 0.06100000 0.02805800 -0.00500000
v 0.06400000 0.02751900 -0.00741400
v 0.06400000 0.02677200 -0.00977200
v 0.06400000 0.02582400 -0.01205600
v 0.06400000 0.02468200 -0.01425000
v 0.06100000 0.02468200 -0.01425000
v 0.06400000 0.02805800 -0.00500000
v 0.06100000 0.02446000 -0.01462700
v 0.06100000 0.02423300 -0.01500000
v 0.05700000 0.02400000 -0.01537000
v 0.05700000 0.02250400 -0.01748800
v 0.06100000 0.02400000 -0.01537000
v 0.05700000 0.02082100 -0.01946100
v 0.05700000 0.01896600 -0.02127300
v 0.05700000 0.01695400 -0.02290900
v 0.05700000 0.01480200 -0.02435500
v 0.05700000 0.01252700 -0.02559900
v 0.05700000 0.01014800 -0.02663200
v 0.05700000 0.00768600 -0.02744400
v 0.05700000 0.00515900 -0.02802900
v 0.05700000 0.00259000 -0.02838200
v 0.05700000 0.00000000 -0.02850000
v 0.05700000 -0.00259000 -0.02838200
v 0.05700000 -0.00515900 -0.02802900
v 0.05700000 -0.00768600 -0.02744400
v 0.05700000 -0.01014800 -0.02663200
v 0.05700000 -0.01252700 -0.02559900
v 0.05700000 -0.01480200 -0.02435500
v 0.05700000 -0.01695400 -0.02290900
v 0.05700000 -0.01896600 -0.02127300
v 0.05700000 -0.02082100 -0.01946100
v 0.05700000 -0.02250400 -0.01748800
v 0.05700000 -0.02400000 -0.01537000
v 0.06100000 -0.02423300 -0.01500000
v 0.06100000 -0.02446000 -0.01462700
v 0.06100000 -0.02468200 -0.01425000
v 0.06100000 -0.02400000 -0.01537000
v 0.06400000 -0.02468200 -0.01425000
v 0.06400000 -0.02582400 -0.01205600
v 0.06400000 -0.02677200 -0.00977200
v 0.06400000 -0.02751900 -0.00741400
v 0.06400000 -0.02805800 -0.00500000
v 0.06100000 -0.02805800 -0.00500000
v 0.06100000 -0.02838900 -0.00251000
v 0.06100000 -0.02850000 -0.00000000
v 0.06100000 -0.02838900 0.00251000
v 0.06100000 -0.02805800 0.00500000
v 0.06400000 -0.02751900 0.00741400
v 0.06400000 -0.02677200 0.00977200
v 0.06400000 -0.02805800 0.00500000
v 0.06400000 -0.02582400 0.01205600
v 0.06100000 -0.02468200 0.01425000
v 0.06100000 -0.02446000 0.01462700
v 0.06400000 -0.02468200 0.01425000
v 0.06550000 -0.05450000 0.00500000
v 0.06100000 -0.05450000 0.00500000
v 0.06550000 -0.05450000 0.02500000
v 0.06426900 -0.05450000 0.03080000
v 0.07474300 -0.05450000 0.03080000
v 0.05520000 -0.05450000 0.02173100
v 0.06100000 -0.05450000 -0.00500000
v 0.05520000 -0.05450000 -0.02173100
v 0.06426900 -0.05450000 -0.03080000
v 0.06550000 -0.05450000 -0.02500000
v 0.07474300 -0.05450000 -0.03080000
v 0.07474300 -0.05450000 -0.02500000
v 0.06550000 -0.05450000 -0.00500000
v 0.07474300 -0.05450000 0.02500000
v 0.06100000 -0.05750000 -0.00500000
v 0.06100000 -0.05750000 -0.00520000
v 0.06550000 -0.05750000 -0.00500000
v 0.06550000 -0.05750000 -0.00520000
v 0.06550000 -0.05750000 0.00500000
v 0.06550000 -0.05750000 0.00520000
v 0.06100000 -0.05750000 0.00500000
v 0.06100000 -0.05750000 0.00520000
v 0.05520000 -0.08774300 -0.02173100
v 0.05520000 -0.08774300 0.02173100
v 0.08250000 -0.09330000 -0.02524300
v 0.08250000 -0.09330000 0.02524300
v 0.06657100 -0.09330000 -0.02524300
v 0.06657100 -0.09330000 0.02524300
v 0.06075700 -0.09330000 -0.01942900
v 0.06075700 -0.09330000 0.01942900
v 0.08250000 -0.08774300 0.03080000
v 0.06426900 -0.08774300 0.03080000
v 0.06426900 -0.08774300 -0.03080000
v 0.08250000 -0.08774300 -0.03080000
v 0.08250000 -0.06225700 -0.03080000
v 0.08250000 -0.06225700 0.03080000
v 0.08250000 -0.06225700 0.02500000
v 0.08250000 -0.08590000 0.02500000
v 0.08250000 -0.08750000 0.02340000
v 0.08250000 -0.08750000 0.01050000
v 0.08250000 -0.08750000 -0.01050000
v 0.08250000 -0.08750000 -0.02340000
v 0.08250000 -0.08590000 -0.02500000
v 0.08250000 -0.06225700 -0.02500000
v 0.08250000 -0.08500000 -0.00800000
v 0.08250000 -0.08500000 0.00800000
v 0.07150000 -0.02091100 0.00500000
v 0.07150000 -0.08750000 0.00500000
v 0.06100000 -0.08750000 0.00500000
v 0.06400000 -0.02091100 0.00500000
v 0.06100000 -0.08750000 -0.00500000
v 0.06100000 -0.08750000 -0.00520000
v 0.07170000 -0.08500000 0.00450000
v 0.07170000 -0.08500200 0.00450000
v 0.07170000 -0.08500000 0.00520000
v 0.07170000 -0.08750000 0.00520000
v 0.07170000 -0.08500200 -0.00450000
v 0.07170000 -0.08750000 -0.00520000
v 0.07170000 -0.08500000 -0.00520000
v 0.07170000 -0.08500000 -0.00450000
v 0.06550000 -0.08590000 -0.02500000
v 0.06550000 -0.08590000 -0.00890000
v 0.06550000 -0.08500000 -0.00800000
v 0.06550000 -0.08500000 -0.00520000
v 0.06550000 -0.08590000 0.02500000
v 0.06550000 -0.08590000 0.00890000
v 0.06550000 -0.08500000 0.00800000
v 0.06550000 -0.08500000 0.00520000
v 0.06100000 -0.08750000 0.00520000
v 0.07150000 -0.08750000 -0.00500000
v 0.06710000 -0.08750000 0.02340000
v 0.06710000 -0.08750000 0.01050000
v 0.06710000 -0.08750000 -0.02340000
v 0.06710000 -0.08750000 -0.01050000
v 0.07515800 -0.08500000 0.00450000
v 0.07664200 -0.08500000 0.00450000
v 0.07800000 -0.08500000 0.00450000
v 0.07800000 -0.08500000 -0.00450000
v 0.07664200 -0.08500000 -0.00450000
v 0.07515800 -0.08500000 -0.00450000
v 0.07661900 -0.08500000 -0.00431600
v 0.07518100 -0.08500000 -0.00431600
v 0.07524900 -0.08500000 -0.00414400
v 0.07655100 -0.08500000 -0.00414400
v 0.07535800 -0.08500000 -0.00399400
v 0.07644200 -0.08500000 -0.00399400
v 0.07630000 -0.08500000 -0.00387500
v 0.07550000 -0.08500000 -0.00387500
v 0.07550000 -0.08500000 -0.00325000
v 0.07630000 -0.08500000 -0.00325000
v 0.07661900 -0.08500000 0.00431600
v 0.07518100 -0.08500000 0.00431600
v 0.07524900 -0.08500000 0.00414400
v 0.07655100 -0.08500000 0.00414400
v 0.07535800 -0.08500000 0.00399400
v 0.07644200 -0.08500000 0.00399400
v 0.07630000 -0.08500000 0.00387500
v 0.07550000 -0.08500000 0.00387500
v 0.07630000 -0.08500000 0.00325000
v 0.07550000 -0.08500000 0.00325000
v 0.07800000 0.08499800 0.00450000
v 0.07800000 0.08499800 -0.00450000
v 0.07664200 0.08499800 -0.00450000
v 0.07661900 -0.08104700 -0.00431600
v 0.07661900 -0.07709300 -0.00431600
v 0.07661900 -0.07314000 -0.00431600
v 0.07655100 -0.07314000 -0.00414400
v 0.07655100 -0.06918600 -0.00414400
v 0.07644200 -0.06918600 -0.00399400
v 0.07644200 -0.06523300 -0.00399400
v 0.07644200 -0.06127900 -0.00399400
v 0.07644200 -0.05732600 -0.00399400
v 0.07655100 -0.06127900 -0.00414400
v 0.07655100 -0.05732600 -0.00414400
v 0.07661900 -0.06127900 -0.00431600
v 0.07661900 -0.05732600 -0.00431600
v 0.07661900 -0.05337200 -0.00431600
v 0.07661900 -0.04941900 -0.00431600
v 0.07655100 -0.04941900 -0.00414400
v 0.07655100 -0.04546600 -0.00414400
v 0.07644200 -0.04546600 -0.00399400
v 0.07644200 -0.04151200 -0.00399400
v 0.07644200 -0.03755900 -0.00399400
v 0.07644200 -0.03360500 -0.00399400
v 0.07655100 -0.03755900 -0.00414400
v 0.07655100 -0.03360500 -0.00414400
v 0.07661900 -0.03755900 -0.00431600
v 0.07661900 -0.03360500 -0.00431600
v 0.07661900 -0.02965200 -0.00431600
v 0.07661900 -0.02569800 -0.00431600
v 0.07655100 -0.02569800 -0.00414400
v 0.07655100 -0.02174500 -0.00414400
v 0.07644200 -0.02174500 -0.00399400
v 0.07644200 -0.01779100 -0.00399400
v 0.07644200 -0.01383800 -0.00399400
v 0.07644200 -0.00988500 -0.00399400
v 0.07655100 -0.01383800 -0.00414400
v 0.07655100 -0.00988500 -0.00414400
v 0.07661900 -0.01383800 -0.00431600
v 0.07661900 -0.00988500 -0.00431600
v 0.07661900 -0.00593100 -0.00431600
v 0.07661900 -0.00197800 -0.00431600
v 0.07655100 -0.00197800 -0.00414400
v 0.07655100 0.00197600 -0.00414400
v 0.07644200 0.00197600 -0.00399400
v 0.07644200 0.00592900 -0.00399400
v 0.07630000 0.08499800 -0.00387500
v 0.07644200 0.00988300 -0.00399400
v 0.07644200 0.01383600 -0.00399400
v 0.07655100 0.00988300 -0.00414400
v 0.07655100 0.01383600 -0.00414400
v 0.07661900 0.00988300 -0.00431600
v 0.07661900 0.01383600 -0.00431600
v 0.07661900 0.01779000 -0.00431600
v 0.07661900 0.02174300 -0.00431600
v 0.07655100 0.02174300 -0.00414400
v 0.07655100 0.02569600 -0.00414400
v 0.07644200 0.02569600 -0.00399400
v 0.07644200 0.02965000 -0.00399400
v 0.07644200 0.03360300 -0.00399400
v 0.07644200 0.03755700 -0.00399400
v 0.07655100 0.03360300 -0.00414400
v 0.07655100 0.03755700 -0.00414400
v 0.07661900 0.03360300 -0.00431600
v 0.07661900 0.03755700 -0.00431600
v 0.07661900 0.04151000 -0.00431600
v 0.07661900 0.04546400 -0.00431600
v 0.07655100 0.04546400 -0.00414400
v 0.07655100 0.04941700 -0.00414400
v 0.07644200 0.04941700 -0.00399400
v 0.07644200 0.05337100 -0.00399400
v 0.07644200 0.05732400 -0.00399400
v 0.07644200 0.06127800 -0.00399400
v 0.07655100 0.05732400 -0.00414400
v 0.07655100 0.06127800 -0.00414400
v 0.07661900 0.05732400 -0.00431600
v 0.07661900 0.06127800 -0.00431600
v 0.07661900 0.06523100 -0.00431600
v 0.07661900 0.06918400 -0.00431600
v 0.07655100 0.06918400 -0.00414400
v 0.07655100 0.07313800 -0.00414400
v 0.07644200 0.07313800 -0.00399400
v 0.07644200 0.07709100 -0.00399400
v 0.07644200 0.08104500 -0.00399400
v 0.07644200 0.08499800 -0.00399400
v 0.07655100 0.08104500 -0.00414400
v 0.07655100 0.08499800 -0.00414400
v 0.07661900 0.08104500 -0.00431600
v 0.07661900 0.08499800 -0.00431600
v 0.07655100 -0.08104700 -0.00414400
v 0.07644200 -0.08104700 -0.00399400
v 0.07644200 -0.00197800 -0.00399400
v 0.07644200 -0.00593100 -0.00399400
v 0.07661900 0.00197600 -0.00431600
v 0.07661900 0.00592900 -0.00431600
v 0.07655100 -0.07709300 -0.00414400
v 0.07644200 -0.07709300 -0.00399400
v 0.07661900 -0.06918600 -0.00431600
v 0.07661900 -0.06523300 -0.00431600
v 0.07655100 -0.06523300 -0.00414400
v 0.07655100 -0.05337200 -0.00414400
v 0.07644200 -0.05337200 -0.00399400
v 0.07661900 -0.04546600 -0.00431600
v 0.07661900 -0.04151200 -0.00431600
v 0.07655100 -0.04151200 -0.00414400
v 0.07655100 -0.02965200 -0.00414400
v 0.07644200 -0.02965200 -0.00399400
v 0.07661900 -0.02174500 -0.00431600
v 0.07661900 -0.01779100 -0.00431600
v 0.07655100 -0.01779100 -0.00414400
v 0.07655100 -0.00593100 -0.00414400
v 0.07655100 0.00592900 -0.00414400
v 0.07655100 0.01779000 -0.00414400
v 0.07644200 0.01779000 -0.00399400
v 0.07661900 0.02569600 -0.00431600
v 0.07661900 0.02965000 -0.00431600
v 0.07655100 0.02965000 -0.00414400
v 0.07655100 0.04151000 -0.00414400
v 0.07644200 0.04151000 -0.00399400
v 0.07661900 0.04941700 -0.00431600
v 0.07661900 0.05337100 -0.00431600
v 0.07655100 0.05337100 -0.00414400
v 0.07655100 0.06523100 -0.00414400
v 0.07644200 0.06523100 -0.00399400
v 0.07661900 0.07313800 -0.00431600
v 0.07661900 0.07709100 -0.00431600
v 0.07655100 0.07709100 -0.00414400
v 0.07644200 -0.07314000 -0.00399400
v 0.07644200 -0.04941900 -0.00399400
v 0.07644200 -0.02569800 -0.00399400
v 0.07644200 0.02174300 -0.00399400
v 0.07644200 0.04546400 -0.00399400
v 0.07644200 0.06918400 -0.00399400
v 0.07630000 0.08499800 -0.00325000
v 0.07550000 0.08499800 -0.00325000
v 0.07550000 0.08499800 -0.00387500
v 0.07535800 -0.08104700 -0.00399400
v 0.07535800 -0.07709300 -0.00399400
v 0.07535800 -0.07314000 -0.00399400
v 0.07524900 -0.07314000 -0.00414400
v 0.07524900 -0.06918600 -0.00414400
v 0.07518100 -0.06918600 -0.00431600
v 0.07518100 -0.06523300 -0.00431600
v 0.07518100 -0.06127900 -0.00431600
v 0.07518100 -0.05732600 -0.00431600
v 0.07524900 -0.06127900 -0.00414400
v 0.07524900 -0.05732600 -0.00414400
v 0.07535800 -0.06127900 -0.00399400
v 0.07535800 -0.05732600 -0.00399400
v 0.07535800 -0.05337200 -0.00399400
v 0.07535800 -0.04941900 -0.00399400
v 0.07524900 -0.04941900 -0.00414400
v 0.07524900 -0.04546600 -0.00414400
v 0.07518100 -0.04546600 -0.00431600
v 0.07518100 -0.04151200 -0.00431600
v 0.07518100 -0.03755900 -0.00431600
v 0.07518100 -0.03360500 -0.00431600
v 0.07524900 -0.03755900 -0.00414400
v 0.07524900 -0.03360500 -0.00414400
v 0.07535800 -0.03755900 -0.00399400
v 0.07535800 -0.03360500 -0.00399400
v 0.07535800 -0.02965200 -0.00399400
v 0.07535800 -0.02569800 -0.00399400
v 0.07524900 -0.02569800 -0.00414400
v 0.07524900 -0.02174500 -0.00414400
v 0.07518100 -0.02174500 -0.00431600
v 0.07518100 -0.01779100 -0.00431600
v 0.07518100 -0.01383800 -0.00431600
v 0.07518100 -0.00988500 -0.00431600
v 0.07524900 -0.01383800 -0.00414400
v 0.07524900 -0.00988500 -0.00414400
v 0.07535800 -0.01383800 -0.00399400
v 0.07535800 -0.00988500 -0.00399400
v 0.07535800 -0.00593100 -0.00399400
v 0.07535800 -0.00197800 -0.00399400
v 0.07524900 -0.00197800 -0.00414400
v 0.07524900 0.00197600 -0.00414400
v 0.07518100 0.00197600 -0.00431600
v 0.07518100 0.00592900 -0.00431600
v 0.07515800 0.08499800 -0.00450000
v 0.07518100 0.00988300 -0.00431600
v 0.07518100 0.01383600 -0.00431600
v 0.07524900 0.00988300 -0.00414400
v 0.07524900 0.01383600 -0.00414400
v 0.07535800 0.00988300 -0.00399400
v 0.07535800 0.01383600 -0.00399400
v 0.07535800 0.01779000 -0.00399400
v 0.07535800 0.02174300 -0.00399400
v 0.07524900 0.02174300 -0.00414400
v 0.07524900 0.02569600 -0.00414400
v 0.07518100 0.02569600 -0.00431600
v 0.07518100 0.02965000 -0.00431600
v 0.07518100 0.03360300 -0.00431600
v 0.07518100 0.03755700 -0.00431600
v 0.07524900 0.03360300 -0.00414400
v 0.07524900 0.03755700 -0.00414400
v 0.07535800 0.03360300 -0.00399400
v 0.07535800 0.03755700 -0.00399400
v 0.07535800 0.04151000 -0.00399400
v 0.07535800 0.04546400 -0.00399400
v 0.07524900 0.04546400 -0.00414400
v 0.07524900 0.04941700 -0.00414400
v 0.07518100 0.04941700 -0.00431600
v 0.07518100 0.05337100 -0.00431600
v 0.07518100 0.05732400 -0.00431600
v 0.07518100 0.06127800 -0.00431600
v 0.07524900 0.05732400 -0.00414400
v 0.07524900 0.06127800 -0.00414400
v 0.07535800 0.05732400 -0.00399400
v 0.07535800 0.06127800 -0.00399400
v 0.07535800 0.06523100 -0.00399400
v 0.07535800 0.06918400 -0.00399400
v 0.07524900 0.06918400 -0.00414400
v 0.07524900 0.07313800 -0.00414400
v 0.07518100 0.07313800 -0.00431600
v 0.07518100 0.07709100 -0.00431600
v 0.07518100 0.08104500 -0.00431600
v 0.07518100 0.08499800 -0.00431600
v 0.07524900 0.08104500 -0.00414400
v 0.07524900 0.08499800 -0.00414400
v 0.07535800 0.08104500 -0.00399400
v 0.07535800 0.08499800 -0.00399400
v 0.07524900 -0.08104700 -0.00414400
v 0.07518100 -0.08104700 -0.00431600
v 0.07518100 -0.00197800 -0.00431600
v 0.07518100 -0.00593100 -0.00431600
v 0.07535800 0.00197600 -0.00399400
v 0.07535800 0.00592900 -0.00399400
v 0.07524900 -0.07709300 -0.00414400
v 0.07518100 -0.07709300 -0.00431600
v 0.07535800 -0.06918600 -0.00399400
v 0.07535800 -0.06523300 -0.00399400
v 0.07524900 -0.06523300 -0.00414400
v 0.07524900 -0.05337200 -0.00414400
v 0.07518100 -0.05337200 -0.00431600
v 0.07535800 -0.04546600 -0.00399400
v 0.07535800 -0.04151200 -0.00399400
v 0.07524900 -0.04151200 -0.00414400
v 0.07524900 -0.02965200 -0.00414400
v 0.07518100 -0.02965200 -0.00431600
v 0.07535800 -0.02174500 -0.00399400
v 0.07535800 -0.01779100 -0.00399400
v 0.07524900 -0.01779100 -0.00414400
v 0.07524900 -0.00593100 -0.00414400
v 0.07524900 0.00592900 -0.00414400
v 0.07524900 0.01779000 -0.00414400
v 0.07518100 0.01779000 -0.00431600
v 0.07535800 0.02569600 -0.00399400
v 0.07535800 0.02965000 -0.00399400
v 0.07524900 0.02965000 -0.00414400
v 0.07524900 0.04151000 -0.00414400
v 0.07518100 0.04151000 -0.00431600
v 0.07535800 0.04941700 -0.00399400
v 0.07535800 0.05337100 -0.00399400
v 0.07524900 0.05337100 -0.00414400
v 0.07524900 0.06523100 -0.00414400
v 0.07518100 0.06523100 -0.00431600
v 0.07535800 0.07313800 -0.00399400
v 0.07535800 0.07709100 -0.00399400
v 0.07524900 0.07709100 -0.00414400
v 0.07518100 -0.07314000 -0.00431600
v 0.07518100 -0.04941900 -0.00431600
v 0.07518100 -0.02569800 -0.00431600
v 0.07518100 0.02174300 -0.00431600
v 0.07518100 0.04546400 -0.00431600
v 0.07518100 0.06918400 -0.00431600
v 0.07150000 -0.02102400 -0.00450000
v 0.07150000 -0.08500200 -0.00450000
v 0.07150000 0.02102400 -0.00450000
v 0.07150000 0.08499800 -0.00450000
v 0.06550000 0.05450000 -0.00500000
v 0.06100000 0.05450000 -0.00500000
v 0.06550000 0.05450000 -0.02500000
v 0.06426900 0.05450000 -0.03080000
v 0.07474300 0.05450000 -0.03080000
v 0.05520000 0.05450000 -0.02173100
v 0.06100000 0.05450000 0.00500000
v 0.05520000 0.05450000 0.02173100
v 0.06426900 0.05450000 0.03080000
v 0.06550000 0.05450000 0.02500000
v 0.07474300 0.05450000 0.03080000
v 0.07474300 0.05450000 0.02500000
v 0.06550000 0.05450000 0.00500000
v 0.07474300 0.05450000 -0.02500000
v 0.06100000 0.05750000 0.00500000
v 0.06100000 0.05750000 0.00520000
v 0.06550000 0.05750000 0.00500000
v 0.06550000 0.05750000 0.00520000
v 0.06550000 0.05750000 -0.00500000
v 0.06550000 0.05750000 -0.00520000
v 0.06100000 0.05750000 -0.00500000
v 0.06100000 0.05750000 -0.00520000
v 0.05520000 0.08774300 0.02173100
v 0.05520000 0.08774300 -0.02173100
v 0.08250000 0.09330000 0.02524300
v 0.08250000 0.09330000 -0.02524300
v 0.06657100 0.09330000 0.02524300
v 0.06657100 0.09330000 -0.02524300
v 0.06075700 0.09330000 0.01942900
v 0.06075700 0.09330000 -0.01942900
v 0.08250000 0.08774300 -0.03080000
v 0.06426900 0.08774300 -0.03080000
v 0.06426900 0.08774300 0.03080000
v 0.08250000 0.08774300 0.03080000
v 0.08250000 0.06225700 0.03080000
v 0.08250000 0.06225700 -0.03080000
v 0.08250000 0.06225700 -0.02500000
v 0.08250000 0.08590000 -0.02500000
v 0.08250000 0.08750000 -0.02340000
v 0.08250000 0.08750000 -0.01050000
v 0.08250000 0.08750000 0.01050000
v 0.08250000 0.08750000 0.02340000
v 0.08250000 0.08590000 0.02500000
v 0.08250000 0.06225700 0.02500000
v 0.08250000 0.08500000 0.00800000
v 0.08250000 0.08500000 -0.00800000
v 0.07150000 0.02091100 -0.00500000
v 0.07150000 0.08750000 -0.00500000
v 0.06100000 0.08750000 -0.00500000
v 0.06400000 0.02091100 -0.00500000
v 0.06100000 0.08750000 -0.00520000
v 0.06100000 0.08750000 0.00500000
v 0.06100000 0.08750000 0.00520000
v 0.06550000 0.08590000 0.02500000
v 0.06550000 0.08590000 0.00890000
v 0.06550000 0.08500000 0.00800000
v 0.06550000 0.08500000 0.00520000
v 0.06550000 0.08590000 -0.02500000
v 0.06550000 0.08590000 -0.00890000
v 0.06550000 0.08500000 -0.00800000
v 0.06550000 0.08500000 -0.00520000
v 0.07170000 0.08750000 -0.00520000
v 0.07170000 0.08750000 0.00520000
v 0.07150000 0.08750000 0.00500000
v 0.06710000 0.08750000 -0.02340000
v 0.06710000 0.08750000 -0.01050000
v 0.06710000 0.08750000 0.02340000
v 0.06710000 0.08750000 0.01050000
v 0.07170000 0.08500000 0.00520000
v 0.07170000 0.08500000 -0.00520000
v 0.07150000 -0.02102400 0.00450000
v 0.07150000 0.02102400 0.00450000
v 0.07150000 -0.02138100 0.00226300
v 0.07150000 0.02138100 0.00226300
v 0.07150000 -0.02150000 -0.00000000
v 0.07150000 0.02150000 -0.00000000
v 0.07150000 -0.02138100 -0.00226300
v 0.07150000 0.02138100 -0.00226300
v 0.07550000 0.08499800 0.00325000
v 0.07630000 0.08499800 0.00325000
v 0.07550000 0.08499800 0.00387500
v 0.07630000 0.08499800 0.00387500
v 0.07150000 -0.08500200 0.00450000
v 0.07664200 0.08499800 0.00450000
v 0.07655100 0.08499800 0.00414400
v 0.07661900 0.08499800 0.00431600
v 0.07150000 0.08499800 0.00450000
v 0.07515800 0.08499800 0.00450000
v 0.07518100 0.08499800 0.00431600
v 0.07524900 0.08499800 0.00414400
v 0.07535800 0.08499800 0.00399400
v 0.07644200 0.08499800 0.00399400
v 0.07644200 -0.08104700 0.00399400
v 0.07644200 -0.07709300 0.00399400
v 0.07644200 -0.07314000 0.00399400
v 0.07655100 -0.07314000 0.00414400
v 0.07655100 -0.06918600 0.00414400
v 0.07661900 -0.06918600 0.00431600
v 0.07661900 -0.06523300 0.00431600
v 0.07661900 -0.06127900 0.00431600
v 0.07661900 -0.05732600 0.00431600
v 0.07655100 -0.06127900 0.00414400
v 0.07655100 -0.05732600 0.00414400
v 0.07644200 -0.06127900 0.00399400
v 0.07644200 -0.05732600 0.00399400
v 0.07644200 -0.05337200 0.00399400
v 0.07644200 -0.04941900 0.00399400
v 0.07655100 -0.04941900 0.00414400
v 0.07655100 -0.04546600 0.00414400
v 0.07661900 -0.04546600 0.00431600
v 0.07661900 -0.04151200 0.00431600
v 0.07661900 -0.03755900 0.00431600
v 0.07661900 -0.03360500 0.00431600
v 0.07655100 -0.03755900 0.00414400
v 0.07655100 -0.03360500 0.00414400
v 0.07644200 -0.03755900 0.00399400
v 0.07644200 -0.03360500 0.00399400
v 0.07644200 -0.02965200 0.00399400
v 0.07644200 -0.02569800 0.00399400
v 0.07655100 -0.02569800 0.00414400
v 0.07655100 -0.02174500 0.00414400
v 0.07661900 -0.02174500 0.00431600
v 0.07661900 -0.01779100 0.00431600
v 0.07661900 -0.01383800 0.00431600
v 0.07661900 -0.00988500 0.00431600
v 0.07655100 -0.01383800 0.00414400
v 0.07655100 -0.00988500 0.00414400
v 0.07644200 -0.01383800 0.00399400
v 0.07644200 -0.00988500 0.00399400
v 0.07644200 -0.00593100 0.00399400
v 0.07644200 -0.00197800 0.00399400
v 0.07655100 -0.00197800 0.00414400
v 0.07655100 0.00197600 0.00414400
v 0.07661900 0.00197600 0.00431600
v 0.07661900 0.00592900 0.00431600
v 0.07661900 0.00988300 0.00431600
v 0.07661900 0.01383600 0.00431600
v 0.07655100 0.00988300 0.00414400
v 0.07655100 0.01383600 0.00414400
v 0.07644200 0.00988300 0.00399400
v 0.07644200 0.01383600 0.00399400
v 0.07644200 0.01779000 0.00399400
v 0.07644200 0.02174300 0.00399400
v 0.07655100 0.02174300 0.00414400
v 0.07655100 0.02569600 0.00414400
v 0.07661900 0.02569600 0.00431600
v 0.07661900 0.02965000 0.00431600
v 0.07661900 0.03360300 0.00431600
v 0.07661900 0.03755700 0.00431600
v 0.07655100 0.03360300 0.00414400
v 0.07655100 0.03755700 0.00414400
v 0.07644200 0.03360300 0.00399400
v 0.07644200 0.03755700 0.00399400
v 0.07644200 0.04151000 0.00399400
v 0.07644200 0.04546400 0.00399400
v 0.07655100 0.04546400 0.00414400
v 0.07655100 0.04941700 0.00414400
v 0.07661900 0.04941700 0.00431600
v 0.07661900 0.05337100 0.00431600
v 0.07661900 0.05732400 0.00431600
v 0.07661900 0.06127800 0.00431600
v 0.07655100 0.05732400 0.00414400
v 0.07655100 0.06127800 0.00414400
v 0.07644200 0.05732400 0.00399400
v 0.07644200 0.06127800 0.00399400
v 0.07644200 0.06523100 0.00399400
v 0.07644200 0.06918400 0.00399400
v 0.07655100 0.06918400 0.00414400
v 0.07655100 0.07313800 0.00414400
v 0.07661900 0.07313800 0.00431600
v 0.07661900 0.07709100 0.00431600
v 0.07661900 0.08104500 0.00431600
v 0.07655100 0.08104500 0.00414400
v 0.07644200 0.08104500 0.00399400
v 0.07655100 -0.08104700 0.00414400
v 0.07661900 -0.08104700 0.00431600
v 0.07661900 -0.00197800 0.00431600
v 0.07661900 -0.00593100 0.00431600
v 0.07644200 0.00197600 0.00399400
v 0.07644200 0.00592900 0.00399400
v 0.07655100 -0.07709300 0.00414400
v 0.07661900 -0.07709300 0.00431600
v 0.07644200 -0.06918600 0.00399400
v 0.07644200 -0.06523300 0.00399400
v 0.07655100 -0.06523300 0.00414400
v 0.07655100 -0.05337200 0.00414400
v 0.07661900 -0.05337200 0.00431600
v 0.07644200 -0.04546600 0.00399400
v 0.07644200 -0.04151200 0.00399400
v 0.07655100 -0.04151200 0.00414400
v 0.07655100 -0.02965200 0.00414400
v 0.07661900 -0.02965200 0.00431600
v 0.07644200 -0.02174500 0.00399400
v 0.07644200 -0.01779100 0.00399400
v 0.07655100 -0.01779100 0.00414400
v 0.07655100 -0.00593100 0.00414400
v 0.07655100 0.00592900 0.00414400
v 0.07655100 0.01779000 0.00414400
v 0.07661900 0.01779000 0.00431600
v 0.07644200 0.02569600 0.00399400
v 0.07644200 0.02965000 0.00399400
v 0.07655100 0.02965000 0.00414400
v 0.07655100 0.04151000 0.00414400
v 0.07661900 0.04151000 0.00431600
v 0.07644200 0.04941700 0.00399400
v 0.07644200 0.05337100 0.00399400
v 0.07655100 0.05337100 0.00414400
v 0.07655100 0.06523100 0.00414400
v 0.07661900 0.06523100 0.00431600
v 0.07644200 0.07313800 0.00399400
v 0.07644200 0.07709100 0.00399400
v 0.07655100 0.07709100 0.00414400
v 0.07661900 -0.07314000 0.00431600
v 0.07661900 -0.04941900 0.00431600
v 0.07661900 -0.02569800 0.00431600
v 0.07661900 0.02174300 0.00431600
v 0.07661900 0.04546400 0.00431600
v 0.07661900 0.06918400 0.00431600
v 0.07518100 -0.08104700 0.00431600
v 0.07518100 -0.07709300 0.00431600
v 0.07518100 -0.07314000 0.00431600
v 0.07524900 -0.07314000 0.00414400
v 0.07524900 -0.06918600 0.00414400
v 0.07535800 -0.06918600 0.00399400
v 0.07535800 -0.06523300 0.00399400
v 0.07535800 -0.06127900 0.00399400
v 0.07535800 -0.05732600 0.00399400
v 0.07524900 -0.06127900 0.00414400
v 0.07524900 -0.05732600 0.00414400
v 0.07518100 -0.06127900 0.00431600
v 0.07518100 -0.05732600 0.00431600
v 0.07518100 -0.05337200 0.00431600
v 0.07518100 -0.04941900 0.00431600
v 0.07524900 -0.04941900 0.00414400
v 0.07524900 -0.04546600 0.00414400
v 0.07535800 -0.04546600 0.00399400
v 0.07535800 -0.04151200 0.00399400
v 0.07535800 -0.03755900 0.00399400
v 0.07535800 -0.03360500 0.00399400
v 0.07524900 -0.03755900 0.00414400
v 0.07524900 -0.03360500 0.00414400
v 0.07518100 -0.03755900 0.00431600
v 0.07518100 -0.03360500 0.00431600
v 0.07518100 -0.02965200 0.00431600
v 0.07518100 -0.02569800 0.00431600
v 0.07524900 -0.02569800 0.00414400
v 0.07524900 -0.02174500 0.00414400
v 0.07535800 -0.02174500 0.00399400
v 0.07535800 -0.01779100 0.00399400
v 0.07535800 -0.01383800 0.00399400
v 0.07535800 -0.00988500 0.00399400
v 0.07524900 -0.01383800 0.00414400
v 0.07524900 -0.00988500 0.00414400
v 0.07518100 -0.01383800 0.00431600
v 0.07518100 -0.00988500 0.00431600
v 0.07518100 -0.00593100 0.00431600
v 0.07518100 -0.00197800 0.00431600
v 0.07524900 -0.00197800 0.00414400
v 0.07524900 0.00197600 0.00414400
v 0.07535800 0.00197600 0.00399400
v 0.07535800 0.00592900 0.00399400
v 0.07535800 0.00988300 0.00399400
v 0.07535800 0.01383600 0.00399400
v 0.07524900 0.00988300 0.00414400
v 0.07524900 0.01383600 0.00414400
v 0.07518100 0.00988300 0.00431600
v 0.07518100 0.01383600 0.00431600
v 0.07518100 0.01779000 0.00431600
v 0.07518100 0.02174300 0.00431600
v 0.07524900 0.02174300 0.00414400
v 0.07524900 0.02569600 0.00414400
v 0.07535800 0.02569600 0.00399400
v 0.07535800 0.02965000 0.00399400
v 0.07535800 0.03360300 0.00399400
v 0.07535800 0.03755700 0.00399400
v 0.07524900 0.03360300 0.00414400
v 0.07524900 0.03755700 0.00414400
v 0.07518100 0.03360300 0.00431600
v 0.07518100 0.03755700 0.00431600
v 0.07518100 0.04151000 0.00431600
v 0.07518100 0.04546400 0.00431600
v 0.07524900 0.04546400 0.00414400
v 0.07524900 0.04941700 0.00414400
v 0.07535800 0.04941700 0.00399400
v 0.07535800 0.05337100 0.00399400
v 0.07535800 0.05732400 0.00399400
v 0.07535800 0.06127800 0.00399400
v 0.07524900 0.05732400 0.00414400
v 0.07524900 0.06127800 0.00414400
v 0.07518100 0.05732400 0.00431600
v 0.07518100 0.06127800 0.00431600
v 0.07518100 0.06523100 0.00431600
v 0.07518100 0.06918400 0.00431600
v 0.07524900 0.06918400 0.00414400
v 0.07524900 0.07313800 0.00414400
v 0.07535800 0.07313800 0.00399400
v 0.07535800 0.07709100 0.00399400
v 0.07535800 0.08104500 0.00399400
v 0.07524900 0.08104500 0.00414400
v 0.07518100 0.08104500 0.00431600
v 0.07524900 -0.08104700 0.00414400
v 0.07535800 -0.08104700 0.00399400
v 0.07535800 -0.00197800 0.00399400
v 0.07535800 -0.00593100 0.00399400
v 0.07518100 0.00197600 0.00431600
v 0.07518100 0.00592900 0.00431600
v 0.07524900 -0.07709300 0.00414400
v 0.07535800 -0.07709300 0.00399400
v 0.07518100 -0.06918600 0.00431600
v 0.07518100 -0.06523300 0.00431600
v 0.07524900 -0.06523300 0.00414400
v 0.07524900 -0.05337200 0.00414400
v 0.07535800 -0.05337200 0.00399400
v 0.07518100 -0.04546600 0.00431600
v 0.07518100 -0.04151200 0.00431600
v 0.07524900 -0.04151200 0.00414400
v 0.07524900 -0.02965200 0.00414400
v 0.07535800 -0.02965200 0.00399400
v 0.07518100 -0.02174500 0.00431600
v 0.07518100 -0.01779100 0.00431600
v 0.07524900 -0.01779100 0.00414400
v 0.07524900 -0.00593100 0.00414400
v 0.07524900 0.00592900 0.00414400
v 0.07524900 0.01779000 0.00414400
v 0.07535800 0.01779000 0.00399400
v 0.07518100 0.02569600 0.00431600
v 0.07518100 0.02965000 0.00431600
v 0.07524900 0.02965000 0.00414400
v 0.07524900 0.04151000 0.00414400
v 0.07535800 0.04151000 0.00399400
v 0.07518100 0.04941700 0.00431600
v 0.07518100 0.05337100 0.00431600
v 0.07524900 0.05337100 0.00414400
v 0.07524900 0.06523100 0.00414400
v 0.07535800 0.06523100 0.00399400
v 0.07518100 0.07313800 0.00431600
v 0.07518100 0.07709100 0.00431600
v 0.07524900 0.07709100 0.00414400
v 0.07535800 -0.07314000 0.00399400
v 0.07535800 -0.04941900 0.00399400
v 0.07535800 -0.02569800 0.00399400
v 0.07535800 0.02174300 0.00399400
v 0.07535800 0.04546400 0.00399400
v 0.07535800 0.06918400 0.00399400
v 0.07150000 0.02098700 0.00466700
v 0.07150000 0.02095000 0.00483400
v 0.07150000 0.02091100 0.00500000
v 0.07150000 0.02095000 -0.00483400
v 0.07150000 0.02098700 -0.00466700
v 0.07150000 -0.02098700 0.00466700
v 0.07150000 -0.02095000 0.00483400
v 0.07150000 -0.02091100 -0.00500000
v 0.07150000 -0.02095000 -0.00483400
v 0.07150000 -0.02098700 -0.00466700
v 0.06400000 -0.01956700 0.00891000
v 0.06400000 -0.01862000 0.01075000
v 0.06400000 -0.02412600 0.01497500
v 0.06400000 -0.02340100 0.01553100
v 0.06400000 -0.02255700 0.01588100
v 0.06400000 -0.02165100 0.01600000
v 0.06400000 -0.02074500 0.01588100
v 0.06400000 -0.01990100 0.01553100
v 0.06400000 -0.01917600 0.01497500
v 0.06400000 -0.01862000 0.01425000
v 0.06400000 -0.01827000 0.01340600
v 0.06400000 -0.01827000 0.01159400
v 0.06400000 -0.01815100 0.01250000
v 0.06400000 -0.02033300 0.00698700
v 0.06400000 -0.02091100 -0.00500000
v 0.06400000 -0.02033300 -0.00698700
v 0.06400000 -0.01956700 -0.00891000
v 0.06400000 -0.01862000 -0.01075000
v 0.06400000 -0.02412600 -0.01497500
v 0.06400000 -0.02340100 -0.01553100
v 0.06400000 -0.02255700 -0.01588100
v 0.06400000 -0.02165100 -0.01600000
v 0.06400000 -0.02074500 -0.01588100
v 0.06400000 -0.01990100 -0.01553100
v 0.06400000 -0.01917600 -0.01497500
v 0.06400000 -0.01862000 -0.01425000
v 0.06400000 -0.01827000 -0.01159400
v 0.06400000 -0.01827000 -0.01340600
v 0.06400000 -0.01815100 -0.01250000
v 0.06100000 -0.01862000 0.01075000
v 0.06100000 -0.01827000 0.01159400
v 0.06100000 -0.01815100 0.01250000
v 0.06100000 -0.01827000 0.01340600
v 0.06100000 -0.01862000 0.01425000
v 0.06100000 -0.01917600 0.01497500
v 0.06100000 -0.01990100 0.01553100
v 0.06100000 -0.02074500 0.01588100
v 0.06100000 -0.02165100 0.01600000
v 0.06100000 -0.02255700 0.01588100
v 0.06100000 -0.02340100 0.01553100
v 0.06100000 -0.02412600 0.01497500
v 0.06100000 -0.02412600 -0.01497500
v 0.06100000 -0.02340100 -0.01553100
v 0.06100000 -0.02255700 -0.01588100
v 0.06100000 -0.02165100 -0.01600000
v 0.06100000 -0.02074500 -0.01588100
v 0.06100000 -0.01990100 -0.01553100
v 0.06100000 -0.01917600 -0.01497500
v 0.06100000 -0.01862000 -0.01425000
v 0.06100000 -0.01827000 -0.01340600
v 0.06100000 -0.01815100 -0.01250000
v 0.06100000 -0.01827000 -0.01159400
v 0.06100000 -0.01862000 -0.01075000
v 0.06100000 -0.01732400 -0.01273300
v 0.06100000 -0.01581800 -0.01456200
v 0.06100000 -0.01412000 -0.01621300
v 0.06100000 -0.01225100 -0.01766800
v 0.06100000 -0.01023300 -0.01890900
v 0.06100000 -0.02400000 -0.02850000
v 0.06100000 -0.00809100 -0.01992000
v 0.06100000 -0.00585000 -0.02068900
v 0.06100000 -0.00353900 -0.02120700
v 0.06100000 -0.00118400 -0.02146700
v 0.06100000 0.02400000 -0.02850000
v 0.06100000 0.00118400 -0.02146700
v 0.06100000 0.00353900 -0.02120700
v 0.06100000 0.00585000 -0.02068900
v 0.06100000 0.00809100 -0.01992000
v 0.06100000 0.01023300 -0.01890900
v 0.06100000 0.02165100 -0.01600000
v 0.06100000 0.01225100 -0.01766800
v 0.06100000 0.02074500 -0.01588100
v 0.06100000 0.01412000 -0.01621300
v 0.06100000 0.01990100 -0.01553100
v 0.06100000 0.01917600 -0.01497500
v 0.06100000 0.02255700 -0.01588100
v 0.06100000 0.02340100 -0.01553100
v 0.06100000 0.02412600 -0.01497500
v 0.06100000 0.01581800 -0.01456200
v 0.06100000 0.01862000 -0.01425000
v 0.06100000 0.01827000 -0.01340600
v 0.06100000 0.01732400 -0.01273300
v 0.06100000 0.01815100 -0.01250000
v 0.06100000 0.01827000 -0.01159400
v 0.06100000 0.01862000 -0.01075000
v 0.06400000 0.01956700 -0.00891000
v 0.06400000 0.01862000 -0.01075000
v 0.06400000 0.02412600 -0.01497500
v 0.06400000 0.02340100 -0.01553100
v 0.06400000 0.02255700 -0.01588100
v 0.06400000 0.02165100 -0.01600000
v 0.06400000 0.02074500 -0.01588100
v 0.06400000 0.01990100 -0.01553100
v 0.06400000 0.01917600 -0.01497500
v 0.06400000 0.01862000 -0.01425000
v 0.06400000 0.01827000 -0.01340600
v 0.06400000 0.01827000 -0.01159400
v 0.06400000 0.01815100 -0.01250000
v 0.06400000 0.02033300 -0.00698700
v 0.06400000 0.02091100 0.00500000
v 0.06400000 0.02033300 0.00698700
v 0.06400000 0.01956700 0.00891000
v 0.06400000 0.01862000 0.01075000
v 0.06400000 0.02412600 0.01497500
v 0.06400000 0.02340100 0.01553100
v 0.06400000 0.02255700 0.01588100
v 0.06400000 0.02165100 0.01600000
v 0.06400000 0.02074500 0.01588100
v 0.06400000 0.01990100 0.01553100
v 0.06400000 0.01917600 0.01497500
v 0.06400000 0.01862000 0.01425000
v 0.06400000 0.01827000 0.01159400
v 0.06400000 0.01827000 0.01340600
v 0.06400000 0.01815100 0.01250000
v 0.06100000 0.02412600 0.01497500
v 0.06100000 0.02340100 0.01553100
v 0.06100000 0.02255700 0.01588100
v 0.06100000 0.02165100 0.01600000
v 0.06100000 0.02074500 0.01588100
v 0.06100000 0.01990100 0.01553100
v 0.06100000 0.01917600 0.01497500
v 0.06100000 0.01862000 0.01425000
v 0.06100000 0.01827000 0.01340600
v 0.06100000 0.01815100 0.01250000
v 0.06100000 0.01827000 0.01159400
v 0.06100000 0.01862000 0.01075000
v 0.05700000 -0.00338200 0.02850000
v 0.05700000 -0.00612400 0.02803900
v 0.05700000 -0.00880900 0.02731500
v 0.05700000 -0.01141100 0.02633400
v 0.05700000 -0.01390500 0.02510600
v 0.05700000 -0.01626900 0.02364300
v 0.05700000 -0.01848100 0.02195800
v 0.05700000 -0.02051900 0.02006600
v 0.05700000 -0.02236400 0.01798700
v 0.05700000 -0.02400000 0.01573800
v 0.05700000 -0.02400000 -0.01573800
v 0.05700000 -0.02236400 -0.01798700
v 0.05700000 -0.02051900 -0.02006600
v 0.05700000 -0.01848100 -0.02195800
v 0.05700000 -0.01626900 -0.02364300
v 0.05700000 -0.01390500 -0.02510600
v 0.05700000 -0.01141100 -0.02633400
v 0.05700000 -0.00880900 -0.02731500
v 0.05700000 -0.00612400 -0.02803900
v 0.05700000 -0.00338200 -0.02850000
v 0.05700000 0.00338200 -0.02850000
v 0.05700000 0.00612400 -0.02803900
v 0.05700000 0.00880900 -0.02731500
v 0.05700000 0.01141100 -0.02633400
v 0.05700000 0.01390500 -0.02510600
v 0.05700000 0.01626900 -0.02364300
v 0.05700000 0.01848100 -0.02195800
v 0.05700000 0.02051900 -0.02006600
v 0.05700000 0.02236400 -0.01798700
v 0.05700000 0.02400000 -0.01573800
v 0.05700000 0.02400000 0.01573800
v 0.05700000 0.02236400 0.01798700
v 0.05700000 0.02051900 0.02006600
v 0.05700000 0.01848100 0.02195800
v 0.05700000 0.01626900 0.02364300
v 0.05700000 0.01390500 0.02510600
v 0.05700000 0.01141100 0.02633400
v 0.05700000 0.00880900 0.02731500
v 0.05700000 0.00612400 0.02803900
v 0.05700000 0.00338200 0.02850000
v 0.06100000 -0.02400000 0.02850000
v 0.06100000 -0.01023300 0.01890900
v 0.06100000 -0.01225100 0.01766800
v 0.06100000 -0.01412000 0.01621300
v 0.06100000 -0.01581800 0.01456200
v 0.06100000 -0.01732400 0.01273300
v 0.06100000 -0.00809100 0.01992000
v 0.06100000 -0.00585000 0.02068900
v 0.06100000 -0.00353900 0.02120700
v 0.06100000 -0.00118400 0.02146700
v 0.06100000 0.00118400 0.02146700
v 0.06100000 0.02400000 0.02850000
v 0.06100000 0.00353900 0.02120700
v 0.06100000 0.00585000 0.02068900
v 0.06100000 0.00809100 0.01992000
v 0.06100000 0.01023300 0.01890900
v 0.06100000 0.01225100 0.01766800
v 0.06100000 0.01412000 0.01621300
v 0.06100000 0.01581800 0.01456200
v 0.06100000 0.01732400 0.01273300
v 0.05100000 0.02400000 0.01573800
v 0.05100000 0.02236400 0.01798700
v 0.05100000 0.02051900 0.02006600
v 0.05100000 0.01848100 0.02195800
v 0.05100000 0.01626900 0.02364300
v 0.05100000 0.01390500 0.02510600
v 0.05100000 0.01141100 0.02633400
v 0.05100000 0.00880900 0.02731500
v 0.05100000 0.00612400 0.02803900
v 0.05100000 0.00338200 0.02850000
v 0.05100000 0.02400000 0.02850000
v 0.05100000 -0.02400000 0.02850000
v 0.05100000 -0.00338200 0.02850000
v 0.05100000 0.02400000 -0.01573800
v 0.05100000 0.02236400 -0.01798700
v 0.05100000 0.02051900 -0.02006600
v 0.05100000 0.01848100 -0.02195800
v 0.05100000 0.01626900 -0.02364300
v 0.05100000 0.01390500 -0.02510600
v 0.05100000 0.01141100 -0.02633400
v 0.05100000 0.00880900 -0.02731500
v 0.05100000 0.00612400 -0.02803900
v 0.05100000 0.00338200 -0.02850000
v 0.05100000 0.02400000 -0.02850000
v 0.05100000 -0.02400000 -0.02850000
v 0.05100000 -0.00338200 -0.02850000
v 0.05100000 -0.00612400 0.02803900
v 0.05100000 -0.00880900 0.02731500
v 0.05100000 -0.01141100 0.02633400
v 0.05100000 -0.01390500 0.02510600
v 0.05100000 -0.01626900 0.02364300
v 0.05100000 -0.01848100 0.02195800
v 0.05100000 -0.02051900 0.02006600
v 0.05100000 -0.02236400 0.01798700
v 0.05100000 -0.02400000 0.01573800
v 0.05100000 -0.00612400 -0.02803900
v 0.05100000 -0.00880900 -0.02731500
v 0.05100000 -0.01141100 -0.02633400
v 0.05100000 -0.01390500 -0.02510600
v 0.05100000 -0.01626900 -0.02364300
v 0.05100000 -0.01848100 -0.02195800
v 0.05100000 -0.02051900 -0.02006600
v 0.05100000 -0.02236400 -0.01798700
v 0.05100000 -0.02400000 -0.01573800
v 0.05700000 0.01831600 0.01125900
v 0.05700000 0.01944400 0.00917600
v 0.05700000 0.02033500 0.00698100
v 0.05700000 0.02098000 0.00470200
v 0.05700000 0.02137000 0.00236500
v 0.05700000 0.02150000 -0.00000000
v 0.05700000 0.02137000 -0.00236500
v 0.05700000 0.02098000 -0.00470200
v 0.05700000 0.01696700 0.01320600
v 0.05700000 0.01541100 0.01499200
v 0.05700000 0.01366800 0.01659600
v 0.05700000 0.01175900 0.01799900
v 0.05700000 0.00970800 0.01918300
v 0.05700000 0.00753900 0.02013500
v 0.05700000 0.00527800 0.02084200
v 0.05700000 0.00295300 0.02129600
v 0.05700000 0.00059200 0.02149200
v 0.05700000 -0.00177500 0.02142700
v 0.05700000 -0.00412200 0.02110100
v 0.05700000 -0.00641800 0.02052000
v 0.05700000 -0.00863600 0.01968900
v 0.05700000 -0.01075000 0.01862000
v 0.05700000 -0.01273300 0.01732400
v 0.05700000 -0.01456200 0.01581800
v 0.05700000 -0.01621300 0.01412000
v 0.05700000 -0.01766800 0.01225100
v 0.05700000 -0.01890900 0.01023300
v 0.05700000 -0.01992000 0.00809100
v 0.05700000 -0.02068900 0.00585000
v 0.05700000 -0.02120700 0.00353900
v 0.05700000 -0.02146700 0.00118400
v 0.05700000 -0.02146700 -0.00118400
v 0.05700000 -0.02120700 -0.00353900
v 0.05700000 -0.02068900 -0.00585000
v 0.05700000 -0.01992000 -0.00809100
v 0.05700000 -0.01890900 -0.01023300
v 0.05700000 -0.01766800 -0.01225100
v 0.05700000 -0.01621300 -0.01412000
v 0.05700000 -0.01456200 -0.01581800
v 0.05700000 -0.01273300 -0.01732400
v 0.05700000 -0.01075000 -0.01862000
v 0.05700000 -0.00863600 -0.01968900
v 0.05700000 -0.00641800 -0.02052000
v 0.05700000 -0.00412200 -0.02110100
v 0.05700000 -0.00177500 -0.02142700
v 0.05700000 0.00059200 -0.02149200
v 0.05700000 0.00295300 -0.02129600
v 0.05700000 0.00527800 -0.02084200
v 0.05700000 0.00753900 -0.02013500
v 0.05700000 0.00970800 -0.01918300
v 0.05700000 0.01175900 -0.01799900
v 0.05700000 0.01366800 -0.01659600
v 0.05700000 0.01541100 -0.01499200
v 0.05700000 0.01696700 -0.01320600
v 0.05700000 0.01831600 -0.01125900
v 0.05700000 0.01944400 -0.00917600
v 0.05700000 0.02033500 -0.00698100
v 0.05700000 -0.00124700 0.00586900
v 0.07100000 -0.00124700 0.00586900
v 0.05700000 0.00000000 0.00600000
v 0.07100000 0.00000000 0.00600000
v 0.05700000 0.00124700 0.00586900
v 0.07100000 0.00124700 0.00586900
v 0.05700000 0.00244000 0.00548100
v 0.07100000 0.00244000 0.00548100
v 0.05700000 0.00352700 0.00485400
v 0.07100000 0.00352700 0.00485400
v 0.05700000 0.00445900 0.00401500
v 0.07100000 0.00445900 0.00401500
v 0.05700000 0.00519600 0.00300000
v 0.07100000 0.00519600 0.00300000
v 0.05700000 0.00570600 0.00185400
v 0.07100000 0.00570600 0.00185400
v 0.05700000 0.00596700 0.00062700
v 0.07100000 0.00596700 0.00062700
v 0.05700000 0.00596700 -0.00062700
v 0.07100000 0.00596700 -0.00062700
v 0.05700000 0.00570600 -0.00185400
v 0.07100000 0.00570600 -0.00185400
v 0.05700000 0.00519600 -0.00300000
v 0.07100000 0.00519600 -0.00300000
v 0.05700000 0.00445900 -0.00401500
v 0.07100000 0.00445900 -0.00401500
v 0.05700000 0.00352700 -0.00485400
v 0.07100000 0.00352700 -0.00485400
v 0.05700000 0.00244000 -0.00548100
v 0.07100000 0.00244000 -0.00548100
v 0.05700000 0.00124700 -0.00586900
v 0.07100000 0.00124700 -0.00586900
v 0.05700000 0.00000000 -0.00600000
v 0.07100000 0.00000000 -0.00600000
v 0.05700000 -0.00124700 -0.00586900
v 0.07100000 -0.00124700 -0.00586900
v 0.05700000 -0.00244000 -0.00548100
v 0.07100000 -0.00244000 -0.00548100
v 0.05700000 -0.00352700 -0.00485400
v 0.07100000 -0.00352700 -0.00485400
v 0.05700000 -0.00445900 -0.00401500
v 0.07100000 -0.00445900 -0.00401500
v 0.05700000 -0.00519600 -0.00300000
v 0.07100000 -0.00519600 -0.00300000
v 0.05700000 -0.00570600 -0.00185400
v 0.07100000 -0.00570600 -0.00185400
v 0.05700000 -0.00596700 -0.00062700
v 0.07100000 -0.00596700 -0.00062700
v 0.05700000 -0.00596700 0.00062700
v 0.07100000 -0.00596700 0.00062700
v 0.05700000 -0.00570600 0.00185400
v 0.07100000 -0.00570600 0.00185400
v 0.05700000 -0.00519600 0.00300000
v 0.07100000 -0.00519600 0.00300000
v 0.05700000 -0.00445900 0.00401500
v 0.07100000 -0.00445900 0.00401500
v 0.05700000 -0.00352700 0.00485400
v 0.07100000 -0.00352700 0.00485400
v 0.05700000 -0.00244000 0.00548100
v 0.07100000 -0.00244000 0.00548100
vn 0.01449812 0.00000000 0.99989490
vn 0.71749197 0.06332815 0.69368208
vn 0.68386362 -0.05986589 0.72714966
vn 0.71748224 0.12609359 0.68506908
vn 0.69637612 -0.15309692 -0.70115735
vn 0.71749921 0.18783136 0.67075649
vn 0.69633880 -0.22028401 -0.68307190
vn 0.71749747 0.24806099 0.65089409
vn 0.69635630 -0.28544605 -0.65848953
vn 0.71745941 0.30614335 0.62572218
vn 0.69639493 -0.34774580 -0.62777939
vn 0.71751769 0.36170435 0.59526325
vn 0.69637715 -0.40675655 -0.59127656
vn 0.71749507 0.41439909 0.55988768
vn 0.69632491 -0.46216538 -0.54912183
vn 0.71748708 0.46357794 0.51991132
vn 0.69638909 -0.51312444 -0.50174251
vn 0.71747549 0.50888272 0.47567562
vn 0.69636311 -0.55924133 -0.44980835
vn 0.71752188 0.55000130 0.42738849
vn 0.57621292 0.78935228 -0.21190008
vn 0.10054163 0.90066036 0.42273195
vn 0.10054592 -0.90075283 0.42253386
vn 0.71752188 -0.55000130 0.42738849
vn 0.57621292 -0.78935228 -0.21190008
vn 0.69636311 0.55924133 -0.44980835
vn 0.71747549 -0.50888272 0.47567562
vn 0.69638909 0.51312444 -0.50174251
vn 0.71748708 -0.46357794 0.51991132
vn 0.69632491 0.46216538 -0.54912183
vn 0.71749507 -0.41439909 0.55988768
vn 0.69637715 0.40675655 -0.59127656
vn 0.71751769 -0.36170435 0.59526325
vn 0.69639493 0.34774580 -0.62777939
vn 0.71745941 -0.30614335 0.62572218
vn 0.69635630 0.28544605 -0.65848953
vn 0.71749747 -0.24806099 0.65089409
vn 0.69633880 0.22028401 -0.68307190
vn 0.71749921 -0.18783136 0.67075649
vn 0.69637612 0.15309692 -0.70115735
vn 0.71748224 -0.12609359 0.68506908
vn 0.68386362 0.05986589 0.72714966
vn 0.71749197 -0.06332815 0.69368208
vn 0.01449812 -0.00000000 -0.99989490
vn 0.71749197 -0.06332815 -0.69368208
vn 0.68386362 0.05986589 -0.72714966
vn 0.71748224 -0.12609359 -0.68506908
vn 0.69637612 0.15309692 0.70115735
vn 0.71749921 -0.18783136 -0.67075649
vn 0.69633880 0.22028401 0.68307190
vn 0.71749747 -0.24806099 -0.65089409
vn 0.69635630 0.28544605 0.65848953
vn 0.71745941 -0.30614335 -0.62572218
vn 0.69639493 0.34774580 0.62777939
vn 0.71751769 -0.36170435 -0.59526325
vn 0.69637715 0.40675655 0.59127656
vn 0.71749507 -0.41439909 -0.55988768
vn 0.69632491 0.46216538 0.54912183
vn 0.71748708 -0.46357794 -0.51991132
vn 0.69638909 0.51312444 0.50174251
vn 0.71747549 -0.50888272 -0.47567562
vn 0.69636311 0.55924133 0.44980835
vn 0.71752188 -0.55000130 -0.42738849
vn 0.57621292 -0.78935228 0.21190008
vn 0.10052883 -0.90109469 -0.42180839
vn -0.69669857 0.06910350 -0.71402787
vn -0.69661351 -0.00000000 -0.71744660
vn -0.69737112 0.03466242 0.71587152
vn -0.69669857 -0.06910350 -0.71402787
vn -0.69688418 -0.13770596 -0.70383912
vn -0.69705424 -0.20494741 -0.68710402
vn -0.69715327 -0.27029585 -0.66401617
vn -0.69727251 -0.33311419 -0.63470149
vn -0.69738996 -0.39270011 -0.59952804
vn -0.69737758 -0.44866883 -0.55889246
vn -0.69733165 -0.50066008 -0.51290160
vn -0.69740315 -0.54781651 -0.46208865
vn -0.69734053 -0.58987628 -0.40713899
vn -0.69695214 -0.62699929 -0.34803677
vn -0.69651302 -0.65784360 -0.28655088
vn -0.69661052 -0.68233119 -0.22171587
vn -0.69652695 -0.70062975 -0.15481653
vn -0.69662047 -0.71221221 -0.08645047
vn -0.69650760 -0.71733998 -0.01733528
vn -0.69653208 -0.71563437 0.05206255
vn -0.69648185 -0.70733089 0.12081411
vn -0.69644894 -0.69241236 0.18847811
vn -0.69649513 -0.67093758 0.25443527
vn -0.69656029 -0.64321533 0.31792734
vn -0.69671194 -0.60947568 0.37832772
vn -0.69685661 -0.56981532 0.43554720
vn -0.69658400 -0.52534982 0.48864946
vn -0.69660339 -0.47585861 0.53693789
vn -0.69681843 -0.42162792 0.58023613
vn -0.69701559 -0.36359037 0.61803828
vn -0.69707463 -0.30220292 0.65020024
vn -0.69727583 -0.23795330 0.67615431
vn -0.69728638 -0.17163699 0.69593997
vn -0.69737112 -0.03466242 0.71587152
vn -0.69736081 -0.10361273 0.70919131
vn -0.69736081 0.10361273 0.70919131
vn -0.69688418 0.13770596 -0.70383912
vn -0.69728638 0.17163699 0.69593997
vn -0.69705424 0.20494741 -0.68710402
vn -0.69727583 0.23795330 0.67615431
vn -0.69715327 0.27029585 -0.66401617
vn -0.69707463 0.30220292 0.65020024
vn -0.69727251 0.33311419 -0.63470149
vn -0.69701559 0.36359037 0.61803828
vn -0.69738996 0.39270011 -0.59952804
vn -0.69681843 0.42162792 0.58023613
vn -0.69737758 0.44866883 -0.55889246
vn -0.69660339 0.47585861 0.53693789
vn -0.69733165 0.50066008 -0.51290160
vn -0.69658400 0.52534982 0.48864946
vn -0.69740315 0.54781651 -0.46208865
vn -0.69685661 0.56981532 0.43554720
vn -0.69734053 0.58987628 -0.40713899
vn -0.69671199 0.60947565 0.37832769
vn -0.69695322 0.62699845 -0.34803614
vn -0.69656029 0.64321533 0.31792734
vn -0.69651302 0.65784360 -0.28655088
vn -0.69649513 0.67093758 0.25443527
vn -0.69661052 0.68233119 -0.22171587
vn -0.69644894 0.69241236 0.18847811
vn -0.69652686 0.70062984 -0.15481655
vn -0.69648185 0.70733089 0.12081411
vn -0.69662047 0.71221221 -0.08645047
vn -0.69653208 0.71563437 0.05206255
vn -0.69650760 0.71733998 -0.01733528
vn -0.01449812 0.00000000 -0.99989490
vn -0.71739131 0.06317834 -0.69379983
vn -0.57735027 0.57735027 -0.57735027
vn -0.71719452 0.12600829 -0.68538598
vn -0.71705978 0.18784154 -0.67122338
vn -0.71692826 0.24816847 -0.65148007
vn -0.71678558 0.30637820 -0.62637914
vn -0.71678043 0.36205824 -0.59593595
vn -0.71670148 0.41484213 -0.56057559
vn -0.71664131 0.46413528 -0.52058014
vn -0.71662795 0.50953763 -0.47625181
vn -0.71670893 0.55068049 -0.42787768
vn -0.09997269 0.90599481 -0.41131359
vn -0.09994259 -0.90606855 -0.41115844
vn -0.71670893 -0.55068049 -0.42787768
vn -0.57735027 -0.57735027 -0.57735027
vn -0.71662795 -0.50953763 -0.47625181
vn -0.71664131 -0.46413528 -0.52058014
vn -0.71670148 -0.41484213 -0.56057559
vn -0.71678043 -0.36205824 -0.59593595
vn -0.71678558 -0.30637820 -0.62637914
vn -0.71692826 -0.24816847 -0.65148007
vn -0.71705978 -0.18784154 -0.67122338
vn -0.71719452 -0.12600829 -0.68538598
vn -0.71739131 -0.06317834 -0.69379983
vn -0.01328518 -0.00000000 0.99991175
vn -0.71665672 -0.06343255 0.69453542
vn -0.57735027 -0.57735027 0.57735027
vn -0.71668854 -0.12628955 0.68586332
vn -0.71678129 -0.18811064 0.67144543
vn -0.71686842 -0.24836205 0.65147215
vn -0.71694501 -0.30649321 0.62614037
vn -0.71715711 -0.36200288 0.59551625
vn -0.71728950 -0.41463565 0.55997594
vn -0.71746736 -0.46371164 0.51981930
vn -0.71746600 -0.50879156 0.47578743
vn -0.71734660 -0.55006530 0.42760031
vn -0.10041352 -0.90073071 0.42261248
vn 0.10052883 0.90109469 -0.42180839
vn 0.71752188 0.55000130 -0.42738849
vn 0.57621292 0.78935228 0.21190008
vn 0.69636311 -0.55924133 0.44980835
vn 0.71747549 0.50888272 -0.47567562
vn 0.69638909 -0.51312444 0.50174251
vn 0.71748708 0.46357794 -0.51991132
vn 0.69632491 -0.46216538 0.54912183
vn 0.71749507 0.41439909 -0.55988768
vn 0.69637715 -0.40675655 0.59127656
vn 0.71751769 0.36170435 -0.59526325
vn 0.69639493 -0.34774580 0.62777939
vn 0.71745941 0.30614335 -0.62572218
vn 0.69635630 -0.28544605 0.65848953
vn 0.71749747 0.24806099 -0.65089409
vn 0.69633880 -0.22028401 0.68307190
vn 0.71749921 0.18783136 -0.67075649
vn 0.69637612 -0.15309692 0.70115735
vn 0.71748224 0.12609359 -0.68506908
vn 0.68386362 -0.05986589 -0.72714966
vn 0.71749197 0.06332815 -0.69368208
vn -0.10041352 0.90073071 0.42261248
vn -0.71734660 0.55006530 0.42760031
vn -0.57735027 0.57735027 0.57735027
vn -0.71746600 0.50879156 0.47578743
vn -0.71746736 0.46371164 0.51981930
vn -0.71728950 0.41463565 0.55997594
vn -0.71715711 0.36200288 0.59551625
vn -0.71694501 0.30649321 0.62614037
vn -0.71686842 0.24836205 0.65147215
vn -0.71678129 0.18811064 0.67144543
vn -0.71668854 0.12628955 0.68586332
vn -0.71665672 0.06343255 0.69453542
vn 0.54335464 0.25965370 -0.79833933
vn 0.71817581 -0.54223247 -0.43612780
vn 0.71814824 -0.49755600 -0.48651941
vn 0.71821636 -0.44805891 -0.53236122
vn 0.71816091 -0.39440159 -0.57331693
vn 0.71814204 -0.33720079 -0.60874268
vn 0.71818303 -0.27675893 -0.63844939
vn 0.71820161 -0.21356907 -0.66224973
vn 0.71816199 -0.14844626 -0.67985812
vn 0.53747119 -0.84035922 0.07015062
vn 0.57735027 -0.57735027 0.57735027
vn 0.53747119 0.84035922 0.07015062
vn 0.57735027 0.57735027 0.57735027
vn 0.54335464 0.25965370 0.79833933
vn 0.71817581 -0.54223247 0.43612780
vn 0.71814824 -0.49755600 0.48651941
vn 0.71821636 -0.44805891 0.53236122
vn 0.71816091 -0.39440159 0.57331693
vn 0.71814204 -0.33720079 0.60874268
vn 0.71818303 -0.27675893 0.63844939
vn 0.71820161 -0.21356907 0.66224973
vn 0.71816199 -0.14844626 0.67985812
vn 0.53747119 -0.84035922 -0.07015062
vn 0.57735027 0.57735027 -0.57735027
vn 0.53747119 0.84035922 -0.07015062
vn 0.57735027 -0.57735027 -0.57735027
vn 0.54335464 -0.25965370 -0.79833933
vn 0.71817581 0.54223247 -0.43612780
vn 0.71814824 0.49755600 -0.48651941
vn 0.71821636 0.44805891 -0.53236122
vn 0.71816091 0.39440159 -0.57331693
vn 0.71814204 0.33720079 -0.60874268
vn 0.71818303 0.27675893 -0.63844939
vn 0.71820161 0.21356907 -0.66224973
vn 0.71816199 0.14844626 -0.67985812
vn 0.71816199 0.14844626 0.67985812
vn 0.71820161 0.21356907 0.66224973
vn 0.71818303 0.27675893 0.63844939
vn 0.71814204 0.33720079 0.60874268
vn 0.71816091 0.39440159 0.57331693
vn 0.71821636 0.44805891 0.53236122
vn 0.71814824 0.49755600 0.48651941
vn 0.71817581 0.54223247 0.43612780
vn 0.54335464 -0.25965370 0.79833933
vn 0.70539050 -0.60266850 0.37311516
vn -0.10052883 -0.90109469 0.42180839
vn 0.77516925 -0.60697595 0.17519369
vn -0.10054163 0.90066036 0.42273195
vn -0.71752188 0.55000130 0.42738849
vn -0.71747549 0.50888272 0.47567562
vn -0.71748708 0.46357794 0.51991132
vn -0.71749507 0.41439909 0.55988768
vn -0.71751769 0.36170435 0.59526325
vn -0.71745941 0.30614335 0.62572218
vn -0.71749747 0.24806099 0.65089409
vn -0.71749921 0.18783136 0.67075649
vn -0.71748224 0.12609359 0.68506908
vn -0.71749197 0.06332815 0.69368208
vn -0.01449812 -0.00000000 0.99989490
vn -0.71749197 -0.06332815 0.69368208
vn -0.71748224 -0.12609359 0.68506908
vn -0.71749921 -0.18783136 0.67075649
vn -0.71749747 -0.24806099 0.65089409
vn -0.71745941 -0.30614335 0.62572218
vn -0.71751769 -0.36170435 0.59526325
vn -0.71749507 -0.41439909 0.55988768
vn -0.71748708 -0.46357794 0.51991132
vn -0.71747549 -0.50888272 0.47567562
vn -0.71752188 -0.55000130 0.42738849
vn 0.77517131 0.60697281 0.17519549
vn 0.70539277 0.60266811 0.37311150
vn 0.70545704 0.60811849 0.36403609
vn 0.01956340 0.85921761 0.51123611
vn 0.69756456 0.64927140 0.30306820
vn 0.69753386 0.67309577 0.24574092
vn 0.69744002 0.69196050 0.18646201
vn -0.26482784 0.85107326 0.45336577
vn 0.24781522 0.28118347 0.92710489
vn 0.68803013 0.61209559 0.38981217
vn -0.71707080 0.69428990 0.06140852
vn -0.71708016 0.69699070 0.00002255
vn -0.71700471 0.69436131 -0.06137286
vn -0.26457027 0.85127480 -0.45313772
vn 0.69753909 0.69188399 -0.18637533
vn 0.69762300 0.67299806 -0.24575550
vn 0.69761098 0.64923496 -0.30303942
vn 0.68807605 0.61202737 -0.38983824
vn 0.01942058 0.85012594 -0.52622118
vn 0.24781522 0.28118347 -0.92710489
vn 0.70543075 0.60812714 -0.36407258
vn 0.70536682 0.60270431 -0.37310208
vn -0.10052883 0.90109469 -0.42180839
vn -0.71752188 0.55000130 -0.42738849
vn 0.77516925 0.60697595 -0.17519369
vn -0.71747549 0.50888272 -0.47567562
vn -0.71748708 0.46357794 -0.51991132
vn -0.71749507 0.41439909 -0.55988768
vn -0.71751769 0.36170435 -0.59526325
vn -0.71745941 0.30614335 -0.62572218
vn -0.71749747 0.24806099 -0.65089409
vn -0.71749921 0.18783136 -0.67075649
vn -0.71748224 0.12609359 -0.68506908
vn -0.71749197 0.06332815 -0.69368208
vn -0.01449812 0.00000000 -0.99989490
vn -0.71749197 -0.06332815 -0.69368208
vn -0.71748224 -0.12609359 -0.68506908
vn -0.71749921 -0.18783136 -0.67075649
vn -0.71749747 -0.24806099 -0.65089409
vn -0.71745941 -0.30614335 -0.62572218
vn -0.71751769 -0.36170435 -0.59526325
vn -0.71749507 -0.41439909 -0.55988768
vn -0.71748708 -0.46357794 -0.51991132
vn -0.71747549 -0.50888272 -0.47567562
vn -0.71752188 -0.55000130 -0.42738849
vn -0.10052883 -0.90109469 -0.42180839
vn 0.70536682 -0.60270431 -0.37310208
vn 0.70538579 -0.60819487 -0.36404653
vn 0.01935790 -0.85010573 -0.52625613
vn 0.77516925 -0.60697595 -0.17519369
vn 0.68807605 -0.61202737 -0.38983824
vn 0.69761098 -0.64923496 -0.30303942
vn 0.69762300 -0.67299806 -0.24575550
vn 0.69758026 -0.69182438 -0.18644252
vn 0.24794465 -0.28121039 -0.92706212
vn -0.26565841 -0.85685090 -0.44185081
vn -0.71700471 -0.69436131 -0.06137286
vn -0.71708016 -0.69699070 0.00002255
vn -0.71707080 -0.69428990 0.06140852
vn -0.26482784 -0.85107326 0.45336577
vn 0.69744002 -0.69196050 0.18646201
vn 0.69753386 -0.67309577 0.24574092
vn 0.24781522 -0.28118347 0.92710489
vn 0.69756456 -0.64927140 0.30306820
vn 0.01956340 -0.85921761 0.51123611
vn 0.70545704 -0.60811849 0.36403609
vn 0.68803013 -0.61209559 0.38981217
vn 0.30151134 0.30151134 0.90453403
vn -0.30151134 0.90453403 0.30151134
vn 0.30151134 0.90453403 -0.30151134
vn -0.29710858 0.63026247 0.71728356
vn 0.29710858 0.71728356 0.63026247
vn -0.71728356 0.63026247 0.29710858
vn -0.30151134 0.90453403 -0.30151134
vn -0.71728356 0.63026247 -0.29710858
vn -0.29710858 0.63026247 -0.71728356
vn 0.30151134 0.90453403 0.30151134
vn 0.29710858 0.71728356 -0.63026247
vn 0.29710858 0.71728356 0.63026247
vn 0.30151134 0.30151134 -0.90453403
vn 0.29710858 0.71728356 -0.63026247
vn 0.57735027 -0.57735027 -0.57735027
vn 0.57735027 -0.57735027 0.57735027
vn 0.30151134 -0.30151134 -0.90453403
vn 0.90453403 -0.30151134 0.30151134
vn 0.30151134 -0.30151134 0.90453403
vn 0.90453403 -0.30151134 -0.30151134
vn 0.57735027 -0.57735027 0.57735027
vn 0.57735027 -0.57735027 -0.57735027
vn -0.85873359 -0.36885437 -0.35570083
vn -0.85873359 -0.36885437 0.35570083
vn 0.63026247 -0.71728356 -0.29710858
vn 0.63026247 -0.71728356 0.29710858
vn -0.16749738 -0.89912095 -0.40438366
vn -0.16749738 -0.89912095 0.40438366
vn -0.40438366 -0.89912095 -0.16749738
vn -0.40438366 -0.89912095 0.16749738
vn 0.63026247 -0.29710858 0.71728356
vn -0.35570083 -0.36885437 0.85873359
vn -0.35570083 -0.36885437 -0.85873359
vn 0.63026247 -0.29710858 -0.71728356
vn 0.71728356 0.29710858 -0.63026247
vn 0.71728356 0.29710858 0.63026247
vn 0.71728356 0.29710858 -0.63026247
vn 0.80418645 0.22745828 -0.54913285
vn 0.80418645 0.54913285 -0.22745828
vn 0.80418645 0.54913285 0.22745828
vn 0.80418645 0.54913285 -0.22745828
vn 0.80418645 0.54913285 0.22745828
vn 0.80418645 0.22745828 0.54913285
vn 0.71728356 0.29710858 0.63026247
vn 0.63026247 0.71728356 -0.29710858
vn 0.63026247 0.71728356 0.29710858
vn 0.56617672 0.64608096 0.51188213
vn 0.30151134 0.90453403 0.30151134
vn 0.57735027 0.57735027 0.57735027
vn 0.37296456 0.92248799 0.09956572
vn 0.57735027 0.57735027 -0.57735027
vn 0.57735027 0.57735027 0.57735027
vn -0.30151134 0.30151134 0.90453403
vn -0.90453403 -0.30151134 0.30151134
vn -0.30151134 0.90453403 -0.30151134
vn -0.57735027 0.57735027 -0.57735027
vn -0.90453403 -0.30151134 -0.30151134
vn -0.57735027 0.57735027 0.57735027
vn -0.30151134 0.90453403 0.30151134
vn -0.30151134 0.30151134 -0.90453403
vn 0.65070589 0.39136134 0.65070589
vn 0.70596399 0.57324223 -0.41594253
vn 0.80418645 0.54913285 -0.22745828
vn 0.30151134 0.30151134 0.90453403
vn 0.65070589 0.39136134 -0.65070589
vn 0.70596399 0.57324223 0.41594253
vn 0.80418645 0.54913285 0.22745828
vn 0.30151134 0.30151134 -0.90453403
vn 0.57735027 0.57735027 -0.57735027
vn 0.30151134 0.90453403 -0.30151134
vn 0.30019384 0.90541003 -0.30019384
vn 0.30019384 0.90541003 0.30019384
vn 0.30019384 0.90541003 0.30019384
vn 0.30019384 0.90541003 -0.30019384
vn 0.30222982 0.88963272 0.34236056
vn -0.30222982 0.88963272 0.34236056
vn 0.30151134 0.90453403 0.30151134
vn 0.30151134 0.90453403 -0.30151134
vn -0.30222982 0.88963272 -0.34236056
vn 0.30222982 0.88963272 -0.34236056
vn -0.71045696 0.67987158 -0.18172934
vn 0.71045696 0.67987158 -0.18172934
vn 0.64267815 0.67989493 -0.35313976
vn -0.64267815 0.67989493 -0.35313976
vn 0.53563827 0.68062108 -0.49984656
vn -0.53563827 0.68062108 -0.49984656
vn -0.52414689 0.81574126 -0.24461446
vn 0.52414689 0.81574126 -0.24461446
vn 0.57735027 0.57735027 -0.57735027
vn -0.57735027 0.57735027 -0.57735027
vn -0.71045696 0.67987158 0.18172934
vn 0.71045696 0.67987158 0.18172934
vn 0.64267815 0.67989493 0.35313976
vn -0.64267815 0.67989493 0.35313976
vn 0.53563827 0.68062108 0.49984656
vn -0.53563827 0.68062108 0.49984656
vn -0.52414689 0.81574126 0.24461446
vn 0.52414689 0.81574126 0.24461446
vn -0.57735027 0.57735027 0.57735027
vn 0.57735027 0.57735027 0.57735027
vn 0.57735027 0.57735027 0.57735027
vn 0.57735027 0.57735027 -0.57735027
vn -0.53713831 0.58417291 -0.60846072
vn -0.96880777 0.00000000 -0.24781346
vn -0.96880777 0.00000000 -0.24781346
vn -0.96880777 0.00000000 -0.24781346
vn -0.87640772 0.00000000 -0.48156984
vn -0.87640772 0.00000000 -0.48156984
vn -0.73111143 0.00000000 -0.68225807
vn -0.73111143 0.00000000 -0.68225807
vn -0.73111143 0.00000000 -0.68225807
vn -0.73111143 0.00000000 -0.68225807
vn -0.87640772 0.00000000 -0.48156984
vn -0.87640772 0.00000000 -0.48156984
vn -0.96880777 0.00000000 -0.24781346
vn -0.96880777 0.00000000 -0.24781346
vn -0.96880777 0.00000000 -0.24781346
vn -0.96880777 0.00000000 -0.24781346
vn -0.87640772 0.00000000 -0.48156984
vn -0.87640772 0.00000000 -0.48156984
vn -0.73111143 0.00000000 -0.68225807
vn -0.73111143 0.00000000 -0.68225807
vn -0.73111143 0.00000000 -0.68225807
vn -0.73111143 0.00000000 -0.68225807
vn -0.87640772 0.00000000 -0.48156984
vn -0.87640772 0.00000000 -0.48156984
vn -0.96880777 0.00000000 -0.24781346
vn -0.96880777 0.00000000 -0.24781346
vn -0.96880777 0.00000000 -0.24781346
vn -0.96880777 0.00000000 -0.24781346
vn -0.87640772 0.00000000 -0.48156984
vn -0.87640772 0.00000000 -0.48156984
vn -0.73111143 0.00000000 -0.68225807
vn -0.73111143 0.00000000 -0.68225807
vn -0.73111143 0.00000000 -0.68225807
vn -0.73111143 0.00000000 -0.68225807
vn -0.87640772 0.00000000 -0.48156984
vn -0.87640772 0.00000000 -0.48156984
vn -0.96880777 0.00000000 -0.24781346
vn -0.96880777 0.00000000 -0.24781346
vn -0.96880777 0.00000000 -0.24781346
vn -0.96880777 0.00000000 -0.24781346
vn -0.87640772 0.00000000 -0.48156984
vn -0.87640772 0.00000000 -0.48156984
vn -0.73111143 0.00000000 -0.68225807
vn -0.73111143 0.00000000 -0.68225807
vn -0.70871547 0.62315827 -0.33075089
vn -0.73111143 0.00000000 -0.68225807
vn -0.73111143 0.00000000 -0.68225807
vn -0.87640772 0.00000000 -0.48156984
vn -0.87640772 0.00000000 -0.48156984
vn -0.96880777 0.00000000 -0.24781346
vn -0.96880777 0.00000000 -0.24781346
vn -0.96880777 0.00000000 -0.24781346
vn -0.96880777 0.00000000 -0.24781346
vn -0.87640772 0.00000000 -0.48156984
vn -0.87640772 0.00000000 -0.48156984
vn -0.73111143 0.00000000 -0.68225807
vn -0.73111143 0.00000000 -0.68225807
vn -0.73111143 0.00000000 -0.68225807
vn -0.73111143 0.00000000 -0.68225807
vn -0.87640772 0.00000000 -0.48156984
vn -0.87640772 0.00000000 -0.48156984
vn -0.96880777 0.00000000 -0.24781346
vn -0.96880777 0.00000000 -0.24781346
vn -0.96880777 0.00000000 -0.24781346
vn -0.96880777 0.00000000 -0.24781346
vn -0.87640772 0.00000000 -0.48156984
vn -0.87640772 0.00000000 -0.48156984
vn -0.73111143 0.00000000 -0.68225807
vn -0.73111143 0.00000000 -0.68225807
vn -0.73111143 0.00000000 -0.68225807
vn -0.73111143 0.00000000 -0.68225807
vn -0.87640772 0.00000000 -0.48156984
vn -0.87640772 0.00000000 -0.48156984
vn -0.96880777 0.00000000 -0.24781346
vn -0.96880777 0.00000000 -0.24781346
vn -0.96880777 0.00000000 -0.24781346
vn -0.96880777 0.00000000 -0.24781346
vn -0.87640772 0.00000000 -0.48156984
vn -0.87640772 0.00000000 -0.48156984
vn -0.73111143 0.00000000 -0.68225807
vn -0.73111143 0.00000000 -0.68225807
vn -0.73111143 0.00000000 -0.68225807
vn -0.49521903 0.73566002 -0.46212816
vn -0.87640772 0.00000000 -0.48156984
vn -0.59282968 0.73650567 -0.32574895
vn -0.96880777 0.00000000 -0.24781346
vn -0.65530322 0.73653292 -0.16762145
vn -0.87640772 0.00000000 -0.48156984
vn -0.73111143 0.00000000 -0.68225807
vn -0.73111143 0.00000000 -0.68225807
vn -0.73111143 0.00000000 -0.68225807
vn -0.96880777 0.00000000 -0.24781346
vn -0.96880777 0.00000000 -0.24781346
vn -0.87640772 0.00000000 -0.48156984
vn -0.73111143 0.00000000 -0.68225807
vn -0.96880777 0.00000000 -0.24781346
vn -0.96880777 0.00000000 -0.24781346
vn -0.87640772 0.00000000 -0.48156984
vn -0.87640772 0.00000000 -0.48156984
vn -0.73111143 0.00000000 -0.68225807
vn -0.96880777 0.00000000 -0.24781346
vn -0.96880777 0.00000000 -0.24781346
vn -0.87640772 0.00000000 -0.48156984
vn -0.87640772 0.00000000 -0.48156984
vn -0.73111143 0.00000000 -0.68225807
vn -0.96880777 0.00000000 -0.24781346
vn -0.96880777 0.00000000 -0.24781346
vn -0.87640772 0.00000000 -0.48156984
vn -0.87640772 0.00000000 -0.48156984
vn -0.87640772 0.00000000 -0.48156984
vn -0.87640772 0.00000000 -0.48156984
vn -0.73111143 0.00000000 -0.68225807
vn -0.96880777 0.00000000 -0.24781346
vn -0.96880777 0.00000000 -0.24781346
vn -0.87640772 0.00000000 -0.48156984
vn -0.87640772 0.00000000 -0.48156984
vn -0.73111143 0.00000000 -0.68225807
vn -0.96880777 0.00000000 -0.24781346
vn -0.96880777 0.00000000 -0.24781346
vn -0.87640772 0.00000000 -0.48156984
vn -0.87640772 0.00000000 -0.48156984
vn -0.73111143 0.00000000 -0.68225807
vn -0.96880777 0.00000000 -0.24781346
vn -0.96880777 0.00000000 -0.24781346
vn -0.87640772 0.00000000 -0.48156984
vn -0.73111143 0.00000000 -0.68225807
vn -0.73111143 0.00000000 -0.68225807
vn -0.73111143 0.00000000 -0.68225807
vn -0.73111143 0.00000000 -0.68225807
vn -0.73111143 0.00000000 -0.68225807
vn -0.73111143 0.00000000 -0.68225807
vn -0.30151134 0.90453403 -0.30151134
vn 0.30151134 0.90453403 -0.30151134
vn 0.70871547 0.62315827 -0.33075089
vn 0.73111143 0.00000000 -0.68225807
vn 0.73111143 0.00000000 -0.68225807
vn 0.73111143 0.00000000 -0.68225807
vn 0.87640772 0.00000000 -0.48156984
vn 0.87640772 0.00000000 -0.48156984
vn 0.96880777 0.00000000 -0.24781346
vn 0.96880777 0.00000000 -0.24781346
vn 0.96880777 0.00000000 -0.24781346
vn 0.96880777 0.00000000 -0.24781346
vn 0.87640772 0.00000000 -0.48156984
vn 0.87640772 0.00000000 -0.48156984
vn 0.73111143 0.00000000 -0.68225807
vn 0.73111143 0.00000000 -0.68225807
vn 0.73111143 0.00000000 -0.68225807
vn 0.73111143 0.00000000 -0.68225807
vn 0.87640772 0.00000000 -0.48156984
vn 0.87640772 0.00000000 -0.48156984
vn 0.96880777 0.00000000 -0.24781346
vn 0.96880777 0.00000000 -0.24781346
vn 0.96880777 0.00000000 -0.24781346
vn 0.96880777 0.00000000 -0.24781346
vn 0.87640772 0.00000000 -0.48156984
vn 0.87640772 0.00000000 -0.48156984
vn 0.73111143 0.00000000 -0.68225807
vn 0.73111143 0.00000000 -0.68225807
vn 0.73111143 0.00000000 -0.68225807
vn 0.73111143 0.00000000 -0.68225807
vn 0.87640772 0.00000000 -0.48156984
vn 0.87640772 0.00000000 -0.48156984
vn 0.96880777 0.00000000 -0.24781346
vn 0.96880777 0.00000000 -0.24781346
vn 0.96880777 0.00000000 -0.24781346
vn 0.96880777 0.00000000 -0.24781346
vn 0.87640772 0.00000000 -0.48156984
vn 0.87640772 0.00000000 -0.48156984
vn 0.73111143 0.00000000 -0.68225807
vn 0.73111143 0.00000000 -0.68225807
vn 0.73111143 0.00000000 -0.68225807
vn 0.73111143 0.00000000 -0.68225807
vn 0.87640772 0.00000000 -0.48156984
vn 0.87640772 0.00000000 -0.48156984
vn 0.96880777 0.00000000 -0.24781346
vn 0.96880777 0.00000000 -0.24781346
vn 0.53713831 0.58417291 -0.60846072
vn 0.96880777 0.00000000 -0.24781346
vn 0.96880777 0.00000000 -0.24781346
vn 0.87640772 0.00000000 -0.48156984
vn 0.87640772 0.00000000 -0.48156984
vn 0.73111143 0.00000000 -0.68225807
vn 0.73111143 0.00000000 -0.68225807
vn 0.73111143 0.00000000 -0.68225807
vn 0.73111143 0.00000000 -0.68225807
vn 0.87640772 0.00000000 -0.48156984
vn 0.87640772 0.00000000 -0.48156984
vn 0.96880777 0.00000000 -0.24781346
vn 0.96880777 0.00000000 -0.24781346
vn 0.96880777 0.00000000 -0.24781346
vn 0.96880777 0.00000000 -0.24781346
vn 0.87640772 0.00000000 -0.48156984
vn 0.87640772 0.00000000 -0.48156984
vn 0.73111143 0.00000000 -0.68225807
vn 0.73111143 0.00000000 -0.68225807
vn 0.73111143 0.00000000 -0.68225807
vn 0.73111143 0.00000000 -0.68225807
vn 0.87640772 0.00000000 -0.48156984
vn 0.87640772 0.00000000 -0.48156984
vn 0.96880777 0.00000000 -0.24781346
vn 0.96880777 0.00000000 -0.24781346
vn 0.96880777 0.00000000 -0.24781346
vn 0.96880777 0.00000000 -0.24781346
vn 0.87640772 0.00000000 -0.48156984
vn 0.87640772 0.00000000 -0.48156984
vn 0.73111143 0.00000000 -0.68225807
vn 0.73111143 0.00000000 -0.68225807
vn 0.73111143 0.00000000 -0.68225807
vn 0.73111143 0.00000000 -0.68225807
vn 0.87640772 0.00000000 -0.48156984
vn 0.87640772 0.00000000 -0.48156984
vn 0.96880777 0.00000000 -0.24781346
vn 0.96880777 0.00000000 -0.24781346
vn 0.96880777 0.00000000 -0.24781346
vn 0.65530322 0.73653292 -0.16762145
vn 0.87640772 0.00000000 -0.48156984
vn 0.59282968 0.73650567 -0.32574895
vn 0.73111143 0.00000000 -0.68225807
vn 0.49521903 0.73566002 -0.46212816
vn 0.87640772 0.00000000 -0.48156984
vn 0.96880777 0.00000000 -0.24781346
vn 0.96880777 0.00000000 -0.24781346
vn 0.96880777 0.00000000 -0.24781346
vn 0.73111143 0.00000000 -0.68225807
vn 0.73111143 0.00000000 -0.68225807
vn 0.87640772 0.00000000 -0.48156984
vn 0.96880777 0.00000000 -0.24781346
vn 0.73111143 0.00000000 -0.68225807
vn 0.73111143 0.00000000 -0.68225807
vn 0.87640772 0.00000000 -0.48156984
vn 0.87640772 0.00000000 -0.48156984
vn 0.96880777 0.00000000 -0.24781346
vn 0.73111143 0.00000000 -0.68225807
vn 0.73111143 0.00000000 -0.68225807
vn 0.87640772 0.00000000 -0.48156984
vn 0.87640772 0.00000000 -0.48156984
vn 0.96880777 0.00000000 -0.24781346
vn 0.73111143 0.00000000 -0.68225807
vn 0.73111143 0.00000000 -0.68225807
vn 0.87640772 0.00000000 -0.48156984
vn 0.87640772 0.00000000 -0.48156984
vn 0.87640772 0.00000000 -0.48156984
vn 0.87640772 0.00000000 -0.48156984
vn 0.96880777 0.00000000 -0.24781346
vn 0.73111143 0.00000000 -0.68225807
vn 0.73111143 0.00000000 -0.68225807
vn 0.87640772 0.00000000 -0.48156984
vn 0.87640772 0.00000000 -0.48156984
vn 0.96880777 0.00000000 -0.24781346
vn 0.73111143 0.00000000 -0.68225807
vn 0.73111143 0.00000000 -0.68225807
vn 0.87640772 0.00000000 -0.48156984
vn 0.87640772 0.00000000 -0.48156984
vn 0.96880777 0.00000000 -0.24781346
vn 0.73111143 0.00000000 -0.68225807
vn 0.73111143 0.00000000 -0.68225807
vn 0.87640772 0.00000000 -0.48156984
vn 0.96880777 0.00000000 -0.24781346
vn 0.96880777 0.00000000 -0.24781346
vn 0.96880777 0.00000000 -0.24781346
vn 0.96880777 0.00000000 -0.24781346
vn 0.96880777 0.00000000 -0.24781346
vn 0.96880777 0.00000000 -0.24781346
vn 0.01432126 0.77038995 -0.63741214
vn 0.90453403 -0.30151134 -0.30151134
vn 0.01480660 -0.77017678 -0.63765860
vn 0.90453403 0.30151134 -0.30151134
vn 0.30151134 -0.30151134 -0.90453403
vn -0.30151134 -0.90453403 -0.30151134
vn 0.30151134 -0.90453403 0.30151134
vn -0.29710858 -0.63026247 -0.71728356
vn 0.29710858 -0.71728356 -0.63026247
vn -0.71728356 -0.63026247 -0.29710858
vn -0.30151134 -0.90453403 0.30151134
vn -0.71728356 -0.63026247 0.29710858
vn -0.29710858 -0.63026247 0.71728356
vn 0.30151134 -0.90453403 -0.30151134
vn 0.29710858 -0.71728356 0.63026247
vn 0.29710858 -0.71728356 -0.63026247
vn 0.30151134 -0.30151134 0.90453403
vn 0.29710858 -0.71728356 0.63026247
vn 0.57735027 0.57735027 0.57735027
vn 0.57735027 0.57735027 -0.57735027
vn 0.30151134 0.30151134 0.90453403
vn 0.90453403 0.30151134 -0.30151134
vn 0.30151134 0.30151134 -0.90453403
vn 0.90453403 0.30151134 0.30151134
vn 0.57735027 0.57735027 -0.57735027
vn 0.57735027 0.57735027 0.57735027
vn -0.85873359 0.36885437 0.35570083
vn -0.85873359 0.36885437 -0.35570083
vn 0.63026247 0.71728356 0.29710858
vn 0.63026247 0.71728356 -0.29710858
vn -0.16749738 0.89912095 0.40438366
vn -0.16749738 0.89912095 -0.40438366
vn -0.40438366 0.89912095 0.16749738
vn -0.40438366 0.89912095 -0.16749738
vn 0.63026247 0.29710858 -0.71728356
vn -0.35570083 0.36885437 -0.85873359
vn -0.35570083 0.36885437 0.85873359
vn 0.63026247 0.29710858 0.71728356
vn 0.71728356 -0.29710858 0.63026247
vn 0.71728356 -0.29710858 -0.63026247
vn 0.71728356 -0.29710858 0.63026247
vn 0.80418645 -0.22745828 0.54913285
vn 0.80418645 -0.54913285 0.22745828
vn 0.80418645 -0.54913285 -0.22745828
vn 0.80418645 -0.54913285 0.22745828
vn 0.80418645 -0.54913285 -0.22745828
vn 0.80418645 -0.22745828 -0.54913285
vn 0.71728356 -0.29710858 -0.63026247
vn 0.63026247 -0.71728356 0.29710858
vn 0.63026247 -0.71728356 -0.29710858
vn 0.56617672 -0.64608096 -0.51188213
vn 0.30151134 -0.90453403 -0.30151134
vn 0.57735027 -0.57735027 -0.57735027
vn 0.37457496 -0.92315166 -0.08651364
vn 0.57735027 -0.57735027 0.57735027
vn 0.57735027 -0.57735027 0.57735027
vn 0.57735027 -0.57735027 -0.57735027
vn 0.65070589 -0.39136134 -0.65070589
vn 0.70596399 -0.57324223 0.41594253
vn 0.80418645 -0.54913285 0.22745828
vn 0.30151134 -0.30151134 -0.90453403
vn 0.65070589 -0.39136134 0.65070589
vn 0.70596399 -0.57324223 -0.41594253
vn 0.80418645 -0.54913285 -0.22745828
vn 0.30151134 -0.30151134 0.90453403
vn -0.57735027 -0.57735027 0.57735027
vn -0.57735027 -0.57735027 -0.57735027
vn 0.30151134 -0.90453403 0.30151134
vn 0.30019384 -0.90541003 0.30019384
vn 0.30019384 -0.90541003 -0.30019384
vn 0.30019384 -0.90541003 -0.30019384
vn 0.30019384 -0.90541003 0.30019384
vn -0.30151134 -0.90453403 -0.30151134
vn -0.30151134 -0.90453403 0.30151134
vn 0.01432126 0.77038995 0.63741214
vn 0.01480660 -0.77017678 0.63765860
vn -0.69604840 0.71401073 -0.07553342
vn -0.69546332 -0.71458304 -0.07551056
vn -0.69611786 0.71792752 0.00000000
vn -0.69547620 -0.71854914 0.00000000
vn -0.69604840 0.71401073 0.07553342
vn -0.69546332 -0.71458304 0.07551056
vn 0.30151134 0.90453403 0.30151134
vn -0.30151134 0.90453403 0.30151134
vn 0.70871547 0.62315827 0.33075089
vn -0.70871547 0.62315827 0.33075089
vn 0.90453403 -0.30151134 0.30151134
vn -0.53713831 0.58417291 0.60846072
vn -0.59282968 0.73650567 0.32574895
vn -0.65530322 0.73653292 0.16762145
vn 0.90453403 0.30151134 0.30151134
vn 0.53713831 0.58417291 0.60846072
vn 0.65530322 0.73653292 0.16762145
vn 0.59282968 0.73650567 0.32574895
vn 0.49521903 0.73566002 0.46212816
vn -0.49521903 0.73566002 0.46212816
vn -0.73111143 0.00000000 0.68225807
vn -0.73111143 0.00000000 0.68225807
vn -0.73111143 0.00000000 0.68225807
vn -0.87640772 0.00000000 0.48156984
vn -0.87640772 0.00000000 0.48156984
vn -0.96880777 0.00000000 0.24781346
vn -0.96880777 0.00000000 0.24781346
vn -0.96880777 0.00000000 0.24781346
vn -0.96880777 0.00000000 0.24781346
vn -0.87640772 0.00000000 0.48156984
vn -0.87640772 0.00000000 0.48156984
vn -0.73111143 0.00000000 0.68225807
vn -0.73111143 0.00000000 0.68225807
vn -0.73111143 0.00000000 0.68225807
vn -0.73111143 0.00000000 0.68225807
vn -0.87640772 0.00000000 0.48156984
vn -0.87640772 0.00000000 0.48156984
vn -0.96880777 0.00000000 0.24781346
vn -0.96880777 0.00000000 0.24781346
vn -0.96880777 0.00000000 0.24781346
vn -0.96880777 0.00000000 0.24781346
vn -0.87640772 0.00000000 0.48156984
vn -0.87640772 0.00000000 0.48156984
vn -0.73111143 0.00000000 0.68225807
vn -0.73111143 0.00000000 0.68225807
vn -0.73111143 0.00000000 0.68225807
vn -0.73111143 0.00000000 0.68225807
vn -0.87640772 0.00000000 0.48156984
vn -0.87640772 0.00000000 0.48156984
vn -0.96880777 0.00000000 0.24781346
vn -0.96880777 0.00000000 0.24781346
vn -0.96880777 0.00000000 0.24781346
vn -0.96880777 0.00000000 0.24781346
vn -0.87640772 0.00000000 0.48156984
vn -0.87640772 0.00000000 0.48156984
vn -0.73111143 0.00000000 0.68225807
vn -0.73111143 0.00000000 0.68225807
vn -0.73111143 0.00000000 0.68225807
vn -0.73111143 0.00000000 0.68225807
vn -0.87640772 0.00000000 0.48156984
vn -0.87640772 0.00000000 0.48156984
vn -0.96880777 0.00000000 0.24781346
vn -0.96880777 0.00000000 0.24781346
vn -0.96880777 0.00000000 0.24781346
vn -0.96880777 0.00000000 0.24781346
vn -0.87640772 0.00000000 0.48156984
vn -0.87640772 0.00000000 0.48156984
vn -0.73111143 0.00000000 0.68225807
vn -0.73111143 0.00000000 0.68225807
vn -0.73111143 0.00000000 0.68225807
vn -0.73111143 0.00000000 0.68225807
vn -0.87640772 0.00000000 0.48156984
vn -0.87640772 0.00000000 0.48156984
vn -0.96880777 0.00000000 0.24781346
vn -0.96880777 0.00000000 0.24781346
vn -0.96880777 0.00000000 0.24781346
vn -0.96880777 0.00000000 0.24781346
vn -0.87640772 0.00000000 0.48156984
vn -0.87640772 0.00000000 0.48156984
vn -0.73111143 0.00000000 0.68225807
vn -0.73111143 0.00000000 0.68225807
vn -0.73111143 0.00000000 0.68225807
vn -0.73111143 0.00000000 0.68225807
vn -0.87640772 0.00000000 0.48156984
vn -0.87640772 0.00000000 0.48156984
vn -0.96880777 0.00000000 0.24781346
vn -0.96880777 0.00000000 0.24781346
vn -0.96880777 0.00000000 0.24781346
vn -0.96880777 0.00000000 0.24781346
vn -0.87640772 0.00000000 0.48156984
vn -0.87640772 0.00000000 0.48156984
vn -0.73111143 0.00000000 0.68225807
vn -0.73111143 0.00000000 0.68225807
vn -0.73111143 0.00000000 0.68225807
vn -0.73111143 0.00000000 0.68225807
vn -0.87640772 0.00000000 0.48156984
vn -0.87640772 0.00000000 0.48156984
vn -0.96880777 0.00000000 0.24781346
vn -0.96880777 0.00000000 0.24781346
vn -0.96880777 0.00000000 0.24781346
vn -0.87640772 0.00000000 0.48156984
vn -0.73111143 0.00000000 0.68225807
vn -0.87640772 0.00000000 0.48156984
vn -0.96880777 0.00000000 0.24781346
vn -0.96880777 0.00000000 0.24781346
vn -0.96880777 0.00000000 0.24781346
vn -0.73111143 0.00000000 0.68225807
vn -0.73111143 0.00000000 0.68225807
vn -0.87640772 0.00000000 0.48156984
vn -0.96880777 0.00000000 0.24781346
vn -0.73111143 0.00000000 0.68225807
vn -0.73111143 0.00000000 0.68225807
vn -0.87640772 0.00000000 0.48156984
vn -0.87640772 0.00000000 0.48156984
vn -0.96880777 0.00000000 0.24781346
vn -0.73111143 0.00000000 0.68225807
vn -0.73111143 0.00000000 0.68225807
vn -0.87640772 0.00000000 0.48156984
vn -0.87640772 0.00000000 0.48156984
vn -0.96880777 0.00000000 0.24781346
vn -0.73111143 0.00000000 0.68225807
vn -0.73111143 0.00000000 0.68225807
vn -0.87640772 0.00000000 0.48156984
vn -0.87640772 0.00000000 0.48156984
vn -0.87640772 0.00000000 0.48156984
vn -0.87640772 0.00000000 0.48156984
vn -0.96880777 0.00000000 0.24781346
vn -0.73111143 0.00000000 0.68225807
vn -0.73111143 0.00000000 0.68225807
vn -0.87640772 0.00000000 0.48156984
vn -0.87640772 0.00000000 0.48156984
vn -0.96880777 0.00000000 0.24781346
vn -0.73111143 0.00000000 0.68225807
vn -0.73111143 0.00000000 0.68225807
vn -0.87640772 0.00000000 0.48156984
vn -0.87640772 0.00000000 0.48156984
vn -0.96880777 0.00000000 0.24781346
vn -0.73111143 0.00000000 0.68225807
vn -0.73111143 0.00000000 0.68225807
vn -0.87640772 0.00000000 0.48156984
vn -0.96880777 0.00000000 0.24781346
vn -0.96880777 0.00000000 0.24781346
vn -0.96880777 0.00000000 0.24781346
vn -0.96880777 0.00000000 0.24781346
vn -0.96880777 0.00000000 0.24781346
vn -0.96880777 0.00000000 0.24781346
vn 0.96880777 0.00000000 0.24781346
vn 0.96880777 0.00000000 0.24781346
vn 0.96880777 0.00000000 0.24781346
vn 0.87640772 0.00000000 0.48156984
vn 0.87640772 0.00000000 0.48156984
vn 0.73111143 0.00000000 0.68225807
vn 0.73111143 0.00000000 0.68225807
vn 0.73111143 0.00000000 0.68225807
vn 0.73111143 0.00000000 0.68225807
vn 0.87640772 0.00000000 0.48156984
vn 0.87640772 0.00000000 0.48156984
vn 0.96880777 0.00000000 0.24781346
vn 0.96880777 0.00000000 0.24781346
vn 0.96880777 0.00000000 0.24781346
vn 0.96880777 0.00000000 0.24781346
vn 0.87640772 0.00000000 0.48156984
vn 0.87640772 0.00000000 0.48156984
vn 0.73111143 0.00000000 0.68225807
vn 0.73111143 0.00000000 0.68225807
vn 0.73111143 0.00000000 0.68225807
vn 0.73111143 0.00000000 0.68225807
vn 0.87640772 0.00000000 0.48156984
vn 0.87640772 0.00000000 0.48156984
vn 0.96880777 0.00000000 0.24781346
vn 0.96880777 0.00000000 0.24781346
vn 0.96880777 0.00000000 0.24781346
vn 0.96880777 0.00000000 0.24781346
vn 0.87640772 0.00000000 0.48156984
vn 0.87640772 0.00000000 0.48156984
vn 0.73111143 0.00000000 0.68225807
vn 0.73111143 0.00000000 0.68225807
vn 0.73111143 0.00000000 0.68225807
vn 0.73111143 0.00000000 0.68225807
vn 0.87640772 0.00000000 0.48156984
vn 0.87640772 0.00000000 0.48156984
vn 0.96880777 0.00000000 0.24781346
vn 0.96880777 0.00000000 0.24781346
vn 0.96880777 0.00000000 0.24781346
vn 0.96880777 0.00000000 0.24781346
vn 0.87640772 0.00000000 0.48156984
vn 0.87640772 0.00000000 0.48156984
vn 0.73111143 0.00000000 0.68225807
vn 0.73111143 0.00000000 0.68225807
vn 0.73111143 0.00000000 0.68225807
vn 0.73111143 0.00000000 0.68225807
vn 0.87640772 0.00000000 0.48156984
vn 0.87640772 0.00000000 0.48156984
vn 0.96880777 0.00000000 0.24781346
vn 0.96880777 0.00000000 0.24781346
vn 0.96880777 0.00000000 0.24781346
vn 0.96880777 0.00000000 0.24781346
vn 0.87640772 0.00000000 0.48156984
vn 0.87640772 0.00000000 0.48156984
vn 0.73111143 0.00000000 0.68225807
vn 0.73111143 0.00000000 0.68225807
vn 0.73111143 0.00000000 0.68225807
vn 0.73111143 0.00000000 0.68225807
vn 0.87640772 0.00000000 0.48156984
vn 0.87640772 0.00000000 0.48156984
vn 0.96880777 0.00000000 0.24781346
vn 0.96880777 0.00000000 0.24781346
vn 0.96880777 0.00000000 0.24781346
vn 0.96880777 0.00000000 0.24781346
vn 0.87640772 0.00000000 0.48156984
vn 0.87640772 0.00000000 0.48156984
vn 0.73111143 0.00000000 0.68225807
vn 0.73111143 0.00000000 0.68225807
vn 0.73111143 0.00000000 0.68225807
vn 0.73111143 0.00000000 0.68225807
vn 0.87640772 0.00000000 0.48156984
vn 0.87640772 0.00000000 0.48156984
vn 0.96880777 0.00000000 0.24781346
vn 0.96880777 0.00000000 0.24781346
vn 0.96880777 0.00000000 0.24781346
vn 0.96880777 0.00000000 0.24781346
vn 0.87640772 0.00000000 0.48156984
vn 0.87640772 0.00000000 0.48156984
vn 0.73111143 0.00000000 0.68225807
vn 0.73111143 0.00000000 0.68225807
vn 0.73111143 0.00000000 0.68225807
vn 0.87640772 0.00000000 0.48156984
vn 0.96880777 0.00000000 0.24781346
vn 0.87640772 0.00000000 0.48156984
vn 0.73111143 0.00000000 0.68225807
vn 0.73111143 0.00000000 0.68225807
vn 0.73111143 0.00000000 0.68225807
vn 0.96880777 0.00000000 0.24781346
vn 0.96880777 0.00000000 0.24781346
vn 0.87640772 0.00000000 0.48156984
vn 0.73111143 0.00000000 0.68225807
vn 0.96880777 0.00000000 0.24781346
vn 0.96880777 0.00000000 0.24781346
vn 0.87640772 0.00000000 0.48156984
vn 0.87640772 0.00000000 0.48156984
vn 0.73111143 0.00000000 0.68225807
vn 0.96880777 0.00000000 0.24781346
vn 0.96880777 0.00000000 0.24781346
vn 0.87640772 0.00000000 0.48156984
vn 0.87640772 0.00000000 0.48156984
vn 0.73111143 0.00000000 0.68225807
vn 0.96880777 0.00000000 0.24781346
vn 0.96880777 0.00000000 0.24781346
vn 0.87640772 0.00000000 0.48156984
vn 0.87640772 0.00000000 0.48156984
vn 0.87640772 0.00000000 0.48156984
vn 0.87640772 0.00000000 0.48156984
vn 0.73111143 0.00000000 0.68225807
vn 0.96880777 0.00000000 0.24781346
vn 0.96880777 0.00000000 0.24781346
vn 0.87640772 0.00000000 0.48156984
vn 0.87640772 0.00000000 0.48156984
vn 0.73111143 0.00000000 0.68225807
vn 0.96880777 0.00000000 0.24781346
vn 0.96880777 0.00000000 0.24781346
vn 0.87640772 0.00000000 0.48156984
vn 0.87640772 0.00000000 0.48156984
vn 0.73111143 0.00000000 0.68225807
vn 0.96880777 0.00000000 0.24781346
vn 0.96880777 0.00000000 0.24781346
vn 0.87640772 0.00000000 0.48156984
vn 0.73111143 0.00000000 0.68225807
vn 0.73111143 0.00000000 0.68225807
vn 0.73111143 0.00000000 0.68225807
vn 0.73111143 0.00000000 0.68225807
vn 0.73111143 0.00000000 0.68225807
vn 0.73111143 0.00000000 0.68225807
vn 0.70708882 -0.69038316 -0.15295914
vn 0.70853235 -0.68798369 -0.15703615
vn 0.56617672 -0.64608096 0.51188213
vn 0.70859284 -0.68794146 0.15694819
vn 0.70714709 -0.69030972 0.15302119
vn 0.70720902 0.69026579 -0.15293314
vn 0.70859284 0.68794146 -0.15694819
vn 0.56617672 0.64608096 -0.51188213
vn 0.70859284 0.68794146 0.15694819
vn 0.70720902 0.69026579 0.15293314
vn 0.71724150 0.63413756 -0.28884977
vn 0.69748091 0.64982483 -0.30207296
vn 0.67881859 -0.51923276 0.51923276
vn 0.67894438 -0.36713850 0.63580174
vn 0.67880139 -0.19009463 0.70929028
vn 0.67893636 0.00000000 0.73419712
vn 0.67880139 0.19009463 0.70929028
vn 0.67894438 0.36713850 0.63580174
vn 0.67881859 0.51923276 0.51923276
vn 0.67894438 0.63580174 0.36713850
vn 0.67880139 0.70929028 0.19009463
vn 0.67880139 0.70929028 -0.19009463
vn 0.67893636 0.73419712 0.00000000
vn 0.71713898 0.65908867 -0.22652551
vn 0.37296456 0.92248799 -0.09956572
vn 0.71713898 0.65908867 0.22652551
vn 0.71724150 0.63413756 0.28884977
vn 0.69748091 0.64982483 0.30207296
vn 0.67881859 -0.51923276 -0.51923276
vn 0.67894438 -0.36713850 -0.63580174
vn 0.67880139 -0.19009463 -0.70929028
vn 0.67893636 0.00000000 -0.73419712
vn 0.67880139 0.19009463 -0.70929028
vn 0.67894438 0.36713850 -0.63580174
vn 0.67881859 0.51923276 -0.51923276
vn 0.67894438 0.63580174 -0.36713850
vn 0.67880139 0.70929028 0.19009463
vn 0.67880139 0.70929028 -0.19009463
vn 0.67893636 0.73419712 -0.00000000
vn 0.02905691 0.87863420 -0.47661057
vn 0.73778598 0.65202406 -0.17474690
vn 0.73762751 0.67520786 0.00000000
vn 0.73778598 0.65202406 0.17474690
vn 0.73761810 0.58473289 0.33764921
vn 0.73776578 0.47733723 0.47733723
vn 0.73761810 0.33764921 0.58473289
vn 0.73778598 0.17474690 0.65202406
vn 0.73762751 0.00000000 0.67520786
vn 0.73778598 -0.17474690 0.65202406
vn 0.73761810 -0.33764921 0.58473289
vn 0.73776578 -0.47733723 0.47733723
vn 0.73776578 -0.47733723 -0.47733723
vn 0.73761810 -0.33764921 -0.58473289
vn 0.73778598 -0.17474690 -0.65202406
vn 0.73762751 -0.00000000 -0.67520786
vn 0.73778598 0.17474690 -0.65202406
vn 0.73761810 0.33764921 -0.58473289
vn 0.73776578 0.47733723 -0.47733723
vn 0.73761810 0.58473289 -0.33764921
vn 0.73778598 0.65202406 -0.17474690
vn 0.73762751 0.67520786 -0.00000000
vn 0.73778598 0.65202406 0.17474690
vn 0.02905691 0.87863420 0.47661057
vn 0.71833445 0.56046525 0.41215813
vn 0.71838998 0.51170137 0.47125104
vn 0.71826510 0.45679079 0.52482133
vn 0.71831049 0.39639731 0.57175100
vn 0.71837147 0.33100967 0.61186193
vn 0.57735027 -0.57735027 -0.57735027
vn 0.71839819 0.26165813 0.64454563
vn 0.71832868 0.18911487 0.66950689
vn 0.71837379 0.11433487 0.68619722
vn 0.71825264 0.03808953 0.69473904
vn 0.57735027 0.57735027 -0.57735027
vn 0.71828854 -0.03841641 0.69468392
vn 0.71840243 -0.11455304 0.68613085
vn 0.71834046 -0.18940245 0.66941294
vn 0.71840370 -0.26190241 0.64444026
vn 0.71840159 -0.33126046 0.61169083
vn 0.73762751 -0.00000000 -0.67520786
vn 0.71833608 -0.39659797 0.57157967
vn 0.73778598 -0.17474690 -0.65202406
vn 0.71828617 -0.45699828 0.52461181
vn 0.73761810 -0.33764921 -0.58473289
vn 0.73776578 -0.47733723 -0.47733723
vn 0.73778598 0.17474690 -0.65202406
vn 0.73761810 0.33764921 -0.58473289
vn 0.73776578 0.47733723 -0.47733723
vn 0.71835432 -0.51186723 0.47112526
vn 0.73761810 -0.58473289 -0.33764921
vn 0.73778598 -0.65202406 -0.17474690
vn 0.71829348 -0.56070774 0.41189962
vn 0.73762751 -0.67520786 -0.00000000
vn 0.73778598 -0.65202406 0.17474690
vn 0.02817981 -0.88616669 0.46250891
vn 0.71805985 -0.63346573 0.28829015
vn 0.69797344 -0.64966853 0.30127045
vn 0.67881859 0.51923276 -0.51923276
vn 0.67894438 0.36713850 -0.63580174
vn 0.67880139 0.19009463 -0.70929028
vn 0.67893636 0.00000000 -0.73419712
vn 0.67880139 -0.19009463 -0.70929028
vn 0.67894438 -0.36713850 -0.63580174
vn 0.67881859 -0.51923276 -0.51923276
vn 0.67894438 -0.63580174 -0.36713850
vn 0.67880139 -0.70929028 -0.19009463
vn 0.67880139 -0.70929028 0.19009463
vn 0.67893636 -0.73419712 -0.00000000
vn 0.71806972 -0.65816915 0.22625041
vn 0.37482462 -0.92320209 0.08487878
vn 0.71806972 -0.65816915 -0.22625041
vn 0.71805985 -0.63346573 -0.28829015
vn 0.69797344 -0.64966853 -0.30127045
vn 0.67881859 0.51923276 0.51923276
vn 0.67894438 0.36713850 0.63580174
vn 0.67880139 0.19009463 0.70929028
vn 0.67893636 0.00000000 0.73419712
vn 0.67880139 -0.19009463 0.70929028
vn 0.67894438 -0.36713850 0.63580174
vn 0.67881859 -0.51923276 0.51923276
vn 0.67894438 -0.63580174 0.36713850
vn 0.67880139 -0.70929028 -0.19009463
vn 0.67880139 -0.70929028 0.19009463
vn 0.67893636 -0.73419712 0.00000000
vn 0.73776578 0.47733723 0.47733723
vn 0.73761810 0.33764921 0.58473289
vn 0.73778598 0.17474690 0.65202406
vn 0.73762751 0.00000000 0.67520786
vn 0.73778598 -0.17474690 0.65202406
vn 0.73761810 -0.33764921 0.58473289
vn 0.73776578 -0.47733723 0.47733723
vn 0.73761810 -0.58473289 0.33764921
vn 0.73778598 -0.65202406 0.17474690
vn 0.73762751 -0.67520786 0.00000000
vn 0.73778598 -0.65202406 -0.17474690
vn 0.02817981 -0.88616669 -0.46250891
vn -0.68386362 0.05986589 0.72714966
vn -0.69637612 0.15309692 -0.70115735
vn -0.69633880 0.22028401 -0.68307190
vn -0.69635630 0.28544605 -0.65848953
vn -0.69639493 0.34774580 -0.62777939
vn -0.69637715 0.40675655 -0.59127656
vn -0.69632491 0.46216538 -0.54912183
vn -0.69638909 0.51312444 -0.50174251
vn -0.69636311 0.55924133 -0.44980835
vn -0.57621292 -0.78935228 -0.21190008
vn -0.57621292 -0.78935228 0.21190008
vn -0.69636311 0.55924133 0.44980835
vn -0.69638909 0.51312444 0.50174251
vn -0.69632491 0.46216538 0.54912183
vn -0.69637715 0.40675655 0.59127656
vn -0.69639493 0.34774580 0.62777939
vn -0.69635630 0.28544605 0.65848953
vn -0.69633880 0.22028401 0.68307190
vn -0.69637612 0.15309692 0.70115735
vn -0.68386362 0.05986589 -0.72714966
vn -0.68386362 -0.05986589 -0.72714966
vn -0.69637612 -0.15309692 0.70115735
vn -0.69633880 -0.22028401 0.68307190
vn -0.69635630 -0.28544605 0.65848953
vn -0.69639493 -0.34774580 0.62777939
vn -0.69637715 -0.40675655 0.59127656
vn -0.69632491 -0.46216538 0.54912183
vn -0.69638909 -0.51312444 0.50174251
vn -0.69636311 -0.55924133 0.44980835
vn -0.57621292 0.78935228 0.21190008
vn -0.57621292 0.78935228 -0.21190008
vn -0.69636311 -0.55924133 -0.44980835
vn -0.69638909 -0.51312444 -0.50174251
vn -0.69632491 -0.46216538 -0.54912183
vn -0.69637715 -0.40675655 -0.59127656
vn -0.69639493 -0.34774580 -0.62777939
vn -0.69635630 -0.28544605 -0.65848953
vn -0.69633880 -0.22028401 -0.68307190
vn -0.69637612 -0.15309692 -0.70115735
vn -0.68386362 -0.05986589 0.72714966
vn 0.57735027 -0.57735027 0.57735027
vn 0.71837147 0.33100967 -0.61186193
vn 0.71831049 0.39639731 -0.57175100
vn 0.71826510 0.45679079 -0.52482133
vn 0.71838998 0.51170137 -0.47125104
vn 0.71833445 0.56046525 -0.41215813
vn 0.71839819 0.26165813 -0.64454563
vn 0.71832868 0.18911487 -0.66950689
vn 0.71837379 0.11433487 -0.68619722
vn 0.71825264 0.03808953 -0.69473904
vn 0.71828854 -0.03841641 -0.69468392
vn 0.57735027 0.57735027 0.57735027
vn 0.71840243 -0.11455304 -0.68613085
vn 0.71834046 -0.18940245 -0.66941294
vn 0.71840370 -0.26190241 -0.64444026
vn 0.71840159 -0.33126046 -0.61169083
vn 0.71833608 -0.39659797 -0.57157967
vn 0.71828617 -0.45699828 -0.52461181
vn 0.71835432 -0.51186723 -0.47112526
vn 0.71829348 -0.56070774 -0.41189962
vn -0.54335464 0.25965370 -0.79833933
vn -0.71817581 -0.54223247 -0.43612780
vn -0.71814824 -0.49755600 -0.48651941
vn -0.71821636 -0.44805891 -0.53236122
vn -0.71816091 -0.39440159 -0.57331693
vn -0.71814204 -0.33720079 -0.60874268
vn -0.71818303 -0.27675893 -0.63844939
vn -0.71820161 -0.21356907 -0.66224973
vn -0.71816199 -0.14844626 -0.67985812
vn -0.53747119 -0.84035922 0.07015062
vn -0.57735027 0.57735027 0.57735027
vn -0.57735027 -0.57735027 0.57735027
vn -0.53747119 0.84035922 0.07015062
vn -0.54335464 0.25965370 0.79833933
vn -0.71817581 -0.54223247 0.43612780
vn -0.71814824 -0.49755600 0.48651941
vn -0.71821636 -0.44805891 0.53236122
vn -0.71816091 -0.39440159 0.57331693
vn -0.71814204 -0.33720079 0.60874268
vn -0.71818303 -0.27675893 0.63844939
vn -0.71820161 -0.21356907 0.66224973
vn -0.71816199 -0.14844626 0.67985812
vn -0.53747119 -0.84035922 -0.07015062
vn -0.57735027 0.57735027 -0.57735027
vn -0.57735027 -0.57735027 -0.57735027
vn -0.53747119 0.84035922 -0.07015062
vn -0.71816199 0.14844626 -0.67985812
vn -0.71820161 0.21356907 -0.66224973
vn -0.71818303 0.27675893 -0.63844939
vn -0.71814204 0.33720079 -0.60874268
vn -0.71816091 0.39440159 -0.57331693
vn -0.71821636 0.44805891 -0.53236122
vn -0.71814824 0.49755600 -0.48651941
vn -0.71817581 0.54223247 -0.43612780
vn -0.54335464 -0.25965370 -0.79833933
vn -0.71816199 0.14844626 0.67985812
vn -0.71820161 0.21356907 0.66224973
vn -0.71818303 0.27675893 0.63844939
vn -0.71814204 0.33720079 0.60874268
vn -0.71816091 0.39440159 0.57331693
vn -0.71821636 0.44805891 0.53236122
vn -0.71814824 0.49755600 0.48651941
vn -0.71817581 0.54223247 0.43612780
vn -0.54335464 -0.25965370 0.79833933
vn 0.69638501 -0.61131035 -0.37596220
vn 0.69592416 -0.64979008 -0.30571622
vn 0.69556127 -0.67952747 -0.23331725
vn 0.69538487 -0.70129560 -0.15692153
vn 0.69506590 -0.71459820 -0.07894811
vn 0.69507944 -0.71893294 0.00000000
vn 0.69506590 -0.71459820 0.07894811
vn 0.69538436 -0.70129607 0.15692166
vn 0.69621658 -0.56643022 -0.44095269
vn 0.69629342 -0.51428096 -0.50069009
vn 0.69631291 -0.45613136 -0.55415928
vn 0.69633576 -0.39242923 -0.60092912
vn 0.69639177 -0.32396564 -0.64037861
vn 0.69630227 -0.25156971 -0.67221710
vn 0.69633376 -0.17601577 -0.69580008
vn 0.69633791 -0.09842107 -0.71093376
vn 0.69624966 -0.01970937 -0.71752906
vn 0.69623799 0.05941028 -0.71534823
vn 0.69636703 0.13776380 -0.70433947
vn 0.69628106 0.21438821 -0.68500392
vn 0.69640278 0.28840729 -0.65714870
vn 0.69624858 0.35899591 -0.62157852
vn 0.69630338 0.42522119 -0.57822880
vn 0.69625224 0.48626069 -0.52799939
vn 0.69637379 0.54134792 -0.47117510
vn 0.69632973 0.58983027 -0.40893173
vn 0.69647458 0.63125448 -0.34123444
vn 0.69622446 0.66504815 -0.27015265
vn 0.69627628 0.69071217 -0.19523329
vn 0.69592860 0.70840867 -0.11764581
vn 0.69568349 0.71726299 -0.03947503
vn 0.69568349 0.71726299 0.03947503
vn 0.69592860 0.70840867 0.11764581
vn 0.69627628 0.69071217 0.19523329
vn 0.69622446 0.66504815 0.27015265
vn 0.69647458 0.63125448 0.34123444
vn 0.69632973 0.58983027 0.40893173
vn 0.69637379 0.54134792 0.47117510
vn 0.69625224 0.48626069 0.52799939
vn 0.69630338 0.42522119 0.57822880
vn 0.69624858 0.35899591 0.62157852
vn 0.69640278 0.28840729 0.65714870
vn 0.69628106 0.21438821 0.68500392
vn 0.69636703 0.13776380 0.70433947
vn 0.69623799 0.05941028 0.71534823
vn 0.69624966 -0.01970937 0.71752906
vn 0.69633791 -0.09842107 0.71093376
vn 0.69633376 -0.17601577 0.69580008
vn 0.69630227 -0.25156971 0.67221710
vn 0.69639177 -0.32396564 0.64037861
vn 0.69633576 -0.39242923 0.60092912
vn 0.69631291 -0.45613136 0.55415928
vn 0.69629342 -0.51428096 0.50069009
vn 0.69621658 -0.56643022 0.44095269
vn 0.69638501 -0.61131035 0.37596220
vn 0.69592416 -0.64979008 0.30571622
vn 0.69556127 -0.67952747 0.23331725
vn 0.73144843 -0.14185087 0.66697941
vn 0.68428427 -0.15169427 0.71326284
vn 0.73139641 -0.00000000 0.68195256
vn 0.68433001 0.00000000 0.72917243
vn 0.73144843 0.14185087 0.66697941
vn 0.68428427 0.15169427 0.71326284
vn 0.73132740 0.27736812 0.62307877
vn 0.68439070 0.29651835 0.66609777
vn 0.73144399 0.40067242 0.55177106
vn 0.68428818 0.42847098 0.59005280
vn 0.73145514 0.50678367 0.45622768
vn 0.68427837 0.54196054 0.48789536
vn 0.73139496 0.59066684 0.34084321
vn 0.68433128 0.63156342 0.36444251
vn 0.73137057 0.64860373 0.21073751
vn 0.68435274 0.69346599 0.22531368
vn 0.73142669 0.67817908 0.07133111
vn 0.68430338 0.72519706 0.07627648
vn 0.73142669 0.67817908 -0.07133111
vn 0.68430338 0.72519706 -0.07627648
vn 0.73137057 0.64860373 -0.21073751
vn 0.68435274 0.69346599 -0.22531368
vn 0.73139496 0.59066684 -0.34084321
vn 0.68433128 0.63156342 -0.36444251
vn 0.73145514 0.50678367 -0.45622768
vn 0.68427837 0.54196054 -0.48789536
vn 0.73144399 0.40067242 -0.55177106
vn 0.68428818 0.42847098 -0.59005280
vn 0.73132740 0.27736812 -0.62307877
vn 0.68439070 0.29651835 -0.66609777
vn 0.73144843 0.14185087 -0.66697941
vn 0.68428427 0.15169427 -0.71326284
vn 0.73139641 0.00000000 -0.68195256
vn 0.68433001 -0.00000000 -0.72917243
vn 0.73144843 -0.14185087 -0.66697941
vn 0.68428427 -0.15169427 -0.71326284
vn 0.73132740 -0.27736812 -0.62307877
vn 0.68439070 -0.29651835 -0.66609777
vn 0.73144399 -0.40067242 -0.55177106
vn 0.68428818 -0.42847098 -0.59005280
vn 0.73145514 -0.50678367 -0.45622768
vn 0.68427837 -0.54196054 -0.48789536
vn 0.73139496 -0.59066684 -0.34084321
vn 0.68433128 -0.63156342 -0.36444251
vn 0.73137057 -0.64860373 -0.21073751
vn 0.68435274 -0.69346599 -0.22531368
vn 0.73142669 -0.67817908 -0.07133111
vn 0.68430338 -0.72519706 -0.07627648
vn 0.73142669 -0.67817908 0.07133111
vn 0.68430338 -0.72519706 0.07627648
vn 0.73137057 -0.64860373 0.21073751
vn 0.68435274 -0.69346599 0.22531368
vn 0.73139496 -0.59066684 0.34084321
vn 0.68433128 -0.63156342 0.36444251
vn 0.73145514 -0.50678367 0.45622768
vn 0.68427837 -0.54196054 0.48789536
vn 0.73144399 -0.40067242 0.55177106
vn 0.68428818 -0.42847098 0.59005280
vn 0.73132740 -0.27736812 0.62307877
vn 0.68439070 -0.29651835 0.66609777
f 1//1 2//2 3//3
f 3//3 2//2 4//4
f 3//3 4//4 5//5
f 5//5 4//4 6//6
f 5//5 6//6 7//7
f 7//7 6//6 8//8
f 7//7 8//8 9//9
f 9//9 8//8 10//10
f 9//9 10//10 11//11
f 11//11 10//10 12//12
f 11//11 12//12 13//13
f 13//13 12//12 14//14
f 13//13 14//14 15//15
f 15//15 14//14 16//16
f 15//15 16//16 17//17
f 17//17 16//16 18//18
f 17//17 18//18 19//19
f 19//19 18//18 20//20
f 19//19 20//20 21//21
f 21//21 20//20 22//22
f 23//23 24//24 25//25
f 25//25 24//24 26//26
f 26//26 24//24 27//27
f 26//26 27//27 28//28
f 28//28 27//27 29//29
f 28//28 29//29 30//30
f 30//30 29//29 31//31
f 30//30 31//31 32//32
f 32//32 31//31 33//33
f 32//32 33//33 34//34
f 34//34 33//33 35//35
f 34//34 35//35 36//36
f 36//36 35//35 37//37
f 36//36 37//37 38//38
f 38//38 37//37 39//39
f 38//38 39//39 40//40
f 40//40 39//39 41//41
f 40//40 41//41 42//42
f 42//42 41//41 43//43
f 42//42 43//43 1//1
f 44//44 45//45 46//46
f 46//46 45//45 47//47
f 46//46 47//47 48//48
f 48//48 47//47 49//49
f 48//48 49//49 50//50
f 50//50 49//49 51//51
f 50//50 51//51 52//52
f 52//52 51//51 53//53
f 52//52 53//53 54//54
f 54//54 53//53 55//55
f 54//54 55//55 56//56
f 56//56 55//55 57//57
f 56//56 57//57 58//58
f 58//58 57//57 59//59
f 58//58 59//59 60//60
f 60//60 59//59 61//61
f 60//60 61//61 62//62
f 62//62 61//61 63//63
f 62//62 63//63 64//64
f 64//64 63//63 65//65
f 66//66 67//67 68//68
f 68//68 67//67 69//69
f 68//68 69//69 70//70
f 70//70 71//71 68//68
f 68//68 71//71 72//72
f 68//68 72//72 73//73
f 73//73 74//74 68//68
f 68//68 74//74 75//75
f 68//68 75//75 76//76
f 76//76 77//77 68//68
f 68//68 77//77 78//78
f 68//68 78//78 79//79
f 79//79 80//80 68//68
f 68//68 80//80 81//81
f 68//68 81//81 82//82
f 82//82 83//83 68//68
f 68//68 83//83 84//84
f 68//68 84//84 85//85
f 85//85 86//86 68//68
f 68//68 86//86 87//87
f 68//68 87//87 88//88
f 88//88 89//89 68//68
f 68//68 89//89 90//90
f 68//68 90//90 91//91
f 91//91 92//92 68//68
f 68//68 92//92 93//93
f 68//68 93//93 94//94
f 94//94 95//95 68//68
f 68//68 95//95 96//96
f 68//68 96//96 97//97
f 97//97 98//98 68//68
f 68//68 98//98 99//99
f 99//99 98//98 100//100
f 68//68 101//101 66//66
f 66//66 101//101 102//102
f 102//102 101//101 103//103
f 102//102 103//103 104//104
f 104//104 103//103 105//105
f 104//104 105//105 106//106
f 106//106 105//105 107//107
f 106//106 107//107 108//108
f 108//108 107//107 109//109
f 108//108 109//109 110//110
f 110//110 109//109 111//111
f 110//110 111//111 112//112
f 112//112 111//111 113//113
f 112//112 113//113 114//114
f 114//114 113//113 115//115
f 114//114 115//115 116//116
f 116//116 115//115 117//117
f 116//116 117//117 118//118
f 118//118 117//117 119//119
f 118//118 119//119 120//120
f 120//120 119//119 121//121
f 120//120 121//121 122//122
f 122//122 121//121 123//123
f 122//122 123//123 124//124
f 124//124 123//123 125//125
f 124//124 125//125 126//126
f 126//126 125//125 127//127
f 126//126 127//127 128//128
f 128//128 127//127 129//129
f 128//128 129//129 130//130
f 131//131 132//132 133//133
f 133//133 132//132 134//134
f 133//133 134//134 135//135
f 135//135 136//136 133//133
f 133//133 136//136 137//137
f 133//133 137//137 138//138
f 138//138 139//139 133//133
f 133//133 139//139 140//140
f 133//133 140//140 141//141
f 141//141 142//142 133//133
f 133//133 142//142 143//143
f 144//144 145//145 146//146
f 146//146 145//145 147//147
f 146//146 147//147 148//148
f 148//148 149//149 146//146
f 146//146 149//149 150//150
f 146//146 150//150 151//151
f 151//151 152//152 146//146
f 146//146 152//152 153//153
f 146//146 153//153 154//154
f 154//154 155//155 146//146
f 146//146 155//155 131//131
f 156//156 157//157 158//158
f 158//158 157//157 159//159
f 158//158 159//159 160//160
f 160//160 161//161 158//158
f 158//158 161//161 162//162
f 158//158 162//162 163//163
f 163//163 164//164 158//158
f 158//158 164//164 165//165
f 158//158 165//165 166//166
f 166//166 167//167 158//158
f 158//158 167//167 168//168
f 169//169 170//170 171//171
f 171//171 170//170 172//172
f 172//172 170//170 173//173
f 172//172 173//173 174//174
f 174//174 173//173 175//175
f 174//174 175//175 176//176
f 176//176 175//175 177//177
f 176//176 177//177 178//178
f 178//178 177//177 179//179
f 178//178 179//179 180//180
f 180//180 179//179 181//181
f 180//180 181//181 182//182
f 182//182 181//181 183//183
f 182//182 183//183 184//184
f 184//184 183//183 185//185
f 184//184 185//185 186//186
f 186//186 185//185 187//187
f 186//186 187//187 188//188
f 188//188 187//187 189//189
f 188//188 189//189 44//44
f 190//190 191//191 192//192
f 192//192 191//191 193//193
f 192//192 193//193 194//194
f 194//194 195//195 192//192
f 192//192 195//195 196//196
f 192//192 196//196 197//197
f 197//197 198//198 192//192
f 192//192 198//198 199//199
f 192//192 199//199 200//200
f 200//200 201//201 192//192
f 192//192 201//201 156//156
f 21//21 202//202 19//19
f 19//19 202//202 203//203
f 19//19 203//203 17//17
f 17//17 203//203 204//204
f 17//17 204//204 15//15
f 15//15 204//204 205//205
f 15//15 205//205 13//13
f 13//13 205//205 206//206
f 13//13 206//206 11//11
f 11//11 206//206 207//207
f 11//11 207//207 9//9
f 9//9 207//207 208//208
f 9//9 208//208 7//7
f 7//7 208//208 209//209
f 7//7 209//209 5//5
f 5//5 209//209 210//210
f 5//5 210//210 3//3
f 3//3 210//210 211//211
f 156//156 158//158 42//42
f 42//42 158//158 212//212
f 42//42 212//212 213//213
f 42//42 1//1 156//156
f 156//156 1//1 3//3
f 156//156 3//3 192//192
f 192//192 3//3 214//214
f 214//214 3//3 211//211
f 215//215 171//171 216//216
f 216//216 171//171 172//172
f 216//216 172//172 217//217
f 217//217 172//172 174//174
f 217//217 174//174 218//218
f 218//218 174//174 176//176
f 218//218 176//176 219//219
f 219//219 176//176 178//178
f 219//219 178//178 220//220
f 220//220 178//178 180//180
f 220//220 180//180 221//221
f 221//221 180//180 182//182
f 221//221 182//182 222//222
f 222//222 182//182 184//184
f 222//222 184//184 223//223
f 223//223 184//184 186//186
f 223//223 186//186 224//224
f 224//224 186//186 188//188
f 224//224 188//188 225//225
f 225//225 188//188 133//133
f 133//133 188//188 131//131
f 131//131 188//188 44//44
f 131//131 44//44 46//46
f 226//226 227//227 46//46
f 46//46 227//227 146//146
f 46//46 146//146 131//131
f 228//228 25//25 229//229
f 229//229 25//25 26//26
f 229//229 26//26 230//230
f 230//230 26//26 28//28
f 230//230 28//28 231//231
f 231//231 28//28 30//30
f 231//231 30//30 232//232
f 232//232 30//30 32//32
f 232//232 32//32 233//233
f 233//233 32//32 34//34
f 233//233 34//34 234//234
f 234//234 34//34 36//36
f 234//234 36//36 235//235
f 235//235 36//36 38//38
f 235//235 38//38 236//236
f 236//236 38//38 40//40
f 236//236 40//40 213//213
f 213//213 40//40 42//42
f 226//226 46//46 237//237
f 237//237 46//46 48//48
f 237//237 48//48 238//238
f 238//238 48//48 50//50
f 238//238 50//50 239//239
f 239//239 50//50 52//52
f 239//239 52//52 240//240
f 240//240 52//52 54//54
f 240//240 54//54 241//241
f 241//241 54//54 56//56
f 241//241 56//56 242//242
f 242//242 56//56 58//58
f 242//242 58//58 243//243
f 243//243 58//58 60//60
f 243//243 60//60 244//244
f 244//244 60//60 62//62
f 244//244 62//62 245//245
f 245//245 62//62 64//64
f 168//168 90//90 23//23
f 23//23 90//90 246//246
f 23//23 246//246 247//247
f 247//247 246//246 248//248
f 90//90 168//168 91//91
f 91//91 168//168 167//167
f 91//91 167//167 92//92
f 92//92 167//167 166//166
f 92//92 166//166 165//165
f 92//92 165//165 93//93
f 93//93 165//165 164//164
f 93//93 164//164 94//94
f 94//94 164//164 163//163
f 94//94 163//163 95//95
f 95//95 163//163 162//162
f 95//95 162//162 96//96
f 96//96 162//162 161//161
f 96//96 161//161 97//97
f 97//97 161//161 160//160
f 97//97 160//160 98//98
f 98//98 160//160 159//159
f 98//98 159//159 100//100
f 100//100 159//159 157//157
f 100//100 157//157 99//99
f 99//99 157//157 156//156
f 99//99 156//156 68//68
f 68//68 156//156 201//201
f 68//68 201//201 101//101
f 101//101 201//201 200//200
f 101//101 200//200 103//103
f 103//103 200//200 199//199
f 103//103 199//199 105//105
f 105//105 199//199 198//198
f 105//105 198//198 107//107
f 107//107 198//198 197//197
f 107//107 197//197 109//109
f 109//109 197//197 196//196
f 109//109 196//196 111//111
f 111//111 196//196 195//195
f 111//111 195//195 113//113
f 113//113 195//195 194//194
f 113//113 194//194 115//115
f 115//115 194//194 193//193
f 115//115 193//193 191//191
f 115//115 191//191 117//117
f 117//117 191//191 190//190
f 117//117 190//190 119//119
f 119//119 190//190 22//22
f 119//119 22//22 249//249
f 249//249 22//22 20//20
f 249//249 20//20 250//250
f 250//250 20//20 18//18
f 250//250 18//18 251//251
f 251//251 18//18 16//16
f 251//251 16//16 252//252
f 252//252 16//16 14//14
f 252//252 14//14 253//253
f 253//253 14//14 12//12
f 253//253 12//12 254//254
f 254//254 12//12 10//10
f 254//254 10//10 255//255
f 255//255 10//10 8//8
f 255//255 8//8 256//256
f 256//256 8//8 6//6
f 256//256 6//6 257//257
f 257//257 6//6 4//4
f 257//257 4//4 258//258
f 258//258 4//4 2//2
f 258//258 2//2 259//259
f 259//259 2//2 1//1
f 259//259 1//1 260//260
f 260//260 1//1 43//43
f 260//260 43//43 261//261
f 261//261 43//43 41//41
f 261//261 41//41 262//262
f 262//262 41//41 39//39
f 262//262 39//39 263//263
f 263//263 39//39 37//37
f 263//263 37//37 264//264
f 264//264 37//37 265//265
f 265//265 37//37 35//35
f 265//265 35//35 33//33
f 265//265 33//33 266//266
f 266//266 33//33 31//31
f 266//266 31//31 267//267
f 267//267 31//31 29//29
f 267//267 29//29 268//268
f 268//268 29//29 27//27
f 268//268 27//27 269//269
f 269//269 27//27 24//24
f 269//269 24//24 270//270
f 270//270 24//24 23//23
f 270//270 23//23 247//247
f 249//249 271//271 119//119
f 119//119 271//271 272//272
f 119//119 272//272 273//273
f 273//273 274//274 119//119
f 119//119 274//274 121//121
f 121//121 274//274 275//275
f 121//121 275//275 123//123
f 123//123 275//275 276//276
f 123//123 276//276 125//125
f 125//125 276//276 277//277
f 125//125 277//277 278//278
f 278//278 277//277 279//279
f 274//274 280//280 275//275
f 125//125 278//278 127//127
f 127//127 278//278 281//281
f 127//127 281//281 129//129
f 129//129 281//281 282//282
f 129//129 282//282 130//130
f 130//130 282//282 283//283
f 130//130 283//283 128//128
f 128//128 283//283 284//284
f 128//128 284//284 126//126
f 126//126 284//284 285//285
f 126//126 285//285 124//124
f 124//124 285//285 286//286
f 124//124 286//286 122//122
f 122//122 286//286 287//287
f 122//122 287//287 120//120
f 120//120 287//287 288//288
f 120//120 288//288 289//289
f 284//284 290//290 285//285
f 289//289 291//291 120//120
f 120//120 291//291 143//143
f 120//120 143//143 118//118
f 118//118 143//143 142//142
f 118//118 142//142 116//116
f 116//116 142//142 141//141
f 116//116 141//141 114//114
f 114//114 141//141 140//140
f 114//114 140//140 112//112
f 112//112 140//140 139//139
f 112//112 139//139 110//110
f 110//110 139//139 138//138
f 110//110 138//138 108//108
f 108//108 138//138 137//137
f 108//108 137//137 106//106
f 106//106 137//137 136//136
f 106//106 136//136 104//104
f 104//104 136//136 135//135
f 104//104 135//135 102//102
f 102//102 135//135 134//134
f 102//102 134//134 66//66
f 66//66 134//134 132//132
f 66//66 132//132 67//67
f 67//67 132//132 131//131
f 67//67 131//131 155//155
f 291//291 292//292 143//143
f 143//143 292//292 169//169
f 169//169 292//292 293//293
f 169//169 293//293 294//294
f 292//292 295//295 293//293
f 169//169 294//294 170//170
f 170//170 294//294 296//296
f 170//170 296//296 173//173
f 173//173 296//296 297//297
f 173//173 297//297 175//175
f 175//175 297//297 298//298
f 175//175 298//298 177//177
f 177//177 298//298 299//299
f 177//177 299//299 179//179
f 179//179 299//299 300//300
f 179//179 300//300 181//181
f 181//181 300//300 301//301
f 181//181 301//301 183//183
f 183//183 301//301 302//302
f 183//183 302//302 185//185
f 185//185 302//302 303//303
f 185//185 303//303 187//187
f 187//187 303//303 304//304
f 187//187 304//304 189//189
f 189//189 304//304 305//305
f 189//189 305//305 44//44
f 44//44 305//305 306//306
f 44//44 306//306 45//45
f 45//45 306//306 307//307
f 45//45 307//307 47//47
f 47//47 307//307 308//308
f 47//47 308//308 49//49
f 49//49 308//308 309//309
f 49//49 309//309 51//51
f 51//51 309//309 53//53
f 53//53 309//309 310//310
f 53//53 310//310 311//311
f 53//53 311//311 55//55
f 55//55 311//311 312//312
f 55//55 312//312 57//57
f 57//57 312//312 313//313
f 57//57 313//313 59//59
f 59//59 313//313 314//314
f 59//59 314//314 61//61
f 61//61 314//314 315//315
f 61//61 315//315 63//63
f 63//63 315//315 316//316
f 63//63 316//316 65//65
f 65//65 316//316 317//317
f 65//65 317//317 144//144
f 144//144 317//317 318//318
f 144//144 318//318 319//319
f 316//316 320//320 317//317
f 144//144 319//319 79//79
f 79//79 319//319 321//321
f 79//79 321//321 322//322
f 79//79 322//322 80//80
f 80//80 322//322 323//323
f 80//80 323//323 81//81
f 81//81 323//323 324//324
f 81//81 324//324 82//82
f 82//82 324//324 325//325
f 82//82 325//325 326//326
f 82//82 326//326 83//83
f 83//83 326//326 327//327
f 83//83 327//327 84//84
f 84//84 327//327 328//328
f 84//84 328//328 85//85
f 85//85 328//328 329//329
f 85//85 329//329 86//86
f 86//86 329//329 330//330
f 86//86 330//330 87//87
f 87//87 330//330 331//331
f 87//87 331//331 332//332
f 330//330 333//333 331//331
f 87//87 332//332 88//88
f 88//88 332//332 334//334
f 88//88 334//334 89//89
f 89//89 334//334 335//335
f 89//89 335//335 90//90
f 90//90 335//335 336//336
f 90//90 336//336 246//246
f 334//334 337//337 335//335
f 79//79 78//78 144//144
f 144//144 78//78 145//145
f 145//145 78//78 77//77
f 145//145 77//77 147//147
f 147//147 77//77 76//76
f 147//147 76//76 148//148
f 148//148 76//76 75//75
f 148//148 75//75 149//149
f 149//149 75//75 74//74
f 149//149 74//74 150//150
f 150//150 74//74 73//73
f 150//150 73//73 151//151
f 151//151 73//73 72//72
f 151//151 72//72 152//152
f 152//152 72//72 71//71
f 152//152 71//71 153//153
f 153//153 71//71 70//70
f 153//153 70//70 154//154
f 154//154 70//70 69//69
f 154//154 69//69 155//155
f 155//155 69//69 67//67
f 65//65 144//144 64//64
f 64//64 144//144 146//146
f 64//64 146//146 227//227
f 227//227 245//245 64//64
f 190//190 192//192 21//21
f 21//21 192//192 214//214
f 21//21 214//214 202//202
f 21//21 22//22 190//190
f 228//228 212//212 25//25
f 25//25 212//212 158//158
f 25//25 158//158 168//168
f 168//168 23//23 25//25
f 211//211 210//210 214//214
f 214//214 210//210 209//209
f 214//214 209//209 208//208
f 208//208 207//207 214//214
f 214//214 207//207 206//206
f 214//214 206//206 205//205
f 205//205 204//204 214//214
f 214//214 204//204 203//203
f 214//214 203//203 202//202
f 215//215 225//225 171//171
f 171//171 225//225 133//133
f 171//171 133//133 143//143
f 143//143 169//169 171//171
f 226//226 237//237 227//227
f 227//227 237//237 238//238
f 227//227 238//238 239//239
f 239//239 240//240 227//227
f 227//227 240//240 241//241
f 227//227 241//241 242//242
f 242//242 243//243 227//227
f 227//227 243//243 244//244
f 227//227 244//244 245//245
f 228//228 229//229 212//212
f 212//212 229//229 230//230
f 212//212 230//230 231//231
f 231//231 232//232 212//212
f 212//212 232//232 233//233
f 212//212 233//233 234//234
f 234//234 235//235 212//212
f 212//212 235//235 236//236
f 212//212 236//236 213//213
f 224//224 225//225 223//223
f 223//223 225//225 222//222
f 222//222 225//225 221//221
f 221//221 225//225 220//220
f 220//220 225//225 219//219
f 219//219 225//225 218//218
f 218//218 225//225 217//217
f 217//217 225//225 216//216
f 216//216 225//225 215//215
f 338//338 339//339 340//340
f 340//340 339//339 341//341
f 340//340 341//341 342//342
f 341//341 339//339 343//343
f 343//343 339//339 344//344
f 343//343 344//344 345//345
f 345//345 344//344 346//346
f 346//346 344//344 347//347
f 346//346 347//347 348//348
f 348//348 347//347 349//349
f 344//344 350//350 347//347
f 342//342 351//351 340//340
f 352//352 353//353 354//354
f 354//354 353//353 355//355
f 356//356 357//357 358//358
f 358//358 357//357 359//359
f 360//360 361//361 345//345
f 345//345 361//361 343//343
f 362//362 363//363 364//364
f 364//364 363//363 365//365
f 364//364 365//365 366//366
f 366//366 365//365 367//367
f 363//363 368//368 365//365
f 365//365 368//368 369//369
f 369//369 361//361 365//365
f 365//365 361//361 367//367
f 361//361 369//369 343//343
f 343//343 369//369 341//341
f 366//366 360//360 364//364
f 364//364 360//360 370//370
f 370//370 371//371 364//364
f 364//364 371//371 362//362
f 371//371 370//370 372//372
f 372//372 370//370 348//348
f 348//348 370//370 346//346
f 361//361 360//360 367//367
f 367//367 360//360 366//366
f 370//370 360//360 346//346
f 346//346 360//360 345//345
f 368//368 373//373 369//369
f 369//369 373//373 342//342
f 369//369 342//342 341//341
f 342//342 373//373 351//351
f 351//351 373//373 374//374
f 374//374 373//373 375//375
f 375//375 373//373 368//368
f 375//375 368//368 376//376
f 376//376 368//368 363//363
f 376//376 363//363 377//377
f 377//377 363//363 362//362
f 377//377 362//362 378//378
f 378//378 362//362 379//379
f 379//379 362//362 371//371
f 379//379 371//371 380//380
f 380//380 371//371 372//372
f 380//380 372//372 381//381
f 382//382 383//383 378//378
f 378//378 383//383 377//377
f 372//372 348//348 381//381
f 381//381 348//348 349//349
f 330//330 339//339 333//333
f 333//333 339//339 338//338
f 333//333 338//338 384//384
f 384//384 338//338 385//385
f 385//385 338//338 356//356
f 385//385 356//356 386//386
f 386//386 356//356 358//358
f 384//384 387//387 333//333
f 388//388 389//389 352//352
f 352//352 389//389 353//353
f 390//390 391//391 392//392
f 392//392 391//391 393//393
f 393//393 391//391 394//394
f 393//393 394//394 395//395
f 395//395 394//394 396//396
f 396//396 394//394 397//397
f 398//398 347//347 399//399
f 399//399 347//347 355//355
f 399//399 355//355 400//400
f 400//400 355//355 401//401
f 347//347 350//350 355//355
f 355//355 350//350 354//354
f 402//402 403//403 340//340
f 340//340 403//403 357//357
f 340//340 357//357 338//338
f 338//338 357//357 356//356
f 403//403 404//404 357//357
f 357//357 404//404 405//405
f 386//386 406//406 385//385
f 385//385 406//406 393//393
f 385//385 393//393 395//395
f 385//385 395//395 407//407
f 407//407 395//395 389//389
f 407//407 389//389 388//388
f 358//358 359//359 386//386
f 386//386 359//359 406//406
f 402//402 375//375 408//408
f 408//408 375//375 376//376
f 376//376 377//377 408//408
f 408//408 377//377 409//409
f 402//402 408//408 403//403
f 403//403 408//408 409//409
f 375//375 402//402 374//374
f 374//374 402//402 351//351
f 351//351 402//402 340//340
f 410//410 398//398 411//411
f 411//411 398//398 399//399
f 410//410 411//411 379//379
f 379//379 411//411 378//378
f 398//398 410//410 380//380
f 380//380 410//410 379//379
f 380//380 381//381 398//398
f 398//398 381//381 349//349
f 398//398 349//349 347//347
f 396//396 401//401 395//395
f 395//395 401//401 389//389
f 389//389 401//401 353//353
f 353//353 401//401 355//355
f 411//411 399//399 378//378
f 378//378 399//399 382//382
f 382//382 399//399 400//400
f 404//404 403//403 383//383
f 383//383 403//403 377//377
f 377//377 403//403 409//409
f 392//392 393//393 405//405
f 405//405 393//393 406//406
f 405//405 406//406 359//359
f 359//359 357//357 405//405
f 390//390 392//392 412//412
f 412//412 392//392 383//383
f 412//412 383//383 413//413
f 413//413 383//383 414//414
f 414//414 383//383 382//382
f 414//414 382//382 415//415
f 415//415 382//382 416//416
f 416//416 382//382 417//417
f 416//416 417//417 418//418
f 418//418 417//417 419//419
f 418//418 419//419 420//420
f 405//405 404//404 392//392
f 392//392 404//404 383//383
f 417//417 382//382 396//396
f 396//396 382//382 400//400
f 396//396 400//400 401//401
f 396//396 397//397 417//417
f 418//418 420//420 421//421
f 421//421 420//420 422//422
f 421//421 422//422 423//423
f 423//423 422//422 424//424
f 424//424 422//422 425//425
f 424//424 425//425 426//426
f 426//426 427//427 424//424
f 413//413 428//428 412//412
f 412//412 428//428 429//429
f 429//429 428//428 430//430
f 430//430 428//428 431//431
f 430//430 431//431 432//432
f 432//432 431//431 433//433
f 432//432 433//433 434//434
f 432//432 434//434 435//435
f 435//435 434//434 436//436
f 435//435 436//436 437//437
f 414//414 415//415 438//438
f 438//438 415//415 439//439
f 416//416 440//440 415//415
f 415//415 440//440 439//439
f 418//418 441//441 416//416
f 416//416 441//441 442//442
f 416//416 442//442 443//443
f 443//443 442//442 444//444
f 443//443 444//444 445//445
f 445//445 444//444 446//446
f 445//445 446//446 447//447
f 447//447 446//446 424//424
f 447//447 424//424 448//448
f 448//448 424//424 449//449
f 448//448 449//449 450//450
f 450//450 449//449 451//451
f 450//450 451//451 452//452
f 452//452 451//451 453//453
f 452//452 453//453 416//416
f 416//416 453//453 454//454
f 416//416 454//454 455//455
f 455//455 454//454 456//456
f 455//455 456//456 457//457
f 457//457 456//456 458//458
f 457//457 458//458 459//459
f 459//459 458//458 424//424
f 459//459 424//424 460//460
f 460//460 424//424 461//461
f 460//460 461//461 462//462
f 462//462 461//461 463//463
f 462//462 463//463 464//464
f 464//464 463//463 465//465
f 464//464 465//465 416//416
f 416//416 465//465 466//466
f 416//416 466//466 467//467
f 467//467 466//466 468//468
f 467//467 468//468 469//469
f 469//469 468//468 470//470
f 469//469 470//470 471//471
f 471//471 470//470 424//424
f 471//471 424//424 472//472
f 472//472 424//424 473//473
f 472//472 473//473 474//474
f 474//474 473//473 475//475
f 474//474 475//475 476//476
f 476//476 475//475 477//477
f 476//476 477//477 416//416
f 416//416 477//477 478//478
f 416//416 478//478 479//479
f 479//479 478//478 480//480
f 479//479 480//480 481//481
f 481//481 480//480 482//482
f 481//481 482//482 483//483
f 483//483 482//482 484//484
f 483//483 484//484 485//485
f 485//485 484//484 486//486
f 485//485 486//486 487//487
f 487//487 486//486 488//488
f 487//487 488//488 489//489
f 489//489 488//488 490//490
f 489//489 490//490 440//440
f 440//440 490//490 491//491
f 440//440 491//491 492//492
f 492//492 491//491 493//493
f 492//492 493//493 494//494
f 494//494 493//493 495//495
f 494//494 495//495 496//496
f 496//496 495//495 484//484
f 496//496 484//484 497//497
f 497//497 484//484 498//498
f 497//497 498//498 499//499
f 499//499 498//498 500//500
f 499//499 500//500 501//501
f 501//501 500//500 502//502
f 501//501 502//502 440//440
f 440//440 502//502 503//503
f 440//440 503//503 504//504
f 504//504 503//503 505//505
f 504//504 505//505 506//506
f 506//506 505//505 507//507
f 506//506 507//507 508//508
f 508//508 507//507 484//484
f 508//508 484//484 509//509
f 509//509 484//484 510//510
f 509//509 510//510 511//511
f 511//511 510//510 512//512
f 511//511 512//512 513//513
f 513//513 512//512 514//514
f 513//513 514//514 440//440
f 440//440 514//514 515//515
f 440//440 515//515 516//516
f 516//516 515//515 517//517
f 516//516 517//517 518//518
f 518//518 517//517 519//519
f 518//518 519//519 520//520
f 520//520 519//519 484//484
f 520//520 484//484 521//521
f 521//521 484//484 522//522
f 521//521 522//522 523//523
f 523//523 522//522 524//524
f 523//523 524//524 525//525
f 525//525 524//524 526//526
f 525//525 526//526 440//440
f 441//441 418//418 527//527
f 527//527 418//418 421//421
f 527//527 421//421 528//528
f 528//528 421//421 423//423
f 528//528 423//423 424//424
f 484//484 529//529 424//424
f 424//424 529//529 530//530
f 424//424 530//530 473//473
f 473//473 530//530 475//475
f 416//416 531//531 440//440
f 440//440 531//531 532//532
f 440//440 532//532 489//489
f 489//489 532//532 487//487
f 442//442 441//441 533//533
f 533//533 441//441 527//527
f 533//533 527//527 534//534
f 534//534 527//527 528//528
f 534//534 528//528 424//424
f 443//443 535//535 416//416
f 416//416 535//535 536//536
f 416//416 536//536 452//452
f 452//452 536//536 450//450
f 443//443 445//445 535//535
f 535//535 445//445 537//537
f 535//535 537//537 536//536
f 536//536 537//537 450//450
f 454//454 453//453 538//538
f 538//538 453//453 451//451
f 538//538 451//451 539//539
f 539//539 451//451 449//449
f 539//539 449//449 424//424
f 455//455 540//540 416//416
f 416//416 540//540 541//541
f 416//416 541//541 464//464
f 464//464 541//541 462//462
f 455//455 457//457 540//540
f 540//540 457//457 542//542
f 540//540 542//542 541//541
f 541//541 542//542 462//462
f 466//466 465//465 543//543
f 543//543 465//465 463//463
f 543//543 463//463 544//544
f 544//544 463//463 461//461
f 544//544 461//461 424//424
f 467//467 545//545 416//416
f 416//416 545//545 546//546
f 416//416 546//546 476//476
f 476//476 546//546 474//474
f 467//467 469//469 545//545
f 545//545 469//469 547//547
f 545//545 547//547 546//546
f 546//546 547//547 474//474
f 531//531 416//416 479//479
f 478//478 477//477 548//548
f 548//548 477//477 475//475
f 548//548 475//475 530//530
f 479//479 481//481 531//531
f 531//531 481//481 549//549
f 531//531 549//549 532//532
f 532//532 549//549 487//487
f 491//491 490//490 550//550
f 550//550 490//490 488//488
f 550//550 488//488 551//551
f 551//551 488//488 486//486
f 551//551 486//486 484//484
f 492//492 552//552 440//440
f 440//440 552//552 553//553
f 440//440 553//553 501//501
f 501//501 553//553 499//499
f 492//492 494//494 552//552
f 552//552 494//494 554//554
f 552//552 554//554 553//553
f 553//553 554//554 499//499
f 503//503 502//502 555//555
f 555//555 502//502 500//500
f 555//555 500//500 556//556
f 556//556 500//500 498//498
f 556//556 498//498 484//484
f 504//504 557//557 440//440
f 440//440 557//557 558//558
f 440//440 558//558 513//513
f 513//513 558//558 511//511
f 504//504 506//506 557//557
f 557//557 506//506 559//559
f 557//557 559//559 558//558
f 558//558 559//559 511//511
f 515//515 514//514 560//560
f 560//560 514//514 512//512
f 560//560 512//512 561//561
f 561//561 512//512 510//510
f 561//561 510//510 484//484
f 516//516 562//562 440//440
f 440//440 562//562 563//563
f 440//440 563//563 525//525
f 525//525 563//563 523//523
f 516//516 518//518 562//562
f 562//562 518//518 564//564
f 562//562 564//564 563//563
f 563//563 564//564 523//523
f 442//442 533//533 444//444
f 444//444 533//533 565//565
f 444//444 565//565 446//446
f 446//446 565//565 424//424
f 565//565 533//533 534//534
f 448//448 450//450 537//537
f 448//448 537//537 447//447
f 447//447 537//537 445//445
f 454//454 538//538 456//456
f 456//456 538//538 566//566
f 456//456 566//566 458//458
f 458//458 566//566 424//424
f 566//566 538//538 539//539
f 460//460 462//462 542//542
f 460//460 542//542 459//459
f 459//459 542//542 457//457
f 466//466 543//543 468//468
f 468//468 543//543 567//567
f 468//468 567//567 470//470
f 470//470 567//567 424//424
f 567//567 543//543 544//544
f 472//472 474//474 547//547
f 472//472 547//547 471//471
f 471//471 547//547 469//469
f 478//478 548//548 480//480
f 480//480 548//548 529//529
f 480//480 529//529 482//482
f 482//482 529//529 484//484
f 529//529 548//548 530//530
f 485//485 487//487 549//549
f 485//485 549//549 483//483
f 483//483 549//549 481//481
f 491//491 550//550 493//493
f 493//493 550//550 568//568
f 493//493 568//568 495//495
f 495//495 568//568 484//484
f 568//568 550//550 551//551
f 497//497 499//499 554//554
f 497//497 554//554 496//496
f 496//496 554//554 494//494
f 503//503 555//555 505//505
f 505//505 555//555 569//569
f 505//505 569//569 507//507
f 507//507 569//569 484//484
f 569//569 555//555 556//556
f 509//509 511//511 559//559
f 509//509 559//559 508//508
f 508//508 559//559 506//506
f 515//515 560//560 517//517
f 517//517 560//560 570//570
f 517//517 570//570 519//519
f 519//519 570//570 484//484
f 570//570 560//560 561//561
f 521//521 523//523 564//564
f 521//521 564//564 520//520
f 520//520 564//564 518//518
f 424//424 565//565 534//534
f 424//424 566//566 539//539
f 424//424 567//567 544//544
f 484//484 568//568 551//551
f 484//484 569//569 556//556
f 484//484 570//570 561//561
f 427//427 571//571 424//424
f 424//424 571//571 484//484
f 426//426 572//572 427//427
f 427//427 572//572 571//571
f 426//426 425//425 572//572
f 572//572 425//425 573//573
f 422//422 574//574 425//425
f 425//425 574//574 575//575
f 425//425 575//575 576//576
f 576//576 575//575 577//577
f 576//576 577//577 578//578
f 578//578 577//577 579//579
f 578//578 579//579 580//580
f 580//580 579//579 417//417
f 580//580 417//417 581//581
f 581//581 417//417 582//582
f 581//581 582//582 583//583
f 583//583 582//582 584//584
f 583//583 584//584 585//585
f 585//585 584//584 586//586
f 585//585 586//586 425//425
f 425//425 586//586 587//587
f 425//425 587//587 588//588
f 588//588 587//587 589//589
f 588//588 589//589 590//590
f 590//590 589//589 591//591
f 590//590 591//591 592//592
f 592//592 591//591 417//417
f 592//592 417//417 593//593
f 593//593 417//417 594//594
f 593//593 594//594 595//595
f 595//595 594//594 596//596
f 595//595 596//596 597//597
f 597//597 596//596 598//598
f 597//597 598//598 425//425
f 425//425 598//598 599//599
f 425//425 599//599 600//600
f 600//600 599//599 601//601
f 600//600 601//601 602//602
f 602//602 601//601 603//603
f 602//602 603//603 604//604
f 604//604 603//603 417//417
f 604//604 417//417 605//605
f 605//605 417//417 606//606
f 605//605 606//606 607//607
f 607//607 606//606 608//608
f 607//607 608//608 609//609
f 609//609 608//608 610//610
f 609//609 610//610 425//425
f 425//425 610//610 611//611
f 425//425 611//611 612//612
f 612//612 611//611 613//613
f 612//612 613//613 614//614
f 614//614 613//613 615//615
f 614//614 615//615 616//616
f 616//616 615//615 617//617
f 616//616 617//617 618//618
f 618//618 617//617 619//619
f 618//618 619//619 620//620
f 620//620 619//619 621//621
f 620//620 621//621 622//622
f 622//622 621//621 623//623
f 622//622 623//623 573//573
f 573//573 623//623 624//624
f 573//573 624//624 625//625
f 625//625 624//624 626//626
f 625//625 626//626 627//627
f 627//627 626//626 628//628
f 627//627 628//628 629//629
f 629//629 628//628 617//617
f 629//629 617//617 630//630
f 630//630 617//617 631//631
f 630//630 631//631 632//632
f 632//632 631//631 633//633
f 632//632 633//633 634//634
f 634//634 633//633 635//635
f 634//634 635//635 573//573
f 573//573 635//635 636//636
f 573//573 636//636 637//637
f 637//637 636//636 638//638
f 637//637 638//638 639//639
f 639//639 638//638 640//640
f 639//639 640//640 641//641
f 641//641 640//640 617//617
f 641//641 617//617 642//642
f 642//642 617//617 643//643
f 642//642 643//643 644//644
f 644//644 643//643 645//645
f 644//644 645//645 646//646
f 646//646 645//645 647//647
f 646//646 647//647 573//573
f 573//573 647//647 648//648
f 573//573 648//648 649//649
f 649//649 648//648 650//650
f 649//649 650//650 651//651
f 651//651 650//650 652//652
f 651//651 652//652 653//653
f 653//653 652//652 617//617
f 653//653 617//617 654//654
f 654//654 617//617 655//655
f 654//654 655//655 656//656
f 656//656 655//655 657//657
f 656//656 657//657 658//658
f 658//658 657//657 659//659
f 658//658 659//659 573//573
f 574//574 422//422 660//660
f 660//660 422//422 420//420
f 660//660 420//420 661//661
f 661//661 420//420 419//419
f 661//661 419//419 417//417
f 617//617 662//662 417//417
f 417//417 662//662 663//663
f 417//417 663//663 606//606
f 606//606 663//663 608//608
f 425//425 664//664 573//573
f 573//573 664//664 665//665
f 573//573 665//665 622//622
f 622//622 665//665 620//620
f 575//575 574//574 666//666
f 666//666 574//574 660//660
f 666//666 660//660 667//667
f 667//667 660//660 661//661
f 667//667 661//661 417//417
f 576//576 668//668 425//425
f 425//425 668//668 669//669
f 425//425 669//669 585//585
f 585//585 669//669 583//583
f 576//576 578//578 668//668
f 668//668 578//578 670//670
f 668//668 670//670 669//669
f 669//669 670//670 583//583
f 587//587 586//586 671//671
f 671//671 586//586 584//584
f 671//671 584//584 672//672
f 672//672 584//584 582//582
f 672//672 582//582 417//417
f 588//588 673//673 425//425
f 425//425 673//673 674//674
f 425//425 674//674 597//597
f 597//597 674//674 595//595
f 588//588 590//590 673//673
f 673//673 590//590 675//675
f 673//673 675//675 674//674
f 674//674 675//675 595//595
f 599//599 598//598 676//676
f 676//676 598//598 596//596
f 676//676 596//596 677//677
f 677//677 596//596 594//594
f 677//677 594//594 417//417
f 600//600 678//678 425//425
f 425//425 678//678 679//679
f 425//425 679//679 609//609
f 609//609 679//679 607//607
f 600//600 602//602 678//678
f 678//678 602//602 680//680
f 678//678 680//680 679//679
f 679//679 680//680 607//607
f 664//664 425//425 612//612
f 611//611 610//610 681//681
f 681//681 610//610 608//608
f 681//681 608//608 663//663
f 612//612 614//614 664//664
f 664//664 614//614 682//682
f 664//664 682//682 665//665
f 665//665 682//682 620//620
f 624//624 623//623 683//683
f 683//683 623//623 621//621
f 683//683 621//621 684//684
f 684//684 621//621 619//619
f 684//684 619//619 617//617
f 625//625 685//685 573//573
f 573//573 685//685 686//686
f 573//573 686//686 634//634
f 634//634 686//686 632//632
f 625//625 627//627 685//685
f 685//685 627//627 687//687
f 685//685 687//687 686//686
f 686//686 687//687 632//632
f 636//636 635//635 688//688
f 688//688 635//635 633//633
f 688//688 633//633 689//689
f 689//689 633//633 631//631
f 689//689 631//631 617//617
f 637//637 690//690 573//573
f 573//573 690//690 691//691
f 573//573 691//691 646//646
f 646//646 691//691 644//644
f 637//637 639//639 690//690
f 690//690 639//639 692//692
f 690//690 692//692 691//691
f 691//691 692//692 644//644
f 648//648 647//647 693//693
f 693//693 647//647 645//645
f 693//693 645//645 694//694
f 694//694 645//645 643//643
f 694//694 643//643 617//617
f 649//649 695//695 573//573
f 573//573 695//695 696//696
f 573//573 696//696 658//658
f 658//658 696//696 656//656
f 649//649 651//651 695//695
f 695//695 651//651 697//697
f 695//695 697//697 696//696
f 696//696 697//697 656//656
f 575//575 666//666 577//577
f 577//577 666//666 698//698
f 577//577 698//698 579//579
f 579//579 698//698 417//417
f 698//698 666//666 667//667
f 581//581 583//583 670//670
f 581//581 670//670 580//580
f 580//580 670//670 578//578
f 587//587 671//671 589//589
f 589//589 671//671 699//699
f 589//589 699//699 591//591
f 591//591 699//699 417//417
f 699//699 671//671 672//672
f 593//593 595//595 675//675
f 593//593 675//675 592//592
f 592//592 675//675 590//590
f 599//599 676//676 601//601
f 601//601 676//676 700//700
f 601//601 700//700 603//603
f 603//603 700//700 417//417
f 700//700 676//676 677//677
f 605//605 607//607 680//680
f 605//605 680//680 604//604
f 604//604 680//680 602//602
f 611//611 681//681 613//613
f 613//613 681//681 662//662
f 613//613 662//662 615//615
f 615//615 662//662 617//617
f 662//662 681//681 663//663
f 618//618 620//620 682//682
f 618//618 682//682 616//616
f 616//616 682//682 614//614
f 624//624 683//683 626//626
f 626//626 683//683 701//701
f 626//626 701//701 628//628
f 628//628 701//701 617//617
f 701//701 683//683 684//684
f 630//630 632//632 687//687
f 630//630 687//687 629//629
f 629//629 687//687 627//627
f 636//636 688//688 638//638
f 638//638 688//688 702//702
f 638//638 702//702 640//640
f 640//640 702//702 617//617
f 702//702 688//688 689//689
f 642//642 644//644 692//692
f 642//642 692//692 641//641
f 641//641 692//692 639//639
f 648//648 693//693 650//650
f 650//650 693//693 703//703
f 650//650 703//703 652//652
f 652//652 703//703 617//617
f 703//703 693//693 694//694
f 654//654 656//656 697//697
f 654//654 697//697 653//653
f 653//653 697//697 651//651
f 417//417 698//698 667//667
f 417//417 699//699 672//672
f 417//417 700//700 677//677
f 617//617 701//701 684//684
f 617//617 702//702 689//689
f 617//617 703//703 694//694
f 617//617 417//417 704//704
f 704//704 417//417 397//397
f 704//704 397//397 705//705
f 705//705 397//397 394//394
f 704//704 706//706 617//617
f 617//617 706//706 707//707
f 708//708 709//709 710//710
f 710//710 709//709 711//711
f 710//710 711//711 712//712
f 711//711 709//709 713//713
f 713//713 709//709 714//714
f 713//713 714//714 715//715
f 715//715 714//714 716//716
f 716//716 714//714 717//717
f 716//716 717//717 718//718
f 718//718 717//717 719//719
f 714//714 720//720 717//717
f 712//712 721//721 710//710
f 722//722 723//723 724//724
f 724//724 723//723 725//725
f 726//726 727//727 728//728
f 728//728 727//727 729//729
f 730//730 731//731 715//715
f 715//715 731//731 713//713
f 732//732 733//733 734//734
f 734//734 733//733 735//735
f 734//734 735//735 736//736
f 736//736 735//735 737//737
f 733//733 738//738 735//735
f 735//735 738//738 739//739
f 739//739 731//731 735//735
f 735//735 731//731 737//737
f 731//731 739//739 713//713
f 713//713 739//739 711//711
f 736//736 730//730 734//734
f 734//734 730//730 740//740
f 740//740 741//741 734//734
f 734//734 741//741 732//732
f 741//741 740//740 742//742
f 742//742 740//740 718//718
f 718//718 740//740 716//716
f 731//731 730//730 737//737
f 737//737 730//730 736//736
f 740//740 730//730 716//716
f 716//716 730//730 715//715
f 738//738 743//743 739//739
f 739//739 743//743 712//712
f 739//739 712//712 711//711
f 712//712 743//743 721//721
f 721//721 743//743 744//744
f 744//744 743//743 745//745
f 745//745 743//743 738//738
f 745//745 738//738 746//746
f 746//746 738//738 733//733
f 746//746 733//733 747//747
f 747//747 733//733 732//732
f 747//747 732//732 748//748
f 748//748 732//732 749//749
f 749//749 732//732 741//741
f 749//749 741//741 750//750
f 750//750 741//741 742//742
f 750//750 742//742 751//751
f 752//752 753//753 748//748
f 748//748 753//753 747//747
f 742//742 718//718 751//751
f 751//751 718//718 719//719
f 284//284 709//709 290//290
f 290//290 709//709 708//708
f 290//290 708//708 754//754
f 754//754 708//708 755//755
f 755//755 708//708 726//726
f 755//755 726//726 756//756
f 756//756 726//726 728//728
f 754//754 757//757 290//290
f 728//728 729//729 756//756
f 756//756 729//729 758//758
f 759//759 760//760 722//722
f 722//722 760//760 723//723
f 761//761 717//717 762//762
f 762//762 717//717 725//725
f 762//762 725//725 763//763
f 763//763 725//725 764//764
f 717//717 720//720 725//725
f 725//725 720//720 724//724
f 765//765 766//766 710//710
f 710//710 766//766 727//727
f 710//710 727//727 708//708
f 708//708 727//727 726//726
f 766//766 767//767 727//727
f 727//727 767//767 768//768
f 756//756 758//758 755//755
f 755//755 758//758 769//769
f 755//755 769//769 770//770
f 755//755 770//770 771//771
f 771//771 770//770 760//760
f 771//771 760//760 759//759
f 765//765 745//745 772//772
f 772//772 745//745 746//746
f 746//746 747//747 772//772
f 772//772 747//747 773//773
f 765//765 772//772 766//766
f 766//766 772//772 773//773
f 745//745 765//765 744//744
f 744//744 765//765 721//721
f 721//721 765//765 710//710
f 774//774 761//761 775//775
f 775//775 761//761 762//762
f 774//774 775//775 749//749
f 749//749 775//775 748//748
f 761//761 774//774 750//750
f 750//750 774//774 749//749
f 750//750 751//751 761//761
f 761//761 751//751 719//719
f 761//761 719//719 717//717
f 776//776 764//764 770//770
f 770//770 764//764 760//760
f 760//760 764//764 723//723
f 723//723 764//764 725//725
f 775//775 762//762 748//748
f 748//748 762//762 752//752
f 752//752 762//762 763//763
f 767//767 766//766 753//753
f 753//753 766//766 747//747
f 747//747 766//766 773//773
f 777//777 769//769 768//768
f 768//768 769//769 758//758
f 768//768 758//758 729//729
f 729//729 727//727 768//768
f 763//763 776//776 752//752
f 752//752 776//776 777//777
f 752//752 777//777 753//753
f 753//753 777//777 767//767
f 767//767 777//777 768//768
f 763//763 764//764 776//776
f 770//770 769//769 776//776
f 776//776 769//769 777//777
f 709//709 282//282 714//714
f 714//714 282//282 281//281
f 714//714 281//281 278//278
f 284//284 283//283 709//709
f 709//709 283//283 282//282
f 778//778 779//779 780//780
f 780//780 779//779 781//781
f 780//780 781//781 782//782
f 782//782 781//781 783//783
f 782//782 783//783 784//784
f 784//784 783//783 785//785
f 784//784 785//785 704//704
f 704//704 785//785 706//706
f 437//437 436//436 786//786
f 786//786 436//436 787//787
f 435//435 437//437 788//788
f 788//788 437//437 786//786
f 434//434 789//789 436//436
f 436//436 789//789 787//787
f 391//391 790//790 394//394
f 394//394 790//790 705//705
f 413//413 414//414 791//791
f 791//791 414//414 438//438
f 572//572 786//786 571//571
f 571//571 786//786 787//787
f 571//571 787//787 439//439
f 439//439 787//787 438//438
f 438//438 787//787 792//792
f 438//438 792//792 793//793
f 573//573 659//659 572//572
f 572//572 659//659 657//657
f 572//572 657//657 707//707
f 707//707 657//657 655//655
f 707//707 655//655 617//617
f 707//707 794//794 572//572
f 572//572 794//794 786//786
f 795//795 796//796 794//794
f 794//794 796//796 797//797
f 794//794 797//797 786//786
f 786//786 797//797 798//798
f 786//786 798//798 788//788
f 789//789 799//799 787//787
f 787//787 799//799 792//792
f 793//793 791//791 438//438
f 440//440 526//526 439//439
f 439//439 526//526 524//524
f 439//439 524//524 571//571
f 571//571 524//524 522//522
f 571//571 522//522 484//484
f 433//433 800//800 434//434
f 434//434 800//800 801//801
f 434//434 801//801 802//802
f 802//802 801//801 803//803
f 802//802 803//803 804//804
f 804//804 803//803 805//805
f 804//804 805//805 806//806
f 806//806 805//805 413//413
f 806//806 413//413 807//807
f 807//807 413//413 808//808
f 807//807 808//808 809//809
f 809//809 808//808 810//810
f 809//809 810//810 811//811
f 811//811 810//810 812//812
f 811//811 812//812 434//434
f 434//434 812//812 813//813
f 434//434 813//813 814//814
f 814//814 813//813 815//815
f 814//814 815//815 816//816
f 816//816 815//815 817//817
f 816//816 817//817 818//818
f 818//818 817//817 413//413
f 818//818 413//413 819//819
f 819//819 413//413 820//820
f 819//819 820//820 821//821
f 821//821 820//820 822//822
f 821//821 822//822 823//823
f 823//823 822//822 824//824
f 823//823 824//824 434//434
f 434//434 824//824 825//825
f 434//434 825//825 826//826
f 826//826 825//825 827//827
f 826//826 827//827 828//828
f 828//828 827//827 829//829
f 828//828 829//829 830//830
f 830//830 829//829 413//413
f 830//830 413//413 831//831
f 831//831 413//413 832//832
f 831//831 832//832 833//833
f 833//833 832//832 834//834
f 833//833 834//834 835//835
f 835//835 834//834 836//836
f 835//835 836//836 434//434
f 434//434 836//836 837//837
f 434//434 837//837 838//838
f 838//838 837//837 839//839
f 838//838 839//839 840//840
f 840//840 839//839 841//841
f 840//840 841//841 842//842
f 842//842 841//841 791//791
f 842//842 791//791 843//843
f 843//843 791//791 844//844
f 843//843 844//844 845//845
f 845//845 844//844 846//846
f 845//845 846//846 847//847
f 847//847 846//846 848//848
f 847//847 848//848 789//789
f 789//789 848//848 849//849
f 789//789 849//849 850//850
f 850//850 849//849 851//851
f 850//850 851//851 852//852
f 852//852 851//851 853//853
f 852//852 853//853 854//854
f 854//854 853//853 791//791
f 854//854 791//791 855//855
f 855//855 791//791 856//856
f 855//855 856//856 857//857
f 857//857 856//856 858//858
f 857//857 858//858 859//859
f 859//859 858//858 860//860
f 859//859 860//860 789//789
f 789//789 860//860 861//861
f 789//789 861//861 862//862
f 862//862 861//861 863//863
f 862//862 863//863 864//864
f 864//864 863//863 865//865
f 864//864 865//865 866//866
f 866//866 865//865 791//791
f 866//866 791//791 867//867
f 867//867 791//791 868//868
f 867//867 868//868 869//869
f 869//869 868//868 870//870
f 869//869 870//870 871//871
f 871//871 870//870 872//872
f 871//871 872//872 789//789
f 789//789 872//872 873//873
f 789//789 873//873 874//874
f 874//874 873//873 875//875
f 874//874 875//875 876//876
f 876//876 875//875 877//877
f 876//876 877//877 878//878
f 878//878 877//877 791//791
f 878//878 791//791 879//879
f 879//879 791//791 793//793
f 879//879 793//793 880//880
f 880//880 793//793 792//792
f 880//880 792//792 881//881
f 881//881 792//792 799//799
f 881//881 799//799 789//789
f 800//800 433//433 882//882
f 882//882 433//433 431//431
f 882//882 431//431 883//883
f 883//883 431//431 428//428
f 883//883 428//428 413//413
f 791//791 884//884 413//413
f 413//413 884//884 885//885
f 413//413 885//885 832//832
f 832//832 885//885 834//834
f 434//434 886//886 789//789
f 789//789 886//886 887//887
f 789//789 887//887 847//847
f 847//847 887//887 845//845
f 801//801 800//800 888//888
f 888//888 800//800 882//882
f 888//888 882//882 889//889
f 889//889 882//882 883//883
f 889//889 883//883 413//413
f 802//802 890//890 434//434
f 434//434 890//890 891//891
f 434//434 891//891 811//811
f 811//811 891//891 809//809
f 802//802 804//804 890//890
f 890//890 804//804 892//892
f 890//890 892//892 891//891
f 891//891 892//892 809//809
f 813//813 812//812 893//893
f 893//893 812//812 810//810
f 893//893 810//810 894//894
f 894//894 810//810 808//808
f 894//894 808//808 413//413
f 814//814 895//895 434//434
f 434//434 895//895 896//896
f 434//434 896//896 823//823
f 823//823 896//896 821//821
f 814//814 816//816 895//895
f 895//895 816//816 897//897
f 895//895 897//897 896//896
f 896//896 897//897 821//821
f 825//825 824//824 898//898
f 898//898 824//824 822//822
f 898//898 822//822 899//899
f 899//899 822//822 820//820
f 899//899 820//820 413//413
f 826//826 900//900 434//434
f 434//434 900//900 901//901
f 434//434 901//901 835//835
f 835//835 901//901 833//833
f 826//826 828//828 900//900
f 900//900 828//828 902//902
f 900//900 902//902 901//901
f 901//901 902//902 833//833
f 886//886 434//434 838//838
f 837//837 836//836 903//903
f 903//903 836//836 834//834
f 903//903 834//834 885//885
f 838//838 840//840 886//886
f 886//886 840//840 904//904
f 886//886 904//904 887//887
f 887//887 904//904 845//845
f 849//849 848//848 905//905
f 905//905 848//848 846//846
f 905//905 846//846 906//906
f 906//906 846//846 844//844
f 906//906 844//844 791//791
f 850//850 907//907 789//789
f 789//789 907//907 908//908
f 789//789 908//908 859//859
f 859//859 908//908 857//857
f 850//850 852//852 907//907
f 907//907 852//852 909//909
f 907//907 909//909 908//908
f 908//908 909//909 857//857
f 861//861 860//860 910//910
f 910//910 860//860 858//858
f 910//910 858//858 911//911
f 911//911 858//858 856//856
f 911//911 856//856 791//791
f 862//862 912//912 789//789
f 789//789 912//912 913//913
f 789//789 913//913 871//871
f 871//871 913//913 869//869
f 862//862 864//864 912//912
f 912//912 864//864 914//914
f 912//912 914//914 913//913
f 913//913 914//914 869//869
f 873//873 872//872 915//915
f 915//915 872//872 870//870
f 915//915 870//870 916//916
f 916//916 870//870 868//868
f 916//916 868//868 791//791
f 874//874 917//917 789//789
f 789//789 917//917 918//918
f 789//789 918//918 881//881
f 881//881 918//918 880//880
f 874//874 876//876 917//917
f 917//917 876//876 919//919
f 917//917 919//919 918//918
f 918//918 919//919 880//880
f 801//801 888//888 803//803
f 803//803 888//888 920//920
f 803//803 920//920 805//805
f 805//805 920//920 413//413
f 920//920 888//888 889//889
f 807//807 809//809 892//892
f 807//807 892//892 806//806
f 806//806 892//892 804//804
f 813//813 893//893 815//815
f 815//815 893//893 921//921
f 815//815 921//921 817//817
f 817//817 921//921 413//413
f 921//921 893//893 894//894
f 819//819 821//821 897//897
f 819//819 897//897 818//818
f 818//818 897//897 816//816
f 825//825 898//898 827//827
f 827//827 898//898 922//922
f 827//827 922//922 829//829
f 829//829 922//922 413//413
f 922//922 898//898 899//899
f 831//831 833//833 902//902
f 831//831 902//902 830//830
f 830//830 902//902 828//828
f 837//837 903//903 839//839
f 839//839 903//903 884//884
f 839//839 884//884 841//841
f 841//841 884//884 791//791
f 884//884 903//903 885//885
f 843//843 845//845 904//904
f 843//843 904//904 842//842
f 842//842 904//904 840//840
f 849//849 905//905 851//851
f 851//851 905//905 923//923
f 851//851 923//923 853//853
f 853//853 923//923 791//791
f 923//923 905//905 906//906
f 855//855 857//857 909//909
f 855//855 909//909 854//854
f 854//854 909//909 852//852
f 861//861 910//910 863//863
f 863//863 910//910 924//924
f 863//863 924//924 865//865
f 865//865 924//924 791//791
f 924//924 910//910 911//911
f 867//867 869//869 914//914
f 867//867 914//914 866//866
f 866//866 914//914 864//864
f 873//873 915//915 875//875
f 875//875 915//915 925//925
f 875//875 925//925 877//877
f 877//877 925//925 791//791
f 925//925 915//915 916//916
f 879//879 880//880 919//919
f 879//879 919//919 878//878
f 878//878 919//919 876//876
f 413//413 920//920 889//889
f 413//413 921//921 894//894
f 413//413 922//922 899//899
f 791//791 923//923 906//906
f 791//791 924//924 911//911
f 791//791 925//925 916//916
f 429//429 926//926 412//412
f 412//412 926//926 927//927
f 412//412 927//927 928//928
f 928//928 927//927 929//929
f 928//928 929//929 930//930
f 930//930 929//929 931//931
f 930//930 931//931 932//932
f 932//932 931//931 435//435
f 932//932 435//435 933//933
f 933//933 435//435 934//934
f 933//933 934//934 935//935
f 935//935 934//934 936//936
f 935//935 936//936 937//937
f 937//937 936//936 938//938
f 937//937 938//938 412//412
f 412//412 938//938 939//939
f 412//412 939//939 940//940
f 940//940 939//939 941//941
f 940//940 941//941 942//942
f 942//942 941//941 943//943
f 942//942 943//943 944//944
f 944//944 943//943 435//435
f 944//944 435//435 945//945
f 945//945 435//435 946//946
f 945//945 946//946 947//947
f 947//947 946//946 948//948
f 947//947 948//948 949//949
f 949//949 948//948 950//950
f 949//949 950//950 412//412
f 412//412 950//950 951//951
f 412//412 951//951 952//952
f 952//952 951//951 953//953
f 952//952 953//953 954//954
f 954//954 953//953 955//955
f 954//954 955//955 956//956
f 956//956 955//955 435//435
f 956//956 435//435 957//957
f 957//957 435//435 958//958
f 957//957 958//958 959//959
f 959//959 958//958 960//960
f 959//959 960//960 961//961
f 961//961 960//960 962//962
f 961//961 962//962 412//412
f 412//412 962//962 963//963
f 412//412 963//963 964//964
f 964//964 963//963 965//965
f 964//964 965//965 966//966
f 966//966 965//965 967//967
f 966//966 967//967 968//968
f 968//968 967//967 788//788
f 968//968 788//788 969//969
f 969//969 788//788 970//970
f 969//969 970//970 971//971
f 971//971 970//970 972//972
f 971//971 972//972 973//973
f 973//973 972//972 974//974
f 973//973 974//974 795//795
f 795//795 974//974 975//975
f 795//795 975//975 976//976
f 976//976 975//975 977//977
f 976//976 977//977 978//978
f 978//978 977//977 979//979
f 978//978 979//979 980//980
f 980//980 979//979 788//788
f 980//980 788//788 981//981
f 981//981 788//788 982//982
f 981//981 982//982 983//983
f 983//983 982//982 984//984
f 983//983 984//984 985//985
f 985//985 984//984 986//986
f 985//985 986//986 795//795
f 795//795 986//986 987//987
f 795//795 987//987 988//988
f 988//988 987//987 989//989
f 988//988 989//989 990//990
f 990//990 989//989 991//991
f 990//990 991//991 992//992
f 992//992 991//991 788//788
f 992//992 788//788 993//993
f 993//993 788//788 994//994
f 993//993 994//994 995//995
f 995//995 994//994 996//996
f 995//995 996//996 997//997
f 997//997 996//996 998//998
f 997//997 998//998 795//795
f 795//795 998//998 999//999
f 795//795 999//999 1000//1000
f 1000//1000 999//999 1001//1001
f 1000//1000 1001//1001 1002//1002
f 1002//1002 1001//1001 1003//1003
f 1002//1002 1003//1003 1004//1004
f 1004//1004 1003//1003 788//788
f 1004//1004 788//788 1005//1005
f 1005//1005 788//788 798//798
f 1005//1005 798//798 1006//1006
f 1006//1006 798//798 797//797
f 1006//1006 797//797 1007//1007
f 1007//1007 797//797 796//796
f 1007//1007 796//796 795//795
f 926//926 429//429 1008//1008
f 1008//1008 429//429 430//430
f 1008//1008 430//430 1009//1009
f 1009//1009 430//430 432//432
f 1009//1009 432//432 435//435
f 788//788 1010//1010 435//435
f 435//435 1010//1010 1011//1011
f 435//435 1011//1011 958//958
f 958//958 1011//1011 960//960
f 412//412 1012//1012 795//795
f 795//795 1012//1012 1013//1013
f 795//795 1013//1013 973//973
f 973//973 1013//1013 971//971
f 927//927 926//926 1014//1014
f 1014//1014 926//926 1008//1008
f 1014//1014 1008//1008 1015//1015
f 1015//1015 1008//1008 1009//1009
f 1015//1015 1009//1009 435//435
f 928//928 1016//1016 412//412
f 412//412 1016//1016 1017//1017
f 412//412 1017//1017 937//937
f 937//937 1017//1017 935//935
f 928//928 930//930 1016//1016
f 1016//1016 930//930 1018//1018
f 1016//1016 1018//1018 1017//1017
f 1017//1017 1018//1018 935//935
f 939//939 938//938 1019//1019
f 1019//1019 938//938 936//936
f 1019//1019 936//936 1020//1020
f 1020//1020 936//936 934//934
f 1020//1020 934//934 435//435
f 940//940 1021//1021 412//412
f 412//412 1021//1021 1022//1022
f 412//412 1022//1022 949//949
f 949//949 1022//1022 947//947
f 940//940 942//942 1021//1021
f 1021//1021 942//942 1023//1023
f 1021//1021 1023//1023 1022//1022
f 1022//1022 1023//1023 947//947
f 951//951 950//950 1024//1024
f 1024//1024 950//950 948//948
f 1024//1024 948//948 1025//1025
f 1025//1025 948//948 946//946
f 1025//1025 946//946 435//435
f 952//952 1026//1026 412//412
f 412//412 1026//1026 1027//1027
f 412//412 1027//1027 961//961
f 961//961 1027//1027 959//959
f 952//952 954//954 1026//1026
f 1026//1026 954//954 1028//1028
f 1026//1026 1028//1028 1027//1027
f 1027//1027 1028//1028 959//959
f 1012//1012 412//412 964//964
f 963//963 962//962 1029//1029
f 1029//1029 962//962 960//960
f 1029//1029 960//960 1011//1011
f 964//964 966//966 1012//1012
f 1012//1012 966//966 1030//1030
f 1012//1012 1030//1030 1013//1013
f 1013//1013 1030//1030 971//971
f 975//975 974//974 1031//1031
f 1031//1031 974//974 972//972
f 1031//1031 972//972 1032//1032
f 1032//1032 972//972 970//970
f 1032//1032 970//970 788//788
f 976//976 1033//1033 795//795
f 795//795 1033//1033 1034//1034
f 795//795 1034//1034 985//985
f 985//985 1034//1034 983//983
f 976//976 978//978 1033//1033
f 1033//1033 978//978 1035//1035
f 1033//1033 1035//1035 1034//1034
f 1034//1034 1035//1035 983//983
f 987//987 986//986 1036//1036
f 1036//1036 986//986 984//984
f 1036//1036 984//984 1037//1037
f 1037//1037 984//984 982//982
f 1037//1037 982//982 788//788
f 988//988 1038//1038 795//795
f 795//795 1038//1038 1039//1039
f 795//795 1039//1039 997//997
f 997//997 1039//1039 995//995
f 988//988 990//990 1038//1038
f 1038//1038 990//990 1040//1040
f 1038//1038 1040//1040 1039//1039
f 1039//1039 1040//1040 995//995
f 999//999 998//998 1041//1041
f 1041//1041 998//998 996//996
f 1041//1041 996//996 1042//1042
f 1042//1042 996//996 994//994
f 1042//1042 994//994 788//788
f 1000//1000 1043//1043 795//795
f 795//795 1043//1043 1044//1044
f 795//795 1044//1044 1007//1007
f 1007//1007 1044//1044 1006//1006
f 1000//1000 1002//1002 1043//1043
f 1043//1043 1002//1002 1045//1045
f 1043//1043 1045//1045 1044//1044
f 1044//1044 1045//1045 1006//1006
f 927//927 1014//1014 929//929
f 929//929 1014//1014 1046//1046
f 929//929 1046//1046 931//931
f 931//931 1046//1046 435//435
f 1046//1046 1014//1014 1015//1015
f 933//933 935//935 1018//1018
f 933//933 1018//1018 932//932
f 932//932 1018//1018 930//930
f 939//939 1019//1019 941//941
f 941//941 1019//1019 1047//1047
f 941//941 1047//1047 943//943
f 943//943 1047//1047 435//435
f 1047//1047 1019//1019 1020//1020
f 945//945 947//947 1023//1023
f 945//945 1023//1023 944//944
f 944//944 1023//1023 942//942
f 951//951 1024//1024 953//953
f 953//953 1024//1024 1048//1048
f 953//953 1048//1048 955//955
f 955//955 1048//1048 435//435
f 1048//1048 1024//1024 1025//1025
f 957//957 959//959 1028//1028
f 957//957 1028//1028 956//956
f 956//956 1028//1028 954//954
f 963//963 1029//1029 965//965
f 965//965 1029//1029 1010//1010
f 965//965 1010//1010 967//967
f 967//967 1010//1010 788//788
f 1010//1010 1029//1029 1011//1011
f 969//969 971//971 1030//1030
f 969//969 1030//1030 968//968
f 968//968 1030//1030 966//966
f 975//975 1031//1031 977//977
f 977//977 1031//1031 1049//1049
f 977//977 1049//1049 979//979
f 979//979 1049//1049 788//788
f 1049//1049 1031//1031 1032//1032
f 981//981 983//983 1035//1035
f 981//981 1035//1035 980//980
f 980//980 1035//1035 978//978
f 987//987 1036//1036 989//989
f 989//989 1036//1036 1050//1050
f 989//989 1050//1050 991//991
f 991//991 1050//1050 788//788
f 1050//1050 1036//1036 1037//1037
f 993//993 995//995 1040//1040
f 993//993 1040//1040 992//992
f 992//992 1040//1040 990//990
f 999//999 1041//1041 1001//1001
f 1001//1001 1041//1041 1051//1051
f 1001//1001 1051//1051 1003//1003
f 1003//1003 1051//1051 788//788
f 1051//1051 1041//1041 1042//1042
f 1005//1005 1006//1006 1045//1045
f 1005//1005 1045//1045 1004//1004
f 1004//1004 1045//1045 1002//1002
f 435//435 1046//1046 1015//1015
f 435//435 1047//1047 1020//1020
f 435//435 1048//1048 1025//1025
f 788//788 1049//1049 1032//1032
f 788//788 1050//1050 1037//1037
f 788//788 1051//1051 1042//1042
f 412//412 778//778 390//390
f 390//390 778//778 790//790
f 390//390 790//790 391//391
f 412//412 795//795 778//778
f 778//778 795//795 779//779
f 779//779 795//795 794//794
f 779//779 794//794 1052//1052
f 1052//1052 794//794 1053//1053
f 1053//1053 794//794 1054//1054
f 1054//1054 794//794 771//771
f 771//771 794//794 707//707
f 771//771 707//707 755//755
f 755//755 707//707 754//754
f 754//754 707//707 1055//1055
f 1055//1055 707//707 1056//1056
f 1056//1056 707//707 706//706
f 339//339 328//328 344//344
f 344//344 328//328 327//327
f 344//344 327//327 326//326
f 330//330 329//329 339//339
f 339//339 329//329 328//328
f 778//778 1057//1057 790//790
f 790//790 1057//1057 1058//1058
f 790//790 1058//1058 384//384
f 384//384 385//385 790//790
f 790//790 385//385 407//407
f 790//790 407//407 705//705
f 705//705 407//407 1059//1059
f 705//705 1059//1059 1060//1060
f 1060//1060 1061//1061 705//705
f 705//705 1061//1061 704//704
f 334//334 1062//1062 337//337
f 337//337 1062//1062 1063//1063
f 337//337 1063//1063 1064//1064
f 1064//1064 1063//1063 1065//1065
f 1065//1065 1063//1063 1066//1066
f 1066//1066 1063//1063 1067//1067
f 1067//1067 1063//1063 1068//1068
f 1068//1068 1063//1063 1069//1069
f 1069//1069 1063//1063 1070//1070
f 1070//1070 1063//1063 1071//1071
f 1071//1071 1063//1063 1072//1072
f 1072//1072 1063//1063 1073//1073
f 1072//1072 1073//1073 1074//1074
f 1062//1062 334//334 1075//1075
f 1075//1075 334//334 332//332
f 1075//1075 332//332 331//331
f 333//333 387//387 331//331
f 331//331 387//387 1075//1075
f 325//325 324//324 1076//1076
f 1076//1076 324//324 1077//1077
f 1077//1077 324//324 323//323
f 1077//1077 323//323 322//322
f 1077//1077 322//322 1078//1078
f 1078//1078 322//322 321//321
f 1078//1078 321//321 1079//1079
f 1079//1079 321//321 1080//1080
f 1079//1079 1080//1080 1081//1081
f 1081//1081 1082//1082 1079//1079
f 1079//1079 1082//1082 1083//1083
f 1079//1079 1083//1083 1084//1084
f 1084//1084 1085//1085 1079//1079
f 1079//1079 1085//1085 1086//1086
f 1079//1079 1086//1086 1087//1087
f 1079//1079 1087//1087 1088//1088
f 1088//1088 1087//1087 1089//1089
f 1088//1088 1089//1089 1090//1090
f 344//344 325//325 350//350
f 350//350 325//325 1059//1059
f 350//350 1059//1059 407//407
f 344//344 326//326 325//325
f 325//325 1076//1076 1059//1059
f 350//350 407//407 354//354
f 354//354 407//407 388//388
f 354//354 388//388 352//352
f 1063//1063 1091//1091 1073//1073
f 1073//1073 1091//1091 1092//1092
f 1073//1073 1092//1092 1074//1074
f 1074//1074 1092//1092 1093//1093
f 1074//1074 1093//1093 1072//1072
f 1072//1072 1093//1093 1094//1094
f 1072//1072 1094//1094 1071//1071
f 1071//1071 1094//1094 1095//1095
f 1071//1071 1095//1095 1070//1070
f 1070//1070 1095//1095 1096//1096
f 1070//1070 1096//1096 1069//1069
f 1069//1069 1096//1096 1097//1097
f 1069//1069 1097//1097 1068//1068
f 1068//1068 1097//1097 1098//1098
f 1068//1068 1098//1098 1067//1067
f 1067//1067 1098//1098 1099//1099
f 1067//1067 1099//1099 1066//1066
f 1066//1066 1099//1099 1100//1100
f 1066//1066 1100//1100 1065//1065
f 1065//1065 1100//1100 1101//1101
f 1065//1065 1101//1101 1064//1064
f 1064//1064 1101//1101 1102//1102
f 1064//1064 1102//1102 337//337
f 337//337 1102//1102 335//335
f 321//321 319//319 1080//1080
f 1080//1080 319//319 1103//1103
f 1080//1080 1103//1103 1081//1081
f 1081//1081 1103//1103 1104//1104
f 1081//1081 1104//1104 1082//1082
f 1082//1082 1104//1104 1105//1105
f 1082//1082 1105//1105 1083//1083
f 1083//1083 1105//1105 1106//1106
f 1083//1083 1106//1106 1084//1084
f 1084//1084 1106//1106 1107//1107
f 1084//1084 1107//1107 1085//1085
f 1085//1085 1107//1107 1108//1108
f 1085//1085 1108//1108 1086//1086
f 1086//1086 1108//1108 1109//1109
f 1086//1086 1109//1109 1087//1087
f 1087//1087 1109//1109 1110//1110
f 1087//1087 1110//1110 1089//1089
f 1089//1089 1110//1110 1111//1111
f 1089//1089 1111//1111 1090//1090
f 1090//1090 1111//1111 1112//1112
f 1090//1090 1112//1112 1088//1088
f 1088//1088 1112//1112 1113//1113
f 1088//1088 1113//1113 1079//1079
f 1079//1079 1113//1113 1114//1114
f 1114//1114 1113//1113 1115//1115
f 1115//1115 1113//1113 1112//1112
f 1115//1115 1112//1112 1111//1111
f 1115//1115 1111//1111 1116//1116
f 1116//1116 1111//1111 1110//1110
f 1116//1116 1110//1110 1109//1109
f 1116//1116 1109//1109 1117//1117
f 1117//1117 1109//1109 1108//1108
f 1117//1117 1108//1108 1107//1107
f 1117//1117 1107//1107 1118//1118
f 1118//1118 1107//1107 1106//1106
f 1118//1118 1106//1106 1119//1119
f 1119//1119 1106//1106 1120//1120
f 1119//1119 1120//1120 1121//1121
f 1121//1121 1120//1120 1122//1122
f 1122//1122 1120//1120 1123//1123
f 1123//1123 1120//1120 1124//1124
f 1124//1124 1120//1120 1125//1125
f 1124//1124 1125//1125 1126//1126
f 1126//1126 1125//1125 1127//1127
f 1127//1127 1125//1125 1128//1128
f 1128//1128 1125//1125 1129//1129
f 1129//1129 1125//1125 1130//1130
f 1130//1130 1125//1125 1131//1131
f 1130//1130 1131//1131 1132//1132
f 1132//1132 1131//1131 1133//1133
f 1132//1132 1133//1133 1134//1134
f 1134//1134 1133//1133 1135//1135
f 1134//1134 1135//1135 1136//1136
f 1106//1106 1105//1105 1120//1120
f 1120//1120 1105//1105 320//320
f 320//320 1105//1105 1104//1104
f 320//320 1104//1104 1103//1103
f 319//319 318//318 1103//1103
f 1103//1103 318//318 317//317
f 1103//1103 317//317 320//320
f 1131//1131 1125//1125 1137//1137
f 1137//1137 1125//1125 295//295
f 1137//1137 295//295 1138//1138
f 1138//1138 295//295 1139//1139
f 1139//1139 295//295 292//292
f 1139//1139 292//292 291//291
f 291//291 289//289 1139//1139
f 1134//1134 1136//1136 1140//1140
f 1140//1140 1136//1136 1141//1141
f 1140//1140 1141//1141 1142//1142
f 1140//1140 1142//1142 1143//1143
f 1143//1143 1142//1142 1144//1144
f 1143//1143 1144//1144 1145//1145
f 1145//1145 1146//1146 1143//1143
f 287//287 1147//1147 288//288
f 288//288 1147//1147 1148//1148
f 288//288 1148//1148 1149//1149
f 1149//1149 1148//1148 1150//1150
f 1150//1150 1148//1148 1151//1151
f 1151//1151 1148//1148 1152//1152
f 1152//1152 1148//1148 1153//1153
f 1153//1153 1148//1148 1154//1154
f 1154//1154 1148//1148 1155//1155
f 1155//1155 1148//1148 1156//1156
f 1156//1156 1148//1148 1157//1157
f 1157//1157 1148//1148 1158//1158
f 1157//1157 1158//1158 1159//1159
f 1147//1147 287//287 1160//1160
f 1160//1160 287//287 286//286
f 1160//1160 286//286 285//285
f 290//290 757//757 285//285
f 285//285 757//757 1160//1160
f 279//279 277//277 1161//1161
f 1161//1161 277//277 1162//1162
f 1162//1162 277//277 276//276
f 1162//1162 276//276 275//275
f 1162//1162 275//275 1163//1163
f 1163//1163 275//275 280//280
f 1163//1163 280//280 1164//1164
f 1164//1164 280//280 1165//1165
f 1164//1164 1165//1165 1166//1166
f 1166//1166 1167//1167 1164//1164
f 1164//1164 1167//1167 1168//1168
f 1164//1164 1168//1168 1169//1169
f 1169//1169 1170//1170 1164//1164
f 1164//1164 1170//1170 1171//1171
f 1164//1164 1171//1171 1172//1172
f 1164//1164 1172//1172 1173//1173
f 1173//1173 1172//1172 1174//1174
f 1173//1173 1174//1174 1175//1175
f 714//714 279//279 720//720
f 720//720 279//279 1054//1054
f 720//720 1054//1054 771//771
f 714//714 278//278 279//279
f 279//279 1161//1161 1054//1054
f 720//720 771//771 724//724
f 724//724 771//771 759//759
f 724//724 759//759 722//722
f 1148//1148 1146//1146 1158//1158
f 1158//1158 1146//1146 1145//1145
f 1158//1158 1145//1145 1159//1159
f 1159//1159 1145//1145 1144//1144
f 1159//1159 1144//1144 1157//1157
f 1157//1157 1144//1144 1142//1142
f 1157//1157 1142//1142 1156//1156
f 1156//1156 1142//1142 1141//1141
f 1156//1156 1141//1141 1155//1155
f 1155//1155 1141//1141 1136//1136
f 1155//1155 1136//1136 1154//1154
f 1154//1154 1136//1136 1135//1135
f 1154//1154 1135//1135 1153//1153
f 1153//1153 1135//1135 1133//1133
f 1153//1153 1133//1133 1152//1152
f 1152//1152 1133//1133 1131//1131
f 1152//1152 1131//1131 1151//1151
f 1151//1151 1131//1131 1137//1137
f 1151//1151 1137//1137 1150//1150
f 1150//1150 1137//1137 1138//1138
f 1150//1150 1138//1138 1149//1149
f 1149//1149 1138//1138 1139//1139
f 1149//1149 1139//1139 288//288
f 288//288 1139//1139 289//289
f 280//280 274//274 1165//1165
f 1165//1165 274//274 1176//1176
f 1165//1165 1176//1176 1166//1166
f 1166//1166 1176//1176 1177//1177
f 1166//1166 1177//1177 1167//1167
f 1167//1167 1177//1177 1178//1178
f 1167//1167 1178//1178 1168//1168
f 1168//1168 1178//1178 1179//1179
f 1168//1168 1179//1179 1169//1169
f 1169//1169 1179//1179 1180//1180
f 1169//1169 1180//1180 1170//1170
f 1170//1170 1180//1180 1181//1181
f 1170//1170 1181//1181 1171//1171
f 1171//1171 1181//1181 1182//1182
f 1171//1171 1182//1182 1172//1172
f 1172//1172 1182//1182 1183//1183
f 1172//1172 1183//1183 1174//1174
f 1174//1174 1183//1183 1184//1184
f 1174//1174 1184//1184 1175//1175
f 1175//1175 1184//1184 1185//1185
f 1175//1175 1185//1185 1173//1173
f 1173//1173 1185//1185 1186//1186
f 1173//1173 1186//1186 1164//1164
f 1164//1164 1186//1186 1187//1187
f 260//260 261//261 1188//1188
f 1188//1188 261//261 262//262
f 1188//1188 262//262 1189//1189
f 1189//1189 262//262 263//263
f 1189//1189 263//263 1190//1190
f 1190//1190 263//263 264//264
f 1190//1190 264//264 1191//1191
f 1191//1191 264//264 265//265
f 1191//1191 265//265 1192//1192
f 1192//1192 265//265 266//266
f 1192//1192 266//266 1193//1193
f 1193//1193 266//266 267//267
f 1193//1193 267//267 1194//1194
f 1194//1194 267//267 268//268
f 1194//1194 268//268 1195//1195
f 1195//1195 268//268 269//269
f 1195//1195 269//269 1196//1196
f 1196//1196 269//269 270//270
f 1196//1196 270//270 1197//1197
f 1197//1197 270//270 247//247
f 316//316 315//315 1198//1198
f 1198//1198 315//315 1199//1199
f 1199//1199 315//315 314//314
f 1199//1199 314//314 1200//1200
f 1200//1200 314//314 313//313
f 1200//1200 313//313 1201//1201
f 1201//1201 313//313 312//312
f 1201//1201 312//312 1202//1202
f 1202//1202 312//312 311//311
f 1202//1202 311//311 1203//1203
f 1203//1203 311//311 310//310
f 1203//1203 310//310 1204//1204
f 1204//1204 310//310 309//309
f 1204//1204 309//309 1205//1205
f 1205//1205 309//309 308//308
f 1205//1205 308//308 1206//1206
f 1206//1206 308//308 307//307
f 1206//1206 307//307 1207//1207
f 1207//1207 307//307 306//306
f 1207//1207 306//306 305//305
f 305//305 304//304 1208//1208
f 1208//1208 304//304 303//303
f 1208//1208 303//303 1209//1209
f 1209//1209 303//303 302//302
f 1209//1209 302//302 1210//1210
f 1210//1210 302//302 301//301
f 1210//1210 301//301 1211//1211
f 1211//1211 301//301 300//300
f 1211//1211 300//300 1212//1212
f 1212//1212 300//300 299//299
f 1212//1212 299//299 1213//1213
f 1213//1213 299//299 298//298
f 1213//1213 298//298 1214//1214
f 1214//1214 298//298 297//297
f 1214//1214 297//297 1215//1215
f 1215//1215 297//297 296//296
f 1215//1215 296//296 1216//1216
f 1216//1216 296//296 294//294
f 1216//1216 294//294 1217//1217
f 1217//1217 294//294 293//293
f 249//249 250//250 1218//1218
f 1218//1218 250//250 1219//1219
f 1219//1219 250//250 251//251
f 1219//1219 251//251 1220//1220
f 1220//1220 251//251 252//252
f 1220//1220 252//252 1221//1221
f 1221//1221 252//252 253//253
f 1221//1221 253//253 1222//1222
f 1222//1222 253//253 254//254
f 1222//1222 254//254 1223//1223
f 1223//1223 254//254 255//255
f 1223//1223 255//255 1224//1224
f 1224//1224 255//255 256//256
f 1224//1224 256//256 1225//1225
f 1225//1225 256//256 257//257
f 1225//1225 257//257 1226//1226
f 1226//1226 257//257 258//258
f 1226//1226 258//258 1227//1227
f 1227//1227 258//258 259//259
f 1227//1227 259//259 260//260
f 335//335 1102//1102 336//336
f 336//336 1102//1102 246//246
f 246//246 1102//1102 248//248
f 248//248 1102//1102 1101//1101
f 248//248 1101//1101 1100//1100
f 248//248 1100//1100 1228//1228
f 1228//1228 1100//1100 1099//1099
f 1228//1228 1099//1099 1229//1229
f 1229//1229 1099//1099 1230//1230
f 1230//1230 1099//1099 1098//1098
f 1230//1230 1098//1098 1231//1231
f 1231//1231 1098//1098 1097//1097
f 1231//1231 1097//1097 1096//1096
f 1231//1231 1096//1096 1232//1232
f 1232//1232 1096//1096 1095//1095
f 1232//1232 1095//1095 1094//1094
f 1232//1232 1094//1094 1233//1233
f 1233//1233 1094//1094 1093//1093
f 1233//1233 1093//1093 1092//1092
f 1092//1092 1091//1091 1233//1233
f 1229//1229 1234//1234 1228//1228
f 1228//1228 1234//1234 1235//1235
f 1228//1228 1235//1235 1236//1236
f 1236//1236 1237//1237 1228//1228
f 1228//1228 1237//1237 1238//1238
f 1228//1228 1238//1238 1239//1239
f 1239//1239 1238//1238 1240//1240
f 1239//1239 1240//1240 1241//1241
f 1241//1241 1242//1242 1239//1239
f 1239//1239 1242//1242 1243//1243
f 1239//1239 1243//1243 1179//1179
f 1179//1179 1243//1243 1244//1244
f 1179//1179 1244//1244 1180//1180
f 1180//1180 1244//1244 1245//1245
f 1180//1180 1245//1245 1181//1181
f 1181//1181 1245//1245 1182//1182
f 1182//1182 1245//1245 1246//1246
f 1182//1182 1246//1246 1183//1183
f 1183//1183 1246//1246 1184//1184
f 1184//1184 1246//1246 1247//1247
f 1184//1184 1247//1247 1185//1185
f 1185//1185 1247//1247 1186//1186
f 1186//1186 1247//1247 1187//1187
f 1179//1179 1178//1178 1239//1239
f 1239//1239 1178//1178 271//271
f 271//271 1178//1178 1177//1177
f 271//271 1177//1177 1176//1176
f 274//274 273//273 1176//1176
f 1176//1176 273//273 272//272
f 1176//1176 272//272 271//271
f 1248//1248 1218//1218 1249//1249
f 1249//1249 1218//1218 1219//1219
f 1249//1249 1219//1219 1250//1250
f 1250//1250 1219//1219 1220//1220
f 1250//1250 1220//1220 1251//1251
f 1251//1251 1220//1220 1221//1221
f 1251//1251 1221//1221 1252//1252
f 1252//1252 1221//1221 1222//1222
f 1252//1252 1222//1222 1253//1253
f 1253//1253 1222//1222 1223//1223
f 1253//1253 1223//1223 1254//1254
f 1254//1254 1223//1223 1224//1224
f 1254//1254 1224//1224 1255//1255
f 1255//1255 1224//1224 1225//1225
f 1255//1255 1225//1225 1256//1256
f 1256//1256 1225//1225 1226//1226
f 1256//1256 1226//1226 1257//1257
f 1257//1257 1226//1226 1227//1227
f 1257//1257 1227//1227 1258//1258
f 1258//1258 1227//1227 1239//1239
f 1239//1239 1227//1227 260//260
f 1239//1239 260//260 1228//1228
f 1228//1228 260//260 1188//1188
f 1228//1228 1188//1188 1259//1259
f 1259//1259 1188//1188 1260//1260
f 1217//1217 1261//1261 1216//1216
f 1216//1216 1261//1261 1262//1262
f 1216//1216 1262//1262 1215//1215
f 1215//1215 1262//1262 1263//1263
f 1215//1215 1263//1263 1214//1214
f 1214//1214 1263//1263 1264//1264
f 1214//1214 1264//1264 1213//1213
f 1213//1213 1264//1264 1265//1265
f 1213//1213 1265//1265 1212//1212
f 1212//1212 1265//1265 1266//1266
f 1212//1212 1266//1266 1211//1211
f 1211//1211 1266//1266 1267//1267
f 1211//1211 1267//1267 1210//1210
f 1210//1210 1267//1267 1268//1268
f 1210//1210 1268//1268 1209//1209
f 1209//1209 1268//1268 1269//1269
f 1209//1209 1269//1269 1208//1208
f 1208//1208 1269//1269 1270//1270
f 1270//1270 1271//1271 1208//1208
f 1208//1208 1271//1271 1125//1125
f 1208//1208 1125//1125 305//305
f 305//305 1125//1125 1120//1120
f 305//305 1120//1120 1207//1207
f 1207//1207 1120//1120 1272//1272
f 1207//1207 1272//1272 1273//1273
f 1260//1260 1188//1188 1274//1274
f 1274//1274 1188//1188 1189//1189
f 1274//1274 1189//1189 1275//1275
f 1275//1275 1189//1189 1190//1190
f 1275//1275 1190//1190 1276//1276
f 1276//1276 1190//1190 1191//1191
f 1276//1276 1191//1191 1277//1277
f 1277//1277 1191//1191 1192//1192
f 1277//1277 1192//1192 1278//1278
f 1278//1278 1192//1192 1193//1193
f 1278//1278 1193//1193 1279//1279
f 1279//1279 1193//1193 1194//1194
f 1279//1279 1194//1194 1280//1280
f 1280//1280 1194//1194 1195//1195
f 1280//1280 1195//1195 1281//1281
f 1281//1281 1195//1195 1196//1196
f 1281//1281 1196//1196 1282//1282
f 1282//1282 1196//1196 1197//1197
f 1207//1207 1273//1273 1206//1206
f 1206//1206 1273//1273 1283//1283
f 1206//1206 1283//1283 1205//1205
f 1205//1205 1283//1283 1284//1284
f 1205//1205 1284//1284 1204//1204
f 1204//1204 1284//1284 1285//1285
f 1204//1204 1285//1285 1203//1203
f 1203//1203 1285//1285 1286//1286
f 1203//1203 1286//1286 1202//1202
f 1202//1202 1286//1286 1287//1287
f 1202//1202 1287//1287 1201//1201
f 1201//1201 1287//1287 1288//1288
f 1201//1201 1288//1288 1200//1200
f 1200//1200 1288//1288 1289//1289
f 1200//1200 1289//1289 1199//1199
f 1199//1199 1289//1289 1290//1290
f 1199//1199 1290//1290 1198//1198
f 1198//1198 1290//1290 1291//1291
f 247//247 248//248 1197//1197
f 1197//1197 248//248 1228//1228
f 1197//1197 1228//1228 1259//1259
f 1259//1259 1282//1282 1197//1197
f 293//293 295//295 1217//1217
f 1217//1217 295//295 1125//1125
f 1217//1217 1125//1125 1271//1271
f 1271//1271 1261//1261 1217//1217
f 1248//1248 1258//1258 1218//1218
f 1218//1218 1258//1258 1239//1239
f 1218//1218 1239//1239 271//271
f 271//271 249//249 1218//1218
f 1260//1260 1274//1274 1259//1259
f 1259//1259 1274//1274 1275//1275
f 1259//1259 1275//1275 1276//1276
f 1276//1276 1277//1277 1259//1259
f 1259//1259 1277//1277 1278//1278
f 1259//1259 1278//1278 1279//1279
f 1279//1279 1280//1280 1259//1259
f 1259//1259 1280//1280 1281//1281
f 1259//1259 1281//1281 1282//1282
f 1261//1261 1271//1271 1262//1262
f 1262//1262 1271//1271 1263//1263
f 1263//1263 1271//1271 1264//1264
f 1264//1264 1271//1271 1265//1265
f 1265//1265 1271//1271 1266//1266
f 1266//1266 1271//1271 1267//1267
f 1267//1267 1271//1271 1268//1268
f 1268//1268 1271//1271 1269//1269
f 1269//1269 1271//1271 1270//1270
f 1291//1291 1272//1272 1198//1198
f 1198//1198 1272//1272 1120//1120
f 1198//1198 1120//1120 320//320
f 320//320 316//316 1198//1198
f 1247//1247 1292//1292 1187//1187
f 1187//1187 1292//1292 1293//1293
f 1187//1187 1293//1293 1163//1163
f 1163//1163 1293//1293 1294//1294
f 1163//1163 1294//1294 1162//1162
f 1162//1162 1294//1294 1161//1161
f 1161//1161 1294//1294 1295//1295
f 1161//1161 1295//1295 1053//1053
f 1053//1053 1295//1295 1052//1052
f 1052//1052 1295//1295 779//779
f 779//779 1295//1295 1296//1296
f 779//779 1296//1296 781//781
f 781//781 1296//1296 1297//1297
f 781//781 1297//1297 783//783
f 783//783 1297//1297 785//785
f 785//785 1297//1297 1298//1298
f 785//785 1298//1298 706//706
f 706//706 1298//1298 1299//1299
f 706//706 1299//1299 1056//1056
f 1056//1056 1299//1299 757//757
f 1056//1056 757//757 1055//1055
f 1055//1055 757//757 754//754
f 1292//1292 1247//1247 1300//1300
f 1300//1300 1247//1247 1246//1246
f 1300//1300 1246//1246 1301//1301
f 1301//1301 1246//1246 1245//1245
f 1301//1301 1245//1245 1302//1302
f 1302//1302 1245//1245 1244//1244
f 1302//1302 1244//1244 1303//1303
f 1303//1303 1244//1244 1243//1243
f 1303//1303 1243//1243 1304//1304
f 1304//1304 1243//1243 1242//1242
f 1304//1304 1242//1242 1305//1305
f 1305//1305 1242//1242 1241//1241
f 1305//1305 1241//1241 1306//1306
f 1306//1306 1241//1241 1240//1240
f 1306//1306 1240//1240 1307//1307
f 1307//1307 1240//1240 1238//1238
f 1307//1307 1238//1238 1308//1308
f 1308//1308 1238//1238 1237//1237
f 1308//1308 1237//1237 1309//1309
f 1309//1309 1237//1237 1236//1236
f 1309//1309 1236//1236 1310//1310
f 1310//1310 1236//1236 1235//1235
f 1310//1310 1235//1235 1311//1311
f 1311//1311 1235//1235 1234//1234
f 1311//1311 1234//1234 1312//1312
f 1312//1312 1234//1234 1229//1229
f 1312//1312 1229//1229 1313//1313
f 1313//1313 1229//1229 1230//1230
f 1313//1313 1230//1230 1314//1314
f 1314//1314 1230//1230 1231//1231
f 1314//1314 1231//1231 1315//1315
f 1315//1315 1231//1231 1232//1232
f 1315//1315 1232//1232 1316//1316
f 1316//1316 1232//1232 1233//1233
f 1316//1316 1233//1233 1317//1317
f 1317//1317 1233//1233 1091//1091
f 1317//1317 1091//1091 1318//1318
f 1318//1318 1091//1091 1063//1063
f 1318//1318 1063//1063 1062//1062
f 1318//1318 1062//1062 1319//1319
f 1319//1319 1062//1062 1075//1075
f 1319//1319 1075//1075 1320//1320
f 1320//1320 1075//1075 387//387
f 1320//1320 387//387 1321//1321
f 1321//1321 387//387 778//778
f 1321//1321 778//778 780//780
f 384//384 1058//1058 387//387
f 387//387 1058//1058 1057//1057
f 387//387 1057//1057 778//778
f 1321//1321 780//780 1322//1322
f 1322//1322 780//780 782//782
f 1322//1322 782//782 1323//1323
f 1323//1323 782//782 784//784
f 1323//1323 784//784 1324//1324
f 1324//1324 784//784 704//704
f 1324//1324 704//704 1076//1076
f 1076//1076 704//704 1061//1061
f 1076//1076 1061//1061 1060//1060
f 1060//1060 1059//1059 1076//1076
f 1324//1324 1076//1076 1325//1325
f 1325//1325 1076//1076 1077//1077
f 1325//1325 1077//1077 1326//1326
f 1326//1326 1077//1077 1078//1078
f 1326//1326 1078//1078 1327//1327
f 1327//1327 1078//1078 1079//1079
f 1327//1327 1079//1079 1114//1114
f 1327//1327 1114//1114 1328//1328
f 1328//1328 1114//1114 1115//1115
f 1328//1328 1115//1115 1329//1329
f 1329//1329 1115//1115 1116//1116
f 1329//1329 1116//1116 1330//1330
f 1330//1330 1116//1116 1117//1117
f 1330//1330 1117//1117 1331//1331
f 1331//1331 1117//1117 1118//1118
f 1331//1331 1118//1118 1332//1332
f 1332//1332 1118//1118 1119//1119
f 1332//1332 1119//1119 1333//1333
f 1333//1333 1119//1119 1121//1121
f 1333//1333 1121//1121 1334//1334
f 1334//1334 1121//1121 1122//1122
f 1334//1334 1122//1122 1335//1335
f 1335//1335 1122//1122 1123//1123
f 1335//1335 1123//1123 1336//1336
f 1336//1336 1123//1123 1124//1124
f 1336//1336 1124//1124 1337//1337
f 1337//1337 1124//1124 1126//1126
f 1337//1337 1126//1126 1338//1338
f 1338//1338 1126//1126 1127//1127
f 1338//1338 1127//1127 1339//1339
f 1339//1339 1127//1127 1128//1128
f 1339//1339 1128//1128 1340//1340
f 1340//1340 1128//1128 1129//1129
f 1340//1340 1129//1129 1341//1341
f 1341//1341 1129//1129 1130//1130
f 1341//1341 1130//1130 1342//1342
f 1342//1342 1130//1130 1132//1132
f 1342//1342 1132//1132 1343//1343
f 1343//1343 1132//1132 1134//1134
f 1343//1343 1134//1134 1344//1344
f 1344//1344 1134//1134 1140//1140
f 1344//1344 1140//1140 1345//1345
f 1345//1345 1140//1140 1143//1143
f 1345//1345 1143//1143 1346//1346
f 1346//1346 1143//1143 1146//1146
f 1346//1346 1146//1146 1347//1347
f 1347//1347 1146//1146 1147//1147
f 1347//1347 1147//1147 1348//1348
f 1348//1348 1147//1147 1160//1160
f 1348//1348 1160//1160 757//757
f 1146//1146 1148//1148 1147//1147
f 1053//1053 1054//1054 1161//1161
f 1163//1163 1164//1164 1187//1187
f 1299//1299 1348//1348 757//757
f 1248//1248 1249//1249 1258//1258
f 1258//1258 1249//1249 1250//1250
f 1258//1258 1250//1250 1251//1251
f 1251//1251 1252//1252 1258//1258
f 1258//1258 1252//1252 1253//1253
f 1258//1258 1253//1253 1254//1254
f 1254//1254 1255//1255 1258//1258
f 1258//1258 1255//1255 1256//1256
f 1258//1258 1256//1256 1257//1257
f 1291//1291 1290//1290 1272//1272
f 1272//1272 1290//1290 1289//1289
f 1272//1272 1289//1289 1288//1288
f 1288//1288 1287//1287 1272//1272
f 1272//1272 1287//1287 1286//1286
f 1272//1272 1286//1286 1285//1285
f 1285//1285 1284//1284 1272//1272
f 1272//1272 1284//1284 1283//1283
f 1272//1272 1283//1283 1273//1273
f 1349//1349 1350//1350 1351//1351
f 1351//1351 1350//1350 1352//1352
f 1351//1351 1352//1352 1353//1353
f 1353//1353 1352//1352 1354//1354
f 1353//1353 1354//1354 1355//1355
f 1355//1355 1354//1354 1356//1356
f 1355//1355 1356//1356 1357//1357
f 1357//1357 1356//1356 1358//1358
f 1357//1357 1358//1358 1359//1359
f 1359//1359 1358//1358 1360//1360
f 1359//1359 1360//1360 1361//1361
f 1361//1361 1360//1360 1362//1362
f 1361//1361 1362//1362 1363//1363
f 1363//1363 1362//1362 1364//1364
f 1363//1363 1364//1364 1365//1365
f 1365//1365 1364//1364 1366//1366
f 1365//1365 1366//1366 1367//1367
f 1367//1367 1366//1366 1368//1368
f 1367//1367 1368//1368 1369//1369
f 1369//1369 1368//1368 1370//1370
f 1369//1369 1370//1370 1371//1371
f 1371//1371 1370//1370 1372//1372
f 1371//1371 1372//1372 1373//1373
f 1373//1373 1372//1372 1374//1374
f 1373//1373 1374//1374 1375//1375
f 1375//1375 1374//1374 1376//1376
f 1375//1375 1376//1376 1377//1377
f 1377//1377 1376//1376 1378//1378
f 1377//1377 1378//1378 1379//1379
f 1379//1379 1378//1378 1380//1380
f 1379//1379 1380//1380 1381//1381
f 1381//1381 1380//1380 1382//1382
f 1381//1381 1382//1382 1383//1383
f 1383//1383 1382//1382 1384//1384
f 1383//1383 1384//1384 1385//1385
f 1385//1385 1384//1384 1386//1386
f 1385//1385 1386//1386 1387//1387
f 1387//1387 1386//1386 1388//1388
f 1387//1387 1388//1388 1389//1389
f 1389//1389 1388//1388 1390//1390
f 1389//1389 1390//1390 1391//1391
f 1391//1391 1390//1390 1392//1392
f 1391//1391 1392//1392 1393//1393
f 1393//1393 1392//1392 1394//1394
f 1393//1393 1394//1394 1395//1395
f 1395//1395 1394//1394 1396//1396
f 1395//1395 1396//1396 1397//1397
f 1397//1397 1396//1396 1398//1398
f 1397//1397 1398//1398 1399//1399
f 1399//1399 1398//1398 1400//1400
f 1399//1399 1400//1400 1401//1401
f 1401//1401 1400//1400 1402//1402
f 1401//1401 1402//1402 1403//1403
f 1403//1403 1402//1402 1404//1404
f 1403//1403 1404//1404 1405//1405
f 1405//1405 1404//1404 1406//1406
f 1405//1405 1406//1406 1407//1407
f 1407//1407 1406//1406 1408//1408
f 1407//1407 1408//1408 1349//1349
f 1349//1349 1408//1408 1350//1350
f 1350//1350 1384//1384 1352//1352
f 1352//1352 1384//1384 1382//1382
f 1352//1352 1382//1382 1354//1354
f 1354//1354 1382//1382 1380//1380
f 1354//1354 1380//1380 1356//1356
f 1356//1356 1380//1380 1378//1378
f 1356//1356 1378//1378 1358//1358
f 1358//1358 1378//1378 1376//1376
f 1358//1358 1376//1376 1360//1360
f 1360//1360 1376//1376 1374//1374
f 1360//1360 1374//1374 1362//1362
f 1362//1362 1374//1374 1372//1372
f 1362//1362 1372//1372 1364//1364
f 1364//1364 1372//1372 1370//1370
f 1364//1364 1370//1370 1366//1366
f 1366//1366 1370//1370 1368//1368
f 1384//1384 1350//1350 1386//1386
f 1386//1386 1350//1350 1408//1408
f 1386//1386 1408//1408 1388//1388
f 1388//1388 1408//1408 1406//1406
f 1388//1388 1406//1406 1390//1390
f 1390//1390 1406//1406 1404//1404
f 1390//1390 1404//1404 1392//1392
f 1392//1392 1404//1404 1402//1402
f 1392//1392 1402//1402 1394//1394
f 1394//1394 1402//1402 1400//1400
f 1394//1394 1400//1400 1396//1396
f 1396//1396 1400//1400 1398//1398
f 1296//1296 1365//1365 1297//1297
f 1297//1297 1365//1365 1367//1367
f 1297//1297 1367//1367 1298//1298
f 1298//1298 1367//1367 1299//1299
f 1299//1299 1367//1367 1369//1369
f 1299//1299 1369//1369 1348//1348
f 1348//1348 1369//1369 1347//1347
f 1347//1347 1369//1369 1371//1371
f 1347//1347 1371//1371 1346//1346
f 1346//1346 1371//1371 1345//1345
f 1345//1345 1371//1371 1373//1373
f 1345//1345 1373//1373 1344//1344
f 1344//1344 1373//1373 1343//1343
f 1343//1343 1373//1373 1375//1375
f 1343//1343 1375//1375 1342//1342
f 1342//1342 1375//1375 1341//1341
f 1341//1341 1375//1375 1377//1377
f 1341//1341 1377//1377 1340//1340
f 1340//1340 1377//1377 1379//1379
f 1340//1340 1379//1379 1339//1339
f 1339//1339 1379//1379 1338//1338
f 1338//1338 1379//1379 1381//1381
f 1338//1338 1381//1381 1337//1337
f 1337//1337 1381//1381 1336//1336
f 1336//1336 1381//1381 1383//1383
f 1336//1336 1383//1383 1335//1335
f 1335//1335 1383//1383 1334//1334
f 1334//1334 1383//1383 1385//1385
f 1334//1334 1385//1385 1333//1333
f 1333//1333 1385//1385 1332//1332
f 1332//1332 1385//1385 1387//1387
f 1332//1332 1387//1387 1331//1331
f 1331//1331 1387//1387 1330//1330
f 1330//1330 1387//1387 1389//1389
f 1330//1330 1389//1389 1329//1329
f 1329//1329 1389//1389 1328//1328
f 1328//1328 1389//1389 1391//1391
f 1328//1328 1391//1391 1327//1327
f 1327//1327 1391//1391 1326//1326
f 1326//1326 1391//1391 1393//1393
f 1326//1326 1393//1393 1325//1325
f 1325//1325 1393//1393 1324//1324
f 1324//1324 1393//1393 1395//1395
f 1324//1324 1395//1395 1323//1323
f 1323//1323 1395//1395 1397//1397
f 1323//1323 1397//1397 1322//1322
f 1322//1322 1397//1397 1321//1321
f 1321//1321 1397//1397 1399//1399
f 1321//1321 1399//1399 1320//1320
f 1320//1320 1399//1399 1319//1319
f 1319//1319 1399//1399 1401//1401
f 1319//1319 1401//1401 1318//1318
f 1318//1318 1401//1401 1317//1317
f 1317//1317 1401//1401 1403//1403
f 1317//1317 1403//1403 1316//1316
f 1316//1316 1403//1403 1315//1315
f 1315//1315 1403//1403 1405//1405
f 1315//1315 1405//1405 1314//1314
f 1314//1314 1405//1405 1313//1313
f 1313//1313 1405//1405 1407//1407
f 1313//1313 1407//1407 1312//1312
f 1312//1312 1407//1407 1311//1311
f 1311//1311 1407//1407 1349//1349
f 1311//1311 1349//1349 1310//1310
f 1310//1310 1349//1349 1309//1309
f 1309//1309 1349//1349 1351//1351
f 1309//1309 1351//1351 1308//1308
f 1308//1308 1351//1351 1307//1307
f 1307//1307 1351//1351 1353//1353
f 1307//1307 1353//1353 1306//1306
f 1306//1306 1353//1353 1305//1305
f 1305//1305 1353//1353 1355//1355
f 1305//1305 1355//1355 1304//1304
f 1304//1304 1355//1355 1357//1357
f 1304//1304 1357//1357 1303//1303
f 1303//1303 1357//1357 1302//1302
f 1302//1302 1357//1357 1359//1359
f 1302//1302 1359//1359 1301//1301
f 1301//1301 1359//1359 1300//1300
f 1300//1300 1359//1359 1361//1361
f 1300//1300 1361//1361 1292//1292
f 1292//1292 1361//1361 1293//1293
f 1293//1293 1361//1361 1363//1363
f 1293//1293 1363//1363 1294//1294
f 1294//1294 1363//1363 1295//1295
f 1295//1295 1363//1363 1365//1365
f 1295//1295 1365//1365 1296//1296

