# https://github.com/mikedh/trimesh

o link_4.obj
v 0.01225400 0.04370000 0.02242600
v 0.00418900 0.04370000 0.01354100
v 0.01150600 0.04354700 0.02182900
v 0.00433700 0.04369100 0.01371800
v 0.01048000 0.04302500 0.02147600
v 0.01003300 0.04271600 0.02144300
v 0.00895200 0.04178100 0.02164400
v 0.00483400 0.04341600 0.01467400
v 0.00490400 0.04328700 0.01494200
v 0.00490200 0.04245700 0.01617700
v 0.00481900 0.04218600 0.01648800
v 0.00398400 0.04070000 0.01777900
v 0.00335800 0.03970000 0.01857800
v 0.00716100 0.03970000 0.02276600
v 0.00363700 0.04019300 0.01815200
v 0.00761200 0.04019300 0.02253000
v 0.00801600 0.04070000 0.02222100
v 0.01165000 0.04370000 0.00390700
v 0.01150000 0.04369100 0.00372900
v 0.00444300 0.04370000 -0.00403300
v 0.01100600 0.04341900 0.00278000
v 0.01089900 0.04262900 0.00148600
v 0.01048400 0.03970000 -0.00332800
v 0.00740400 0.03970000 -0.00672100
v 0.01070000 0.04006300 -0.00255000
v 0.01095900 0.04095100 -0.00094400
v 0.00404900 0.03970000 -0.00914400
v 0.00242900 0.04370000 -0.00548600
v 0.00000000 0.03970000 -0.01000000
v 0.00000000 0.04370000 -0.00600000
v 0.00201700 0.04354700 0.01137600
v 0.00276500 0.04370000 0.01197300
v -0.00444300 0.04370000 0.00403300
v 0.00048600 0.04267300 0.01099000
v 0.00054400 0.04271600 0.01098900
v 0.00099200 0.04302500 0.01102300
v -0.00740400 0.03970000 0.00672100
v -0.00432400 0.03970000 0.01011400
v -0.00376600 0.03996500 0.01033500
v -0.00199700 0.04095100 0.01081700
v 0.00042700 0.04262900 0.01099200
v 0.00358500 0.03970000 -0.01217200
v 0.00240900 0.03970000 -0.01121900
v -0.01465200 0.03970000 0.00140300
v -0.01368900 0.03970000 0.00248000
v -0.01233300 0.03970000 0.00298100
v 0.00851200 0.03970000 -0.00769600
v 0.00903400 0.03970000 -0.00627600
v 0.00600000 0.03970000 -0.01339200
v 0.00464700 0.03970000 -0.01307000
v 0.00874900 0.03970000 -0.00919000
v -0.01233300 0.03970000 -0.00298100
v -0.01368900 0.03970000 -0.00248000
v -0.01465200 0.03970000 -0.00140300
v -0.00938500 0.03970000 0.00345200
v -0.00995200 0.03970000 0.00468500
v -0.00742500 0.03970000 0.00811600
v -0.01092100 0.03970000 0.00352300
v -0.01092100 0.03970000 -0.00352300
v -0.01500000 0.03970000 -0.00000000
v 0.00091900 0.03970000 -0.01096200
v 0.00000000 0.03970000 -0.01100000
v -0.00375200 0.03970000 -0.00926900
v -0.00404900 0.03970000 -0.01022800
v -0.00695600 0.03970000 -0.00718400
v -0.00752900 0.03970000 -0.00801900
v -0.00914400 0.03970000 -0.00404900
v -0.00995200 0.03970000 -0.00468500
v -0.00999500 0.03970000 -0.00032200
v 0.00899000 0.03970000 -0.01064300
v 0.00851100 0.03970000 -0.01203500
v 0.00742700 0.03970000 -0.01303100
v 0.00314300 0.03970000 0.01908400
v 0.00306800 0.03970000 0.02063600
v 0.00377900 0.03970000 0.02201600
v 0.00663600 0.03970000 0.02293200
v 0.00508400 0.03970000 0.02285700
v 0.03099200 0.04370000 0.02521400
v 0.03099200 0.03770000 0.02521400
v 0.01165000 0.03770000 0.00390700
v 0.03095800 0.04370000 0.02592100
v 0.03095800 0.03770000 0.02592100
v 0.03107400 0.03770000 0.02576400
v 0.03107400 0.04370000 0.02576400
v 0.03112100 0.03770000 0.02557500
v 0.03112100 0.04370000 0.02557500
v 0.03109200 0.03770000 0.02538200
v 0.03109200 0.04370000 0.02538200
v 0.02281300 0.04370000 0.03331400
v 0.02281300 0.03770000 0.03331400
v 0.02210700 0.04370000 0.03328000
v 0.02210700 0.03770000 0.03328000
v 0.02232400 0.03770000 0.03342000
v 0.02232400 0.04370000 0.03342000
v 0.02258300 0.03770000 0.03343200
v 0.02258300 0.04370000 0.03343200
v 0.00276500 0.03770000 0.01197300
v 0.00418900 0.03770000 0.01354100
v 0.05746400 0.01415800 0.04550000
v 0.06234200 0.01664300 0.04550000
v 0.08190800 0.01028600 0.04550000
v 0.05359200 0.01028600 0.04550000
v 0.08439300 0.00540800 0.04550000
v 0.08525000 0.00000000 0.04550000
v 0.07315800 -0.01664300 0.04550000
v 0.06775000 -0.01750000 0.04550000
v 0.05110700 -0.00540800 0.04550000
v 0.06775000 0.01750000 0.04550000
v 0.07315800 0.01664300 0.04550000
v 0.07803600 0.01415800 0.04550000
v 0.05025000 0.00000000 0.04550000
v 0.05110700 0.00540800 0.04550000
v 0.08190800 -0.01028600 0.04550000
v 0.08439300 -0.00540800 0.04550000
v 0.07803600 -0.01415800 0.04550000
v 0.06234200 -0.01664300 0.04550000
v 0.05746400 -0.01415800 0.04550000
v 0.05359200 -0.01028600 0.04550000
v 0.08525000 0.00000000 0.04650000
v 0.08439300 -0.00540800 0.04650000
v 0.08190800 -0.01028600 0.04650000
v 0.07803600 -0.01415800 0.04650000
v 0.07315800 -0.01664300 0.04650000
v 0.06775000 -0.01750000 0.04650000
v 0.06234200 -0.01664300 0.04650000
v 0.05746400 -0.01415800 0.04650000
v 0.05359200 -0.01028600 0.04650000
v 0.05110700 -0.00540800 0.04650000
v 0.05025000 0.00000000 0.04650000
v 0.04067500 -0.00890000 0.04650000
v 0.04070700 -0.00899600 0.04650900
v 0.03400000 -0.00890000 0.04650000
v 0.03135000 -0.00915000 0.04656700
v 0.03135000 -0.00890000 0.04650000
v 0.04083100 -0.00935900 0.04680400
v 0.04084500 -0.00940000 0.04700000
v 0.03135000 -0.00940000 0.04700000
v 0.04073300 -0.00907200 0.04653100
v 0.04078200 -0.00921800 0.04661400
v 0.03135000 -0.00925400 0.04664600
v 0.03135000 -0.00933300 0.04675000
v 0.03110000 -0.00927500 0.04678300
v 0.03099600 -0.00890000 0.04664600
v 0.03110000 -0.00890000 0.04656700
v 0.03110000 -0.00911700 0.04662500
v 0.03115900 -0.00890000 0.04653800
v 0.03091700 -0.00902500 0.04678300
v 0.03085000 -0.00890000 0.04700000
v 0.03088800 -0.00890000 0.04680900
v 0.03091700 -0.00890000 0.04675000
v 0.03110000 -0.00933300 0.04700000
v 0.03091700 -0.00911700 0.04687500
v 0.03091700 -0.00915000 0.04700000
v 0.03135000 -0.00940000 0.07650000
v 0.03110000 -0.00933300 0.07650000
v 0.03091700 -0.00915000 0.07650000
v 0.03085000 -0.00890000 0.07650000
v 0.02985000 -0.00890000 0.08250000
v 0.03059800 -0.00890000 0.07954100
v 0.02991300 -0.00915000 0.08252200
v 0.03066400 -0.00915000 0.07955200
v 0.03008600 -0.00933300 0.08258100
v 0.03084500 -0.00933300 0.07958200
v 0.03032300 -0.00940000 0.08266200
v 0.03109100 -0.00940000 0.07962400
v 0.02959500 -0.00940000 0.08554100
v 0.02934800 -0.00933300 0.08550000
v 0.02916800 -0.00915000 0.08547000
v 0.02910200 -0.00890000 0.08545900
v 0.02935000 -0.00940000 0.08850000
v 0.02910000 -0.00933300 0.08850000
v 0.02891700 -0.00915000 0.08850000
v 0.02885000 -0.00890000 0.08850000
v 0.02935000 -0.00940000 0.09708600
v 0.02910000 -0.00933300 0.09708600
v 0.02891700 -0.00915000 0.09708600
v 0.02885000 -0.00890000 0.09708600
v 0.02949600 -0.00940000 0.09743900
v 0.02936100 -0.00936200 0.09757500
v 0.02938800 -0.00940000 0.09727700
v 0.02915700 -0.00933300 0.09737300
v 0.02932000 -0.00933300 0.09761600
v 0.02924600 -0.00925400 0.09768900
v 0.02898800 -0.00915000 0.09744300
v 0.02892600 -0.00890000 0.09746800
v 0.02914300 -0.00890000 0.09779300
v 0.02917000 -0.00909100 0.09776600
v 0.02919000 -0.00915000 0.09774600
v 0.03091100 -0.00940000 0.09885400
v 0.03077500 -0.00936200 0.09898900
v 0.03073400 -0.00933300 0.09903000
v 0.03066100 -0.00925400 0.09910400
v 0.03060400 -0.00915000 0.09916000
v 0.03058400 -0.00909100 0.09918000
v 0.03055700 -0.00890000 0.09920700
v 0.03097700 -0.00933300 0.09919300
v 0.03107300 -0.00940000 0.09896200
v 0.03126400 -0.00940000 0.09900000
v 0.03090700 -0.00915000 0.09936200
v 0.03088200 -0.00890000 0.09942400
v 0.03126400 -0.00933300 0.09925000
v 0.03126400 -0.00925400 0.09935400
v 0.03126400 -0.00915000 0.09943300
v 0.03126400 -0.00890000 0.09950000
v 0.04084500 -0.00940000 0.09900000
v 0.04084300 -0.00939600 0.09906200
v 0.04067500 -0.00890000 0.09950000
v 0.04075700 -0.00914500 0.09943600
v 0.04083400 -0.00936800 0.09917300
v 0.04081400 -0.00931200 0.09928300
v 0.04079400 -0.00925300 0.09935400
v 0.03400000 0.00890000 0.04650000
v 0.03135000 0.00890000 0.04650000
v 0.03135000 0.00915000 0.04656700
v 0.04075700 0.00914500 0.04656400
v 0.04067500 0.00890000 0.04650000
v 0.03135000 0.00925400 0.04664600
v 0.04081400 0.00931200 0.04671700
v 0.03135000 0.00933300 0.04675000
v 0.04083400 0.00936800 0.04682700
v 0.04084300 0.00939600 0.04693800
v 0.03135000 0.00940000 0.04700000
v 0.04084500 0.00940000 0.04700000
v 0.03125400 0.00913100 0.04656700
v 0.03111900 0.00899600 0.04656700
v 0.03095000 0.00906600 0.04675000
v 0.03104400 0.00920600 0.04675000
v 0.03088800 0.00890000 0.04680900
v 0.03085000 0.00890000 0.04700000
v 0.03088800 0.00909100 0.04700000
v 0.03091700 0.00890000 0.04675000
v 0.03091700 0.00915000 0.04700000
v 0.03099600 0.00925400 0.04700000
v 0.03110000 0.00933300 0.04700000
v 0.03115900 0.00936200 0.04700000
v 0.03118400 0.00930000 0.04675000
v 0.03115900 0.00890000 0.04653800
v 0.03110000 0.00890000 0.04656700
v 0.03099600 0.00890000 0.04664600
v 0.03117300 0.00907700 0.04656700
v 0.03085000 0.00890000 0.07650000
v 0.03091700 0.00915000 0.07650000
v 0.03110000 0.00933300 0.07650000
v 0.03135000 0.00940000 0.07650000
v 0.03059800 0.00890000 0.07954100
v 0.03066400 0.00915000 0.07955200
v 0.03084500 0.00933300 0.07958200
v 0.03109100 0.00940000 0.07962400
v 0.02985000 0.00890000 0.08250000
v 0.02991300 0.00915000 0.08252200
v 0.03008600 0.00933300 0.08258100
v 0.03032300 0.00940000 0.08266200
v 0.02935000 0.00940000 0.08850000
v 0.02959500 0.00940000 0.08554100
v 0.02910000 0.00933300 0.08850000
v 0.02934800 0.00933300 0.08550000
v 0.02891700 0.00915000 0.08850000
v 0.02916800 0.00915000 0.08547000
v 0.02885000 0.00890000 0.08850000
v 0.02910200 0.00890000 0.08545900
v 0.02885000 0.00890000 0.09708600
v 0.02888800 0.00909100 0.09708600
v 0.02891700 0.00915000 0.09708600
v 0.02899600 0.00925400 0.09708600
v 0.02935000 0.00940000 0.09708600
v 0.02915900 0.00936200 0.09708600
v 0.02910000 0.00933300 0.09708600
v 0.02932000 0.00933300 0.09761600
v 0.02936100 0.00936200 0.09757500
v 0.02921100 0.00936200 0.09735000
v 0.02949600 0.00940000 0.09743900
v 0.02938800 0.00940000 0.09727700
v 0.02906100 0.00925400 0.09741200
v 0.02896100 0.00909100 0.09745400
v 0.02919000 0.00915000 0.09774600
v 0.02924600 0.00925400 0.09768900
v 0.02892600 0.00890000 0.09746800
v 0.02914300 0.00890000 0.09779300
v 0.02917000 0.00909100 0.09776600
v 0.03055700 0.00890000 0.09920700
v 0.03060400 0.00915000 0.09916000
v 0.03073400 0.00933300 0.09903000
v 0.03091100 0.00940000 0.09885400
v 0.03126400 0.00940000 0.09900000
v 0.03107300 0.00940000 0.09896200
v 0.03126400 0.00933300 0.09925000
v 0.03097700 0.00933300 0.09919300
v 0.03126400 0.00925400 0.09935400
v 0.03090700 0.00915000 0.09936200
v 0.03088200 0.00890000 0.09942400
v 0.03126400 0.00890000 0.09950000
v 0.03126400 0.00915000 0.09943300
v 0.04067500 0.00890000 0.09950000
v 0.04070700 0.00899600 0.09949100
v 0.04083100 0.00935900 0.09919600
v 0.04084500 0.00940000 0.09900000
v 0.04073300 0.00907200 0.09946900
v 0.04078200 0.00921800 0.09938600
v 0.06075000 0.02518400 0.09950000
v 0.06075000 0.02518400 0.10150000
v 0.06107700 0.02654600 0.10150000
v 0.06107700 0.02654600 0.09950000
v 0.06198600 0.02761100 0.10150000
v 0.06198600 0.02761100 0.09950000
v 0.06327900 0.02814700 0.10150000
v 0.06327900 0.02814700 0.09950000
v 0.06327900 -0.02814700 0.09950000
v 0.06327900 -0.02814700 0.10150000
v 0.06198600 -0.02761100 0.10150000
v 0.06198600 -0.02761100 0.09950000
v 0.06107700 -0.02654600 0.10150000
v 0.06107700 -0.02654600 0.09950000
v 0.06075000 -0.02518400 0.10150000
v 0.06075000 -0.02518400 0.09950000
v 0.06180200 -0.02787200 0.09950000
v 0.05533700 -0.02565500 0.09950000
v 0.04148900 0.01107200 0.09950000
v 0.06180200 0.02787200 0.09950000
v 0.04488000 0.01700600 0.09950000
v 0.05533700 0.02565500 0.09950000
v 0.04958600 0.02196200 0.09950000
v 0.04148900 -0.01107200 0.09950000
v 0.04958600 -0.02196200 0.09950000
v 0.04488000 -0.01700600 0.09950000
v 0.08720400 -0.02082800 0.04650000
v 0.08488300 -0.02277500 0.04650000
v 0.08591000 -0.02154100 0.04650000
v 0.08591000 0.02154100 0.04650000
v 0.08488300 0.02277500 0.04650000
v 0.08720400 0.02082800 0.04650000
v 0.09160300 -0.01559800 0.04650000
v 0.08627900 0.01997800 0.04650000
v 0.09160300 0.01559800 0.04650000
v 0.08601200 0.01863900 0.04650000
v 0.05100600 -0.00786800 0.04650000
v 0.04944800 -0.00269900 0.04650000
v 0.04944800 0.00269900 0.04650000
v 0.05110700 0.00540800 0.04650000
v 0.05100600 0.00786800 0.04650000
v 0.05359200 0.01028600 0.04650000
v 0.05399100 0.01236700 0.04650000
v 0.05746400 0.01415800 0.04650000
v 0.05814700 0.01581200 0.04650000
v 0.06234200 0.01664300 0.04650000
v 0.06312000 0.01791100 0.04650000
v 0.06775000 0.01750000 0.04650000
v 0.06848800 0.01848500 0.04650000
v 0.07315800 0.01664300 0.04650000
v 0.07379300 0.01748500 0.04650000
v 0.07803600 0.01415800 0.04650000
v 0.07858400 0.01499600 0.04650000
v 0.08190800 0.01028600 0.04650000
v 0.08009200 0.01437500 0.04650000
v 0.08439300 0.00540800 0.04650000
v 0.09463100 0.00947000 0.04650000
v 0.08171800 -0.01450500 0.04650000
v 0.09611200 0.00279800 0.04650000
v 0.08310800 -0.01535800 0.04650000
v 0.08627900 -0.01997800 0.04650000
v 0.08601200 -0.01863900 0.04650000
v 0.09463100 -0.00947000 0.04650000
v 0.08525400 -0.01750400 0.04650000
v 0.09611200 -0.00279800 0.04650000
v 0.09625000 -0.00000000 0.04650000
v 0.08009200 -0.01437500 0.04650000
v 0.07858400 -0.01499600 0.04650000
v 0.07379300 -0.01748500 0.04650000
v 0.06848800 -0.01848500 0.04650000
v 0.06312000 -0.01791100 0.04650000
v 0.05814700 -0.01581200 0.04650000
v 0.05399100 -0.01236700 0.04650000
v 0.08171800 0.01450500 0.04650000
v 0.08310800 0.01535800 0.04650000
v 0.08525400 0.01750400 0.04650000
v 0.04075000 0.02250000 0.04150000
v 0.04075000 -0.02250000 0.04150000
v 0.03937500 0.02250000 0.04113200
v 0.03937500 -0.02250000 0.04113200
v 0.03836800 0.02250000 0.04012500
v 0.03836800 -0.02250000 0.04012500
v 0.03800000 0.02250000 0.03875000
v 0.03800000 -0.02250000 0.03875000
v 0.08171800 0.01450500 0.04150000
v 0.08009200 0.01437500 0.04150000
v 0.07858400 0.01499600 0.04150000
v 0.04935800 -0.02312800 0.04150000
v 0.04438300 -0.02250000 0.04150000
v 0.05399100 -0.01236700 0.04150000
v 0.05100600 -0.00786800 0.04150000
v 0.05401900 -0.02497400 0.04150000
v 0.05814700 -0.01581200 0.04150000
v 0.05533700 -0.02565500 0.04150000
v 0.06312000 -0.01791100 0.04150000
v 0.06180200 -0.02787200 0.04150000
v 0.04438300 0.02250000 0.04150000
v 0.05399100 0.01236700 0.04150000
v 0.04935800 0.02312800 0.04150000
v 0.05814700 0.01581200 0.04150000
v 0.05100600 0.00786800 0.04150000
v 0.04944800 0.00269900 0.04150000
v 0.04944800 -0.00269900 0.04150000
v 0.08488300 0.02277500 0.04150000
v 0.08591000 0.02154100 0.04150000
v 0.08627900 0.01997800 0.04150000
v 0.06860900 -0.02848700 0.04150000
v 0.06848800 -0.01848500 0.04150000
v 0.07536600 -0.02746400 0.04150000
v 0.07379300 -0.01748500 0.04150000
v 0.08168600 -0.02486100 0.04150000
v 0.07858400 -0.01499600 0.04150000
v 0.08009200 -0.01437500 0.04150000
v 0.08310800 0.01535800 0.04150000
v 0.08168600 0.02486100 0.04150000
v 0.08525400 0.01750400 0.04150000
v 0.08601200 0.01863900 0.04150000
v 0.07536600 0.02746400 0.04150000
v 0.07379300 0.01748500 0.04150000
v 0.06860900 0.02848700 0.04150000
v 0.06848800 0.01848500 0.04150000
v 0.06180200 0.02787200 0.04150000
v 0.06312000 0.01791100 0.04150000
v 0.05533700 0.02565500 0.04150000
v 0.05401900 0.02497400 0.04150000
v 0.08627900 -0.01997800 0.04150000
v 0.08591000 -0.02154100 0.04150000
v 0.08601200 -0.01863900 0.04150000
v 0.08488300 -0.02277500 0.04150000
v 0.08525400 -0.01750400 0.04150000
v 0.08310800 -0.01535800 0.04150000
v 0.08171800 -0.01450500 0.04150000
v 0.03746400 -0.02250000 0.04450000
v 0.04438300 -0.02250000 0.04650000
v 0.03600000 -0.02250000 0.04596400
v 0.03400000 -0.02250000 0.04650000
v 0.03800000 -0.02250000 0.04250000
v 0.05401900 -0.02497400 0.04650000
v 0.04935800 -0.02312800 0.04650000
v 0.04438300 0.02250000 0.04650000
v 0.04935800 0.02312800 0.04650000
v 0.05401900 0.02497400 0.04650000
v 0.03746400 0.02250000 0.04450000
v 0.03600000 0.02250000 0.04596400
v 0.03400000 0.02250000 0.04650000
v 0.03800000 0.02250000 0.04250000
v 0.02158800 0.02225200 0.04169300
v 0.02154900 0.02122700 0.04191300
v 0.02157200 0.02192600 0.04202600
v 0.02155900 0.02122700 0.04212900
v 0.02167500 0.02197400 0.04222100
v 0.02165900 0.02122700 0.04232100
v 0.02185600 0.02200100 0.04235400
v 0.02183000 0.02122700 0.04245300
v 0.02205700 0.02200300 0.04239700
v 0.02204200 0.02122700 0.04250000
v 0.02210100 0.02272700 0.04209800
v 0.02190200 0.02272100 0.04205400
v 0.02172300 0.02266800 0.04193100
v 0.02161900 0.02257700 0.04175500
v 0.02217100 0.02334800 0.04162100
v 0.02197600 0.02333600 0.04157500
v 0.02179900 0.02326100 0.04146900
v 0.02169400 0.02313400 0.04132300
v 0.02169100 0.02306200 0.04111000
v 0.02177000 0.02339200 0.04066300
v 0.02179400 0.02356800 0.04076900
v 0.02189900 0.02371400 0.04087200
v 0.02206600 0.02380400 0.04095400
v 0.02226200 0.02382500 0.04100000
v 0.02154900 -0.02122700 0.04191300
v 0.02155900 -0.02122700 0.04212900
v 0.02165900 -0.02122700 0.04232100
v 0.02183000 -0.02122700 0.04245300
v 0.02204200 -0.02122700 0.04250000
v 0.02351400 0.02792300 0.03390100
v 0.02331800 0.02790300 0.03385500
v 0.02315100 0.02781200 0.03377300
v 0.02304600 0.02766600 0.03367100
v 0.02302100 0.02749000 0.03356500
v 0.02163200 -0.02268300 0.04144500
v 0.02177000 -0.02339200 0.04066300
v 0.02169400 -0.02313400 0.04132300
v 0.02179400 -0.02356700 0.04076900
v 0.02179900 -0.02326100 0.04146900
v 0.02189800 -0.02371200 0.04087100
v 0.02197600 -0.02333600 0.04157500
v 0.02206300 -0.02380300 0.04095300
v 0.02217100 -0.02334800 0.04162100
v 0.02226200 -0.02382500 0.04100000
v 0.02210100 -0.02272700 0.04209800
v 0.02190200 -0.02272100 0.04205400
v 0.02172300 -0.02266800 0.04193100
v 0.02161900 -0.02257700 0.04175500
v 0.02205700 -0.02200300 0.04239700
v 0.02185600 -0.02200100 0.04235400
v 0.02167500 -0.02197400 0.04222100
v 0.02157200 -0.02192600 0.04202600
v 0.02156100 -0.02179900 0.04184700
v 0.02322700 0.02798700 0.03239900
v 0.02325300 0.02816500 0.03245600
v 0.02336000 0.02833300 0.03252400
v 0.02353200 0.02844000 0.03258500
v 0.02371900 0.02846700 0.03262600
v 0.02344700 0.02819500 0.03115100
v 0.02347900 0.02837600 0.03116500
v 0.02358800 0.02854700 0.03119200
v 0.02375600 0.02866000 0.03122600
v 0.02393900 0.02869400 0.03126000
v 0.02302100 -0.02749000 0.03356500
v 0.02304600 -0.02766500 0.03367000
v 0.02314900 -0.02781000 0.03377200
v 0.02331500 -0.02790200 0.03385400
v 0.02351400 -0.02792300 0.03390100
v 0.02396000 0.02869900 0.03113000
v 0.02398100 0.02870000 0.03100000
v 0.02379300 0.02866200 0.03096700
v 0.02352600 0.02839100 0.03092000
v 0.02348900 0.02820000 0.03091300
v 0.02346800 0.02819900 0.03103200
v 0.02363300 0.02855400 0.03093900
v 0.02325500 -0.02816800 0.03244700
v 0.02322700 -0.02798800 0.03239800
v 0.02344700 -0.02819500 0.03115100
v 0.02375700 -0.02866000 0.03122600
v 0.02393900 -0.02869400 0.03126000
v 0.02372200 -0.02847100 0.03261200
v 0.02348000 -0.02837900 0.03116500
v 0.02359000 -0.02854900 0.03119200
v 0.02336200 -0.02833600 0.03251500
v 0.02353300 -0.02844300 0.03257600
v 0.02424600 0.02870000 0.02950000
v 0.02415600 0.02869200 0.02948400
v 0.02406100 0.02866300 0.02946700
v 0.02389900 0.02855500 0.02943900
v 0.02379100 0.02839200 0.02942000
v 0.02375300 0.02820000 0.02941300
v 0.02396000 -0.02869900 0.03113000
v 0.02346800 -0.02819900 0.03103200
v 0.02348900 -0.02820000 0.03091300
v 0.02352600 -0.02839100 0.03092000
v 0.02363300 -0.02855400 0.03093900
v 0.02379300 -0.02866200 0.03096700
v 0.02398100 -0.02870000 0.03100000
v 0.02430100 0.02867700 0.02912600
v 0.02439800 0.02851500 0.02846200
v 0.02432700 0.02845900 0.02834200
v 0.02407600 0.02832400 0.02835300
v 0.02449700 0.02816300 0.02778800
v 0.02455700 0.02782200 0.02737900
v 0.02447300 0.02780900 0.02737600
v 0.02448500 0.02682600 0.02675100
v 0.02465300 0.02684800 0.02672800
v 0.02468700 0.02570000 0.02650000
v 0.02418800 0.02610700 0.02694700
v 0.02416100 0.02665700 0.02710300
v 0.02421400 0.02672000 0.02695900
v 0.02396400 0.02817100 0.02839700
v 0.02394100 0.02796200 0.02834900
v 0.02411400 0.02758800 0.02753400
v 0.02410600 0.02719800 0.02741200
v 0.02452000 0.02570000 0.02652900
v 0.02446200 0.02570000 0.02655300
v 0.02432800 0.02678200 0.02683100
v 0.02436300 0.02570000 0.02661800
v 0.02428500 0.02570000 0.02670100
v 0.02423800 0.02843000 0.02833800
v 0.02438600 0.02778500 0.02738500
v 0.02422700 0.02770200 0.02743900
v 0.02419400 0.02570000 0.02691300
v 0.02463600 0.02709000 0.02684200
v 0.02375300 -0.02820000 0.02941300
v 0.02379100 -0.02839100 0.02942000
v 0.02389800 -0.02855400 0.02943900
v 0.02405700 -0.02866200 0.02946700
v 0.02424600 -0.02870000 0.02950000
v 0.02419400 -0.02570000 0.02691300
v 0.02468700 -0.02570000 0.02650000
v 0.02452000 -0.02570000 0.02652900
v 0.02446200 -0.02570000 0.02655300
v 0.02436300 -0.02570000 0.02661800
v 0.02428500 -0.02570000 0.02670100
v 0.02465900 -0.02673900 0.02668600
v 0.02465300 -0.02684800 0.02672800
v 0.02448500 -0.02682600 0.02675100
v 0.02455700 -0.02782200 0.02737900
v 0.02445400 -0.02834600 0.02808600
v 0.02431700 -0.02815400 0.02783000
v 0.02423800 -0.02843000 0.02833800
v 0.02407600 -0.02832400 0.02835300
v 0.02383000 -0.02816200 0.02898000
v 0.02392200 -0.02801000 0.02845600
v 0.02396400 -0.02817100 0.02839700
v 0.02402100 -0.02768800 0.02789800
v 0.02415300 -0.02860300 0.02889100
v 0.02433200 -0.02864200 0.02891500
v 0.02422700 -0.02770200 0.02743900
v 0.02411400 -0.02758800 0.02753400
v 0.02421400 -0.02672000 0.02695900
v 0.02415300 -0.02675600 0.02714700
v 0.02468300 -0.02606300 0.02652200
v 0.02432800 -0.02678200 0.02683100
v 0.02461100 -0.02738300 0.02701700
v 0.02438600 -0.02778500 0.02738500
v 0.03000000 0.02851500 0.02846200
v 0.03000000 0.02870000 0.02950000
v 0.03000000 0.02782100 0.02737900
v 0.03000000 0.02673800 0.02668500
v 0.03000000 0.02570000 0.02650000
v 0.03000000 -0.02570000 0.02650000
v 0.03000000 -0.02782100 0.02737900
v 0.03000000 -0.02673800 0.02668500
v 0.03000000 -0.02851500 0.02846200
v 0.03000000 -0.02870000 0.02950000
v 0.03000000 -0.02870000 0.03100000
v 0.03000000 -0.02869400 0.03126000
v 0.03000000 -0.02846700 0.03262700
v 0.03000000 -0.02792300 0.03390100
v 0.03000000 -0.02382500 0.04100000
v 0.03000000 -0.02319500 0.04176400
v 0.03000000 -0.02220300 0.04233700
v 0.03000000 -0.02122700 0.04250000
v 0.03000000 0.02122700 0.04250000
v 0.03000000 0.02220300 0.04233700
v 0.03000000 0.02319500 0.04176400
v 0.03000000 0.02382500 0.04100000
v 0.03000000 0.02792300 0.03390100
v 0.03000000 0.02846700 0.03262700
v 0.03000000 0.02869400 0.03126000
v 0.03000000 0.02870000 0.03100000
v 0.03030400 -0.03270000 0.04403100
v -0.01052700 -0.03270000 0.01398000
v 0.03117200 -0.03270000 0.04532800
v 0.03159400 -0.03270000 0.04569500
v 0.03053600 -0.03270000 0.02450000
v 0.00056600 -0.03270000 -0.01749100
v -0.00489800 -0.03270000 -0.01680000
v 0.03732300 -0.03270000 0.02427400
v 0.01453900 -0.03270000 -0.00973900
v 0.03600000 -0.03270000 0.02303600
v 0.03400000 -0.03270000 0.02250000
v 0.03200000 -0.03270000 0.02303600
v 0.01079200 -0.03270000 -0.01377600
v 0.00597500 -0.03270000 -0.01644800
v 0.03000000 -0.03270000 0.04250000
v 0.03000000 -0.03270000 0.02650000
v -0.01435100 -0.03270000 0.01001600
v -0.01675300 -0.03270000 0.00505900
v -0.01749500 -0.03270000 -0.00039900
v -0.01650500 -0.03270000 -0.00581800
v -0.01387900 -0.03270000 -0.01066000
v -0.00987800 -0.03270000 -0.01444600
v -0.01435100 -0.03770000 0.01001600
v -0.01675300 -0.03770000 0.00505900
v -0.01749500 -0.03770000 -0.00039900
v 0.03746400 -0.03770000 0.02450000
v 0.03800000 -0.03770000 0.02650000
v 0.03159400 -0.03770000 0.04569500
v 0.03800000 -0.03770000 0.04250000
v 0.03246900 -0.03770000 0.04619600
v 0.01079200 -0.03770000 -0.01377600
v -0.01052700 -0.03770000 0.01398000
v 0.01453900 -0.03770000 -0.00973900
v 0.03732300 -0.03770000 0.02427400
v 0.00056600 -0.03770000 -0.01749100
v 0.00597500 -0.03770000 -0.01644800
v 0.03746400 -0.03770000 0.04450000
v 0.03600000 -0.03770000 0.04596400
v 0.03400000 -0.03770000 0.04650000
v -0.00987800 -0.03770000 -0.01444600
v -0.00489800 -0.03770000 -0.01680000
v -0.01387900 -0.03770000 -0.01066000
v -0.01650500 -0.03770000 -0.00581800
v 0.03000000 0.03270000 0.04250000
v 0.03000000 0.03270000 0.02650000
v 0.03030400 0.03270000 0.04403100
v -0.01052700 0.03270000 0.01398000
v 0.03117200 0.03270000 0.04532800
v 0.03159400 0.03270000 0.04569500
v 0.01453900 0.03270000 -0.00973900
v 0.03732300 0.03270000 0.02427400
v 0.03600000 0.03270000 0.02303600
v 0.03400000 0.03270000 0.02250000
v 0.03200000 0.03270000 0.02303600
v 0.01079200 0.03270000 -0.01377600
v 0.00597500 0.03270000 -0.01644800
v 0.03053600 0.03270000 0.02450000
v 0.00056600 0.03270000 -0.01749100
v -0.00987800 0.03270000 -0.01444600
v -0.00489800 0.03270000 -0.01680000
v -0.01435100 0.03270000 0.01001600
v -0.01387900 0.03270000 -0.01066000
v -0.01650500 0.03270000 -0.00581800
v -0.01749500 0.03270000 -0.00039900
v -0.01675300 0.03270000 0.00505900
v 0.01453900 0.03770000 -0.00973900
v 0.03732300 0.03770000 0.02427400
v 0.01079200 0.03770000 -0.01377600
v 0.00597500 0.03770000 -0.01644800
v 0.00056600 0.03770000 -0.01749100
v -0.00489800 0.03770000 -0.01680000
v -0.00987800 0.03770000 -0.01444600
v -0.01387900 0.03770000 -0.01066000
v -0.01650500 0.03770000 -0.00581800
v -0.01749500 0.03770000 -0.00039900
v -0.01675300 0.03770000 0.00505900
v -0.01435100 0.03770000 0.01001600
v -0.01052700 0.03770000 0.01398000
v 0.03159400 0.03770000 0.04569500
v 0.03400000 0.03770000 0.04650000
v 0.03246900 0.03770000 0.04619600
v 0.03800000 0.03770000 0.02650000
v 0.03800000 0.03770000 0.04250000
v 0.03746400 0.03770000 0.02450000
v 0.04958600 0.02196200 0.04650000
v 0.04148900 0.01107200 0.04650000
v 0.04488000 0.01700600 0.04650000
v 0.09463100 -0.00947000 0.10150000
v 0.09611200 -0.00279800 0.10150000
v 0.06860900 -0.02848700 0.10150000
v 0.07536600 -0.02746400 0.10150000
v 0.08168600 -0.02486100 0.10150000
v 0.08720400 -0.02082800 0.10150000
v 0.09611200 0.00279800 0.10150000
v 0.09463100 0.00947000 0.10150000
v 0.09625000 -0.00000000 0.10150000
v 0.09160300 -0.01559800 0.10150000
v 0.09160300 0.01559800 0.10150000
v 0.08720400 0.02082800 0.10150000
v 0.08168600 0.02486100 0.10150000
v 0.06860900 0.02848700 0.10150000
v 0.07536600 0.02746400 0.10150000
v 0.04148900 -0.01107200 0.04650000
v 0.04488000 -0.01700600 0.04650000
v 0.04958600 -0.02196200 0.04650000
v 0.00742700 0.03770000 -0.01303100
v 0.00851100 0.03770000 -0.01203500
v 0.00801600 0.03770000 0.02222100
v 0.00663600 0.03770000 0.02293200
v 0.00508400 0.03770000 0.02285700
v 0.00377900 0.03770000 0.02201600
v 0.03600000 0.03770000 0.04596400
v 0.03746400 0.03770000 0.04450000
v -0.01233300 0.03770000 0.00298100
v -0.01092100 0.03770000 0.00352300
v -0.00995200 0.03770000 0.00468500
v -0.00742500 0.03770000 0.00811600
v -0.00378300 0.03770000 0.01032900
v 0.00042700 0.03770000 0.01099200
v -0.01368900 0.03770000 0.00248000
v -0.01465200 0.03770000 0.00140300
v -0.01500000 0.03770000 -0.00000000
v 0.00899000 0.03770000 -0.01064300
v 0.00874900 0.03770000 -0.00919000
v 0.00851200 0.03770000 -0.00769600
v 0.01225400 0.03770000 0.02242600
v 0.01124700 0.03770000 0.02170000
v 0.01003300 0.03770000 0.02144300
v 0.00398400 0.03770000 0.01777900
v 0.00175900 0.03770000 0.01124600
v -0.01465200 0.03770000 -0.00140300
v -0.01368900 0.03770000 -0.00248000
v -0.01233300 0.03770000 -0.00298100
v 0.00895200 0.03770000 0.02164400
v 0.00482400 0.03770000 0.01647300
v 0.00489900 0.03770000 0.01492200
v 0.00306800 0.03770000 0.02063600
v 0.00314300 0.03770000 0.01908400
v 0.00054400 0.03770000 0.01098900
v 0.01100600 0.03770000 0.00278000
v 0.01089900 0.03770000 0.00148600
v 0.01069500 0.03770000 -0.00257100
v 0.00903400 0.03770000 -0.00627600
v -0.01092100 0.03770000 -0.00352300
v -0.00995200 0.03770000 -0.00468500
v -0.00752900 0.03770000 -0.00801900
v -0.00404900 0.03770000 -0.01022800
v 0.00000000 0.03770000 -0.01100000
v 0.00091900 0.03770000 -0.01096200
v 0.00600000 0.03770000 -0.01339200
v 0.00464700 0.03770000 -0.01307000
v 0.00358500 0.03770000 -0.01217200
v 0.00240900 0.03770000 -0.01121900
v -0.00225100 0.04370000 -0.00556200
v -0.00599700 0.04370000 -0.00019300
v -0.00563100 0.04370000 0.00207100
v -0.00548600 0.04370000 -0.00242900
v -0.00417400 0.04370000 -0.00431000
vn -0.47513292 0.72533105 0.49814011
vn -0.52932183 0.71173529 0.46179137
vn -0.56703554 0.43046331 0.70226208
vn -0.71282716 0.43110847 0.55319339
vn -0.44037540 0.42302542 0.79190845
vn -0.32160495 0.43383159 0.84164150
vn -0.18325451 0.46248309 0.86748324
vn -0.77279636 0.42698847 0.46953875
vn -0.81371418 0.43381549 0.38687640
vn -0.86165973 0.44346452 0.24674225
vn -0.87323077 0.46697250 0.13930075
vn -0.87736245 0.47694666 -0.05250725
vn -0.88190297 0.42248330 -0.20917697
vn 0.14531794 0.46030713 0.87578539
vn -0.87584981 0.46401641 -0.13257410
vn 0.04743892 0.46355728 0.88479613
vn 0.00580164 0.48011189 0.87718807
vn 0.52886249 0.71127493 -0.46302532
vn 0.72053118 0.40424957 -0.56339782
vn 0.26860437 0.91413434 -0.30366115
vn 0.77639693 0.43813341 -0.45304187
vn 0.85843220 0.41281227 -0.30443421
vn 0.82650696 0.34461799 -0.44511200
vn 0.24237546 0.93226500 -0.26858165
vn 0.86294833 0.36887848 -0.34532426
vn 0.88807337 0.35819313 -0.28813777
vn 0.13673568 0.94124785 -0.30879740
vn 0.17170298 0.90555422 -0.38792994
vn 0.00249665 0.94058975 -0.33953598
vn 0.00379176 0.90623270 -0.42276224
vn -0.56715474 0.43029345 0.70226992
vn -0.47509661 0.72530634 0.49821072
vn -0.32462359 0.91492950 0.23984063
vn -0.29112249 0.41798984 0.86054180
vn -0.33440483 0.41710353 0.84510239
vn -0.44070390 0.42245307 0.79203124
vn -0.29037761 0.93166056 0.21837914
vn -0.52107846 0.35403941 0.77661659
vn -0.45533223 0.38110067 0.80463336
vn -0.36626004 0.37189232 0.85296523
vn -0.29555521 0.40641295 0.86456673
vn -0.44939614 0.70946464 -0.54286558
vn -0.26432890 0.76856019 -0.58261949
vn -0.66669913 0.65670481 0.35249264
vn -0.42434875 0.65662287 0.62351788
vn -0.24873351 0.70852712 0.66039455
vn 0.63683727 0.76847928 -0.06227262
vn 0.64576753 0.71532911 -0.26699917
vn 0.00532755 0.65717863 -0.75371604
vn -0.33937358 0.65842475 -0.67179046
vn 0.69719542 0.70790034 0.11311791
vn -0.24873351 0.70852712 -0.66039455
vn -0.42434875 0.65662287 -0.62351788
vn -0.66669913 0.65670481 -0.35249264
vn -0.32035678 0.93993650 0.11785968
vn -0.55101881 0.71395058 0.43203338
vn -0.50915601 0.66858499 0.54199102
vn -0.37240407 0.76843026 0.52041343
vn -0.37240407 0.76843026 -0.52041343
vn -0.75413337 0.65672130 0.00000000
vn -0.04409457 0.73172981 -0.68016700
vn -0.05372069 0.68219711 -0.72919215
vn -0.12809386 0.93992587 -0.31643533
vn -0.27419912 0.66724305 -0.69253271
vn -0.23743817 0.93993217 -0.24525625
vn -0.50984262 0.66728705 -0.54294428
vn -0.31206368 0.93995702 -0.13819209
vn -0.55180252 0.71468016 -0.42982119
vn -0.34113844 0.93994904 -0.01097150
vn 0.75228108 0.65582512 -0.06298078
vn 0.63167563 0.65578014 -0.41344685
vn 0.35888747 0.65586729 -0.66410683
vn -0.72921757 0.65605878 -0.19449580
vn -0.73996838 0.65318631 0.16060649
vn -0.56058846 0.65332055 0.50883479
vn 0.09554263 0.66948688 0.73665387
vn -0.23126225 0.65317348 0.72102856
vn 0.58544163 0.68529231 -0.43316573
vn 0.54914871 0.73030517 -0.40631276
vn 0.58878051 0.68467472 -0.42960219
vn 0.54002769 0.68558266 0.48820745
vn 0.50700030 0.72997712 0.45834932
vn 0.59455430 0.75375454 0.27992726
vn 0.67510997 0.66572902 0.31785437
vn 0.65638117 0.75378950 0.03106672
vn 0.74538372 0.66570150 0.03527924
vn 0.61951897 0.75315386 -0.22125893
vn 0.70232287 0.66620258 -0.25083204
vn 0.41800361 0.67874968 0.60379786
vn 0.38419230 0.73784672 0.55495810
vn -0.47482379 0.67898400 0.55993133
vn -0.43673965 0.73757160 0.51502098
vn -0.19417715 0.77065294 0.60695081
vn -0.23078876 0.65294198 0.72138985
vn 0.13545680 0.76984494 0.62369081
vn 0.16064284 0.65353086 0.73965620
vn -0.48649649 0.68577374 0.54132758
vn -0.60323512 0.67922074 0.41805093
vn -0.43444691 0.59801248 -0.67352577
vn -0.22840987 0.70296526 -0.67354939
vn 0.59801248 0.43444691 -0.67352577
vn -0.59801248 0.43444691 -0.67352577
vn 0.70296526 0.22840987 -0.67354939
vn 0.73917195 -0.00000000 -0.67351676
vn 0.22840987 -0.70296526 -0.67354939
vn 0.00000000 -0.73917195 -0.67351676
vn -0.70296526 -0.22840987 -0.67354939
vn 0.00000000 0.73917195 -0.67351676
vn 0.22840987 0.70296526 -0.67354939
vn 0.43444691 0.59801248 -0.67352577
vn -0.73917195 -0.00000000 -0.67351676
vn -0.70296526 0.22840987 -0.67354939
vn 0.59801248 -0.43444691 -0.67352577
vn 0.70296526 -0.22840987 -0.67354939
vn 0.43444691 -0.59801248 -0.67352577
vn -0.22840987 -0.70296526 -0.67354939
vn -0.43444691 -0.59801248 -0.67352577
vn -0.59801248 -0.43444691 -0.67352577
vn 0.66807790 0.00000000 -0.74409134
vn 0.63542102 -0.20646317 -0.74405180
vn 0.54051107 -0.39267302 -0.74408043
vn 0.39267302 -0.54051107 -0.74408043
vn 0.20646317 -0.63542102 -0.74405180
vn 0.00000000 -0.66807790 -0.74409134
vn -0.20646317 -0.63542102 -0.74405180
vn -0.39267302 -0.54051107 -0.74408043
vn -0.54051107 -0.39267302 -0.74408043
vn -0.63542102 -0.20646317 -0.74405180
vn -0.66807790 0.00000000 -0.74409134
vn -0.37110695 -0.92758635 0.04316480
vn -0.53272119 -0.31830611 -0.78414881
vn -0.63692038 -0.77030476 0.03103238
vn -0.12142361 -0.44370926 -0.88790675
vn -0.09647371 -0.12893787 -0.98694876
vn -0.62741073 -0.74512832 -0.22614055
vn -0.59314931 -0.80282062 -0.06043959
vn -0.12838940 -0.98344065 -0.12790872
vn -0.61712895 -0.48083654 -0.62285478
vn -0.63074926 -0.63075469 -0.45199988
vn -0.13568465 -0.70075754 -0.70037744
vn -0.12780296 -0.89000536 -0.43767209
vn -0.49246338 -0.75934812 -0.42528844
vn -0.70017485 -0.11215717 -0.70510705
vn -0.51878196 -0.11135389 -0.84762350
vn -0.48897299 -0.44705657 -0.74902993
vn -0.31457395 -0.13064004 -0.94020019
vn -0.84618558 -0.29489716 -0.44385315
vn -0.98922303 -0.11791925 -0.08679200
vn -0.94754549 -0.07813640 -0.30992297
vn -0.84528219 -0.07001672 -0.52971282
vn -0.48824821 -0.86542058 -0.11252068
vn -0.84740875 -0.46027572 -0.26465953
vn -0.85510137 -0.51388125 -0.06875840
vn -0.12716285 -0.99186857 -0.00513316
vn -0.49475070 -0.86879722 -0.02032582
vn -0.86370321 -0.50272306 -0.03586482
vn -0.99054467 -0.13088391 -0.04111761
vn -0.96133317 -0.12957967 -0.24299722
vn -0.97785762 -0.13126585 -0.16298387
vn -0.84062472 -0.49818985 -0.21250166
vn -0.85054984 -0.50640540 -0.14183984
vn -0.48585025 -0.86536351 -0.12286386
vn -0.48268641 -0.87209090 -0.08044441
vn -0.12675072 -0.99141627 -0.03206311
vn -0.12231488 -0.99228163 -0.02040165
vn -0.13521562 -0.99055984 -0.02253736
vn -0.50361887 -0.85984505 -0.08387205
vn -0.85792217 -0.49349965 -0.14292530
vn -0.97808874 -0.12951309 -0.16299930
vn -0.13390950 -0.99097733 -0.00567164
vn -0.50494052 -0.86289794 -0.02102909
vn -0.86711667 -0.49682165 -0.03573416
vn -0.99067202 -0.13000354 -0.04084160
vn -0.13851385 -0.99025355 0.01455406
vn -0.51096794 -0.85806456 0.05135141
vn -0.86665653 -0.49166179 0.08470618
vn -0.98695087 -0.12892902 0.09646395
vn -0.08119625 -0.99453501 0.06562992
vn -0.26057649 -0.94363396 0.20409520
vn -0.13246160 -0.99020068 0.04423284
vn -0.49064153 -0.85239923 0.18079393
vn -0.41298488 -0.84532057 0.33893453
vn -0.55383520 -0.70326653 0.44573845
vn -0.81466245 -0.48411381 0.31931006
vn -0.91893610 -0.12358605 0.37454362
vn -0.76906984 -0.09745308 0.63169176
vn -0.73618297 -0.31289620 0.60010882
vn -0.66101333 -0.51877254 0.54215905
vn -0.06562992 -0.99453501 0.08119625
vn -0.20409520 -0.94363396 0.26057649
vn -0.33893453 -0.84532057 0.41298488
vn -0.44573845 -0.70326653 0.55383520
vn -0.54215905 -0.51877254 0.66101333
vn -0.60010882 -0.31289620 0.73618297
vn -0.63169176 -0.09745308 0.76906984
vn -0.19015299 -0.85679235 0.47932109
vn -0.04424301 -0.99020260 0.13244380
vn -0.01485732 -0.99027898 0.13829967
vn -0.32872824 -0.47757597 0.81477539
vn -0.37453412 -0.12359523 0.91893874
vn -0.04560911 -0.89225440 0.44922365
vn -0.07643576 -0.70154774 0.70851136
vn -0.08776596 -0.43395989 0.89664706
vn -0.09651537 -0.12891036 0.98694828
vn -0.57506015 -0.81792984 0.01722204
vn -0.58877696 -0.80316129 0.09095950
vn -0.03644190 -0.08995313 0.99527907
vn -0.62373265 -0.50694987 0.59494488
vn -0.60065786 -0.77243771 0.20627682
vn -0.60276204 -0.72521506 0.33277777
vn -0.61136020 -0.65114848 0.44971588
vn -0.60344779 0.79614078 0.04484002
vn -0.08731075 0.11756863 -0.98921911
vn -0.04502565 0.44908137 -0.89235566
vn -0.63261490 0.52932178 -0.56534666
vn -0.37287743 0.92041001 0.11750676
vn -0.10067435 0.70353680 -0.70349175
vn -0.62115110 0.69917333 -0.35401688
vn -0.08810224 0.89656557 -0.43406010
vn -0.60066013 0.77243698 -0.20627292
vn -0.58877977 0.80315899 -0.09096163
vn -0.09678173 0.98694776 -0.12871449
vn -0.57506015 0.81792984 -0.01722204
vn -0.21411345 0.46138318 -0.86097676
vn -0.49270503 0.22302947 -0.84112996
vn -0.79490786 0.35393558 -0.49279925
vn -0.61379520 0.61363335 -0.49669867
vn -0.94303815 0.10547179 -0.31552298
vn -0.99054587 0.09700227 -0.09700227
vn -0.93741508 0.32680321 -0.12021907
vn -0.84945104 0.08356461 -0.52100852
vn -0.84324684 0.52103691 -0.13211850
vn -0.70104015 0.70104015 -0.13071117
vn -0.52124141 0.84305440 -0.13253928
vn -0.31870709 0.93907290 -0.12871630
vn -0.34431054 0.80735046 -0.47920297
vn -0.30258210 0.08372164 -0.94943918
vn -0.54761114 0.07695752 -0.83318640
vn -0.68486480 0.13299546 -0.71643033
vn -0.37070141 0.37030039 -0.85173827
vn -0.99054439 0.13088839 -0.04111023
vn -0.86376642 0.50262385 -0.03573282
vn -0.49470882 0.86882694 -0.02007283
vn -0.12710160 0.99187702 -0.00501546
vn -0.97785722 0.13128099 -0.16297410
vn -0.85056716 0.50639736 -0.14176464
vn -0.48269952 0.87208600 -0.08041880
vn -0.12230669 0.99228217 -0.02042491
vn -0.96132521 0.12958035 -0.24302834
vn -0.84059364 0.49822231 -0.21254848
vn -0.48588967 0.86534061 -0.12286929
vn -0.12674743 0.99141732 -0.03204351
vn -0.13368034 0.99100604 -0.00604934
vn -0.13522342 0.99055890 -0.02253213
vn -0.50482997 0.86294060 -0.02191400
vn -0.50359930 0.85985221 -0.08391622
vn -0.86714193 0.49671389 -0.03660849
vn -0.85791266 0.49350644 -0.14295898
vn -0.99068868 0.12976217 -0.04120344
vn -0.97809218 0.12949815 -0.16299051
vn -0.99054587 0.09700227 0.09700227
vn -0.94390903 0.31705059 0.09227492
vn -0.84908381 0.52129985 0.08545853
vn -0.70943947 0.70124686 0.07034542
vn -0.10402458 0.99451532 0.01087013
vn -0.32777835 0.94418321 0.03285442
vn -0.52878470 0.84694561 0.05540650
vn -0.41507016 0.84533231 0.33634810
vn -0.25783388 0.94300958 0.21036783
vn -0.36389338 0.91916223 0.15073953
vn -0.08119625 0.99453501 0.06562992
vn -0.10150388 0.99394807 0.04200238
vn -0.66470406 0.69467331 0.27495001
vn -0.85973758 0.36617465 0.35604413
vn -0.66167630 0.51917374 0.54096498
vn -0.54994886 0.70312971 0.45073813
vn -0.91973843 0.09620016 0.38056111
vn -0.76892766 0.09724556 0.63189679
vn -0.73339253 0.31306653 0.60342750
vn -0.62860185 0.12698068 0.76729110
vn -0.54993975 0.49128765 0.67542780
vn -0.32164401 0.85847821 0.39944998
vn -0.08597470 0.99034750 0.10872067
vn -0.01484362 0.99027504 0.13832938
vn -0.05590930 0.98922531 0.13530498
vn -0.04518365 0.89216853 0.44943715
vn -0.21006263 0.85611816 0.47216035
vn -0.07615116 0.70179639 0.70829572
vn -0.34369071 0.47984939 0.80723061
vn -0.37917608 0.12813597 0.91640967
vn -0.09689055 0.12865019 0.98694546
vn -0.08825536 0.43410781 0.89652741
vn -0.01323498 0.03308100 0.99936504
vn -0.53271571 0.31830400 0.78415339
vn -0.62741233 0.74512675 0.22614132
vn -0.59314931 0.80282062 0.06043959
vn -0.61712819 0.48083962 0.62285316
vn -0.63075232 0.63075366 0.45199705
vn -0.67385576 0.07975910 0.73454537
vn -0.72666835 0.08601012 0.68158298
vn -0.67086149 0.34168800 0.65817488
vn -0.57538534 0.29305941 0.76357573
vn -0.44272476 0.60897274 0.65813903
vn -0.37966776 0.52223715 0.76362344
vn -0.16762996 0.72131913 0.67201110
vn -0.17656415 0.98381384 0.03058484
vn -0.17480449 -0.98403361 0.03348492
vn -0.16762996 -0.72131913 0.67201110
vn -0.44272476 -0.60897274 0.65813903
vn -0.37966776 -0.52223715 0.76362344
vn -0.67086149 -0.34168800 0.65817488
vn -0.57538534 -0.29305941 0.76357573
vn -0.72666835 -0.08601012 0.68158298
vn -0.67385576 -0.07975910 0.73454537
vn -0.18388242 -0.69905192 0.69102363
vn -0.31885862 -0.65909280 0.68112103
vn -0.65352870 0.31009787 0.69046329
vn -0.18187430 0.70139449 0.68917887
vn -0.58757915 0.43688216 0.68109083
vn -0.31813714 0.65899603 0.68155191
vn -0.46687265 0.56350921 0.68153304
vn -0.65351655 -0.31011992 0.69046488
vn -0.46666950 -0.56421992 0.68108404
vn -0.58757915 -0.43688216 0.68109083
vn 0.51273885 -0.51341463 -0.68811648
vn 0.63049509 -0.77566725 -0.02857017
vn 0.57889622 -0.28895783 -0.76248445
vn 0.57889622 0.28895783 -0.76248445
vn 0.63156189 0.77487368 -0.02646449
vn 0.51231072 0.51568907 -0.68673321
vn 0.61280926 -0.40072583 -0.68109003
vn 0.65185295 0.01141459 -0.75825948
vn 0.61280926 0.40072583 -0.68109003
vn 0.60718236 -0.25158793 -0.75367970
vn 0.66721079 0.31351735 -0.67567495
vn 0.72928942 0.10751945 -0.67570446
vn 0.72928942 -0.10751945 -0.67570446
vn -0.63542102 0.20646317 -0.74405180
vn 0.66721079 -0.31351735 -0.67567495
vn -0.54051107 0.39267302 -0.74408043
vn 0.54823277 -0.49282961 -0.67569210
vn -0.39267302 0.54051107 -0.74408043
vn 0.38264285 -0.63008382 -0.67570617
vn -0.20646317 0.63542102 -0.74405180
vn 0.18449531 -0.71372338 -0.67569255
vn 0.00000000 0.66807790 -0.74409134
vn -0.02940203 -0.73659431 -0.67569546
vn 0.20646317 0.63542102 -0.74405180
vn -0.24077845 -0.69674886 -0.67569724
vn 0.39267302 0.54051107 -0.74408043
vn -0.29359717 -0.63200072 -0.71719997
vn 0.54051107 0.39267302 -0.74408043
vn -0.09997136 -0.63800578 -0.76351448
vn 0.63542102 0.20646317 -0.74405180
vn 0.69061756 0.24327469 -0.68107621
vn 0.20012559 0.61396697 -0.76354064
vn 0.71867484 0.09677760 -0.68857866
vn 0.42031177 0.53281709 -0.73446849
vn 0.65185295 -0.01141459 -0.75825948
vn 0.60718236 0.25158793 -0.75367970
vn 0.69061756 -0.24327469 -0.68107621
vn 0.52846435 0.43359638 -0.72987643
vn 0.71867484 -0.09677760 -0.68857866
vn 0.71786194 0.00000000 -0.69618548
vn -0.09997136 0.63800578 -0.76351448
vn -0.29359717 0.63200072 -0.71719997
vn -0.24077845 0.69674886 -0.67569724
vn -0.02940203 0.73659431 -0.67569546
vn 0.18449531 0.71372338 -0.67569255
vn 0.38264285 0.63008382 -0.67570617
vn 0.54823277 0.49282961 -0.67569210
vn 0.20012559 -0.61396697 -0.76354064
vn 0.42031177 -0.53281709 -0.73446849
vn 0.52846435 -0.43359638 -0.72987643
vn 0.08802928 0.73766494 -0.66940368
vn 0.08802928 -0.73766494 -0.66940368
vn 0.31876083 0.77029901 -0.55229609
vn 0.31876083 -0.77029901 -0.55229609
vn 0.55229609 0.77029901 -0.31876083
vn 0.55229609 -0.77029901 -0.31876083
vn 0.99700769 0.04185139 -0.06499329
vn 0.99700769 -0.04185139 -0.06499329
vn 0.23331114 -0.71577721 -0.65820126
vn -0.11654073 -0.74374960 -0.65822092
vn -0.30199250 -0.65007261 -0.69728482
vn -0.16823752 -0.65522720 -0.73646008
vn -0.04344330 -0.69104460 -0.72150539
vn 0.49900082 0.44857293 -0.74147186
vn 0.60726100 0.28534740 -0.74149238
vn -0.28804621 -0.63306679 -0.71850945
vn 0.34829682 0.57352749 -0.74145502
vn -0.28391306 -0.66477145 -0.69099370
vn 0.16792765 0.64963111 -0.74147132
vn -0.15326508 -0.71554991 -0.68154100
vn -0.04344330 0.69104460 -0.72150539
vn 0.49900082 -0.44857293 -0.74147186
vn -0.16823752 0.65522720 -0.73646008
vn 0.34829682 -0.57352749 -0.74145502
vn 0.60726100 -0.28534740 -0.74149238
vn 0.66382474 -0.09786796 -0.74145707
vn 0.66382474 0.09786796 -0.74145707
vn 0.49053362 0.55099934 -0.67511221
vn 0.67296717 0.33591363 -0.65899713
vn 0.74919422 0.01311913 -0.66222043
vn 0.02257170 -0.73146088 -0.68150972
vn -0.02676198 0.67045450 -0.74146784
vn 0.19563822 -0.70558568 -0.68108335
vn -0.21915988 0.63419047 -0.74146571
vn 0.33855200 -0.64335801 -0.68663892
vn -0.30199250 0.65007261 -0.69728482
vn -0.11654073 0.74374960 -0.65822092
vn 0.45315920 -0.57445684 -0.68164952
vn 0.33855200 0.64335801 -0.68663892
vn 0.56273647 -0.46171610 -0.68567186
vn 0.68931038 -0.28561793 -0.66578795
vn 0.19563822 0.70558568 -0.68108335
vn -0.21915988 -0.63419047 -0.74146571
vn 0.02202260 0.73183432 -0.68112666
vn -0.02676198 -0.67045450 -0.74146784
vn -0.15279664 0.71606748 -0.68110245
vn 0.16792765 -0.64963111 -0.74147132
vn -0.28391306 0.66477145 -0.69099370
vn -0.28804621 0.63306679 -0.71850945
vn 0.74919422 -0.01311913 -0.66222043
vn 0.67296717 -0.33591363 -0.65899713
vn 0.68931038 0.28561793 -0.66578795
vn 0.49053362 -0.55099934 -0.67511221
vn 0.56273647 0.46171610 -0.68567186
vn 0.45315920 0.57445684 -0.68164952
vn 0.23331114 0.71577721 -0.65820126
vn 0.55228724 -0.77025576 0.31888064
vn -0.04344330 -0.69104460 0.72150539
vn 0.31888064 -0.77025576 0.55228724
vn -0.03321787 -0.04238068 0.99854917
vn 0.66934429 -0.73770597 0.08813699
vn -0.46364829 -0.88529149 0.03590614
vn -0.16823752 -0.65522720 0.73646008
vn -0.04344330 0.69104460 0.72150539
vn -0.16823752 0.65522720 0.73646008
vn -0.46319279 0.88556201 0.03510499
vn 0.55228724 0.77025576 0.31888064
vn 0.31888064 0.77025576 0.55228724
vn -0.03321787 0.04238068 0.99854917
vn 0.66934429 0.73770597 0.08813699
vn -0.99652537 0.04722487 -0.06860753
vn -0.99814560 0.00782717 -0.06036630
vn -0.96581743 0.10667046 0.23625857
vn -0.96289165 0.02834180 0.26839600
vn -0.75521286 0.20222766 0.62350421
vn -0.76184569 0.05175311 0.64568782
vn -0.40663265 0.25265789 0.87796006
vn -0.42140667 0.06444517 0.90457904
vn -0.10394179 0.25861696 0.96037148
vn -0.10878787 0.06627354 0.99185332
vn -0.10175667 0.50117472 0.85934247
vn -0.40237417 0.48713749 0.77510779
vn -0.74805081 0.38661446 0.53939711
vn -0.95857841 0.21253979 0.18961610
vn -0.10149929 0.70865267 0.69821865
vn -0.39514677 0.68263601 0.61470896
vn -0.73549721 0.53856159 0.41109034
vn -0.94832687 0.28977508 0.12925386
vn -0.99171305 0.08154737 -0.09927363
vn -0.98925332 0.08892915 -0.11605809
vn -0.93675684 0.34383702 0.06528952
vn -0.72788590 0.62224260 0.28809073
vn -0.39969153 0.79363465 0.45868368
vn -0.10507129 0.83397035 0.54171347
vn -0.99817355 -0.00716399 -0.05998535
vn -0.96274284 -0.02940565 0.26881505
vn -0.76245696 -0.05178119 0.64496363
vn -0.42128806 -0.06357313 0.90469599
vn -0.10854716 -0.06594022 0.99190191
vn -0.09400734 0.89543842 0.43514671
vn -0.38197791 0.85136731 0.35953663
vn -0.71489045 0.66748727 0.20830840
vn -0.92880513 0.36992192 0.02188146
vn -0.98737219 0.09685511 -0.12536046
vn -0.99434712 -0.06740682 -0.08203740
vn -0.98946929 -0.08904372 -0.11411288
vn -0.95023285 -0.28796392 0.11888782
vn -0.93698282 -0.34323766 0.06520045
vn -0.73449536 -0.53973707 0.41133984
vn -0.73055278 -0.61924787 0.28779283
vn -0.39419427 -0.68388789 0.61392853
vn -0.40572654 -0.79000215 0.45965485
vn -0.10415530 -0.70893371 0.69754187
vn -0.10838703 -0.83289185 0.54271855
vn -0.10342213 -0.50189944 0.85872045
vn -0.40172808 -0.48798619 0.77490904
vn -0.74779885 -0.38698466 0.53948100
vn -0.95951762 -0.20344830 0.19476837
vn -0.10419026 -0.25968894 0.96005523
vn -0.40640273 -0.25496087 0.87740058
vn -0.75556750 -0.20323980 0.62274500
vn -0.96286818 -0.11440175 0.24453448
vn -0.99766143 -0.02668457 -0.06292541
vn -0.98460209 0.09742569 -0.14514462
vn -0.92463920 0.37709365 -0.05331728
vn -0.71056063 0.69921925 0.07871484
vn -0.37784566 0.90451664 0.19769245
vn -0.09493625 0.95816826 0.27000130
vn -0.98188769 0.09590508 -0.16339759
vn -0.91745948 0.37772188 -0.12487704
vn -0.70421188 0.70779157 -0.05582763
vn -0.37969388 0.92488636 0.02043957
vn -0.09652682 0.99145883 0.08770387
vn -0.98725846 -0.09771743 -0.12558680
vn -0.92965368 -0.36790164 0.01980939
vn -0.71897069 -0.66397502 0.20547097
vn -0.38633153 -0.85020766 0.35762395
vn -0.09571138 -0.89568926 0.43425808
vn -0.09644677 0.99531995 0.00601889
vn -0.09673239 0.99525297 -0.01069393
vn -0.38059686 0.92304932 -0.05591045
vn -0.91015122 0.38365718 -0.15630718
vn -0.98020471 0.09738530 -0.17237990
vn -0.98035314 0.09590476 -0.17236588
vn -0.69641162 0.70867191 -0.11311484
vn -0.92422568 -0.37813551 -0.05310771
vn -0.98461542 -0.09961354 -0.14356053
vn -0.98150373 -0.09827161 -0.16429585
vn -0.37672117 -0.92605350 0.02249627
vn -0.09787658 -0.99129709 0.08803559
vn -0.09384149 -0.95905151 0.26723395
vn -0.91562021 -0.38195300 -0.12550516
vn -0.70086286 -0.71117274 -0.05499623
vn -0.71130813 -0.69857478 0.07767891
vn -0.37668594 -0.90510065 0.19723212
vn -0.04002769 0.99856938 -0.03545384
vn -0.19295517 0.97626896 -0.09832199
vn -0.39704245 0.90386475 -0.15932921
vn -0.67214241 0.71558257 -0.19017402
vn -0.89734498 0.39494022 -0.19696248
vn -0.97765563 0.10432940 -0.18249616
vn -0.09805992 -0.99516775 0.00504043
vn -0.98038529 -0.09893884 -0.17045758
vn -0.98017350 -0.09752180 -0.17248017
vn -0.91023869 -0.38369154 -0.15571229
vn -0.69728755 -0.70774112 -0.11354550
vn -0.37836573 -0.92389577 -0.05706125
vn -0.09819100 -0.99509667 -0.01188008
vn -0.24263638 0.95019867 -0.19557628
vn -0.10262629 0.94007035 -0.32517007
vn -0.15582915 0.89415838 -0.41975954
vn -0.66343452 0.64268058 -0.38316618
vn -0.26006025 0.78329516 -0.56463915
vn -0.02927958 0.68782292 -0.72528777
vn -0.18813942 0.66595520 -0.72187757
vn -0.33057682 0.34052484 -0.88020554
vn -0.10744590 0.33919659 -0.93455928
vn -0.08488837 0.09486682 -0.99186403
vn -0.95171717 0.02290426 -0.30612059
vn -0.96667237 0.03520167 -0.25358503
vn -0.86332903 0.14037581 -0.48472426
vn -0.88927528 0.34786002 -0.29695602
vn -0.97120892 0.09146312 -0.21997210
vn -0.87926026 0.25277890 -0.40373783
vn -0.96154580 0.06802736 -0.26608636
vn -0.27460870 0.08895026 -0.95743298
vn -0.46307018 0.07912545 -0.88278263
vn -0.63623575 0.25830561 -0.72696787
vn -0.63769976 0.06505158 -0.76753326
vn -0.82834680 0.03773217 -0.55894352
vn -0.39486170 0.82225568 -0.40985343
vn -0.37934634 0.61886152 -0.68782757
vn -0.64818949 0.47869349 -0.59220176
vn -0.95735897 0.00513603 -0.28885538
vn -0.46157340 0.41036623 -0.78647921
vn -0.97873743 -0.10232612 -0.17777066
vn -0.89767286 -0.39554901 -0.19422777
vn -0.68979717 -0.70281358 -0.17387619
vn -0.36718680 -0.92378225 -0.10862880
vn -0.09104411 -0.99397259 -0.06106928
vn -0.95661331 -0.01018574 -0.29118245
vn -0.08538900 -0.02963781 -0.99590678
vn -0.29358629 -0.06367209 -0.95380971
vn -0.46307018 -0.07912545 -0.88278263
vn -0.63769976 -0.06505158 -0.76753326
vn -0.82947969 -0.03982352 -0.55711537
vn -0.10734712 -0.28080528 -0.95374262
vn -0.10085547 -0.42871325 -0.89779348
vn -0.35089616 -0.35801630 -0.86527233
vn -0.07397383 -0.71525765 -0.69493479
vn -0.08388527 -0.87500467 -0.47679145
vn -0.41620571 -0.69965585 -0.58073617
vn -0.29308358 -0.88348221 -0.36546025
vn -0.67657957 -0.63902443 -0.36590690
vn -0.97267455 -0.12593770 -0.19504848
vn -0.97397962 -0.08752220 -0.20905397
vn -0.88553787 -0.35238253 -0.30273625
vn -0.96663695 -0.09499825 -0.23788306
vn -0.46672280 -0.83906028 -0.27954905
vn -0.08739663 -0.97058563 -0.22433315
vn -0.64871959 -0.47699832 -0.59298862
vn -0.87854841 -0.24767764 -0.40842194
vn -0.86614939 -0.13467221 -0.48129890
vn -0.96524990 -0.04676024 -0.25711109
vn -0.17798859 -0.15679364 -0.97146066
vn -0.63623575 -0.25830561 -0.72696787
vn -0.27424372 -0.49581458 -0.82398925
vn -0.36547706 -0.61940458 -0.69481256
vn -0.75358576 0.61215523 -0.23952968
vn -0.72733355 0.68361947 -0.06041784
vn -0.75851336 0.46078328 -0.46079958
vn -0.75369460 0.23950264 -0.61203181
vn -0.63172163 0.05422571 -0.77329642
vn -0.63156428 -0.05423730 -0.77342412
vn -0.75656518 -0.46422901 -0.46054375
vn -0.75192452 -0.23781366 -0.61486110
vn -0.75242920 -0.61276641 -0.24159393
vn -0.72618418 -0.68498071 -0.05880439
vn -0.70965507 -0.70450325 0.00805357
vn -0.72331115 -0.68747899 0.06475821
vn -0.73500639 -0.65086568 0.19010384
vn -0.72090525 -0.61993270 0.30980489
vn -0.72569682 -0.56571597 0.39157318
vn -0.74773521 -0.42960097 0.50629543
vn -0.74787153 -0.22355665 0.62506848
vn -0.65488706 -0.05161115 0.75396235
vn -0.65488706 0.05161115 0.75396235
vn -0.74787153 0.22355665 0.62506848
vn -0.74773521 0.42960097 0.50629543
vn -0.72569682 0.56571597 0.39157318
vn -0.72085241 0.61994767 0.30989787
vn -0.73495757 0.65093956 0.19003963
vn -0.72331506 0.68747438 0.06476345
vn -0.70965507 0.70450325 0.00805357
vn -0.60692892 0.75390025 0.25153866
vn -0.47979291 0.68976953 0.54223312
vn -0.50616250 0.73811337 0.44608091
vn -0.56483437 0.01124604 0.82512766
vn -0.55228724 0.77025576 -0.31888064
vn 0.02391109 0.67331877 -0.73896556
vn -0.20692389 0.67337115 -0.70975615
vn 0.80698210 0.03653789 -0.58944455
vn 0.56787268 0.68977359 -0.44914698
vn 0.31213189 0.76603898 -0.56192345
vn 0.00000000 0.77027389 -0.63771321
vn -0.31888064 0.77025576 -0.55228724
vn 0.45595192 0.67332830 -0.58201104
vn 0.25244730 0.67335186 -0.69488678
vn -0.68037069 0.72980871 0.06689523
vn -0.66934429 0.73770597 -0.08813699
vn -0.60628806 0.67332753 0.42313689
vn -0.70778988 0.67333680 0.21366102
vn -0.73911727 0.67336605 -0.01684700
vn -0.69731479 0.67332295 -0.24574030
vn -0.58633826 0.67334152 -0.45035391
vn -0.41727096 0.67332408 -0.61034386
vn -0.60628806 -0.67332753 0.42313689
vn -0.70778988 -0.67333680 0.21366102
vn -0.73911727 -0.67336605 -0.01684700
vn 0.67640180 -0.67537834 -0.29384471
vn 0.72797497 -0.67886952 -0.09585728
vn -0.39657081 -0.69327413 0.60174959
vn 0.72797497 -0.67886952 0.09585728
vn -0.25932515 -0.67254191 0.69313624
vn 0.45595192 -0.67332830 -0.58201104
vn -0.47979291 -0.68976953 0.54223312
vn 0.56787268 -0.68977359 -0.44914698
vn 0.59681172 -0.70347792 -0.38592043
vn 0.02391109 -0.67331877 -0.73896556
vn 0.25244730 -0.67335186 -0.69488678
vn 0.65570955 -0.65323117 0.37859481
vn 0.37859481 -0.65323117 0.65570955
vn 0.02474154 -0.65941677 0.75137033
vn -0.41727096 -0.67332408 -0.61034386
vn -0.20692389 -0.67337115 -0.70975615
vn -0.58633826 -0.67334152 -0.45035391
vn -0.69731479 -0.67332295 -0.24574030
vn -0.68037069 -0.72980871 0.06689523
vn -0.66934429 -0.73770597 -0.08813699
vn -0.60692892 -0.75390025 0.25153866
vn -0.47979291 -0.68976953 0.54223312
vn -0.50616250 -0.73811337 0.44608091
vn -0.56483437 -0.01124604 0.82512766
vn 0.56787268 -0.68977359 -0.44914698
vn 0.80698210 -0.03653789 -0.58944455
vn 0.31213189 -0.76603898 -0.56192345
vn 0.00000000 -0.77027389 -0.63771321
vn -0.31888064 -0.77025576 -0.55228724
vn 0.45595192 -0.67332830 -0.58201104
vn 0.25244730 -0.67335186 -0.69488678
vn -0.55228724 -0.77025576 -0.31888064
vn 0.02391109 -0.67331877 -0.73896556
vn -0.41727096 -0.67332408 -0.61034386
vn -0.20692389 -0.67337115 -0.70975615
vn -0.60628806 -0.67332753 0.42313689
vn -0.58633826 -0.67334152 -0.45035391
vn -0.69731479 -0.67332295 -0.24574030
vn -0.73911727 -0.67336605 -0.01684700
vn -0.70778988 -0.67333680 0.21366102
vn 0.56787268 0.68977359 -0.44914698
vn 0.59681172 0.70347792 -0.38592043
vn 0.45595192 0.67332830 -0.58201104
vn 0.25244730 0.67335186 -0.69488678
vn 0.02391109 0.67331877 -0.73896556
vn -0.20692389 0.67337115 -0.70975615
vn -0.41727096 0.67332408 -0.61034386
vn -0.58633826 0.67334152 -0.45035391
vn -0.69731479 0.67332295 -0.24574030
vn -0.73911727 0.67336605 -0.01684700
vn -0.70778988 0.67333680 0.21366102
vn -0.60628806 0.67332753 0.42313689
vn -0.47979291 0.68976953 0.54223312
vn -0.39657081 0.69327413 0.60174959
vn 0.02474154 0.65941677 0.75137033
vn -0.25932515 0.67254191 0.69313624
vn 0.72797497 0.67886952 -0.09585728
vn 0.72797497 0.67886952 0.09585728
vn 0.67640180 0.67537834 -0.29384471
vn -0.44100035 0.51930836 0.73200924
vn -0.62266194 0.29547283 0.72456049
vn -0.54403918 0.40450893 0.73511489
vn 0.69061756 -0.24327469 0.68107621
vn 0.71867484 -0.09677760 0.68857866
vn 0.03156619 -0.72894421 0.68384495
vn 0.19563822 -0.70558568 0.68108335
vn 0.35699751 -0.63859518 0.68172500
vn 0.50001150 -0.53405352 0.68174433
vn 0.71867484 0.09677760 0.68857866
vn 0.69061756 0.24327469 0.68107621
vn 0.71786194 -0.00000000 0.69618548
vn 0.61280926 -0.40072583 0.68109003
vn 0.61280926 0.40072583 0.68109003
vn 0.49979957 0.53508070 0.68109400
vn 0.35800540 0.63865744 0.68113788
vn 0.03156619 0.72894421 0.68384495
vn 0.19563822 0.70558568 0.68108335
vn -0.62266754 -0.29545432 0.72456323
vn -0.54403918 -0.40450893 0.73511489
vn -0.44008294 -0.51934242 0.73253700
vn 0.30524390 0.76666823 -0.56484156
vn 0.53708646 0.76678588 -0.35153597
vn 0.35536792 0.70925662 0.60882567
vn 0.12772125 0.76393508 0.63252706
vn -0.19474421 0.77033494 0.60717277
vn -0.47232692 0.77013316 0.42872158
vn 0.37859481 0.65323117 0.65570955
vn 0.65570955 0.65323117 0.37859481
vn -0.24973285 0.70569194 0.66304781
vn -0.43995025 0.65456713 0.61480537
vn -0.56169414 0.70038878 0.44040351
vn -0.45038191 0.75062491 0.48344428
vn -0.23360240 0.73926247 0.63160187
vn -0.03325797 0.72161451 0.69149577
vn -0.36191751 0.76565076 0.53178438
vn -0.56878228 0.76554071 0.30072271
vn -0.64341380 0.76551857 0.00000000
vn 0.63973746 0.76672515 -0.05355866
vn 0.69876035 0.70631494 0.11337182
vn 0.75244628 0.65453111 -0.07357736
vn -0.48635032 0.68566349 0.54159851
vn -0.30233894 0.66663507 0.68131406
vn -0.00654281 0.66774862 0.74435809
vn -0.59608520 0.70339870 -0.38718562
vn -0.30273964 0.66644495 0.68132213
vn -0.56878228 0.76554071 -0.30072271
vn -0.36191751 0.76565076 -0.53178438
vn -0.24973285 0.70569194 -0.66304781
vn 0.26777560 0.66809239 0.69422531
vn -0.72120482 0.65324274 -0.23051580
vn -0.73963805 0.65361180 0.16039694
vn -0.62315175 0.77031733 0.13525202
vn -0.60717277 0.77033494 -0.19474421
vn -0.06405790 0.68369312 0.72695275
vn 0.71581788 0.66261054 -0.22034527
vn 0.71392540 0.69898274 -0.04163726
vn 0.64964179 0.74528666 -0.15004444
vn 0.66190551 0.69940532 -0.26965402
vn -0.43995025 0.65456713 -0.61480537
vn -0.56363452 0.69968715 -0.43903761
vn -0.45138872 0.75178475 -0.48069524
vn -0.24272586 0.75184013 -0.61304207
vn -0.04991168 0.73383699 -0.67748955
vn -0.04719030 0.68403707 -0.72791920
vn 0.00455293 0.76490542 -0.64412652
vn -0.29133592 0.76324352 -0.57669985
vn -0.45239369 0.70476404 -0.54648659
vn -0.31238286 0.65447168 -0.68853742
vn -0.15805016 0.90693957 -0.39048785
vn -0.42101275 0.90695333 -0.01356171
vn -0.39530537 0.90697088 0.14538735
vn -0.38509749 0.90698841 -0.17050498
vn -0.29302529 0.90697220 -0.30255182
f 1//1 2//2 3//3
f 3//3 2//2 4//4
f 3//3 4//4 5//5
f 5//5 4//4 6//6
f 6//6 4//4 7//7
f 7//7 4//4 8//8
f 7//7 8//8 9//9
f 9//9 10//10 7//7
f 7//7 10//10 11//11
f 7//7 11//11 12//12
f 13//13 14//14 15//15
f 15//15 14//14 16//16
f 15//15 16//16 12//12
f 12//12 16//16 17//17
f 12//12 17//17 7//7
f 18//18 19//19 20//20
f 20//20 19//19 21//21
f 20//20 21//21 22//22
f 23//23 24//24 25//25
f 25//25 24//24 20//20
f 25//25 20//20 26//26
f 26//26 20//20 22//22
f 20//20 24//24 27//27
f 20//20 27//27 28//28
f 28//28 27//27 29//29
f 28//28 29//29 30//30
f 31//31 32//32 33//33
f 34//34 35//35 33//33
f 33//33 35//35 36//36
f 33//33 36//36 31//31
f 37//37 38//38 33//33
f 33//33 38//38 39//39
f 39//39 40//40 33//33
f 33//33 40//40 41//41
f 33//33 41//41 34//34
f 42//42 43//43 27//27
f 44//44 45//45 46//46
f 47//47 24//24 48//48
f 48//48 24//24 23//23
f 27//27 43//43 29//29
f 49//49 50//50 51//51
f 51//51 50//50 42//42
f 51//51 42//42 47//47
f 47//47 42//42 27//27
f 47//47 27//27 24//24
f 52//52 53//53 54//54
f 55//55 56//56 37//37
f 37//37 56//56 57//57
f 37//37 57//57 38//38
f 58//58 59//59 46//46
f 46//46 59//59 52//52
f 46//46 52//52 44//44
f 44//44 52//52 54//54
f 44//44 54//54 60//60
f 43//43 61//61 29//29
f 29//29 61//61 62//62
f 29//29 62//62 63//63
f 63//63 62//62 64//64
f 63//63 64//64 65//65
f 65//65 64//64 66//66
f 65//65 66//66 67//67
f 67//67 66//66 68//68
f 67//67 68//68 69//69
f 69//69 68//68 59//59
f 69//69 59//59 55//55
f 55//55 59//59 58//58
f 55//55 58//58 56//56
f 70//70 71//71 51//51
f 51//51 71//71 72//72
f 51//51 72//72 49//49
f 73//73 74//74 75//75
f 14//14 13//13 76//76
f 76//76 13//13 73//73
f 76//76 73//73 77//77
f 77//77 73//73 75//75
f 78//78 79//79 18//18
f 18//18 79//79 80//80
f 81//81 82//82 83//83
f 81//81 83//83 84//84
f 84//84 83//83 85//85
f 84//84 85//85 86//86
f 86//86 85//85 87//87
f 86//86 87//87 88//88
f 88//88 87//87 79//79
f 88//88 79//79 78//78
f 81//81 89//89 82//82
f 82//82 89//89 90//90
f 91//91 92//92 93//93
f 91//91 93//93 94//94
f 94//94 93//93 95//95
f 94//94 95//95 96//96
f 96//96 95//95 90//90
f 96//96 90//90 89//89
f 97//97 98//98 32//32
f 32//32 98//98 2//2
f 99//99 100//100 101//101
f 99//99 101//101 102//102
f 102//102 101//101 103//103
f 102//102 103//103 104//104
f 105//105 106//106 107//107
f 100//100 108//108 101//101
f 101//101 108//108 109//109
f 101//101 109//109 110//110
f 111//111 112//112 113//113
f 113//113 112//112 102//102
f 113//113 102//102 114//114
f 114//114 102//102 104//104
f 111//111 113//113 107//107
f 107//107 113//113 115//115
f 107//107 115//115 105//105
f 106//106 116//116 107//107
f 107//107 116//116 117//117
f 107//107 117//117 118//118
f 104//104 119//119 120//120
f 104//104 120//120 114//114
f 114//114 120//120 121//121
f 114//114 121//121 113//113
f 113//113 121//121 122//122
f 113//113 122//122 115//115
f 115//115 122//122 123//123
f 115//115 123//123 105//105
f 105//105 123//123 124//124
f 105//105 124//124 106//106
f 106//106 124//124 125//125
f 106//106 125//125 116//116
f 116//116 125//125 126//126
f 116//116 126//126 117//117
f 117//117 126//126 127//127
f 117//117 127//127 118//118
f 118//118 127//127 128//128
f 118//118 128//128 107//107
f 107//107 128//128 129//129
f 107//107 129//129 111//111
f 130//130 131//131 132//132
f 132//132 131//131 133//133
f 132//132 133//133 134//134
f 135//135 136//136 137//137
f 131//131 138//138 133//133
f 133//133 138//138 139//139
f 133//133 139//139 140//140
f 140//140 139//139 135//135
f 140//140 135//135 141//141
f 141//141 135//135 137//137
f 142//142 141//141 137//137
f 141//141 142//142 140//140
f 143//143 144//144 145//145
f 145//145 144//144 146//146
f 140//140 145//145 133//133
f 133//133 145//145 146//146
f 133//133 146//146 134//134
f 140//140 142//142 145//145
f 145//145 142//142 147//147
f 145//145 147//147 143//143
f 148//148 149//149 147//147
f 147//147 149//149 150//150
f 147//147 150//150 143//143
f 137//137 151//151 142//142
f 142//142 151//151 152//152
f 142//142 152//152 147//147
f 147//147 152//152 148//148
f 151//151 153//153 152//152
f 152//152 153//153 148//148
f 137//137 154//154 155//155
f 137//137 155//155 151//151
f 151//151 155//155 156//156
f 151//151 156//156 153//153
f 153//153 156//156 157//157
f 153//153 157//157 148//148
f 158//158 159//159 160//160
f 160//160 159//159 161//161
f 160//160 161//161 162//162
f 162//162 161//161 163//163
f 162//162 163//163 164//164
f 164//164 163//163 165//165
f 159//159 157//157 161//161
f 161//161 157//157 156//156
f 161//161 156//156 163//163
f 163//163 156//156 155//155
f 163//163 155//155 165//165
f 165//165 155//155 154//154
f 164//164 166//166 162//162
f 162//162 166//166 167//167
f 162//162 167//167 160//160
f 160//160 167//167 168//168
f 160//160 168//168 158//158
f 158//158 168//168 169//169
f 166//166 170//170 167//167
f 167//167 170//170 171//171
f 167//167 171//171 168//168
f 168//168 171//171 172//172
f 168//168 172//172 169//169
f 169//169 172//172 173//173
f 170//170 174//174 175//175
f 170//170 175//175 171//171
f 171//171 175//175 176//176
f 171//171 176//176 172//172
f 172//172 176//176 177//177
f 172//172 177//177 173//173
f 178//178 179//179 180//180
f 180//180 179//179 181//181
f 179//179 182//182 181//181
f 181//181 182//182 183//183
f 181//181 183//183 184//184
f 174//174 180//180 175//175
f 175//175 180//180 181//181
f 175//175 181//181 176//176
f 176//176 181//181 184//184
f 176//176 184//184 177//177
f 177//177 184//184 185//185
f 186//186 185//185 187//187
f 187//187 185//185 184//184
f 187//187 184//184 188//188
f 188//188 184//184 183//183
f 189//189 190//190 178//178
f 178//178 190//190 179//179
f 179//179 190//190 182//182
f 182//182 190//190 191//191
f 182//182 191//191 183//183
f 183//183 191//191 192//192
f 183//183 192//192 188//188
f 188//188 192//192 193//193
f 188//188 193//193 187//187
f 193//193 194//194 187//187
f 187//187 194//194 195//195
f 187//187 195//195 186//186
f 196//196 197//197 198//198
f 189//189 197//197 190//190
f 190//190 197//197 196//196
f 190//190 196//196 191//191
f 191//191 196//196 192//192
f 192//192 196//196 199//199
f 192//192 199//199 193//193
f 193//193 199//199 194//194
f 194//194 199//199 200//200
f 194//194 200//200 195//195
f 198//198 201//201 196//196
f 196//196 201//201 202//202
f 196//196 202//202 199//199
f 199//199 202//202 203//203
f 199//199 203//203 200//200
f 200//200 203//203 204//204
f 198//198 205//205 206//206
f 198//198 206//206 201//201
f 207//207 204//204 208//208
f 208//208 204//204 203//203
f 208//208 203//203 202//202
f 206//206 209//209 201//201
f 201//201 209//209 210//210
f 201//201 210//210 202//202
f 202//202 210//210 211//211
f 202//202 211//211 208//208
f 212//212 213//213 214//214
f 215//215 216//216 212//212
f 212//212 214//214 215//215
f 215//215 214//214 217//217
f 215//215 217//217 218//218
f 218//218 217//217 219//219
f 218//218 219//219 220//220
f 220//220 219//219 221//221
f 221//221 219//219 222//222
f 221//221 222//222 223//223
f 224//224 214//214 213//213
f 214//214 224//224 217//217
f 225//225 226//226 227//227
f 228//228 229//229 230//230
f 226//226 231//231 228//228
f 228//228 230//230 226//226
f 226//226 230//230 232//232
f 226//226 232//232 227//227
f 227//227 232//232 233//233
f 227//227 233//233 234//234
f 234//234 235//235 236//236
f 236//236 235//235 222//222
f 236//236 222//222 219//219
f 213//213 237//237 225//225
f 225//225 237//237 238//238
f 225//225 238//238 226//226
f 226//226 238//238 239//239
f 226//226 239//239 231//231
f 234//234 236//236 227//227
f 227//227 236//236 240//240
f 227//227 240//240 225//225
f 225//225 240//240 213//213
f 219//219 217//217 236//236
f 236//236 217//217 224//224
f 236//236 224//224 240//240
f 240//240 224//224 213//213
f 230//230 229//229 241//241
f 230//230 241//241 232//232
f 232//232 241//241 242//242
f 232//232 242//242 233//233
f 233//233 242//242 243//243
f 233//233 243//243 234//234
f 234//234 243//243 235//235
f 235//235 243//243 244//244
f 235//235 244//244 222//222
f 241//241 245//245 242//242
f 242//242 245//245 246//246
f 242//242 246//246 243//243
f 243//243 246//246 247//247
f 243//243 247//247 244//244
f 244//244 247//247 248//248
f 245//245 249//249 246//246
f 246//246 249//249 250//250
f 246//246 250//250 247//247
f 247//247 250//250 251//251
f 247//247 251//251 248//248
f 248//248 251//251 252//252
f 253//253 254//254 255//255
f 255//255 254//254 256//256
f 255//255 256//256 257//257
f 257//257 256//256 258//258
f 257//257 258//258 259//259
f 259//259 258//258 260//260
f 254//254 252//252 256//256
f 256//256 252//252 251//251
f 256//256 251//251 258//258
f 258//258 251//251 250//250
f 258//258 250//250 260//260
f 260//260 250//250 249//249
f 261//261 262//262 259//259
f 259//259 262//262 257//257
f 262//262 263//263 257//257
f 257//257 263//263 264//264
f 257//257 264//264 255//255
f 265//265 253//253 266//266
f 266//266 253//253 255//255
f 266//266 255//255 267//267
f 267//267 255//255 264//264
f 268//268 269//269 270//270
f 269//269 271//271 272//272
f 269//269 272//272 270//270
f 270//270 272//272 265//265
f 270//270 265//265 266//266
f 266//266 267//267 270//270
f 270//270 267//267 273//273
f 270//270 273//273 268//268
f 274//274 275//275 273//273
f 273//273 275//275 276//276
f 273//273 276//276 268//268
f 277//277 278//278 274//274
f 274//274 278//278 279//279
f 274//274 279//279 275//275
f 267//267 264//264 273//273
f 273//273 264//264 263//263
f 273//273 263//263 274//274
f 274//274 263//263 262//262
f 274//274 262//262 277//277
f 277//277 262//262 261//261
f 278//278 280//280 279//279
f 279//279 280//280 281//281
f 279//279 281//281 275//275
f 275//275 281//281 276//276
f 276//276 281//281 282//282
f 276//276 282//282 268//268
f 268//268 282//282 269//269
f 269//269 282//282 283//283
f 269//269 283//283 271//271
f 284//284 285//285 286//286
f 286//286 285//285 287//287
f 286//286 287//287 288//288
f 288//288 287//287 289//289
f 290//290 291//291 289//289
f 289//289 291//291 292//292
f 289//289 292//292 288//288
f 285//285 283//283 287//287
f 287//287 283//283 282//282
f 287//287 282//282 289//289
f 289//289 282//282 281//281
f 289//289 281//281 290//290
f 290//290 281//281 280//280
f 293//293 294//294 291//291
f 291//291 294//294 292//292
f 295//295 296//296 284//284
f 294//294 297//297 292//292
f 292//292 297//297 298//298
f 292//292 298//298 288//288
f 288//288 298//298 295//295
f 288//288 295//295 286//286
f 286//286 295//295 284//284
f 229//229 228//228 148//148
f 148//148 228//228 149//149
f 149//149 228//228 150//150
f 150//150 228//228 231//231
f 150//150 231//231 143//143
f 143//143 231//231 239//239
f 143//143 239//239 144//144
f 144//144 239//239 238//238
f 144//144 238//238 146//146
f 238//238 237//237 146//146
f 146//146 237//237 213//213
f 146//146 213//213 134//134
f 204//204 291//291 290//290
f 204//204 290//290 200//200
f 200//200 290//290 280//280
f 200//200 280//280 195//195
f 278//278 186//186 280//280
f 280//280 186//186 195//195
f 186//186 278//278 277//277
f 186//186 277//277 185//185
f 185//185 277//277 261//261
f 185//185 261//261 177//177
f 259//259 173//173 261//261
f 261//261 173//173 177//177
f 173//173 259//259 260//260
f 173//173 260//260 169//169
f 169//169 260//260 249//249
f 169//169 249//249 158//158
f 158//158 249//249 159//159
f 159//159 249//249 245//245
f 159//159 245//245 157//157
f 157//157 245//245 241//241
f 229//229 148//148 241//241
f 241//241 148//148 157//157
f 223//223 222//222 296//296
f 296//296 222//222 244//244
f 244//244 248//248 296//296
f 296//296 248//248 252//252
f 296//296 252//252 254//254
f 254//254 253//253 296//296
f 296//296 253//253 265//265
f 296//296 265//265 272//272
f 272//272 271//271 296//296
f 296//296 271//271 283//283
f 296//296 283//283 284//284
f 284//284 283//283 285//285
f 174//174 170//170 205//205
f 137//137 136//136 154//154
f 154//154 136//136 205//205
f 154//154 205//205 165//165
f 170//170 166//166 205//205
f 205//205 166//166 164//164
f 205//205 164//164 165//165
f 180//180 174//174 178//178
f 178//178 174//174 205//205
f 178//178 205//205 189//189
f 189//189 205//205 198//198
f 189//189 198//198 197//197
f 212//212 132//132 213//213
f 213//213 132//132 134//134
f 299//299 300//300 301//301
f 299//299 301//301 302//302
f 302//302 301//301 303//303
f 302//302 303//303 304//304
f 304//304 303//303 305//305
f 304//304 305//305 306//306
f 307//307 308//308 309//309
f 307//307 309//309 310//310
f 310//310 309//309 311//311
f 310//310 311//311 312//312
f 312//312 311//311 313//313
f 312//312 313//313 314//314
f 315//315 307//307 310//310
f 315//315 310//310 316//316
f 291//291 204//204 293//293
f 293//293 204//204 207//207
f 293//293 207//207 317//317
f 317//317 207//207 318//318
f 317//317 318//318 319//319
f 319//319 318//318 320//320
f 319//319 320//320 321//321
f 322//322 299//299 207//207
f 207//207 299//299 302//302
f 207//207 302//302 318//318
f 318//318 302//302 304//304
f 318//318 304//304 306//306
f 310//310 312//312 316//316
f 316//316 312//312 314//314
f 316//316 314//314 323//323
f 323//323 314//314 299//299
f 323//323 299//299 324//324
f 324//324 299//299 322//322
f 313//313 300//300 314//314
f 314//314 300//300 299//299
f 325//325 326//326 327//327
f 328//328 329//329 330//330
f 325//325 327//327 331//331
f 328//328 330//330 332//332
f 332//332 330//330 333//333
f 332//332 333//333 334//334
f 127//127 335//335 128//128
f 128//128 335//335 336//336
f 128//128 336//336 129//129
f 129//129 336//336 337//337
f 129//129 337//337 338//338
f 338//338 337//337 339//339
f 338//338 339//339 340//340
f 340//340 339//339 341//341
f 340//340 341//341 342//342
f 342//342 341//341 343//343
f 342//342 343//343 344//344
f 344//344 343//343 345//345
f 344//344 345//345 346//346
f 346//346 345//345 347//347
f 346//346 347//347 348//348
f 348//348 347//347 349//349
f 348//348 349//349 350//350
f 350//350 349//349 351//351
f 350//350 351//351 352//352
f 352//352 351//351 353//353
f 352//352 353//353 354//354
f 333//333 355//355 356//356
f 356//356 355//355 357//357
f 356//356 357//357 358//358
f 327//327 359//359 331//331
f 331//331 359//359 360//360
f 331//331 360//360 361//361
f 361//361 360//360 362//362
f 361//361 362//362 363//363
f 363//363 362//362 358//358
f 363//363 358//358 364//364
f 364//364 358//358 357//357
f 119//119 333//333 120//120
f 120//120 333//333 356//356
f 120//120 356//356 121//121
f 121//121 356//356 365//365
f 121//121 365//365 122//122
f 122//122 365//365 366//366
f 122//122 366//366 123//123
f 123//123 366//366 367//367
f 123//123 367//367 124//124
f 124//124 367//367 368//368
f 124//124 368//368 125//125
f 125//125 368//368 369//369
f 125//125 369//369 126//126
f 126//126 369//369 370//370
f 126//126 370//370 127//127
f 127//127 370//370 371//371
f 127//127 371//371 335//335
f 353//353 372//372 354//354
f 354//354 372//372 373//373
f 354//354 373//373 119//119
f 119//119 373//373 333//333
f 333//333 373//373 374//374
f 333//333 374//374 334//334
f 375//375 376//376 377//377
f 377//377 376//376 378//378
f 377//377 378//378 379//379
f 379//379 378//378 380//380
f 379//379 380//380 381//381
f 381//381 380//380 382//382
f 383//383 384//384 385//385
f 386//386 387//387 388//388
f 388//388 387//387 376//376
f 388//388 376//376 389//389
f 386//386 388//388 390//390
f 390//390 388//388 391//391
f 390//390 391//391 392//392
f 392//392 391//391 393//393
f 392//392 393//393 394//394
f 375//375 395//395 396//396
f 396//396 395//395 397//397
f 396//396 397//397 398//398
f 396//396 399//399 375//375
f 375//375 399//399 400//400
f 375//375 400//400 376//376
f 376//376 400//400 401//401
f 376//376 401//401 389//389
f 402//402 403//403 404//404
f 394//394 393//393 405//405
f 405//405 393//393 406//406
f 405//405 406//406 407//407
f 407//407 406//406 408//408
f 407//407 408//408 409//409
f 409//409 408//408 410//410
f 409//409 410//410 411//411
f 412//412 413//413 414//414
f 414//414 413//413 402//402
f 414//414 402//402 415//415
f 415//415 402//402 404//404
f 412//412 383//383 413//413
f 413//413 383//383 385//385
f 413//413 385//385 416//416
f 416//416 385//385 417//417
f 416//416 417//417 418//418
f 418//418 417//417 419//419
f 418//418 419//419 420//420
f 420//420 419//419 421//421
f 420//420 421//421 422//422
f 422//422 421//421 398//398
f 422//422 398//398 423//423
f 423//423 398//398 397//397
f 424//424 425//425 426//426
f 426//426 425//425 427//427
f 426//426 427//427 428//428
f 428//428 427//427 409//409
f 428//428 409//409 429//429
f 429//429 409//409 411//411
f 429//429 411//411 430//430
f 431//431 432//432 433//433
f 433//433 432//432 434//434
f 387//387 432//432 376//376
f 376//376 432//432 431//431
f 376//376 431//431 378//378
f 378//378 431//431 435//435
f 378//378 435//435 380//380
f 380//380 435//435 382//382
f 390//390 436//436 386//386
f 386//386 436//436 437//437
f 386//386 437//437 387//387
f 387//387 437//437 432//432
f 428//428 362//362 360//360
f 428//428 360//360 426//426
f 426//426 360//360 359//359
f 426//426 359//359 424//424
f 428//428 429//429 362//362
f 362//362 429//429 358//358
f 410//410 366//366 365//365
f 410//410 365//365 411//411
f 411//411 365//365 356//356
f 411//411 356//356 430//430
f 430//430 356//356 358//358
f 430//430 358//358 429//429
f 385//385 351//351 417//417
f 417//417 351//351 349//349
f 417//417 349//349 419//419
f 419//419 349//349 347//347
f 419//419 347//347 421//421
f 421//421 347//347 345//345
f 421//421 345//345 398//398
f 398//398 345//345 343//343
f 398//398 343//343 396//396
f 396//396 343//343 341//341
f 396//396 341//341 399//399
f 399//399 341//341 339//339
f 399//399 339//339 400//400
f 400//400 339//339 337//337
f 400//400 337//337 401//401
f 401//401 337//337 336//336
f 401//401 336//336 389//389
f 389//389 336//336 335//335
f 389//389 335//335 388//388
f 388//388 335//335 371//371
f 388//388 371//371 391//391
f 391//391 371//371 370//370
f 391//391 370//370 393//393
f 393//393 370//370 369//369
f 393//393 369//369 406//406
f 406//406 369//369 368//368
f 406//406 368//368 408//408
f 408//408 368//368 367//367
f 408//408 367//367 410//410
f 410//410 367//367 366//366
f 412//412 373//373 372//372
f 412//412 372//372 383//383
f 383//383 372//372 353//353
f 383//383 353//353 384//384
f 384//384 353//353 351//351
f 384//384 351//351 385//385
f 412//412 414//414 373//373
f 373//373 414//414 374//374
f 402//402 329//329 328//328
f 402//402 328//328 403//403
f 403//403 328//328 332//332
f 403//403 332//332 404//404
f 395//395 438//438 397//397
f 397//397 438//438 439//439
f 397//397 439//439 423//423
f 423//423 439//439 440//440
f 395//395 441//441 438//438
f 438//438 441//441 442//442
f 438//438 442//442 443//443
f 395//395 375//375 441//441
f 441//441 375//375 377//377
f 441//441 377//377 444//444
f 444//444 377//377 379//379
f 444//444 379//379 381//381
f 445//445 446//446 447//447
f 447//447 446//446 448//448
f 447//447 448//448 449//449
f 449//449 448//448 450//450
f 449//449 450//450 451//451
f 451//451 450//450 452//452
f 451//451 452//452 453//453
f 453//453 452//452 454//454
f 453//453 455//455 451//451
f 451//451 455//455 456//456
f 451//451 456//456 449//449
f 449//449 456//456 457//457
f 449//449 457//457 447//447
f 447//447 457//457 458//458
f 447//447 458//458 445//445
f 455//455 459//459 456//456
f 456//456 459//459 460//460
f 456//456 460//460 457//457
f 457//457 460//460 461//461
f 457//457 461//461 458//458
f 458//458 461//461 462//462
f 458//458 462//462 445//445
f 445//445 462//462 463//463
f 464//464 463//463 465//465
f 465//465 463//463 462//462
f 465//465 462//462 466//466
f 466//466 462//462 461//461
f 466//466 461//461 467//467
f 467//467 461//461 460//460
f 467//467 460//460 468//468
f 468//468 460//460 459//459
f 446//446 469//469 470//470
f 446//446 470//470 448//448
f 448//448 470//470 471//471
f 448//448 471//471 450//450
f 450//450 471//471 472//472
f 450//450 472//472 452//452
f 452//452 472//472 473//473
f 452//452 473//473 454//454
f 467//467 468//468 474//474
f 474//474 475//475 467//467
f 467//467 475//475 476//476
f 467//467 476//476 466//466
f 466//466 476//476 477//477
f 466//466 477//477 465//465
f 465//465 477//477 478//478
f 465//465 478//478 464//464
f 479//479 480//480 481//481
f 481//481 480//480 482//482
f 481//481 482//482 483//483
f 483//483 482//482 484//484
f 483//483 484//484 485//485
f 485//485 484//484 486//486
f 485//485 486//486 487//487
f 487//487 486//486 488//488
f 487//487 489//489 485//485
f 485//485 489//489 490//490
f 485//485 490//490 483//483
f 483//483 490//490 491//491
f 483//483 491//491 481//481
f 481//481 491//491 492//492
f 481//481 492//492 479//479
f 489//489 493//493 490//490
f 490//490 493//493 494//494
f 490//490 494//494 491//491
f 491//491 494//494 495//495
f 491//491 495//495 492//492
f 492//492 495//495 496//496
f 492//492 496//496 479//479
f 479//479 496//496 497//497
f 469//469 497//497 470//470
f 470//470 497//497 496//496
f 470//470 496//496 471//471
f 471//471 496//496 495//495
f 471//471 495//495 472//472
f 472//472 495//495 494//494
f 472//472 494//494 473//473
f 473//473 494//494 493//493
f 498//498 478//478 499//499
f 499//499 478//478 477//477
f 499//499 477//477 500//500
f 500//500 477//477 476//476
f 500//500 476//476 501//501
f 501//501 476//476 475//475
f 501//501 475//475 502//502
f 502//502 475//475 474//474
f 503//503 498//498 504//504
f 504//504 498//498 499//499
f 504//504 499//499 505//505
f 505//505 499//499 500//500
f 505//505 500//500 506//506
f 506//506 500//500 501//501
f 506//506 501//501 507//507
f 507//507 501//501 502//502
f 480//480 508//508 509//509
f 480//480 509//509 482//482
f 482//482 509//509 510//510
f 482//482 510//510 484//484
f 484//484 510//510 511//511
f 484//484 511//511 486//486
f 486//486 511//511 512//512
f 486//486 512//512 488//488
f 513//513 514//514 515//515
f 506//506 507//507 513//513
f 516//516 517//517 518//518
f 513//513 515//515 506//506
f 506//506 515//515 519//519
f 506//506 519//519 505//505
f 505//505 519//519 516//516
f 505//505 516//516 504//504
f 504//504 516//516 518//518
f 504//504 518//518 503//503
f 520//520 521//521 522//522
f 509//509 508//508 521//521
f 523//523 524//524 525//525
f 522//522 526//526 520//520
f 520//520 526//526 527//527
f 520//520 527//527 528//528
f 528//528 527//527 523//523
f 528//528 523//523 529//529
f 529//529 523//523 525//525
f 521//521 520//520 509//509
f 509//509 520//520 528//528
f 509//509 528//528 510//510
f 510//510 528//528 529//529
f 510//510 529//529 511//511
f 511//511 529//529 525//525
f 511//511 525//525 512//512
f 514//514 530//530 531//531
f 514//514 531//531 515//515
f 531//531 532//532 515//515
f 515//515 532//532 533//533
f 515//515 533//533 519//519
f 519//519 533//533 534//534
f 519//519 534//534 516//516
f 516//516 534//534 535//535
f 516//516 535//535 517//517
f 536//536 524//524 523//523
f 537//537 538//538 539//539
f 537//537 539//539 522//522
f 522//522 539//539 526//526
f 526//526 539//539 540//540
f 526//526 540//540 527//527
f 527//527 540//540 541//541
f 527//527 541//541 523//523
f 523//523 541//541 542//542
f 523//523 542//542 536//536
f 543//543 544//544 545//545
f 546//546 533//533 532//532
f 547//547 548//548 549//549
f 550//550 551//551 552//552
f 553//553 554//554 555//555
f 535//535 534//534 556//556
f 535//535 556//556 557//557
f 557//557 556//556 558//558
f 557//557 558//558 559//559
f 552//552 560//560 550//550
f 550//550 560//560 561//561
f 550//550 561//561 562//562
f 562//562 561//561 563//563
f 562//562 563//563 564//564
f 544//544 547//547 545//545
f 545//545 547//547 549//549
f 545//545 549//549 565//565
f 565//565 549//549 566//566
f 565//565 566//566 567//567
f 530//530 543//543 531//531
f 531//531 543//543 545//545
f 531//531 545//545 532//532
f 532//532 545//545 565//565
f 532//532 565//565 546//546
f 546//546 565//565 567//567
f 554//554 559//559 555//555
f 555//555 559//559 558//558
f 555//555 558//558 567//567
f 567//567 558//558 556//556
f 567//567 556//556 546//546
f 546//546 556//556 534//534
f 546//546 534//534 533//533
f 568//568 553//553 564//564
f 564//564 553//553 555//555
f 564//564 555//555 562//562
f 562//562 555//555 567//567
f 562//562 567//567 550//550
f 550//550 567//567 566//566
f 550//550 566//566 551//551
f 551//551 566//566 549//549
f 551//551 549//549 569//569
f 569//569 549//549 548//548
f 538//538 570//570 571//571
f 538//538 571//571 539//539
f 539//539 571//571 572//572
f 539//539 572//572 540//540
f 540//540 572//572 573//573
f 540//540 573//573 541//541
f 541//541 573//573 574//574
f 541//541 574//574 542//542
f 575//575 568//568 564//564
f 552//552 576//576 560//560
f 560//560 576//576 577//577
f 560//560 577//577 561//561
f 561//561 577//577 578//578
f 561//561 578//578 563//563
f 563//563 578//578 579//579
f 563//563 579//579 564//564
f 564//564 579//579 580//580
f 564//564 580//580 575//575
f 581//581 582//582 583//583
f 584//584 585//585 586//586
f 586//586 585//585 587//587
f 586//586 587//587 588//588
f 589//589 590//590 591//591
f 591//591 590//590 592//592
f 571//571 570//570 589//589
f 572//572 593//593 573//573
f 573//573 593//593 594//594
f 573//573 594//594 574//574
f 595//595 596//596 597//597
f 597//597 596//596 598//598
f 597//597 598//598 575//575
f 589//589 591//591 571//571
f 571//571 591//591 588//588
f 571//571 588//588 572//572
f 572//572 588//588 587//587
f 572//572 587//587 593//593
f 593//593 587//587 585//585
f 593//593 585//585 594//594
f 581//581 583//583 599//599
f 576//576 599//599 577//577
f 577//577 599//599 583//583
f 577//577 583//583 578//578
f 578//578 583//583 600//600
f 578//578 600//600 579//579
f 579//579 600//600 580//580
f 601//601 584//584 602//602
f 575//575 580//580 597//597
f 597//597 580//580 600//600
f 597//597 600//600 595//595
f 595//595 600//600 583//583
f 595//595 583//583 602//602
f 602//602 583//583 582//582
f 602//602 582//582 601//601
f 584//584 586//586 602//602
f 602//602 586//586 588//588
f 602//602 588//588 595//595
f 595//595 588//588 591//591
f 595//595 591//591 596//596
f 596//596 591//591 592//592
f 596//596 592//592 598//598
f 589//589 570//570 517//517
f 517//517 570//570 538//538
f 517//517 538//538 537//537
f 535//535 557//557 559//559
f 575//575 598//598 592//592
f 522//522 521//521 508//508
f 498//498 503//503 537//537
f 537//537 503//503 518//518
f 537//537 518//518 517//517
f 559//559 554//554 535//535
f 535//535 554//554 553//553
f 535//535 553//553 517//517
f 517//517 553//553 568//568
f 517//517 568//568 589//589
f 589//589 568//568 575//575
f 589//589 575//575 590//590
f 590//590 575//575 592//592
f 445//445 463//463 446//446
f 446//446 463//463 464//464
f 446//446 464//464 469//469
f 469//469 464//464 537//537
f 537//537 464//464 478//478
f 537//537 478//478 498//498
f 479//479 497//497 480//480
f 480//480 497//497 469//469
f 480//480 469//469 508//508
f 508//508 469//469 537//537
f 508//508 537//537 522//522
f 548//548 547//547 603//603
f 603//603 547//547 544//544
f 603//603 544//544 604//604
f 604//604 544//544 543//543
f 604//604 543//543 530//530
f 603//603 605//605 548//548
f 548//548 605//605 606//606
f 548//548 606//606 569//569
f 607//607 552//552 606//606
f 606//606 552//552 551//551
f 606//606 551//551 569//569
f 552//552 607//607 576//576
f 576//576 607//607 608//608
f 584//584 601//601 609//609
f 609//609 601//601 610//610
f 601//601 582//582 610//610
f 610//610 582//582 581//581
f 610//610 581//581 608//608
f 608//608 581//581 599//599
f 608//608 599//599 576//576
f 584//584 609//609 611//611
f 584//584 611//611 585//585
f 585//585 611//611 594//594
f 594//594 611//611 612//612
f 594//594 612//612 574//574
f 574//574 612//612 542//542
f 542//542 612//612 613//613
f 542//542 613//613 536//536
f 536//536 613//613 614//614
f 536//536 614//614 524//524
f 524//524 614//614 615//615
f 524//524 615//615 525//525
f 525//525 615//615 616//616
f 525//525 616//616 512//512
f 512//512 616//616 488//488
f 488//488 616//616 617//617
f 488//488 617//617 487//487
f 487//487 617//617 618//618
f 487//487 618//618 489//489
f 489//489 618//618 619//619
f 489//489 619//619 493//493
f 493//493 619//619 620//620
f 493//493 620//620 473//473
f 473//473 620//620 454//454
f 454//454 620//620 621//621
f 454//454 621//621 453//453
f 453//453 621//621 622//622
f 453//453 622//622 455//455
f 455//455 622//622 623//623
f 455//455 623//623 459//459
f 459//459 623//623 624//624
f 459//459 624//624 468//468
f 468//468 624//624 474//474
f 474//474 624//624 625//625
f 474//474 625//625 626//626
f 474//474 626//626 502//502
f 502//502 626//626 627//627
f 502//502 627//627 507//507
f 507//507 627//627 513//513
f 513//513 627//627 628//628
f 513//513 628//628 514//514
f 514//514 628//628 530//530
f 530//530 628//628 604//604
f 629//629 630//630 631//631
f 631//631 630//630 632//632
f 633//633 634//634 635//635
f 636//636 637//637 638//638
f 638//638 637//637 639//639
f 639//639 637//637 640//640
f 640//640 637//637 641//641
f 640//640 641//641 633//633
f 633//633 641//641 642//642
f 633//633 642//642 634//634
f 629//629 643//643 630//630
f 630//630 643//643 644//644
f 630//630 644//644 645//645
f 645//645 644//644 633//633
f 645//645 633//633 646//646
f 646//646 633//633 647//647
f 648//648 647//647 649//649
f 649//649 647//647 633//633
f 649//649 633//633 650//650
f 650//650 633//633 635//635
f 651//651 652//652 653//653
f 654//654 655//655 656//656
f 656//656 655//655 657//657
f 656//656 657//657 658//658
f 651//651 659//659 660//660
f 660//660 659//659 661//661
f 660//660 661//661 656//656
f 656//656 661//661 662//662
f 656//656 662//662 654//654
f 651//651 653//653 659//659
f 659//659 653//653 663//663
f 659//659 663//663 664//664
f 665//665 666//666 657//657
f 657//657 666//666 667//667
f 657//657 667//667 658//658
f 668//668 669//669 670//670
f 670//670 669//669 663//663
f 670//670 663//663 671//671
f 671//671 663//663 653//653
f 662//662 661//661 636//636
f 636//636 661//661 637//637
f 660//660 630//630 645//645
f 660//660 645//645 651//651
f 651//651 645//645 646//646
f 651//651 646//646 652//652
f 652//652 646//646 647//647
f 652//652 647//647 653//653
f 653//653 647//647 648//648
f 653//653 648//648 671//671
f 671//671 648//648 649//649
f 671//671 649//649 670//670
f 670//670 649//649 650//650
f 670//670 650//650 668//668
f 668//668 650//650 635//635
f 668//668 635//635 669//669
f 669//669 635//635 634//634
f 669//669 634//634 663//663
f 663//663 634//634 642//642
f 663//663 642//642 664//664
f 664//664 642//642 641//641
f 664//664 641//641 659//659
f 659//659 641//641 637//637
f 659//659 637//637 661//661
f 660//660 656//656 630//630
f 630//630 656//656 632//632
f 622//622 621//621 672//672
f 673//673 607//607 606//606
f 606//606 605//605 673//673
f 673//673 605//605 603//603
f 673//673 603//603 604//604
f 625//625 624//624 672//672
f 672//672 624//624 623//623
f 672//672 623//623 622//622
f 604//604 628//628 673//673
f 673//673 628//628 627//627
f 673//673 627//627 672//672
f 672//672 627//627 626//626
f 672//672 626//626 625//625
f 672//672 674//674 675//675
f 675//675 674//674 676//676
f 675//675 676//676 677//677
f 678//678 679//679 680//680
f 680//680 681//681 678//678
f 678//678 681//681 682//682
f 678//678 682//682 683//683
f 683//683 682//682 684//684
f 684//684 682//682 685//685
f 684//684 685//685 686//686
f 686//686 685//685 687//687
f 686//686 687//687 688//688
f 689//689 685//685 675//675
f 675//675 685//685 673//673
f 675//675 673//673 672//672
f 690//690 687//687 691//691
f 691//691 687//687 685//685
f 691//691 685//685 692//692
f 692//692 685//685 689//689
f 692//692 689//689 693//693
f 694//694 695//695 678//678
f 678//678 695//695 679//679
f 694//694 678//678 683//683
f 694//694 683//683 696//696
f 696//696 683//683 684//684
f 696//696 684//684 697//697
f 697//697 684//684 686//686
f 697//697 686//686 698//698
f 698//698 686//686 688//688
f 698//698 688//688 699//699
f 699//699 688//688 687//687
f 699//699 687//687 700//700
f 700//700 687//687 690//690
f 700//700 690//690 701//701
f 701//701 690//690 691//691
f 701//701 691//691 702//702
f 702//702 691//691 692//692
f 702//702 692//692 703//703
f 703//703 692//692 693//693
f 703//703 693//693 704//704
f 704//704 693//693 689//689
f 704//704 689//689 705//705
f 705//705 689//689 675//675
f 705//705 675//675 706//706
f 707//707 706//706 677//677
f 677//677 706//706 675//675
f 443//443 708//708 709//709
f 674//674 629//629 631//631
f 658//658 709//709 677//677
f 677//677 709//709 707//707
f 656//656 658//658 632//632
f 632//632 658//658 677//677
f 632//632 677//677 631//631
f 631//631 677//677 676//676
f 631//631 676//676 674//674
f 672//672 621//621 674//674
f 674//674 621//621 620//620
f 674//674 620//620 629//629
f 629//629 620//620 643//643
f 667//667 434//434 658//658
f 658//658 434//434 132//132
f 658//658 132//132 709//709
f 709//709 132//132 212//212
f 709//709 212//212 443//443
f 435//435 657//657 382//382
f 382//382 657//657 655//655
f 382//382 655//655 381//381
f 381//381 655//655 710//710
f 381//381 710//710 444//444
f 444//444 710//710 711//711
f 710//710 655//655 654//654
f 607//607 673//673 685//685
f 680//680 638//638 639//639
f 679//679 695//695 712//712
f 654//654 662//662 636//636
f 633//633 644//644 608//608
f 680//680 639//639 681//681
f 681//681 639//639 640//640
f 681//681 640//640 682//682
f 682//682 640//640 633//633
f 682//682 633//633 685//685
f 685//685 633//633 608//608
f 685//685 608//608 607//607
f 638//638 680//680 636//636
f 636//636 680//680 679//679
f 636//636 679//679 654//654
f 654//654 679//679 712//712
f 654//654 712//712 710//710
f 608//608 644//644 610//610
f 610//610 644//644 609//609
f 620//620 619//619 643//643
f 643//643 619//619 618//618
f 643//643 618//618 617//617
f 613//613 612//612 644//644
f 644//644 612//612 611//611
f 644//644 611//611 609//609
f 617//617 616//616 643//643
f 643//643 616//616 615//615
f 643//643 615//615 644//644
f 644//644 615//615 614//614
f 644//644 614//614 613//613
f 713//713 440//440 439//439
f 212//212 216//216 443//443
f 443//443 216//216 714//714
f 443//443 714//714 715//715
f 713//713 439//439 715//715
f 715//715 439//439 438//438
f 715//715 438//438 443//443
f 716//716 717//717 718//718
f 718//718 717//717 308//308
f 719//719 720//720 721//721
f 313//313 722//722 723//723
f 309//309 308//308 311//311
f 311//311 308//308 717//717
f 311//311 717//717 313//313
f 313//313 717//717 724//724
f 313//313 724//724 722//722
f 719//719 721//721 718//718
f 718//718 721//721 725//725
f 718//718 725//725 716//716
f 723//723 726//726 313//313
f 313//313 726//726 727//727
f 313//313 727//727 728//728
f 303//303 301//301 305//305
f 305//305 301//301 300//300
f 305//305 300//300 729//729
f 729//729 300//300 313//313
f 729//729 313//313 730//730
f 730//730 313//313 728//728
f 329//329 402//402 413//413
f 318//318 306//306 418//418
f 422//422 423//423 440//440
f 418//418 420//420 318//318
f 318//318 420//420 422//422
f 318//318 422//422 320//320
f 320//320 422//422 440//440
f 320//320 440//440 321//321
f 216//216 215//215 714//714
f 714//714 215//215 218//218
f 218//218 220//220 714//714
f 714//714 220//220 221//221
f 714//714 221//221 223//223
f 440//440 713//713 321//321
f 321//321 713//713 715//715
f 321//321 715//715 319//319
f 319//319 715//715 714//714
f 319//319 714//714 317//317
f 317//317 714//714 223//223
f 223//223 296//296 317//317
f 317//317 296//296 295//295
f 317//317 295//295 298//298
f 298//298 297//297 317//317
f 317//317 297//297 294//294
f 317//317 294//294 293//293
f 330//330 329//329 728//728
f 728//728 727//727 330//330
f 330//330 727//727 726//726
f 330//330 726//726 333//333
f 333//333 726//726 723//723
f 333//333 723//723 355//355
f 355//355 723//723 722//722
f 355//355 722//722 357//357
f 357//357 722//722 724//724
f 357//357 724//724 364//364
f 329//329 413//413 728//728
f 728//728 413//413 416//416
f 728//728 416//416 730//730
f 730//730 416//416 418//418
f 730//730 418//418 729//729
f 729//729 418//418 306//306
f 729//729 306//306 305//305
f 130//130 132//132 731//731
f 731//731 132//132 434//434
f 731//731 434//434 732//732
f 732//732 434//434 432//432
f 732//732 432//432 733//733
f 733//733 432//432 437//437
f 733//733 437//437 436//436
f 90//90 95//95 707//707
f 734//734 735//735 696//696
f 696//696 735//735 694//694
f 736//736 737//737 707//707
f 737//737 738//738 707//707
f 707//707 738//738 739//739
f 707//707 739//739 706//706
f 740//740 741//741 711//711
f 704//704 705//705 742//742
f 743//743 742//742 744//744
f 744//744 742//742 705//705
f 744//744 705//705 745//745
f 745//745 705//705 706//706
f 745//745 706//706 746//746
f 746//746 706//706 747//747
f 742//742 748//748 704//704
f 704//704 748//748 749//749
f 704//704 749//749 703//703
f 703//703 749//749 750//750
f 703//703 750//750 702//702
f 90//90 707//707 82//82
f 82//82 707//707 709//709
f 82//82 709//709 708//708
f 735//735 751//751 694//694
f 694//694 751//751 752//752
f 694//694 752//752 753//753
f 754//754 755//755 756//756
f 757//757 97//97 758//758
f 750//750 759//759 702//702
f 702//702 759//759 760//760
f 702//702 760//760 701//701
f 701//701 760//760 761//761
f 708//708 740//740 82//82
f 82//82 740//740 711//711
f 82//82 711//711 83//83
f 83//83 711//711 710//710
f 83//83 710//710 85//85
f 85//85 710//710 712//712
f 85//85 712//712 87//87
f 87//87 712//712 695//695
f 87//87 695//695 79//79
f 79//79 695//695 80//80
f 95//95 93//93 707//707
f 707//707 93//93 92//92
f 707//707 92//92 736//736
f 736//736 92//92 754//754
f 736//736 754//754 762//762
f 762//762 754//754 756//756
f 763//763 764//764 757//757
f 757//757 764//764 98//98
f 757//757 98//98 97//97
f 739//739 765//765 706//706
f 706//706 765//765 766//766
f 706//706 766//766 747//747
f 747//747 766//766 757//757
f 747//747 757//757 767//767
f 767//767 757//757 758//758
f 768//768 80//80 769//769
f 769//769 80//80 695//695
f 769//769 695//695 770//770
f 770//770 695//695 694//694
f 770//770 694//694 771//771
f 771//771 694//694 753//753
f 761//761 772//772 701//701
f 701//701 772//772 773//773
f 701//701 773//773 700//700
f 700//700 773//773 774//774
f 700//700 774//774 699//699
f 699//699 774//774 775//775
f 699//699 775//775 698//698
f 698//698 775//775 776//776
f 698//698 776//776 777//777
f 734//734 696//696 778//778
f 778//778 696//696 697//697
f 778//778 697//697 779//779
f 779//779 697//697 698//698
f 779//779 698//698 780//780
f 780//780 698//698 777//777
f 780//780 777//777 781//781
f 32//32 18//18 33//33
f 33//33 18//18 20//20
f 32//32 2//2 18//18
f 18//18 2//2 1//1
f 18//18 1//1 78//78
f 78//78 1//1 91//91
f 81//81 84//84 86//86
f 20//20 28//28 33//33
f 33//33 28//28 30//30
f 33//33 30//30 782//782
f 783//783 784//784 785//785
f 785//785 784//784 33//33
f 785//785 33//33 786//786
f 786//786 33//33 782//782
f 94//94 96//96 91//91
f 91//91 96//96 89//89
f 91//91 89//89 78//78
f 78//78 89//89 81//81
f 78//78 81//81 88//88
f 88//88 81//81 86//86
f 18//18 80//80 19//19
f 19//19 80//80 768//768
f 19//19 768//768 21//21
f 21//21 768//768 769//769
f 21//21 769//769 22//22
f 17//17 736//736 762//762
f 17//17 762//762 7//7
f 7//7 762//762 756//756
f 7//7 756//756 6//6
f 17//17 16//16 736//736
f 736//736 16//16 14//14
f 736//736 14//14 737//737
f 73//73 13//13 757//757
f 757//757 13//13 15//15
f 757//757 15//15 12//12
f 14//14 76//76 737//737
f 737//737 76//76 77//77
f 737//737 77//77 738//738
f 738//738 77//77 75//75
f 738//738 75//75 739//739
f 739//739 75//75 74//74
f 739//739 74//74 765//765
f 765//765 74//74 73//73
f 765//765 73//73 766//766
f 766//766 73//73 757//757
f 4//4 2//2 98//98
f 11//11 10//10 764//764
f 764//764 10//10 9//9
f 764//764 9//9 98//98
f 98//98 9//9 8//8
f 98//98 8//8 4//4
f 764//764 763//763 11//11
f 11//11 763//763 757//757
f 11//11 757//757 12//12
f 41//41 747//747 34//34
f 34//34 747//747 767//767
f 34//34 767//767 35//35
f 56//56 744//744 745//745
f 747//747 41//41 40//40
f 747//747 40//40 746//746
f 40//40 39//39 746//746
f 746//746 39//39 38//38
f 746//746 38//38 745//745
f 745//745 38//38 57//57
f 745//745 57//57 56//56
f 46//46 742//742 58//58
f 58//58 742//742 743//743
f 58//58 743//743 56//56
f 56//56 743//743 744//744
f 52//52 761//761 760//760
f 52//52 760//760 53//53
f 53//53 760//760 759//759
f 53//53 759//759 54//54
f 54//54 759//759 750//750
f 54//54 750//750 60//60
f 60//60 750//750 749//749
f 60//60 749//749 44//44
f 44//44 749//749 748//748
f 44//44 748//748 45//45
f 45//45 748//748 742//742
f 45//45 742//742 46//46
f 68//68 773//773 59//59
f 59//59 773//773 772//772
f 59//59 772//772 52//52
f 52//52 772//772 761//761
f 777//777 776//776 61//61
f 61//61 776//776 62//62
f 42//42 780//780 43//43
f 43//43 780//780 781//781
f 43//43 781//781 61//61
f 61//61 781//781 777//777
f 51//51 752//752 751//751
f 51//51 751//751 70//70
f 70//70 751//751 735//735
f 70//70 735//735 71//71
f 71//71 735//735 734//734
f 71//71 734//734 72//72
f 72//72 734//734 778//778
f 72//72 778//778 49//49
f 48//48 771//771 47//47
f 47//47 771//771 753//753
f 47//47 753//753 51//51
f 51//51 753//753 752//752
f 770//770 771//771 48//48
f 48//48 23//23 770//770
f 770//770 23//23 25//25
f 770//770 25//25 769//769
f 769//769 25//25 26//26
f 769//769 26//26 22//22
f 754//754 92//92 1//1
f 1//1 92//92 91//91
f 49//49 778//778 779//779
f 49//49 779//779 50//50
f 50//50 779//779 780//780
f 50//50 780//780 42//42
f 62//62 776//776 775//775
f 62//62 775//775 64//64
f 64//64 775//775 774//774
f 64//64 774//774 66//66
f 66//66 774//774 773//773
f 66//66 773//773 68//68
f 35//35 767//767 36//36
f 36//36 767//767 758//758
f 36//36 758//758 31//31
f 31//31 758//758 97//97
f 31//31 97//97 32//32
f 6//6 756//756 5//5
f 5//5 756//756 755//755
f 5//5 755//755 3//3
f 3//3 755//755 754//754
f 3//3 754//754 1//1
f 436//436 390//390 392//392
f 409//409 427//427 326//326
f 733//733 436//436 316//316
f 207//207 208//208 322//322
f 322//322 208//208 211//211
f 322//322 211//211 210//210
f 210//210 209//209 322//322
f 322//322 209//209 206//206
f 322//322 206//206 205//205
f 316//316 323//323 733//733
f 733//733 323//323 324//324
f 733//733 324//324 732//732
f 732//732 324//324 322//322
f 732//732 322//322 731//731
f 731//731 322//322 205//205
f 205//205 136//136 731//731
f 731//731 136//136 135//135
f 731//731 135//135 139//139
f 139//139 138//138 731//731
f 731//731 138//138 131//131
f 731//731 131//131 130//130
f 436//436 392//392 316//316
f 316//316 392//392 394//394
f 316//316 394//394 315//315
f 718//718 308//308 307//307
f 721//721 331//331 725//725
f 725//725 331//331 361//361
f 725//725 361//361 716//716
f 716//716 361//361 363//363
f 716//716 363//363 717//717
f 717//717 363//363 364//364
f 717//717 364//364 724//724
f 315//315 394//394 307//307
f 307//307 394//394 405//405
f 307//307 405//405 718//718
f 718//718 405//405 407//407
f 718//718 407//407 719//719
f 719//719 407//407 409//409
f 719//719 409//409 720//720
f 720//720 409//409 326//326
f 720//720 326//326 721//721
f 721//721 326//326 325//325
f 721//721 325//325 331//331
f 434//434 667//667 666//666
f 434//434 666//666 433//433
f 433//433 666//666 665//665
f 433//433 665//665 431//431
f 431//431 665//665 657//657
f 431//431 657//657 435//435
f 708//708 443//443 442//442
f 708//708 442//442 740//740
f 740//740 442//442 441//441
f 740//740 441//441 741//741
f 741//741 441//441 444//444
f 741//741 444//444 711//711
f 404//404 332//332 334//334
f 404//404 334//334 415//415
f 415//415 334//334 374//374
f 415//415 374//374 414//414
f 424//424 359//359 327//327
f 424//424 327//327 425//425
f 425//425 327//327 326//326
f 425//425 326//326 427//427
f 111//111 129//129 338//338
f 111//111 338//338 112//112
f 112//112 338//338 340//340
f 112//112 340//340 102//102
f 102//102 340//340 342//342
f 102//102 342//342 99//99
f 99//99 342//342 344//344
f 99//99 344//344 100//100
f 100//100 344//344 346//346
f 100//100 346//346 108//108
f 108//108 346//346 348//348
f 108//108 348//348 109//109
f 109//109 348//348 350//350
f 109//109 350//350 110//110
f 110//110 350//350 352//352
f 110//110 352//352 101//101
f 101//101 352//352 354//354
f 101//101 354//354 103//103
f 103//103 354//354 119//119
f 103//103 119//119 104//104
f 30//30 29//29 63//63
f 30//30 63//63 782//782
f 782//782 63//63 65//65
f 782//782 65//65 786//786
f 786//786 65//65 67//67
f 786//786 67//67 785//785
f 785//785 67//67 69//69
f 785//785 69//69 783//783
f 783//783 69//69 55//55
f 783//783 55//55 784//784
f 784//784 55//55 37//37
f 784//784 37//37 33//33

