# https://github.com/mikedh/trimesh

o link_5.obj
v -0.02205000 0.02205200 -0.04050000
v -0.02205000 0.02193700 -0.04050000
v -0.02205000 0.02206400 -0.04060800
v -0.02205000 0.02217000 -0.04166200
v -0.02205000 0.02245700 -0.04295800
v -0.02205000 0.02234200 -0.04283500
v -0.02205000 0.02259900 -0.04533500
v -0.02205000 0.02249800 -0.04520500
v -0.02205000 0.02249100 -0.04771500
v -0.02205000 0.02240400 -0.04757800
v -0.02205000 0.02213300 -0.05007000
v -0.02205000 0.02206000 -0.04992700
v -0.02205000 0.02152900 -0.05237400
v -0.02205000 0.02147100 -0.05222800
v -0.02205000 0.02068600 -0.05460200
v -0.02205000 0.02064200 -0.05445300
v -0.02205000 0.01961300 -0.05672900
v -0.02205000 0.01958300 -0.05657900
v -0.02205000 0.01832200 -0.05873100
v -0.02205000 0.01830600 -0.05858100
v -0.02205000 0.01682800 -0.06058600
v -0.02205000 0.01682600 -0.06043800
v -0.02205000 0.01514700 -0.06227300
v -0.02205000 0.01515800 -0.06212800
v -0.02205000 0.01329700 -0.06377400
v -0.02205000 0.01332100 -0.06363300
v -0.02205000 0.01130000 -0.06507200
v -0.02205000 0.00922300 -0.06602300
v -0.02205000 0.00000000 -0.07159600
v -0.02205000 0.00471700 -0.06750000
v -0.02205000 0.00000000 -0.06800000
v -0.02205000 -0.00471700 -0.06750000
v -0.02205000 -0.00922300 -0.06602300
v -0.02205000 -0.01130000 -0.06507200
v -0.02205000 -0.01133500 -0.06493600
v -0.02205000 -0.01329700 -0.06377400
v -0.02205000 -0.01332100 -0.06363300
v -0.02205000 -0.01514700 -0.06227300
v -0.02205000 -0.01515800 -0.06212800
v -0.02205000 -0.01682800 -0.06058600
v -0.02205000 -0.01682600 -0.06043800
v -0.02205000 -0.01832200 -0.05873100
v -0.02205000 -0.01830600 -0.05858100
v -0.02205000 -0.01961300 -0.05672900
v -0.02205000 -0.01958300 -0.05657900
v -0.02205000 -0.02068600 -0.05460200
v -0.02205000 -0.02064200 -0.05445300
v -0.02205000 -0.02152900 -0.05237400
v -0.02205000 -0.02147100 -0.05222800
v -0.02205000 -0.02213300 -0.05007000
v -0.02205000 -0.02206000 -0.04992700
v -0.02205000 -0.02249100 -0.04771500
v -0.02205000 -0.02240400 -0.04757800
v -0.02205000 -0.02259900 -0.04533500
v -0.02205000 -0.02249800 -0.04520500
v -0.02205000 -0.02245700 -0.04295800
v -0.02205000 -0.02234200 -0.04283500
v -0.02205000 -0.02206400 -0.04060800
v -0.02205000 -0.02193700 -0.04050000
v -0.02205000 -0.02205200 -0.04050000
v -0.03300000 0.00000000 -0.06869200
v -0.03300000 0.00000000 -0.04050000
v -0.03296900 0.00142400 -0.06865800
v -0.03275800 0.00399000 -0.04050000
v -0.03277300 0.00386600 -0.06843500
v -0.03241900 0.00616600 -0.06801400
v -0.03231200 0.00670300 -0.04050000
v -0.03193500 0.00831600 -0.06740800
v -0.03164200 0.00936900 -0.04050000
v -0.03163900 0.00937900 -0.06701900
v -0.02965000 0.01448800 -0.04050000
v -0.02964900 0.01448900 -0.06390500
v -0.03075300 0.01197000 -0.04050000
v -0.02977900 0.01421900 -0.06413000
v -0.02986900 0.01402900 -0.06428900
v -0.02987500 0.01402000 -0.06429900
v -0.03061900 0.01230800 -0.06553700
v -0.03131700 0.01040400 -0.06657500
v -0.02683600 0.01920500 -0.04050000
v -0.02797800 0.01750000 -0.06121500
v -0.02834100 0.01690500 -0.04050000
v -0.02846700 0.01669100 -0.06199100
v -0.02889900 0.01593300 -0.06267200
v -0.02327800 0.02339100 -0.04050000
v -0.02027900 0.02603400 -0.04050000
v -0.02027900 0.02603400 -0.05351900
v -0.02170500 0.02485600 -0.05586800
v -0.02325300 0.02341500 -0.05805200
v -0.02514400 0.02137200 -0.04050000
v -0.02484200 0.02172300 -0.06007800
v -0.02641300 0.01978300 -0.06194700
v -0.02726800 0.01858600 -0.06309500
v -0.02797800 0.01750000 -0.06438600
v 0.01515500 0.00875000 -0.00000000
v 0.01237400 0.01237400 -0.00000000
v 0.00875000 0.01515500 -0.00000000
v -0.00452900 -0.01690400 -0.00000000
v -0.00875000 -0.01515500 -0.00000000
v 0.00452900 0.01690400 -0.00000000
v -0.00000000 0.01750000 -0.00000000
v 0.00000000 -0.01750000 -0.00000000
v 0.00452900 -0.01690400 -0.00000000
v 0.00875000 -0.01515500 -0.00000000
v 0.01237400 -0.01237400 -0.00000000
v 0.01515500 -0.00875000 -0.00000000
v 0.01690400 -0.00452900 -0.00000000
v -0.00452900 0.01690400 -0.00000000
v -0.00875000 0.01515500 -0.00000000
v -0.01237400 0.01237400 -0.00000000
v 0.01750000 0.00000000 -0.00000000
v 0.01690400 0.00452900 -0.00000000
v -0.01515500 -0.00875000 -0.00000000
v -0.01690400 0.00452900 -0.00000000
v -0.01690400 -0.00452900 -0.00000000
v -0.01750000 0.00000000 -0.00000000
v -0.01515500 0.00875000 -0.00000000
v -0.01237400 -0.01237400 -0.00000000
v -0.01750000 0.00000000 -0.00500000
v -0.01690400 -0.00452900 -0.00500000
v -0.01515500 -0.00875000 -0.00500000
v -0.01237400 -0.01237400 -0.00500000
v -0.00875000 -0.01515500 -0.00500000
v -0.00452900 -0.01690400 -0.00500000
v 0.00000000 -0.01750000 -0.00500000
v 0.00452900 -0.01690400 -0.00500000
v 0.00875000 -0.01515500 -0.00500000
v 0.01237400 -0.01237400 -0.00500000
v 0.01515500 -0.00875000 -0.00500000
v 0.01690400 -0.00452900 -0.00500000
v 0.01750000 0.00000000 -0.00500000
v -0.00823300 0.01656700 -0.01000000
v -0.00823300 0.01656700 -0.00500000
v -0.00380600 0.01810400 -0.00500000
v -0.00380600 0.01810400 -0.01000000
v 0.00086600 0.01848000 -0.00500000
v 0.00086600 0.01848000 -0.01000000
v 0.00548100 0.01766900 -0.00500000
v 0.00548100 0.01766900 -0.01000000
v 0.00974500 0.01572500 -0.00500000
v 0.00974500 0.01572500 -0.01000000
v 0.01338400 0.01277200 -0.00500000
v 0.01338400 0.01277200 -0.01000000
v 0.01616400 0.00899900 -0.00500000
v 0.01616400 0.00899900 -0.01000000
v 0.01790600 0.00464900 -0.00500000
v 0.01790600 0.00464900 -0.01000000
v 0.01850000 0.00000000 -0.00500000
v 0.01850000 0.00000000 -0.01000000
v -0.01490800 0.01500000 -0.01000000
v -0.01490800 0.01500000 -0.00500000
v -0.01148000 0.01539700 -0.01000000
v -0.01148000 0.01539700 -0.00500000
v -0.00823300 -0.01656700 -0.01000000
v -0.00823300 -0.01656700 -0.00500000
v -0.01148000 -0.01539700 -0.01000000
v -0.01148000 -0.01539700 -0.00500000
v -0.01490800 -0.01500000 -0.01000000
v -0.01490800 -0.01500000 -0.00500000
v -0.00380600 -0.01810400 -0.01000000
v -0.01705000 -0.01500000 -0.01000000
v -0.01705000 0.01500000 -0.01000000
v 0.01790600 -0.00464900 -0.01000000
v 0.01338400 -0.01277200 -0.01000000
v 0.00974500 -0.01572500 -0.01000000
v 0.00548100 -0.01766900 -0.01000000
v 0.01616400 -0.00899900 -0.01000000
v 0.00086600 -0.01848000 -0.01000000
v -0.02205000 -0.01693100 -0.02904700
v -0.02205000 -0.01548700 -0.02384000
v -0.02205000 0.01693100 -0.02904700
v -0.02205000 -0.01928600 -0.03391100
v -0.02205000 0.01497700 -0.04050000
v -0.02205000 0.02128700 -0.03821100
v -0.02205000 0.01928600 -0.03391100
v -0.02205000 0.00748800 -0.04050000
v -0.02205000 -0.00000000 -0.04050000
v -0.02205000 -0.01497700 -0.04050000
v -0.02205000 -0.02128700 -0.03821100
v -0.02205000 -0.01500000 -0.00500000
v -0.02205000 0.01500000 -0.00500000
v -0.02205000 -0.01500000 -0.01845800
v -0.02205000 0.01500000 -0.01845800
v -0.02205000 0.01548700 -0.02384000
v -0.02205000 -0.00748800 -0.04050000
v -0.01705000 -0.01928600 -0.03391100
v -0.01705000 -0.01693100 -0.02904700
v -0.01705000 -0.01500000 -0.01845800
v -0.01705000 -0.01514000 -0.02135400
v -0.01705000 -0.01548700 -0.02384000
v -0.01690400 0.00452900 -0.00500000
v -0.01515500 0.00875000 -0.00500000
v -0.01237400 0.01237400 -0.00500000
v -0.00380600 -0.01810400 -0.00500000
v 0.00086600 -0.01848000 -0.00500000
v 0.00548100 -0.01766900 -0.00500000
v 0.00974500 -0.01572500 -0.00500000
v 0.01338400 -0.01277200 -0.00500000
v 0.01616400 -0.00899900 -0.00500000
v 0.01790600 -0.00464900 -0.00500000
v 0.01690400 0.00452900 -0.00500000
v 0.01515500 0.00875000 -0.00500000
v 0.01237400 0.01237400 -0.00500000
v 0.00875000 0.01515500 -0.00500000
v 0.00452900 0.01690400 -0.00500000
v -0.00000000 0.01750000 -0.00500000
v -0.00452900 0.01690400 -0.00500000
v -0.00875000 0.01515500 -0.00500000
v -0.01705000 0.01500000 -0.01845800
v -0.01705000 0.01928600 -0.03391100
v -0.01705000 0.01693100 -0.02904700
v -0.01705000 0.01548700 -0.02384000
v -0.01705000 0.01514000 -0.02135400
v -0.01705000 0.02128700 -0.03821100
v -0.01705000 0.02234200 -0.04283500
v -0.01705000 0.02240400 -0.04757800
v -0.01705000 0.02147100 -0.05222800
v -0.01705000 0.01958300 -0.05657900
v -0.01705000 0.01682600 -0.06043800
v -0.01705000 0.01332100 -0.06363300
v -0.01705000 0.00922300 -0.06602300
v -0.01705000 0.00471700 -0.06750000
v -0.01705000 0.00000000 -0.06800000
v 0.02895000 0.01237400 -0.05787400
v 0.02895000 0.01515500 -0.05425000
v 0.02895000 -0.01515500 -0.03675000
v 0.02895000 -0.01515500 -0.05425000
v 0.02895000 -0.01237400 -0.05787400
v 0.02895000 -0.00875000 -0.06065500
v 0.02895000 0.01690400 -0.05002900
v 0.02895000 0.01750000 -0.04550000
v 0.02895000 0.01690400 -0.04097100
v 0.02895000 0.00000000 -0.02800000
v 0.02895000 -0.00452900 -0.02859600
v 0.02895000 -0.00875000 -0.03034500
v 0.02895000 -0.01690400 -0.04097100
v 0.02895000 -0.01750000 -0.04550000
v 0.02895000 -0.01690400 -0.05002900
v 0.02895000 -0.00452900 -0.06240400
v 0.02895000 0.00000000 -0.06300000
v 0.02895000 0.01515500 -0.03675000
v 0.02895000 0.01237400 -0.03312600
v 0.02895000 0.00875000 -0.03034500
v 0.02895000 0.00452900 -0.02859600
v 0.02895000 -0.01237400 -0.03312600
v 0.02895000 0.00452900 -0.06240400
v 0.02895000 0.00875000 -0.06065500
v 0.02795000 0.00000000 -0.02800000
v 0.02795000 -0.00452900 -0.02859600
v 0.02795000 -0.00875000 -0.03034500
v 0.02795000 -0.01237400 -0.03312600
v 0.02795000 -0.01515500 -0.03675000
v 0.02795000 -0.01690400 -0.04097100
v 0.02795000 -0.01750000 -0.04550000
v 0.02795000 -0.01690400 -0.05002900
v 0.02795000 -0.01515500 -0.05425000
v 0.02795000 -0.01237400 -0.05787400
v 0.02795000 -0.00875000 -0.06065500
v 0.02795000 -0.00452900 -0.06240400
v 0.02795000 0.00000000 -0.06300000
v 0.02795000 0.00000000 -0.01700000
v -0.01705000 0.00000000 -0.01700000
v -0.01705000 -0.00556000 -0.01754800
v 0.02795000 -0.00556000 -0.01754800
v -0.01705000 -0.01090600 -0.01916900
v 0.02795000 -0.01090600 -0.01916900
v 0.02795000 -0.01583400 -0.02180300
v -0.01705000 -0.01583400 -0.02180300
v -0.01705000 -0.02015300 -0.02534700
v 0.02795000 -0.02015300 -0.02534700
v -0.01705000 -0.02369700 -0.02966600
v 0.02795000 -0.02369700 -0.02966600
v -0.01705000 -0.02633100 -0.03459400
v 0.02795000 -0.02633100 -0.03459400
v -0.01705000 -0.02795200 -0.03994000
v 0.02795000 -0.02795200 -0.03994000
v -0.01705000 -0.02850000 -0.04550000
v 0.02795000 -0.02850000 -0.04550000
v -0.01705000 -0.02795200 -0.05106000
v 0.02795000 -0.02795200 -0.05106000
v -0.01705000 -0.02633100 -0.05640600
v 0.02795000 -0.02633100 -0.05640600
v -0.01705000 -0.02369700 -0.06133400
v 0.02795000 -0.02369700 -0.06133400
v -0.01705000 -0.02015300 -0.06565300
v 0.02795000 -0.02015300 -0.06565300
v -0.01705000 -0.01597500 -0.06910200
v 0.02795000 -0.01583400 -0.06919700
v -0.01705000 -0.01583400 -0.06919700
v -0.01705000 -0.01090600 -0.07183100
v 0.02795000 -0.01090600 -0.07183100
v -0.01705000 -0.00556000 -0.07345200
v 0.02795000 -0.00556000 -0.07345200
v -0.01705000 0.00000000 -0.07400000
v 0.02795000 0.00000000 -0.07400000
v -0.01705000 0.02255200 -0.04050000
v -0.01705000 0.02309900 -0.04533200
v -0.01705000 0.02298900 -0.04776400
v -0.01705000 0.01583400 -0.02180300
v -0.01705000 -0.02445600 -0.04050000
v -0.01705000 0.02015300 -0.06565300
v -0.01705000 0.01597500 -0.06910200
v -0.01705000 0.01639000 -0.06790900
v -0.01705000 0.02445600 -0.04050000
v -0.01705000 0.02633100 -0.03459400
v -0.01705000 0.02369700 -0.02966600
v -0.01705000 -0.02255200 -0.04050000
v -0.01705000 -0.02128700 -0.03821100
v -0.01705000 -0.02234200 -0.04283500
v -0.01705000 0.01747200 -0.06585400
v -0.01705000 0.01892900 -0.06404600
v -0.01705000 0.02369700 -0.06133400
v -0.01705000 0.02795200 -0.03994000
v -0.01705000 0.02850000 -0.04550000
v -0.01705000 0.02445600 -0.05351900
v -0.01705000 0.02795200 -0.05106000
v -0.01705000 0.02436700 -0.05479500
v -0.01705000 0.02633100 -0.05640600
v -0.01705000 0.02411000 -0.05604800
v -0.01705000 -0.01958300 -0.05657900
v -0.01705000 -0.02114400 -0.05480300
v -0.01705000 -0.02147100 -0.05222800
v -0.01705000 -0.02234500 -0.05135700
v -0.01705000 -0.02240400 -0.04757800
v -0.01705000 -0.02298900 -0.04776400
v -0.01705000 -0.02305800 -0.04411500
v -0.01705000 -0.00471700 -0.06750000
v -0.01705000 0.00000000 -0.07217400
v -0.01705000 -0.00922300 -0.06602300
v -0.01705000 -0.01155000 -0.06550500
v -0.01705000 -0.01332100 -0.06363300
v -0.01705000 -0.01455700 -0.06343600
v -0.01705000 -0.01682600 -0.06043800
v -0.01705000 -0.01720000 -0.06091900
v -0.01705000 -0.01941400 -0.05801800
v -0.01705000 -0.02436700 -0.05479500
v -0.01705000 -0.02445600 -0.05351900
v -0.01705000 -0.02122200 -0.06137000
v -0.01705000 -0.01892900 -0.06404600
v -0.01705000 0.02122200 -0.06137000
v -0.01705000 0.02314000 -0.05841400
v -0.01705000 0.02369700 -0.05726000
v -0.01705000 0.02015300 -0.02534700
v -0.01705000 0.02004700 -0.05697700
v -0.01705000 0.02295300 -0.04290100
v -0.01705000 -0.01747200 -0.06585400
v -0.01705000 -0.01639000 -0.06790900
v -0.01705000 0.01359100 -0.06417800
v -0.01705000 0.01155000 -0.06550500
v -0.01705000 0.02262300 -0.05017100
v -0.01705000 0.02200600 -0.05252600
v -0.01705000 0.02114400 -0.05480300
v -0.01705000 -0.02411000 -0.05604800
v -0.01705000 -0.02369700 -0.05726000
v -0.01705000 -0.02314000 -0.05841400
v -0.01705000 0.01872800 -0.05902300
v -0.01705000 0.01720000 -0.06091900
v -0.01705000 0.01548200 -0.06264400
v 0.02795000 0.00452900 -0.06240400
v 0.02795000 0.01090600 -0.07183100
v 0.02795000 0.00875000 -0.06065500
v 0.02795000 0.01583400 -0.06919700
v 0.02795000 0.01237400 -0.05787400
v 0.02795000 0.02015300 -0.06565300
v 0.02795000 0.01515500 -0.05425000
v 0.02795000 0.00556000 -0.07345200
v 0.02795000 0.00875000 -0.03034500
v 0.02795000 0.01090600 -0.01916900
v 0.02795000 0.00452900 -0.02859600
v 0.02795000 0.00556000 -0.01754800
v 0.02795000 0.01690400 -0.04097100
v 0.02795000 0.02633100 -0.03459400
v 0.02795000 0.01515500 -0.03675000
v 0.02795000 0.02369700 -0.02966600
v 0.02795000 0.01237400 -0.03312600
v 0.02795000 0.02015300 -0.02534700
v 0.02795000 0.01583400 -0.02180300
v 0.02795000 0.02369700 -0.06133400
v 0.02795000 0.02633100 -0.05640600
v 0.02795000 0.01690400 -0.05002900
v 0.02795000 0.02795200 -0.05106000
v 0.02795000 0.01750000 -0.04550000
v 0.02795000 0.02850000 -0.04550000
v 0.02795000 0.02795200 -0.03994000
v -0.01716600 -0.02233700 -0.04026200
v -0.01725100 -0.02241000 -0.04012500
v -0.01712700 -0.02241000 -0.04027400
v -0.01708800 -0.02255200 -0.04030900
v -0.01708600 -0.02255200 -0.04031400
v -0.01755000 -0.02255200 -0.04000000
v -0.01735900 -0.02255200 -0.04003800
v -0.01737400 -0.02250100 -0.04003500
v -0.01719600 -0.02255200 -0.04014600
v -0.01718800 -0.02255200 -0.04015500
v -0.01750200 -0.02237200 -0.04003600
v -0.01741000 -0.02225100 -0.04012600
v -0.01755000 -0.02233600 -0.04004900
v -0.01755000 -0.02216200 -0.04018700
v -0.01755000 -0.02208700 -0.04031800
v -0.01745000 -0.02211100 -0.04028700
v -0.01733600 -0.02216800 -0.04026300
v -0.01725900 -0.02222700 -0.04025600
v -0.01755000 0.02216200 -0.04018700
v -0.01755000 0.02208700 -0.04031800
v -0.01745000 0.02211100 -0.04028700
v -0.01755000 0.02255200 -0.04000000
v -0.01755000 0.02233600 -0.04004900
v -0.01750200 0.02237200 -0.04003600
v -0.01741000 0.02225100 -0.04012600
v -0.01733600 0.02216800 -0.04026300
v -0.01735900 0.02255200 -0.04003800
v -0.01737400 0.02250100 -0.04003500
v -0.01719600 0.02255200 -0.04014600
v -0.01725100 0.02241000 -0.04012500
v -0.01718800 0.02255200 -0.04015500
v -0.01725900 0.02222700 -0.04025600
v -0.01716600 0.02233700 -0.04026200
v -0.01712700 0.02241000 -0.04027400
v -0.01708800 0.02255200 -0.04030900
v -0.01708600 0.02255200 -0.04031400
v -0.01719600 0.00000000 -0.07176500
v -0.01719600 0.01137300 -0.06519900
v -0.01730000 0.01133300 -0.06513000
v -0.01735900 -0.00000000 -0.07164000
v -0.01755000 0.01130000 -0.06507200
v -0.01755000 0.00000000 -0.07159600
v -0.01755000 -0.02445600 -0.04000000
v -0.01730000 -0.02445600 -0.04006700
v -0.01719600 -0.02445600 -0.04014600
v -0.01997200 0.02563900 -0.04000000
v -0.02012500 0.02583700 -0.04006700
v -0.02310200 0.02321400 -0.04006700
v -0.02023800 0.02598100 -0.04025000
v -0.02323100 0.02334400 -0.04025000
v -0.02509300 0.02132900 -0.04025000
v -0.02678100 0.01916600 -0.04025000
v -0.02828300 0.01687100 -0.04025000
v -0.02959000 0.01445800 -0.04025000
v -0.03069000 0.01194500 -0.04025000
v -0.03157800 0.00935000 -0.04025000
v -0.03224700 0.00668900 -0.04025000
v -0.03269100 0.00398200 -0.04025000
v -0.03293300 0.00000000 -0.04025000
v -0.02495400 0.02121000 -0.04006700
v -0.02663200 0.01906000 -0.04006700
v -0.02812600 0.01677700 -0.04006700
v -0.02942500 0.01437800 -0.04006700
v -0.03052000 0.01187900 -0.04006700
v -0.03140200 0.00929800 -0.04006700
v -0.03206700 0.00665200 -0.04006700
v -0.03251000 0.00396000 -0.04006700
v -0.03275000 0.00000000 -0.04006700
v -0.02292500 0.02303700 -0.04000000
v -0.02476300 0.02104900 -0.04000000
v -0.02642900 0.01891400 -0.04000000
v -0.02791200 0.01664900 -0.04000000
v -0.02920000 0.01426800 -0.04000000
v -0.03028700 0.01178800 -0.04000000
v -0.03116300 0.00922700 -0.04000000
v -0.03182300 0.00660100 -0.04000000
v -0.03226200 0.00392900 -0.04000000
v -0.03250000 0.00000000 -0.04000000
v -0.01755000 0.02445600 -0.04000000
v -0.01730000 0.02445600 -0.04006700
v -0.01719600 0.02445600 -0.04014600
v -0.02216000 0.02216200 -0.04018700
v -0.02217800 0.02218000 -0.04016600
v -0.02219600 0.02219900 -0.04014600
v -0.02235900 0.02236100 -0.04003800
v -0.02255000 0.02255200 -0.04000000
v -0.02219600 -0.02219900 -0.04014600
v -0.02219600 -0.01497700 -0.04014600
v -0.02235900 -0.02236100 -0.04003800
v -0.02219600 -0.00748800 -0.04014600
v -0.02219600 -0.00000000 -0.04014600
v -0.02219600 0.00748800 -0.04014600
v -0.02219600 0.01497700 -0.04014600
v -0.02255000 -0.02255200 -0.04000000
v -0.02216000 -0.02216200 -0.04018700
v -0.02217800 -0.02218000 -0.04016600
v -0.01755000 -0.01130000 -0.06507200
v -0.01730000 -0.01133300 -0.06513000
v -0.01719600 -0.01137300 -0.06519900
v -0.01905000 0.01750000 -0.08817900
v -0.01905000 0.01750000 -0.07244400
v -0.01828500 0.01734800 -0.07244400
v -0.01816700 0.01729400 -0.08817900
v -0.01763600 0.01691400 -0.07244400
v -0.01763600 0.01691400 -0.08817900
v -0.04025600 0.00881300 -0.07635200
v -0.04025600 -0.00881300 -0.07635200
v -0.04021300 0.00881500 -0.07551800
v -0.04017300 -0.00881700 -0.07534200
v -0.03983200 -0.00883100 -0.07453300
v -0.03952100 0.00884500 -0.07411000
v -0.04004300 0.00882200 -0.07495200
v -0.03946000 -0.00884800 -0.07404300
v -0.03881300 -0.00887900 -0.07351900
v -0.03881300 0.00887900 -0.07351900
v -0.01828500 -0.01734800 -0.07244400
v -0.01905000 -0.01750000 -0.07244400
v -0.01816700 -0.01729400 -0.08817900
v -0.01905000 -0.01750000 -0.08817900
v -0.01805000 -0.01723200 -0.07244400
v -0.01763600 -0.01691400 -0.08817900
v -0.01763600 -0.01691400 -0.07244400
v -0.02926100 -0.01575400 -0.07244400
v -0.02926100 -0.01575400 -0.08320000
v -0.02847700 -0.01649100 -0.07244400
v -0.02844400 -0.01651500 -0.08366800
v -0.02755400 -0.01704200 -0.07244400
v -0.02755400 -0.01704300 -0.08420200
v -0.02546500 -0.01750000 -0.07244400
v -0.02532900 -0.01760600 -0.07100000
v -0.01905000 -0.01768700 -0.07051900
v -0.02495600 -0.01791200 -0.06960300
v -0.01905000 -0.01824200 -0.06866500
v -0.02457900 -0.01824200 -0.06866500
v -0.02755400 0.01704200 -0.07244400
v -0.02755400 0.01704300 -0.08420200
v -0.02838000 0.01656200 -0.08370500
v -0.02847700 0.01649100 -0.07244400
v -0.02926100 0.01575400 -0.08320000
v -0.02926100 0.01575400 -0.07244400
v -0.02457900 0.01824200 -0.06866500
v -0.01905000 0.01824200 -0.06866500
v -0.02495600 0.01791200 -0.06960300
v -0.01905000 0.01768700 -0.07051900
v -0.02532900 0.01760600 -0.07100000
v -0.02546500 0.01750000 -0.07244400
v -0.01755000 -0.02206400 -0.04060800
v -0.01755000 -0.02255900 -0.04414500
v -0.01755000 -0.02259900 -0.04533500
v -0.01755000 -0.02249100 -0.04771500
v -0.01755000 -0.02213300 -0.05007000
v -0.01755000 -0.02186200 -0.05123000
v -0.01755000 -0.02068600 -0.05460200
v -0.02969000 0.01527500 -0.08275500
v -0.03841400 0.01081000 -0.07563500
v -0.03818000 0.01084200 -0.07632900
v -0.03849100 0.01080100 -0.07588100
v -0.03850600 0.01079900 -0.07617800
v -0.03822000 0.01083700 -0.07683200
v -0.03833200 0.01082100 -0.07669300
v -0.03846400 0.01080400 -0.07640900
v -0.03794600 0.01087800 -0.07702400
v -0.03731100 0.01099600 -0.07468100
v -0.03538600 0.01153800 -0.07832200
v -0.03837600 0.01081500 -0.07556000
v -0.03808400 0.01085700 -0.07523300
v -0.03627800 0.01125200 -0.07386500
v -0.03460200 0.01184500 -0.07233000
v -0.03489200 0.01172500 -0.07861500
v -0.03312200 0.01257500 -0.07070700
v -0.02888300 0.01621400 -0.06818200
v -0.02916000 0.01587200 -0.07027700
v -0.02984100 0.01511900 -0.06575200
v -0.02847100 0.01676300 -0.06621000
v -0.02870600 0.01644500 -0.06326000
v -0.03178500 0.01343300 -0.06896300
v -0.03101500 0.01402700 -0.08149200
v -0.03207000 0.01323200 -0.06936200
v -0.03216400 0.01316700 -0.08052200
v -0.03306200 0.01260900 -0.07983700
v -0.02158700 0.01750000 -0.09010600
v -0.02224500 0.01750000 -0.08978300
v -0.02274200 0.01750000 -0.08924500
v -0.02546500 0.01750000 -0.08556700
v -0.02403400 0.01750000 -0.08735500
v -0.02015300 0.01750000 -0.08996700
v -0.02085700 0.01750000 -0.09017000
v -0.01956900 0.01750000 -0.08952400
v -0.01918400 0.01750000 -0.08890000
v -0.01905000 0.02488700 -0.05938900
v -0.01905000 0.02282400 -0.06256800
v -0.01973100 0.02409500 -0.06072200
v -0.02027900 0.02341700 -0.06174500
v -0.02152800 0.02171400 -0.06395900
v -0.01905000 0.02035700 -0.06544600
v -0.02241100 0.02035700 -0.06544600
v -0.02641500 0.01750500 -0.07085200
v -0.02653400 0.01738400 -0.07244400
v -0.02744700 0.01717000 -0.07067700
v -0.02837700 0.01661600 -0.07048200
v -0.02810400 0.01698000 -0.06859100
v -0.02770400 0.01755800 -0.06682400
v -0.02623000 0.01888500 -0.06596500
v -0.02723500 0.01832400 -0.06520600
v -0.02715500 0.01753700 -0.06897800
v -0.02672900 0.01811900 -0.06739900
v -0.02503400 0.01913900 -0.06660200
v -0.02608700 0.01785400 -0.06932100
v -0.02560500 0.01840700 -0.06789700
v -0.02373900 0.01906600 -0.06707200
v -0.02440200 0.01840400 -0.06828800
v -0.01998500 0.02612000 -0.05504100
v -0.01974300 0.02599900 -0.05624600
v -0.02021300 0.02559800 -0.05707300
v -0.02364400 0.02066800 -0.06484600
v -0.02219600 0.02260000 -0.06260200
v -0.02074200 0.02427200 -0.06019100
v -0.01936800 0.02552600 -0.05800700
v -0.01941200 0.02559800 -0.05780700
v -0.01964700 0.02591000 -0.05671000
v -0.02101400 0.02531700 -0.05648400
v -0.02015200 0.02610500 -0.05418800
v -0.02572500 0.02036800 -0.06302400
v -0.02414000 0.02227300 -0.06099800
v -0.02477800 0.02067200 -0.06401700
v -0.02323900 0.02257300 -0.06185900
v -0.02255100 0.02392200 -0.05881900
v -0.02170000 0.02421300 -0.05954500
v -0.02654900 0.01929400 -0.06405000
v -0.02557000 0.01973200 -0.06493100
v -0.02440300 0.01986400 -0.06567100
v -0.02313700 0.01968000 -0.06621200
v -0.02560500 -0.01840700 -0.06789700
v -0.02503400 -0.01913900 -0.06660200
v -0.02623000 -0.01888500 -0.06596500
v -0.02373900 -0.01906600 -0.06707200
v -0.02440200 -0.01840400 -0.06828800
v -0.02608700 -0.01785400 -0.06932100
v -0.02641500 -0.01750500 -0.07085200
v -0.02723500 -0.01832400 -0.06520600
v -0.02797800 -0.01750000 -0.06438600
v -0.02770400 -0.01755800 -0.06682400
v -0.02847100 -0.01676300 -0.06621000
v -0.02810400 -0.01698000 -0.06859100
v -0.02888300 -0.01621400 -0.06818200
v -0.02837700 -0.01661600 -0.07048200
v -0.02916000 -0.01587200 -0.07027800
v -0.02672900 -0.01811900 -0.06739900
v -0.02715500 -0.01753700 -0.06897800
v -0.02744700 -0.01717000 -0.07067700
v -0.02653400 -0.01738400 -0.07244400
v -0.02313700 -0.01968000 -0.06621200
v -0.02241100 -0.02035700 -0.06544600
v -0.02364300 -0.02066600 -0.06484500
v -0.02440200 -0.01986200 -0.06567000
v -0.02477800 -0.02067200 -0.06401700
v -0.02557000 -0.01973200 -0.06493100
v -0.02572600 -0.02036900 -0.06302500
v -0.02655100 -0.01929600 -0.06405100
v -0.02641300 -0.01978300 -0.06194700
v -0.02726800 -0.01858600 -0.06309500
v -0.01976100 -0.02601400 -0.05615800
v -0.01998500 -0.02612000 -0.05504100
v -0.02101500 -0.02531700 -0.05648300
v -0.01905000 -0.02488700 -0.05938900
v -0.01921100 -0.02523700 -0.05870100
v -0.02074200 -0.02427200 -0.06019000
v -0.01936800 -0.02552600 -0.05800700
v -0.01941300 -0.02560000 -0.05780200
v -0.01992900 -0.02385300 -0.06109800
v -0.02219400 -0.02260100 -0.06260200
v -0.02117800 -0.02221300 -0.06335700
v -0.01974600 -0.02600200 -0.05623000
v -0.02027900 -0.02603400 -0.05351900
v -0.02170600 -0.02485600 -0.05586700
v -0.02255100 -0.02392200 -0.05881800
v -0.02325300 -0.02341500 -0.05805200
v -0.02413900 -0.02227400 -0.06099900
v -0.02484100 -0.02172400 -0.06007800
v -0.02021400 -0.02559800 -0.05707200
v -0.02170000 -0.02421400 -0.05954400
v -0.02323800 -0.02257400 -0.06185900
v -0.01947600 -0.02569500 -0.05751500
v -0.01905000 -0.02035700 -0.06544600
v -0.01905000 -0.02282400 -0.06256800
v -0.01956900 -0.01750000 -0.08952400
v -0.01918400 -0.01750000 -0.08890000
v -0.02224500 -0.01750000 -0.08978300
v -0.02158700 -0.01750000 -0.09010600
v -0.02274200 -0.01750000 -0.08924500
v -0.02085700 -0.01750000 -0.09017000
v -0.02546500 -0.01750000 -0.08556700
v -0.02403400 -0.01750000 -0.08735500
v -0.02015300 -0.01750000 -0.08996700
v -0.03306200 -0.01260900 -0.07983700
v -0.03250800 -0.01294200 -0.08025300
v -0.03312400 -0.01257300 -0.07070400
v -0.02976400 -0.01519600 -0.08267900
v -0.03043000 -0.01454200 -0.06684300
v -0.02870500 -0.01644500 -0.06326200
v -0.02855800 -0.01664300 -0.06288300
v -0.02797800 -0.01750000 -0.06121500
v -0.03181500 -0.01341000 -0.08080600
v -0.03101500 -0.01402700 -0.08149200
v -0.03060400 -0.01438400 -0.06714100
v -0.03268800 -0.01283000 -0.07017000
v -0.03455600 -0.01186400 -0.07882300
v -0.03519600 -0.01160600 -0.07290200
v -0.03628000 -0.01125000 -0.07386500
v -0.03833200 -0.01082100 -0.07669300
v -0.03820800 -0.01083800 -0.07596300
v -0.03846200 -0.01080400 -0.07641300
v -0.03850600 -0.01079900 -0.07617800
v -0.03831100 -0.01082400 -0.07545600
v -0.03841400 -0.01081000 -0.07563500
v -0.03850000 -0.01079900 -0.07593700
v -0.03808400 -0.01085700 -0.07523300
v -0.03745000 -0.01096800 -0.07724700
v -0.03538600 -0.01153800 -0.07832200
v -0.03827200 -0.01082900 -0.07677400
v -0.03794600 -0.01087800 -0.07702400
v -0.02027900 -0.02603400 -0.04050000
v -0.01960700 -0.02637700 -0.05351900
v -0.01960700 -0.02637700 -0.04050000
v -0.01925700 -0.02644500 -0.05351900
v -0.01863500 -0.02641300 -0.04050000
v -0.01863500 -0.02641300 -0.05351900
v -0.01817200 -0.02625300 -0.05351900
v -0.01776100 -0.02598600 -0.04050000
v -0.01776100 -0.02598600 -0.05351900
v -0.01719200 -0.02519700 -0.05351900
v -0.01719200 -0.02519700 -0.04050000
v -0.03878700 -0.00986900 -0.07381400
v -0.03869000 -0.01022600 -0.07406600
v -0.03686600 -0.01058800 -0.07280700
v -0.02988200 -0.01479200 -0.06470200
v -0.02894900 -0.01588800 -0.06281700
v -0.02916300 -0.01544400 -0.06309800
v -0.02888800 -0.01595300 -0.06265600
v -0.02982000 -0.01413000 -0.06420800
v -0.02987400 -0.01402100 -0.06430200
v -0.03097000 -0.01373900 -0.06650900
v -0.03093100 -0.01289400 -0.06602600
v -0.03225600 -0.01230600 -0.06793500
v -0.03882300 -0.00960300 -0.07368600
v -0.03763700 -0.00912400 -0.07276500
v -0.03696500 -0.00999900 -0.07244300
v -0.03524300 -0.01060600 -0.07105400
v -0.03517000 -0.01115300 -0.07140000
v -0.03367000 -0.01138600 -0.06954400
v -0.03361600 -0.01188900 -0.06986700
v -0.03221400 -0.01276200 -0.06823200
v -0.03083400 -0.01409800 -0.06681500
v -0.03851800 -0.01055600 -0.07443500
v -0.03662700 -0.01102100 -0.07330200
v -0.03495600 -0.01157600 -0.07184700
v -0.03342700 -0.01229600 -0.07026600
v -0.03205200 -0.01314700 -0.06858400
v -0.03217500 -0.01181200 -0.06771400
v -0.03232100 -0.01169900 -0.06789500
v -0.03358700 -0.01083200 -0.06932600
v -0.03490800 -0.01011300 -0.07061300
v -0.03691300 -0.00932700 -0.07225200
v -0.03823300 -0.01059700 -0.07789100
v -0.03818100 -0.01069400 -0.07771300
v -0.03856600 -0.01064500 -0.07747000
v -0.03835900 -0.00903800 -0.07887900
v -0.03839500 -0.00963500 -0.07871800
v -0.03905400 -0.00958700 -0.07832800
v -0.03940800 -0.00956400 -0.07418400
v -0.03916900 -0.01018300 -0.07448800
v -0.03952300 -0.01015500 -0.07502600
v -0.03984100 -0.00953800 -0.07482300
v -0.03972500 -0.01014100 -0.07564400
v -0.04008800 -0.00952500 -0.07555900
v -0.03975600 -0.01013900 -0.07629500
v -0.04012600 -0.00952300 -0.07633500
v -0.03961600 -0.01014800 -0.07693100
v -0.03995500 -0.00953200 -0.07709200
v -0.03931700 -0.01017100 -0.07750400
v -0.03958900 -0.00955300 -0.07777300
v -0.03887900 -0.01020800 -0.07797300
v -0.03838400 -0.00992500 -0.07856800
v -0.03833800 -0.01026100 -0.07830700
v -0.03877200 -0.01062200 -0.07491500
v -0.03902400 -0.01059600 -0.07531000
v -0.03916800 -0.01058300 -0.07576300
v -0.03919100 -0.01058100 -0.07624100
v -0.03909100 -0.01059000 -0.07670700
v -0.03887700 -0.01061100 -0.07712700
v -0.04006500 -0.00882100 -0.07717000
v -0.03978100 -0.00883400 -0.07772800
v -0.03923100 -0.00885900 -0.07835600
v -0.03834200 -0.00890400 -0.07889100
v -0.03695200 -0.00921600 -0.07946700
v -0.03118900 -0.01377200 -0.08198400
v -0.03337000 -0.01196300 -0.08089400
v -0.03327900 -0.01236200 -0.08039400
v -0.03575300 -0.01089500 -0.07949500
v -0.03562500 -0.01131800 -0.07894700
v -0.03522000 -0.00981500 -0.08031100
v -0.03575100 -0.01031700 -0.07989700
v -0.03459800 -0.01009100 -0.08065000
v -0.03332500 -0.01144900 -0.08128200
v -0.03116700 -0.01296900 -0.08280600
v -0.03124200 -0.01340900 -0.08243500
v -0.02938300 -0.01551100 -0.08363400
v -0.02940000 -0.01523400 -0.08400000
v -0.02937900 -0.01509300 -0.08415300
v -0.02930300 -0.01483800 -0.08438900
v -0.03704800 -0.00991600 -0.07927800
v -0.03314900 -0.01087300 -0.08152000
v -0.03241700 -0.01135100 -0.08200600
v -0.03097200 -0.01248700 -0.08306600
v -0.02986600 -0.01357000 -0.08397900
v -0.02910700 -0.01445200 -0.08466200
v -0.02874000 -0.01544200 -0.08489400
v -0.02861300 -0.01493700 -0.08513400
v -0.02807400 -0.01526100 -0.08567600
v -0.02697800 -0.01550000 -0.08687400
v -0.02688500 -0.01619200 -0.08679400
v -0.02749100 -0.01613400 -0.08610600
v -0.02650500 -0.01739100 -0.08486700
v -0.02691400 -0.01718200 -0.08538800
v -0.02778000 -0.01683700 -0.08474300
v -0.02728100 -0.01674000 -0.08580300
v -0.02802400 -0.01641100 -0.08515400
v -0.02598900 -0.01737600 -0.08602000
v -0.02653500 -0.01691400 -0.08649200
v -0.02812400 -0.01586700 -0.08547500
v -0.02874300 -0.01590500 -0.08455700
v -0.02861900 -0.01628900 -0.08414900
v -0.02349000 -0.01729400 -0.08971600
v -0.02459100 -0.01737600 -0.08776700
v -0.02517100 -0.01691400 -0.08819700
v -0.02393900 -0.01691400 -0.08999900
v -0.02687400 -0.01550000 -0.08699600
v -0.02564200 -0.01550000 -0.08854500
v -0.02554300 -0.01619200 -0.08847100
v -0.02443500 -0.01550000 -0.09031100
v -0.02439700 -0.01592200 -0.09028700
v -0.02433000 -0.01619200 -0.09024500
v -0.02408200 -0.01672200 -0.09008900
v -0.01757100 -0.01550000 -0.09015300
v -0.01731900 -0.01550000 -0.08962000
v -0.01736100 -0.01592200 -0.08960400
v -0.01770700 -0.01672200 -0.08947000
v -0.01839700 -0.01672200 -0.09058800
v -0.02341300 -0.01592200 -0.09135100
v -0.02319100 -0.01672200 -0.09105300
v -0.02277200 -0.01729400 -0.09049200
v -0.02182400 -0.01729400 -0.09095700
v -0.02077100 -0.01729400 -0.09104900
v -0.01836000 -0.01729400 -0.08921800
v -0.01891500 -0.01729400 -0.09011700
v -0.01975600 -0.01729400 -0.09075600
v -0.01746700 -0.01672200 -0.08817900
v -0.02201200 -0.01672200 -0.09163100
v -0.02070400 -0.01672200 -0.09174600
v -0.02066800 -0.01592200 -0.09211600
v -0.01927500 -0.01592200 -0.09171400
v -0.02343900 -0.01550000 -0.09138700
v -0.02294200 -0.01550000 -0.09170300
v -0.02211100 -0.01592200 -0.09198900
v -0.02212400 -0.01550000 -0.09203300
v -0.02095800 -0.01550000 -0.09217800
v -0.02066300 -0.01550000 -0.09216100
v -0.01925500 -0.01550000 -0.09175400
v -0.01899700 -0.01550000 -0.09161200
v -0.01944200 -0.01672200 -0.09138200
v -0.01812100 -0.01592200 -0.09083800
v -0.01808800 -0.01550000 -0.09086800
v -0.01720200 -0.01626500 -0.08817900
v -0.01709500 -0.01592200 -0.08817900
v -0.01705000 -0.01550000 -0.08817900
v -0.01805000 -0.01742400 -0.07046700
v -0.01905000 -0.01914300 -0.06695200
v -0.01805000 -0.02016600 -0.06525800
v -0.01805000 -0.01891900 -0.06680500
v -0.01763600 -0.01993900 -0.06503600
v -0.01731800 -0.01830700 -0.06640300
v -0.01805000 -0.01799400 -0.06856300
v -0.01731800 -0.01731600 -0.06828700
v -0.01731800 -0.01670600 -0.07032600
v -0.01731800 -0.01650000 -0.07244400
v -0.01731800 -0.01964300 -0.06474600
v -0.01705000 -0.01572500 -0.07013300
v -0.01705000 -0.01550000 -0.07244400
v -0.01835800 -0.02272500 -0.06249400
v -0.01835800 -0.02477900 -0.05932900
v -0.01828500 -0.02475400 -0.05931500
v -0.01763600 -0.02235500 -0.06221700
v -0.01763600 -0.02437500 -0.05910300
v -0.01717400 -0.02374500 -0.05875200
v -0.01717400 -0.02177600 -0.06178500
v -0.01723400 -0.02447400 -0.05757900
v -0.01711700 -0.02487200 -0.05486700
v -0.01950400 -0.02629800 -0.05506700
v -0.01921800 -0.02603600 -0.05657400
v -0.01899400 -0.02635000 -0.05507600
v -0.01874600 -0.02602100 -0.05657200
v -0.01848700 -0.02627000 -0.05506500
v -0.01829100 -0.02589900 -0.05654000
v -0.01801800 -0.02606600 -0.05503700
v -0.01787900 -0.02567800 -0.05648000
v -0.01761600 -0.02574900 -0.05499200
v -0.01753200 -0.02536900 -0.05639500
v -0.01730900 -0.02534300 -0.05493400
v -0.01726900 -0.02499100 -0.05629100
v -0.01810900 -0.02533300 -0.05793000
v -0.01851000 -0.02548200 -0.05799000
v -0.01893600 -0.02554700 -0.05801600
v -0.01775300 -0.02510800 -0.05783800
v -0.02443500 0.01550000 -0.09031100
v -0.02343900 0.01550000 -0.09138700
v -0.02294200 0.01550000 -0.09170300
v -0.02212400 0.01550000 -0.09203300
v -0.02095800 0.01550000 -0.09217800
v -0.02066300 0.01550000 -0.09216100
v -0.01925500 0.01550000 -0.09175400
v -0.01899700 0.01550000 -0.09161200
v -0.01808800 0.01550000 -0.09086800
v -0.01757100 0.01550000 -0.09015300
v -0.01731900 0.01550000 -0.08962000
v -0.01705000 0.01550000 -0.08817900
v -0.03097200 0.01248700 -0.08306600
v -0.03042000 0.01300100 -0.08351000
v -0.03445900 0.01015700 -0.08072900
v -0.03695200 0.00921600 -0.07946700
v -0.03834200 0.00890400 -0.07889100
v -0.03738100 0.00910500 -0.07928000
v -0.03314900 0.01087300 -0.08152000
v -0.03168600 0.01189100 -0.08252400
v -0.02910700 0.01445200 -0.08466200
v -0.02807400 0.01526100 -0.08567600
v -0.02752400 0.01544300 -0.08626100
v -0.02861300 0.01493700 -0.08513400
v -0.02697800 0.01550000 -0.08687400
v -0.02687400 0.01550000 -0.08699600
v -0.02564200 0.01550000 -0.08854500
v -0.03212400 0.01185100 -0.06764900
v -0.03094600 0.01287900 -0.06604100
v -0.03222000 -0.00713200 -0.06776800
v -0.03264300 -0.00484000 -0.06828300
v -0.03290800 -0.00246200 -0.06859000
v -0.03585700 0.00970000 -0.07143600
v -0.03358500 0.01083500 -0.06932800
v -0.03328100 0.01102600 -0.06900200
v -0.03025600 -0.01317500 -0.06495600
v -0.03097300 -0.01138700 -0.06607800
v -0.03163800 -0.00938300 -0.06701500
v -0.03691000 0.00932900 -0.07225300
v -0.01960700 0.02637700 -0.04050000
v -0.01719200 0.02519700 -0.05351900
v -0.01863500 0.02641300 -0.04050000
v -0.01925700 0.02644500 -0.05351900
v -0.01960700 0.02637700 -0.05351900
v -0.01719200 0.02519700 -0.04050000
v -0.01776100 0.02598600 -0.05351900
v -0.01776100 0.02598600 -0.04050000
v -0.01817200 0.02625300 -0.05351900
v -0.01863500 0.02641300 -0.05351900
v -0.03696200 0.01000100 -0.07244300
v -0.03882300 0.00960300 -0.07368600
v -0.03342500 0.01229800 -0.07026900
v -0.03495100 0.01158000 -0.07184900
v -0.03516600 0.01115700 -0.07140200
v -0.02988300 0.01479000 -0.06469700
v -0.02894900 0.01588800 -0.06281500
v -0.03662500 0.01102200 -0.07330300
v -0.03814700 0.01084300 -0.07512500
v -0.03686400 0.01058900 -0.07280800
v -0.03366800 0.01138900 -0.06954700
v -0.03205300 0.01314600 -0.06858300
v -0.03083500 0.01409500 -0.06681000
v -0.03097100 0.01373700 -0.06650300
v -0.03361400 0.01189100 -0.06987000
v -0.03523900 0.01061000 -0.07105600
v -0.03843100 0.01066200 -0.07460700
v -0.03855800 0.01049600 -0.07435300
v -0.03869000 0.01022600 -0.07406600
v -0.03879700 0.00981000 -0.07378200
v -0.03225600 0.01230500 -0.06793400
v -0.03221400 0.01276100 -0.06823100
v -0.03826700 0.01051700 -0.07801200
v -0.03833800 0.01026100 -0.07830700
v -0.03887900 0.01020800 -0.07797300
v -0.03916900 0.01018300 -0.07448800
v -0.03839000 0.00983200 -0.07862200
v -0.03839500 0.00963500 -0.07871800
v -0.03905400 0.00958700 -0.07832800
v -0.03800100 0.01086200 -0.07717400
v -0.03818100 0.01069400 -0.07771300
v -0.03856600 0.01064500 -0.07747000
v -0.03931700 0.01017100 -0.07750400
v -0.03958900 0.00955300 -0.07777300
v -0.03961600 0.01014800 -0.07693100
v -0.03995500 0.00953200 -0.07709200
v -0.03975600 0.01013900 -0.07629500
v -0.04012600 0.00952300 -0.07633500
v -0.03972500 0.01014100 -0.07564400
v -0.04008800 0.00952500 -0.07555900
v -0.03952300 0.01015500 -0.07502600
v -0.03984100 0.00953800 -0.07482300
v -0.03940800 0.00956400 -0.07418400
v -0.03902400 0.01059600 -0.07531000
v -0.03877200 0.01062200 -0.07491500
v -0.03887700 0.01061100 -0.07712700
v -0.03909100 0.01059000 -0.07670700
v -0.03919100 0.01058100 -0.07624100
v -0.03916800 0.01058300 -0.07576300
v -0.03906800 0.00886700 -0.07848800
v -0.03952000 0.00884500 -0.07807000
v -0.03999900 0.00882400 -0.07732900
v -0.03704800 0.00991600 -0.07927800
v -0.03327900 0.01236200 -0.08039400
v -0.03118900 0.01377200 -0.08198400
v -0.02938300 0.01551100 -0.08363400
v -0.03332500 0.01144900 -0.08128200
v -0.03575100 0.01031700 -0.07989700
v -0.03575300 0.01089500 -0.07949500
v -0.03562500 0.01131800 -0.07894700
v -0.02930200 0.01483800 -0.08438900
v -0.03116700 0.01296900 -0.08280600
v -0.02939700 0.01519900 -0.08403900
v -0.03124200 0.01340900 -0.08243500
v -0.03337000 0.01196300 -0.08089400
v -0.02691400 0.01718200 -0.08538800
v -0.02598900 0.01737600 -0.08602000
v -0.02653500 0.01691400 -0.08649200
v -0.02728100 0.01674000 -0.08580300
v -0.02688500 0.01619200 -0.08679400
v -0.02749100 0.01613400 -0.08610600
v -0.02812400 0.01586700 -0.08547500
v -0.02874000 0.01544200 -0.08489400
v -0.02802400 0.01641100 -0.08515400
v -0.02874300 0.01590500 -0.08455700
v -0.02778000 0.01683700 -0.08474300
v -0.02861900 0.01628900 -0.08414900
v -0.02643700 0.01740500 -0.08491100
v -0.02742000 0.01710200 -0.08428500
v -0.02554300 0.01619200 -0.08847100
v -0.02433000 0.01619200 -0.09024500
v -0.02439700 0.01592200 -0.09028700
v -0.02408200 0.01672200 -0.09008900
v -0.02517100 0.01691400 -0.08819700
v -0.02393900 0.01691400 -0.08999900
v -0.02459100 0.01737600 -0.08776700
v -0.02349000 0.01729400 -0.08971600
v -0.02341300 0.01592200 -0.09135100
v -0.02319100 0.01672200 -0.09105300
v -0.02201200 0.01672200 -0.09163100
v -0.01720200 0.01626500 -0.08817900
v -0.01709500 0.01592200 -0.08817900
v -0.01736100 0.01592200 -0.08960400
v -0.01746700 0.01672200 -0.08817900
v -0.01770700 0.01672200 -0.08947000
v -0.01836000 0.01729400 -0.08921800
v -0.01891500 0.01729400 -0.09011700
v -0.01975600 0.01729400 -0.09075600
v -0.02277200 0.01729400 -0.09049200
v -0.02182400 0.01729400 -0.09095700
v -0.02077100 0.01729400 -0.09104900
v -0.01839700 0.01672200 -0.09058800
v -0.01944200 0.01672200 -0.09138200
v -0.01927500 0.01592200 -0.09171400
v -0.02066800 0.01592200 -0.09211600
v -0.01812100 0.01592200 -0.09083800
v -0.02070400 0.01672200 -0.09174600
v -0.02211100 0.01592200 -0.09198900
v -0.01828500 0.01753800 -0.07048900
v -0.01763600 0.01711200 -0.07040600
v -0.01720200 0.01626500 -0.07244400
v -0.01720200 0.01647600 -0.07028100
v -0.01705000 0.01550000 -0.07244400
v -0.01905000 0.01914300 -0.06695200
v -0.01828500 0.01810100 -0.06860700
v -0.01828500 0.01901600 -0.06686900
v -0.01763600 0.01769900 -0.06844300
v -0.01763600 0.01865300 -0.06663100
v -0.01720200 0.01709900 -0.06819800
v -0.01720200 0.01811100 -0.06627400
v -0.01828500 0.02024800 -0.06533900
v -0.01763600 0.01993900 -0.06503600
v -0.01720200 0.01947500 -0.06458200
v -0.01705000 0.01572500 -0.07013300
v -0.01717400 0.02177600 -0.06178500
v -0.01717400 0.02374500 -0.05875200
v -0.01763600 0.02437500 -0.05910300
v -0.01763600 0.02235500 -0.06221700
v -0.01828500 0.02475400 -0.05931500
v -0.01835800 0.02272500 -0.06249400
v -0.01835800 0.02477900 -0.05932900
v -0.01723400 0.02447400 -0.05757900
v -0.01711700 0.02487200 -0.05486700
v -0.01921800 0.02603600 -0.05657400
v -0.01874600 0.02602100 -0.05657200
v -0.01851000 0.02548200 -0.05799000
v -0.01753200 0.02536900 -0.05639500
v -0.01726900 0.02499100 -0.05629100
v -0.01810900 0.02533300 -0.05793000
v -0.01829100 0.02589900 -0.05654000
v -0.01775300 0.02510800 -0.05783800
v -0.01787900 0.02567800 -0.05648000
v -0.01893600 0.02554700 -0.05801600
v -0.01950400 0.02629800 -0.05506700
v -0.01899400 0.02635000 -0.05507600
v -0.01848700 0.02627000 -0.05506500
v -0.01801800 0.02606600 -0.05503700
v -0.01761600 0.02574900 -0.05499200
v -0.01730900 0.02534300 -0.05493400
v -0.01765700 0.02501200 -0.04000000
v -0.01808400 0.02560300 -0.04000000
v -0.01873900 0.02592300 -0.04000000
v -0.01946800 0.02589700 -0.04000000
v -0.03182300 -0.00660100 -0.04000000
v -0.03116300 -0.00922700 -0.04000000
v -0.03028700 -0.01178800 -0.04000000
v -0.01873900 -0.02592300 -0.04000000
v -0.01808400 -0.02560300 -0.04000000
v -0.01946800 -0.02589700 -0.04000000
v -0.01765700 -0.02501200 -0.04000000
v -0.01997200 -0.02563900 -0.04000000
v -0.02292500 -0.02303700 -0.04000000
v -0.02476300 -0.02104900 -0.04000000
v -0.02642900 -0.01891400 -0.04000000
v -0.02920000 -0.01426800 -0.04000000
v -0.02791200 -0.01664900 -0.04000000
v -0.03226200 -0.00392900 -0.04000000
v -0.01755000 0.01329700 -0.06377400
v -0.01755000 0.01514700 -0.06227300
v -0.01755000 0.01682800 -0.06058600
v -0.01755000 0.01832200 -0.05873100
v -0.01755000 0.01961300 -0.05672900
v -0.01755000 0.02068600 -0.05460200
v -0.01755000 0.02152900 -0.05237400
v -0.01755000 0.02213300 -0.05007000
v -0.01755000 0.02249100 -0.04771500
v -0.01755000 0.02259900 -0.04533500
v -0.01755000 0.02245700 -0.04295800
v -0.01755000 0.02206400 -0.04060800
v -0.01705000 0.01090600 -0.07183100
v -0.01705000 0.01583400 -0.06919700
v -0.01705000 0.00556000 -0.07345200
v -0.01755000 -0.01514700 -0.06227300
v -0.01755000 -0.01682800 -0.06058600
v -0.01730000 -0.01687800 -0.06063000
v -0.01730000 -0.02262600 -0.04414100
v -0.01711700 -0.02280900 -0.04413000
v -0.01711700 -0.02274000 -0.04774000
v -0.01711700 -0.01439900 -0.06324200
v -0.01711700 -0.02210300 -0.05129300
v -0.01711700 -0.02230800 -0.04055400
v -0.01711700 -0.02091500 -0.05470300
v -0.01711700 -0.01920400 -0.05788200
v -0.01730000 -0.02255800 -0.04772200
v -0.01730000 -0.02192600 -0.05124700
v -0.01730000 -0.02074700 -0.05462900
v -0.01730000 -0.01905000 -0.05778300
v -0.01736600 -0.02209900 -0.04060100
v -0.01730000 -0.02213000 -0.04059400
v -0.01721200 -0.02219200 -0.04058000
v -0.01755000 -0.01832200 -0.05873100
v -0.01755000 -0.01899400 -0.05774700
v -0.01711700 -0.01701400 -0.06075300
v -0.01755000 -0.01424200 -0.06304800
v -0.01730000 -0.01428400 -0.06310000
v -0.01711700 -0.01142500 -0.06528900
v -0.01711700 0.02445600 -0.04025000
v -0.01725500 0.02517200 -0.04025000
v -0.01780500 0.02593400 -0.04025000
v -0.01864900 0.02634700 -0.04025000
v -0.01958800 0.02631300 -0.04025000
v -0.01742500 0.02510400 -0.04006700
v -0.01792200 0.02579400 -0.04006700
v -0.01868700 0.02616800 -0.04006700
v -0.01953700 0.02613700 -0.04006700
v -0.02012500 -0.02583700 -0.04006700
v -0.01953700 -0.02613700 -0.04006700
v -0.02023800 -0.02598100 -0.04025000
v -0.01958800 -0.02631300 -0.04025000
v -0.01864900 -0.02634700 -0.04025000
v -0.01780500 -0.02593400 -0.04025000
v -0.01725500 -0.02517200 -0.04025000
v -0.01711700 -0.02445600 -0.04025000
v -0.01868700 -0.02616800 -0.04006700
v -0.01792200 -0.02579400 -0.04006700
v -0.01742500 -0.02510400 -0.04006700
v -0.01730000 0.01333700 -0.06382800
v -0.01711700 0.02270500 -0.04293000
v -0.01711700 0.02284900 -0.04533400
v -0.01711700 0.02274000 -0.04774000
v -0.01711700 0.02237800 -0.05012100
v -0.01711700 0.02176700 -0.05245000
v -0.01711700 0.02091500 -0.05470300
v -0.01711700 0.01983000 -0.05685300
v -0.01711700 0.01852500 -0.05887700
v -0.01711700 0.01701400 -0.06075300
v -0.01711700 0.01531400 -0.06245900
v -0.01711700 0.01344400 -0.06397600
v -0.01711700 0.01142500 -0.06528900
v -0.01730000 0.01519200 -0.06232300
v -0.01730000 0.01687800 -0.06063000
v -0.01730000 0.01837700 -0.05877000
v -0.01730000 0.01967100 -0.05676200
v -0.01730000 0.02074700 -0.05462900
v -0.01730000 0.02159300 -0.05239500
v -0.01730000 0.02219900 -0.05008400
v -0.01730000 0.02255800 -0.04772200
v -0.01730000 0.02266600 -0.04533500
v -0.01730000 0.02252300 -0.04295000
v -0.01711700 0.02230800 -0.04055400
v -0.01721200 0.02219200 -0.04058000
v -0.01730000 0.02213000 -0.04059400
v -0.01736600 0.02209900 -0.04060100
v -0.01705000 0.01090600 -0.01916900
v -0.01705000 0.00556000 -0.01754800
v -0.01708800 0.00000000 -0.07195300
v -0.01755000 -0.02205200 -0.04049800
v -0.01755000 -0.02206500 -0.04038600
v -0.02206300 -0.02206600 -0.04038500
v -0.02207800 -0.02208100 -0.04033400
v -0.02207800 0.02208100 -0.04033400
v -0.02208800 -0.01497700 -0.04030900
v -0.02208800 -0.00748800 -0.04030900
v -0.02208800 -0.00000000 -0.04030900
v -0.02208800 0.00748800 -0.04030900
v -0.02208800 0.01497700 -0.04030900
v -0.02206300 0.02206600 -0.04038500
v -0.01755000 0.02206500 -0.04038600
v -0.01755000 0.02205200 -0.04049800
v -0.01705000 0.02255200 -0.04049200
v -0.03251000 -0.00396000 -0.04006700
v -0.03269100 -0.00398200 -0.04025000
v -0.03275800 -0.00399000 -0.04050000
v -0.03231200 -0.00670300 -0.04050000
v -0.03224700 -0.00668900 -0.04025000
v -0.03164200 -0.00936900 -0.04050000
v -0.03157800 -0.00935000 -0.04025000
v -0.03075300 -0.01197000 -0.04050000
v -0.03069000 -0.01194500 -0.04025000
v -0.02965000 -0.01448800 -0.04050000
v -0.02959000 -0.01445800 -0.04025000
v -0.02834100 -0.01690500 -0.04050000
v -0.02828300 -0.01687100 -0.04025000
v -0.02683600 -0.01920500 -0.04050000
v -0.02678100 -0.01916600 -0.04025000
v -0.02514400 -0.02137200 -0.04050000
v -0.02509300 -0.02132900 -0.04025000
v -0.02327800 -0.02339100 -0.04050000
v -0.02323100 -0.02334400 -0.04025000
v -0.03206700 -0.00665200 -0.04006700
v -0.03140200 -0.00929800 -0.04006700
v -0.03052000 -0.01187900 -0.04006700
v -0.02942500 -0.01437800 -0.04006700
v -0.02812600 -0.01677700 -0.04006700
v -0.02663200 -0.01906000 -0.04006700
v -0.02495400 -0.02121000 -0.04006700
v -0.02310200 -0.02321400 -0.04006700
v -0.01705000 -0.02255200 -0.04049200
v -0.01739800 0.02207900 -0.04044600
v -0.01709300 0.02236100 -0.04043400
v -0.01721700 0.02218900 -0.04041600
v -0.01721700 -0.02218900 -0.04041600
v -0.01709300 -0.02236100 -0.04043400
v -0.01739800 -0.02207900 -0.04044600
vn 0.72013879 -0.69223408 0.04703297
vn 0.70692248 0.66684335 0.23575527
vn 0.71336184 -0.69411775 -0.09651654
vn 0.71552769 0.68783945 0.12205335
vn 0.69537185 -0.71409231 -0.08080943
vn 0.71620404 0.69399882 0.07360306
vn 0.69548251 -0.71852460 -0.00514516
vn 0.72154285 0.69231066 0.00904783
vn 0.69542815 -0.71514035 0.07038444
vn 0.71920629 0.69182618 -0.06417821
vn 0.69542743 -0.70375043 0.14531349
vn 0.72152335 0.67886165 -0.13620174
vn 0.69544771 -0.68453243 0.21855854
vn 0.71923371 0.66298921 -0.20772140
vn 0.69543024 -0.65775123 0.28937883
vn 0.72156598 0.63513108 -0.27559219
vn 0.69542590 -0.62361934 0.35704584
vn 0.71918698 0.60470470 -0.34220214
vn 0.69545486 -0.58257183 0.42065736
vn 0.72151247 0.56339087 -0.40250525
vn 0.69541919 -0.53509334 0.47965329
vn 0.71922106 0.51964094 -0.46118798
vn 0.69542375 -0.48156497 0.53336759
vn 0.72157647 0.46640606 -0.51165690
vn 0.69545516 -0.42275535 0.58105080
vn 0.72535561 0.39275592 -0.56533355
vn 0.70121752 -0.37263407 0.60781398
vn 0.73162304 0.27944621 -0.62180185
vn 0.60999484 -0.00000000 0.79240539
vn 0.73161220 0.14289621 -0.66657652
vn 0.73162017 -0.00000000 -0.68171249
vn 0.73161220 -0.14289621 -0.66657652
vn 0.72537612 -0.26554117 -0.63507272
vn 0.69910944 0.37712440 0.60747278
vn 0.72154424 -0.34881004 -0.59808483
vn 0.69145501 0.42107618 0.58701348
vn 0.71919641 -0.41131202 -0.55998120
vn 0.69542375 0.48156497 0.53336759
vn 0.72157647 -0.46640606 -0.51165690
vn 0.69541919 0.53509334 0.47965329
vn 0.71922106 -0.51964094 -0.46118798
vn 0.69649953 0.58083491 0.42133028
vn 0.72151247 -0.56339087 -0.40250525
vn 0.69525604 0.62462936 0.35560821
vn 0.71918698 -0.60470470 -0.34220214
vn 0.69332901 0.66121708 0.28650804
vn 0.72156598 -0.63513108 -0.27559219
vn 0.69146750 0.68669061 0.22434059
vn 0.71923371 -0.66298921 -0.20772140
vn 0.69542743 0.70375043 0.14531349
vn 0.72152335 -0.67886165 -0.13620174
vn 0.69542815 0.71514035 0.07038444
vn 0.71920629 -0.69182618 -0.06417821
vn 0.69651239 0.71753575 -0.00359797
vn 0.72154285 -0.69231066 0.00904783
vn 0.69517338 0.71408655 -0.08254921
vn 0.71922846 -0.68988207 0.08229919
vn 0.71336184 0.69411775 -0.09651654
vn 0.70889710 -0.66638340 0.23108022
vn 0.72013879 0.69223408 0.04703297
vn -0.91391517 -0.00194894 0.40590055
vn -0.99139946 0.00003932 0.13087061
vn -0.91681854 0.02468845 0.39854014
vn -0.98512349 0.11070995 0.13143446
vn -0.91713395 0.05665593 0.39453190
vn -0.92801169 0.09213191 0.36097924
vn -0.97089443 0.20142770 0.12957965
vn -0.93267448 0.12458569 0.33852137
vn -0.95050610 0.28294646 0.12837231
vn -0.93356727 0.14531811 0.32761991
vn -0.89077697 0.43534073 0.13036428
vn -0.84436327 0.51966425 -0.13038304
vn -0.92459233 0.35833725 0.12931913
vn -0.93619031 0.30378568 0.17681052
vn -0.91765282 0.34690395 0.19383229
vn -0.92217086 0.30713279 0.23509648
vn -0.93662313 0.18220310 0.29923091
vn -0.93250039 0.16084839 0.32337412
vn -0.80604232 0.57721217 0.13085066
vn -0.84045312 0.54185338 0.00578441
vn -0.85145906 0.50782214 0.13089746
vn -0.87763485 0.47760220 0.04065979
vn -0.88928084 0.45239058 0.06724844
vn -0.69288461 0.70938114 0.12918710
vn -0.55813316 0.81966532 0.12898119
vn -0.55450879 0.83217786 -0.00007168
vn -0.63546047 0.77126869 -0.03653212
vn -0.67947985 0.73236896 -0.04407763
vn -0.75568129 0.64205586 0.12926740
vn -0.72839766 0.68315716 -0.05227940
vn -0.77447860 0.63047679 -0.05178726
vn -0.79859822 0.60009423 -0.04612803
vn -0.79235007 0.60942252 -0.02802776
vn 0.63584681 0.36717339 0.67888330
vn 0.51919143 0.51919143 0.67888181
vn 0.36717339 0.63584681 0.67888330
vn -0.19006719 -0.70924524 0.67885613
vn -0.36717339 -0.63584681 0.67888330
vn 0.19006719 0.70924524 0.67885613
vn -0.00000000 0.73424390 0.67888577
vn 0.00000000 -0.73424390 0.67888577
vn 0.19006719 -0.70924524 0.67885613
vn 0.36717339 -0.63584681 0.67888330
vn 0.51919143 -0.51919143 0.67888181
vn 0.63584681 -0.36717339 0.67888330
vn 0.70924524 -0.19006719 0.67885613
vn -0.19006719 0.70924524 0.67885613
vn -0.36717339 0.63584681 0.67888330
vn -0.51919143 0.51919143 0.67888181
vn 0.73424390 0.00000000 0.67888577
vn 0.70924524 0.19006719 0.67885613
vn -0.63584681 -0.36717339 0.67888330
vn -0.70924524 0.19006719 0.67885613
vn -0.70924524 -0.19006719 0.67885613
vn -0.73424390 -0.00000000 0.67888577
vn -0.63584681 0.36717339 0.67888330
vn -0.51919143 -0.51919143 0.67888181
vn -0.67514298 0.00000000 0.73768689
vn -0.65209546 -0.17475189 0.73772169
vn -0.58466152 -0.33761615 0.73768980
vn -0.47739459 -0.47739459 0.73769154
vn -0.33761615 -0.58466152 0.73768980
vn -0.17475189 -0.65209546 0.73772169
vn -0.00000000 -0.67514298 0.73768689
vn 0.17475189 -0.65209546 0.73772169
vn 0.33761615 -0.58466152 0.73768980
vn 0.47739459 -0.47739459 0.73769154
vn 0.58466152 -0.33761615 0.73768980
vn 0.65209546 -0.17475189 0.73772169
vn 0.67514298 -0.00000000 0.73768689
vn -0.23625360 0.66786116 -0.70579438
vn -0.23625360 0.66786116 0.70579438
vn -0.15092175 0.71780198 0.67969327
vn -0.15092175 0.71780198 -0.67969327
vn 0.03433477 0.73273081 0.67965188
vn 0.03433477 0.73273081 -0.67965188
vn 0.21736144 0.70054470 0.67969929
vn 0.21736144 0.70054470 -0.67969929
vn 0.38634824 0.62350970 0.67968426
vn 0.38634824 0.62350970 -0.67968426
vn 0.53064315 0.50642466 0.67967045
vn 0.53064315 0.50642466 -0.67967045
vn 0.64090620 0.35677825 0.67966795
vn 0.64090620 0.35677825 -0.67966795
vn 0.70996017 0.18430446 0.67969731
vn 0.70996017 0.18430446 -0.67969731
vn 0.73352526 -0.00000000 0.67966219
vn 0.73352526 -0.00000000 -0.67966219
vn -0.03996610 0.69250192 -0.72030813
vn -0.03996610 0.69250192 0.72030813
vn -0.15522598 0.66124357 -0.73393585
vn -0.15522598 0.66124357 0.73393585
vn -0.23625360 -0.66786116 -0.70579438
vn -0.23625360 -0.66786116 0.70579438
vn -0.15522598 -0.66124357 -0.73393585
vn -0.15522598 -0.66124357 0.73393585
vn -0.03996610 -0.69250192 -0.72030813
vn -0.03996610 -0.69250192 0.72030813
vn -0.15092175 -0.71780198 -0.67969327
vn 0.30151134 -0.90453403 -0.30151134
vn 0.30151134 0.90453403 -0.30151134
vn 0.70996017 -0.18430446 -0.67969731
vn 0.53064315 -0.50642466 -0.67967045
vn 0.38634824 -0.62350970 -0.67968426
vn 0.21736144 -0.70054470 -0.67969929
vn 0.64090620 -0.35677825 -0.67966795
vn 0.03433477 -0.73273081 -0.67965188
vn -0.72795287 -0.64150416 0.24198560
vn -0.72495284 -0.67671887 0.12843270
vn -0.72795287 0.64150416 0.24198560
vn -0.70538242 -0.64033571 0.30398325
vn -0.09782132 -0.00345710 0.99519799
vn -0.68967604 0.67868597 0.25245259
vn -0.70538242 0.64033571 0.30398325
vn -0.09803653 0.00000000 0.99518282
vn -0.09803653 0.00000000 0.99518282
vn -0.09803653 0.00000000 0.99518282
vn -0.68967604 -0.67868597 0.25245259
vn -0.57735027 -0.57735027 0.57735027
vn -0.57735027 0.57735027 0.57735027
vn -0.71455623 -0.69907016 0.02665164
vn -0.71455623 0.69907016 0.02665164
vn -0.72495284 0.67671887 0.12843270
vn -0.09803653 0.00000000 0.99518282
vn -0.70883932 -0.63721279 0.30250072
vn -0.68738509 -0.67955311 0.25633827
vn 0.71258311 -0.70138309 0.01694343
vn 0.03806029 -0.84162031 0.53872689
vn -0.69257714 -0.70629780 0.14656170
vn -0.65209546 0.17475189 0.73772169
vn -0.58466152 0.33761615 0.73768980
vn -0.47739459 0.47739459 0.73769154
vn -0.15092175 -0.71780198 0.67969327
vn 0.03433477 -0.73273081 0.67965188
vn 0.21736144 -0.70054470 0.67969929
vn 0.38634824 -0.62350970 0.67968426
vn 0.53064315 -0.50642466 0.67967045
vn 0.64090620 -0.35677825 0.67966795
vn 0.70996017 -0.18430446 0.67969731
vn 0.65209546 0.17475189 0.73772169
vn 0.58466152 0.33761615 0.73768980
vn 0.47739459 0.47739459 0.73769154
vn 0.33761615 0.58466152 0.73768980
vn 0.17475189 0.65209546 0.73772169
vn 0.00000000 0.67514298 0.73768689
vn -0.17475189 0.65209546 0.73772169
vn -0.33761615 0.58466152 0.73768980
vn 0.71258311 0.70138309 0.01694343
vn -0.70883932 0.63721279 0.30250072
vn -0.68738509 0.67955311 0.25633827
vn -0.69257714 0.70629780 0.14656170
vn 0.03806029 0.84162031 0.53872689
vn -0.72851214 0.64642411 0.22672878
vn -0.72509017 0.68382206 0.08143487
vn -0.72534004 0.68544892 -0.06357360
vn -0.72537168 0.65685833 -0.20584716
vn -0.72532070 0.59915191 -0.33900865
vn -0.72535944 0.51480733 -0.45697604
vn -0.72848598 0.40144999 -0.55510908
vn -0.73162304 0.27944621 -0.62180185
vn -0.73161220 0.14289621 -0.66657652
vn -0.73162017 0.00000000 -0.68171249
vn 0.67888181 0.51919143 -0.51919143
vn 0.67888330 0.63584681 -0.36717339
vn 0.67888330 -0.63584681 0.36717339
vn 0.67888330 -0.63584681 -0.36717339
vn 0.67888181 -0.51919143 -0.51919143
vn 0.67888330 -0.36717339 -0.63584681
vn 0.67885613 0.70924524 -0.19006719
vn 0.67888577 0.73424390 -0.00000000
vn 0.67885613 0.70924524 0.19006719
vn 0.67888577 -0.00000000 0.73424390
vn 0.67885613 -0.19006719 0.70924524
vn 0.67888330 -0.36717339 0.63584681
vn 0.67885613 -0.70924524 0.19006719
vn 0.67888577 -0.73424390 0.00000000
vn 0.67885613 -0.70924524 -0.19006719
vn 0.67885613 -0.19006719 -0.70924524
vn 0.67888577 0.00000000 -0.73424390
vn 0.67888330 0.63584681 0.36717339
vn 0.67888181 0.51919143 0.51919143
vn 0.67888330 0.36717339 0.63584681
vn 0.67885613 0.19006719 0.70924524
vn 0.67888181 -0.51919143 0.51919143
vn 0.67885613 0.19006719 -0.70924524
vn 0.67888330 0.36717339 -0.63584681
vn 0.73768689 0.00000000 0.67514298
vn 0.73772169 -0.17475189 0.65209546
vn 0.73768980 -0.33761615 0.58466152
vn 0.73769154 -0.47739459 0.47739459
vn 0.73768980 -0.58466152 0.33761615
vn 0.73772169 -0.65209546 0.17475189
vn 0.73768689 -0.67514298 0.00000000
vn 0.73772169 -0.65209546 -0.17475189
vn 0.73768980 -0.58466152 -0.33761615
vn 0.73769154 -0.47739459 -0.47739459
vn 0.73768980 -0.33761615 -0.58466152
vn 0.73772169 -0.17475189 -0.65209546
vn 0.73768689 -0.00000000 -0.67514298
vn 0.68568188 0.00000000 0.72790134
vn 0.72986513 -0.00000000 0.68359117
vn 0.72982638 -0.13335355 0.67050002
vn 0.68571623 -0.14198258 0.71388669
vn 0.72814547 -0.25767689 0.63514313
vn 0.68594431 -0.27809136 0.67241773
vn 0.68597828 -0.40451489 0.60481526
vn -0.69462484 -0.42422046 0.58097619
vn -0.68568152 -0.51470421 0.51470421
vn 0.68568152 -0.51470421 0.51470421
vn -0.68570274 -0.60522808 0.40436459
vn 0.68570274 -0.60522808 0.40436459
vn -0.68568514 -0.67250836 0.27851102
vn 0.68568514 -0.67250836 0.27851102
vn -0.68571623 -0.71388669 0.14198258
vn 0.68571623 -0.71388669 0.14198258
vn -0.68568188 -0.72790134 0.00000000
vn 0.68568188 -0.72790134 -0.00000000
vn -0.68571623 -0.71388669 -0.14198258
vn 0.68571623 -0.71388669 -0.14198258
vn -0.68568514 -0.67250836 -0.27851102
vn 0.68568514 -0.67250836 -0.27851102
vn -0.68570274 -0.60522808 -0.40436459
vn 0.68570274 -0.60522808 -0.40436459
vn -0.68599315 -0.51525579 -0.51373619
vn 0.68574113 -0.51472247 -0.51460652
vn 0.63898682 -0.53205674 -0.55552810
vn 0.68576742 -0.40426223 -0.60522317
vn 0.71876692 -0.35857384 -0.59564999
vn 0.72986145 -0.26155959 -0.63157648
vn 0.68568514 -0.27851102 -0.67250836
vn 0.72982638 -0.13335355 -0.67050002
vn 0.68571623 -0.14198258 -0.71388669
vn 0.72986513 0.00000000 -0.68359117
vn 0.68568188 -0.00000000 -0.72790134
vn -0.12944497 -0.98218638 -0.13621277
vn -0.12644498 -0.99194662 -0.00731967
vn -0.12635932 -0.98722672 0.09703983
vn -0.69462484 0.42422046 0.58097619
vn -0.20682327 -0.57263604 0.79329194
vn -0.68599315 0.51525579 -0.51373619
vn 0.66639423 0.49489751 -0.55766943
vn -0.09237678 0.92004377 -0.38077027
vn -0.20490947 0.58209483 0.78687847
vn -0.68568514 0.67250836 0.27851102
vn -0.68570274 0.60522808 0.40436459
vn -0.14802135 0.98871376 -0.02312550
vn -0.72851214 -0.64642411 0.22672878
vn -0.72536453 -0.68351959 0.08153074
vn -0.09246488 0.83204107 -0.54695329
vn -0.09666804 0.75944393 -0.64335077
vn -0.68570274 0.60522808 -0.40436459
vn -0.68571623 0.71388669 0.14198258
vn -0.68568188 0.72790134 0.00000000
vn -0.09673217 0.99467977 -0.03542664
vn -0.68571623 0.71388669 -0.14198258
vn -0.07392501 0.99589831 -0.05216938
vn -0.68568514 0.67250836 -0.27851102
vn -0.11431691 0.94279580 -0.31315768
vn -0.72532070 -0.59915191 -0.33900865
vn -0.12457606 0.90825581 0.39943984
vn -0.72537168 -0.65685833 -0.20584716
vn -0.12438538 0.95977817 0.25170249
vn -0.72534004 -0.68544892 -0.06357360
vn -0.12445364 0.98745188 0.09721146
vn -0.12479160 0.99038913 -0.05963585
vn -0.73161220 -0.14289621 -0.66657652
vn -0.06665718 0.00253807 0.99777271
vn -0.72849917 -0.27616009 -0.62691672
vn -0.12757553 0.52722929 0.84009152
vn -0.72533948 -0.40753848 -0.55479278
vn -0.12443872 0.62527782 0.77041720
vn -0.72535944 -0.51480733 -0.45697604
vn -0.12486004 0.73892021 0.66212302
vn -0.12443951 0.83379908 0.53786048
vn -0.06817560 -0.98849927 -0.13498625
vn -0.09320943 -0.99554378 0.01430298
vn -0.09690034 -0.76210588 -0.64016010
vn -0.12976253 -0.76205276 -0.63437944
vn -0.09246185 0.79741478 -0.59630569
vn -0.09214216 0.86768768 -0.48849556
vn -0.10892104 0.93245782 -0.34446861
vn -0.68568152 0.51470421 0.51470421
vn -0.12647857 -0.86086283 0.49286749
vn -0.12658402 -0.98565416 -0.11163498
vn -0.12335751 -0.82933985 -0.54495718
vn -0.12482934 -0.91044141 -0.39435272
vn -0.12654444 -0.58366090 0.80207634
vn -0.12869432 -0.51805574 0.84560985
vn -0.12641008 -0.97147967 0.20061839
vn -0.12606721 -0.94507702 0.30155677
vn -0.12649831 -0.90795005 0.39953084
vn -0.11431691 -0.94279580 -0.31315768
vn -0.10892104 -0.93245782 -0.34446861
vn -0.09214961 -0.86763266 -0.48859187
vn -0.12641873 -0.80428981 0.58063431
vn -0.12678331 -0.73856375 0.66215525
vn -0.12647519 -0.66489106 0.73615481
vn 0.73772169 0.17475189 -0.65209546
vn 0.68568514 0.27851102 -0.67250836
vn 0.73768980 0.33761615 -0.58466152
vn 0.68570274 0.40436459 -0.60522808
vn 0.73769154 0.47739459 -0.47739459
vn 0.68568685 0.51470124 -0.51470009
vn 0.73768980 0.58466152 -0.33761615
vn 0.68571623 0.14198258 -0.71388669
vn 0.73768980 0.33761615 0.58466152
vn 0.68594431 0.27809136 0.67241773
vn 0.73772169 0.17475189 0.65209546
vn 0.68571623 0.14198258 0.71388669
vn 0.73772169 0.65209546 0.17475189
vn 0.68568514 0.67250836 0.27851102
vn 0.73768980 0.58466152 0.33761615
vn 0.68570274 0.60522808 0.40436459
vn 0.73769154 0.47739459 0.47739459
vn 0.68568152 0.51470421 0.51470421
vn 0.68597828 0.40451489 0.60481526
vn 0.68570274 0.60522808 -0.40436459
vn 0.68568514 0.67250836 -0.27851102
vn 0.73772169 0.65209546 -0.17475189
vn 0.68571623 0.71388669 -0.14198258
vn 0.73768689 0.67514298 -0.00000000
vn 0.68568188 0.72790134 0.00000000
vn 0.68571623 0.71388669 0.14198258
vn 0.75332518 0.45898095 0.47099646
vn 0.58523585 0.30054064 0.75310977
vn 0.85891071 0.22471653 0.46019005
vn 0.88428189 0.07719815 0.46052793
vn 0.95668092 0.09626411 0.27476326
vn 0.07985583 0.08851882 0.99286830
vn 0.39533747 0.03149171 0.91799595
vn 0.34498378 0.16078390 0.92473495
vn 0.66376057 0.07620846 0.74405254
vn 0.79526023 0.11460104 0.59533837
vn 0.13276219 0.32624249 0.93591669
vn 0.29533858 0.58551235 0.75495061
vn 0.02693088 0.45015356 0.89254496
vn 0.06614772 0.75841278 0.64840923
vn 0.05096991 0.91799688 0.39329860
vn 0.22376324 0.87421407 0.43090575
vn 0.41776270 0.78171650 0.46302661
vn 0.59183701 0.63083456 0.50177355
vn 0.06852035 -0.75511809 0.65199819
vn 0.05096991 -0.91799688 0.39329860
vn 0.22376324 -0.87421407 0.43090575
vn 0.07869290 -0.09037460 0.99279397
vn 0.07561131 -0.47129082 0.87873084
vn 0.12865330 -0.34972969 0.92797493
vn 0.28118964 -0.58428960 0.76127397
vn 0.41776270 -0.78171650 0.46302661
vn 0.39594368 -0.03468373 0.91761955
vn 0.34497575 -0.16053902 0.92478049
vn 0.66423398 -0.07726974 0.74352042
vn 0.58537500 -0.30050345 0.75301646
vn 0.79526023 -0.11460104 0.59533837
vn 0.59183701 -0.63083456 0.50177355
vn 0.75332518 -0.45898095 0.47099646
vn 0.85293201 -0.22967601 0.46878131
vn 0.88572590 -0.07333628 0.45837912
vn 0.95429091 -0.08038744 0.28786579
vn 0.78531413 0.00016515 0.61909748
vn 0.70817792 -0.36622383 0.60362582
vn 0.44507806 -0.46488353 0.76536842
vn 0.45455227 -0.00049399 0.89071993
vn 0.13014823 -0.51804008 0.84539690
vn 0.11747019 -0.00035032 0.99307635
vn 0.13826181 -0.01403020 0.99029633
vn 0.44986881 -0.04227802 0.89209339
vn 0.70847366 -0.06807789 0.70244607
vn -0.07866460 0.11685093 0.99002916
vn -0.28910829 0.42718292 0.85669782
vn -0.35352703 0.36204032 0.86252272
vn -0.49043961 0.72015653 0.49075816
vn -0.60679890 0.62136136 0.49568654
vn -0.66137573 0.56210324 0.49661060
vn -0.70542535 0.50475276 0.49759394
vn -0.74496676 0.44451058 0.49742826
vn -0.77933189 0.38078771 0.49763694
vn -0.80836492 0.31455050 0.49759838
vn -0.83191044 0.24634415 0.49723192
vn -0.84958849 0.17618580 0.49714984
vn -0.86265241 0.09680614 0.49644676
vn -0.86847083 0.00000205 0.49574027
vn -0.38502548 0.32713620 0.86298162
vn -0.41089738 0.29405727 0.86295635
vn -0.43401188 0.25894003 0.86289266
vn -0.45333022 0.22149893 0.86338285
vn -0.47134881 0.18353142 0.86263928
vn -0.48399494 0.14328814 0.86325976
vn -0.49404878 0.10247136 0.86337444
vn -0.50398435 0.05657226 0.86185808
vn -0.50744280 -0.00003297 0.86168544
vn -0.09398979 0.09632114 0.99090270
vn -0.10213747 0.08683031 0.99097348
vn -0.10891659 0.07791922 0.99099232
vn -0.11531528 0.06880240 0.99094330
vn -0.12013564 0.05868812 0.99102126
vn -0.12478082 0.04856514 0.99099504
vn -0.12876988 0.03812919 0.99094121
vn -0.13151092 0.02729200 0.99093896
vn -0.13393739 0.01496483 0.99087680
vn -0.13548700 -0.00000208 0.99077912
vn 0.13722282 0.01563679 0.99041678
vn 0.44979373 0.04545946 0.89197480
vn 0.70914091 0.06963360 0.70161979
vn 0.48746854 -0.48735567 0.72447144
vn 0.44397272 -0.42684020 0.78784242
vn 0.33838122 -0.34122050 0.87696449
vn 0.15183782 -0.15180856 0.97667776
vn 0.02472125 -0.02472125 0.99938867
vn 0.33838122 0.34122050 0.87696449
vn 0.70699138 0.00026027 0.70722211
vn 0.15228328 0.15114928 0.97671065
vn 0.70710678 0.00000000 0.70710678
vn 0.70710678 0.00000000 0.70710678
vn 0.70710678 0.00000000 0.70710678
vn 0.70719336 0.00018641 0.70702017
vn 0.02486919 0.02476372 0.99938395
vn 0.48965830 0.48311474 0.72583394
vn 0.44542019 0.42697382 0.78695248
vn 0.13034301 0.52937992 0.83831235
vn 0.44356157 0.47871680 0.75768289
vn 0.70991656 0.37616409 0.59541503
vn 0.12065492 0.99261910 -0.01223581
vn 0.09693535 0.99415815 -0.04746685
vn 0.38434711 0.92211092 -0.04459534
vn 0.42159367 0.90589562 -0.04014858
vn 0.70966298 0.70375504 -0.03327612
vn 0.67208410 0.73752822 -0.06599311
vn -0.99068511 0.08996605 -0.10222090
vn -0.99334081 -0.08924619 -0.07286398
vn -0.98025611 0.09379891 0.17406814
vn -0.96446755 -0.09647963 0.24595533
vn -0.86019833 -0.10165431 0.49972515
vn -0.75602765 0.08816985 0.64857403
vn -0.91060327 0.09474824 0.40227411
vn -0.71894595 -0.09818681 0.68809598
vn -0.59170643 -0.08612144 0.80154014
vn -0.60190093 0.08158862 0.79439195
vn 0.31700200 -0.94768916 -0.03734948
vn 0.10233341 -0.99387025 -0.04183063
vn 0.42119702 -0.90608484 -0.04004170
vn 0.12091146 -0.99259277 -0.01183255
vn 0.53776905 -0.84260175 -0.02875321
vn 0.67220467 -0.73739358 -0.06626899
vn 0.70175389 -0.71222041 -0.01683905
vn -0.70577246 -0.70843253 -0.00293023
vn -0.73373693 -0.67500977 -0.07740756
vn -0.60491259 -0.79624046 -0.00904882
vn -0.61469551 -0.78625413 -0.06287984
vn -0.42052615 -0.90707229 -0.01943232
vn -0.44425593 -0.89426436 -0.05411023
vn -0.05561704 -0.99787823 -0.03384929
vn -0.05764488 -0.98974985 -0.13066100
vn 0.12871304 -0.97318462 -0.19064270
vn -0.05449051 -0.96387206 -0.26073249
vn 0.12845222 -0.91805508 -0.37506653
vn -0.04570124 -0.93957510 -0.33927869
vn -0.41993865 0.90734039 -0.01962010
vn -0.47984768 0.87554681 -0.05624931
vn -0.59942182 0.79778285 -0.06508460
vn -0.60481883 0.79630015 -0.01001256
vn -0.73661480 0.67321199 -0.06468578
vn -0.71450846 0.69962176 -0.00265802
vn -0.05508807 0.93804768 -0.34209919
vn 0.09555658 0.92150996 -0.37641510
vn -0.05833187 0.96569162 -0.25305552
vn 0.09556264 0.97685842 -0.19135154
vn -0.05764488 0.98974985 -0.13066100
vn -0.05809585 0.99761765 -0.03720089
vn 0.09608449 0.98763212 -0.12389737
vn 0.12893246 0.98813900 -0.08341307
vn 0.02108771 0.99971557 0.01113909
vn 0.13179854 0.98651262 0.09706695
vn 0.02276828 0.98228507 0.18600441
vn 0.13241473 0.95261469 0.27384594
vn 0.12845483 0.90853062 0.39758203
vn -0.72870224 0.68381959 -0.03719949
vn -0.21769227 0.97525006 0.03869618
vn -0.14897613 0.98883894 -0.00191613
vn -0.22176976 0.97490306 0.01954959
vn -0.22497465 0.97432846 -0.00839423
vn -0.22026057 0.97344336 -0.06239639
vn -0.22106058 0.97359045 -0.05704258
vn -0.22427242 0.97395413 -0.03339523
vn -0.20899226 0.97786969 -0.00964968
vn -0.14599844 0.98313725 -0.11011632
vn -0.34821847 0.93362778 -0.08416097
vn -0.21694224 0.97449895 0.05733987
vn -0.21500226 0.97641331 0.01977550
vn -0.33363198 0.94025465 0.06790349
vn -0.44816221 0.89179830 0.06201951
vn -0.42970047 0.90116037 -0.05716207
vn -0.53981204 0.83993780 0.05574454
vn -0.74023865 0.67193993 -0.02331233
vn -0.72271052 0.69106554 -0.01085918
vn -0.78829738 0.61113707 0.07140528
vn -0.76005590 0.64831436 -0.04476068
vn -0.84579774 0.52921326 0.06752420
vn -0.65831142 0.75134062 0.04597112
vn -0.68297592 0.72788852 -0.06100974
vn -0.59587472 0.80154257 0.04962692
vn -0.58770478 0.80815380 -0.03860738
vn -0.52767327 0.84625782 -0.07354336
vn -0.03423552 0.99183708 -0.12282974
vn -0.07622050 0.99183843 -0.10221040
vn -0.09364963 0.99274033 -0.07547440
vn -0.08135426 0.99564948 -0.04542679
vn -0.06966362 0.99598188 -0.05627676
vn 0.05717634 0.99183556 -0.11398720
vn 0.01230135 0.99183693 -0.12691802
vn 0.09442397 0.99182870 -0.08579013
vn 0.11898241 0.99183440 -0.04590973
vn 0.03637052 0.88590902 -0.46243097
vn 0.09483437 0.79444795 -0.59988240
vn -0.01638659 0.85623160 -0.51633218
vn -0.05819243 0.83236848 -0.55115911
vn -0.07726112 0.77605812 -0.62591095
vn 0.09923529 0.76198819 -0.63994246
vn -0.05749615 0.76510458 -0.64133390
vn -0.22049640 0.96881338 -0.11305740
vn -0.21399124 0.97629978 -0.03234953
vn -0.42896541 0.89996519 -0.07779030
vn -0.61312968 0.78895586 -0.04025725
vn -0.63124822 0.77131565 -0.08122712
vn -0.66240864 0.73895182 -0.12314624
vn -0.49607247 0.81629372 -0.29593357
vn -0.69520438 0.70459625 -0.14224978
vn -0.44597262 0.88140000 -0.15569988
vn -0.46955937 0.85092335 -0.23546434
vn -0.25732267 0.86599154 -0.42876998
vn -0.22547393 0.94804250 -0.22444803
vn -0.23892880 0.91114017 -0.33576273
vn -0.06751736 0.86585520 -0.49571785
vn -0.06320176 0.91154763 -0.40630832
vn -0.43194344 0.89495835 -0.11168893
vn -0.31966208 0.92622498 -0.19980852
vn -0.37586071 0.89083096 -0.25524288
vn -0.22929715 0.79717843 -0.55850637
vn -0.22400059 0.83118508 -0.50887630
vn -0.20601631 0.88039452 -0.42715662
vn -0.11388016 0.90846278 -0.40215256
vn -0.17326311 0.92555363 -0.33664575
vn -0.25851466 0.92713529 -0.27127537
vn -0.52541136 0.84043223 -0.13272742
vn -0.49984127 0.86505834 -0.04281088
vn -0.65634869 0.72614463 -0.20474466
vn -0.61477198 0.76606869 -0.18760110
vn -0.46332986 0.79217838 -0.39721385
vn -0.43312153 0.82678069 -0.35894210
vn -0.56626004 0.80937646 -0.15575401
vn -0.39315027 0.86831677 -0.30242164
vn -0.68479361 0.70466069 -0.18577142
vn -0.49021215 0.79316182 -0.36136737
vn -0.25629114 0.82086511 -0.51038742
vn -0.06814453 0.80792809 -0.58532771
vn -0.24048545 -0.91146646 -0.33375986
vn -0.25840590 -0.86211549 -0.43587072
vn -0.50060552 -0.81082702 -0.30323860
vn -0.06452021 -0.86212109 -0.50257773
vn -0.06320176 -0.91154763 -0.40630832
vn -0.23119460 -0.94630378 -0.22596066
vn -0.22063153 -0.96886481 -0.11235082
vn -0.70163966 -0.69600345 -0.15258106
vn -0.80481657 -0.59239896 -0.03652083
vn -0.66580264 -0.73684568 -0.11732556
vn -0.75145673 -0.65905179 -0.03104071
vn -0.63621260 -0.76748092 -0.07878175
vn -0.72595080 -0.68714165 -0.02884080
vn -0.61526593 -0.78733506 -0.03938718
vn -0.71138779 -0.70270486 -0.01154535
vn -0.46938598 -0.85159745 -0.23336363
vn -0.44327760 -0.88252581 -0.15701327
vn -0.42853437 -0.90007769 -0.07885713
vn -0.21631478 -0.97591088 -0.02838802
vn -0.06290667 -0.80330276 -0.59223934
vn -0.05352072 -0.77007022 -0.63571014
vn -0.22973701 -0.80212544 -0.55119477
vn -0.25649673 -0.82038867 -0.51104976
vn -0.45754987 -0.79781324 -0.39260941
vn -0.48943257 -0.79300689 -0.36276140
vn -0.65363608 -0.72913567 -0.20278325
vn -0.68545696 -0.70395649 -0.18599465
vn -0.77270047 -0.63286182 -0.04919254
vn -0.80178381 -0.59590065 -0.04522321
vn -0.32776579 -0.92325786 -0.20041085
vn -0.44776031 -0.88872605 -0.09837025
vn -0.52322001 -0.84202762 -0.13126426
vn 0.06033041 -0.87462568 -0.48103031
vn 0.04629003 -0.91846571 -0.39278235
vn -0.20752975 -0.87819973 -0.43092532
vn -0.11400211 -0.91152206 -0.39513422
vn -0.16678534 -0.92542606 -0.34024881
vn -0.03213008 -0.84615700 -0.53196428
vn -0.22689269 -0.83200360 -0.50625065
vn -0.05497278 -0.78906117 -0.61185003
vn -0.29846840 -0.92534214 -0.23379165
vn -0.54486708 -0.83836869 -0.01605634
vn -0.63430369 -0.77238356 -0.03290076
vn -0.56274507 -0.81114635 -0.15924693
vn -0.68099001 -0.73115547 -0.04079567
vn -0.61083209 -0.76880690 -0.18926198
vn -0.72950187 -0.68223465 -0.04881503
vn -0.37367602 -0.89284529 -0.25138322
vn -0.39592443 -0.86758570 -0.30089682
vn -0.43276926 -0.82675326 -0.35942984
vn -0.13992593 -0.94545204 -0.29417880
vn 0.13027836 -0.75857957 -0.63842351
vn 0.09274800 -0.79637904 -0.59764390
vn 0.09444117 -0.99183096 -0.08574506
vn 0.11898220 -0.99183367 -0.04592600
vn -0.07618212 -0.99184310 -0.10219370
vn -0.03423004 -0.99183965 -0.12281051
vn -0.09364539 -0.99274395 -0.07543207
vn 0.01229973 -0.99183946 -0.12689839
vn -0.08321181 -0.99553869 -0.04448048
vn -0.06966092 -0.99598203 -0.05627748
vn 0.05714132 -0.99184019 -0.11396449
vn -0.51485191 -0.85421171 -0.07245595
vn -0.57122000 -0.81972080 -0.04201822
vn -0.52871110 -0.84685626 0.05743738
vn -0.72906602 -0.68351903 -0.03555942
vn -0.74111775 -0.66962136 0.04849454
vn -0.83884147 -0.54025496 0.06685483
vn -0.85671979 -0.51360886 0.04729830
vn -0.84802709 -0.52993437 0.00442939
vn -0.60086041 -0.79830273 -0.04098187
vn -0.68193227 -0.72907998 -0.05840172
vn -0.69185060 -0.72042642 0.04825468
vn -0.57687688 -0.81614420 0.03349202
vn -0.43435730 -0.90048790 -0.02133735
vn -0.41008917 -0.91007451 0.05992713
vn -0.32931617 -0.94131879 0.07395814
vn -0.21398983 -0.97543856 -0.05222999
vn -0.14851535 -0.98890974 0.00084829
vn -0.22033381 -0.97492058 -0.03135093
vn -0.22257421 -0.97488587 -0.00763227
vn -0.22037009 -0.97239801 0.07667548
vn -0.22367377 -0.97376306 0.04189927
vn -0.22554306 -0.97406724 0.01798159
vn -0.25825742 -0.96191769 0.08954032
vn -0.25772135 -0.96477476 -0.05281456
vn -0.36093626 -0.92864029 -0.08574513
vn -0.21140408 -0.97480211 -0.07119801
vn -0.21487214 -0.97249973 -0.08985676
vn -0.55748000 -0.81996527 0.12989614
vn -0.32210863 -0.94632378 -0.02678325
vn -0.25089379 -0.95939561 0.12888898
vn -0.07179525 -0.99697203 -0.02987008
vn 0.20552337 -0.96985825 0.13090119
vn 0.19136509 -0.98110700 -0.02843339
vn 0.43763009 -0.89874643 -0.02710630
vn 0.63952699 -0.75751858 0.13103755
vn 0.68576253 -0.72761132 -0.01764976
vn 0.91688459 -0.39914045 -0.00308932
vn 0.91069150 -0.39220210 0.12968618
vn -0.57683106 -0.49544714 0.64945982
vn -0.52106998 -0.67167386 0.52663108
vn -0.56172944 -0.63399514 0.53151689
vn -0.89957232 -0.33732336 0.27745736
vn -0.90051502 -0.39131022 0.18960227
vn -0.92196488 -0.35265989 0.16003678
vn -0.88403531 -0.46231713 0.06887987
vn -0.93300593 -0.31480893 0.17434242
vn -0.93086301 -0.29903556 0.20993281
vn -0.85432733 -0.38084383 0.35367046
vn -0.85237055 -0.10637161 0.51200539
vn -0.82143898 -0.24312461 0.51587637
vn -0.60103761 -0.28657340 0.74607605
vn -0.56988638 -0.07666233 0.81813960
vn -0.62103734 -0.32757427 0.71204474
vn -0.69363657 -0.31604482 0.64728972
vn -0.66186593 -0.58258164 0.47173310
vn -0.76517374 -0.27555125 0.58187683
vn -0.73823055 -0.52977064 0.41756285
vn -0.80075188 -0.47557624 0.36417532
vn -0.77183458 -0.61262023 0.17019940
vn -0.43182363 -0.83809705 0.33334919
vn -0.44394786 -0.85139931 0.27933762
vn -0.57089762 -0.78017034 0.25575409
vn -0.64270300 -0.73337231 0.22158046
vn -0.74329389 -0.63421756 0.21279635
vn -0.80933943 -0.05668271 0.58459966
vn -0.78056338 -0.06221406 0.62197284
vn -0.74083710 -0.07793978 0.66714749
vn -0.69491000 -0.07418352 0.71526002
vn -0.62283166 -0.08177282 0.77807065
vn -0.42262294 -0.79406296 -0.43686826
vn -0.31576027 -0.91107434 -0.26502642
vn -0.35996992 -0.88415940 -0.29779828
vn -0.45887731 -0.11191568 -0.88142299
vn -0.45887378 -0.30873512 -0.83313713
vn -0.60430325 -0.34224041 -0.71950614
vn -0.71514346 -0.34189371 0.60965442
vn -0.59315114 -0.66413004 0.45508571
vn -0.68809663 -0.65667150 0.30871599
vn -0.85218731 -0.33555720 0.40147000
vn -0.74398706 -0.65551794 0.12953564
vn -0.92661386 -0.33593656 0.16891830
vn -0.75303774 -0.65530336 -0.05925933
vn -0.93595264 -0.34430856 -0.07378531
vn -0.71473505 -0.65627390 -0.24178166
vn -0.88060489 -0.34864508 -0.32090751
vn -0.63146826 -0.65897536 -0.40865549
vn -0.76142528 -0.34311493 -0.55000335
vn -0.51018667 -0.66879128 -0.54076593
vn -0.46452514 -0.49800340 -0.73226294
vn -0.44305607 -0.67559854 -0.58929444
vn -0.36634338 -0.89308637 0.26113075
vn -0.44537982 -0.87927078 0.16887780
vn -0.47172502 -0.87880554 0.07194665
vn -0.47702648 -0.87831052 -0.03188049
vn -0.45812636 -0.87894702 -0.13256085
vn -0.41643845 -0.88115834 -0.22391741
vn -0.93431081 -0.09237877 -0.34428109
vn -0.82704310 -0.09752933 -0.55361335
vn -0.64907051 -0.08884362 -0.75552252
vn -0.44953513 -0.00944538 -0.89321272
vn -0.42880662 -0.08861193 -0.89903994
vn -0.72767328 -0.64384685 -0.23654352
vn -0.64908178 -0.54489366 -0.53083307
vn -0.59492305 -0.75340482 -0.28008523
vn -0.52438268 -0.61258070 -0.59141162
vn -0.44669438 -0.83887403 -0.31105384
vn -0.48732198 -0.07819749 -0.86971400
vn -0.52694669 -0.32380208 -0.78579858
vn -0.51760290 -0.05747475 -0.85368840
vn -0.62495359 -0.27680111 -0.72994120
vn -0.71413350 -0.23178351 -0.66052233
vn -0.75232915 -0.45996771 -0.47162543
vn -0.77402466 -0.58518591 -0.24175044
vn -0.78985594 -0.45574184 -0.41039855
vn -0.78341431 -0.34891069 -0.51431833
vn -0.75846628 -0.19462906 -0.62197140
vn -0.44237063 -0.29248407 -0.84779791
vn -0.56579996 -0.07287347 -0.82131594
vn -0.59928063 -0.05050608 -0.79894422
vn -0.64946825 -0.05665578 -0.75827509
vn -0.66824250 -0.03090632 -0.74330126
vn -0.71132853 -0.05308440 -0.70085217
vn -0.76429649 -0.25872955 -0.59068596
vn -0.72374639 -0.06673282 -0.68683177
vn -0.73413018 -0.08675828 -0.67344330
vn -0.75170529 -0.09449211 -0.65269472
vn -0.71925181 -0.36683893 -0.59000512
vn -0.72047571 -0.35992271 -0.59276504
vn -0.23763553 -0.96989588 -0.05321031
vn -0.43204875 -0.87029085 -0.23649043
vn -0.58190241 -0.78342452 -0.21825583
vn -0.61720524 -0.64306701 -0.45334591
vn -0.69545894 -0.57832577 -0.42646941
vn -0.28707594 -0.93343255 -0.21515361
vn -0.55003687 -0.70734986 -0.44397704
vn -0.73618847 -0.31415665 -0.59944319
vn -0.76460103 -0.49606091 -0.41147156
vn -0.70052526 -0.67954967 -0.21789126
vn -0.32956892 -0.90649484 -0.26391558
vn -0.28396269 -0.93481500 -0.21327473
vn -0.57013699 -0.70811473 -0.41655412
vn -0.52564606 -0.73745749 -0.42409040
vn -0.76869362 -0.08753491 -0.63359906
vn -0.80149816 -0.08843711 -0.59142166
vn -0.74880266 -0.36573383 -0.55275070
vn -0.78370329 -0.05611718 -0.61859520
vn -0.77206639 -0.18881117 -0.60684746
vn -0.72306898 -0.38501590 -0.57352769
vn -0.64794548 -0.56795232 -0.50753997
vn 0.83820251 -0.14700338 -0.52517289
vn 0.94999382 -0.05273414 -0.30778379
vn 0.90039229 -0.27104159 -0.34033832
vn 0.74067888 -0.60081849 -0.30068579
vn 0.59176879 -0.60125750 -0.53693492
vn -0.58389581 -0.27222909 -0.76482482
vn -0.46749518 -0.60054002 -0.64869095
vn -0.26735740 -0.88911706 -0.37147123
vn -0.12406218 -0.88674663 -0.44529651
vn 0.04473969 -0.88682779 -0.45992916
vn 0.42432816 -0.88906616 -0.17177591
vn 0.34225526 -0.88678836 -0.31059256
vn 0.20739138 -0.88682186 -0.41295981
vn 0.81126105 -0.57984245 -0.07508823
vn -0.21464804 -0.60086883 -0.76998887
vn 0.07708611 -0.60104246 -0.79549085
vn 0.10323985 -0.27634866 -0.95549618
vn 0.41773535 -0.27737218 -0.86519469
vn -0.63941879 -0.05205246 -0.76709462
vn -0.45178939 -0.10032856 -0.88646519
vn -0.24494005 -0.27368556 -0.93010783
vn -0.24364150 -0.05933812 -0.96804845
vn -0.04940872 -0.09440939 -0.99430662
vn 0.16812780 -0.05305787 -0.98433628
vn 0.38199789 -0.05244071 -0.92267415
vn 0.56365665 -0.08059328 -0.82206806
vn 0.35848698 -0.60109547 -0.71426279
vn 0.71870533 -0.26768078 -0.64172397
vn 0.73655750 -0.06378526 -0.67336059
vn 0.91321607 -0.39808879 -0.08695816
vn 0.97544656 -0.20139181 -0.08913670
vn 0.99438744 -0.05270760 -0.09173615
vn 0.50745549 -0.84591897 -0.16404276
vn 0.12943208 -0.82830553 -0.54512135
vn 0.44669852 -0.68885383 -0.57091228
vn 0.50247012 -0.71820287 -0.48136100
vn 0.70418582 -0.54703978 -0.45262546
vn 0.87541118 -0.40038355 -0.27082888
vn 0.50712242 -0.79792634 -0.32579197
vn 0.87368227 -0.44971138 -0.18557737
vn 0.87409597 -0.47746979 -0.08932434
vn 0.89876114 -0.43799237 -0.01977623
vn 0.89700709 -0.33967082 -0.28284628
vn 0.99217596 -0.12307855 -0.02094113
vn 0.99202868 -0.12591563 -0.00493510
vn 0.36106387 -0.74604198 -0.55951250
vn 0.26887098 -0.84100685 -0.46948469
vn 0.45805343 -0.77309472 -0.43876145
vn 0.70184464 -0.57147485 -0.42524180
vn 0.71039669 -0.61001025 -0.35103281
vn 0.92976632 -0.31915451 -0.18350748
vn 0.93050141 -0.29162708 -0.22163205
vn 0.90686138 -0.39005596 -0.15955809
vn 0.96675768 -0.25280188 -0.03835113
vn -0.22463877 -0.96615489 -0.12681540
vn -0.12441000 -0.94920183 -0.28902948
vn 0.02743683 -0.99068026 -0.13341603
vn 0.14987163 -0.95404504 -0.25949288
vn 0.28046443 -0.95124504 -0.12834553
vn 0.37759862 -0.89362285 -0.24260563
vn 0.51433665 -0.84982430 -0.11513673
vn 0.58433169 -0.78322980 -0.21238541
vn 0.72020492 -0.68868235 -0.08379434
vn 0.75935569 -0.62662113 -0.17528517
vn 0.86507031 -0.49855337 -0.05565880
vn 0.90977514 -0.39838474 -0.11661384
vn 0.47231187 -0.81290369 -0.34074783
vn 0.26397172 -0.88980200 -0.37225170
vn 0.04086559 -0.91145783 -0.40935881
vn 0.67980739 -0.67514199 -0.28643535
vn -0.78093164 0.05258343 -0.62239919
vn -0.63948580 0.05212115 -0.76703409
vn -0.42960898 0.14585507 -0.89115791
vn -0.26439814 0.06498713 -0.96222154
vn -0.03951326 0.08115934 -0.99591760
vn 0.16821402 0.05312478 -0.98431794
vn 0.38191521 0.05250751 -0.92270457
vn 0.57131905 0.09408341 -0.81531764
vn 0.72174709 0.05799608 -0.68972284
vn 0.85489215 0.10038520 -0.50900119
vn 0.94999333 0.05273278 -0.30778551
vn 0.99438768 0.05270625 -0.09173438
vn -0.64855777 0.05944132 -0.75884093
vn -0.66813179 0.02826854 -0.74350575
vn -0.51146810 0.03699948 -0.85850534
vn -0.44757032 0.08372779 -0.89032043
vn -0.43942522 0.08709514 -0.89404693
vn -0.40314020 0.08724625 -0.91096985
vn -0.56775257 0.06940227 -0.82026846
vn -0.60928404 0.05040198 -0.79134859
vn -0.70617615 0.05706928 -0.70573248
vn -0.73296744 0.08093646 -0.67543173
vn -0.74191893 0.09287183 -0.66402645
vn -0.72405044 0.06807343 -0.68637961
vn -0.75338619 0.09022668 -0.65135888
vn -0.76989168 0.08548646 -0.63242301
vn -0.80316491 0.08578581 -0.58954807
vn -0.80307109 0.05657639 0.59319131
vn -0.85207361 0.10286648 0.51321443
vn -0.92159983 -0.10660919 0.37321339
vn -0.92193684 -0.06865924 0.38120648
vn -0.91740971 -0.03852290 0.39607501
vn -0.65623017 0.06595514 0.75167273
vn -0.72795795 0.07868890 0.68109124
vn -0.76255278 0.05911620 0.64421932
vn -0.93778917 -0.18352882 0.29473487
vn -0.93175362 -0.17046661 0.32058746
vn -0.93214509 -0.14017564 0.33385073
vn -0.60264772 0.08226014 0.79375626
vn -0.25069159 0.95943780 0.12896835
vn 0.91848321 0.39543195 -0.00470746
vn 0.20548083 0.96983824 0.13111606
vn -0.07135443 0.99654373 -0.04253395
vn -0.31291617 0.94937763 -0.02766926
vn 0.91067207 0.39231824 0.12947112
vn 0.68113353 0.73173252 -0.02499268
vn 0.63937574 0.75764062 0.13107005
vn 0.43790640 0.89818030 -0.03886045
vn 0.18978043 0.98096483 -0.04112642
vn -0.61780776 0.33288386 0.71239168
vn -0.60245024 0.28337020 0.74616020
vn -0.64229918 0.73431740 0.21961266
vn -0.55424699 0.79381131 0.25034752
vn -0.66191204 0.58147026 0.47303784
vn -0.89299457 0.36622577 0.26160922
vn -0.89958291 0.39096233 0.19467675
vn -0.44686732 0.84947807 0.28052914
vn -0.29318710 0.95567178 0.02706990
vn -0.56760447 0.62938254 0.53075680
vn -0.76117884 0.27711963 0.58635440
vn -0.71737565 0.67155476 0.18543564
vn -0.79652817 0.56581449 0.21306535
vn -0.84916230 0.39210965 0.35379855
vn -0.73849388 0.52845323 0.41876482
vn -0.70859135 0.33084584 0.62324901
vn -0.35659948 0.89659387 0.26259519
vn -0.45674695 0.79149985 0.40609138
vn -0.52227085 0.64818748 0.55415354
vn -0.57438015 0.48505230 0.65940254
vn -0.82093789 0.24473859 0.51591086
vn -0.79907382 0.47633731 0.36685665
vn -0.40399986 0.78782407 -0.46488423
vn -0.43208460 0.64288758 -0.63245431
vn -0.52480251 0.65751036 -0.54061304
vn -0.60032106 0.65622456 0.45714763
vn -0.44838472 0.48848981 -0.74855116
vn -0.46074376 0.28116576 -0.84182006
vn -0.60297769 0.34466567 -0.71946055
vn -0.27039260 0.95678920 -0.10696856
vn -0.33558942 0.89282321 -0.30041049
vn -0.37230743 0.88146021 -0.29054272
vn -0.63137643 0.65801743 -0.41033751
vn -0.77410823 0.33514164 -0.53706287
vn -0.71458677 0.65575473 -0.24362160
vn -0.88490554 0.33660072 -0.32193500
vn -0.75284911 0.65536262 -0.06097587
vn -0.93484664 0.34459821 -0.08552092
vn -0.74406994 0.65579943 0.12762067
vn -0.92192593 0.34828093 0.16956703
vn -0.68842227 0.65716306 0.30693890
vn -0.84282507 0.33783307 0.41894478
vn -0.71650753 0.34035888 0.60891115
vn -0.44378726 0.88026903 0.16786692
vn -0.40339497 0.88293140 0.24021792
vn -0.41746008 0.88029190 -0.22541794
vn -0.45799157 0.87878784 -0.13407334
vn -0.47721194 0.87814863 -0.03352228
vn -0.47238874 0.87861253 0.06992069
vn -0.59041501 0.09670482 -0.80128540
vn -0.75822200 0.10188818 -0.64398618
vn -0.90738126 0.09974656 -0.40830121
vn -0.46198608 0.32081514 -0.82682919
vn -0.59941066 0.75224942 -0.27354648
vn -0.72860865 0.64181019 -0.23918430
vn -0.78462322 0.57185054 -0.23948561
vn -0.62343864 0.28410963 -0.72842706
vn -0.52319749 0.38066128 -0.76247058
vn -0.52651609 0.61189808 -0.59022161
vn -0.44501166 0.83972793 -0.31116175
vn -0.76174796 0.21593750 -0.61082816
vn -0.71167376 0.22888008 -0.66417947
vn -0.79805310 0.40682472 -0.44452772
vn -0.75118140 0.46071533 -0.47272391
vn -0.64908178 0.54489366 -0.53083307
vn -0.43887567 0.86674352 -0.23694688
vn -0.28709306 0.93315082 -0.21634953
vn -0.54636799 0.70974149 -0.44468981
vn -0.62366268 0.65040210 -0.43361500
vn -0.71752174 0.36340115 -0.59422399
vn -0.72306999 0.35748203 -0.59108070
vn -0.74281682 0.31837281 -0.58894985
vn -0.76117230 0.26523102 -0.59183549
vn -0.69121412 0.58263765 -0.42750020
vn -0.75627710 0.49559749 -0.42711600
vn -0.57928721 0.78122406 -0.23262693
vn -0.69302154 0.68479088 -0.22534993
vn -0.22665033 0.97256958 -0.05232621
vn -0.38303363 0.92181564 -0.05950765
vn -0.75230081 0.36547670 -0.54815169
vn -0.72131729 0.38122522 -0.57824622
vn -0.76802842 0.19223792 -0.61088209
vn -0.64275469 0.57093029 -0.51078862
vn -0.56705437 0.71169879 -0.41464947
vn -0.52602359 0.73975924 -0.41958961
vn -0.28411832 0.93399777 -0.21662167
vn -0.33426452 0.90536356 -0.26188558
vn -0.58090867 0.27107781 -0.76750370
vn -0.46753070 0.60054731 -0.64865860
vn -0.21454218 0.60089988 -0.76999415
vn 0.91294757 0.39862119 -0.08733777
vn 0.97547275 0.20097375 -0.08979127
vn 0.90165989 0.27202454 -0.33617271
vn 0.81138260 0.57970951 -0.07480080
vn 0.74067885 0.60091123 -0.30050047
vn 0.42432985 0.88907010 -0.17175141
vn 0.34221432 0.88679968 -0.31060536
vn 0.20737313 0.88682390 -0.41296460
vn -0.26736241 0.88913800 -0.37141750
vn -0.12397335 0.88673837 -0.44533771
vn 0.04470321 0.88680067 -0.45998499
vn 0.59157546 0.60130116 -0.53709905
vn 0.35857175 0.60107634 -0.71423633
vn 0.42168704 0.27573070 -0.86380126
vn 0.10733393 0.27785841 -0.95460679
vn 0.70306098 0.27282482 -0.65671294
vn 0.07701808 0.60109536 -0.79545747
vn -0.26546613 0.26868742 -0.92592376
vn 0.38710176 0.90476467 -0.17763197
vn 0.71297330 0.68806873 -0.13502036
vn 0.92582694 0.37756461 -0.01701299
vn 0.92848256 0.36466183 -0.07029851
vn 0.99551511 0.09452295 -0.00388385
vn 0.09468293 0.83238435 -0.54605076
vn 0.38736746 0.85354922 -0.34842530
vn 0.38701758 0.77058709 -0.50637232
vn 0.71298808 0.64916464 -0.26501560
vn 0.71310803 0.58589118 -0.38497852
vn 0.92800498 0.34493913 -0.14079684
vn 0.92808158 0.31118222 -0.20452435
vn 0.38232689 0.71074037 -0.59048647
vn 0.70700171 0.54448179 -0.45131825
vn 0.92360310 0.29498300 -0.24483125
vn 0.99561561 0.09221288 -0.01569533
vn 0.92838301 0.29763455 -0.22252790
vn 0.92975254 0.31916636 -0.18355667
vn 0.71041727 0.60997264 -0.35105651
vn 0.70364842 0.56903387 -0.42553420
vn 0.45032532 0.78141646 -0.43196692
vn 0.35993420 0.74645633 -0.55968770
vn 0.27406346 0.84979051 -0.45027248
vn 0.90686138 0.39005596 -0.15955809
vn 0.96797010 0.24908687 -0.03145816
vn -0.06746194 0.96539247 -0.25192512
vn 0.14806035 0.95472692 -0.25802064
vn 0.26190935 0.89480969 -0.36155097
vn 0.75870628 0.62958630 -0.16728977
vn 0.90863030 0.40180122 -0.11378378
vn 0.47185430 0.81794439 -0.32912080
vn 0.37602135 0.89455106 -0.24163265
vn 0.67665106 0.67988354 -0.28266892
vn 0.58024860 0.78718533 -0.20892776
vn 0.05157395 0.91242651 -0.40597783
vn -0.21653251 0.96766101 -0.12940576
vn 0.02950034 0.99028953 -0.13585426
vn 0.27717109 0.95212858 -0.12894711
vn 0.51414088 0.85000923 -0.11464494
vn 0.71475397 0.69356495 -0.08996900
vn 0.86489543 0.49798799 -0.06295916
vn 0.13607293 0.05949406 0.98891082
vn 0.09667967 0.11496249 0.98865397
vn 0.03117495 0.14695675 0.98865152
vn -0.03666888 0.14389419 0.98891347
vn -0.13152445 -0.02727701 0.99093758
vn -0.12876328 -0.03810812 0.99094288
vn -0.12476126 -0.04857018 0.99099726
vn 0.03125083 -0.14691781 0.98865492
vn 0.09679518 -0.11496005 0.98864295
vn -0.03682066 -0.14387362 0.98891083
vn 0.13606108 -0.05964114 0.98890359
vn -0.07863043 -0.11694898 0.99002030
vn -0.09397337 -0.09632686 0.99090370
vn -0.10214598 -0.08681210 0.99097420
vn -0.10889908 -0.07793269 0.99099318
vn -0.12013182 -0.05872349 0.99101963
vn -0.11534274 -0.06876974 0.99094237
vn -0.13394729 -0.01498077 0.99087522
vn 0.13149272 -0.58318749 0.80162461
vn 0.13157639 -0.66437183 0.73572938
vn 0.13042352 -0.73819340 0.66186117
vn 0.13185881 -0.80367843 0.58027082
vn 0.13061620 -0.86038878 0.49261604
vn 0.13061948 -0.90746664 0.39930296
vn 0.13179217 -0.94431909 0.30148346
vn 0.13198853 -0.97077838 0.20042046
vn 0.13177816 -0.98651831 0.09703678
vn 0.13108110 -0.99134565 -0.00717970
vn 0.12930704 -0.98517281 -0.11275735
vn 0.09532404 -0.98608058 -0.13622931
vn 0.72986145 0.26155959 -0.63157648
vn 0.72064528 0.35976471 -0.59265481
vn 0.72982638 0.13335355 -0.67050002
vn 0.02248072 0.68215908 0.73085813
vn 0.13037512 0.73824680 0.66181114
vn 0.49847549 0.64557039 0.57858540
vn 0.49936667 0.86409834 -0.06298400
vn 0.87172090 0.48911814 -0.02942994
vn 0.87163109 0.48779866 0.04808027
vn 0.87191204 0.30767505 0.38092710
vn 0.87164144 0.47413888 0.12423170
vn 0.87068002 0.49182897 0.00453449
vn 0.87199490 0.44804220 0.19718793
vn 0.87174282 0.41180502 0.26548275
vn 0.49909327 0.86237601 0.08493251
vn 0.49746223 0.83627707 0.23059055
vn 0.50595053 0.78948385 0.34746123
vn 0.49820413 0.73465338 0.46051825
vn 0.31910966 0.94293722 -0.09507060
vn 0.51153138 0.85725822 -0.05868544
vn 0.68899315 0.72360954 -0.04095951
vn 0.01999273 0.79961945 0.60017416
vn 0.12796004 0.84630819 0.51709639
vn 0.87172135 0.36481502 0.32712673
vn 0.13349213 0.60600826 0.78417718
vn 0.49750842 0.53698823 0.68127014
vn 0.89951623 0.23296027 0.36959446
vn 0.89618612 0.08658333 0.43514798
vn 0.80193290 0.35139865 0.48313830
vn 0.56354751 0.66892886 0.48471475
vn 0.18170542 0.85597951 0.48402708
vn -0.22003283 0.84643972 0.48489727
vn 0.47685859 0.21457381 0.85238721
vn 0.34172342 0.40470846 0.84819583
vn 0.10984889 0.51739160 0.84866905
vn -0.13132837 0.50920913 0.85056388
vn -0.28908462 -0.42709690 0.85674869
vn -0.13127030 -0.50919019 0.85058419
vn -0.49042740 -0.72020261 0.49070272
vn -0.22019049 -0.84636665 0.48495324
vn 0.18173481 -0.85583404 0.48427322
vn 0.56361944 -0.66888801 0.48468748
vn 0.80217610 -0.35122297 0.48286222
vn 0.89681915 -0.08531720 0.43409261
vn 0.10992419 -0.51745282 0.84862197
vn 0.34147867 -0.40476598 0.84826695
vn 0.47679031 -0.21441313 0.85246584
vn 0.50366361 -0.50826211 0.69856467
vn 0.87031583 -0.48918636 -0.05698300
vn 0.86975855 -0.49346444 -0.00359330
vn 0.86974075 -0.49113714 0.04832544
vn 0.86964653 -0.48346681 0.09987368
vn 0.86963800 -0.47028943 0.15019185
vn 0.87013295 -0.45108796 0.19846486
vn 0.86986826 -0.42809512 0.24507912
vn 0.86955304 -0.40034697 0.28913632
vn 0.86983185 -0.36734316 0.32931983
vn 0.86954768 -0.33092319 0.36657425
vn 0.86949667 -0.29045189 0.39951626
vn 0.89894658 -0.22915953 0.37333758
vn 0.50392716 -0.57890027 0.64103970
vn 0.50361880 -0.64333920 0.57661320
vn 0.50403836 -0.70025776 0.50555356
vn 0.50367681 -0.74973455 0.42919434
vn 0.50399282 -0.79056077 0.34785758
vn 0.50373793 -0.82287793 0.26290686
vn 0.50430464 -0.84567936 0.17465181
vn 0.50427812 -0.85939216 0.08454990
vn 0.50382872 -0.86378073 -0.00628265
vn 0.50292284 -0.85847851 -0.10041549
vn 0.88043343 -0.47330327 -0.02865301
vn 0.68365784 -0.72759188 -0.05676282
vn 0.51016367 -0.85744107 -0.06728924
vn 0.32158976 -0.94073493 -0.10769312
vn 0.72814547 0.25767689 0.63514313
vn 0.72982638 0.13335355 0.67050002
vn 0.95837298 0.00067591 0.28551842
vn 0.09037444 0.99587786 -0.00772905
vn 0.07699614 0.97401284 0.21300369
vn 0.67562376 0.67756246 0.29058846
vn 0.59690300 0.59868497 0.53411901
vn 0.59613054 -0.59912349 0.53448988
vn 0.92467539 0.00026268 0.38075630
vn 0.92461333 0.00000000 0.38090707
vn 0.92461333 0.00000000 0.38090707
vn 0.92461333 0.00000000 0.38090707
vn 0.92448370 -0.00014949 0.38122155
vn 0.67576005 -0.67736191 0.29073906
vn 0.07699614 -0.97401284 0.21300369
vn 0.08612749 -0.99627217 -0.00487963
vn 0.99114584 -0.09771423 0.08989914
vn -0.50395280 -0.05645497 0.86188422
vn -0.86269051 -0.09681219 0.49637937
vn -0.98509886 -0.11079685 0.13154581
vn -0.97089624 -0.20143192 0.12955958
vn -0.84963475 -0.17618708 0.49707033
vn -0.95073505 -0.28152685 0.12979020
vn -0.83185362 -0.24631787 0.49733998
vn -0.92381676 -0.35947837 0.13167347
vn -0.80834939 -0.31456450 0.49761475
vn -0.89076537 -0.43524333 0.13076808
vn -0.77935563 -0.38080776 0.49758441
vn -0.85137437 -0.50791997 0.13106862
vn -0.74496066 -0.44448132 0.49746353
vn -0.80614221 -0.57695379 0.13137379
vn -0.70539733 -0.50481366 0.49757189
vn -0.75550281 -0.64210987 0.13004009
vn -0.66142530 -0.56209111 0.49655831
vn -0.69315288 -0.70895206 0.13010019
vn -0.60682721 -0.62133008 0.49569111
vn -0.49397926 -0.10255202 0.86340464
vn -0.48403904 -0.14334677 0.86322530
vn -0.47141374 -0.18341417 0.86262873
vn -0.45324584 -0.22159450 0.86340262
vn -0.43404989 -0.25889871 0.86288595
vn -0.41089975 -0.29406376 0.86295301
vn -0.38503436 -0.32711977 0.86298389
vn -0.35351153 -0.36206134 0.86252025
vn 0.99118206 0.10237658 0.08412581
vn 0.32851454 -0.93815213 0.10931044
vn 0.91927810 -0.37163192 0.12968231
vn 0.66405448 -0.72767547 0.17181400
vn 0.67079391 0.72324672 0.16416369
vn 0.91977046 0.37043295 0.12962150
vn 0.32722699 0.93885564 0.10711009
f 1//1 2//2 3//3
f 3//3 2//2 4//4
f 3//3 4//4 5//5
f 5//5 4//4 6//6
f 5//5 6//6 7//7
f 7//7 6//6 8//8
f 7//7 8//8 9//9
f 9//9 8//8 10//10
f 9//9 10//10 11//11
f 11//11 10//10 12//12
f 11//11 12//12 13//13
f 13//13 12//12 14//14
f 13//13 14//14 15//15
f 15//15 14//14 16//16
f 15//15 16//16 17//17
f 17//17 16//16 18//18
f 17//17 18//18 19//19
f 19//19 18//18 20//20
f 19//19 20//20 21//21
f 21//21 20//20 22//22
f 21//21 22//22 23//23
f 23//23 22//22 24//24
f 23//23 24//24 25//25
f 25//25 24//24 26//26
f 25//25 26//26 27//27
f 27//27 26//26 28//28
f 27//27 28//28 29//29
f 29//29 28//28 30//30
f 29//29 30//30 31//31
f 31//31 32//32 29//29
f 29//29 32//32 33//33
f 29//29 33//33 34//34
f 34//34 33//33 35//35
f 34//34 35//35 36//36
f 36//36 35//35 37//37
f 36//36 37//37 38//38
f 38//38 37//37 39//39
f 38//38 39//39 40//40
f 40//40 39//39 41//41
f 40//40 41//41 42//42
f 42//42 41//41 43//43
f 42//42 43//43 44//44
f 44//44 43//43 45//45
f 44//44 45//45 46//46
f 46//46 45//45 47//47
f 46//46 47//47 48//48
f 48//48 47//47 49//49
f 48//48 49//49 50//50
f 50//50 49//49 51//51
f 50//50 51//51 52//52
f 52//52 51//51 53//53
f 52//52 53//53 54//54
f 54//54 53//53 55//55
f 54//54 55//55 56//56
f 56//56 55//55 57//57
f 56//56 57//57 58//58
f 58//58 57//57 59//59
f 58//58 59//59 60//60
f 61//61 62//62 63//63
f 63//63 62//62 64//64
f 63//63 64//64 65//65
f 65//65 64//64 66//66
f 66//66 64//64 67//67
f 66//66 67//67 68//68
f 68//68 67//67 69//69
f 68//68 69//69 70//70
f 71//71 72//72 73//73
f 73//73 72//72 74//74
f 73//73 74//74 69//69
f 69//69 74//74 75//75
f 69//69 75//75 76//76
f 76//76 77//77 69//69
f 69//69 77//77 78//78
f 69//69 78//78 70//70
f 79//79 80//80 81//81
f 81//81 80//80 82//82
f 81//81 82//82 71//71
f 71//71 82//82 83//83
f 71//71 83//83 72//72
f 84//84 85//85 86//86
f 86//86 87//87 84//84
f 84//84 87//87 88//88
f 84//84 88//88 89//89
f 89//89 88//88 90//90
f 89//89 90//90 79//79
f 79//79 90//90 91//91
f 79//79 91//91 80//80
f 80//80 91//91 92//92
f 80//80 92//92 93//93
f 94//94 95//95 96//96
f 97//97 96//96 98//98
f 98//98 96//96 99//99
f 98//98 99//99 100//100
f 97//97 101//101 96//96
f 96//96 101//101 102//102
f 96//96 102//102 103//103
f 103//103 104//104 96//96
f 96//96 104//104 105//105
f 96//96 105//105 106//106
f 100//100 107//107 98//98
f 98//98 107//107 108//108
f 98//98 108//108 109//109
f 106//106 110//110 96//96
f 96//96 110//110 111//111
f 96//96 111//111 94//94
f 112//112 113//113 114//114
f 114//114 113//113 115//115
f 109//109 116//116 98//98
f 98//98 116//116 113//113
f 98//98 113//113 117//117
f 117//117 113//113 112//112
f 115//115 118//118 119//119
f 115//115 119//119 114//114
f 114//114 119//119 120//120
f 114//114 120//120 112//112
f 112//112 120//120 121//121
f 112//112 121//121 117//117
f 117//117 121//121 122//122
f 117//117 122//122 98//98
f 98//98 122//122 123//123
f 98//98 123//123 97//97
f 97//97 123//123 124//124
f 97//97 124//124 101//101
f 101//101 124//124 125//125
f 101//101 125//125 102//102
f 102//102 125//125 126//126
f 102//102 126//126 103//103
f 103//103 126//126 127//127
f 103//103 127//127 104//104
f 104//104 127//127 128//128
f 104//104 128//128 105//105
f 105//105 128//128 129//129
f 105//105 129//129 106//106
f 106//106 129//129 130//130
f 106//106 130//130 110//110
f 131//131 132//132 133//133
f 131//131 133//133 134//134
f 134//134 133//133 135//135
f 134//134 135//135 136//136
f 136//136 135//135 137//137
f 136//136 137//137 138//138
f 138//138 137//137 139//139
f 138//138 139//139 140//140
f 140//140 139//139 141//141
f 140//140 141//141 142//142
f 142//142 141//141 143//143
f 142//142 143//143 144//144
f 144//144 143//143 145//145
f 144//144 145//145 146//146
f 146//146 145//145 147//147
f 146//146 147//147 148//148
f 149//149 150//150 151//151
f 151//151 150//150 152//152
f 151//151 152//152 131//131
f 131//131 152//152 132//132
f 153//153 154//154 155//155
f 155//155 154//154 156//156
f 155//155 156//156 157//157
f 157//157 156//156 158//158
f 142//142 144//144 159//159
f 160//160 161//161 157//157
f 157//157 161//161 149//149
f 157//157 149//149 155//155
f 155//155 149//149 151//151
f 155//155 151//151 131//131
f 131//131 134//134 155//155
f 155//155 134//134 136//136
f 155//155 136//136 153//153
f 153//153 136//136 138//138
f 153//153 138//138 159//159
f 159//159 138//138 140//140
f 159//159 140//140 142//142
f 144//144 146//146 159//159
f 159//159 146//146 148//148
f 159//159 148//148 162//162
f 163//163 164//164 165//165
f 162//162 166//166 159//159
f 159//159 166//166 163//163
f 159//159 163//163 167//167
f 167//167 163//163 165//165
f 168//168 169//169 170//170
f 168//168 170//170 171//171
f 2//2 172//172 173//173
f 173//173 172//172 174//174
f 174//174 172//172 170//170
f 170//170 172//172 175//175
f 170//170 175//175 176//176
f 177//177 59//59 178//178
f 179//179 180//180 181//181
f 181//181 180//180 182//182
f 181//181 182//182 169//169
f 169//169 182//182 183//183
f 169//169 183//183 170//170
f 178//178 171//171 177//177
f 177//177 171//171 170//170
f 177//177 170//170 184//184
f 184//184 170//170 176//176
f 171//171 185//185 168//168
f 168//168 185//185 186//186
f 168//168 186//186 169//169
f 187//187 181//181 188//188
f 188//188 181//181 169//169
f 188//188 169//169 189//189
f 189//189 169//169 186//186
f 157//157 158//158 160//160
f 160//160 158//158 179//179
f 160//160 179//179 187//187
f 187//187 179//179 181//181
f 121//121 120//120 179//179
f 120//120 119//119 179//179
f 179//179 119//119 118//118
f 179//179 118//118 180//180
f 118//118 190//190 180//180
f 180//180 190//190 191//191
f 180//180 191//191 150//150
f 150//150 191//191 192//192
f 179//179 158//158 121//121
f 121//121 158//158 156//156
f 121//121 156//156 122//122
f 122//122 156//156 154//154
f 122//122 154//154 123//123
f 123//123 154//154 193//193
f 123//123 193//193 124//124
f 124//124 193//193 194//194
f 124//124 194//194 125//125
f 125//125 194//194 195//195
f 125//125 195//195 126//126
f 126//126 195//195 196//196
f 126//126 196//196 127//127
f 127//127 196//196 197//197
f 127//127 197//197 128//128
f 128//128 197//197 198//198
f 128//128 198//198 129//129
f 129//129 198//198 199//199
f 129//129 199//199 130//130
f 130//130 199//199 147//147
f 130//130 147//147 200//200
f 200//200 147//147 145//145
f 200//200 145//145 201//201
f 201//201 145//145 143//143
f 201//201 143//143 202//202
f 202//202 143//143 141//141
f 202//202 141//141 203//203
f 203//203 141//141 139//139
f 203//203 139//139 204//204
f 204//204 139//139 137//137
f 204//204 137//137 205//205
f 205//205 137//137 135//135
f 205//205 135//135 206//206
f 206//206 135//135 133//133
f 206//206 133//133 207//207
f 207//207 133//133 132//132
f 207//207 132//132 192//192
f 192//192 132//132 152//152
f 192//192 152//152 150//150
f 208//208 182//182 161//161
f 161//161 182//182 180//180
f 161//161 180//180 149//149
f 149//149 180//180 150//150
f 209//209 174//174 210//210
f 210//210 174//174 170//170
f 210//210 170//170 211//211
f 211//211 170//170 183//183
f 211//211 183//183 212//212
f 212//212 183//183 182//182
f 212//212 182//182 208//208
f 174//174 209//209 213//213
f 6//6 4//4 214//214
f 214//214 4//4 2//2
f 214//214 2//2 213//213
f 213//213 2//2 173//173
f 213//213 173//173 174//174
f 6//6 214//214 8//8
f 8//8 214//214 215//215
f 8//8 215//215 10//10
f 10//10 215//215 12//12
f 12//12 215//215 216//216
f 12//12 216//216 14//14
f 14//14 216//216 16//16
f 16//16 216//216 217//217
f 16//16 217//217 18//18
f 18//18 217//217 20//20
f 20//20 217//217 218//218
f 20//20 218//218 22//22
f 22//22 218//218 24//24
f 24//24 218//218 219//219
f 24//24 219//219 26//26
f 26//26 219//219 220//220
f 26//26 220//220 28//28
f 28//28 220//220 221//221
f 28//28 221//221 30//30
f 30//30 221//221 222//222
f 30//30 222//222 31//31
f 223//223 224//224 225//225
f 226//226 227//227 228//228
f 224//224 229//229 225//225
f 225//225 229//229 230//230
f 225//225 230//230 231//231
f 232//232 233//233 234//234
f 235//235 236//236 228//228
f 228//228 236//236 237//237
f 228//228 237//237 226//226
f 235//235 228//228 225//225
f 225//225 228//228 238//238
f 225//225 238//238 239//239
f 231//231 240//240 225//225
f 225//225 240//240 241//241
f 225//225 241//241 242//242
f 242//242 243//243 225//225
f 225//225 243//243 232//232
f 225//225 232//232 244//244
f 244//244 232//232 234//234
f 239//239 245//245 225//225
f 225//225 245//245 246//246
f 225//225 246//246 223//223
f 232//232 247//247 248//248
f 232//232 248//248 233//233
f 233//233 248//248 249//249
f 233//233 249//249 234//234
f 234//234 249//249 250//250
f 234//234 250//250 244//244
f 244//244 250//250 251//251
f 244//244 251//251 225//225
f 225//225 251//251 252//252
f 225//225 252//252 235//235
f 235//235 252//252 253//253
f 235//235 253//253 236//236
f 236//236 253//253 254//254
f 236//236 254//254 237//237
f 237//237 254//254 255//255
f 237//237 255//255 226//226
f 226//226 255//255 256//256
f 226//226 256//256 227//227
f 227//227 256//256 257//257
f 227//227 257//257 228//228
f 228//228 257//257 258//258
f 228//228 258//258 238//238
f 238//238 258//258 259//259
f 238//238 259//259 239//239
f 260//260 261//261 262//262
f 260//260 262//262 263//263
f 263//263 262//262 264//264
f 263//263 264//264 265//265
f 265//265 264//264 188//188
f 265//265 188//188 266//266
f 188//188 267//267 266//266
f 266//266 267//267 268//268
f 266//266 268//268 269//269
f 269//269 268//268 270//270
f 269//269 270//270 271//271
f 271//271 270//270 272//272
f 271//271 272//272 273//273
f 273//273 272//272 274//274
f 273//273 274//274 275//275
f 275//275 274//274 276//276
f 275//275 276//276 277//277
f 277//277 276//276 278//278
f 277//277 278//278 279//279
f 279//279 278//278 280//280
f 279//279 280//280 281//281
f 281//281 280//280 282//282
f 281//281 282//282 283//283
f 283//283 282//282 284//284
f 283//283 284//284 285//285
f 285//285 284//284 286//286
f 285//285 286//286 287//287
f 286//286 288//288 287//287
f 287//287 288//288 289//289
f 287//287 289//289 290//290
f 290//290 289//289 291//291
f 290//290 291//291 292//292
f 292//292 291//291 293//293
f 292//292 293//293 294//294
f 214//214 213//213 295//295
f 296//296 297//297 215//215
f 211//211 212//212 298//298
f 274//274 272//272 299//299
f 300//300 301//301 302//302
f 303//303 295//295 304//304
f 304//304 295//295 213//213
f 304//304 213//213 305//305
f 305//305 213//213 209//209
f 305//305 209//209 210//210
f 306//306 307//307 308//308
f 302//302 309//309 300//300
f 300//300 309//309 310//310
f 300//300 310//310 311//311
f 304//304 312//312 303//303
f 303//303 312//312 313//313
f 303//303 313//313 314//314
f 314//314 313//313 315//315
f 314//314 315//315 316//316
f 316//316 315//315 317//317
f 316//316 317//317 318//318
f 319//319 320//320 321//321
f 321//321 320//320 322//322
f 321//321 322//322 323//323
f 323//323 322//322 324//324
f 323//323 324//324 308//308
f 308//308 324//324 325//325
f 308//308 325//325 306//306
f 326//326 327//327 328//328
f 328//328 327//327 329//329
f 328//328 329//329 330//330
f 330//330 329//329 331//331
f 330//330 331//331 332//332
f 332//332 331//331 333//333
f 332//332 333//333 319//319
f 319//319 333//333 334//334
f 319//319 334//334 320//320
f 215//215 297//297 216//216
f 335//335 280//280 336//336
f 336//336 280//280 278//278
f 336//336 278//278 299//299
f 299//299 278//278 276//276
f 299//299 276//276 274//274
f 282//282 337//337 284//284
f 284//284 337//337 338//338
f 310//310 339//339 311//311
f 311//311 339//339 340//340
f 311//311 340//340 317//317
f 317//317 340//340 341//341
f 317//317 341//341 318//318
f 211//211 298//298 210//210
f 210//210 298//298 342//342
f 210//210 342//342 305//305
f 218//218 217//217 343//343
f 214//214 295//295 215//215
f 215//215 295//295 344//344
f 215//215 344//344 296//296
f 306//306 299//299 307//307
f 307//307 299//299 272//272
f 307//307 272//272 185//185
f 185//185 272//272 270//270
f 185//185 270//270 186//186
f 186//186 270//270 268//268
f 186//186 268//268 189//189
f 189//189 268//268 267//267
f 189//189 267//267 188//188
f 338//338 345//345 284//284
f 284//284 345//345 346//346
f 284//284 346//346 286//286
f 326//326 222//222 327//327
f 327//327 222//222 221//221
f 327//327 221//221 220//220
f 219//219 347//347 220//220
f 220//220 347//347 348//348
f 220//220 348//348 327//327
f 297//297 349//349 216//216
f 216//216 349//349 350//350
f 216//216 350//350 217//217
f 217//217 350//350 351//351
f 217//217 351//351 343//343
f 335//335 352//352 280//280
f 280//280 352//352 353//353
f 280//280 353//353 282//282
f 282//282 353//353 354//354
f 282//282 354//354 337//337
f 343//343 355//355 218//218
f 218//218 355//355 356//356
f 218//218 356//356 219//219
f 219//219 356//356 357//357
f 219//219 357//357 347//347
f 248//248 265//265 249//249
f 249//249 265//265 266//266
f 249//249 266//266 250//250
f 250//250 266//266 269//269
f 250//250 269//269 251//251
f 358//358 359//359 360//360
f 360//360 359//359 361//361
f 360//360 361//361 362//362
f 362//362 361//361 363//363
f 362//362 363//363 364//364
f 257//257 290//290 258//258
f 258//258 290//290 292//292
f 258//258 292//292 259//259
f 259//259 292//292 294//294
f 259//259 294//294 358//358
f 358//358 294//294 365//365
f 358//358 365//365 359//359
f 366//366 367//367 368//368
f 368//368 367//367 369//369
f 368//368 369//369 247//247
f 247//247 369//369 260//260
f 247//247 260//260 248//248
f 248//248 260//260 263//263
f 248//248 263//263 265//265
f 370//370 371//371 372//372
f 372//372 371//371 373//373
f 372//372 373//373 374//374
f 374//374 373//373 375//375
f 374//374 375//375 366//366
f 366//366 375//375 376//376
f 366//366 376//376 367//367
f 363//363 377//377 364//364
f 364//364 377//377 378//378
f 364//364 378//378 379//379
f 379//379 378//378 380//380
f 379//379 380//380 381//381
f 381//381 380//380 382//382
f 381//381 382//382 370//370
f 370//370 382//382 383//383
f 370//370 383//383 371//371
f 254//254 281//281 255//255
f 255//255 281//281 283//283
f 255//255 283//283 256//256
f 256//256 283//283 285//285
f 256//256 285//285 257//257
f 257//257 285//285 287//287
f 257//257 287//287 290//290
f 269//269 271//271 251//251
f 251//251 271//271 273//273
f 251//251 273//273 252//252
f 252//252 273//273 275//275
f 252//252 275//275 253//253
f 253//253 275//275 277//277
f 253//253 277//277 254//254
f 254//254 277//277 279//279
f 254//254 279//279 281//281
f 384//384 385//385 386//386
f 386//386 385//385 387//387
f 386//386 387//387 388//388
f 389//389 390//390 391//391
f 391//391 390//390 392//392
f 391//391 392//392 385//385
f 385//385 392//392 393//393
f 385//385 393//393 387//387
f 394//394 395//395 396//396
f 396//396 395//395 397//397
f 398//398 397//397 399//399
f 399//399 397//397 395//395
f 399//399 395//395 400//400
f 400//400 395//395 401//401
f 384//384 401//401 385//385
f 385//385 401//401 395//395
f 385//385 395//395 391//391
f 391//391 395//395 394//394
f 391//391 394//394 389//389
f 389//389 394//394 396//396
f 402//402 403//403 404//404
f 405//405 406//406 407//407
f 407//407 406//406 402//402
f 407//407 402//402 408//408
f 408//408 402//402 404//404
f 408//408 404//404 409//409
f 410//410 411//411 412//412
f 412//412 411//411 413//413
f 412//412 413//413 414//414
f 415//415 416//416 413//413
f 413//413 416//416 417//417
f 414//414 413//413 418//418
f 418//418 413//413 417//417
f 418//418 417//417 419//419
f 409//409 415//415 408//408
f 408//408 415//415 413//413
f 408//408 413//413 407//407
f 407//407 413//413 411//411
f 407//407 411//411 405//405
f 405//405 411//411 410//410
f 420//420 421//421 422//422
f 420//420 422//422 423//423
f 423//423 422//422 424//424
f 423//423 424//424 425//425
f 389//389 426//426 427//427
f 389//389 427//427 390//390
f 390//390 427//427 428//428
f 390//390 428//428 392//392
f 429//429 430//430 431//431
f 430//430 432//432 433//433
f 432//432 85//85 84//84
f 432//432 84//84 433//433
f 433//433 84//84 89//89
f 433//433 89//89 434//434
f 434//434 89//89 79//79
f 434//434 79//79 435//435
f 435//435 79//79 81//81
f 435//435 81//81 436//436
f 436//436 81//81 71//71
f 436//436 71//71 437//437
f 437//437 71//71 73//73
f 437//437 73//73 438//438
f 438//438 73//73 69//69
f 438//438 69//69 439//439
f 439//439 69//69 67//67
f 439//439 67//67 440//440
f 440//440 67//67 64//64
f 440//440 64//64 441//441
f 441//441 64//64 62//62
f 441//441 62//62 442//442
f 430//430 433//433 431//431
f 431//431 433//433 434//434
f 431//431 434//434 443//443
f 443//443 434//434 435//435
f 443//443 435//435 444//444
f 444//444 435//435 436//436
f 444//444 436//436 445//445
f 445//445 436//436 437//437
f 445//445 437//437 446//446
f 446//446 437//437 438//438
f 446//446 438//438 447//447
f 447//447 438//438 439//439
f 447//447 439//439 448//448
f 448//448 439//439 440//440
f 448//448 440//440 449//449
f 449//449 440//440 441//441
f 449//449 441//441 450//450
f 450//450 441//441 442//442
f 450//450 442//442 451//451
f 429//429 431//431 452//452
f 452//452 431//431 443//443
f 452//452 443//443 453//453
f 453//453 443//443 444//444
f 453//453 444//444 454//454
f 454//454 444//444 445//445
f 454//454 445//445 455//455
f 455//455 445//445 446//446
f 455//455 446//446 456//456
f 456//456 446//446 447//447
f 456//456 447//447 457//457
f 457//457 447//447 448//448
f 457//457 448//448 458//458
f 458//458 448//448 449//449
f 458//458 449//449 459//459
f 459//459 449//449 450//450
f 459//459 450//450 460//460
f 460//460 450//450 451//451
f 460//460 451//451 461//461
f 462//462 405//405 410//410
f 462//462 410//410 463//463
f 463//463 410//410 412//412
f 463//463 412//412 464//464
f 465//465 402//402 466//466
f 466//466 402//402 406//406
f 466//466 406//406 467//467
f 467//467 406//406 468//468
f 468//468 406//406 405//405
f 468//468 405//405 469//469
f 470//470 471//471 472//472
f 472//472 471//471 473//473
f 472//472 473//473 474//474
f 474//474 475//475 468//468
f 468//468 475//475 476//476
f 468//468 476//476 467//467
f 474//474 468//468 472//472
f 472//472 468//468 469//469
f 472//472 469//469 477//477
f 470//470 472//472 396//396
f 396//396 472//472 477//477
f 396//396 477//477 389//389
f 397//397 478//478 396//396
f 396//396 478//478 479//479
f 396//396 479//479 470//470
f 425//425 480//480 481//481
f 425//425 481//481 423//423
f 423//423 481//481 482//482
f 423//423 482//482 420//420
f 483//483 484//484 485//485
f 483//483 485//485 486//486
f 486//486 485//485 487//487
f 486//486 487//487 488//488
f 489//489 490//490 491//491
f 491//491 490//490 492//492
f 493//493 494//494 492//492
f 492//492 494//494 495//495
f 492//492 495//495 491//491
f 493//493 496//496 494//494
f 494//494 496//496 497//497
f 494//494 497//497 498//498
f 499//499 500//500 501//501
f 501//501 500//500 502//502
f 499//499 501//501 503//503
f 503//503 501//501 504//504
f 503//503 504//504 505//505
f 506//506 507//507 508//508
f 508//508 507//507 509//509
f 508//508 509//509 510//510
f 510//510 509//509 511//511
f 512//512 500//500 513//513
f 513//513 500//500 514//514
f 513//513 514//514 515//515
f 515//515 514//514 516//516
f 515//515 516//516 517//517
f 518//518 519//519 520//520
f 518//518 520//520 521//521
f 521//521 520//520 522//522
f 521//521 522//522 523//523
f 524//524 525//525 526//526
f 526//526 525//525 527//527
f 526//526 527//527 528//528
f 528//528 527//527 484//484
f 528//528 484//484 529//529
f 58//58 530//530 56//56
f 56//56 530//530 531//531
f 56//56 531//531 54//54
f 54//54 531//531 532//532
f 54//54 532//532 52//52
f 52//52 532//532 533//533
f 52//52 533//533 50//50
f 50//50 533//533 534//534
f 50//50 534//534 48//48
f 48//48 534//534 535//535
f 48//48 535//535 46//46
f 46//46 535//535 536//536
f 523//523 522//522 537//537
f 538//538 539//539 540//540
f 540//540 539//539 541//541
f 542//542 543//543 539//539
f 539//539 543//543 544//544
f 539//539 544//544 541//541
f 542//542 539//539 545//545
f 545//545 539//539 546//546
f 545//545 546//546 547//547
f 538//538 548//548 539//539
f 539//539 548//548 549//549
f 539//539 549//549 546//546
f 546//546 550//550 547//547
f 547//547 550//550 551//551
f 547//547 551//551 552//552
f 552//552 551//551 553//553
f 554//554 555//555 556//556
f 554//554 556//556 557//557
f 557//557 556//556 93//93
f 93//93 556//556 558//558
f 93//93 558//558 80//80
f 555//555 523//523 556//556
f 556//556 523//523 537//537
f 556//556 537//537 559//559
f 559//559 537//537 560//560
f 559//559 560//560 561//561
f 561//561 560//560 562//562
f 561//561 562//562 553//553
f 553//553 562//562 563//563
f 553//553 563//563 552//552
f 564//564 565//565 566//566
f 567//567 529//529 568//568
f 568//568 529//529 484//484
f 568//568 484//484 566//566
f 566//566 484//484 483//483
f 566//566 483//483 564//564
f 569//569 570//570 571//571
f 571//571 570//570 564//564
f 571//571 564//564 572//572
f 572//572 564//564 483//483
f 573//573 574//574 575//575
f 575//575 574//574 576//576
f 576//576 574//574 577//577
f 577//577 574//574 578//578
f 577//577 578//578 579//579
f 580//580 581//581 518//518
f 582//582 518//518 521//521
f 521//521 523//523 583//583
f 583//583 523//523 555//555
f 583//583 555//555 584//584
f 584//584 555//555 554//554
f 584//584 554//554 585//585
f 585//585 554//554 557//557
f 586//586 585//585 587//587
f 587//587 585//585 557//557
f 587//587 557//557 93//93
f 521//521 583//583 582//582
f 582//582 583//583 584//584
f 582//582 584//584 588//588
f 588//588 584//584 585//585
f 588//588 585//585 589//589
f 589//589 585//585 586//586
f 589//589 586//586 590//590
f 518//518 582//582 580//580
f 580//580 582//582 588//588
f 580//580 588//588 591//591
f 591//591 588//588 589//589
f 591//591 589//589 592//592
f 592//592 589//589 590//590
f 592//592 590//590 593//593
f 529//529 581//581 528//528
f 528//528 581//581 580//580
f 528//528 580//580 526//526
f 526//526 580//580 591//591
f 526//526 591//591 524//524
f 524//524 591//591 592//592
f 524//524 592//592 594//594
f 594//594 592//592 593//593
f 595//595 596//596 597//597
f 598//598 599//599 579//579
f 579//579 599//599 577//577
f 600//600 575//575 576//576
f 573//573 575//575 601//601
f 601//601 575//575 600//600
f 601//601 600//600 602//602
f 602//602 600//600 597//597
f 602//602 597//597 603//603
f 603//603 597//597 596//596
f 604//604 87//87 605//605
f 605//605 87//87 86//86
f 606//606 91//91 607//607
f 607//607 91//91 90//90
f 608//608 606//606 609//609
f 609//609 606//606 607//607
f 609//609 607//607 610//610
f 610//610 607//607 90//90
f 610//610 90//90 88//88
f 605//605 595//595 604//604
f 604//604 595//595 597//597
f 604//604 597//597 611//611
f 611//611 597//597 600//600
f 611//611 600//600 599//599
f 599//599 600//600 576//576
f 599//599 576//576 577//577
f 598//598 608//608 599//599
f 599//599 608//608 609//609
f 599//599 609//609 611//611
f 611//611 609//609 610//610
f 611//611 610//610 604//604
f 604//604 610//610 88//88
f 604//604 88//88 87//87
f 92//92 91//91 606//606
f 93//93 92//92 612//612
f 92//92 606//606 612//612
f 612//612 606//606 608//608
f 612//612 608//608 613//613
f 613//613 608//608 598//598
f 613//613 598//598 614//614
f 614//614 598//598 579//579
f 614//614 579//579 615//615
f 93//93 612//612 587//587
f 587//587 612//612 613//613
f 587//587 613//613 586//586
f 586//586 613//613 614//614
f 586//586 614//614 590//590
f 590//590 614//614 615//615
f 590//590 615//615 593//593
f 616//616 617//617 618//618
f 617//617 616//616 619//619
f 515//515 517//517 616//616
f 616//616 517//517 620//620
f 616//616 620//620 619//619
f 616//616 621//621 515//515
f 515//515 621//621 622//622
f 515//515 622//622 513//513
f 623//623 624//624 625//625
f 625//625 624//624 626//626
f 625//625 626//626 627//627
f 627//627 626//626 628//628
f 627//627 628//628 629//629
f 629//629 628//628 630//630
f 510//510 629//629 508//508
f 508//508 629//629 630//630
f 508//508 630//630 506//506
f 623//623 625//625 631//631
f 631//631 625//625 627//627
f 631//631 627//627 632//632
f 632//632 627//627 629//629
f 632//632 629//629 633//633
f 633//633 629//629 510//510
f 633//633 510//510 634//634
f 512//512 513//513 634//634
f 634//634 513//513 622//622
f 634//634 622//622 633//633
f 633//633 622//622 621//621
f 633//633 621//621 632//632
f 632//632 621//621 616//616
f 632//632 616//616 631//631
f 631//631 616//616 618//618
f 631//631 618//618 623//623
f 635//635 636//636 637//637
f 619//619 635//635 638//638
f 635//635 637//637 638//638
f 638//638 637//637 639//639
f 638//638 639//639 640//640
f 640//640 639//639 641//641
f 640//640 641//641 642//642
f 642//642 641//641 643//643
f 642//642 643//643 644//644
f 619//619 638//638 617//617
f 617//617 638//638 640//640
f 617//617 640//640 618//618
f 618//618 640//640 642//642
f 618//618 642//642 623//623
f 623//623 642//642 644//644
f 623//623 644//644 624//624
f 645//645 646//646 647//647
f 648//648 649//649 650//650
f 650//650 649//649 651//651
f 650//650 651//651 652//652
f 648//648 650//650 653//653
f 653//653 650//650 654//654
f 653//653 654//654 655//655
f 645//645 647//647 656//656
f 646//646 657//657 647//647
f 647//647 657//657 658//658
f 647//647 658//658 659//659
f 659//659 658//658 660//660
f 659//659 660//660 661//661
f 661//661 660//660 662//662
f 639//639 661//661 641//641
f 641//641 661//661 662//662
f 641//641 662//662 643//643
f 656//656 647//647 663//663
f 663//663 647//647 659//659
f 663//663 659//659 664//664
f 664//664 659//659 661//661
f 664//664 661//661 665//665
f 665//665 661//661 639//639
f 665//665 639//639 637//637
f 636//636 655//655 637//637
f 637//637 655//655 654//654
f 637//637 654//654 665//665
f 665//665 654//654 650//650
f 665//665 650//650 664//664
f 664//664 650//650 652//652
f 664//664 652//652 663//663
f 663//663 652//652 666//666
f 663//663 666//666 656//656
f 636//636 667//667 655//655
f 655//655 667//667 668//668
f 655//655 668//668 653//653
f 653//653 668//668 648//648
f 669//669 670//670 502//502
f 671//671 672//672 673//673
f 673//673 672//672 674//674
f 512//512 675//675 500//500
f 500//500 675//675 676//676
f 500//500 676//676 502//502
f 502//502 676//676 673//673
f 502//502 673//673 669//669
f 669//669 673//673 674//674
f 669//669 674//674 677//677
f 678//678 679//679 680//680
f 681//681 507//507 506//506
f 630//630 628//628 682//682
f 682//682 628//628 626//626
f 682//682 626//626 683//683
f 683//683 626//626 624//624
f 683//683 624//624 684//684
f 684//684 624//624 685//685
f 686//686 687//687 688//688
f 688//688 687//687 681//681
f 688//688 681//681 682//682
f 682//682 681//681 506//506
f 682//682 506//506 630//630
f 686//686 688//688 679//679
f 679//679 688//688 689//689
f 679//679 689//689 680//680
f 678//678 680//680 690//690
f 690//690 680//680 691//691
f 690//690 691//691 692//692
f 693//693 694//694 695//695
f 695//695 694//694 696//696
f 697//697 698//698 694//694
f 694//694 698//698 699//699
f 694//694 699//699 696//696
f 697//697 694//694 700//700
f 700//700 694//694 701//701
f 700//700 701//701 692//692
f 692//692 701//701 702//702
f 692//692 702//702 690//690
f 693//693 703//703 694//694
f 694//694 703//703 704//704
f 694//694 704//704 701//701
f 705//705 657//657 706//706
f 705//705 706//706 707//707
f 707//707 706//706 708//708
f 707//707 708//708 709//709
f 708//708 710//710 709//709
f 709//709 710//710 711//711
f 709//709 711//711 712//712
f 711//711 713//713 712//712
f 712//712 713//713 714//714
f 712//712 714//714 715//715
f 715//715 714//714 336//336
f 715//715 336//336 299//299
f 716//716 717//717 718//718
f 719//719 720//720 721//721
f 721//721 720//720 722//722
f 722//722 720//720 684//684
f 722//722 684//684 685//685
f 721//721 723//723 719//719
f 719//719 723//723 724//724
f 719//719 724//724 725//725
f 725//725 724//724 726//726
f 725//725 726//726 727//727
f 497//497 728//728 729//729
f 729//729 728//728 730//730
f 728//728 716//716 730//730
f 730//730 716//716 718//718
f 730//730 718//718 731//731
f 731//731 718//718 732//732
f 731//731 732//732 733//733
f 733//733 732//732 734//734
f 733//733 734//734 727//727
f 727//727 734//734 735//735
f 727//727 735//735 725//725
f 725//725 735//735 736//736
f 725//725 736//736 719//719
f 719//719 736//736 682//682
f 719//719 682//682 720//720
f 720//720 682//682 683//683
f 720//720 683//683 684//684
f 737//737 700//700 738//738
f 738//738 700//700 692//692
f 738//738 692//692 739//739
f 739//739 692//692 691//691
f 739//739 691//691 740//740
f 740//740 691//691 680//680
f 740//740 680//680 741//741
f 741//741 680//680 689//689
f 741//741 689//689 688//688
f 726//726 742//742 727//727
f 727//727 742//742 743//743
f 727//727 743//743 733//733
f 733//733 743//743 744//744
f 733//733 744//744 731//731
f 731//731 744//744 745//745
f 731//731 745//745 730//730
f 730//730 745//745 746//746
f 730//730 746//746 729//729
f 717//717 737//737 718//718
f 718//718 737//737 738//738
f 718//718 738//738 732//732
f 732//732 738//738 739//739
f 732//732 739//739 734//734
f 734//734 739//739 740//740
f 734//734 740//740 735//735
f 735//735 740//740 741//741
f 735//735 741//741 736//736
f 736//736 741//741 688//688
f 736//736 688//688 682//682
f 747//747 748//748 749//749
f 750//750 751//751 752//752
f 716//716 728//728 753//753
f 717//717 716//716 754//754
f 754//754 716//716 753//753
f 754//754 753//753 755//755
f 755//755 753//753 756//756
f 755//755 756//756 757//757
f 757//757 756//756 758//758
f 757//757 758//758 759//759
f 759//759 758//758 760//760
f 759//759 760//760 761//761
f 761//761 760//760 762//762
f 761//761 762//762 763//763
f 763//763 762//762 764//764
f 763//763 764//764 765//765
f 765//765 764//764 752//752
f 765//765 752//752 766//766
f 766//766 752//752 751//751
f 747//747 749//749 767//767
f 700//700 737//737 697//697
f 697//697 737//737 768//768
f 697//697 768//768 698//698
f 698//698 768//768 769//769
f 698//698 769//769 699//699
f 699//699 769//769 770//770
f 699//699 770//770 696//696
f 696//696 770//770 771//771
f 696//696 771//771 695//695
f 695//695 771//771 772//772
f 695//695 772//772 693//693
f 693//693 772//772 773//773
f 693//693 773//773 703//703
f 703//703 773//773 749//749
f 703//703 749//749 704//704
f 704//704 749//749 748//748
f 728//728 497//497 753//753
f 753//753 497//497 496//496
f 753//753 496//496 756//756
f 756//756 496//496 493//493
f 756//756 493//493 758//758
f 758//758 493//493 492//492
f 758//758 492//492 760//760
f 760//760 492//492 490//490
f 760//760 490//490 762//762
f 762//762 490//490 774//774
f 762//762 774//774 764//764
f 764//764 774//774 775//775
f 764//764 775//775 752//752
f 752//752 775//775 776//776
f 752//752 776//776 750//750
f 750//750 776//776 777//777
f 737//737 717//717 768//768
f 768//768 717//717 754//754
f 768//768 754//754 769//769
f 769//769 754//754 755//755
f 769//769 755//755 770//770
f 770//770 755//755 757//757
f 770//770 757//757 771//771
f 771//771 757//757 759//759
f 771//771 759//759 772//772
f 772//772 759//759 761//761
f 772//772 761//761 773//773
f 773//773 761//761 763//763
f 773//773 763//763 749//749
f 749//749 763//763 765//765
f 749//749 765//765 767//767
f 767//767 765//765 766//766
f 750//750 777//777 778//778
f 681//681 687//687 779//779
f 701//701 704//704 748//748
f 780//780 781//781 782//782
f 782//782 781//781 783//783
f 778//778 784//784 785//785
f 785//785 784//784 786//786
f 785//785 786//786 787//787
f 787//787 788//788 789//789
f 686//686 679//679 781//781
f 781//781 679//679 678//678
f 781//781 678//678 783//783
f 783//783 678//678 690//690
f 783//783 690//690 702//702
f 507//507 681//681 790//790
f 790//790 681//681 779//779
f 790//790 779//779 791//791
f 791//791 779//779 789//789
f 791//791 789//789 792//792
f 792//792 789//789 788//788
f 792//792 788//788 793//793
f 751//751 794//794 766//766
f 766//766 794//794 782//782
f 766//766 782//782 767//767
f 767//767 782//782 747//747
f 747//747 782//782 783//783
f 747//747 783//783 748//748
f 748//748 783//783 702//702
f 748//748 702//702 701//701
f 786//786 795//795 787//787
f 787//787 795//795 796//796
f 787//787 796//796 788//788
f 788//788 796//796 797//797
f 788//788 797//797 793//793
f 793//793 797//797 798//798
f 793//793 798//798 799//799
f 687//687 686//686 779//779
f 779//779 686//686 781//781
f 779//779 781//781 789//789
f 789//789 781//781 780//780
f 789//789 780//780 787//787
f 787//787 780//780 782//782
f 787//787 782//782 785//785
f 785//785 782//782 794//794
f 785//785 794//794 778//778
f 778//778 794//794 751//751
f 778//778 751//751 750//750
f 800//800 801//801 802//802
f 803//803 804//804 805//805
f 806//806 511//511 807//807
f 807//807 511//511 808//808
f 807//807 808//808 809//809
f 809//809 808//808 810//810
f 799//799 801//801 793//793
f 793//793 801//801 800//800
f 793//793 800//800 792//792
f 792//792 800//800 791//791
f 675//675 806//806 811//811
f 811//811 806//806 807//807
f 811//811 807//807 812//812
f 812//812 807//807 809//809
f 804//804 812//812 805//805
f 805//805 812//812 809//809
f 805//805 809//809 813//813
f 813//813 809//809 810//810
f 813//813 810//810 814//814
f 814//814 810//810 808//808
f 814//814 808//808 815//815
f 815//815 808//808 511//511
f 815//815 511//511 509//509
f 803//803 805//805 802//802
f 802//802 805//805 813//813
f 802//802 813//813 800//800
f 800//800 813//813 814//814
f 800//800 814//814 791//791
f 791//791 814//814 815//815
f 791//791 815//815 790//790
f 790//790 815//815 509//509
f 790//790 509//509 507//507
f 816//816 673//673 676//676
f 676//676 817//817 816//816
f 816//816 817//817 818//818
f 816//816 818//818 819//819
f 820//820 821//821 822//822
f 822//822 821//821 823//823
f 823//823 824//824 822//822
f 822//822 824//824 825//825
f 822//822 825//825 818//818
f 818//818 825//825 826//826
f 818//818 826//826 819//819
f 676//676 675//675 817//817
f 817//817 675//675 811//811
f 817//817 811//811 818//818
f 818//818 811//811 812//812
f 818//818 812//812 822//822
f 822//822 812//812 804//804
f 822//822 804//804 820//820
f 820//820 804//804 803//803
f 827//827 828//828 829//829
f 829//829 830//830 831//831
f 825//825 824//824 832//832
f 819//819 826//826 833//833
f 673//673 816//816 671//671
f 671//671 816//816 834//834
f 671//671 834//834 672//672
f 674//674 672//672 835//835
f 677//677 674//674 836//836
f 501//501 502//502 837//837
f 837//837 502//502 670//670
f 837//837 670//670 838//838
f 838//838 670//670 669//669
f 838//838 669//669 839//839
f 839//839 669//669 677//677
f 830//830 840//840 504//504
f 839//839 831//831 838//838
f 838//838 831//831 830//830
f 838//838 830//830 837//837
f 837//837 830//830 504//504
f 837//837 504//504 501//501
f 672//672 834//834 835//835
f 835//835 834//834 841//841
f 835//835 841//841 842//842
f 842//842 841//841 843//843
f 842//842 843//843 844//844
f 824//824 823//823 832//832
f 832//832 823//823 845//845
f 832//832 845//845 846//846
f 826//826 825//825 833//833
f 833//833 825//825 832//832
f 833//833 832//832 847//847
f 847//847 832//832 846//846
f 847//847 846//846 848//848
f 816//816 819//819 834//834
f 834//834 819//819 833//833
f 834//834 833//833 841//841
f 841//841 833//833 847//847
f 841//841 847//847 843//843
f 843//843 847//847 848//848
f 848//848 849//849 843//843
f 843//843 849//849 850//850
f 843//843 850//850 844//844
f 844//844 850//850 851//851
f 844//844 851//851 852//852
f 674//674 835//835 836//836
f 836//836 835//835 842//842
f 836//836 842//842 853//853
f 853//853 842//842 844//844
f 853//853 844//844 854//854
f 854//854 844//844 852//852
f 854//854 852//852 855//855
f 677//677 836//836 839//839
f 839//839 836//836 853//853
f 839//839 853//853 831//831
f 831//831 853//853 854//854
f 831//831 854//854 829//829
f 829//829 854//854 855//855
f 829//829 855//855 827//827
f 840//840 830//830 856//856
f 856//856 830//830 829//829
f 856//856 829//829 857//857
f 857//857 829//829 828//828
f 857//857 828//828 858//858
f 859//859 514//514 500//500
f 667//667 860//860 861//861
f 861//861 860//860 862//862
f 861//861 862//862 863//863
f 863//863 862//862 864//864
f 516//516 514//514 865//865
f 865//865 514//514 859//859
f 865//865 859//859 866//866
f 866//866 859//859 867//867
f 500//500 499//499 859//859
f 859//859 499//499 503//503
f 859//859 503//503 867//867
f 867//867 503//503 505//505
f 867//867 505//505 868//868
f 345//345 338//338 864//864
f 864//864 338//338 869//869
f 864//864 869//869 863//863
f 860//860 516//516 862//862
f 862//862 516//516 865//865
f 862//862 865//865 864//864
f 864//864 865//865 866//866
f 864//864 866//866 345//345
f 345//345 866//866 346//346
f 346//346 866//866 286//286
f 286//286 866//866 867//867
f 286//286 867//867 870//870
f 870//870 867//867 868//868
f 870//870 868//868 871//871
f 872//872 668//668 667//667
f 648//648 668//668 873//873
f 873//873 668//668 872//872
f 873//873 872//872 874//874
f 874//874 872//872 875//875
f 874//874 875//875 876//876
f 876//876 875//875 877//877
f 877//877 875//875 878//878
f 877//877 878//878 354//354
f 869//869 338//338 337//337
f 667//667 861//861 872//872
f 872//872 861//861 863//863
f 872//872 863//863 875//875
f 875//875 863//863 869//869
f 875//875 869//869 878//878
f 878//878 869//869 337//337
f 878//878 337//337 354//354
f 879//879 353//353 352//352
f 336//336 714//714 880//880
f 646//646 645//645 881//881
f 881//881 645//645 882//882
f 881//881 882//882 883//883
f 883//883 882//882 884//884
f 883//883 884//884 885//885
f 885//885 884//884 886//886
f 885//885 886//886 887//887
f 887//887 886//886 888//888
f 887//887 888//888 889//889
f 889//889 888//888 890//890
f 889//889 890//890 891//891
f 891//891 890//890 892//892
f 876//876 893//893 874//874
f 874//874 893//893 894//894
f 874//874 894//894 873//873
f 873//873 894//894 895//895
f 354//354 353//353 877//877
f 877//877 353//353 879//879
f 877//877 879//879 876//876
f 876//876 879//879 896//896
f 876//876 896//896 893//893
f 657//657 646//646 706//706
f 706//706 646//646 881//881
f 706//706 881//881 708//708
f 708//708 881//881 883//883
f 708//708 883//883 710//710
f 710//710 883//883 885//885
f 710//710 885//885 711//711
f 711//711 885//885 887//887
f 711//711 887//887 713//713
f 713//713 887//887 889//889
f 713//713 889//889 714//714
f 714//714 889//889 891//891
f 714//714 891//891 880//880
f 880//880 891//891 892//892
f 656//656 666//666 895//895
f 666//666 652//652 895//895
f 895//895 652//652 651//651
f 895//895 651//651 873//873
f 873//873 651//651 649//649
f 873//873 649//649 648//648
f 645//645 656//656 882//882
f 882//882 656//656 895//895
f 882//882 895//895 884//884
f 884//884 895//895 894//894
f 884//884 894//894 886//886
f 886//886 894//894 893//893
f 886//886 893//893 888//888
f 888//888 893//893 896//896
f 888//888 896//896 890//890
f 890//890 896//896 879//879
f 890//890 879//879 892//892
f 892//892 879//879 352//352
f 892//892 352//352 880//880
f 880//880 352//352 335//335
f 880//880 335//335 336//336
f 823//823 897//897 845//845
f 845//845 897//897 898//898
f 845//845 898//898 846//846
f 846//846 898//898 899//899
f 846//846 899//899 848//848
f 848//848 899//899 900//900
f 848//848 900//900 849//849
f 849//849 900//900 901//901
f 849//849 901//901 850//850
f 850//850 901//901 902//902
f 850//850 902//902 851//851
f 851//851 902//902 903//903
f 851//851 903//903 852//852
f 852//852 903//903 904//904
f 852//852 904//904 855//855
f 855//855 904//904 905//905
f 855//855 905//905 827//827
f 827//827 905//905 906//906
f 827//827 906//906 828//828
f 828//828 906//906 907//907
f 828//828 907//907 858//858
f 858//858 907//907 908//908
f 909//909 910//910 797//797
f 786//786 784//784 911//911
f 911//911 784//784 778//778
f 911//911 778//778 912//912
f 777//777 913//913 778//778
f 778//778 913//913 914//914
f 778//778 914//914 912//912
f 786//786 911//911 795//795
f 795//795 911//911 915//915
f 795//795 915//915 796//796
f 796//796 915//915 797//797
f 797//797 915//915 916//916
f 797//797 916//916 909//909
f 917//917 803//803 802//802
f 802//802 801//801 917//917
f 917//917 801//801 799//799
f 917//917 799//799 910//910
f 910//910 799//799 798//798
f 910//910 798//798 797//797
f 918//918 919//919 820//820
f 803//803 917//917 820//820
f 820//820 917//917 920//920
f 820//820 920//920 918//918
f 919//919 921//921 820//820
f 820//820 921//921 922//922
f 820//820 922//922 821//821
f 821//821 922//922 923//923
f 821//821 923//923 823//823
f 823//823 923//923 897//897
f 924//924 66//66 68//68
f 68//68 70//70 924//924
f 924//924 70//70 78//78
f 924//924 78//78 925//925
f 925//925 78//78 77//77
f 925//925 77//77 76//76
f 742//742 926//926 743//743
f 743//743 926//926 744//744
f 744//744 926//926 745//745
f 745//745 926//926 927//927
f 745//745 927//927 928//928
f 928//928 61//61 929//929
f 61//61 63//63 929//929
f 929//929 63//63 65//65
f 929//929 65//65 930//930
f 930//930 65//65 66//66
f 930//930 66//66 931//931
f 931//931 66//66 924//924
f 724//724 932//932 726//726
f 726//726 932//932 933//933
f 726//726 933//933 742//742
f 742//742 933//933 934//934
f 742//742 934//934 926//926
f 928//928 929//929 745//745
f 745//745 929//929 935//935
f 745//745 935//935 746//746
f 498//498 497//497 935//935
f 935//935 497//497 729//729
f 935//935 729//729 746//746
f 86//86 85//85 936//936
f 303//303 314//314 937//937
f 938//938 939//939 936//936
f 936//936 939//939 940//940
f 936//936 940//940 86//86
f 303//303 937//937 941//941
f 941//941 937//937 942//942
f 941//941 942//942 943//943
f 943//943 942//942 944//944
f 943//943 944//944 938//938
f 938//938 944//944 945//945
f 938//938 945//945 939//939
f 946//946 947//947 498//498
f 948//948 949//949 950//950
f 82//82 80//80 558//558
f 82//82 558//558 83//83
f 951//951 74//74 952//952
f 952//952 74//74 72//72
f 551//551 949//949 553//553
f 553//553 949//949 948//948
f 553//553 948//948 561//561
f 953//953 550//550 954//954
f 954//954 550//550 546//546
f 954//954 546//546 549//549
f 946//946 950//950 955//955
f 955//955 950//950 949//949
f 955//955 949//949 953//953
f 953//953 949//949 551//551
f 953//953 551//551 550//550
f 929//929 930//930 956//956
f 559//559 957//957 958//958
f 72//72 83//83 952//952
f 952//952 83//83 558//558
f 952//952 558//558 951//951
f 951//951 558//558 556//556
f 951//951 556//556 959//959
f 559//559 561//561 957//957
f 957//957 561//561 948//948
f 957//957 948//948 960//960
f 960//960 948//948 950//950
f 960//960 950//950 961//961
f 961//961 950//950 946//946
f 961//961 946//946 935//935
f 935//935 946//946 498//498
f 954//954 962//962 953//953
f 953//953 962//962 963//963
f 953//953 963//963 955//955
f 955//955 963//963 964//964
f 955//955 964//964 946//946
f 946//946 964//964 965//965
f 946//946 965//965 947//947
f 930//930 931//931 956//956
f 956//956 931//931 966//966
f 956//956 966//966 967//967
f 967//967 966//966 959//959
f 931//931 924//924 966//966
f 966//966 924//924 925//925
f 966//966 925//925 959//959
f 959//959 925//925 76//76
f 959//959 76//76 951//951
f 951//951 76//76 75//75
f 951//951 75//75 74//74
f 935//935 929//929 961//961
f 961//961 929//929 956//956
f 961//961 956//956 960//960
f 960//960 956//956 967//967
f 960//960 967//967 957//957
f 957//957 967//967 959//959
f 957//957 959//959 958//958
f 958//958 959//959 556//556
f 958//958 556//556 559//559
f 968//968 969//969 970//970
f 965//965 964//964 971//971
f 972//972 973//973 974//974
f 975//975 976//976 977//977
f 969//969 972//972 970//970
f 970//970 972//972 974//974
f 970//970 974//974 978//978
f 978//978 974//974 979//979
f 978//978 979//979 980//980
f 980//980 979//979 981//981
f 980//980 981//981 982//982
f 982//982 981//981 983//983
f 982//982 983//983 984//984
f 984//984 983//983 985//985
f 984//984 985//985 986//986
f 986//986 985//985 987//987
f 986//986 987//987 971//971
f 971//971 987//987 988//988
f 971//971 988//988 965//965
f 965//965 988//988 947//947
f 989//989 990//990 549//549
f 963//963 962//962 990//990
f 990//990 962//962 954//954
f 990//990 954//954 549//549
f 545//545 975//975 542//542
f 542//542 975//975 977//977
f 542//542 977//977 543//543
f 543//543 977//977 991//991
f 543//543 991//991 544//544
f 544//544 991//991 992//992
f 544//544 992//992 541//541
f 541//541 992//992 993//993
f 541//541 993//993 540//540
f 540//540 993//993 994//994
f 540//540 994//994 538//538
f 538//538 994//994 989//989
f 538//538 989//989 548//548
f 548//548 989//989 549//549
f 973//973 913//913 974//974
f 974//974 913//913 995//995
f 974//974 995//995 979//979
f 979//979 995//995 996//996
f 979//979 996//996 981//981
f 981//981 996//996 997//997
f 981//981 997//997 983//983
f 983//983 997//997 489//489
f 983//983 489//489 985//985
f 985//985 489//489 491//491
f 985//985 491//491 987//987
f 987//987 491//491 495//495
f 987//987 495//495 988//988
f 988//988 495//495 494//494
f 988//988 494//494 947//947
f 947//947 494//494 498//498
f 976//976 968//968 977//977
f 977//977 968//968 970//970
f 977//977 970//970 991//991
f 991//991 970//970 978//978
f 991//991 978//978 992//992
f 992//992 978//978 980//980
f 992//992 980//980 993//993
f 993//993 980//980 982//982
f 993//993 982//982 994//994
f 994//994 982//982 984//984
f 994//994 984//984 989//989
f 989//989 984//984 986//986
f 989//989 986//986 990//990
f 990//990 986//986 971//971
f 990//990 971//971 963//963
f 963//963 971//971 964//964
f 998//998 972//972 969//969
f 552//552 563//563 999//999
f 999//999 563//563 562//562
f 999//999 562//562 1000//1000
f 1000//1000 562//562 560//560
f 1000//1000 560//560 1001//1001
f 1001//1001 560//560 537//537
f 1001//1001 537//537 522//522
f 972//972 998//998 973//973
f 973//973 998//998 914//914
f 973//973 914//914 913//913
f 1002//1002 1003//1003 1004//1004
f 1005//1005 976//976 547//547
f 547//547 976//976 975//975
f 547//547 975//975 545//545
f 1003//1003 998//998 1004//1004
f 1004//1004 998//998 969//969
f 1004//1004 969//969 1005//1005
f 1005//1005 969//969 968//968
f 1005//1005 968//968 976//976
f 1006//1006 917//917 1007//1007
f 1007//1007 917//917 910//910
f 1001//1001 1008//1008 1000//1000
f 1000//1000 1008//1008 1009//1009
f 1000//1000 1009//1009 999//999
f 999//999 1009//1009 1010//1010
f 910//910 909//909 1007//1007
f 1007//1007 909//909 916//916
f 1007//1007 916//916 1002//1002
f 1002//1002 916//916 915//915
f 1002//1002 915//915 1003//1003
f 1003//1003 915//915 911//911
f 1003//1003 911//911 998//998
f 998//998 911//911 912//912
f 998//998 912//912 914//914
f 547//547 552//552 1005//1005
f 1005//1005 552//552 999//999
f 1005//1005 999//999 1004//1004
f 1004//1004 999//999 1010//1010
f 1004//1004 1010//1010 1002//1002
f 1002//1002 1010//1010 1009//1009
f 1002//1002 1009//1009 1007//1007
f 1007//1007 1009//1009 1008//1008
f 1007//1007 1008//1008 1006//1006
f 1011//1011 1012//1012 1013//1013
f 1014//1014 1013//1013 1015//1015
f 1015//1015 921//921 1016//1016
f 1016//1016 921//921 919//919
f 1016//1016 919//919 1017//1017
f 1017//1017 919//919 918//918
f 1017//1017 918//918 1018//1018
f 1018//1018 918//918 920//920
f 1008//1008 1018//1018 1006//1006
f 1006//1006 1018//1018 920//920
f 1006//1006 920//920 917//917
f 1015//1015 1016//1016 1014//1014
f 1014//1014 1016//1016 1017//1017
f 1014//1014 1017//1017 1019//1019
f 1019//1019 1017//1017 1018//1018
f 1019//1019 1018//1018 1020//1020
f 1020//1020 1018//1018 1008//1008
f 1020//1020 1008//1008 1001//1001
f 1013//1013 1014//1014 1011//1011
f 1011//1011 1014//1014 1019//1019
f 1011//1011 1019//1019 1021//1021
f 1021//1021 1019//1019 1020//1020
f 1021//1021 1020//1020 1022//1022
f 1022//1022 1020//1020 1001//1001
f 1022//1022 1001//1001 522//522
f 567//567 1012//1012 1023//1023
f 1023//1023 1012//1012 1011//1011
f 1023//1023 1011//1011 1024//1024
f 1024//1024 1011//1011 1021//1021
f 1024//1024 1021//1021 519//519
f 519//519 1021//1021 1022//1022
f 519//519 1022//1022 520//520
f 520//520 1022//1022 522//522
f 922//922 921//921 1015//1015
f 922//922 1015//1015 923//923
f 1025//1025 1026//1026 1027//1027
f 1026//1026 1025//1025 1028//1028
f 1028//1028 1025//1025 1029//1029
f 1028//1028 1029//1029 1030//1030
f 1030//1030 1029//1029 1031//1031
f 1030//1030 1031//1031 1032//1032
f 1032//1032 1031//1031 568//568
f 1032//1032 568//568 566//566
f 567//567 568//568 1012//1012
f 1012//1012 568//568 1031//1031
f 1012//1012 1031//1031 1013//1013
f 1013//1013 1031//1031 1029//1029
f 1013//1013 1029//1029 1015//1015
f 1015//1015 1029//1029 1025//1025
f 1015//1015 1025//1025 923//923
f 923//923 1025//1025 1027//1027
f 923//923 1027//1027 897//897
f 899//899 898//898 1033//1033
f 1033//1033 1034//1034 1035//1035
f 1036//1036 1037//1037 1038//1038
f 488//488 1039//1039 1040//1040
f 483//483 486//486 572//572
f 572//572 486//486 1041//1041
f 572//572 1041//1041 571//571
f 569//569 571//571 1042//1042
f 570//570 569//569 1043//1043
f 1032//1032 566//566 1044//1044
f 1044//1044 566//566 565//565
f 1044//1044 565//565 1045//1045
f 1045//1045 565//565 564//564
f 1045//1045 564//564 1046//1046
f 1046//1046 564//564 570//570
f 1034//1034 1028//1028 1030//1030
f 1046//1046 1035//1035 1045//1045
f 1045//1045 1035//1035 1034//1034
f 1045//1045 1034//1034 1044//1044
f 1044//1044 1034//1034 1030//1030
f 1044//1044 1030//1030 1032//1032
f 571//571 1041//1041 1042//1042
f 1042//1042 1041//1041 1047//1047
f 1042//1042 1047//1047 1048//1048
f 1048//1048 1047//1047 1049//1049
f 1048//1048 1049//1049 1050//1050
f 1037//1037 908//908 1038//1038
f 1038//1038 908//908 907//907
f 1038//1038 907//907 906//906
f 1039//1039 1036//1036 1040//1040
f 1040//1040 1036//1036 1038//1038
f 1040//1040 1038//1038 1051//1051
f 1051//1051 1038//1038 906//906
f 1051//1051 906//906 905//905
f 486//486 488//488 1041//1041
f 1041//1041 488//488 1040//1040
f 1041//1041 1040//1040 1047//1047
f 1047//1047 1040//1040 1051//1051
f 1047//1047 1051//1051 1049//1049
f 1049//1049 1051//1051 905//905
f 905//905 904//904 1049//1049
f 1049//1049 904//904 903//903
f 1049//1049 903//903 1050//1050
f 1050//1050 903//903 902//902
f 1050//1050 902//902 901//901
f 569//569 1042//1042 1043//1043
f 1043//1043 1042//1042 1048//1048
f 1043//1043 1048//1048 1052//1052
f 1052//1052 1048//1048 1050//1050
f 1052//1052 1050//1050 1053//1053
f 1053//1053 1050//1050 901//901
f 1053//1053 901//901 900//900
f 570//570 1043//1043 1046//1046
f 1046//1046 1043//1043 1052//1052
f 1046//1046 1052//1052 1035//1035
f 1035//1035 1052//1052 1053//1053
f 1035//1035 1053//1053 1033//1033
f 1033//1033 1053//1053 900//900
f 1033//1033 900//900 899//899
f 1028//1028 1034//1034 1026//1026
f 1026//1026 1034//1034 1033//1033
f 1026//1026 1033//1033 1027//1027
f 1027//1027 1033//1033 898//898
f 1027//1027 898//898 897//897
f 484//484 527//527 485//485
f 485//485 527//527 1054//1054
f 485//485 1054//1054 487//487
f 487//487 1054//1054 1055//1055
f 487//487 1055//1055 1056//1056
f 1056//1056 1055//1055 1057//1057
f 1056//1056 1057//1057 1058//1058
f 525//525 1059//1059 1060//1060
f 1060//1060 1059//1059 1061//1061
f 1060//1060 1061//1061 1062//1062
f 1062//1062 1061//1061 1063//1063
f 1062//1062 1063//1063 1064//1064
f 1064//1064 1063//1063 1065//1065
f 1059//1059 578//578 1061//1061
f 1061//1061 578//578 1066//1066
f 1061//1061 1066//1066 1063//1063
f 1063//1063 1066//1066 1067//1067
f 1063//1063 1067//1067 1065//1065
f 1065//1065 1067//1067 1068//1068
f 302//302 301//301 1057//1057
f 1057//1057 301//301 1069//1069
f 1057//1057 1069//1069 1058//1058
f 527//527 525//525 1054//1054
f 1054//1054 525//525 1060//1060
f 1054//1054 1060//1060 1055//1055
f 1055//1055 1060//1060 1062//1062
f 1055//1055 1062//1062 1057//1057
f 1057//1057 1062//1062 1064//1064
f 1057//1057 1064//1064 302//302
f 302//302 1064//1064 1065//1065
f 302//302 1065//1065 309//309
f 309//309 1065//1065 1068//1068
f 309//309 1068//1068 310//310
f 1070//1070 339//339 310//310
f 340//340 339//339 1071//1071
f 1071//1071 339//339 1070//1070
f 1071//1071 1070//1070 1072//1072
f 1072//1072 1070//1070 1073//1073
f 1072//1072 1073//1073 1074//1074
f 1074//1074 1073//1073 1075//1075
f 1074//1074 1075//1075 1076//1076
f 1076//1076 1075//1075 573//573
f 1066//1066 578//578 574//574
f 310//310 1068//1068 1070//1070
f 1070//1070 1068//1068 1067//1067
f 1070//1070 1067//1067 1073//1073
f 1073//1073 1067//1067 1066//1066
f 1073//1073 1066//1066 1075//1075
f 1075//1075 1066//1066 574//574
f 1075//1075 574//574 573//573
f 1077//1077 1071//1071 1072//1072
f 1078//1078 316//316 318//318
f 605//605 86//86 940//940
f 1079//1079 1080//1080 1081//1081
f 1082//1082 1083//1083 1077//1077
f 1081//1081 1080//1080 1084//1084
f 1084//1084 1080//1080 1085//1085
f 1084//1084 1085//1085 1086//1086
f 1086//1086 1085//1085 1087//1087
f 1086//1086 1087//1087 1082//1082
f 1088//1088 601//601 602//602
f 605//605 940//940 595//595
f 340//340 1071//1071 341//341
f 341//341 1071//1071 1077//1077
f 341//341 1077//1077 318//318
f 318//318 1077//1077 1083//1083
f 318//318 1083//1083 1078//1078
f 596//596 595//595 1089//1089
f 1089//1089 595//595 940//940
f 1089//1089 940//940 1090//1090
f 1090//1090 940//940 939//939
f 1090//1090 939//939 1091//1091
f 1091//1091 939//939 945//945
f 1091//1091 945//945 1092//1092
f 1092//1092 945//945 944//944
f 1092//1092 944//944 1093//1093
f 1093//1093 944//944 942//942
f 1093//1093 942//942 1094//1094
f 1094//1094 942//942 937//937
f 573//573 601//601 1076//1076
f 1076//1076 601//601 1088//1088
f 1076//1076 1088//1088 1074//1074
f 1082//1082 1077//1077 1086//1086
f 1086//1086 1077//1077 1072//1072
f 1086//1086 1072//1072 1084//1084
f 1084//1084 1072//1072 1074//1074
f 1084//1084 1074//1074 1081//1081
f 1081//1081 1074//1074 1088//1088
f 1081//1081 1088//1088 1079//1079
f 1079//1079 1088//1088 602//602
f 1079//1079 602//602 603//603
f 603//603 596//596 1079//1079
f 1079//1079 596//596 1089//1089
f 1079//1079 1089//1089 1080//1080
f 1080//1080 1089//1089 1090//1090
f 1080//1080 1090//1090 1085//1085
f 1085//1085 1090//1090 1091//1091
f 1085//1085 1091//1091 1087//1087
f 1087//1087 1091//1091 1092//1092
f 1087//1087 1092//1092 1082//1082
f 1082//1082 1092//1092 1093//1093
f 1082//1082 1093//1093 1083//1083
f 1083//1083 1093//1093 1094//1094
f 1083//1083 1094//1094 1078//1078
f 1078//1078 1094//1094 937//937
f 1078//1078 937//937 316//316
f 316//316 937//937 314//314
f 426//426 389//389 477//477
f 454//454 455//455 477//477
f 477//477 455//455 456//456
f 469//469 452//452 477//477
f 477//477 452//452 453//453
f 477//477 453//453 454//454
f 456//456 457//457 477//477
f 477//477 457//457 458//458
f 477//477 458//458 459//459
f 1095//1095 1096//1096 1097//1097
f 469//469 405//405 452//452
f 452//452 405//405 462//462
f 452//452 462//462 429//429
f 429//429 462//462 1095//1095
f 429//429 1095//1095 1098//1098
f 1098//1098 1095//1095 1097//1097
f 1099//1099 1100//1100 459//459
f 459//459 1100//1100 1101//1101
f 1102//1102 1103//1103 1104//1104
f 1104//1104 1103//1103 1105//1105
f 1104//1104 1105//1105 1106//1106
f 1106//1106 1105//1105 426//426
f 1106//1106 426//426 1107//1107
f 1107//1107 426//426 477//477
f 1107//1107 477//477 1108//1108
f 1108//1108 477//477 459//459
f 1108//1108 459//459 1109//1109
f 1101//1101 1110//1110 459//459
f 459//459 1110//1110 1111//1111
f 459//459 1111//1111 1109//1109
f 1099//1099 459//459 1112//1112
f 1112//1112 459//459 460//460
f 1112//1112 460//460 461//461
f 27//27 424//424 25//25
f 25//25 424//424 1113//1113
f 25//25 1113//1113 23//23
f 23//23 1113//1113 1114//1114
f 23//23 1114//1114 21//21
f 21//21 1114//1114 1115//1115
f 21//21 1115//1115 19//19
f 19//19 1115//1115 1116//1116
f 19//19 1116//1116 17//17
f 17//17 1116//1116 1117//1117
f 17//17 1117//1117 15//15
f 15//15 1117//1117 1118//1118
f 15//15 1118//1118 13//13
f 13//13 1118//1118 1119//1119
f 13//13 1119//1119 11//11
f 11//11 1119//1119 1120//1120
f 11//11 1120//1120 9//9
f 9//9 1120//1120 1121//1121
f 9//9 1121//1121 7//7
f 7//7 1121//1121 1122//1122
f 7//7 1122//1122 5//5
f 5//5 1122//1122 1123//1123
f 5//5 1123//1123 3//3
f 3//3 1123//1123 1124//1124
f 27//27 29//29 424//424
f 424//424 29//29 425//425
f 29//29 34//34 425//425
f 425//425 34//34 480//480
f 288//288 286//286 870//870
f 908//908 1058//1058 1125//1125
f 1125//1125 1058//1058 1069//1069
f 1125//1125 1069//1069 1126//1126
f 1126//1126 1069//1069 301//301
f 288//288 870//870 289//289
f 289//289 870//870 871//871
f 289//289 871//871 858//858
f 1125//1125 1127//1127 908//908
f 908//908 1127//1127 293//293
f 908//908 293//293 858//858
f 858//858 293//293 291//291
f 858//858 291//291 289//289
f 1128//1128 1129//1129 1130//1130
f 1131//1131 1132//1132 1133//1133
f 1134//1134 331//331 329//329
f 1135//1135 322//322 320//320
f 322//322 1133//1133 324//324
f 324//324 1133//1133 1132//1132
f 324//324 1132//1132 325//325
f 325//325 1132//1132 1136//1136
f 325//325 1136//1136 306//306
f 1135//1135 320//320 1137//1137
f 1137//1137 320//320 334//334
f 1137//1137 334//334 1138//1138
f 1139//1139 1135//1135 1140//1140
f 1140//1140 1135//1135 1137//1137
f 1140//1140 1137//1137 1141//1141
f 1141//1141 1137//1137 1138//1138
f 1141//1141 1138//1138 1142//1142
f 1131//1131 531//531 530//530
f 530//530 1143//1143 1131//1131
f 1131//1131 1143//1143 1144//1144
f 1131//1131 1144//1144 1132//1132
f 1132//1132 1144//1144 1145//1145
f 1132//1132 1145//1145 1136//1136
f 322//322 1135//1135 1133//1133
f 1133//1133 1135//1135 1139//1139
f 1133//1133 1139//1139 1131//1131
f 1131//1131 1139//1139 532//532
f 1131//1131 532//532 531//531
f 1146//1146 1147//1147 1142//1142
f 1142//1142 1147//1147 536//536
f 1142//1142 536//536 1141//1141
f 1141//1141 536//536 535//535
f 1141//1141 535//535 1140//1140
f 1140//1140 535//535 534//534
f 1140//1140 534//534 1139//1139
f 1139//1139 534//534 533//533
f 1139//1139 533//533 532//532
f 334//334 333//333 1138//1138
f 1138//1138 333//333 1148//1148
f 1138//1138 1148//1148 1142//1142
f 1142//1142 1148//1148 1130//1130
f 1142//1142 1130//1130 1146//1146
f 1146//1146 1130//1130 1129//1129
f 1149//1149 1128//1128 1150//1150
f 1150//1150 1128//1128 1130//1130
f 1150//1150 1130//1130 1134//1134
f 1134//1134 1130//1130 1148//1148
f 1134//1134 1148//1148 331//331
f 331//331 1148//1148 333//333
f 329//329 1151//1151 1134//1134
f 1134//1134 1151//1151 482//482
f 1134//1134 482//482 1150//1150
f 1150//1150 482//482 481//481
f 1150//1150 481//481 1149//1149
f 1149//1149 481//481 480//480
f 464//464 1152//1152 1153//1153
f 1152//1152 303//303 941//941
f 1152//1152 941//941 1153//1153
f 1153//1153 941//941 943//943
f 1153//1153 943//943 1154//1154
f 1154//1154 943//943 938//938
f 1154//1154 938//938 1155//1155
f 1155//1155 938//938 936//936
f 1155//1155 936//936 1156//1156
f 1156//1156 936//936 85//85
f 1156//1156 85//85 432//432
f 462//462 463//463 1157//1157
f 1157//1157 463//463 464//464
f 464//464 1153//1153 1157//1157
f 1157//1157 1153//1153 1154//1154
f 1157//1157 1154//1154 1158//1158
f 1158//1158 1154//1154 1155//1155
f 1158//1158 1155//1155 1159//1159
f 1159//1159 1155//1155 1156//1156
f 1159//1159 1156//1156 1160//1160
f 1160//1160 1156//1156 432//432
f 1160//1160 432//432 430//430
f 462//462 1157//1157 1095//1095
f 1095//1095 1157//1157 1158//1158
f 1095//1095 1158//1158 1096//1096
f 1096//1096 1158//1158 1159//1159
f 1096//1096 1159//1159 1097//1097
f 1097//1097 1159//1159 1160//1160
f 1097//1097 1160//1160 1098//1098
f 1098//1098 1160//1160 430//430
f 1098//1098 430//430 429//429
f 1106//1106 1161//1161 1162//1162
f 1161//1161 1163//1163 1164//1164
f 1163//1163 705//705 707//707
f 1163//1163 707//707 1164//1164
f 1164//1164 707//707 709//709
f 1164//1164 709//709 1165//1165
f 1165//1165 709//709 712//712
f 1165//1165 712//712 1166//1166
f 1166//1166 712//712 715//715
f 1166//1166 715//715 1167//1167
f 715//715 299//299 1167//1167
f 1167//1167 299//299 1168//1168
f 1167//1167 1168//1168 428//428
f 1161//1161 1164//1164 1162//1162
f 1162//1162 1164//1164 1165//1165
f 1162//1162 1165//1165 1169//1169
f 1169//1169 1165//1165 1166//1166
f 1169//1169 1166//1166 1170//1170
f 1170//1170 1166//1166 1167//1167
f 1170//1170 1167//1167 1171//1171
f 1171//1171 1167//1167 428//428
f 1171//1171 428//428 427//427
f 1106//1106 1162//1162 1104//1104
f 1104//1104 1162//1162 1169//1169
f 1104//1104 1169//1169 1102//1102
f 1102//1102 1169//1169 1170//1170
f 1102//1102 1170//1170 1103//1103
f 1103//1103 1170//1170 1171//1171
f 1103//1103 1171//1171 1105//1105
f 1105//1105 1171//1171 427//427
f 1105//1105 427//427 426//426
f 424//424 422//422 1172//1172
f 295//295 1173//1173 344//344
f 344//344 1173//1173 1174//1174
f 344//344 1174//1174 296//296
f 296//296 1174//1174 1175//1175
f 296//296 1175//1175 297//297
f 297//297 1175//1175 1176//1176
f 297//297 1176//1176 349//349
f 349//349 1176//1176 1177//1177
f 349//349 1177//1177 350//350
f 350//350 1177//1177 1178//1178
f 350//350 1178//1178 351//351
f 351//351 1178//1178 1179//1179
f 351//351 1179//1179 343//343
f 343//343 1179//1179 1180//1180
f 343//343 1180//1180 355//355
f 355//355 1180//1180 1181//1181
f 355//355 1181//1181 356//356
f 356//356 1181//1181 1182//1182
f 356//356 1182//1182 357//357
f 357//357 1182//1182 1183//1183
f 357//357 1183//1183 347//347
f 348//348 347//347 1184//1184
f 1184//1184 347//347 1183//1183
f 1184//1184 1183//1183 421//421
f 421//421 1183//1183 422//422
f 422//422 1183//1183 1172//1172
f 1172//1172 1183//1183 1182//1182
f 1172//1172 1182//1182 1185//1185
f 1185//1185 1182//1182 1181//1181
f 1185//1185 1181//1181 1186//1186
f 1186//1186 1181//1181 1180//1180
f 1186//1186 1180//1180 1187//1187
f 1187//1187 1180//1180 1179//1179
f 1187//1187 1179//1179 1188//1188
f 1188//1188 1179//1179 1178//1178
f 1188//1188 1178//1178 1189//1189
f 1189//1189 1178//1178 1177//1177
f 1189//1189 1177//1177 1190//1190
f 1190//1190 1177//1177 1176//1176
f 1190//1190 1176//1176 1191//1191
f 1191//1191 1176//1176 1175//1175
f 1191//1191 1175//1175 1192//1192
f 1192//1192 1175//1175 1174//1174
f 1192//1192 1174//1174 1193//1193
f 1193//1193 1174//1174 1173//1173
f 1193//1193 1173//1173 1194//1194
f 295//295 1195//1195 1173//1173
f 1173//1173 1195//1195 1196//1196
f 1173//1173 1196//1196 1194//1194
f 1194//1194 1196//1196 1197//1197
f 1194//1194 1197//1197 1198//1198
f 424//424 1172//1172 1113//1113
f 1113//1113 1172//1172 1185//1185
f 1113//1113 1185//1185 1114//1114
f 1114//1114 1185//1185 1186//1186
f 1114//1114 1186//1186 1115//1115
f 1115//1115 1186//1186 1187//1187
f 1115//1115 1187//1187 1116//1116
f 1116//1116 1187//1187 1188//1188
f 1116//1116 1188//1188 1117//1117
f 1117//1117 1188//1188 1189//1189
f 1117//1117 1189//1189 1118//1118
f 1118//1118 1189//1189 1190//1190
f 1118//1118 1190//1190 1119//1119
f 1119//1119 1190//1190 1191//1191
f 1119//1119 1191//1191 1120//1120
f 1120//1120 1191//1191 1192//1192
f 1120//1120 1192//1192 1121//1121
f 1121//1121 1192//1192 1193//1193
f 1121//1121 1193//1193 1122//1122
f 1122//1122 1193//1193 1194//1194
f 1122//1122 1194//1194 1123//1123
f 1123//1123 1194//1194 1198//1198
f 1123//1123 1198//1198 1124//1124
f 161//161 1199//1199 208//208
f 208//208 1199//1199 212//212
f 188//188 264//264 187//187
f 187//187 264//264 160//160
f 264//264 262//262 160//160
f 160//160 262//262 261//261
f 160//160 261//261 161//161
f 161//161 261//261 1200//1200
f 161//161 1200//1200 1199//1199
f 46//46 536//536 44//44
f 44//44 536//536 1147//1147
f 44//44 1147//1147 42//42
f 42//42 1147//1147 1146//1146
f 42//42 1146//1146 40//40
f 40//40 1146//1146 1129//1129
f 40//40 1129//1129 38//38
f 38//38 1129//1129 1128//1128
f 38//38 1128//1128 36//36
f 36//36 1128//1128 1149//1149
f 36//36 1149//1149 34//34
f 34//34 1149//1149 480//480
f 579//579 578//578 615//615
f 615//615 578//578 1059//1059
f 615//615 1059//1059 593//593
f 593//593 1059//1059 594//594
f 594//594 1059//1059 525//525
f 594//594 525//525 524//524
f 567//567 1023//1023 529//529
f 529//529 1023//1023 1024//1024
f 529//529 1024//1024 581//581
f 581//581 1024//1024 519//519
f 581//581 519//519 518//518
f 517//517 516//516 620//620
f 620//620 516//516 860//860
f 620//620 860//860 619//619
f 667//667 636//636 860//860
f 860//860 636//636 635//635
f 860//860 635//635 619//619
f 510//510 511//511 634//634
f 634//634 511//511 806//806
f 634//634 806//806 512//512
f 512//512 806//806 675//675
f 505//505 504//504 840//840
f 505//505 840//840 868//868
f 858//858 871//871 857//857
f 857//857 871//871 868//868
f 857//857 868//868 856//856
f 856//856 868//868 840//840
f 995//995 913//913 777//777
f 995//995 777//777 996//996
f 490//490 489//489 774//774
f 774//774 489//489 997//997
f 774//774 997//997 775//775
f 775//775 997//997 996//996
f 775//775 996//996 776//776
f 776//776 996//996 777//777
f 488//488 487//487 1039//1039
f 1039//1039 487//487 1056//1056
f 1039//1039 1056//1056 1036//1036
f 1036//1036 1056//1056 1037//1037
f 1037//1037 1056//1056 1058//1058
f 1037//1037 1058//1058 908//908
f 420//420 482//482 1151//1151
f 420//420 1151//1151 1201//1201
f 1201//1201 1151//1151 329//329
f 1201//1201 329//329 327//327
f 530//530 58//58 1202//1202
f 1202//1202 58//58 60//60
f 1202//1202 60//60 1203//1203
f 1203//1203 60//60 1204//1204
f 1203//1203 1204//1204 398//398
f 398//398 1204//1204 1205//1205
f 398//398 1205//1205 397//397
f 397//397 1205//1205 478//478
f 1206//1206 465//465 476//476
f 476//476 465//465 466//466
f 476//476 466//466 467//467
f 478//478 1205//1205 1207//1207
f 1207//1207 1205//1205 1204//1204
f 1204//1204 60//60 59//59
f 471//471 470//470 479//479
f 479//479 478//478 471//471
f 471//471 478//478 1207//1207
f 471//471 1207//1207 473//473
f 473//473 1207//1207 1208//1208
f 473//473 1208//1208 474//474
f 474//474 1208//1208 1209//1209
f 474//474 1209//1209 475//475
f 475//475 1209//1209 1210//1210
f 475//475 1210//1210 476//476
f 476//476 1210//1210 1211//1211
f 476//476 1211//1211 1206//1206
f 1206//1206 1211//1211 1212//1212
f 1204//1204 59//59 1207//1207
f 1207//1207 59//59 177//177
f 1207//1207 177//177 1208//1208
f 1208//1208 177//177 184//184
f 1208//1208 184//184 1209//1209
f 1209//1209 184//184 176//176
f 1209//1209 176//176 1210//1210
f 1210//1210 176//176 175//175
f 1210//1210 175//175 1211//1211
f 1211//1211 175//175 172//172
f 1211//1211 172//172 1212//1212
f 1212//1212 172//172 2//2
f 1212//1212 2//2 1//1
f 402//402 465//465 1206//1206
f 402//402 1206//1206 403//403
f 403//403 1206//1206 1212//1212
f 403//403 1212//1212 1213//1213
f 1213//1213 1212//1212 1//1
f 1213//1213 1//1 1214//1214
f 1214//1214 1//1 3//3
f 1214//1214 3//3 1124//1124
f 464//464 412//412 414//414
f 1215//1215 295//295 303//303
f 464//464 414//414 1152//1152
f 1152//1152 414//414 418//418
f 1152//1152 418//418 303//303
f 303//303 418//418 419//419
f 303//303 419//419 1215//1215
f 461//461 451//451 1216//1216
f 451//451 442//442 1217//1217
f 442//442 62//62 1218//1218
f 442//442 1218//1218 1217//1217
f 1217//1217 1218//1218 1219//1219
f 1217//1217 1219//1219 1220//1220
f 1220//1220 1219//1219 1221//1221
f 1220//1220 1221//1221 1222//1222
f 1222//1222 1221//1221 1223//1223
f 1222//1222 1223//1223 1224//1224
f 1224//1224 1223//1223 1225//1225
f 1224//1224 1225//1225 1226//1226
f 1226//1226 1225//1225 1227//1227
f 1226//1226 1227//1227 1228//1228
f 1228//1228 1227//1227 1229//1229
f 1228//1228 1229//1229 1230//1230
f 1230//1230 1229//1229 1231//1231
f 1230//1230 1231//1231 1232//1232
f 1232//1232 1231//1231 1233//1233
f 1232//1232 1233//1233 1234//1234
f 1234//1234 1233//1233 705//705
f 1234//1234 705//705 1163//1163
f 451//451 1217//1217 1216//1216
f 1216//1216 1217//1217 1220//1220
f 1216//1216 1220//1220 1235//1235
f 1235//1235 1220//1220 1222//1222
f 1235//1235 1222//1222 1236//1236
f 1236//1236 1222//1222 1224//1224
f 1236//1236 1224//1224 1237//1237
f 1237//1237 1224//1224 1226//1226
f 1237//1237 1226//1226 1238//1238
f 1238//1238 1226//1226 1228//1228
f 1238//1238 1228//1228 1239//1239
f 1239//1239 1228//1228 1230//1230
f 1239//1239 1230//1230 1240//1240
f 1240//1240 1230//1230 1232//1232
f 1240//1240 1232//1232 1241//1241
f 1241//1241 1232//1232 1234//1234
f 1241//1241 1234//1234 1242//1242
f 1242//1242 1234//1234 1163//1163
f 1242//1242 1163//1163 1161//1161
f 461//461 1216//1216 1112//1112
f 1112//1112 1216//1216 1235//1235
f 1112//1112 1235//1235 1099//1099
f 1099//1099 1235//1235 1236//1236
f 1099//1099 1236//1236 1100//1100
f 1100//1100 1236//1236 1237//1237
f 1100//1100 1237//1237 1101//1101
f 1101//1101 1237//1237 1238//1238
f 1101//1101 1238//1238 1110//1110
f 1110//1110 1238//1238 1239//1239
f 1110//1110 1239//1239 1111//1111
f 1111//1111 1239//1239 1240//1240
f 1111//1111 1240//1240 1109//1109
f 1109//1109 1240//1240 1241//1241
f 1109//1109 1241//1241 1108//1108
f 1108//1108 1241//1241 1242//1242
f 1108//1108 1242//1242 1107//1107
f 1107//1107 1242//1242 1161//1161
f 1107//1107 1161//1161 1106//1106
f 392//392 428//428 393//393
f 393//393 428//428 1168//1168
f 393//393 1168//1168 387//387
f 387//387 1168//1168 388//388
f 299//299 306//306 1168//1168
f 1168//1168 306//306 1243//1243
f 1168//1168 1243//1243 388//388
f 327//327 348//348 1184//1184
f 327//327 1184//1184 1201//1201
f 1201//1201 1184//1184 421//421
f 1201//1201 421//421 420//420
f 1213//1213 1214//1214 1244//1244
f 1245//1245 1195//1195 295//295
f 1196//1196 1246//1246 1197//1197
f 1197//1197 1246//1246 1244//1244
f 1197//1197 1244//1244 1198//1198
f 1198//1198 1244//1244 1214//1214
f 1198//1198 1214//1214 1124//1124
f 295//295 1215//1215 1245//1245
f 1245//1245 1215//1215 419//419
f 1245//1245 419//419 417//417
f 417//417 416//416 1245//1245
f 1245//1245 416//416 1246//1246
f 1245//1245 1246//1246 1195//1195
f 1195//1195 1246//1246 1196//1196
f 403//403 1213//1213 404//404
f 404//404 1213//1213 1244//1244
f 404//404 1244//1244 409//409
f 409//409 1244//1244 1246//1246
f 409//409 1246//1246 415//415
f 415//415 1246//1246 416//416
f 1145//1145 1247//1247 1248//1248
f 1144//1144 1143//1143 1249//1249
f 1249//1249 1143//1143 530//530
f 1145//1145 1248//1248 1136//1136
f 1136//1136 1248//1248 1243//1243
f 1136//1136 1243//1243 306//306
f 398//398 399//399 1203//1203
f 1203//1203 399//399 1249//1249
f 1203//1203 1249//1249 1202//1202
f 1202//1202 1249//1249 530//530
f 399//399 400//400 1249//1249
f 1249//1249 400//400 1247//1247
f 1249//1249 1247//1247 1144//1144
f 1144//1144 1247//1247 1145//1145
f 388//388 1243//1243 386//386
f 386//386 1243//1243 1248//1248
f 386//386 1248//1248 384//384
f 384//384 1248//1248 1247//1247
f 384//384 1247//1247 401//401
f 401//401 1247//1247 400//400
f 1126//1126 359//359 1125//1125
f 1125//1125 359//359 365//365
f 1125//1125 365//365 1127//1127
f 1127//1127 365//365 294//294
f 1127//1127 294//294 293//293
f 301//301 363//363 1126//1126
f 1126//1126 363//363 361//361
f 1126//1126 361//361 359//359
f 301//301 300//300 363//363
f 363//363 300//300 311//311
f 363//363 311//311 377//377
f 377//377 311//311 317//317
f 377//377 317//317 378//378
f 378//378 317//317 315//315
f 378//378 315//315 380//380
f 380//380 315//315 313//313
f 380//380 313//313 382//382
f 382//382 313//313 312//312
f 382//382 312//312 383//383
f 383//383 312//312 304//304
f 383//383 304//304 371//371
f 371//371 304//304 305//305
f 371//371 305//305 373//373
f 373//373 305//305 342//342
f 373//373 342//342 375//375
f 375//375 342//342 298//298
f 375//375 298//298 376//376
f 376//376 298//298 212//212
f 376//376 212//212 367//367
f 212//212 1199//1199 367//367
f 367//367 1199//1199 1200//1200
f 367//367 1200//1200 369//369
f 369//369 1200//1200 261//261
f 369//369 261//261 260//260
f 239//239 259//259 358//358
f 239//239 358//358 245//245
f 245//245 358//358 360//360
f 245//245 360//360 246//246
f 246//246 360//360 362//362
f 246//246 362//362 223//223
f 223//223 362//362 364//364
f 223//223 364//364 224//224
f 224//224 364//364 379//379
f 224//224 379//379 229//229
f 229//229 379//379 381//381
f 229//229 381//381 230//230
f 230//230 381//381 370//370
f 230//230 370//370 231//231
f 231//231 370//370 372//372
f 231//231 372//372 240//240
f 240//240 372//372 374//374
f 240//240 374//374 241//241
f 241//241 374//374 366//366
f 241//241 366//366 242//242
f 242//242 366//366 368//368
f 242//242 368//368 243//243
f 243//243 368//368 247//247
f 243//243 247//247 232//232
f 31//31 222//222 326//326
f 31//31 326//326 32//32
f 32//32 326//326 328//328
f 32//32 328//328 33//33
f 33//33 328//328 35//35
f 35//35 328//328 330//330
f 35//35 330//330 37//37
f 37//37 330//330 39//39
f 39//39 330//330 332//332
f 39//39 332//332 41//41
f 41//41 332//332 43//43
f 43//43 332//332 319//319
f 43//43 319//319 45//45
f 45//45 319//319 47//47
f 47//47 319//319 321//321
f 47//47 321//321 49//49
f 49//49 321//321 51//51
f 51//51 321//321 323//323
f 51//51 323//323 53//53
f 53//53 323//323 55//55
f 55//55 323//323 308//308
f 55//55 308//308 57//57
f 57//57 308//308 59//59
f 59//59 308//308 307//307
f 59//59 307//307 178//178
f 178//178 307//307 185//185
f 178//178 185//185 171//171
f 148//148 147//147 199//199
f 148//148 199//199 162//162
f 162//162 199//199 198//198
f 162//162 198//198 166//166
f 166//166 198//198 197//197
f 166//166 197//197 163//163
f 163//163 197//197 196//196
f 163//163 196//196 164//164
f 164//164 196//196 195//195
f 164//164 195//195 165//165
f 165//165 195//195 194//194
f 165//165 194//194 167//167
f 167//167 194//194 193//193
f 167//167 193//193 159//159
f 159//159 193//193 154//154
f 159//159 154//154 153//153
f 110//110 130//130 200//200
f 110//110 200//200 111//111
f 111//111 200//200 201//201
f 111//111 201//201 94//94
f 94//94 201//201 202//202
f 94//94 202//202 95//95
f 95//95 202//202 203//203
f 95//95 203//203 96//96
f 96//96 203//203 204//204
f 96//96 204//204 99//99
f 99//99 204//204 205//205
f 99//99 205//205 100//100
f 100//100 205//205 206//206
f 100//100 206//206 107//107
f 107//107 206//206 207//207
f 107//107 207//207 108//108
f 108//108 207//207 192//192
f 108//108 192//192 109//109
f 109//109 192//192 191//191
f 109//109 191//191 116//116
f 116//116 191//191 190//190
f 116//116 190//190 113//113
f 113//113 190//190 118//118
f 113//113 118//118 115//115
f 657//657 705//705 658//658
f 658//658 705//705 1233//1233
f 658//658 1233//1233 660//660
f 685//685 1229//1229 1227//1227
f 685//685 1227//1227 722//722
f 722//722 1227//1227 1225//1225
f 722//722 1225//1225 721//721
f 660//660 1233//1233 662//662
f 662//662 1233//1233 1231//1231
f 662//662 1231//1231 643//643
f 643//643 1231//1231 1229//1229
f 643//643 1229//1229 644//644
f 644//644 1229//1229 685//685
f 644//644 685//685 624//624
f 933//933 932//932 1223//1223
f 1223//1223 932//932 724//724
f 1223//1223 724//724 1225//1225
f 1225//1225 724//724 723//723
f 1225//1225 723//723 721//721
f 933//933 1223//1223 934//934
f 934//934 1223//1223 1221//1221
f 934//934 1221//1221 926//926
f 926//926 1221//1221 1219//1219
f 926//926 1219//1219 927//927
f 927//927 1219//1219 1218//1218
f 927//927 1218//1218 928//928
f 928//928 1218//1218 62//62
f 928//928 62//62 61//61

