# https://github.com/mikedh/trimesh

o d405.obj
v -8.75000000 0.00000000 -23.00000000
v -8.78632300 -0.29914500 -23.00000000
v -8.75000000 0.00000000 -17.50000000
v -8.78632300 -0.29914500 -17.50000000
v -8.89318000 -0.58090400 -17.50000000
v -8.89318000 -0.58090400 -23.00000000
v -9.06436200 -0.82890300 -23.00000000
v -9.06436200 -0.82890300 -17.50000000
v -9.28991900 -1.02873000 -23.00000000
v -9.28991900 -1.02873000 -17.50000000
v -9.55674400 -1.16877000 -23.00000000
v -9.55674400 -1.16877000 -17.50000000
v -9.84932900 -1.24088600 -23.00000000
v -9.84932900 -1.24088600 -17.50000000
v -10.15067100 -1.24088600 -23.00000000
v -10.15067100 -1.24088600 -17.50000000
v -10.44325600 -1.16877000 -23.00000000
v -10.44325600 -1.16877000 -17.50000000
v -10.71008100 -1.02873000 -23.00000000
v -10.71008100 -1.02873000 -17.50000000
v -10.93563800 -0.82890300 -23.00000000
v -10.93563800 -0.82890300 -17.50000000
v -11.10682000 -0.58090400 -17.50000000
v -11.10682000 -0.58090400 -23.00000000
v -11.21367700 -0.29914500 -23.00000000
v -11.21367700 -0.29914500 -17.50000000
v -11.25000000 0.00000000 -23.00000000
v -11.25000000 0.00000000 -17.50000000
v 11.25000000 0.00000000 -23.00000000
v 11.21367700 -0.29914500 -23.00000000
v 11.25000000 0.00000000 -17.50000000
v 11.21367700 -0.29914500 -17.50000000
v 11.10682000 -0.58090400 -17.50000000
v 11.10682000 -0.58090400 -23.00000000
v 10.93563800 -0.82890300 -23.00000000
v 10.93563800 -0.82890300 -17.50000000
v 10.71008100 -1.02873000 -23.00000000
v 10.71008100 -1.02873000 -17.50000000
v 10.44325600 -1.16877000 -23.00000000
v 10.44325600 -1.16877000 -17.50000000
v 10.15067100 -1.24088600 -23.00000000
v 10.15067100 -1.24088600 -17.50000000
v 9.84932900 -1.24088600 -23.00000000
v 9.84932900 -1.24088600 -17.50000000
v 9.55674400 -1.16877000 -23.00000000
v 9.55674400 -1.16877000 -17.50000000
v 9.28991900 -1.02873000 -23.00000000
v 9.28991900 -1.02873000 -17.50000000
v 9.06436200 -0.82890300 -23.00000000
v 9.06436200 -0.82890300 -17.50000000
v 8.89318000 -0.58090400 -17.50000000
v 8.89318000 -0.58090400 -23.00000000
v 8.78632300 -0.29914500 -23.00000000
v 8.78632300 -0.29914500 -17.50000000
v 8.75000000 0.00000000 -23.00000000
v 8.75000000 0.00000000 -17.50000000
v 21.00000000 9.00000000 -15.16500000
v 21.00000000 8.75589800 -15.19463900
v 20.78000100 9.00000000 -15.38500000
v 20.78000100 8.80854700 -15.40824700
v 21.00000000 8.52598200 -15.28183500
v 20.78000100 8.62822200 -15.47663500
v 21.00000000 8.32361500 -15.42151900
v 20.78000100 8.46950100 -15.58619100
v 21.00000000 8.16055700 -15.60557400
v 20.78000100 8.34161300 -15.73054800
v 21.00000000 8.04628400 -15.82330300
v 20.78000100 8.25198700 -15.90131600
v 21.00000000 7.98743700 -16.06205200
v 20.78000100 8.20583200 -16.08857200
v 21.00000000 7.98743700 -16.30794700
v 20.78000100 8.20583200 -16.28142900
v 20.78000100 8.25198700 -16.46868300
v 21.00000000 8.04628400 -16.54669800
v 21.00000000 8.16055700 -16.76442500
v 20.78000100 8.34161300 -16.63945200
v 21.00000000 8.32361500 -16.94848100
v 20.78000100 8.46950100 -16.78380800
v 21.00000000 8.52598200 -17.08816500
v 20.78000100 8.62822200 -16.89336400
v 21.00000000 8.75589800 -17.17536000
v 20.78000100 8.80854700 -16.96175400
v 21.00000000 9.00000000 -17.20500000
v 20.78000100 9.00000000 -16.98500100
v 21.00000000 -9.00000000 -15.16500000
v 21.00000000 -9.24410200 -15.19463900
v 20.78000100 -9.00000000 -15.38500000
v 20.78000100 -9.19145300 -15.40824700
v 21.00000000 -9.47401800 -15.28183500
v 20.78000100 -9.37177800 -15.47663500
v 21.00000000 -9.67638500 -15.42151900
v 20.78000100 -9.53049900 -15.58619100
v 21.00000000 -9.83944300 -15.60557400
v 20.78000100 -9.65838700 -15.73054800
v 21.00000000 -9.95371600 -15.82330300
v 20.78000100 -9.74801300 -15.90131600
v 21.00000000 -10.01256300 -16.06205200
v 20.78000100 -9.79416800 -16.08857200
v 21.00000000 -10.01256300 -16.30794700
v 20.78000100 -9.79416800 -16.28142900
v 20.78000100 -9.74801300 -16.46868300
v 21.00000000 -9.95371600 -16.54669800
v 21.00000000 -9.83944300 -16.76442500
v 20.78000100 -9.65838700 -16.63945200
v 21.00000000 -9.67638500 -16.94848100
v 20.78000100 -9.53049900 -16.78380800
v 21.00000000 -9.47401800 -17.08816500
v 20.78000100 -9.37177800 -16.89336400
v 21.00000000 -9.24410200 -17.17536000
v 20.78000100 -9.19145300 -16.96175400
v 21.00000000 -9.00000000 -17.20500000
v 20.78000100 -9.00000000 -16.98500100
v 0.00000000 -21.00000000 -10.97500000
v -0.87948500 -21.00000000 -11.08178900
v 0.00000000 -20.50000000 -11.47500000
v -0.75982700 -20.50000000 -11.56726000
v -1.70785800 -21.00000000 -11.39594900
v -1.47549600 -20.50000000 -11.83867700
v -2.43697600 -21.00000000 -11.89922300
v -2.10541400 -20.50000000 -12.27347900
v -3.02446600 -21.00000000 -12.56236200
v -2.61297400 -20.50000000 -12.84639500
v -3.43618500 -21.00000000 -13.34682800
v -2.96867700 -20.50000000 -13.52413000
v -3.64820500 -21.00000000 -14.20702700
v -3.15185100 -20.50000000 -14.26729600
v -3.64820500 -21.00000000 -15.09297300
v -3.15185100 -20.50000000 -15.03270400
v -3.43618500 -21.00000000 -15.95317300
v -2.96867700 -20.50000000 -15.77587000
v -3.02446600 -21.00000000 -16.73763800
v -2.61297400 -20.50000000 -16.45360600
v -2.10541400 -20.50000000 -17.02652200
v -2.43697600 -21.00000000 -17.40077800
v -1.70785800 -21.00000000 -17.90405100
v -1.47549600 -20.50000000 -17.46132300
v -0.87948500 -21.00000000 -18.21821200
v -0.75982700 -20.50000000 -17.73274000
v 0.00000000 -21.00000000 -18.32500100
v 0.00000000 -20.50000000 -17.82500100
v 18.00000000 9.00000000 -15.38500000
v 18.00000000 8.80854700 -15.40824700
v 18.00000000 8.62822200 -15.47663500
v 18.00000000 8.46950100 -15.58619100
v 18.00000000 8.34161300 -15.73054800
v 18.00000000 8.25198700 -15.90131600
v 18.00000000 8.20583200 -16.08857200
v 18.00000000 8.20583200 -16.28142900
v 18.00000000 8.25198700 -16.46868300
v 18.00000000 8.34161300 -16.63945200
v 18.00000000 8.46950100 -16.78380800
v 18.00000000 8.62822200 -16.89336400
v 18.00000000 8.80854700 -16.96175400
v 18.00000000 9.00000000 -16.98500100
v 18.00000000 -9.00000000 -15.38500000
v 18.00000000 -9.19145300 -15.40824700
v 18.00000000 -9.37177800 -15.47663500
v 18.00000000 -9.53049900 -15.58619100
v 18.00000000 -9.65838700 -15.73054800
v 18.00000000 -9.74801300 -15.90131600
v 18.00000000 -9.79416800 -16.08857200
v 18.00000000 -9.79416800 -16.28142900
v 18.00000000 -9.74801300 -16.46868300
v 18.00000000 -9.65838700 -16.63945200
v 18.00000000 -9.53049900 -16.78380800
v 18.00000000 -9.37177800 -16.89336400
v 18.00000000 -9.19145300 -16.96175400
v 18.00000000 -9.00000000 -16.98500100
v 0.00000000 -16.00000000 -11.47500000
v -0.75982700 -16.00000000 -11.56726000
v -1.47549600 -16.00000000 -11.83867700
v -2.10541400 -16.00000000 -12.27347900
v -2.61297400 -16.00000000 -12.84639500
v -2.96867700 -16.00000000 -13.52413000
v -3.15185100 -16.00000000 -14.26729600
v -3.15185100 -16.00000000 -15.03270400
v -2.96867700 -16.00000000 -15.77587000
v -2.61297400 -16.00000000 -16.45360600
v -2.10541400 -16.00000000 -17.02652200
v -1.47549600 -16.00000000 -17.46132300
v -0.75982700 -16.00000000 -17.73274000
v 0.00000000 -16.00000000 -17.82500100
v 0.00000000 -16.00000000 -12.09730000
v -0.61090100 -16.00000000 -12.17147600
v 0.00000000 -15.00000000 -12.09730000
v -0.61090100 -15.00000000 -12.17147600
v -1.18629900 -16.00000000 -12.38969600
v -1.18629900 -15.00000000 -12.38969600
v -1.69275300 -16.00000000 -12.73927700
v -1.69275300 -15.00000000 -12.73927700
v -2.10083100 -16.00000000 -13.19990200
v -2.10083100 -15.00000000 -13.19990200
v -2.38681600 -16.00000000 -13.74480100
v -2.38681600 -15.00000000 -13.74480100
v -2.53408800 -16.00000000 -14.34230600
v -2.53408800 -15.00000000 -14.34230600
v -2.53408800 -16.00000000 -14.95769400
v -2.53408800 -15.00000000 -14.95769400
v -2.38681600 -16.00000000 -15.55520000
v -2.38681600 -15.00000000 -15.55520000
v -2.10083100 -16.00000000 -16.10010000
v -2.10083100 -15.00000000 -16.10010000
v -1.69275300 -16.00000000 -16.56072400
v -1.69275300 -15.00000000 -16.56072400
v -1.18629900 -16.00000000 -16.91030300
v -1.18629900 -15.00000000 -16.91030300
v -0.61090100 -16.00000000 -17.12852300
v -0.61090100 -15.00000000 -17.12852300
v 0.00000000 -15.00000000 -17.20270000
v 0.00000000 -16.00000000 -17.20270000
v -16.85258700 -16.79436300 -23.00000000
v -15.31379800 -17.75602700 -23.00000000
v -16.12897300 -17.37533400 -23.00000000
v -17.41867300 -16.05751800 -23.00000000
v -17.78926300 -15.20818400 -23.00000000
v -14.64276900 -17.91681300 -23.00000000
v -17.97541200 -14.11399900 -23.00000000
v -13.00000000 -18.00000000 -23.00000000
v -18.00000000 -13.00000000 -23.00000000
v -18.00000000 13.00000000 -23.00000000
v -11.21367700 0.29914500 -23.00000000
v -11.10682000 0.58090400 -23.00000000
v -10.93563800 0.82890300 -23.00000000
v -10.71008100 1.02873000 -23.00000000
v -10.44325600 1.16877000 -23.00000000
v -10.15067100 1.24088600 -23.00000000
v -9.84932900 1.24088600 -23.00000000
v 15.20818400 -17.78926300 -23.00000000
v 16.79436300 -16.85258700 -23.00000000
v 16.05751800 -17.41867300 -23.00000000
v -17.37533400 16.12897300 -23.00000000
v -16.79436300 16.85258700 -23.00000000
v -17.75602700 15.31379800 -23.00000000
v 17.75602700 -15.31379800 -23.00000000
v 17.37533400 -16.12897300 -23.00000000
v -15.20818400 17.78926300 -23.00000000
v -17.91681300 14.64276900 -23.00000000
v -16.05751800 17.41867300 -23.00000000
v 14.11399900 -17.97541200 -23.00000000
v 17.91681300 -14.64276900 -23.00000000
v -14.11399900 17.97541200 -23.00000000
v -13.00000000 18.00000000 -23.00000000
v -9.55674400 1.16877000 -23.00000000
v -9.28991900 1.02873000 -23.00000000
v 13.00000000 -18.00000000 -23.00000000
v 18.00000000 -13.00000000 -23.00000000
v 8.78632300 0.29914500 -23.00000000
v -8.78632300 0.29914500 -23.00000000
v 8.89318000 0.58090400 -23.00000000
v -8.89318000 0.58090400 -23.00000000
v 9.06436200 0.82890300 -23.00000000
v -9.06436200 0.82890300 -23.00000000
v 9.28991900 1.02873000 -23.00000000
v 18.00000000 13.00000000 -23.00000000
v 9.84932900 1.24088600 -23.00000000
v 10.15067100 1.24088600 -23.00000000
v 10.44325600 1.16877000 -23.00000000
v 10.71008100 1.02873000 -23.00000000
v 10.93563800 0.82890300 -23.00000000
v 11.10682000 0.58090400 -23.00000000
v 11.21367700 0.29914500 -23.00000000
v 13.00000000 18.00000000 -23.00000000
v 9.55674400 1.16877000 -23.00000000
v 17.97541200 14.11399900 -23.00000000
v 14.64276900 17.91681300 -23.00000000
v 17.78926300 15.20818400 -23.00000000
v 15.31379800 17.75602700 -23.00000000
v 16.12897300 17.37533400 -23.00000000
v 16.85258700 16.79436300 -23.00000000
v 17.41867300 16.05751800 -23.00000000
v -21.00000000 -9.98746400 -17.46126000
v -21.00000000 -10.00000000 -17.35000000
v -21.09000000 -10.00000000 -17.35000000
v -21.09000000 -9.98746400 -17.46126000
v -21.00000000 -9.95048400 -17.56694200
v -21.09000000 -9.95048400 -17.56694200
v -21.00000000 -9.89091600 -17.66174500
v -21.09000000 -9.89091600 -17.66174500
v -21.00000000 -9.81174500 -17.74091500
v -21.09000000 -9.81174500 -17.74091500
v -21.00000000 -9.71694200 -17.80048400
v -21.09000000 -9.71694200 -17.80048400
v -21.00000000 -9.61126000 -17.83746300
v -21.09000000 -9.61126000 -17.83746300
v -21.00000000 -9.50000000 -17.85000000
v -21.09000000 -9.50000000 -17.85000000
v -21.00000000 -10.00000000 -11.95000000
v -21.09000000 -10.00000000 -11.95000000
v -21.00000000 -9.61126000 -11.46253600
v -21.00000000 -9.50000000 -11.45000000
v -21.09000000 -9.50000000 -11.45000000
v -21.09000000 -9.61126000 -11.46253600
v -21.00000000 -9.71694200 -11.49951600
v -21.09000000 -9.71694200 -11.49951600
v -21.00000000 -9.81174500 -11.55908400
v -21.09000000 -9.81174500 -11.55908400
v -21.00000000 -9.89091600 -11.63825500
v -21.09000000 -9.89091600 -11.63825500
v -21.00000000 -9.95048400 -11.73305800
v -21.09000000 -9.95048400 -11.73305800
v -21.00000000 -9.98746400 -11.83873900
v -21.09000000 -9.98746400 -11.83873900
v -21.09000000 9.50000000 -11.45000000
v -21.00000000 9.50000000 -11.45000000
v -21.00000000 9.98746400 -11.83873900
v -21.00000000 10.00000000 -11.95000000
v -21.09000000 10.00000000 -11.95000000
v -21.09000000 9.98746400 -11.83873900
v -21.00000000 9.95048400 -11.73305800
v -21.09000000 9.95048400 -11.73305800
v -21.00000000 9.89091600 -11.63825500
v -21.09000000 9.89091600 -11.63825500
v -21.00000000 9.81174500 -11.55908400
v -21.09000000 9.81174500 -11.55908400
v -21.00000000 9.71694200 -11.49951600
v -21.09000000 9.71694200 -11.49951600
v -21.00000000 9.61126000 -11.46253600
v -21.09000000 9.61126000 -11.46253600
v -21.09000000 10.00000000 -17.35000000
v -21.00000000 10.00000000 -17.35000000
v -21.00000000 9.61126000 -17.83746300
v -21.00000000 9.50000000 -17.85000000
v -21.09000000 9.50000000 -17.85000000
v -21.09000000 9.61126000 -17.83746300
v -21.00000000 9.71694200 -17.80048400
v -21.09000000 9.71694200 -17.80048400
v -21.00000000 9.81174500 -17.74091500
v -21.09000000 9.81174500 -17.74091500
v -21.00000000 9.89091600 -17.66174500
v -21.09000000 9.89091600 -17.66174500
v -21.00000000 9.95048400 -17.56694200
v -21.09000000 9.95048400 -17.56694200
v -21.00000000 9.98746400 -17.46126000
v -21.09000000 9.98746400 -17.46126000
v 18.33761200 -18.03349700 -0.87000000
v 17.47258200 -18.88283900 -0.87000000
v 18.39174700 -18.07807000 -0.87000000
v 17.42300000 -18.83216100 -0.87000000
v 19.18413900 -16.99996000 -0.87000000
v 19.12626300 -16.96014800 -0.87000000
v 16.52213300 -19.42835200 -0.87000000
v 16.47615400 -19.37224600 -0.87000000
v 19.69153000 -15.82712400 -0.87000000
v 19.62721800 -15.79809100 -0.87000000
v 15.48078100 -19.78684200 -0.87000000
v 15.44037900 -19.72459200 -0.87000000
v 19.90133300 -14.89622600 -0.87000000
v 19.83353200 -14.87630700 -0.87000000
v 14.24943900 -19.97069700 -0.87000000
v 14.22855100 -19.90194900 -0.87000000
v 20.00000000 -13.00000000 -0.87000000
v 13.00000000 -20.00000000 -0.87000000
v 13.00000000 -19.93000000 -0.87000000
v 19.93000000 -13.00000000 -0.87000000
v -13.00000000 -19.93000000 -0.87000000
v -13.00000000 -20.00000000 -0.87000000
v 19.93000000 13.00000000 -0.87000000
v 20.00000000 13.00000000 -0.87000000
v 19.97069700 14.24943900 -0.87000000
v 19.90194900 14.22855100 -0.87000000
v -14.87630700 -19.83353200 -0.87000000
v -14.89622600 -19.90133300 -0.87000000
v 19.78684200 15.48078100 -0.87000000
v 19.72459200 15.44037900 -0.87000000
v -15.79809100 -19.62721800 -0.87000000
v -15.82712400 -19.69153000 -0.87000000
v 19.42835200 16.52213300 -0.87000000
v 19.37224600 16.47615400 -0.87000000
v -16.96014800 -19.12626300 -0.87000000
v -16.99996000 -19.18413900 -0.87000000
v 18.88283900 17.47258200 -0.87000000
v 18.83216100 17.42300000 -0.87000000
v -18.03349700 -18.33761200 -0.87000000
v -18.07807000 -18.39174700 -0.87000000
v 18.03349700 18.33761200 -0.87000000
v 18.07807000 18.39174700 -0.87000000
v -18.88283900 -17.47258200 -0.87000000
v -18.83216100 -17.42300000 -0.87000000
v 16.99996000 19.18413900 -0.87000000
v 16.96014800 19.12626300 -0.87000000
v -19.37224600 -16.47615400 -0.87000000
v -19.42835200 -16.52213300 -0.87000000
v 15.82712400 19.69153000 -0.87000000
v 15.79809100 19.62721800 -0.87000000
v -19.78684200 -15.48078100 -0.87000000
v -19.72459200 -15.44037900 -0.87000000
v 14.89622600 19.90133300 -0.87000000
v 14.87630700 19.83353200 -0.87000000
v -19.90194900 -14.22855100 -0.87000000
v -19.97069700 -14.24943900 -0.87000000
v -19.93000000 -13.00000000 -0.87000000
v -20.00000000 -13.00000000 -0.87000000
v 13.00000000 20.00000000 -0.87000000
v 13.00000000 19.93000000 -0.87000000
v -19.93000000 13.00000000 -0.87000000
v -20.00000000 13.00000000 -0.87000000
v -13.00000000 20.00000000 -0.87000000
v -13.00000000 19.93000000 -0.87000000
v -14.22855100 19.90194900 -0.87000000
v -14.24943900 19.97069700 -0.87000000
v -19.83353200 14.87630700 -0.87000000
v -19.90133300 14.89622600 -0.87000000
v -15.44037900 19.72459200 -0.87000000
v -15.48078100 19.78684200 -0.87000000
v -19.62721800 15.79809100 -0.87000000
v -19.69153000 15.82712400 -0.87000000
v -16.47615400 19.37224600 -0.87000000
v -16.52213300 19.42835200 -0.87000000
v -19.12626300 16.96014800 -0.87000000
v -19.18413900 16.99996000 -0.87000000
v -17.42300000 18.83216100 -0.87000000
v -17.47258200 18.88283900 -0.87000000
v -18.33761200 18.03349700 -0.87000000
v -18.39174700 18.07807000 -0.87000000
v -19.87999900 13.00000000 -9.00000000
v -19.87999900 13.00000000 -9.30000000
v -19.87999900 -13.00000000 -9.30000000
v -19.87999900 -13.00000000 -9.00000000
v -19.85281800 -14.21389000 -9.30000000
v -19.78625300 -14.85310600 -9.00000000
v -19.68017200 -15.41106700 -9.30000000
v -19.58592600 -15.76202600 -9.00000000
v -19.33191300 -16.44405000 -9.30000000
v -19.09081800 -16.92130100 -9.00000000
v -18.79621700 -17.38719000 -9.30000000
v -18.30513600 -17.99487700 -9.00000000
v -18.00175700 -18.29885100 -9.30000000
v -17.29385200 -18.86051200 -9.00000000
v -16.93441000 -19.08338000 -9.30000000
v -16.11871500 -19.46544600 -9.00000000
v -15.78013500 -19.58042300 -9.30000000
v -14.82322000 -19.79072600 -9.00000000
v -14.86434400 -19.78476000 -9.30000000
v -13.91444300 -19.86806300 -9.00000000
v -13.00000000 -19.87999900 -9.30000000
v -13.00000000 -19.87999900 -9.00000000
v 13.00000000 -19.87999900 -9.30000000
v 13.00000000 -19.87999900 -9.00000000
v 14.21389000 -19.85281800 -9.30000000
v 14.85310600 -19.78625300 -9.00000000
v 15.41106700 -19.68017200 -9.30000000
v 15.76202600 -19.58592600 -9.00000000
v 16.44405000 -19.33191300 -9.30000000
v 16.92130100 -19.09081800 -9.00000000
v 17.38719000 -18.79621700 -9.30000000
v 17.99487700 -18.30513600 -9.00000000
v 18.29885100 -18.00175700 -9.30000000
v 18.86051200 -17.29385200 -9.00000000
v 19.08338000 -16.93441000 -9.30000000
v 19.46544600 -16.11871500 -9.00000000
v 19.58042300 -15.78013500 -9.30000000
v 19.79072600 -14.82322000 -9.00000000
v 19.78476000 -14.86434400 -9.30000000
v 19.86806300 -13.91444300 -9.00000000
v 19.87999900 -13.00000000 -9.30000000
v 19.87999900 -13.00000000 -9.00000000
v 19.87999900 13.00000000 -9.30000000
v 19.87999900 13.00000000 -9.00000000
v 19.85281800 14.21389000 -9.30000000
v 19.78625300 14.85310600 -9.00000000
v 19.68017200 15.41106700 -9.30000000
v 19.58592600 15.76202600 -9.00000000
v 19.33191300 16.44405000 -9.30000000
v 19.09081800 16.92130100 -9.00000000
v 18.79621700 17.38719000 -9.30000000
v 18.30513600 17.99487700 -9.00000000
v 18.00175700 18.29885100 -9.30000000
v 17.29385200 18.86051200 -9.00000000
v 16.93441000 19.08338000 -9.30000000
v 16.11871500 19.46544600 -9.00000000
v 15.78013500 19.58042300 -9.30000000
v 14.82322000 19.79072600 -9.00000000
v 14.86434400 19.78476000 -9.30000000
v 13.91444300 19.86806300 -9.00000000
v 13.00000000 19.87999900 -9.30000000
v 13.00000000 19.87999900 -9.00000000
v -14.21389000 19.85281800 -9.30000000
v -13.00000000 19.87999900 -9.00000000
v -13.00000000 19.87999900 -9.30000000
v -14.85310600 19.78625300 -9.00000000
v -15.41106700 19.68017200 -9.30000000
v -15.76202600 19.58592600 -9.00000000
v -16.44405000 19.33191300 -9.30000000
v -16.92130100 19.09081800 -9.00000000
v -17.38719000 18.79621700 -9.30000000
v -17.99487700 18.30513600 -9.00000000
v -18.29885100 18.00175700 -9.30000000
v -18.86051200 17.29385200 -9.00000000
v -19.08338000 16.93441000 -9.30000000
v -19.46544600 16.11871500 -9.00000000
v -19.58042300 15.78013500 -9.30000000
v -19.79072600 14.82322000 -9.00000000
v -19.78476000 14.86434400 -9.30000000
v -19.86806300 13.91444300 -9.00000000
v -19.20137000 -18.52318400 -9.00000000
v -18.14679700 -19.50553100 -9.00000000
v -17.03387600 -20.18257500 -9.00000000
v -20.02562700 -17.33903300 -9.00000000
v -15.68334000 -20.66388500 -9.00000000
v -20.53502700 -16.14529400 -9.00000000
v -20.80915500 -14.90409000 -9.00000000
v -14.34877500 -20.86581200 -9.00000000
v -13.00000000 -20.90000000 -9.00000000
v -20.90000000 -13.00000000 -9.00000000
v -20.90000000 13.00000000 -9.00000000
v 13.00000000 -20.90000000 -9.00000000
v -20.86581200 14.34877500 -9.00000000
v 14.90409000 -20.80915500 -9.00000000
v -20.66388500 15.68334000 -9.00000000
v 16.14529400 -20.53502700 -9.00000000
v -20.18257500 17.03387600 -9.00000000
v 17.33903300 -20.02562700 -9.00000000
v -19.50553100 18.14679700 -9.00000000
v 18.52318400 -19.20137000 -9.00000000
v -18.52318400 19.20137000 -9.00000000
v 19.50553100 -18.14679700 -9.00000000
v -17.33903300 20.02562700 -9.00000000
v 20.18257500 -17.03387600 -9.00000000
v -16.14529400 20.53502700 -9.00000000
v 20.66388500 -15.68334000 -9.00000000
v -14.90409000 20.80915500 -9.00000000
v 20.86581200 -14.34877500 -9.00000000
v -13.00000000 20.90000000 -9.00000000
v 20.90000000 -13.00000000 -9.00000000
v 20.90000000 13.00000000 -9.00000000
v 13.00000000 20.90000000 -9.00000000
v 14.34877500 20.86581200 -9.00000000
v 20.80915500 14.90409000 -9.00000000
v 15.68334000 20.66388500 -9.00000000
v 20.53502700 16.14529400 -9.00000000
v 17.03387600 20.18257500 -9.00000000
v 20.02562700 17.33903300 -9.00000000
v 18.14679700 19.50553100 -9.00000000
v 19.20137000 18.52318400 -9.00000000
v -13.00000000 20.99749400 -8.92225200
v 13.00000000 21.00000000 -8.90000000
v 13.00000000 20.99749400 -8.92225200
v -13.00000000 21.00000000 -8.90000000
v -13.00000000 20.99009700 -8.94338800
v 13.00000000 20.99009700 -8.94338800
v -13.00000000 20.97818400 -8.96234900
v 13.00000000 20.97818400 -8.96234900
v -13.00000000 20.96234900 -8.97818300
v 13.00000000 20.96234900 -8.97818300
v -13.00000000 20.94338800 -8.99009700
v 13.00000000 20.94338800 -8.99009700
v 13.00000000 20.92225300 -8.99749300
v -13.00000000 20.92225300 -8.99749300
v 17.66704200 19.91704900 -8.97071100
v 17.41802400 20.09632300 -8.90000000
v 18.60094100 19.26647000 -8.90000000
v 20.96549800 13.68085800 -8.97071100
v 20.97818400 13.00000000 -8.96234900
v 20.96234900 13.00000000 -8.97818300
v 20.94338800 13.00000000 -8.99009700
v 20.92225300 13.00000000 -8.99749300
v 20.97382000 13.68102500 -8.96126700
v 20.96506900 14.36284500 -8.90000000
v 20.98043800 13.68115700 -8.95161100
v 21.00000000 13.00000000 -8.90000000
v 20.99749400 13.00000000 -8.92225200
v 20.99009700 13.00000000 -8.94338800
v 20.91185400 14.63755700 -8.97071100
v 20.81566000 15.31078700 -8.97071100
v 20.75959200 15.71252300 -8.90000000
v 20.67089700 15.93664400 -8.97071100
v 20.43951400 16.62383800 -8.97071100
v 20.27159700 17.07934000 -8.90000000
v 20.16835800 17.22087500 -8.97071100
v 19.80529200 17.84289200 -8.97071100
v 19.50725400 18.30886300 -8.90000000
v 19.37125200 18.43175700 -8.97071100
v 18.92895100 18.91952500 -8.97071100
v 18.38854600 19.40677500 -8.97071100
v 17.23521600 20.16101500 -8.97071100
v 16.63804600 20.43395800 -8.97071100
v 16.20863700 20.61976600 -8.90000000
v 15.95157400 20.66672900 -8.97071100
v 15.31749200 20.81462700 -8.97071100
v 14.93664900 20.90573500 -8.90000000
v 14.64352900 20.91124500 -8.97071100
v 13.67639100 20.94650100 -8.98565300
v 13.67658100 20.95615600 -8.97903300
v 13.67676800 20.96559900 -8.97071100
v 21.00000000 -13.00000000 -8.90000000
v 20.99749400 -13.00000000 -8.92225200
v 20.99009700 -13.00000000 -8.94338800
v 20.97818400 -13.00000000 -8.96234900
v 20.96234900 -13.00000000 -8.97818300
v 20.94338800 -13.00000000 -8.99009700
v 20.92225300 -13.00000000 -8.99749300
v 19.91704900 -17.66704200 -8.97071100
v 20.09632300 -17.41802400 -8.90000000
v 19.26647000 -18.60094100 -8.90000000
v 13.68085800 -20.96549800 -8.97071100
v 13.00000000 -20.97818400 -8.96234900
v 13.00000000 -20.96234900 -8.97818300
v 13.00000000 -20.94338800 -8.99009700
v 13.00000000 -20.92225300 -8.99749300
v 13.68102500 -20.97382000 -8.96126700
v 14.36284500 -20.96506900 -8.90000000
v 13.68115700 -20.98043800 -8.95161100
v 13.00000000 -21.00000000 -8.90000000
v 13.00000000 -20.99749400 -8.92225200
v 13.00000000 -20.99009700 -8.94338800
v 14.63755700 -20.91185400 -8.97071100
v 15.31078700 -20.81566000 -8.97071100
v 15.71252300 -20.75959200 -8.90000000
v 15.93664400 -20.67089700 -8.97071100
v 16.62383800 -20.43951400 -8.97071100
v 17.07934000 -20.27159700 -8.90000000
v 17.22087500 -20.16835800 -8.97071100
v 17.84289200 -19.80529200 -8.97071100
v 18.30886300 -19.50725400 -8.90000000
v 18.43175700 -19.37125200 -8.97071100
v 18.91952500 -18.92895100 -8.97071100
v 19.40677500 -18.38854600 -8.97071100
v 20.16101500 -17.23521600 -8.97071100
v 20.43395800 -16.63804600 -8.97071100
v 20.61976600 -16.20863700 -8.90000000
v 20.66672900 -15.95157400 -8.97071100
v 20.81462700 -15.31749200 -8.97071100
v 20.90573500 -14.93664900 -8.90000000
v 20.91124500 -14.64352900 -8.97071100
v 20.94650100 -13.67639100 -8.98565300
v 20.95615600 -13.67658100 -8.97903300
v 20.96559900 -13.67676800 -8.97071100
v -13.00000000 -21.00000000 -8.90000000
v -13.00000000 -20.99749400 -8.92225200
v -13.00000000 -20.99009700 -8.94338800
v -13.00000000 -20.97818400 -8.96234900
v -13.00000000 -20.96234900 -8.97818300
v -13.00000000 -20.94338800 -8.99009700
v -13.00000000 -20.92225300 -8.99749300
v -17.66704200 -19.91704900 -8.97071100
v -17.41802400 -20.09632300 -8.90000000
v -18.60094100 -19.26647000 -8.90000000
v -20.96549800 -13.68085800 -8.97071100
v -20.97818400 -13.00000000 -8.96234900
v -20.96234900 -13.00000000 -8.97818300
v -20.94338800 -13.00000000 -8.99009700
v -20.92225300 -13.00000000 -8.99749300
v -20.97382000 -13.68102500 -8.96126700
v -20.96506900 -14.36284500 -8.90000000
v -20.98043800 -13.68115700 -8.95161100
v -21.00000000 -13.00000000 -8.90000000
v -20.99749400 -13.00000000 -8.92225200
v -20.99009700 -13.00000000 -8.94338800
v -20.91185400 -14.63755700 -8.97071100
v -20.81566000 -15.31078700 -8.97071100
v -20.75959200 -15.71252300 -8.90000000
v -20.67089700 -15.93664400 -8.97071100
v -20.43951400 -16.62383800 -8.97071100
v -20.27159700 -17.07934000 -8.90000000
v -20.16835800 -17.22087500 -8.97071100
v -19.80529200 -17.84289200 -8.97071100
v -19.50725400 -18.30886300 -8.90000000
v -19.37125200 -18.43175700 -8.97071100
v -18.92895100 -18.91952500 -8.97071100
v -18.38854600 -19.40677500 -8.97071100
v -17.23521600 -20.16101500 -8.97071100
v -16.63804600 -20.43395800 -8.97071100
v -16.20863700 -20.61976600 -8.90000000
v -15.95157400 -20.66672900 -8.97071100
v -15.31749200 -20.81462700 -8.97071100
v -14.93664900 -20.90573500 -8.90000000
v -14.64352900 -20.91124500 -8.97071100
v -13.67639100 -20.94650100 -8.98565300
v -13.67658100 -20.95615600 -8.97903300
v -13.67676800 -20.96559900 -8.97071100
v -21.00000000 13.00000000 -8.90000000
v -20.99749400 13.00000000 -8.92225200
v -20.99009700 13.00000000 -8.94338800
v -20.97818400 13.00000000 -8.96234900
v -20.96234900 13.00000000 -8.97818300
v -20.94338800 13.00000000 -8.99009700
v -20.92225300 13.00000000 -8.99749300
v -19.91704900 17.66704200 -8.97071100
v -20.10129500 17.40903300 -8.90000000
v -19.27311300 18.59331700 -8.90000000
v -13.68339400 20.96544600 -8.97071100
v -13.68356200 20.97376800 -8.96126700
v -14.36791200 20.96470300 -8.90000000
v -13.68369600 20.98038700 -8.95161100
v -14.64007600 20.91159600 -8.97071100
v -15.31577700 20.81473000 -8.97071100
v -15.72247800 20.75716600 -8.90000000
v -15.94158000 20.66951800 -8.97071100
v -16.62867900 20.43759200 -8.97071100
v -17.08867800 20.26708400 -8.90000000
v -17.22546000 20.16599800 -8.97071100
v -17.84719300 19.80246200 -8.97071100
v -18.31708500 19.50083200 -8.90000000
v -18.43576600 19.36795000 -8.97071100
v -18.92309600 18.92538600 -8.97071100
v -19.40994300 18.38463000 -8.97071100
v -20.16335700 17.23068600 -8.97071100
v -20.43395800 16.63804600 -8.97071100
v -20.61976600 16.20863700 -8.90000000
v -20.66672900 15.95157400 -8.97071100
v -20.81462700 15.31749200 -8.97071100
v -20.90573500 14.93664900 -8.90000000
v -20.91124500 14.64352900 -8.97071100
v -20.94650100 13.67639100 -8.98565300
v -20.95615600 13.67658100 -8.97903300
v -20.96559900 13.67676800 -8.97071100
v -13.00000000 20.00000000 -0.00000000
v -14.24943900 19.97069700 -0.00000000
v -15.48078100 19.78684200 -0.00000000
v -16.52213300 19.42835200 -0.00000000
v -17.47258200 18.88283900 -0.00000000
v -18.39174700 18.07807000 -0.00000000
v -19.18413900 16.99996000 -0.00000000
v -19.69153000 15.82712400 -0.00000000
v -19.90133300 14.89622600 -0.00000000
v -20.00000000 13.00000000 0.00000000
v -20.00000000 -13.00000000 0.00000000
v -19.97069700 -14.24943900 0.00000000
v -19.78684200 -15.48078100 0.00000000
v -19.42835200 -16.52213300 0.00000000
v -18.88283900 -17.47258200 0.00000000
v -18.07807000 -18.39174700 0.00000000
v -16.99996000 -19.18413900 0.00000000
v -15.82712400 -19.69153000 0.00000000
v -14.89622600 -19.90133300 0.00000000
v -13.00000000 -20.00000000 0.00000000
v 13.00000000 -20.00000000 -0.00000000
v 14.24943900 -19.97069700 -0.00000000
v 15.48078100 -19.78684200 -0.00000000
v 16.52213300 -19.42835200 -0.00000000
v 17.47258200 -18.88283900 -0.00000000
v 18.39174700 -18.07807000 -0.00000000
v 19.18413900 -16.99996000 -0.00000000
v 19.69153000 -15.82712400 -0.00000000
v 19.90133300 -14.89622600 -0.00000000
v 20.00000000 -13.00000000 0.00000000
v 20.00000000 13.00000000 -0.00000000
v 19.97069700 14.24943900 -0.00000000
v 19.78684200 15.48078100 -0.00000000
v 19.42835200 16.52213300 -0.00000000
v 18.88283900 17.47258200 -0.00000000
v 18.07807000 18.39174700 -0.00000000
v 16.99996000 19.18413900 -0.00000000
v 15.82712400 19.69153000 -0.00000000
v 14.89622600 19.90133300 -0.00000000
v 13.00000000 20.00000000 0.00000000
v 13.00000000 21.00000000 -0.10000000
v -13.00000000 21.00000000 -0.10000000
v 21.00000000 13.00000000 -0.10000000
v 20.96215200 14.40365000 -0.10000000
v 20.73460200 15.81268500 -0.10000000
v 20.23706600 17.14986400 -0.10000000
v 19.45976300 18.36907000 -0.10000000
v 18.43329600 19.40788300 -0.10000000
v 17.34098100 20.13830900 -0.10000000
v 16.10648900 20.65182300 -0.10000000
v 14.86392900 20.91536700 -0.10000000
v 21.00000000 -13.00000000 -0.10000000
v 13.00000000 -21.00000000 -0.10000000
v 14.40365000 -20.96215200 -0.10000000
v 15.81268500 -20.73460200 -0.10000000
v 17.14986400 -20.23706600 -0.10000000
v 18.36907000 -19.45976300 -0.10000000
v 19.40788300 -18.43329600 -0.10000000
v 20.13830900 -17.34098100 -0.10000000
v 20.65182300 -16.10648900 -0.10000000
v 20.91536700 -14.86392900 -0.10000000
v -13.00000000 -21.00000000 -0.10000000
v -21.00000000 -13.00000000 -0.10000000
v -20.96215200 -14.40365000 -0.10000000
v -20.73460200 -15.81268500 -0.10000000
v -20.23706600 -17.14986400 -0.10000000
v -19.45976300 -18.36907000 -0.10000000
v -18.43329600 -19.40788300 -0.10000000
v -17.34098100 -20.13830900 -0.10000000
v -16.10648900 -20.65182300 -0.10000000
v -14.86392900 -20.91536700 -0.10000000
v -21.00000000 13.00000000 -0.10000000
v -14.40365000 20.96215200 -0.10000000
v -15.81268500 20.73460200 -0.10000000
v -17.14986400 20.23706600 -0.10000000
v -18.36907000 19.45976300 -0.10000000
v -19.40788300 18.43329600 -0.10000000
v -20.13830900 17.34098100 -0.10000000
v -20.65182300 16.10648900 -0.10000000
v -20.91536700 14.86392900 -0.10000000
v -19.17797700 -18.55013700 0.00000000
v -18.11356700 -19.53025800 0.00000000
v -20.00660500 -17.37357300 0.00000000
v -16.99967400 -20.19894200 0.00000000
v -20.53885300 -16.13317700 0.00000000
v -15.65528500 -20.67037400 0.00000000
v -20.82779100 -14.75565900 0.00000000
v -14.34673900 -20.86587900 0.00000000
v -20.90000000 -13.00000000 -0.00000000
v -13.00000000 -20.90000000 -0.00000000
v 13.00000000 -20.90000000 -0.00000000
v -20.90000000 13.00000000 -0.00000000
v -20.86587900 14.34673900 0.00000000
v 14.75565900 -20.82779100 0.00000000
v -20.67037400 15.65528500 0.00000000
v 16.13317700 -20.53885300 0.00000000
v -20.19894200 16.99967400 0.00000000
v 17.37357300 -20.00660500 0.00000000
v -19.53025800 18.11356700 0.00000000
v 18.55013700 -19.17797700 0.00000000
v -18.55013700 19.17797700 0.00000000
v 19.53025800 -18.11356700 0.00000000
v -17.37357300 20.00660500 0.00000000
v 20.19894200 -16.99967400 0.00000000
v -16.13317700 20.53885300 0.00000000
v 20.67037400 -15.65528500 0.00000000
v -14.75565900 20.82779100 0.00000000
v 20.86587900 -14.34673900 0.00000000
v -13.00000000 20.90000000 -0.00000000
v 20.90000000 -13.00000000 -0.00000000
v 20.90000000 13.00000000 -0.00000000
v 13.00000000 20.90000000 -0.00000000
v 14.34673900 20.86587900 0.00000000
v 20.82779100 14.75565900 0.00000000
v 15.65528500 20.67037400 0.00000000
v 20.53885300 16.13317700 0.00000000
v 16.99967400 20.19894200 0.00000000
v 20.00660500 17.37357300 0.00000000
v 18.11356700 19.53025800 0.00000000
v 19.17797700 18.55013700 0.00000000
v -13.00000000 20.92225300 -0.00250700
v 13.00000000 20.92225300 -0.00250700
v -13.00000000 20.94338800 -0.00990300
v 13.00000000 20.94338800 -0.00990300
v -13.00000000 20.96234900 -0.02181700
v 13.00000000 20.96234900 -0.02181700
v -13.00000000 20.97818400 -0.03765100
v 13.00000000 20.97818400 -0.03765100
v -13.00000000 20.99009700 -0.05661200
v 13.00000000 20.99009700 -0.05661200
v -13.00000000 20.99749400 -0.07774800
v 13.00000000 20.99749400 -0.07774800
v 17.66704200 19.91704900 -0.02928900
v 20.98000900 13.70160100 -0.04839000
v 20.97818400 13.00000000 -0.03765100
v 20.99009700 13.00000000 -0.05661200
v 20.99749400 13.00000000 -0.07774800
v 20.97339100 13.70146100 -0.03873200
v 20.96506900 13.70128500 -0.02928900
v 20.92225300 13.00000000 -0.00250700
v 20.94338800 13.00000000 -0.00990300
v 20.96234900 13.00000000 -0.02181700
v 20.91727600 14.58277600 -0.02928800
v 20.82010700 15.28668500 -0.02928800
v 20.65857500 15.98027100 -0.02928900
v 20.42727300 16.65447200 -0.02928900
v 20.14119900 17.27312500 -0.02929000
v 19.77337500 17.89100600 -0.02929000
v 19.33543200 18.47497400 -0.02933000
v 18.83826100 19.00880800 -0.02933000
v 18.28655800 19.48773800 -0.02928800
v 17.17934000 20.18959800 -0.02928900
v 16.57086000 20.46037900 -0.02928900
v 15.88607400 20.68482600 -0.02928800
v 15.26708600 20.82387500 -0.02928800
v 14.60621500 20.91499700 -0.02928800
v 13.67574600 20.96561800 -0.02928800
v 13.67556000 20.95617500 -0.02096600
v 13.67536900 20.94651800 -0.01434600
v 20.92225300 -13.00000000 -0.00250700
v 20.94338800 -13.00000000 -0.00990300
v 20.96234900 -13.00000000 -0.02181700
v 20.97818400 -13.00000000 -0.03765100
v 20.99009700 -13.00000000 -0.05661200
v 20.99749400 -13.00000000 -0.07774800
v 19.91704900 -17.66704200 -0.02928900
v 13.70160100 -20.98000900 -0.04839000
v 13.00000000 -20.97818400 -0.03765100
v 13.00000000 -20.99009700 -0.05661200
v 13.00000000 -20.99749400 -0.07774800
v 13.70146100 -20.97339100 -0.03873200
v 13.70128500 -20.96506900 -0.02928900
v 13.00000000 -20.92225300 -0.00250700
v 13.00000000 -20.94338800 -0.00990300
v 13.00000000 -20.96234900 -0.02181700
v 14.58277600 -20.91727600 -0.02928800
v 15.28668500 -20.82010700 -0.02928800
v 15.98027100 -20.65857500 -0.02928900
v 16.65447200 -20.42727300 -0.02928900
v 17.27312500 -20.14119900 -0.02929000
v 17.89100600 -19.77337500 -0.02929000
v 18.47497400 -19.33543200 -0.02933000
v 19.00880800 -18.83826100 -0.02933000
v 19.48773800 -18.28655800 -0.02928800
v 20.18959800 -17.17934000 -0.02928900
v 20.46037900 -16.57086000 -0.02928900
v 20.68482600 -15.88607400 -0.02928800
v 20.82387500 -15.26708600 -0.02928800
v 20.91499700 -14.60621500 -0.02928800
v 20.96561800 -13.67574600 -0.02928800
v 20.95617500 -13.67556000 -0.02096600
v 20.94651800 -13.67536900 -0.01434600
v -13.00000000 -20.92225300 -0.00250700
v -13.00000000 -20.94338800 -0.00990300
v -13.00000000 -20.96234900 -0.02181700
v -13.00000000 -20.97818400 -0.03765100
v -13.00000000 -20.99009700 -0.05661200
v -13.00000000 -20.99749400 -0.07774800
v -17.66704200 -19.91704900 -0.02928900
v -20.98000900 -13.70160100 -0.04839000
v -20.97818400 -13.00000000 -0.03765100
v -20.99009700 -13.00000000 -0.05661200
v -20.99749400 -13.00000000 -0.07774800
v -20.97339100 -13.70146100 -0.03873200
v -20.96506900 -13.70128500 -0.02928900
v -20.92225300 -13.00000000 -0.00250700
v -20.94338800 -13.00000000 -0.00990300
v -20.96234900 -13.00000000 -0.02181700
v -20.91727600 -14.58277600 -0.02928800
v -20.82010700 -15.28668500 -0.02928800
v -20.65857500 -15.98027100 -0.02928900
v -20.42727300 -16.65447200 -0.02928900
v -20.14119900 -17.27312500 -0.02929000
v -19.77337500 -17.89100600 -0.02929000
v -19.33543200 -18.47497400 -0.02933000
v -18.83826100 -19.00880800 -0.02933000
v -18.28655800 -19.48773800 -0.02928800
v -17.17934000 -20.18959800 -0.02928900
v -16.57086000 -20.46037900 -0.02928900
v -15.88607400 -20.68482600 -0.02928800
v -15.26708600 -20.82387500 -0.02928800
v -14.60621500 -20.91499700 -0.02928800
v -13.67574600 -20.96561800 -0.02928800
v -13.67556000 -20.95617500 -0.02096600
v -13.67536900 -20.94651800 -0.01434600
v -20.92225300 13.00000000 -0.00250700
v -20.94338800 13.00000000 -0.00990300
v -20.96234900 13.00000000 -0.02181700
v -20.97818400 13.00000000 -0.03765100
v -20.99009700 13.00000000 -0.05661200
v -20.99749400 13.00000000 -0.07774800
v -19.91704900 17.66704200 -0.02928900
v -13.70160100 20.98000900 -0.04839000
v -13.70146100 20.97339100 -0.03873200
v -13.70128500 20.96506900 -0.02928900
v -14.58277600 20.91727600 -0.02928800
v -15.28668500 20.82010700 -0.02928800
v -15.98027100 20.65857500 -0.02928900
v -16.65447200 20.42727300 -0.02928900
v -17.27312500 20.14119900 -0.02929000
v -17.89100600 19.77337500 -0.02929000
v -18.47497400 19.33543200 -0.02933000
v -19.00880800 18.83826100 -0.02933000
v -19.48773800 18.28655800 -0.02928800
v -20.18959800 17.17934000 -0.02928900
v -20.46037900 16.57086000 -0.02928900
v -20.68482600 15.88607400 -0.02928800
v -20.82387500 15.26708600 -0.02928800
v -20.91499700 14.60621500 -0.02928800
v -20.96561800 13.67574600 -0.02928800
v -20.95617500 13.67556000 -0.02096600
v -20.94651800 13.67536900 -0.01434600
v 0.61090100 -15.00000000 -17.12852300
v 1.18629900 -15.00000000 -16.91030300
v 1.69275300 -15.00000000 -16.56072400
v 2.53408800 -15.00000000 -14.95769400
v 2.10083100 -15.00000000 -16.10010000
v 2.38681600 -15.00000000 -15.55520000
v 2.53408800 -15.00000000 -14.34230600
v 2.38681600 -15.00000000 -13.74480100
v 1.18629900 -15.00000000 -12.38969600
v 0.61090100 -15.00000000 -12.17147600
v 2.10083100 -15.00000000 -13.19990200
v 1.69275300 -15.00000000 -12.73927700
v 0.61090100 -16.00000000 -17.12852300
v 1.18629900 -16.00000000 -16.91030300
v 1.69275300 -16.00000000 -16.56072400
v 2.10083100 -16.00000000 -16.10010000
v 2.38681600 -16.00000000 -15.55520000
v 2.53408800 -16.00000000 -14.95769400
v 2.53408800 -16.00000000 -14.34230600
v 2.38681600 -16.00000000 -13.74480100
v 2.10083100 -16.00000000 -13.19990200
v 1.69275300 -16.00000000 -12.73927700
v 1.18629900 -16.00000000 -12.38969600
v 0.61090100 -16.00000000 -12.17147600
v 0.75982700 -16.00000000 -17.73274000
v 1.47549600 -16.00000000 -17.46132300
v 2.10541400 -16.00000000 -17.02652200
v 2.61297400 -16.00000000 -16.45360600
v 2.96867700 -16.00000000 -15.77587000
v 3.15185100 -16.00000000 -15.03270400
v 3.15185100 -16.00000000 -14.26729600
v 0.75982700 -16.00000000 -11.56726000
v 2.96867700 -16.00000000 -13.52413000
v 1.47549600 -16.00000000 -11.83867700
v 2.61297400 -16.00000000 -12.84639500
v 2.10541400 -16.00000000 -12.27347900
v 0.75982700 -20.50000000 -17.73274000
v 1.47549600 -20.50000000 -17.46132300
v 2.10541400 -20.50000000 -17.02652200
v 2.61297400 -20.50000000 -16.45360600
v 2.96867700 -20.50000000 -15.77587000
v 3.15185100 -20.50000000 -15.03270400
v 3.15185100 -20.50000000 -14.26729600
v 2.96867700 -20.50000000 -13.52413000
v 2.61297400 -20.50000000 -12.84639500
v 2.10541400 -20.50000000 -12.27347900
v 1.47549600 -20.50000000 -11.83867700
v 0.75982700 -20.50000000 -11.56726000
v 19.70000100 -5.52500000 -14.37000000
v 20.79999900 -5.52500000 -14.37000000
v 19.70000100 -5.83652900 -14.40510100
v 20.79999900 -5.83652900 -14.40510100
v 20.79999900 -6.13243700 -14.50864300
v 19.70000100 -6.13243700 -14.50864300
v 20.79999900 -6.39788600 -14.67543600
v 19.70000100 -6.39788600 -14.67543600
v 20.79999900 -6.61956400 -14.89711500
v 19.70000100 -6.61956400 -14.89711500
v 20.79999900 -6.78635600 -15.16256200
v 19.70000100 -6.78635600 -15.16256200
v 20.79999900 -6.88989900 -15.45847000
v 19.70000100 -6.88989900 -15.45847000
v 20.79999900 -6.92500000 -15.77000000
v 19.70000100 -6.92500000 -15.77000000
v 19.70000100 -6.92500000 -16.60000000
v 20.79999900 -6.92500000 -16.60000000
v 19.70000100 -6.88989900 -16.91153000
v 20.79999900 -6.88989900 -16.91153000
v 20.79999900 -6.78635600 -17.20743800
v 19.70000100 -6.78635600 -17.20743800
v 20.79999900 -6.61956400 -17.47288500
v 19.70000100 -6.61956400 -17.47288500
v 20.79999900 -6.39788600 -17.69456500
v 19.70000100 -6.39788600 -17.69456500
v 20.79999900 -6.13243700 -17.86135700
v 19.70000100 -6.13243700 -17.86135700
v 20.79999900 -5.83652900 -17.96489900
v 19.70000100 -5.83652900 -17.96489900
v 20.79999900 -5.52500000 -18.00000000
v 19.70000100 -5.52500000 -18.00000000
v 20.79999900 5.52500000 -18.00000000
v 19.70000100 5.52500000 -18.00000000
v 19.70000100 5.83652900 -17.96489900
v 20.79999900 5.83652900 -17.96489900
v 20.79999900 6.13243700 -17.86135700
v 19.70000100 6.13243700 -17.86135700
v 20.79999900 6.39788600 -17.69456500
v 19.70000100 6.39788600 -17.69456500
v 20.79999900 6.61956400 -17.47288500
v 19.70000100 6.61956400 -17.47288500
v 20.79999900 6.78635600 -17.20743800
v 19.70000100 6.78635600 -17.20743800
v 20.79999900 6.88989900 -16.91153000
v 19.70000100 6.88989900 -16.91153000
v 20.79999900 6.92500000 -16.60000000
v 19.70000100 6.92500000 -16.60000000
v 20.79999900 6.92500000 -16.33568600
v 19.70000100 6.92500000 -16.33568600
v 20.79999900 6.66139600 -15.69928900
v 19.70000100 6.77332300 -15.83567200
v 20.79999900 6.77332300 -15.83567200
v 19.70000100 6.66139600 -15.69928900
v 19.70000100 6.85649200 -15.99127000
v 20.79999900 6.85649200 -15.99127000
v 20.79999900 6.90770700 -16.16010500
v 19.70000100 6.90770700 -16.16010500
v 19.70000100 5.59571100 -14.63360400
v 20.79999900 5.59571100 -14.63360400
v 20.79999900 4.95931400 -14.37000000
v 19.70000100 5.13489600 -14.38729300
v 20.79999900 5.13489600 -14.38729300
v 19.70000100 4.95931400 -14.37000000
v 19.70000100 5.30373000 -14.43850800
v 20.79999900 5.30373000 -14.43850800
v 19.70000100 5.45932800 -14.52167700
v 20.79999900 5.45932800 -14.52167700
v 20.78000100 -8.80854700 -16.96175400
v 18.00000000 -8.80854700 -16.96175400
v 20.78000100 -8.62822200 -16.89336400
v 18.00000000 -8.62822200 -16.89336400
v 20.78000100 -8.46950100 -16.78380800
v 18.00000000 -8.46950100 -16.78380800
v 20.78000100 -8.34161300 -16.63945200
v 18.00000000 -8.34161300 -16.63945200
v 20.78000100 -8.25198700 -16.46868300
v 18.00000000 -8.25198700 -16.46868300
v 18.00000000 -8.20583200 -16.28142900
v 20.78000100 -8.20583200 -16.28142900
v 20.78000100 -8.20583200 -16.08857200
v 18.00000000 -8.20583200 -16.08857200
v 20.78000100 -8.25198700 -15.90131600
v 18.00000000 -8.25198700 -15.90131600
v 18.00000000 -8.34161300 -15.73054800
v 20.78000100 -8.34161300 -15.73054800
v 20.78000100 -8.46950100 -15.58619100
v 18.00000000 -8.46950100 -15.58619100
v 20.78000100 -8.62822200 -15.47663500
v 18.00000000 -8.62822200 -15.47663500
v 18.00000000 -8.80854700 -15.40824700
v 20.78000100 -8.80854700 -15.40824700
v 20.78000100 9.19145300 -16.96175400
v 18.00000000 9.19145300 -16.96175400
v 20.78000100 9.37177800 -16.89336400
v 18.00000000 9.37177800 -16.89336400
v 20.78000100 9.53049900 -16.78380800
v 18.00000000 9.53049900 -16.78380800
v 20.78000100 9.65838700 -16.63945200
v 18.00000000 9.65838700 -16.63945200
v 20.78000100 9.74801300 -16.46868300
v 18.00000000 9.74801300 -16.46868300
v 18.00000000 9.79416800 -16.28142900
v 20.78000100 9.79416800 -16.28142900
v 20.78000100 9.79416800 -16.08857200
v 18.00000000 9.79416800 -16.08857200
v 20.78000100 9.74801300 -15.90131600
v 18.00000000 9.74801300 -15.90131600
v 18.00000000 9.65838700 -15.73054800
v 20.78000100 9.65838700 -15.73054800
v 20.78000100 9.53049900 -15.58619100
v 18.00000000 9.53049900 -15.58619100
v 20.78000100 9.37177800 -15.47663500
v 18.00000000 9.37177800 -15.47663500
v 18.00000000 9.19145300 -15.40824700
v 20.78000100 9.19145300 -15.40824700
v 0.87948500 -21.00000000 -18.21821200
v 1.70785800 -21.00000000 -17.90405100
v 2.43697600 -21.00000000 -17.40077800
v 3.02446600 -21.00000000 -16.73763800
v 3.43618500 -21.00000000 -15.95317300
v 3.64820500 -21.00000000 -15.09297300
v 3.64820500 -21.00000000 -14.20702700
v 3.43618500 -21.00000000 -13.34682800
v 3.02446600 -21.00000000 -12.56236200
v 2.43697600 -21.00000000 -11.89922300
v 1.70785800 -21.00000000 -11.39594900
v 0.87948500 -21.00000000 -11.08178900
v 21.00000000 -5.52500000 -14.17000000
v 21.00000000 -5.88103300 -14.21011500
v 21.00000000 -6.21921400 -14.32845000
v 21.00000000 -6.52258300 -14.51907000
v 21.00000000 -6.77593000 -14.77241600
v 21.00000000 -6.96655000 -15.07578600
v 21.00000000 -7.08488500 -15.41396600
v 21.00000000 -7.12500000 -15.77000000
v 21.00000000 -7.12500000 -16.60000000
v 21.00000000 -7.08488500 -16.95603400
v 21.00000000 -6.96655000 -17.29421400
v 21.00000000 -6.77593000 -17.59758400
v 21.00000000 -6.52258300 -17.85093100
v 21.00000000 -6.21921400 -18.04155000
v 21.00000000 -5.88103300 -18.15988500
v 21.00000000 -5.52500000 -18.20000100
v 21.00000000 5.52500000 -18.20000100
v 21.00000000 5.88103300 -18.15988500
v 21.00000000 6.21921400 -18.04155000
v 21.00000000 6.52258300 -17.85093100
v 21.00000000 6.77593000 -17.59758400
v 21.00000000 6.96655000 -17.29421400
v 21.00000000 7.08488500 -16.95603400
v 21.00000000 7.12500000 -16.60000000
v 21.00000000 7.12500000 -16.33568600
v 21.00000000 7.10386400 -16.12108600
v 21.00000000 7.04126700 -15.91473400
v 21.00000000 6.93961700 -15.72455800
v 21.00000000 6.80281700 -15.55786800
v 21.00000000 5.73713200 -14.49218300
v 21.00000000 5.57044200 -14.35538400
v 21.00000000 5.38026600 -14.25373300
v 21.00000000 5.17391400 -14.19113600
v 21.00000000 4.95931400 -14.17000000
v 21.00000000 -8.75589800 -17.17536000
v 21.00000000 -8.52598200 -17.08816500
v 21.00000000 -8.32361500 -16.94848100
v 21.00000000 -8.16055700 -16.76442500
v 21.00000000 -8.04628400 -16.54669800
v 21.00000000 -7.98743700 -16.30794700
v 21.00000000 -7.98743700 -16.06205200
v 21.00000000 -8.04628400 -15.82330300
v 21.00000000 -8.16055700 -15.60557400
v 21.00000000 -8.32361500 -15.42151900
v 21.00000000 -8.52598200 -15.28183500
v 21.00000000 -8.75589800 -15.19463900
v 21.00000000 9.24410200 -17.17536000
v 21.00000000 9.47401800 -17.08816500
v 21.00000000 9.67638500 -16.94848100
v 21.00000000 9.83944300 -16.76442500
v 21.00000000 9.95371600 -16.54669800
v 21.00000000 10.01256300 -16.30794700
v 21.00000000 10.01256300 -16.06205200
v 21.00000000 9.95371600 -15.82330300
v 21.00000000 9.83944300 -15.60557400
v 21.00000000 9.67638500 -15.42151900
v 21.00000000 9.47401800 -15.28183500
v 21.00000000 9.24410200 -15.19463900
v -19.40788300 -18.43329600 -9.30000000
v -18.36907000 -19.45976300 -9.30000000
v -20.13830900 -17.34098100 -9.30000000
v -17.14986400 -20.23706600 -9.30000000
v -20.65182300 -16.10648900 -9.30000000
v -15.81268500 -20.73460200 -9.30000000
v -20.91536700 -14.86392900 -9.30000000
v -14.40365000 -20.96215200 -9.30000000
v -21.00000000 -13.00000000 -9.30000000
v -13.00000000 -21.00000000 -9.30000000
v 13.00000000 -21.00000000 -9.30000000
v -21.00000000 13.00000000 -9.30000000
v -20.96215200 14.40365000 -9.30000000
v 14.86392900 -20.91536700 -9.30000000
v -20.73460200 15.81268500 -9.30000000
v 16.10648900 -20.65182300 -9.30000000
v -20.23706600 17.14986400 -9.30000000
v 17.34098100 -20.13830900 -9.30000000
v -19.45976300 18.36907000 -9.30000000
v 18.43329600 -19.40788300 -9.30000000
v -18.43329600 19.40788300 -9.30000000
v 19.45976300 -18.36907000 -9.30000000
v -17.34098100 20.13830900 -9.30000000
v 20.23706600 -17.14986400 -9.30000000
v -16.10648900 20.65182300 -9.30000000
v 20.73460200 -15.81268500 -9.30000000
v -14.86392900 20.91536700 -9.30000000
v 20.96215200 -14.40365000 -9.30000000
v -13.00000000 21.00000000 -9.30000000
v 21.00000000 -13.00000000 -9.30000000
v 13.00000000 21.00000000 -9.30000000
v 21.00000000 13.00000000 -9.30000000
v 14.40365000 20.96215200 -9.30000000
v 20.91536700 14.86392900 -9.30000000
v 15.81268500 20.73460200 -9.30000000
v 20.65182300 16.10648900 -9.30000000
v 17.14986400 20.23706600 -9.30000000
v 20.13830900 17.34098100 -9.30000000
v 18.36907000 19.45976300 -9.30000000
v 19.40788300 18.43329600 -9.30000000
v -14.86392900 20.91536700 -20.00000000
v -13.00000000 21.00000000 -20.00000000
v -16.10648900 20.65182300 -20.00000000
v -17.34098100 20.13830900 -20.00000000
v -18.43329600 19.40788300 -20.00000000
v -19.45976300 18.36907000 -20.00000000
v -20.23706600 17.14986400 -20.00000000
v -20.73460200 15.81268500 -20.00000000
v -20.96215200 14.40365000 -20.00000000
v -21.00000000 13.00000000 -20.00000000
v -21.00000000 -13.00000000 -20.00000000
v -20.91536700 -14.86392900 -20.00000000
v -20.65182300 -16.10648900 -20.00000000
v -20.13830900 -17.34098100 -20.00000000
v -19.40788300 -18.43329600 -20.00000000
v -18.36907000 -19.45976300 -20.00000000
v -17.14986400 -20.23706600 -20.00000000
v -15.81268500 -20.73460200 -20.00000000
v -14.40365000 -20.96215200 -20.00000000
v -13.00000000 -21.00000000 -20.00000000
v 13.00000000 -21.00000000 -20.00000000
v 14.86392900 -20.91536700 -20.00000000
v 16.10648900 -20.65182300 -20.00000000
v 17.34098100 -20.13830900 -20.00000000
v 18.43329600 -19.40788300 -20.00000000
v 19.45976300 -18.36907000 -20.00000000
v 20.23706600 -17.14986400 -20.00000000
v 20.73460200 -15.81268500 -20.00000000
v 20.96215200 -14.40365000 -20.00000000
v 21.00000000 -13.00000000 -20.00000000
v 21.00000000 13.00000000 -20.00000000
v 20.91536700 14.86392900 -20.00000000
v 20.65182300 16.10648900 -20.00000000
v 20.13830900 17.34098100 -20.00000000
v 19.40788300 18.43329600 -20.00000000
v 18.36907000 19.45976300 -20.00000000
v 17.14986400 20.23706600 -20.00000000
v 15.81268500 20.73460200 -20.00000000
v 14.40365000 20.96215200 -20.00000000
v 13.00000000 21.00000000 -20.00000000
v -13.63970500 -20.92623500 -20.64615100
v -13.00000000 -20.92478400 -20.66756200
v -13.41324300 -20.80191200 -21.07044200
v -13.00000000 -20.70290600 -21.30165100
v -13.00000000 -20.34549500 -21.87047000
v -13.63818600 -20.84110800 -20.95343800
v -14.27144200 -20.90424200 -20.63102700
v -14.20390700 -20.81983000 -20.95343800
v -13.57243100 -19.46450200 -22.61677600
v -13.00000000 -19.87047000 -22.34549500
v -13.00000000 -19.30165100 -22.70290600
v -14.42884700 -20.15667000 -22.04043400
v -13.56626900 -19.06781000 -22.80252300
v -13.00000000 -18.66756200 -22.92478400
v -13.86951400 -19.24324400 -22.72551700
v -13.85861800 -18.94325800 -22.84445600
v -13.84746400 -18.63615600 -22.92958500
v -16.37378500 -19.62454800 -22.12132300
v -15.78580700 -19.83059100 -22.12132300
v -16.28265400 -20.18992800 -21.46712700
v -15.35625400 -19.26882900 -22.61677600
v -15.28050200 -19.95629700 -22.12130700
v -17.00668100 -19.31963900 -22.12132100
v -17.55341100 -19.57076600 -21.46712500
v -16.39132100 -18.90150800 -22.61678100
v -17.54179400 -18.98266400 -22.12132100
v -18.10269900 -18.53370300 -22.12132100
v -18.67150700 -18.67644100 -21.46712500
v -17.42376100 -18.25298100 -22.61678100
v -18.55204000 -18.08231900 -22.12132100
v -19.54625700 -17.59195500 -21.46712500
v -19.00029800 -17.51676400 -22.12132100
v -19.30550600 -17.03188700 -22.12132100
v -20.15407000 -16.38059000 -21.46712500
v -18.28782700 -17.37984100 -22.61678100
v -19.62110900 -16.38215100 -22.12132100
v -19.81651900 -15.83285600 -22.12132100
v -20.39798500 -15.57767800 -21.46712500
v -18.91533500 -16.36208300 -22.61678100
v -20.92161800 -13.83032600 -20.64615100
v -20.92478400 -13.00000000 -20.66756200
v -19.95770800 -15.27355500 -22.12132100
v -20.80078300 -13.53168900 -21.07044200
v -20.70290600 -13.00000000 -21.30165100
v -20.83651900 -13.82783000 -20.95343800
v -20.71762100 -13.82434300 -21.25360300
v -20.61502500 -13.52935400 -21.46712500
v -20.34549500 -13.00000000 -21.87047000
v -19.87047000 -13.00000000 -22.34549500
v -19.99861100 -14.41345600 -22.19922600
v -18.95068600 -13.57318500 -22.84444800
v -18.66756200 -13.00000000 -22.92478400
v -18.92650600 -14.17978900 -22.84446100
v -18.60488900 -14.15753800 -22.93287800
v -19.06982000 -13.37933400 -22.80251700
v -19.30165100 -13.00000000 -22.70290600
v -14.88443400 -20.73222900 -21.02062200
v -15.44237500 -20.73590100 -20.69842900
v -15.25199900 -20.66194500 -21.05413600
v -15.20461800 -20.60438500 -21.21337500
v -14.75215500 -20.48140700 -21.57134400
v -14.64147500 -20.38552900 -21.73461500
v -16.08594500 -20.56317700 -20.73215700
v -16.45042800 -20.49496700 -20.48407000
v -15.24066100 -20.42789300 -21.53682100
v -16.74933200 -20.32161300 -20.73215700
v -17.04504800 -20.10495600 -20.98074200
v -17.41363500 -19.99484800 -20.73215700
v -17.75242000 -19.85178400 -20.48407000
v -18.01824200 -19.61076900 -20.73215700
v -18.27377300 -19.32492400 -20.98074200
v -18.60294300 -19.14355300 -20.73215700
v -18.89660100 -18.93762200 -20.48407000
v -14.96891700 -18.60206600 -22.90928100
v -19.11372200 -18.63610300 -20.73215700
v -15.36333800 -18.50673300 -22.90928600
v -15.68664800 -18.66529100 -22.83516100
v -15.10280100 -18.31874300 -22.96068600
v -19.78998600 -17.84788900 -20.48407000
v -19.29714600 -18.30825800 -20.98074200
v -19.57386600 -18.06959300 -20.73215700
v -15.81251700 -18.35312800 -22.90928600
v -19.92981500 -17.52662300 -20.73215700
v -15.94747700 -18.02398700 -22.96069000
v -16.29812600 -18.12402500 -22.90928600
v -16.66046900 -18.19968600 -22.83516300
v -20.41910900 -16.64805200 -20.48407000
v -20.25671400 -16.89708700 -20.73215700
v -20.04974000 -17.15509600 -20.98074200
v -16.74501600 -17.84471100 -22.90928600
v -20.49975600 -16.28211600 -20.73215700
v -20.62789200 -15.86137300 -20.73215700
v -20.76236200 -15.52565700 -20.48407000
v -20.49745400 -16.04717100 -20.98074200
v -16.81156200 -17.48380700 -22.96069000
v -17.17561700 -17.49912100 -22.90928600
v -17.54069300 -17.49338500 -22.83516300
v -20.76623300 -15.24039800 -20.73215700
v -17.54745700 -17.12142400 -22.90928600
v -20.82045200 -14.72989900 -20.80597500
v -17.53243300 -16.74990500 -22.96069000
v -17.88781000 -16.68315500 -22.90928600
v -18.23249200 -16.60737200 -22.83516300
v -18.15396500 -16.24244900 -22.90928600
v -19.36699700 -15.24154700 -22.57646400
v -18.05740000 -15.87462500 -22.96069000
v -18.38186500 -15.73895700 -22.90928600
v -19.04205100 -15.21245200 -22.74367000
v -19.49842300 -14.68145100 -22.55555300
v -18.61959100 -15.22749200 -22.88970800
v -20.49262200 -14.89524300 -21.52228700
v -20.51416000 -14.57527400 -21.54966700
v -20.59264600 -14.31540000 -21.45241200
v -18.66756200 13.00000000 -22.92478400
v -19.30165100 13.00000000 -22.70290600
v -19.87047000 13.00000000 -22.34549500
v -20.34549500 13.00000000 -21.87047000
v -20.70290600 13.00000000 -21.30165100
v -20.92478400 13.00000000 -20.66756200
v 13.00000000 -18.66756200 -22.92478400
v 13.00000000 -19.30165100 -22.70290600
v 13.00000000 -19.87047000 -22.34549500
v 13.00000000 -20.34549500 -21.87047000
v 13.00000000 -20.70290600 -21.30165100
v 13.00000000 -20.92478400 -20.66756200
v -20.92623500 13.63970500 -20.64615100
v -20.80191200 13.41324300 -21.07044200
v -20.84110800 13.63818600 -20.95343800
v -20.90424200 14.27144200 -20.63102700
v -20.81983000 14.20390700 -20.95343800
v -19.46450200 13.57243100 -22.61677600
v -20.15667000 14.42884700 -22.04043400
v -19.06781000 13.56626900 -22.80252300
v -19.24324400 13.86951400 -22.72551700
v -18.94325800 13.85861800 -22.84445600
v -18.63615600 13.84746400 -22.92958500
v -19.62454800 16.37378500 -22.12132300
v -19.83059100 15.78580700 -22.12132300
v -20.18992800 16.28265400 -21.46712700
v -19.26882900 15.35625400 -22.61677600
v -19.95629700 15.28050200 -22.12130700
v -19.31963900 17.00668100 -22.12132100
v -19.57076600 17.55341100 -21.46712500
v -18.90150800 16.39132100 -22.61678100
v -18.98266400 17.54179400 -22.12132100
v -18.53370300 18.10269900 -22.12132100
v -18.67644100 18.67150700 -21.46712500
v -18.25298100 17.42376100 -22.61678100
v -18.08231900 18.55204000 -22.12132100
v -17.59195500 19.54625700 -21.46712500
v -17.51676400 19.00029800 -22.12132100
v -17.03188700 19.30550600 -22.12132100
v -16.38059000 20.15407000 -21.46712500
v -17.37984100 18.28782700 -22.61678100
v -16.38215100 19.62110900 -22.12132100
v -15.83285600 19.81651900 -22.12132100
v -15.57767800 20.39798500 -21.46712500
v -16.36208300 18.91533500 -22.61678100
v -13.83032600 20.92161800 -20.64615100
v -13.00000000 20.92478400 -20.66756200
v -15.27355500 19.95770800 -22.12132100
v -13.53168900 20.80078300 -21.07044200
v -13.00000000 20.70290600 -21.30165100
v -13.82783000 20.83651900 -20.95343800
v -13.82434300 20.71762100 -21.25360300
v -13.52935400 20.61502500 -21.46712500
v -13.00000000 20.34549500 -21.87047000
v -13.00000000 19.87047000 -22.34549500
v -14.41345600 19.99861100 -22.19922600
v -13.57318500 18.95068600 -22.84444800
v -13.00000000 18.66756200 -22.92478400
v -14.17978900 18.92650600 -22.84446100
v -14.15753800 18.60488900 -22.93287800
v -13.37933400 19.06982000 -22.80251700
v -13.00000000 19.30165100 -22.70290600
v -20.73222900 14.88443400 -21.02062200
v -20.73590100 15.44237500 -20.69842900
v -20.66194500 15.25199900 -21.05413600
v -20.60438500 15.20461800 -21.21337500
v -20.48140700 14.75215500 -21.57134400
v -20.38552900 14.64147500 -21.73461500
v -20.56317700 16.08594500 -20.73215700
v -20.49496700 16.45042800 -20.48407000
v -20.42789300 15.24066100 -21.53682100
v -20.32161300 16.74933200 -20.73215700
v -20.10495600 17.04504800 -20.98074200
v -19.99484800 17.41363500 -20.73215700
v -19.85178400 17.75242000 -20.48407000
v -19.61076900 18.01824200 -20.73215700
v -19.32492400 18.27377300 -20.98074200
v -19.14355300 18.60294300 -20.73215700
v -18.93762200 18.89660100 -20.48407000
v -18.60206600 14.96891700 -22.90928100
v -18.63610300 19.11372200 -20.73215700
v -18.50673300 15.36333800 -22.90928600
v -18.66529100 15.68664800 -22.83516100
v -18.31874300 15.10280100 -22.96068600
v -17.84788900 19.78998600 -20.48407000
v -18.30825800 19.29714600 -20.98074200
v -18.06959300 19.57386600 -20.73215700
v -18.35312800 15.81251700 -22.90928600
v -17.52662300 19.92981500 -20.73215700
v -18.02398700 15.94747700 -22.96069000
v -18.12402500 16.29812600 -22.90928600
v -18.19968600 16.66046900 -22.83516300
v -16.64805200 20.41910900 -20.48407000
v -16.89708700 20.25671400 -20.73215700
v -17.15509600 20.04974000 -20.98074200
v -17.84471100 16.74501600 -22.90928600
v -16.28211600 20.49975600 -20.73215700
v -15.86137300 20.62789200 -20.73215700
v -15.52565700 20.76236200 -20.48407000
v -16.04717100 20.49745400 -20.98074200
v -17.48380700 16.81156200 -22.96069000
v -17.49912100 17.17561700 -22.90928600
v -17.49338500 17.54069300 -22.83516300
v -15.24039800 20.76623300 -20.73215700
v -17.12142400 17.54745700 -22.90928600
v -14.72989900 20.82045200 -20.80597500
v -16.74990500 17.53243300 -22.96069000
v -16.68315500 17.88781000 -22.90928600
v -16.60737200 18.23249200 -22.83516300
v -16.24244900 18.15396500 -22.90928600
v -15.24154700 19.36699700 -22.57646400
v -15.87462500 18.05740000 -22.96069000
v -15.73895700 18.38186500 -22.90928600
v -15.21245200 19.04205100 -22.74367000
v -14.68145100 19.49842300 -22.55555300
v -15.22749200 18.61959100 -22.88970800
v -14.89524300 20.49262200 -21.52228700
v -14.57527400 20.51416000 -21.54966700
v -14.31540000 20.59264600 -21.45241200
v 20.92623500 -13.63970500 -20.64615100
v 20.92478400 -13.00000000 -20.66756200
v 20.80191200 -13.41324300 -21.07044200
v 20.70290600 -13.00000000 -21.30165100
v 20.34549500 -13.00000000 -21.87047000
v 20.84110800 -13.63818600 -20.95343800
v 20.90424200 -14.27144200 -20.63102700
v 20.81983000 -14.20390700 -20.95343800
v 19.46450200 -13.57243100 -22.61677600
v 19.87047000 -13.00000000 -22.34549500
v 19.30165100 -13.00000000 -22.70290600
v 20.15667000 -14.42884700 -22.04043400
v 19.06781000 -13.56626900 -22.80252300
v 18.66756200 -13.00000000 -22.92478400
v 19.24324400 -13.86951400 -22.72551700
v 18.94325800 -13.85861800 -22.84445600
v 18.63615600 -13.84746400 -22.92958500
v 19.62454800 -16.37378500 -22.12132300
v 19.83059100 -15.78580700 -22.12132300
v 20.18992800 -16.28265400 -21.46712700
v 19.26882900 -15.35625400 -22.61677600
v 19.95629700 -15.28050200 -22.12130700
v 19.31963900 -17.00668100 -22.12132100
v 19.57076600 -17.55341100 -21.46712500
v 18.90150800 -16.39132100 -22.61678100
v 18.98266400 -17.54179400 -22.12132100
v 18.53370300 -18.10269900 -22.12132100
v 18.67644100 -18.67150700 -21.46712500
v 18.25298100 -17.42376100 -22.61678100
v 18.08231900 -18.55204000 -22.12132100
v 17.59195500 -19.54625700 -21.46712500
v 17.51676400 -19.00029800 -22.12132100
v 17.03188700 -19.30550600 -22.12132100
v 16.38059000 -20.15407000 -21.46712500
v 17.37984100 -18.28782700 -22.61678100
v 16.38215100 -19.62110900 -22.12132100
v 15.83285600 -19.81651900 -22.12132100
v 15.57767800 -20.39798500 -21.46712500
v 16.36208300 -18.91533500 -22.61678100
v 13.83032600 -20.92161800 -20.64615100
v 15.27355500 -19.95770800 -22.12132100
v 13.53168900 -20.80078300 -21.07044200
v 13.82434300 -20.71762100 -21.25360300
v 13.82783000 -20.83651900 -20.95343800
v 13.52935400 -20.61502500 -21.46712500
v 14.41345600 -19.99861100 -22.19922600
v 13.57318500 -18.95068600 -22.84444800
v 14.17978900 -18.92650600 -22.84446100
v 14.15753800 -18.60488900 -22.93287800
v 13.37933400 -19.06982000 -22.80251700
v 20.73222900 -14.88443400 -21.02062200
v 20.73590100 -15.44237500 -20.69842900
v 20.66194500 -15.25199900 -21.05413600
v 20.60438500 -15.20461800 -21.21337500
v 20.48140700 -14.75215500 -21.57134400
v 20.38552900 -14.64147500 -21.73461500
v 20.56317700 -16.08594500 -20.73215700
v 20.49496700 -16.45042800 -20.48407000
v 20.42789300 -15.24066100 -21.53682100
v 20.32161300 -16.74933200 -20.73215700
v 20.10495600 -17.04504800 -20.98074200
v 19.99484800 -17.41363500 -20.73215700
v 19.85178400 -17.75242000 -20.48407000
v 19.61076900 -18.01824200 -20.73215700
v 19.32492400 -18.27377300 -20.98074200
v 19.14355300 -18.60294300 -20.73215700
v 18.93762200 -18.89660100 -20.48407000
v 18.60206600 -14.96891700 -22.90928100
v 18.63610300 -19.11372200 -20.73215700
v 18.50673300 -15.36333800 -22.90928600
v 18.66529100 -15.68664800 -22.83516100
v 18.31874300 -15.10280100 -22.96068600
v 17.84788900 -19.78998600 -20.48407000
v 18.30825800 -19.29714600 -20.98074200
v 18.06959300 -19.57386600 -20.73215700
v 18.35312800 -15.81251700 -22.90928600
v 17.52662300 -19.92981500 -20.73215700
v 18.02398700 -15.94747700 -22.96069000
v 18.12402500 -16.29812600 -22.90928600
v 18.19968600 -16.66046900 -22.83516300
v 16.64805200 -20.41910900 -20.48407000
v 16.89708700 -20.25671400 -20.73215700
v 17.15509600 -20.04974000 -20.98074200
v 17.84471100 -16.74501600 -22.90928600
v 16.28211600 -20.49975600 -20.73215700
v 15.86137300 -20.62789200 -20.73215700
v 15.52565700 -20.76236200 -20.48407000
v 16.04717100 -20.49745400 -20.98074200
v 17.48380700 -16.81156200 -22.96069000
v 17.49912100 -17.17561700 -22.90928600
v 17.49338500 -17.54069300 -22.83516300
v 15.24039800 -20.76623300 -20.73215700
v 17.12142400 -17.54745700 -22.90928600
v 14.72989900 -20.82045200 -20.80597500
v 16.74990500 -17.53243300 -22.96069000
v 16.68315500 -17.88781000 -22.90928600
v 16.60737200 -18.23249200 -22.83516300
v 16.24244900 -18.15396500 -22.90928600
v 15.24154700 -19.36699700 -22.57646400
v 15.87462500 -18.05740000 -22.96069000
v 15.73895700 -18.38186500 -22.90928600
v 15.21245200 -19.04205100 -22.74367000
v 14.68145100 -19.49842300 -22.55555300
v 15.22749200 -18.61959100 -22.88970800
v 14.89524300 -20.49262200 -21.52228700
v 14.57527400 -20.51416000 -21.54966700
v 14.31540000 -20.59264600 -21.45241200
v 13.00000000 18.66756200 -22.92478400
v 13.00000000 19.30165100 -22.70290600
v 13.00000000 19.87047000 -22.34549500
v 13.00000000 20.34549500 -21.87047000
v 13.00000000 20.70290600 -21.30165100
v 13.00000000 20.92478400 -20.66756200
v 18.66756200 13.00000000 -22.92478400
v 19.30165100 13.00000000 -22.70290600
v 19.87047000 13.00000000 -22.34549500
v 20.34549500 13.00000000 -21.87047000
v 20.70290600 13.00000000 -21.30165100
v 20.92478400 13.00000000 -20.66756200
v 13.63970500 20.92623500 -20.64615100
v 13.41324300 20.80191200 -21.07044200
v 13.63818600 20.84110800 -20.95343800
v 14.27144200 20.90424200 -20.63102700
v 14.20390700 20.81983000 -20.95343800
v 13.57243100 19.46450200 -22.61677600
v 14.42884700 20.15667000 -22.04043400
v 13.56626900 19.06781000 -22.80252300
v 13.86951400 19.24324400 -22.72551700
v 13.85861800 18.94325800 -22.84445600
v 13.84746400 18.63615600 -22.92958500
v 16.37378500 19.62454800 -22.12132300
v 15.78580700 19.83059100 -22.12132300
v 16.28265400 20.18992800 -21.46712700
v 15.35625400 19.26882900 -22.61677600
v 15.28050200 19.95629700 -22.12130700
v 17.00668100 19.31963900 -22.12132100
v 17.55341100 19.57076600 -21.46712500
v 16.39132100 18.90150800 -22.61678100
v 17.54179400 18.98266400 -22.12132100
v 18.10269900 18.53370300 -22.12132100
v 18.67150700 18.67644100 -21.46712500
v 17.42376100 18.25298100 -22.61678100
v 18.55204000 18.08231900 -22.12132100
v 19.54625700 17.59195500 -21.46712500
v 19.00029800 17.51676400 -22.12132100
v 19.30550600 17.03188700 -22.12132100
v 20.15407000 16.38059000 -21.46712500
v 18.28782700 17.37984100 -22.61678100
v 19.62110900 16.38215100 -22.12132100
v 19.81651900 15.83285600 -22.12132100
v 20.39798500 15.57767800 -21.46712500
v 18.91533500 16.36208300 -22.61678100
v 20.92161800 13.83032600 -20.64615100
v 19.95770800 15.27355500 -22.12132100
v 20.80078300 13.53168900 -21.07044200
v 20.83651900 13.82783000 -20.95343800
v 20.71762100 13.82434300 -21.25360300
v 20.61502500 13.52935400 -21.46712500
v 19.99861100 14.41345600 -22.19922600
v 18.95068600 13.57318500 -22.84444800
v 18.92650600 14.17978900 -22.84446100
v 18.60488900 14.15753800 -22.93287800
v 19.06982000 13.37933400 -22.80251700
v 14.88443400 20.73222900 -21.02062200
v 15.44237500 20.73590100 -20.69842900
v 15.25199900 20.66194500 -21.05413600
v 15.20461800 20.60438500 -21.21337500
v 14.75215500 20.48140700 -21.57134400
v 14.64147500 20.38552900 -21.73461500
v 16.08594500 20.56317700 -20.73215700
v 16.45042800 20.49496700 -20.48407000
v 15.24066100 20.42789300 -21.53682100
v 16.74933200 20.32161300 -20.73215700
v 17.04504800 20.10495600 -20.98074200
v 17.41363500 19.99484800 -20.73215700
v 17.75242000 19.85178400 -20.48407000
v 18.01824200 19.61076900 -20.73215700
v 18.27377300 19.32492400 -20.98074200
v 18.60294300 19.14355300 -20.73215700
v 18.89660100 18.93762200 -20.48407000
v 14.96891700 18.60206600 -22.90928100
v 19.11372200 18.63610300 -20.73215700
v 15.36333800 18.50673300 -22.90928600
v 15.68664800 18.66529100 -22.83516100
v 15.10280100 18.31874300 -22.96068600
v 19.78998600 17.84788900 -20.48407000
v 19.29714600 18.30825800 -20.98074200
v 19.57386600 18.06959300 -20.73215700
v 15.81251700 18.35312800 -22.90928600
v 19.92981500 17.52662300 -20.73215700
v 15.94747700 18.02398700 -22.96069000
v 16.29812600 18.12402500 -22.90928600
v 16.66046900 18.19968600 -22.83516300
v 20.41910900 16.64805200 -20.48407000
v 20.25671400 16.89708700 -20.73215700
v 20.04974000 17.15509600 -20.98074200
v 16.74501600 17.84471100 -22.90928600
v 20.49975600 16.28211600 -20.73215700
v 20.62789200 15.86137300 -20.73215700
v 20.76236200 15.52565700 -20.48407000
v 20.49745400 16.04717100 -20.98074200
v 16.81156200 17.48380700 -22.96069000
v 17.17561700 17.49912100 -22.90928600
v 17.54069300 17.49338500 -22.83516300
v 20.76623300 15.24039800 -20.73215700
v 17.54745700 17.12142400 -22.90928600
v 20.82045200 14.72989900 -20.80597500
v 17.53243300 16.74990500 -22.96069000
v 17.88781000 16.68315500 -22.90928600
v 18.23249200 16.60737200 -22.83516300
v 18.15396500 16.24244900 -22.90928600
v 19.36699700 15.24154700 -22.57646400
v 18.05740000 15.87462500 -22.96069000
v 18.38186500 15.73895700 -22.90928600
v 19.04205100 15.21245200 -22.74367000
v 19.49842300 14.68145100 -22.55555300
v 18.61959100 15.22749200 -22.88970800
v 20.49262200 14.89524300 -21.52228700
v 20.51416000 14.57527400 -21.54966700
v 20.59264600 14.31540000 -21.45241200
v 19.70000100 -6.05954900 -15.41295300
v 19.70000100 -6.01204700 -15.36545100
v 19.70000100 -6.09529100 -15.46983500
v 19.70000100 -5.95516500 -15.32970900
v 19.70000100 -6.11747800 -15.53324400
v 19.70000100 -5.89175600 -15.30752200
v 19.70000100 -6.12500000 -15.60000000
v 19.70000100 -5.82500000 -15.30000000
v 19.70000100 -6.12500000 -16.85000000
v 19.70000100 -6.11747800 -16.91675600
v 19.70000100 -6.09529100 -16.98016500
v 19.70000100 -6.05954900 -17.03704600
v 19.70000100 -6.01204700 -17.08454900
v 19.70000100 -5.95516500 -17.12029100
v 19.70000100 -5.89175600 -17.14247900
v 19.70000100 -5.82500000 -17.15000000
v 19.70000100 -2.14500000 -15.30000000
v 19.70000100 -1.74682400 -16.37057100
v 19.70000100 -1.83371800 -16.19013400
v 19.70000100 -1.80043600 -16.28524800
v 19.70000100 -1.59024800 -16.49543600
v 19.70000100 -1.67557000 -16.44182400
v 19.70000100 -1.84500000 -16.09000000
v 19.70000100 -1.39500000 -16.54000100
v 19.70000100 -1.49513400 -16.52871700
v 19.70000100 -1.36976100 -16.54000100
v 19.70000100 -0.11405300 -15.39617700
v 19.70000100 -1.85252200 -15.53324400
v 19.70000100 -1.84500000 -15.60000000
v 19.70000100 -1.87470900 -15.46983500
v 19.70000100 -1.91045100 -15.41295300
v 19.70000100 -1.95795300 -15.36545100
v 19.70000100 -0.06771800 -15.35546800
v 19.70000100 -2.01483500 -15.32970900
v 19.70000100 -0.01403600 -15.32509400
v 19.70000100 -2.07824400 -15.30752200
v 19.70000100 -1.18959400 -16.50235900
v 19.70000100 -1.27773200 -16.53048900
v 19.70000100 -1.10907100 -16.45679900
v 19.70000100 0.04472300 -15.30634000
v 19.70000100 -1.03956800 -16.39573300
v 19.70000100 0.10607500 -15.30000000
v 19.70000100 5.25073600 -15.30000000
v 19.70000100 5.30926300 -15.30576400
v 19.70000100 5.36554100 -15.32283600
v 19.70000100 5.41740700 -15.35055900
v 19.70000100 5.46286800 -15.38786800
v 19.70000100 6.03713200 -15.96213200
v 19.70000100 6.10216400 -16.05946000
v 19.70000100 6.11923600 -16.11573800
v 19.70000100 6.07444100 -16.00759300
v 19.70000100 6.12500000 -16.17426500
v 19.70000100 6.12500000 -16.85000000
v 19.70000100 5.82500000 -17.15000000
v 19.70000100 6.11747800 -16.91675600
v 19.70000100 5.89175600 -17.14247900
v 19.70000100 5.95516500 -17.12029100
v 19.70000100 6.09529100 -16.98016500
v 19.70000100 6.01204700 -17.08454900
v 19.70000100 6.05954900 -17.03704600
v 15.78000000 5.46286800 -15.38786800
v 15.78000000 5.41740700 -15.35055900
v 15.78000000 5.36554100 -15.32283600
v 15.78000000 5.30926300 -15.30576400
v 15.78000000 5.25073600 -15.30000000
v 15.78000000 6.03713200 -15.96213200
v 15.78000000 6.12500000 -16.17426500
v 15.78000000 6.11923600 -16.11573800
v 15.78000000 6.10216400 -16.05946000
v 15.78000000 6.07444100 -16.00759300
v 15.78000000 6.12500000 -16.85000000
v 15.78000000 5.82500000 -17.15000000
v 15.78000000 5.89175600 -17.14247900
v 15.78000000 5.95516500 -17.12029100
v 15.78000000 6.01204700 -17.08454900
v 15.78000000 6.05954900 -17.03704600
v 15.78000000 6.09529100 -16.98016500
v 15.78000000 6.11747800 -16.91675600
v 15.78000000 -5.82500000 -17.15000000
v 15.78000000 -6.12500000 -16.85000000
v 15.78000000 -6.11747800 -16.91675600
v 15.78000000 -6.09529100 -16.98016500
v 15.78000000 -6.05954900 -17.03704600
v 15.78000000 -6.01204700 -17.08454900
v 15.78000000 -5.95516500 -17.12029100
v 15.78000000 -5.89175600 -17.14247900
v 15.78000000 -6.12500000 -15.60000000
v 15.78000000 -5.82500000 -15.30000000
v 15.78000000 -5.89175600 -15.30752200
v 15.78000000 -5.95516500 -15.32970900
v 15.78000000 -6.01204700 -15.36545100
v 15.78000000 -6.05954900 -15.41295300
v 15.78000000 -6.09529100 -15.46983500
v 15.78000000 -6.11747800 -15.53324400
v 15.78000000 -2.14500000 -15.30000000
v 15.78000000 -1.84500000 -15.60000000
v 15.78000000 -1.85252200 -15.53324400
v 15.78000000 -1.87470900 -15.46983500
v 15.78000000 -1.91045100 -15.41295300
v 15.78000000 -1.95795300 -15.36545100
v 15.78000000 -2.01483500 -15.32970900
v 15.78000000 -2.07824400 -15.30752200
v 15.78000000 -1.84500000 -16.09000000
v 15.78000000 -1.83371800 -16.19013400
v 15.78000000 -1.80043600 -16.28524800
v 15.78000000 -1.74682400 -16.37057100
v 15.78000000 -1.67557000 -16.44182400
v 15.78000000 -1.59024800 -16.49543600
v 15.78000000 -1.49513400 -16.52871700
v 15.78000000 -1.39500000 -16.54000100
v 15.78000000 -1.36976100 -16.54000100
v 15.78000000 -1.27773200 -16.53048900
v 15.78000000 -1.18959400 -16.50235900
v 15.78000000 -1.10907100 -16.45679900
v 15.78000000 -1.03956800 -16.39573300
v 15.78000000 -0.11405300 -15.39617700
v 15.78000000 0.10607500 -15.30000000
v 15.78000000 0.04472300 -15.30634000
v 15.78000000 -0.01403600 -15.32509400
v 15.78000000 -0.06771800 -15.35546800
v 14.22855100 -19.90194900 -0.17000000
v 13.00000000 -19.93000000 -0.17000000
v 15.44037900 -19.72459200 -0.17000000
v 16.47615400 -19.37224600 -0.17000000
v 17.42300000 -18.83216100 -0.17000000
v 18.33761200 -18.03349700 -0.17000000
v 19.12626300 -16.96014800 -0.17000000
v 19.62721800 -15.79809100 -0.17000000
v 19.83353200 -14.87630700 -0.17000000
v 19.93000000 -13.00000000 -0.17000000
v -13.00000000 -19.93000000 -0.17000000
v -19.90194900 -14.22855100 -0.17000000
v -19.93000000 -13.00000000 -0.17000000
v -19.72459200 -15.44037900 -0.17000000
v -19.37224600 -16.47615400 -0.17000000
v -18.83216100 -17.42300000 -0.17000000
v -18.03349700 -18.33761200 -0.17000000
v -16.96014800 -19.12626300 -0.17000000
v -15.79809100 -19.62721800 -0.17000000
v -14.87630700 -19.83353200 -0.17000000
v -19.93000000 13.00000000 -0.17000000
v -13.00000000 19.93000000 -0.17000000
v -14.22855100 19.90194900 -0.17000000
v -15.44037900 19.72459200 -0.17000000
v -16.47615400 19.37224600 -0.17000000
v -17.42300000 18.83216100 -0.17000000
v -18.33761200 18.03349700 -0.17000000
v -19.12626300 16.96014800 -0.17000000
v -19.62721800 15.79809100 -0.17000000
v -19.83353200 14.87630700 -0.17000000
v 13.00000000 19.93000000 -0.17000000
v 19.90194900 14.22855100 -0.17000000
v 19.93000000 13.00000000 -0.17000000
v 19.72459200 15.44037900 -0.17000000
v 19.37224600 16.47615400 -0.17000000
v 18.83216100 17.42300000 -0.17000000
v 18.03349700 18.33761200 -0.17000000
v 16.96014800 19.12626300 -0.17000000
v 15.79809100 19.62721800 -0.17000000
v 14.87630700 19.83353200 -0.17000000
v 17.96991200 -18.26009000 -0.07000000
v 15.75893300 -19.53461600 -0.07000000
v 16.90585300 -19.04206500 -0.07000000
v 18.75746000 -17.35556400 -0.07000000
v 19.63315200 -15.39287900 -0.07000000
v 19.28870800 -16.41826800 -0.07000000
v 14.85102700 -19.73603100 -0.07000000
v 19.80330700 -14.20454700 -0.07000000
v 19.83000000 -13.00000000 -0.07000000
v 13.00000000 -19.83000000 -0.07000000
v 19.83000000 13.00000000 -0.07000000
v -15.39287900 -19.63315200 -0.07000000
v -17.35556400 -18.75746000 -0.07000000
v -16.41826800 -19.28870800 -0.07000000
v 19.04206500 16.90585300 -0.07000000
v 18.26009000 17.96991200 -0.07000000
v 19.53461600 15.75893300 -0.07000000
v -18.26009000 -17.96991200 -0.07000000
v -19.53461600 -15.75893300 -0.07000000
v -19.04206500 -16.90585300 -0.07000000
v 15.39287900 19.63315200 -0.07000000
v 19.73603100 14.85102700 -0.07000000
v 17.35556400 18.75746000 -0.07000000
v 16.41826800 19.28870800 -0.07000000
v -14.20454700 -19.80330700 -0.07000000
v -19.73603100 -14.85102700 -0.07000000
v 14.20454700 19.80330700 -0.07000000
v 13.00000000 19.83000000 -0.07000000
v -13.00000000 -19.83000000 -0.07000000
v -19.83000000 -13.00000000 -0.07000000
v -13.00000000 19.83000000 -0.07000000
v -19.83000000 13.00000000 -0.07000000
v -19.80330700 14.20454700 -0.07000000
v -14.85102700 19.73603100 -0.07000000
v -19.63315200 15.39287900 -0.07000000
v -15.75893300 19.53461600 -0.07000000
v -18.75746000 17.35556400 -0.07000000
v -19.28870800 16.41826800 -0.07000000
v -17.96991200 18.26009000 -0.07000000
v -16.90585300 19.04206500 -0.07000000
v 8.78632300 0.29914500 -17.50000000
v 8.89318000 0.58090400 -17.50000000
v 9.06436200 0.82890300 -17.50000000
v 9.28991900 1.02873000 -17.50000000
v 9.55674400 1.16877000 -17.50000000
v 9.84932900 1.24088600 -17.50000000
v 10.15067100 1.24088600 -17.50000000
v 10.44325600 1.16877000 -17.50000000
v 10.71008100 1.02873000 -17.50000000
v 10.93563800 0.82890300 -17.50000000
v 11.10682000 0.58090400 -17.50000000
v 11.21367700 0.29914500 -17.50000000
v -11.21367700 0.29914500 -17.50000000
v -11.10682000 0.58090400 -17.50000000
v -10.93563800 0.82890300 -17.50000000
v -10.71008100 1.02873000 -17.50000000
v -10.44325600 1.16877000 -17.50000000
v -10.15067100 1.24088600 -17.50000000
v -9.84932900 1.24088600 -17.50000000
v -9.55674400 1.16877000 -17.50000000
v -9.28991900 1.02873000 -17.50000000
v -9.06436200 0.82890300 -17.50000000
v -8.89318000 0.58090400 -17.50000000
v -8.78632300 0.29914500 -17.50000000
vn -0.67777325 -0.00000000 -0.73527099
vn -0.65807867 0.16220198 -0.73527069
vn -0.73232416 0.00000000 -0.68095619
vn -0.71104388 0.17525674 -0.68095644
vn -0.64844064 0.34032851 -0.68095612
vn -0.60013810 0.31497734 -0.73527106
vn -0.50732123 0.44944714 -0.73527032
vn -0.54815223 0.48562024 -0.68095676
vn -0.38501909 0.55779605 -0.73527129
vn -0.41600788 0.60269103 -0.68095593
vn -0.24034165 0.63372958 -0.73527050
vn -0.25968532 0.68473472 -0.68095660
vn -0.08169684 0.67283156 -0.73527092
vn -0.08827224 0.72698460 -0.68095625
vn 0.08169684 0.67283156 -0.73527092
vn 0.08827224 0.72698460 -0.68095625
vn 0.24034165 0.63372958 -0.73527050
vn 0.25968532 0.68473472 -0.68095660
vn 0.38501909 0.55779605 -0.73527129
vn 0.41600788 0.60269103 -0.68095593
vn 0.50732123 0.44944714 -0.73527032
vn 0.54815223 0.48562024 -0.68095676
vn 0.64844064 0.34032851 -0.68095612
vn 0.60013810 0.31497734 -0.73527106
vn 0.65807867 0.16220198 -0.73527069
vn 0.71104388 0.17525674 -0.68095644
vn 0.67777325 0.00000000 -0.73527099
vn 0.73232416 -0.00000000 -0.68095619
vn -0.67777325 -0.00000000 -0.73527099
vn -0.65807867 0.16220198 -0.73527069
vn -0.73232416 0.00000000 -0.68095619
vn -0.71104388 0.17525674 -0.68095644
vn -0.64844064 0.34032851 -0.68095612
vn -0.60013810 0.31497734 -0.73527106
vn -0.50732123 0.44944714 -0.73527032
vn -0.54815223 0.48562024 -0.68095676
vn -0.38501909 0.55779605 -0.73527129
vn -0.41600788 0.60269103 -0.68095593
vn -0.24034165 0.63372958 -0.73527050
vn -0.25968532 0.68473472 -0.68095660
vn -0.08169684 0.67283156 -0.73527092
vn -0.08827224 0.72698460 -0.68095625
vn 0.08169684 0.67283156 -0.73527092
vn 0.08827224 0.72698460 -0.68095625
vn 0.24034165 0.63372958 -0.73527050
vn 0.25968532 0.68473472 -0.68095660
vn 0.38501909 0.55779605 -0.73527129
vn 0.41600788 0.60269103 -0.68095593
vn 0.50732123 0.44944714 -0.73527032
vn 0.54815223 0.48562024 -0.68095676
vn 0.64844064 0.34032851 -0.68095612
vn 0.60013810 0.31497734 -0.73527106
vn 0.65807867 0.16220198 -0.73527069
vn 0.71104388 0.17525674 -0.68095644
vn 0.67777325 0.00000000 -0.73527099
vn 0.73232416 -0.00000000 -0.68095619
vn 0.93409909 0.00000000 -0.35701386
vn 0.93409949 0.08543890 -0.34663862
vn 0.39347536 -0.00000000 -0.91933516
vn 0.39347500 0.22001201 -0.89262094
vn 0.93409928 0.16591259 -0.31611951
vn 0.39347414 0.42723432 -0.81403252
vn 0.93409903 0.23674406 -0.26722884
vn 0.39347427 0.60963189 -0.68813295
vn 0.93409888 0.29381734 -0.20280696
vn 0.39347383 0.75659970 -0.52224060
vn 0.93409889 0.33381408 -0.12659948
vn 0.39347387 0.85959343 -0.32600222
vn 0.93409904 0.35441087 -0.04303389
vn 0.39347396 0.91263264 -0.11081474
vn 0.93409898 0.35441107 0.04303368
vn 0.39347380 0.91263254 0.11081612
vn 0.39347359 0.85959355 0.32600225
vn 0.93409939 0.33381269 0.12659943
vn 0.93409860 0.29381796 0.20280731
vn 0.39347374 0.75659956 0.52224086
vn 0.93409921 0.23674415 0.26722812
vn 0.39347515 0.60963106 0.68813318
vn 0.93409958 0.16591147 0.31611922
vn 0.39347424 0.42723705 0.81403103
vn 0.93409877 0.08543984 0.34664033
vn 0.39347356 0.22001637 0.89262050
vn 0.93409903 -0.00000003 0.35701402
vn 0.39347366 -0.00000005 0.91933589
vn 0.93409909 0.00000000 -0.35701386
vn 0.93409949 0.08543890 -0.34663862
vn 0.39347536 -0.00000000 -0.91933516
vn 0.39347500 0.22001201 -0.89262094
vn 0.93409928 0.16591259 -0.31611951
vn 0.39347414 0.42723432 -0.81403252
vn 0.93409903 0.23674406 -0.26722884
vn 0.39347427 0.60963189 -0.68813295
vn 0.93409888 0.29381734 -0.20280696
vn 0.39347383 0.75659970 -0.52224060
vn 0.93409889 0.33381408 -0.12659948
vn 0.39347387 0.85959343 -0.32600222
vn 0.93409904 0.35441087 -0.04303389
vn 0.39347396 0.91263264 -0.11081474
vn 0.93409898 0.35441107 0.04303368
vn 0.39347380 0.91263254 0.11081612
vn 0.39347359 0.85959355 0.32600225
vn 0.93409939 0.33381269 0.12659943
vn 0.93409860 0.29381796 0.20280731
vn 0.39347374 0.75659956 0.52224086
vn 0.93409921 0.23674415 0.26722812
vn 0.39347515 0.60963106 0.68813318
vn 0.93409958 0.16591147 0.31611922
vn 0.39347424 0.42723705 0.81403103
vn 0.93409877 0.08543984 0.34664033
vn 0.39347356 0.22001637 0.89262050
vn 0.93409903 -0.00000003 0.35701402
vn 0.39347366 -0.00000005 0.91933589
vn 0.00000000 -0.93409884 -0.35701451
vn 0.08543916 -0.93409881 -0.34664039
vn -0.00000000 -0.39347358 -0.91933592
vn 0.22001142 -0.39347352 -0.89262173
vn 0.16591282 -0.93409888 -0.31612057
vn 0.42723678 -0.39347376 -0.81403141
vn 0.23674431 -0.93409894 -0.26722894
vn 0.60963260 -0.39347382 -0.68813258
vn 0.29381697 -0.93409894 -0.20280721
vn 0.75659841 -0.39347366 -0.52224259
vn 0.33381452 -0.93409878 -0.12659911
vn 0.85959404 -0.39347339 -0.32600119
vn 0.35441166 -0.93409876 -0.04303340
vn 0.91263303 -0.39347334 -0.11081370
vn 0.35441170 -0.93409875 0.04303335
vn 0.91263302 -0.39347337 0.11081366
vn 0.33381437 -0.93409884 0.12659909
vn 0.85959410 -0.39347350 0.32600091
vn 0.29381724 -0.93409882 0.20280735
vn 0.75659856 -0.39347348 0.52224250
vn 0.60963225 -0.39347373 0.68813295
vn 0.23674406 -0.93409903 0.26722882
vn 0.16591298 -0.93409882 0.31612067
vn 0.42723655 -0.39347373 0.81403154
vn 0.08543910 -0.93409899 0.34663993
vn 0.22001181 -0.39347381 0.89262151
vn 0.00000013 -0.93409889 0.35701439
vn 0.00000018 -0.39347381 0.91933583
vn 0.68095591 0.00000000 -0.73232441
vn 0.68095668 0.17525683 -0.71104363
vn 0.68095674 0.34032572 -0.64844146
vn 0.68095535 0.48562108 -0.54815325
vn 0.68095682 0.60269137 -0.41600592
vn 0.68095660 0.68473424 -0.25968658
vn 0.68095606 0.72698469 -0.08827293
vn 0.68095580 0.72698482 0.08827386
vn 0.68095711 0.68473379 0.25968644
vn 0.68095621 0.60269162 0.41600655
vn 0.68095571 0.48561991 0.54815384
vn 0.68095775 0.34032842 0.64843898
vn 0.68095567 0.17526050 0.71104369
vn 0.68095591 -0.00000000 0.73232441
vn 0.68095591 0.00000000 -0.73232441
vn 0.68095668 0.17525683 -0.71104363
vn 0.68095674 0.34032572 -0.64844146
vn 0.68095535 0.48562108 -0.54815325
vn 0.68095682 0.60269137 -0.41600592
vn 0.68095660 0.68473424 -0.25968658
vn 0.68095606 0.72698469 -0.08827293
vn 0.68095580 0.72698482 0.08827386
vn 0.68095711 0.68473379 0.25968644
vn 0.68095621 0.60269162 0.41600655
vn 0.68095571 0.48561991 0.54815384
vn 0.68095775 0.34032842 0.64843898
vn 0.68095567 0.17526050 0.71104369
vn 0.68095591 -0.00000000 0.73232441
vn 0.00000000 -0.68095626 -0.73232409
vn 0.17525653 -0.68095644 -0.71104394
vn 0.34032818 -0.68095617 -0.64844076
vn 0.48562064 -0.68095652 -0.54815218
vn 0.60269068 -0.68095629 -0.41600777
vn 0.68473483 -0.68095631 -0.25968579
vn 0.72698455 -0.68095633 -0.08827192
vn 0.72698455 -0.68095633 0.08827192
vn 0.68473485 -0.68095638 0.25968556
vn 0.60269086 -0.68095623 0.41600762
vn 0.48562041 -0.68095641 0.54815252
vn 0.34032779 -0.68095628 0.64844085
vn 0.17525696 -0.68095657 0.71104370
vn 0.00000000 -0.68095599 0.73232434
vn 0.00000000 -0.73527050 -0.67777378
vn 0.16220148 -0.73527103 -0.65807841
vn -0.00000000 -0.68095661 -0.73232376
vn 0.17525636 -0.68095615 -0.71104425
vn 0.31497753 -0.73527092 -0.60013817
vn 0.34032859 -0.68095624 -0.64844047
vn 0.44944743 -0.73527066 -0.50732047
vn 0.48562100 -0.68095647 -0.54815193
vn 0.55779666 -0.73527080 -0.38501913
vn 0.60269090 -0.68095635 -0.41600738
vn 0.63372920 -0.73527075 -0.24034189
vn 0.68473477 -0.68095639 -0.25968576
vn 0.67283164 -0.73527086 -0.08169668
vn 0.72698457 -0.68095630 -0.08827205
vn 0.67283171 -0.73527081 0.08169656
vn 0.72698455 -0.68095634 0.08827190
vn 0.63372938 -0.73527071 0.24034155
vn 0.68473488 -0.68095642 0.25968536
vn 0.55779640 -0.73527102 0.38501909
vn 0.60269097 -0.68095616 0.41600757
vn 0.44944634 -0.73527085 0.50732116
vn 0.48562007 -0.68095630 0.54815295
vn 0.31497689 -0.73527060 0.60013890
vn 0.34032761 -0.68095652 0.64844070
vn 0.16220206 -0.73527083 0.65807849
vn 0.17525690 -0.68095632 0.71104396
vn -0.00000000 -0.68095628 0.73232408
vn 0.00000000 -0.73527088 0.67777336
vn -0.04049526 -0.03984811 -0.99838483
vn -0.01869330 -0.05213041 -0.99846531
vn -0.03013899 -0.04810845 -0.99838731
vn -0.04853662 -0.02928876 -0.99839189
vn -0.06477606 -0.01123903 -0.99783653
vn -0.00442369 -0.05768217 -0.99832520
vn -0.06743347 -0.00141506 -0.99772277
vn -0.00036239 -0.05598722 -0.99843142
vn -0.06448578 -0.00778406 -0.99788827
vn -0.05598722 0.00036239 -0.99843142
vn 0.65807867 -0.16220198 -0.73527069
vn 0.60013810 -0.31497734 -0.73527106
vn 0.50732123 -0.44944714 -0.73527032
vn 0.38501909 -0.55779605 -0.73527129
vn 0.24034165 -0.63372958 -0.73527050
vn 0.08169684 -0.67283156 -0.73527092
vn -0.08169684 -0.67283156 -0.73527092
vn 0.01123903 -0.06477606 -0.99783653
vn 0.03984811 -0.04049526 -0.99838483
vn 0.02928876 -0.04853662 -0.99839189
vn -0.04810845 0.03013899 -0.99838731
vn -0.03984811 0.04049526 -0.99838483
vn -0.05213041 0.01869330 -0.99846531
vn 0.05213041 -0.01869330 -0.99846531
vn 0.04810845 -0.03013899 -0.99838731
vn -0.01123903 0.06477606 -0.99783653
vn -0.05768217 0.00442369 -0.99832520
vn -0.02928876 0.04853662 -0.99839189
vn 0.00141506 -0.06743347 -0.99772277
vn 0.05768217 -0.00442369 -0.99832520
vn -0.00141506 0.06743347 -0.99772277
vn -0.00778406 0.06448578 -0.99788827
vn -0.24034165 -0.63372958 -0.73527050
vn -0.38501909 -0.55779605 -0.73527129
vn 0.00778406 -0.06448578 -0.99788827
vn 0.05598722 -0.00036239 -0.99843142
vn 0.65807867 -0.16220198 -0.73527069
vn -0.65807867 -0.16220198 -0.73527069
vn 0.60013810 -0.31497734 -0.73527106
vn -0.60013810 -0.31497734 -0.73527106
vn 0.50732123 -0.44944714 -0.73527032
vn -0.50732123 -0.44944714 -0.73527032
vn 0.38501909 -0.55779605 -0.73527129
vn 0.06448578 0.00778406 -0.99788827
vn 0.08169684 -0.67283156 -0.73527092
vn -0.08169684 -0.67283156 -0.73527092
vn -0.24034165 -0.63372958 -0.73527050
vn -0.38501909 -0.55779605 -0.73527129
vn -0.50732123 -0.44944714 -0.73527032
vn -0.60013810 -0.31497734 -0.73527106
vn -0.65807867 -0.16220198 -0.73527069
vn 0.00036239 0.05598722 -0.99843142
vn 0.24034165 -0.63372958 -0.73527050
vn 0.06743347 0.00141506 -0.99772277
vn 0.00442369 0.05768217 -0.99832520
vn 0.06477606 0.01123903 -0.99783653
vn 0.01869330 0.05213041 -0.99846531
vn 0.03013899 0.04810845 -0.99838731
vn 0.04049526 0.03984811 -0.99838483
vn 0.04853662 0.02928876 -0.99839189
vn -0.73319823 -0.66296540 -0.15131834
vn -0.71994769 -0.69293650 -0.03891451
vn -0.69470166 -0.71816640 -0.04033139
vn -0.68275279 -0.71233036 -0.16258563
vn -0.73319708 -0.61267384 -0.29504711
vn -0.68275379 -0.65829202 -0.31701558
vn -0.73319933 -0.53165592 -0.42398198
vn -0.68275183 -0.57124517 -0.45555340
vn -0.73319691 -0.42398226 -0.53165904
vn -0.68275394 -0.45555072 -0.57124479
vn -0.73319900 -0.29504595 -0.61267211
vn -0.68275212 -0.31701598 -0.65829357
vn -0.73319615 -0.15131899 -0.66296754
vn -0.68275460 -0.16258542 -0.71232868
vn -0.71994872 -0.03891752 -0.69293525
vn -0.69470070 -0.04033463 -0.71816715
vn -0.71994757 -0.69293664 0.03891417
vn -0.69470177 -0.71816632 0.04033102
vn -0.73319823 -0.15131834 0.66296540
vn -0.71994769 -0.03891451 0.69293650
vn -0.69470166 -0.04033139 0.71816640
vn -0.68275279 -0.16258563 0.71233036
vn -0.73319708 -0.29504711 0.61267384
vn -0.68275379 -0.31701558 0.65829202
vn -0.73319858 -0.42398081 0.53165790
vn -0.68275249 -0.45555121 0.57124613
vn -0.73319858 -0.53165790 0.42398081
vn -0.68275249 -0.57124613 0.45555121
vn -0.73319673 -0.61267375 0.29504818
vn -0.68275409 -0.65829129 0.31701643
vn -0.73319870 -0.66296475 0.15131888
vn -0.68275238 -0.71233058 0.16258641
vn -0.69470166 0.04033139 0.71816640
vn -0.71994769 0.03891451 0.69293650
vn -0.73319870 0.66296475 0.15131888
vn -0.71994757 0.69293664 0.03891417
vn -0.69470177 0.71816632 0.04033102
vn -0.68275238 0.71233058 0.16258641
vn -0.73319673 0.61267375 0.29504818
vn -0.68275409 0.65829129 0.31701643
vn -0.73319858 0.53165790 0.42398081
vn -0.68275249 0.57124613 0.45555121
vn -0.73319858 0.42398081 0.53165790
vn -0.68275249 0.45555121 0.57124613
vn -0.73319708 0.29504711 0.61267384
vn -0.68275379 0.31701558 0.65829202
vn -0.73319823 0.15131834 0.66296540
vn -0.68275279 0.16258563 0.71233036
vn -0.69470166 0.71816640 -0.04033139
vn -0.71994769 0.69293650 -0.03891451
vn -0.73319615 0.15131899 -0.66296754
vn -0.71994872 0.03891752 -0.69293525
vn -0.69470070 0.04033463 -0.71816715
vn -0.68275460 0.16258542 -0.71232868
vn -0.73319900 0.29504595 -0.61267211
vn -0.68275212 0.31701598 -0.65829357
vn -0.73319691 0.42398226 -0.53165904
vn -0.68275394 0.45555072 -0.57124479
vn -0.73319933 0.53165592 -0.42398198
vn -0.68275183 0.57124517 -0.45555340
vn -0.73319708 0.61267384 -0.29504711
vn -0.68275379 0.65829202 -0.31701558
vn -0.73319823 0.66296540 -0.15131834
vn -0.68275279 0.71233036 -0.16258563
vn 0.50112813 -0.46063755 0.73258695
vn -0.42308350 0.59251366 0.68551288
vn -0.53773725 0.49371036 0.68343890
vn 0.39591395 -0.55680695 0.73021789
vn -0.63377934 0.36377323 0.68263665
vn 0.58976002 -0.33794609 0.73346817
vn -0.30070106 0.66212302 0.68641968
vn 0.28100985 -0.62399756 0.72915054
vn -0.69115453 0.22520445 0.68672292
vn 0.65141438 -0.21125888 0.72871736
vn -0.17262904 0.70578348 0.68707270
vn 0.16065201 -0.66625627 0.72821255
vn -0.71843762 0.09892184 0.68852150
vn 0.68075242 -0.09300477 0.72658534
vn -0.06177636 0.71795768 0.69334007
vn 0.05817770 -0.69033513 0.72114684
vn -0.71262206 0.01852753 0.70130345
vn -0.00832086 0.70967760 0.70447745
vn 0.00804143 -0.70447333 0.70968490
vn 0.70100076 -0.01800865 0.71293311
vn -0.01800865 -0.70100076 0.71293311
vn 0.01852753 0.71262206 0.70130345
vn 0.70447333 0.00804143 0.70968490
vn -0.70967760 -0.00832086 0.70447745
vn -0.71795768 -0.06177636 0.69334007
vn 0.69033513 0.05817770 0.72114684
vn -0.09300477 -0.68075242 0.72658534
vn 0.09892184 0.71843762 0.68852150
vn -0.70578348 -0.17262904 0.68707270
vn 0.66625627 0.16065201 0.72821255
vn -0.21125888 -0.65141438 0.72871736
vn 0.22520445 0.69115453 0.68672292
vn -0.66212302 -0.30070106 0.68641968
vn 0.62399756 0.28100985 0.72915054
vn -0.33794609 -0.58976002 0.73346817
vn 0.36377323 0.63377934 0.68263665
vn -0.59251366 -0.42308350 0.68551288
vn 0.55680695 0.39591395 0.73021789
vn -0.46063755 -0.50112813 0.73258695
vn 0.49371036 0.53773725 0.68343890
vn 0.46063755 0.50112813 0.73258695
vn -0.49371036 -0.53773725 0.68343890
vn 0.59251366 0.42308350 0.68551288
vn -0.55680695 -0.39591395 0.73021789
vn -0.36377323 -0.63377934 0.68263665
vn 0.33794609 0.58976002 0.73346817
vn -0.62399756 -0.28100985 0.72915054
vn 0.66212302 0.30070106 0.68641968
vn -0.22520445 -0.69115453 0.68672292
vn 0.21125888 0.65141438 0.72871736
vn 0.70578348 0.17262904 0.68707270
vn -0.66625627 -0.16065201 0.72821255
vn -0.09892184 -0.71843762 0.68852150
vn 0.09300477 0.68075242 0.72658534
vn -0.69033513 -0.05817770 0.72114684
vn 0.71795768 0.06177636 0.69334007
vn -0.70447333 -0.00804143 0.70968490
vn 0.70967760 0.00832086 0.70447745
vn -0.01852753 -0.71262206 0.70130345
vn 0.01800865 0.70100076 0.71293311
vn -0.70100076 0.01800865 0.71293311
vn 0.71262206 -0.01852753 0.70130345
vn 0.00832086 -0.70967760 0.70447745
vn -0.00804143 0.70447333 0.70968490
vn -0.05817770 0.69033513 0.72114684
vn 0.06177636 -0.71795768 0.69334007
vn -0.68075242 0.09300477 0.72658534
vn 0.71843762 -0.09892184 0.68852150
vn -0.16065201 0.66625627 0.72821255
vn 0.17262904 -0.70578348 0.68707270
vn -0.65141438 0.21125888 0.72871736
vn 0.69115453 -0.22520445 0.68672292
vn -0.28100985 0.62399756 0.72915054
vn 0.30070106 -0.66212302 0.68641968
vn -0.58976002 0.33794609 0.73346817
vn 0.63377934 -0.36377323 0.68263665
vn -0.39591395 0.55680695 0.73021789
vn 0.42308350 -0.59251366 0.68551288
vn -0.50112813 0.46063755 0.73258695
vn 0.53773725 -0.49371036 0.68343890
vn -0.70561687 0.00460493 -0.70857859
vn -0.70542649 0.00730766 0.70874542
vn -0.70452539 -0.00788675 0.70963496
vn -0.70442954 -0.00941515 -0.70971148
vn -0.66370969 -0.04074936 0.74687946
vn -0.66825693 -0.09535716 -0.73779379
vn -0.66635964 -0.15554610 0.72922579
vn -0.64432843 -0.20719841 -0.73614516
vn -0.60811909 -0.26596629 0.74796598
vn -0.58518506 -0.33230469 -0.73968375
vn -0.53580379 -0.38524345 0.75133334
vn -0.49613874 -0.44875534 -0.74327989
vn -0.44188348 -0.49492752 0.74818830
vn -0.38024346 -0.54383270 -0.74810488
vn -0.31771759 -0.58214222 0.74844237
vn -0.24680153 -0.62174973 -0.74331439
vn -0.18424363 -0.64240822 0.74388572
vn -0.10249414 -0.68361910 -0.72260631
vn -0.10646260 -0.68213241 0.72343700
vn -0.03355517 -0.66404510 -0.74693919
vn -0.00730766 -0.70542649 0.70874542
vn -0.00460493 -0.70561687 -0.70857859
vn 0.00788675 -0.70452539 0.70963496
vn 0.00941515 -0.70442954 -0.70971148
vn 0.04074936 -0.66370969 0.74687946
vn 0.09535716 -0.66825693 -0.73779379
vn 0.15554610 -0.66635964 0.72922579
vn 0.20719841 -0.64432843 -0.73614516
vn 0.26596629 -0.60811909 0.74796598
vn 0.33230469 -0.58518506 -0.73968375
vn 0.38524345 -0.53580379 0.75133334
vn 0.44875534 -0.49613874 -0.74327989
vn 0.49492752 -0.44188348 0.74818830
vn 0.54383270 -0.38024346 -0.74810488
vn 0.58214222 -0.31771759 0.74844237
vn 0.62174973 -0.24680153 -0.74331439
vn 0.64240822 -0.18424363 0.74388572
vn 0.68361910 -0.10249414 -0.72260631
vn 0.68213241 -0.10646260 0.72343700
vn 0.66404510 -0.03355517 -0.74693919
vn 0.70542649 -0.00730766 0.70874542
vn 0.70561687 -0.00460493 -0.70857859
vn 0.70452539 0.00788675 0.70963496
vn 0.70442954 0.00941515 -0.70971148
vn 0.66370969 0.04074936 0.74687946
vn 0.66825693 0.09535716 -0.73779379
vn 0.66635964 0.15554610 0.72922579
vn 0.64432843 0.20719841 -0.73614516
vn 0.60811909 0.26596629 0.74796598
vn 0.58518506 0.33230469 -0.73968375
vn 0.53580379 0.38524345 0.75133334
vn 0.49613874 0.44875534 -0.74327989
vn 0.44188348 0.49492752 0.74818830
vn 0.38024346 0.54383270 -0.74810488
vn 0.31771759 0.58214222 0.74844237
vn 0.24680153 0.62174973 -0.74331439
vn 0.18424363 0.64240822 0.74388572
vn 0.10249414 0.68361910 -0.72260631
vn 0.10646260 0.68213241 0.72343700
vn 0.03355517 0.66404510 -0.74693919
vn 0.00730766 0.70542649 0.70874542
vn 0.00460493 0.70561687 -0.70857859
vn -0.04074936 0.66370969 0.74687946
vn -0.00941515 0.70442954 -0.70971148
vn -0.00788675 0.70452539 0.70963496
vn -0.09535716 0.66825693 -0.73779379
vn -0.15554610 0.66635964 0.72922579
vn -0.20719841 0.64432843 -0.73614516
vn -0.26596629 0.60811909 0.74796598
vn -0.33230469 0.58518506 -0.73968375
vn -0.38524345 0.53580379 0.75133334
vn -0.44875534 0.49613874 -0.74327989
vn -0.49492752 0.44188348 0.74818830
vn -0.54383270 0.38024346 -0.74810488
vn -0.58214222 0.31771759 0.74844237
vn -0.62174973 0.24680153 -0.74331439
vn -0.64240822 0.18424363 0.74388572
vn -0.68361910 0.10249414 -0.72260631
vn -0.68213241 0.10646260 0.72343700
vn -0.66404510 0.03355517 -0.74693919
vn -0.15825636 -0.14098483 -0.97728102
vn -0.13341422 -0.18560955 -0.97352439
vn -0.08976387 -0.19303461 -0.97707732
vn -0.18593688 -0.10606375 -0.97682033
vn -0.04945272 -0.20815000 -0.97684595
vn -0.20739149 -0.06858694 -0.97585071
vn -0.21109161 -0.02956244 -0.97701914
vn -0.01376606 -0.21878780 -0.97567535
vn -0.00328581 -0.05818619 -0.99830034
vn -0.06112463 -0.00782239 -0.99809949
vn -0.05818619 0.00328581 -0.99830034
vn 0.00782239 -0.06112463 -0.99809949
vn -0.21878780 0.01376606 -0.97567535
vn 0.02956244 -0.21109161 -0.97701914
vn -0.20815000 0.04945272 -0.97684595
vn 0.06858694 -0.20739149 -0.97585071
vn -0.19259398 0.08953727 -0.97718506
vn 0.10606375 -0.18593688 -0.97682033
vn -0.18501535 0.13294193 -0.97370209
vn 0.14098483 -0.15825636 -0.97728102
vn -0.14082435 0.15797708 -0.97734935
vn 0.18560955 -0.13341422 -0.97352439
vn -0.10592279 0.18555405 -0.97690842
vn 0.19303461 -0.08976387 -0.97707732
vn -0.06860043 0.20710381 -0.97591085
vn 0.20815000 -0.04945272 -0.97684595
vn -0.02963733 0.21115985 -0.97700212
vn 0.21878780 -0.01376606 -0.97567535
vn -0.00779763 0.06110732 -0.99810074
vn 0.05818619 -0.00328581 -0.99830034
vn 0.06112463 0.00782239 -0.99809949
vn 0.00328581 0.05818619 -0.99830034
vn 0.01376606 0.21878780 -0.97567535
vn 0.21109161 0.02956244 -0.97701914
vn 0.04945272 0.20815000 -0.97684595
vn 0.20739149 0.06858694 -0.97585071
vn 0.08976387 0.19303461 -0.97707732
vn 0.18593688 0.10606375 -0.97682033
vn 0.13341422 0.18560955 -0.97352439
vn 0.15825636 0.14098483 -0.97728102
vn -0.00749471 0.97527466 -0.22086913
vn 0.02193163 0.99826593 -0.05462719
vn 0.01521345 0.97544398 -0.21972164
vn -0.01154609 0.99841238 -0.05513090
vn -0.00379778 0.90122181 -0.43334146
vn 0.00763968 0.90174065 -0.43220995
vn -0.00256017 0.78193974 -0.62334877
vn 0.00343273 0.78230032 -0.62289199
vn -0.00286466 0.62318668 -0.78206787
vn 0.00189963 0.62363782 -0.78171111
vn -0.00583469 0.43256066 -0.90158595
vn 0.00196273 0.43366892 -0.90107015
vn 0.00459627 0.22117539 -0.97522322
vn -0.01223341 0.22007721 -0.97540575
vn 0.43699284 0.64893145 -0.62283643
vn 0.47949257 0.85668035 -0.19022529
vn 0.64336945 0.73484410 -0.21466229
vn 0.54711355 0.02657107 -0.83663656
vn 0.78193926 0.00254019 -0.62334946
vn 0.62318397 0.00285159 -0.78207008
vn 0.43255351 0.00584029 -0.90158935
vn 0.22006554 0.01227146 -0.97540790
vn 0.78747151 0.03572268 -0.61531497
vn 0.97175720 0.07455524 -0.22389609
vn 0.94568641 0.03110320 -0.32358893
vn 0.99841138 0.01150113 -0.05515831
vn 0.97527598 0.00748642 -0.22086359
vn 0.90122236 0.00377822 -0.43334050
vn 0.74606013 0.08838120 -0.65998716
vn 0.77268345 0.13113089 -0.62109981
vn 0.95080277 0.23294129 -0.20423627
vn 0.72642613 0.22206554 -0.65037834
vn 0.76885592 0.28755822 -0.57111369
vn 0.88515939 0.42055439 -0.19906496
vn 0.65200748 0.35309289 -0.67097813
vn 0.69476186 0.44355681 -0.56618311
vn 0.77791018 0.59342305 -0.20665148
vn 0.56189497 0.47830818 -0.67490394
vn 0.56987328 0.55544552 -0.60557801
vn 0.46848963 0.61823149 -0.63111591
vn 0.32777992 0.66959154 -0.66648893
vn 0.30533523 0.73658988 -0.60349462
vn 0.30532857 0.92726419 -0.21669235
vn 0.19152633 0.73043713 -0.65557552
vn 0.15764166 0.76603763 -0.62316567
vn 0.13380350 0.96885938 -0.20834618
vn 0.06123332 0.76256941 -0.64400184
vn 0.01737272 0.40623469 -0.91360362
vn 0.03145204 0.61553898 -0.78747859
vn 0.04454064 0.90197404 -0.42948686
vn 0.99826593 -0.02193163 -0.05462719
vn 0.97544398 -0.01521345 -0.21972164
vn 0.90174065 -0.00763968 -0.43220995
vn 0.78230032 -0.00343273 -0.62289199
vn 0.62363782 -0.00189963 -0.78171111
vn 0.43366892 -0.00196273 -0.90107015
vn 0.22117539 -0.00459627 -0.97522322
vn 0.64893145 -0.43699284 -0.62283643
vn 0.85668035 -0.47949257 -0.19022529
vn 0.73484410 -0.64336945 -0.21466229
vn 0.02657107 -0.54711355 -0.83663656
vn 0.00254019 -0.78193926 -0.62334946
vn 0.00285159 -0.62318397 -0.78207008
vn 0.00584029 -0.43255351 -0.90158935
vn 0.01227146 -0.22006554 -0.97540790
vn 0.03572268 -0.78747151 -0.61531497
vn 0.07455524 -0.97175720 -0.22389609
vn 0.03110320 -0.94568641 -0.32358893
vn 0.01150113 -0.99841138 -0.05515831
vn 0.00748642 -0.97527598 -0.22086359
vn 0.00377822 -0.90122236 -0.43334050
vn 0.08838120 -0.74606013 -0.65998716
vn 0.13113089 -0.77268345 -0.62109981
vn 0.23294129 -0.95080277 -0.20423627
vn 0.22206554 -0.72642613 -0.65037834
vn 0.28755822 -0.76885592 -0.57111369
vn 0.42055439 -0.88515939 -0.19906496
vn 0.35309289 -0.65200748 -0.67097813
vn 0.44355681 -0.69476186 -0.56618311
vn 0.59342305 -0.77791018 -0.20665148
vn 0.47830818 -0.56189497 -0.67490394
vn 0.55544552 -0.56987328 -0.60557801
vn 0.61823149 -0.46848963 -0.63111591
vn 0.66959154 -0.32777992 -0.66648893
vn 0.73658988 -0.30533523 -0.60349462
vn 0.92726419 -0.30532857 -0.21669235
vn 0.73043713 -0.19152633 -0.65557552
vn 0.76603763 -0.15764166 -0.62316567
vn 0.96885938 -0.13380350 -0.20834618
vn 0.76256941 -0.06123332 -0.64400184
vn 0.40623469 -0.01737272 -0.91360362
vn 0.61553898 -0.03145204 -0.78747859
vn 0.90197404 -0.04454064 -0.42948686
vn -0.02193163 -0.99826593 -0.05462719
vn -0.01521345 -0.97544398 -0.21972164
vn -0.00763968 -0.90174065 -0.43220995
vn -0.00343273 -0.78230032 -0.62289199
vn -0.00189963 -0.62363782 -0.78171111
vn -0.00196273 -0.43366892 -0.90107015
vn -0.00459627 -0.22117539 -0.97522322
vn -0.43699284 -0.64893145 -0.62283643
vn -0.47949257 -0.85668035 -0.19022529
vn -0.64336945 -0.73484410 -0.21466229
vn -0.54711355 -0.02657107 -0.83663656
vn -0.78193926 -0.00254019 -0.62334946
vn -0.62318397 -0.00285159 -0.78207008
vn -0.43255351 -0.00584029 -0.90158935
vn -0.22006554 -0.01227146 -0.97540790
vn -0.78747151 -0.03572268 -0.61531497
vn -0.97175720 -0.07455524 -0.22389609
vn -0.94568641 -0.03110320 -0.32358893
vn -0.99841138 -0.01150113 -0.05515831
vn -0.97527598 -0.00748642 -0.22086359
vn -0.90122236 -0.00377822 -0.43334050
vn -0.74606013 -0.08838120 -0.65998716
vn -0.77268345 -0.13113089 -0.62109981
vn -0.95080277 -0.23294129 -0.20423627
vn -0.72642613 -0.22206554 -0.65037834
vn -0.76885592 -0.28755822 -0.57111369
vn -0.88515939 -0.42055439 -0.19906496
vn -0.65200748 -0.35309289 -0.67097813
vn -0.69476186 -0.44355681 -0.56618311
vn -0.77791018 -0.59342305 -0.20665148
vn -0.56189497 -0.47830818 -0.67490394
vn -0.56987328 -0.55544552 -0.60557801
vn -0.46848963 -0.61823149 -0.63111591
vn -0.32777992 -0.66959154 -0.66648893
vn -0.30533523 -0.73658988 -0.60349462
vn -0.30532857 -0.92726419 -0.21669235
vn -0.19152633 -0.73043713 -0.65557552
vn -0.15764166 -0.76603763 -0.62316567
vn -0.13380350 -0.96885938 -0.20834618
vn -0.06123332 -0.76256941 -0.64400184
vn -0.01737272 -0.40623469 -0.91360362
vn -0.03145204 -0.61553898 -0.78747859
vn -0.04454064 -0.90197404 -0.42948686
vn -0.99826593 0.02193163 -0.05462719
vn -0.97544398 0.01521345 -0.21972164
vn -0.90174065 0.00763968 -0.43220995
vn -0.78230032 0.00343273 -0.62289199
vn -0.62363782 0.00189963 -0.78171111
vn -0.43366892 0.00196273 -0.90107015
vn -0.22117539 0.00459627 -0.97522322
vn -0.65158579 0.43791087 -0.61941103
vn -0.85715150 0.47856087 -0.19044893
vn -0.73573610 0.64250688 -0.21418986
vn -0.02660472 0.54703731 -0.83668535
vn -0.03580036 0.78745051 -0.61533733
vn -0.07499950 0.97178113 -0.22364372
vn -0.03125411 0.94607626 -0.32243276
vn -0.08858700 0.74566842 -0.66040211
vn -0.13188159 0.77391215 -0.61940878
vn -0.23403223 0.95061807 -0.20384846
vn -0.22204623 0.72490335 -0.65208175
vn -0.28865608 0.76916952 -0.57013676
vn -0.42184166 0.88470104 -0.19837760
vn -0.35280261 0.65068709 -0.67241106
vn -0.44458854 0.69460028 -0.56557181
vn -0.59457688 0.77723679 -0.20586721
vn -0.47781605 0.56075331 -0.67620082
vn -0.55634048 0.56952732 -0.60508174
vn -0.61662006 0.46700987 -0.63378346
vn -0.66811330 0.32689121 -0.66840613
vn -0.73536155 0.30434255 -0.60549072
vn -0.92730688 0.30513418 -0.21678348
vn -0.73043713 0.19152633 -0.65557552
vn -0.76603763 0.15764166 -0.62316567
vn -0.96885938 0.13380350 -0.20834618
vn -0.76256941 0.06123332 -0.64400184
vn -0.40623469 0.01737272 -0.91360362
vn -0.61553898 0.03145204 -0.78747859
vn -0.90197404 0.04454064 -0.42948686
vn 0.00825899 -0.70440002 0.70975517
vn 0.05936701 -0.68995647 0.72141225
vn 0.16280890 -0.66563441 0.72830220
vn 0.28303268 -0.62321846 0.72903446
vn 0.39712352 -0.55615761 0.73005590
vn 0.50153508 -0.46047222 0.73241238
vn 0.58964571 -0.33844165 0.73333157
vn 0.65114495 -0.21216781 0.72869409
vn 0.68054745 -0.09370474 0.72668741
vn 0.70092337 -0.01822337 0.71300374
vn 0.70440002 0.00825899 0.70975517
vn 0.68995647 0.05936701 0.72141225
vn 0.66563441 0.16280890 0.72830220
vn 0.62321846 0.28303268 0.72903446
vn 0.55615761 0.39712352 0.73005590
vn 0.46047222 0.50153508 0.73241238
vn 0.33844165 0.58964571 0.73333157
vn 0.21216781 0.65114495 0.72869409
vn 0.09370474 0.68054745 0.72668741
vn 0.01822337 0.70092337 0.71300374
vn -0.00825899 0.70440002 0.70975517
vn -0.05936701 0.68995647 0.72141225
vn -0.16280890 0.66563441 0.72830220
vn -0.28303268 0.62321846 0.72903446
vn -0.39712352 0.55615761 0.73005590
vn -0.50153508 0.46047222 0.73241238
vn -0.58964571 0.33844165 0.73333157
vn -0.65114495 0.21216781 0.72869409
vn -0.68054745 0.09370474 0.72668741
vn -0.70092337 0.01822337 0.71300374
vn -0.70440002 -0.00825899 0.70975517
vn -0.68995647 -0.05936701 0.72141225
vn -0.66563441 -0.16280890 0.72830220
vn -0.62321846 -0.28303268 0.72903446
vn -0.55615761 -0.39712352 0.73005590
vn -0.46047222 -0.50153508 0.73241238
vn -0.33844165 -0.58964571 0.73333157
vn -0.21216781 -0.65114495 0.72869409
vn -0.09370474 -0.68054745 0.72668741
vn -0.01822337 -0.70092337 0.71300374
vn 0.02117607 0.99826188 0.05499811
vn -0.01182560 0.99841680 0.05499134
vn 0.99841653 0.01182147 0.05499723
vn 0.97482298 0.07815733 0.20883386
vn 0.94854305 0.24163454 0.20464318
vn 0.88064129 0.43022312 0.19844140
vn 0.77049511 0.60449761 0.20228675
vn 0.62756200 0.75150351 0.20349056
vn 0.46710719 0.86264635 0.19404161
vn 0.29371108 0.93189018 0.21287199
vn 0.12680394 0.97023049 0.20633363
vn 0.99826188 -0.02117607 0.05499811
vn 0.01182147 -0.99841653 0.05499723
vn 0.07815733 -0.97482298 0.20883386
vn 0.24163454 -0.94854305 0.20464318
vn 0.43022312 -0.88064129 0.19844140
vn 0.60449761 -0.77049511 0.20228675
vn 0.75150351 -0.62756200 0.20349056
vn 0.86264635 -0.46710719 0.19404161
vn 0.93189018 -0.29371108 0.21287199
vn 0.97023049 -0.12680394 0.20633363
vn -0.02117607 -0.99826188 0.05499811
vn -0.99841653 -0.01182147 0.05499723
vn -0.97482298 -0.07815733 0.20883386
vn -0.94854305 -0.24163454 0.20464318
vn -0.88064129 -0.43022312 0.19844140
vn -0.77049511 -0.60449761 0.20228675
vn -0.62756200 -0.75150351 0.20349056
vn -0.46710719 -0.86264635 0.19404161
vn -0.29371108 -0.93189018 0.21287199
vn -0.12680394 -0.97023049 0.20633363
vn -0.99826188 0.02117607 0.05499811
vn -0.07816837 0.97482763 0.20880804
vn -0.24163956 0.94855129 0.20459905
vn -0.43022759 0.88065018 0.19839222
vn -0.60449962 0.77050525 0.20224209
vn -0.75151117 0.62756588 0.20345031
vn -0.86264232 0.46712347 0.19402036
vn -0.93189018 0.29371108 0.21287199
vn -0.97023049 0.12680394 0.20633363
vn -0.15794823 -0.14367525 0.97693898
vn -0.12429352 -0.17475083 0.97673603
vn -0.18389125 -0.10650366 0.97715965
vn -0.08781937 -0.19267336 0.97732530
vn -0.20331679 -0.06763841 0.97677394
vn -0.04752457 -0.20572840 0.97745447
vn -0.20851550 -0.02726154 0.97763904
vn -0.01331954 -0.21512543 0.97649559
vn -0.06098897 -0.00758438 0.99810962
vn -0.00328943 -0.05818871 0.99830018
vn 0.00758438 -0.06098897 0.99810962
vn -0.05818871 0.00328943 0.99830018
vn -0.21512543 0.01331954 0.97649559
vn 0.02726154 -0.20851550 0.97763904
vn -0.20572840 0.04752457 0.97745447
vn 0.06763841 -0.20331679 0.97677394
vn -0.19267336 0.08781937 0.97732530
vn 0.10650366 -0.18389125 0.97715965
vn -0.17475083 0.12429352 0.97673603
vn 0.14367525 -0.15794823 0.97693898
vn -0.14367525 0.15794823 0.97693898
vn 0.17475083 -0.12429352 0.97673603
vn -0.10650366 0.18389125 0.97715965
vn 0.19267336 -0.08781937 0.97732530
vn -0.06763841 0.20331679 0.97677394
vn 0.20572840 -0.04752457 0.97745447
vn -0.02726154 0.20851550 0.97763904
vn 0.21512543 -0.01331954 0.97649559
vn -0.00758438 0.06098897 0.99810962
vn 0.05818871 -0.00328943 0.99830018
vn 0.06098897 0.00758438 0.99810962
vn 0.00328943 0.05818871 0.99830018
vn 0.01331954 0.21512543 0.97649559
vn 0.20851550 0.02726154 0.97763904
vn 0.04752457 0.20572840 0.97745447
vn 0.20331679 0.06763841 0.97677394
vn 0.08781937 0.19267336 0.97732530
vn 0.18389125 0.10650366 0.97715965
vn 0.12429352 0.17475083 0.97673603
vn 0.15794823 0.14367525 0.97693898
vn -0.01197453 0.22015761 0.97539081
vn 0.00459985 0.22117251 0.97522385
vn -0.00579954 0.43261006 0.90156248
vn 0.00195958 0.43366788 0.90107066
vn -0.00295871 0.62320558 0.78205246
vn 0.00189355 0.62363729 0.78171155
vn -0.00270533 0.78194427 0.62334248
vn 0.00342647 0.78230069 0.62289156
vn -0.00394377 0.90121819 0.43334769
vn 0.00763836 0.90174170 0.43220778
vn -0.00756442 0.97526558 0.22090685
vn 0.01522291 0.97544474 0.21971761
vn 0.42892619 0.66025667 0.61650909
vn 0.94880144 0.03224933 0.31422254
vn 0.78194427 0.00270533 0.62334248
vn 0.90121819 0.00394377 0.43334769
vn 0.97526558 0.00756442 0.22090685
vn 0.78749103 0.03631349 0.61525541
vn 0.55207774 0.02607749 0.83338475
vn 0.22015761 0.01197453 0.97539081
vn 0.43261006 0.00579954 0.90156248
vn 0.62320558 0.00295871 0.78205246
vn 0.72890929 0.08124503 0.67977239
vn 0.78971353 0.13658797 0.59807714
vn 0.70873742 0.21846711 0.67079311
vn 0.76578193 0.29529079 0.57129798
vn 0.64494144 0.35518883 0.67667676
vn 0.69128571 0.45112564 0.56445524
vn 0.55641517 0.48406458 0.67533965
vn 0.58119778 0.58698193 0.56361454
vn 0.44254610 0.59384136 0.67194151
vn 0.31994297 0.66618575 0.67367132
vn 0.29866788 0.74568311 0.59561245
vn 0.18321488 0.72040679 0.66891432
vn 0.14995771 0.76523395 0.62604288
vn 0.05886507 0.75067383 0.65804537
vn 0.04250103 0.89516147 0.44371117
vn 0.03146754 0.61550433 0.78750506
vn 0.01737543 0.40621331 0.91361307
vn 0.22117251 -0.00459985 0.97522385
vn 0.43366788 -0.00195958 0.90107066
vn 0.62363729 -0.00189355 0.78171155
vn 0.78230069 -0.00342647 0.62289156
vn 0.90174170 -0.00763836 0.43220778
vn 0.97544474 -0.01522291 0.21971761
vn 0.66025667 -0.42892619 0.61650909
vn 0.03224933 -0.94880144 0.31422254
vn 0.00270533 -0.78194427 0.62334248
vn 0.00394377 -0.90121819 0.43334769
vn 0.00756442 -0.97526558 0.22090685
vn 0.03631349 -0.78749103 0.61525541
vn 0.02607749 -0.55207774 0.83338475
vn 0.01197453 -0.22015761 0.97539081
vn 0.00579954 -0.43261006 0.90156248
vn 0.00295871 -0.62320558 0.78205246
vn 0.08124503 -0.72890929 0.67977239
vn 0.13658797 -0.78971353 0.59807714
vn 0.21846711 -0.70873742 0.67079311
vn 0.29529079 -0.76578193 0.57129798
vn 0.35518883 -0.64494144 0.67667676
vn 0.45112564 -0.69128571 0.56445524
vn 0.48406458 -0.55641517 0.67533965
vn 0.58698193 -0.58119778 0.56361454
vn 0.59384136 -0.44254610 0.67194151
vn 0.66618575 -0.31994297 0.67367132
vn 0.74568311 -0.29866788 0.59561245
vn 0.72040679 -0.18321488 0.66891432
vn 0.76523395 -0.14995771 0.62604288
vn 0.75067383 -0.05886507 0.65804537
vn 0.89516147 -0.04250103 0.44371117
vn 0.61550433 -0.03146754 0.78750506
vn 0.40621331 -0.01737543 0.91361307
vn -0.00459985 -0.22117251 0.97522385
vn -0.00195958 -0.43366788 0.90107066
vn -0.00189355 -0.62363729 0.78171155
vn -0.00342647 -0.78230069 0.62289156
vn -0.00763836 -0.90174170 0.43220778
vn -0.01522291 -0.97544474 0.21971761
vn -0.42892619 -0.66025667 0.61650909
vn -0.94880144 -0.03224933 0.31422254
vn -0.78194427 -0.00270533 0.62334248
vn -0.90121819 -0.00394377 0.43334769
vn -0.97526558 -0.00756442 0.22090685
vn -0.78749103 -0.03631349 0.61525541
vn -0.55207774 -0.02607749 0.83338475
vn -0.22015761 -0.01197453 0.97539081
vn -0.43261006 -0.00579954 0.90156248
vn -0.62320558 -0.00295871 0.78205246
vn -0.72890929 -0.08124503 0.67977239
vn -0.78971353 -0.13658797 0.59807714
vn -0.70873742 -0.21846711 0.67079311
vn -0.76578193 -0.29529079 0.57129798
vn -0.64494144 -0.35518883 0.67667676
vn -0.69128571 -0.45112564 0.56445524
vn -0.55641517 -0.48406458 0.67533965
vn -0.58119778 -0.58698193 0.56361454
vn -0.44254610 -0.59384136 0.67194151
vn -0.31994297 -0.66618575 0.67367132
vn -0.29866788 -0.74568311 0.59561245
vn -0.18321488 -0.72040679 0.66891432
vn -0.14995771 -0.76523395 0.62604288
vn -0.05886507 -0.75067383 0.65804537
vn -0.04250103 -0.89516147 0.44371117
vn -0.03146754 -0.61550433 0.78750506
vn -0.01737543 -0.40621331 0.91361307
vn -0.22117251 0.00459985 0.97522385
vn -0.43366788 0.00195958 0.90107066
vn -0.62363729 0.00189355 0.78171155
vn -0.78230069 0.00342647 0.62289156
vn -0.90174170 0.00763836 0.43220778
vn -0.97544474 0.01522291 0.21971761
vn -0.66025667 0.42892619 0.61650909
vn -0.03224933 0.94880144 0.31422254
vn -0.03631349 0.78749103 0.61525541
vn -0.02607749 0.55207774 0.83338475
vn -0.08124503 0.72890929 0.67977239
vn -0.13658797 0.78971353 0.59807714
vn -0.21846711 0.70873742 0.67079311
vn -0.29529079 0.76578193 0.57129798
vn -0.35518883 0.64494144 0.67667676
vn -0.45112564 0.69128571 0.56445524
vn -0.48406458 0.55641517 0.67533965
vn -0.58698193 0.58119778 0.56361454
vn -0.59384136 0.44254610 0.67194151
vn -0.66618575 0.31994297 0.67367132
vn -0.74568311 0.29866788 0.59561245
vn -0.72040679 0.18321488 0.66891432
vn -0.76523395 0.14995771 0.62604288
vn -0.75067383 0.05886507 0.65804537
vn -0.89516147 0.04250103 0.44371117
vn -0.61550433 0.03146754 0.78750506
vn -0.40621331 0.01737543 0.91361307
vn -0.17525690 -0.68095632 0.71104396
vn -0.34032761 -0.68095652 0.64844070
vn -0.48562007 -0.68095630 0.54815295
vn -0.72698455 -0.68095634 0.08827190
vn -0.60269097 -0.68095616 0.41600757
vn -0.68473488 -0.68095642 0.25968536
vn -0.72698457 -0.68095630 -0.08827205
vn -0.68473477 -0.68095639 -0.25968576
vn -0.34032859 -0.68095624 -0.64844047
vn -0.17525636 -0.68095615 -0.71104425
vn -0.60269090 -0.68095635 -0.41600738
vn -0.48562100 -0.68095647 -0.54815193
vn -0.16220206 -0.73527083 0.65807849
vn -0.31497689 -0.73527060 0.60013890
vn -0.44944634 -0.73527085 0.50732116
vn -0.55779640 -0.73527102 0.38501909
vn -0.63372938 -0.73527071 0.24034155
vn -0.67283171 -0.73527081 0.08169656
vn -0.67283164 -0.73527086 -0.08169668
vn -0.63372920 -0.73527075 -0.24034189
vn -0.55779666 -0.73527080 -0.38501913
vn -0.44944743 -0.73527066 -0.50732047
vn -0.31497753 -0.73527092 -0.60013817
vn -0.16220148 -0.73527103 -0.65807841
vn -0.17525696 -0.68095657 0.71104370
vn -0.34032779 -0.68095628 0.64844085
vn -0.48562041 -0.68095641 0.54815252
vn -0.60269086 -0.68095623 0.41600762
vn -0.68473485 -0.68095638 0.25968556
vn -0.72698455 -0.68095633 0.08827192
vn -0.72698455 -0.68095633 -0.08827192
vn -0.17525653 -0.68095644 -0.71104394
vn -0.68473483 -0.68095631 -0.25968579
vn -0.34032818 -0.68095617 -0.64844076
vn -0.60269068 -0.68095629 -0.41600777
vn -0.48562064 -0.68095652 -0.54815218
vn -0.22001212 -0.39347384 0.89262142
vn -0.42723636 -0.39347370 0.81403166
vn -0.60963229 -0.39347380 0.68813286
vn -0.75659856 -0.39347348 0.52224250
vn -0.85959412 -0.39347347 0.32600087
vn -0.91263303 -0.39347334 0.11081370
vn -0.91263303 -0.39347335 -0.11081369
vn -0.85959404 -0.39347347 -0.32600109
vn -0.75659836 -0.39347379 -0.52224257
vn -0.60963247 -0.39347379 -0.68813271
vn -0.42723690 -0.39347368 -0.81403138
vn -0.22001141 -0.39347353 -0.89262173
vn 0.69470163 0.04033149 -0.71816643
vn 0.38720607 0.05226587 -0.92051058
vn 0.68275327 0.16258409 -0.71233025
vn 0.39267686 0.20464687 -0.89661839
vn 0.39267618 0.39903233 -0.82860040
vn 0.68275271 0.31701657 -0.65829267
vn 0.39267626 0.57340989 -0.71903160
vn 0.68275288 0.45555334 -0.57124396
vn 0.39267698 0.71903239 -0.57340842
vn 0.68275342 0.57124443 -0.45555193
vn 0.39267678 0.82859933 -0.39903395
vn 0.68275295 0.65829188 -0.31701769
vn 0.39267719 0.89661809 -0.20464757
vn 0.68275292 0.71233035 -0.16258511
vn 0.38720595 0.92051064 -0.05226584
vn 0.69470167 0.71816640 -0.04033136
vn 0.69470167 0.71816640 0.04033136
vn 0.38720595 0.92051064 0.05226584
vn 0.68275292 0.71233035 0.16258511
vn 0.39267711 0.89661810 0.20464769
vn 0.39267684 0.82859944 0.39903366
vn 0.68275295 0.65829188 0.31701769
vn 0.39267661 0.71903271 0.57340827
vn 0.68275366 0.57124478 0.45555115
vn 0.39267618 0.57341024 0.71903137
vn 0.68275236 0.45555351 0.57124444
vn 0.39267639 0.39903141 0.82860074
vn 0.68275299 0.31701557 0.65829286
vn 0.39267714 0.20464649 0.89661836
vn 0.68275327 0.16258409 0.71233025
vn 0.38720699 0.05226618 0.92051018
vn 0.69470163 0.04033149 0.71816643
vn 0.38720699 -0.05226618 0.92051018
vn 0.69470163 -0.04033149 0.71816643
vn 0.68275327 -0.16258409 0.71233025
vn 0.39267686 -0.20464687 0.89661839
vn 0.39267603 -0.39903125 0.82860099
vn 0.68275299 -0.31701557 0.65829286
vn 0.39267651 -0.57340964 0.71903167
vn 0.68275236 -0.45555351 0.57124444
vn 0.39267688 -0.71903309 0.57340761
vn 0.68275366 -0.57124478 0.45555115
vn 0.39267678 -0.82859933 0.39903395
vn 0.68275295 -0.65829188 0.31701769
vn 0.39267719 -0.89661809 0.20464757
vn 0.68275292 -0.71233035 0.16258511
vn 0.38720595 -0.92051064 0.05226584
vn 0.69470167 -0.71816640 0.04033136
vn 0.38667713 -0.92108295 -0.04568361
vn 0.69622785 -0.71695623 -0.03522136
vn 0.38667652 -0.68360727 -0.61900111
vn 0.68569636 -0.60521605 -0.40439343
vn 0.39139157 -0.76513805 -0.51124984
vn 0.69622789 -0.53186976 -0.48205942
vn 0.68569607 -0.67248111 -0.27854992
vn 0.39139142 -0.85017657 -0.35215417
vn 0.39139216 -0.90254253 -0.17952480
vn 0.68569663 -0.71390159 -0.14200231
vn 0.69622789 -0.48205942 -0.53186976
vn 0.38667652 -0.61900111 -0.68360727
vn 0.38667706 -0.04568341 -0.92108299
vn 0.68569640 -0.14200275 -0.71390172
vn 0.39139165 -0.17952585 -0.90254255
vn 0.69622791 -0.03522115 -0.71695618
vn 0.68569625 -0.27855041 -0.67248073
vn 0.39139096 -0.35215432 -0.85017672
vn 0.68569636 -0.40439343 -0.60521605
vn 0.39139127 -0.51125001 -0.76513809
vn 0.39347438 -0.22001526 0.89262041
vn 0.68095567 -0.17526050 0.71104369
vn 0.39347467 -0.42723831 0.81403017
vn 0.68095775 -0.34032842 0.64843898
vn 0.39347445 -0.60963110 0.68813355
vn 0.68095571 -0.48561991 0.54815384
vn 0.39347397 -0.75659900 0.52224151
vn 0.68095621 -0.60269162 0.41600655
vn 0.39347407 -0.85959355 0.32600166
vn 0.68095711 -0.68473379 0.25968644
vn 0.68095580 -0.72698482 0.08827386
vn 0.39347380 -0.91263254 0.11081612
vn 0.39347397 -0.91263264 -0.11081473
vn 0.68095606 -0.72698469 -0.08827293
vn 0.39347389 -0.85959342 -0.32600222
vn 0.68095660 -0.68473424 -0.25968658
vn 0.68095682 -0.60269137 -0.41600592
vn 0.39347361 -0.75659961 -0.52224089
vn 0.39347448 -0.60963241 -0.68813237
vn 0.68095535 -0.48562108 -0.54815325
vn 0.39347479 -0.42723395 -0.81403240
vn 0.68095674 -0.34032572 -0.64844146
vn 0.68095668 -0.17525683 -0.71104363
vn 0.39347521 -0.22001176 -0.89262091
vn 0.39347438 -0.22001526 0.89262041
vn 0.68095567 -0.17526050 0.71104369
vn 0.39347467 -0.42723831 0.81403017
vn 0.68095775 -0.34032842 0.64843898
vn 0.39347445 -0.60963110 0.68813355
vn 0.68095571 -0.48561991 0.54815384
vn 0.39347397 -0.75659900 0.52224151
vn 0.68095621 -0.60269162 0.41600655
vn 0.39347407 -0.85959355 0.32600166
vn 0.68095711 -0.68473379 0.25968644
vn 0.68095580 -0.72698482 0.08827386
vn 0.39347380 -0.91263254 0.11081612
vn 0.39347397 -0.91263264 -0.11081473
vn 0.68095606 -0.72698469 -0.08827293
vn 0.39347389 -0.85959342 -0.32600222
vn 0.68095660 -0.68473424 -0.25968658
vn 0.68095682 -0.60269137 -0.41600592
vn 0.39347361 -0.75659961 -0.52224089
vn 0.39347448 -0.60963241 -0.68813237
vn 0.68095535 -0.48562108 -0.54815325
vn 0.39347479 -0.42723395 -0.81403240
vn 0.68095674 -0.34032572 -0.64844146
vn 0.68095668 -0.17525683 -0.71104363
vn 0.39347521 -0.22001176 -0.89262091
vn -0.08543933 -0.93409898 0.34663990
vn -0.16591282 -0.93409883 0.31612072
vn -0.23674415 -0.93409901 0.26722883
vn -0.29381724 -0.93409882 0.20280735
vn -0.33381435 -0.93409885 0.12659906
vn -0.35441167 -0.93409876 0.04303337
vn -0.35441167 -0.93409876 -0.04303339
vn -0.33381461 -0.93409875 -0.12659908
vn -0.29381706 -0.93409889 -0.20280729
vn -0.23674420 -0.93409895 -0.26722901
vn -0.16591287 -0.93409891 -0.31612047
vn -0.08543915 -0.93409881 -0.34664040
vn 0.92853725 0.02030938 -0.37068329
vn 0.93338226 0.07985925 -0.34988578
vn 0.93338194 0.15571437 -0.32334377
vn 0.93338159 0.22376131 -0.28058810
vn 0.93338219 0.28058673 -0.22376051
vn 0.93338199 0.32334356 -0.15571448
vn 0.93338232 0.34988565 -0.07985914
vn 0.92853728 0.37068323 -0.02030943
vn 0.92853728 0.37068323 0.02030943
vn 0.93338235 0.34988555 0.07985920
vn 0.93338197 0.32334371 0.15571431
vn 0.93338220 0.28058662 0.22376065
vn 0.93338190 0.22376111 0.28058724
vn 0.93338172 0.15571442 0.32334438
vn 0.93338214 0.07985928 0.34988610
vn 0.92853782 0.02030979 0.37068185
vn 0.92853782 -0.02030979 0.37068185
vn 0.93338223 -0.07985949 0.34988580
vn 0.93338184 -0.15571411 0.32334418
vn 0.93338178 -0.22376092 0.28058777
vn 0.93338210 -0.28058714 0.22376037
vn 0.93338199 -0.32334356 0.15571448
vn 0.93338232 -0.34988565 0.07985914
vn 0.92853728 -0.37068323 0.02030943
vn 0.92797278 -0.37221811 -0.01789391
vn 0.93221334 -0.35495524 -0.07060508
vn 0.93221255 -0.33436237 -0.13849752
vn 0.93221362 -0.30091604 -0.20106543
vn 0.92797250 -0.27585115 -0.25054575
vn 0.92797256 -0.25054535 -0.27585133
vn 0.93221290 -0.20106664 -0.30091745
vn 0.93221271 -0.13849745 -0.33436197
vn 0.93221343 -0.07060531 -0.35495495
vn 0.92797279 -0.01789392 -0.37221810
vn 0.93409852 -0.08543935 0.34664112
vn 0.93409945 -0.16591248 0.31611907
vn 0.93409943 -0.23674368 0.26722780
vn 0.93409854 -0.29381780 0.20280785
vn 0.93409925 -0.33381317 0.12659924
vn 0.93409898 -0.35441107 0.04303368
vn 0.93409904 -0.35441088 -0.04303388
vn 0.93409888 -0.33381410 -0.12659948
vn 0.93409894 -0.29381710 -0.20280701
vn 0.93409896 -0.23674455 -0.26722864
vn 0.93409908 -0.16591268 -0.31612005
vn 0.93409943 -0.08543879 -0.34663881
vn 0.93409852 -0.08543935 0.34664112
vn 0.93409945 -0.16591248 0.31611907
vn 0.93409943 -0.23674368 0.26722780
vn 0.93409854 -0.29381780 0.20280785
vn 0.93409925 -0.33381317 0.12659924
vn 0.93409898 -0.35441107 0.04303368
vn 0.93409904 -0.35441088 -0.04303388
vn 0.93409888 -0.33381410 -0.12659948
vn 0.93409894 -0.29381710 -0.20280701
vn 0.93409896 -0.23674455 -0.26722864
vn 0.93409908 -0.16591268 -0.31612005
vn 0.93409943 -0.08543879 -0.34663881
vn -0.56162901 -0.46390189 0.68510429
vn -0.45495556 -0.57014781 0.68406645
vn -0.64152057 -0.34366613 0.68581699
vn -0.32503781 -0.65294269 0.68411714
vn -0.69397101 -0.21588735 0.68687473
vn -0.18582412 -0.70374222 0.68572319
vn -0.71874928 -0.09191203 0.68916736
vn -0.06738480 -0.71832658 0.69243499
vn -0.71195792 -0.01615515 0.70203628
vn -0.00957116 -0.71005056 0.70408565
vn 0.01615515 -0.71195792 0.70203628
vn -0.71005056 0.00957116 0.70408565
vn -0.71832658 0.06738480 0.69243499
vn 0.09191203 -0.71874928 0.68916736
vn -0.70374222 0.18582412 0.68572319
vn 0.21588735 -0.69397101 0.68687473
vn -0.65294269 0.32503781 0.68411714
vn 0.34366613 -0.64152057 0.68581699
vn -0.57014781 0.45495556 0.68406645
vn 0.46390189 -0.56162901 0.68510429
vn -0.46390189 0.56162901 0.68510429
vn 0.57014781 -0.45495556 0.68406645
vn -0.34366613 0.64152057 0.68581699
vn 0.65294269 -0.32503781 0.68411714
vn -0.21588735 0.69397101 0.68687473
vn 0.70374222 -0.18582412 0.68572319
vn -0.09191203 0.71874928 0.68916736
vn 0.71832658 -0.06738480 0.69243499
vn -0.01615515 0.71195792 0.70203628
vn 0.71005056 -0.00957116 0.70408565
vn 0.00957116 0.71005056 0.70408565
vn 0.71195792 0.01615515 0.70203628
vn 0.06738480 0.71832658 0.69243499
vn 0.71874928 0.09191203 0.68916736
vn 0.18582412 0.70374222 0.68572319
vn 0.69397101 0.21588735 0.68687473
vn 0.32503781 0.65294269 0.68411714
vn 0.64152057 0.34366613 0.68581699
vn 0.45495556 0.57014781 0.68406645
vn 0.56162901 0.46390189 0.68510429
vn -0.12240899 0.99123265 -0.04973811
vn -0.01710140 0.99855983 -0.05085093
vn -0.29551999 0.95449668 -0.04005023
vn -0.47079047 0.88121574 -0.04260455
vn -0.63504706 0.77132250 -0.04215248
vn -0.78095415 0.62321863 -0.04134188
vn -0.89471334 0.44471387 -0.04144415
vn -0.96761261 0.24855222 -0.04413205
vn -0.99430131 0.09397982 -0.05032593
vn -0.99854608 0.01032351 -0.05290699
vn -0.99855983 -0.01710140 -0.05085093
vn -0.99123265 -0.12240899 -0.04973811
vn -0.95449668 -0.29551999 -0.04005023
vn -0.88121574 -0.47079047 -0.04260455
vn -0.77132250 -0.63504706 -0.04215248
vn -0.62321863 -0.78095415 -0.04134188
vn -0.44471387 -0.89471334 -0.04144415
vn -0.24855222 -0.96761261 -0.04413205
vn -0.09397982 -0.99430131 -0.05032593
vn -0.01032351 -0.99854608 -0.05290699
vn 0.01710140 -0.99855983 -0.05085093
vn 0.12240899 -0.99123265 -0.04973811
vn 0.29551999 -0.95449668 -0.04005023
vn 0.47079047 -0.88121574 -0.04260455
vn 0.63504706 -0.77132250 -0.04215248
vn 0.78095415 -0.62321863 -0.04134188
vn 0.89471334 -0.44471387 -0.04144415
vn 0.96761261 -0.24855222 -0.04413205
vn 0.99430131 -0.09397982 -0.05032593
vn 0.99854608 -0.01032351 -0.05290699
vn 0.99855983 0.01710140 -0.05085093
vn 0.99123265 0.12240899 -0.04973811
vn 0.95449668 0.29551999 -0.04005023
vn 0.88121574 0.47079047 -0.04260455
vn 0.77132250 0.63504706 -0.04215248
vn 0.62321863 0.78095415 -0.04134188
vn 0.44471387 0.89471334 -0.04144415
vn 0.24855222 0.96761261 -0.04413205
vn 0.09397982 0.99430131 -0.05032593
vn 0.01032351 0.99854608 -0.05290699
vn -0.01988884 -0.98264706 -0.18441581
vn 0.00379425 -0.97604690 -0.21752712
vn -0.02943208 -0.91472859 -0.40299548
vn -0.02516661 -0.89212487 -0.45108741
vn -0.02883804 -0.77994606 -0.62518199
vn -0.02552165 -0.93185571 -0.36193036
vn -0.07858655 -0.98018388 -0.18183432
vn -0.05332319 -0.93040915 -0.36262301
vn -0.03290803 -0.53712976 -0.84285745
vn -0.05642149 -0.64155720 -0.76499737
vn 0.00844531 -0.43448066 -0.90064157
vn -0.04065809 -0.71435208 -0.69860434
vn 0.00191045 -0.35258010 -0.93577969
vn 0.00424503 -0.21889117 -0.97574004
vn -0.04812448 -0.45716896 -0.88807690
vn -0.01927065 -0.31563652 -0.94868447
vn -0.00864921 -0.19120902 -0.98151123
vn -0.27466185 -0.65636719 -0.70266847
vn -0.20414895 -0.67711521 -0.70699236
vn -0.29760901 -0.81697979 -0.49393613
vn -0.10813183 -0.49050162 -0.86470554
vn -0.13262139 -0.68370206 -0.71760927
vn -0.34284296 -0.62319339 -0.70291443
vn -0.46382047 -0.73263409 -0.49811430
vn -0.21793742 -0.45299332 -0.86446535
vn -0.41422474 -0.57833399 -0.70281411
vn -0.47350027 -0.53105728 -0.70269172
vn -0.61194524 -0.61439019 -0.49804389
vn -0.31431422 -0.39208642 -0.86456625
vn -0.53209678 -0.47136565 -0.70334020
vn -0.72852136 -0.46974296 -0.49859620
vn -0.57904877 -0.41118532 -0.70400934
vn -0.62155350 -0.34438392 -0.70361280
vn -0.80592430 -0.31730164 -0.49980566
vn -0.39502435 -0.31032543 -0.86466982
vn -0.65448605 -0.27519442 -0.70421306
vn -0.67578980 -0.20919670 -0.70678490
vn -0.84630434 -0.19759978 -0.49469516
vn -0.45371214 -0.21123873 -0.86575025
vn -0.98392080 -0.03917416 -0.17425626
vn -0.97599508 0.00148137 -0.21778752
vn -0.69964162 -0.14066899 -0.70050970
vn -0.93644646 -0.00348130 -0.35079325
vn -0.90073499 0.00830409 -0.43428967
vn -0.94815902 -0.03900143 -0.31539397
vn -0.90968676 -0.04218499 -0.41314698
vn -0.84363787 -0.01711234 -0.53663983
vn -0.76399206 -0.06164897 -0.64227372
vn -0.62586663 -0.02743024 -0.77944759
vn -0.67510826 -0.03982403 -0.73664298
vn -0.32302326 -0.02693486 -0.94600766
vn -0.20463579 -0.02090814 -0.97861486
vn -0.37915236 -0.01513611 -0.92521045
vn -0.17230813 0.00701197 -0.98501814
vn -0.40788001 -0.02347411 -0.91273373
vn -0.45231052 -0.02802521 -0.89142009
vn -0.11064359 -0.93579453 -0.33473361
vn -0.19356967 -0.96053401 -0.19976286
vn -0.19401227 -0.91860924 -0.34426196
vn -0.17371185 -0.89115221 -0.41913235
vn -0.07133063 -0.86227476 -0.50139225
vn -0.04358050 -0.81477121 -0.57814238
vn -0.27592462 -0.92536026 -0.25994998
vn -0.34266992 -0.93148554 -0.12211480
vn -0.17875826 -0.82934265 -0.52937345
vn -0.37928376 -0.89171734 -0.24694941
vn -0.40991192 -0.83740487 -0.36155954
vn -0.47514145 -0.84455608 -0.24691220
vn -0.53298186 -0.83737734 -0.12136526
vn -0.56241214 -0.78904650 -0.24718049
vn -0.58240947 -0.72799449 -0.36169495
vn -0.64561714 -0.72267301 -0.24682429
vn -0.69861224 -0.70519330 -0.12100973
vn -0.04025651 -0.26440296 -0.96357173
vn -0.71805512 -0.65088938 -0.24645458
vn -0.06794611 -0.24135335 -0.96805573
vn -0.11654185 -0.33498747 -0.93498738
vn -0.03264340 -0.13744220 -0.98997174
vn -0.82722148 -0.54775235 -0.12518781
vn -0.72464255 -0.58698588 -0.36102736
vn -0.78251793 -0.57090378 -0.24846441
vn -0.09613138 -0.22873899 -0.96872970
vn -0.83565635 -0.49019564 -0.24776338
vn -0.06025424 -0.12858672 -0.98986609
vn -0.11710624 -0.22057135 -0.96831524
vn -0.18942923 -0.30241523 -0.93416358
vn -0.91940567 -0.37297759 -0.12482363
vn -0.88161563 -0.40221084 -0.24694193
vn -0.83064313 -0.42429437 -0.36056383
vn -0.14681336 -0.20153139 -0.96841672
vn -0.91897013 -0.31775135 -0.23351227
vn -0.93995146 -0.25092985 -0.23135572
vn -0.96944478 -0.20918254 -0.12813851
vn -0.89445826 -0.27268126 -0.35438588
vn -0.08911591 -0.11069500 -0.98985098
vn -0.16501384 -0.18702923 -0.96839584
vn -0.25391604 -0.25075881 -0.93415559
vn -0.95235307 -0.15791779 -0.26093216
vn -0.18966893 -0.16211605 -0.96837187
vn -0.95740045 -0.11071132 -0.26669718
vn -0.11244074 -0.08691047 -0.98985032
vn -0.20334407 -0.14344635 -0.96854238
vn -0.30428966 -0.18557365 -0.93432875
vn -0.22212401 -0.11340694 -0.96840064
vn -0.52195670 -0.12862828 -0.84321762
vn -0.12986809 -0.05774439 -0.98984841
vn -0.24710835 -0.08493696 -0.96525809
vn -0.39035729 -0.09601520 -0.91564309
vn -0.52981446 -0.01254110 -0.84802085
vn -0.23972293 -0.06183822 -0.96886994
vn -0.85196280 -0.12579813 -0.50826589
vn -0.84059958 -0.07860434 -0.53592322
vn -0.86526248 -0.06290212 -0.49735718
vn -0.21889117 -0.00424503 -0.97574004
vn -0.43448066 -0.00844531 -0.90064157
vn -0.64155720 0.05642149 -0.76499737
vn -0.77994606 0.02883804 -0.62518199
vn -0.89212487 0.02516661 -0.45108741
vn -0.97604690 -0.00379425 -0.21752712
vn 0.02090814 -0.20463579 -0.97861486
vn 0.02802521 -0.45231052 -0.89142009
vn 0.02743024 -0.62586663 -0.77944759
vn 0.06164897 -0.76399206 -0.64227372
vn -0.00830409 -0.90073499 -0.43428967
vn -0.00148137 -0.97599508 -0.21778752
vn -0.98264706 0.01988884 -0.18441581
vn -0.91472859 0.02943208 -0.40299548
vn -0.93185571 0.02552165 -0.36193036
vn -0.98018388 0.07858655 -0.18183432
vn -0.93040915 0.05332319 -0.36262301
vn -0.53712976 0.03290803 -0.84285745
vn -0.71435208 0.04065809 -0.69860434
vn -0.35258010 -0.00191045 -0.93577969
vn -0.45716896 0.04812448 -0.88807690
vn -0.31563652 0.01927065 -0.94868447
vn -0.19120902 0.00864921 -0.98151123
vn -0.65636719 0.27466185 -0.70266847
vn -0.67711521 0.20414895 -0.70699236
vn -0.81697979 0.29760901 -0.49393613
vn -0.49050162 0.10813183 -0.86470554
vn -0.68370206 0.13262139 -0.71760927
vn -0.62319339 0.34284296 -0.70291443
vn -0.73263409 0.46382047 -0.49811430
vn -0.45299332 0.21793742 -0.86446535
vn -0.57833399 0.41422474 -0.70281411
vn -0.53105728 0.47350027 -0.70269172
vn -0.61439019 0.61194524 -0.49804389
vn -0.39208642 0.31431422 -0.86456625
vn -0.47136565 0.53209678 -0.70334020
vn -0.46974296 0.72852136 -0.49859620
vn -0.41118532 0.57904877 -0.70400934
vn -0.34438392 0.62155350 -0.70361280
vn -0.31730164 0.80592430 -0.49980566
vn -0.31032543 0.39502435 -0.86466982
vn -0.27519442 0.65448605 -0.70421306
vn -0.20919670 0.67578980 -0.70678490
vn -0.19759978 0.84630434 -0.49469516
vn -0.21123873 0.45371214 -0.86575025
vn -0.03917416 0.98392080 -0.17425626
vn 0.00148137 0.97599508 -0.21778752
vn -0.14066899 0.69964162 -0.70050970
vn -0.00348130 0.93644646 -0.35079325
vn 0.00830409 0.90073499 -0.43428967
vn -0.03900143 0.94815902 -0.31539397
vn -0.04218499 0.90968676 -0.41314698
vn -0.01711234 0.84363787 -0.53663983
vn -0.06164897 0.76399206 -0.64227372
vn -0.02743024 0.62586663 -0.77944759
vn -0.03982403 0.67510826 -0.73664298
vn -0.02693486 0.32302326 -0.94600766
vn -0.02090814 0.20463579 -0.97861486
vn -0.01513611 0.37915236 -0.92521045
vn 0.00701197 0.17230813 -0.98501814
vn -0.02347411 0.40788001 -0.91273373
vn -0.02802521 0.45231052 -0.89142009
vn -0.93579453 0.11064359 -0.33473361
vn -0.96053401 0.19356967 -0.19976286
vn -0.91860924 0.19401227 -0.34426196
vn -0.89115221 0.17371185 -0.41913235
vn -0.86227476 0.07133063 -0.50139225
vn -0.81477121 0.04358050 -0.57814238
vn -0.92536026 0.27592462 -0.25994998
vn -0.93148554 0.34266992 -0.12211480
vn -0.82934265 0.17875826 -0.52937345
vn -0.89171734 0.37928376 -0.24694941
vn -0.83740487 0.40991192 -0.36155954
vn -0.84455608 0.47514145 -0.24691220
vn -0.83737734 0.53298186 -0.12136526
vn -0.78904650 0.56241214 -0.24718049
vn -0.72799449 0.58240947 -0.36169495
vn -0.72267301 0.64561714 -0.24682429
vn -0.70519330 0.69861224 -0.12100973
vn -0.26440296 0.04025651 -0.96357173
vn -0.65088938 0.71805512 -0.24645458
vn -0.24135335 0.06794611 -0.96805573
vn -0.33498747 0.11654185 -0.93498738
vn -0.13744220 0.03264340 -0.98997174
vn -0.54775235 0.82722148 -0.12518781
vn -0.58698588 0.72464255 -0.36102736
vn -0.57090378 0.78251793 -0.24846441
vn -0.22873899 0.09613138 -0.96872970
vn -0.49019564 0.83565635 -0.24776338
vn -0.12858672 0.06025424 -0.98986609
vn -0.22057135 0.11710624 -0.96831524
vn -0.30241523 0.18942923 -0.93416358
vn -0.37297759 0.91940567 -0.12482363
vn -0.40221084 0.88161563 -0.24694193
vn -0.42429437 0.83064313 -0.36056383
vn -0.20153139 0.14681336 -0.96841672
vn -0.31775135 0.91897013 -0.23351227
vn -0.25092985 0.93995146 -0.23135572
vn -0.20918254 0.96944478 -0.12813851
vn -0.27268126 0.89445826 -0.35438588
vn -0.11069500 0.08911591 -0.98985098
vn -0.18702923 0.16501384 -0.96839584
vn -0.25075881 0.25391604 -0.93415559
vn -0.15791779 0.95235307 -0.26093216
vn -0.16211605 0.18966893 -0.96837187
vn -0.11071132 0.95740045 -0.26669718
vn -0.08691047 0.11244074 -0.98985032
vn -0.14344635 0.20334407 -0.96854238
vn -0.18557365 0.30428966 -0.93432875
vn -0.11340694 0.22212401 -0.96840064
vn -0.12862828 0.52195670 -0.84321762
vn -0.05774439 0.12986809 -0.98984841
vn -0.08493696 0.24710835 -0.96525809
vn -0.09601520 0.39035729 -0.91564309
vn -0.01254110 0.52981446 -0.84802085
vn -0.06183822 0.23972293 -0.96886994
vn -0.12579813 0.85196280 -0.50826589
vn -0.07860434 0.84059958 -0.53592322
vn -0.06290212 0.86526248 -0.49735718
vn 0.98264706 -0.01988884 -0.18441581
vn 0.97604690 0.00379425 -0.21752712
vn 0.91472859 -0.02943208 -0.40299548
vn 0.89212487 -0.02516661 -0.45108741
vn 0.77994606 -0.02883804 -0.62518199
vn 0.93185571 -0.02552165 -0.36193036
vn 0.98018388 -0.07858655 -0.18183432
vn 0.93040915 -0.05332319 -0.36262301
vn 0.53712976 -0.03290803 -0.84285745
vn 0.64155720 -0.05642149 -0.76499737
vn 0.43448066 0.00844531 -0.90064157
vn 0.71435208 -0.04065809 -0.69860434
vn 0.35258010 0.00191045 -0.93577969
vn 0.21889117 0.00424503 -0.97574004
vn 0.45716896 -0.04812448 -0.88807690
vn 0.31563652 -0.01927065 -0.94868447
vn 0.19120902 -0.00864921 -0.98151123
vn 0.65636719 -0.27466185 -0.70266847
vn 0.67711521 -0.20414895 -0.70699236
vn 0.81697979 -0.29760901 -0.49393613
vn 0.49050162 -0.10813183 -0.86470554
vn 0.68370206 -0.13262139 -0.71760927
vn 0.62319339 -0.34284296 -0.70291443
vn 0.73263409 -0.46382047 -0.49811430
vn 0.45299332 -0.21793742 -0.86446535
vn 0.57833399 -0.41422474 -0.70281411
vn 0.53105728 -0.47350027 -0.70269172
vn 0.61439019 -0.61194524 -0.49804389
vn 0.39208642 -0.31431422 -0.86456625
vn 0.47136565 -0.53209678 -0.70334020
vn 0.46974296 -0.72852136 -0.49859620
vn 0.41118532 -0.57904877 -0.70400934
vn 0.34438392 -0.62155350 -0.70361280
vn 0.31730164 -0.80592430 -0.49980566
vn 0.31032543 -0.39502435 -0.86466982
vn 0.27519442 -0.65448605 -0.70421306
vn 0.20919670 -0.67578980 -0.70678490
vn 0.19759978 -0.84630434 -0.49469516
vn 0.21123873 -0.45371214 -0.86575025
vn 0.03917416 -0.98392080 -0.17425626
vn 0.14066899 -0.69964162 -0.70050970
vn 0.00348130 -0.93644646 -0.35079325
vn 0.04218499 -0.90968676 -0.41314698
vn 0.03900143 -0.94815902 -0.31539397
vn 0.01711234 -0.84363787 -0.53663983
vn 0.03982403 -0.67510826 -0.73664298
vn 0.02693486 -0.32302326 -0.94600766
vn 0.01513611 -0.37915236 -0.92521045
vn -0.00701197 -0.17230813 -0.98501814
vn 0.02347411 -0.40788001 -0.91273373
vn 0.93579453 -0.11064359 -0.33473361
vn 0.96053401 -0.19356967 -0.19976286
vn 0.91860924 -0.19401227 -0.34426196
vn 0.89115221 -0.17371185 -0.41913235
vn 0.86227476 -0.07133063 -0.50139225
vn 0.81477121 -0.04358050 -0.57814238
vn 0.92536026 -0.27592462 -0.25994998
vn 0.93148554 -0.34266992 -0.12211480
vn 0.82934265 -0.17875826 -0.52937345
vn 0.89171734 -0.37928376 -0.24694941
vn 0.83740487 -0.40991192 -0.36155954
vn 0.84455608 -0.47514145 -0.24691220
vn 0.83737734 -0.53298186 -0.12136526
vn 0.78904650 -0.56241214 -0.24718049
vn 0.72799449 -0.58240947 -0.36169495
vn 0.72267301 -0.64561714 -0.24682429
vn 0.70519330 -0.69861224 -0.12100973
vn 0.26440296 -0.04025651 -0.96357173
vn 0.65088938 -0.71805512 -0.24645458
vn 0.24135335 -0.06794611 -0.96805573
vn 0.33498747 -0.11654185 -0.93498738
vn 0.13744220 -0.03264340 -0.98997174
vn 0.54775235 -0.82722148 -0.12518781
vn 0.58698588 -0.72464255 -0.36102736
vn 0.57090378 -0.78251793 -0.24846441
vn 0.22873899 -0.09613138 -0.96872970
vn 0.49019564 -0.83565635 -0.24776338
vn 0.12858672 -0.06025424 -0.98986609
vn 0.22057135 -0.11710624 -0.96831524
vn 0.30241523 -0.18942923 -0.93416358
vn 0.37297759 -0.91940567 -0.12482363
vn 0.40221084 -0.88161563 -0.24694193
vn 0.42429437 -0.83064313 -0.36056383
vn 0.20153139 -0.14681336 -0.96841672
vn 0.31775135 -0.91897013 -0.23351227
vn 0.25092985 -0.93995146 -0.23135572
vn 0.20918254 -0.96944478 -0.12813851
vn 0.27268126 -0.89445826 -0.35438588
vn 0.11069500 -0.08911591 -0.98985098
vn 0.18702923 -0.16501384 -0.96839584
vn 0.25075881 -0.25391604 -0.93415559
vn 0.15791779 -0.95235307 -0.26093216
vn 0.16211605 -0.18966893 -0.96837187
vn 0.11071132 -0.95740045 -0.26669718
vn 0.08691047 -0.11244074 -0.98985032
vn 0.14344635 -0.20334407 -0.96854238
vn 0.18557365 -0.30428966 -0.93432875
vn 0.11340694 -0.22212401 -0.96840064
vn 0.12862828 -0.52195670 -0.84321762
vn 0.05774439 -0.12986809 -0.98984841
vn 0.08493696 -0.24710835 -0.96525809
vn 0.09601520 -0.39035729 -0.91564309
vn 0.01254110 -0.52981446 -0.84802085
vn 0.06183822 -0.23972293 -0.96886994
vn 0.12579813 -0.85196280 -0.50826589
vn 0.07860434 -0.84059958 -0.53592322
vn 0.06290212 -0.86526248 -0.49735718
vn -0.00424503 0.21889117 -0.97574004
vn -0.00844531 0.43448066 -0.90064157
vn 0.05642149 0.64155720 -0.76499737
vn 0.02883804 0.77994606 -0.62518199
vn 0.02516661 0.89212487 -0.45108741
vn -0.00379425 0.97604690 -0.21752712
vn 0.20463579 0.02090814 -0.97861486
vn 0.45231052 0.02802521 -0.89142009
vn 0.62586663 0.02743024 -0.77944759
vn 0.76399206 0.06164897 -0.64227372
vn 0.90073499 -0.00830409 -0.43428967
vn 0.97599508 -0.00148137 -0.21778752
vn 0.01988884 0.98264706 -0.18441581
vn 0.02943208 0.91472859 -0.40299548
vn 0.02552165 0.93185571 -0.36193036
vn 0.07858655 0.98018388 -0.18183432
vn 0.05332319 0.93040915 -0.36262301
vn 0.03290803 0.53712976 -0.84285745
vn 0.04065809 0.71435208 -0.69860434
vn -0.00191045 0.35258010 -0.93577969
vn 0.04812448 0.45716896 -0.88807690
vn 0.01927065 0.31563652 -0.94868447
vn 0.00864921 0.19120902 -0.98151123
vn 0.27466185 0.65636719 -0.70266847
vn 0.20414895 0.67711521 -0.70699236
vn 0.29760901 0.81697979 -0.49393613
vn 0.10813183 0.49050162 -0.86470554
vn 0.13262139 0.68370206 -0.71760927
vn 0.34284296 0.62319339 -0.70291443
vn 0.46382047 0.73263409 -0.49811430
vn 0.21793742 0.45299332 -0.86446535
vn 0.41422474 0.57833399 -0.70281411
vn 0.47350027 0.53105728 -0.70269172
vn 0.61194524 0.61439019 -0.49804389
vn 0.31431422 0.39208642 -0.86456625
vn 0.53209678 0.47136565 -0.70334020
vn 0.72852136 0.46974296 -0.49859620
vn 0.57904877 0.41118532 -0.70400934
vn 0.62155350 0.34438392 -0.70361280
vn 0.80592430 0.31730164 -0.49980566
vn 0.39502435 0.31032543 -0.86466982
vn 0.65448605 0.27519442 -0.70421306
vn 0.67578980 0.20919670 -0.70678490
vn 0.84630434 0.19759978 -0.49469516
vn 0.45371214 0.21123873 -0.86575025
vn 0.98392080 0.03917416 -0.17425626
vn 0.69964162 0.14066899 -0.70050970
vn 0.93644646 0.00348130 -0.35079325
vn 0.94815902 0.03900143 -0.31539397
vn 0.90968676 0.04218499 -0.41314698
vn 0.84363787 0.01711234 -0.53663983
vn 0.67510826 0.03982403 -0.73664298
vn 0.32302326 0.02693486 -0.94600766
vn 0.37915236 0.01513611 -0.92521045
vn 0.17230813 -0.00701197 -0.98501814
vn 0.40788001 0.02347411 -0.91273373
vn 0.11064359 0.93579453 -0.33473361
vn 0.19356967 0.96053401 -0.19976286
vn 0.19401227 0.91860924 -0.34426196
vn 0.17371185 0.89115221 -0.41913235
vn 0.07133063 0.86227476 -0.50139225
vn 0.04358050 0.81477121 -0.57814238
vn 0.27592462 0.92536026 -0.25994998
vn 0.34266992 0.93148554 -0.12211480
vn 0.17875826 0.82934265 -0.52937345
vn 0.37928376 0.89171734 -0.24694941
vn 0.40991192 0.83740487 -0.36155954
vn 0.47514145 0.84455608 -0.24691220
vn 0.53298186 0.83737734 -0.12136526
vn 0.56241214 0.78904650 -0.24718049
vn 0.58240947 0.72799449 -0.36169495
vn 0.64561714 0.72267301 -0.24682429
vn 0.69861224 0.70519330 -0.12100973
vn 0.04025651 0.26440296 -0.96357173
vn 0.71805512 0.65088938 -0.24645458
vn 0.06794611 0.24135335 -0.96805573
vn 0.11654185 0.33498747 -0.93498738
vn 0.03264340 0.13744220 -0.98997174
vn 0.82722148 0.54775235 -0.12518781
vn 0.72464255 0.58698588 -0.36102736
vn 0.78251793 0.57090378 -0.24846441
vn 0.09613138 0.22873899 -0.96872970
vn 0.83565635 0.49019564 -0.24776338
vn 0.06025424 0.12858672 -0.98986609
vn 0.11710624 0.22057135 -0.96831524
vn 0.18942923 0.30241523 -0.93416358
vn 0.91940567 0.37297759 -0.12482363
vn 0.88161563 0.40221084 -0.24694193
vn 0.83064313 0.42429437 -0.36056383
vn 0.14681336 0.20153139 -0.96841672
vn 0.91897013 0.31775135 -0.23351227
vn 0.93995146 0.25092985 -0.23135572
vn 0.96944478 0.20918254 -0.12813851
vn 0.89445826 0.27268126 -0.35438588
vn 0.08911591 0.11069500 -0.98985098
vn 0.16501384 0.18702923 -0.96839584
vn 0.25391604 0.25075881 -0.93415559
vn 0.95235307 0.15791779 -0.26093216
vn 0.18966893 0.16211605 -0.96837187
vn 0.95740045 0.11071132 -0.26669718
vn 0.11244074 0.08691047 -0.98985032
vn 0.20334407 0.14344635 -0.96854238
vn 0.30428966 0.18557365 -0.93432875
vn 0.22212401 0.11340694 -0.96840064
vn 0.52195670 0.12862828 -0.84321762
vn 0.12986809 0.05774439 -0.98984841
vn 0.24710835 0.08493696 -0.96525809
vn 0.39035729 0.09601520 -0.91564309
vn 0.52981446 0.01254110 -0.84802085
vn 0.23972293 0.06183822 -0.96886994
vn 0.85196280 0.12579813 -0.50826589
vn 0.84059958 0.07860434 -0.53592322
vn 0.86526248 0.06290212 -0.49735718
vn 0.73319695 0.53165639 -0.42398550
vn 0.73319695 0.42398550 -0.53165639
vn 0.73320027 0.61267068 -0.29504576
vn 0.73320027 0.29504576 -0.61267068
vn 0.73319595 0.66296833 -0.15131652
vn 0.73319595 0.15131652 -0.66296833
vn 0.71994838 0.69293567 -0.03891652
vn 0.71994838 0.03891652 -0.69293567
vn 0.71994838 0.69293567 0.03891652
vn 0.73319595 0.66296833 0.15131652
vn 0.73320122 0.61266859 0.29504774
vn 0.73319474 0.53165881 0.42398630
vn 0.73319821 0.42398745 0.53165310
vn 0.73319859 0.29505085 0.61267024
vn 0.73319941 0.15131544 0.66296475
vn 0.71994666 0.03891149 0.69293774
vn 0.71994838 -0.03891652 -0.69293567
vn 0.68275229 -0.57124350 -0.45555479
vn 0.68275245 -0.71233105 -0.16258407
vn 0.68275318 -0.65829182 -0.31701731
vn 0.68275165 -0.31701658 -0.65829376
vn 0.68275431 -0.45555112 -0.57124402
vn 0.69470209 -0.71816607 -0.04032995
vn 0.69469995 -0.04033715 -0.71816774
vn 0.68275548 -0.16258712 -0.71232744
vn 0.69570264 0.03697513 -0.71737763
vn 0.71887745 0.48507932 -0.49790889
vn 0.73319595 -0.66296833 -0.15131652
vn 0.71994838 -0.69293567 -0.03891652
vn 0.73320027 -0.61267068 -0.29504576
vn 0.73319695 -0.53165639 -0.42398550
vn 0.73319695 -0.42398550 -0.53165639
vn 0.73099245 0.39531085 -0.55621881
vn 0.73320027 -0.29504576 -0.61267068
vn 0.73099291 0.27320962 -0.62530462
vn 0.73319595 -0.15131652 -0.66296833
vn 0.68468529 0.29180250 -0.66787526
vn 0.68468608 0.14905693 -0.71343325
vn 0.68468286 0.42222507 -0.59408364
vn 0.73099538 0.13955221 -0.66796028
vn 0.69570515 0.50126648 -0.51451556
vn 0.71887582 0.03577430 -0.69421737
vn 0.71831878 -0.03413468 -0.69487621
vn 0.72985000 -0.13336426 -0.67047218
vn 0.72984828 -0.26160743 -0.63157188
vn 0.72984880 -0.37979324 -0.56839935
vn 0.71831939 -0.46721303 -0.51548931
vn 0.71831939 -0.51548931 -0.46721303
vn 0.72984732 -0.63157387 -0.26160529
vn 0.72985000 -0.67047218 -0.13336426
vn 0.72984975 -0.56840003 -0.37979040
vn 0.71831878 -0.69487621 -0.03413468
vn 0.71994838 -0.69293567 0.03891652
vn 0.71994666 -0.03891149 0.69293774
vn 0.73319595 -0.66296833 0.15131652
vn 0.73319941 -0.15131544 0.66296475
vn 0.73319859 -0.29505085 0.61267024
vn 0.73320122 -0.61266859 0.29504774
vn 0.73319821 -0.42398745 0.53165310
vn 0.73319474 -0.53165881 0.42398630
vn 0.69622789 -0.48205942 -0.53186976
vn 0.68569636 -0.40439343 -0.60521605
vn 0.68569682 -0.27855202 -0.67247947
vn 0.68569529 -0.14200307 -0.71390272
vn 0.69622847 -0.03521931 -0.71695573
vn 0.69622789 -0.53186976 -0.48205942
vn 0.69622847 -0.71695573 -0.03521931
vn 0.68569529 -0.71390272 -0.14200307
vn 0.68569766 -0.67247985 -0.27854902
vn 0.68569551 -0.60521833 -0.40439145
vn 0.69470102 -0.71816690 0.04033355
vn 0.69470262 -0.04032815 0.71816565
vn 0.68275176 -0.16258304 0.71233194
vn 0.68275248 -0.31702090 0.65829082
vn 0.68275280 -0.45555790 0.57124042
vn 0.68275583 -0.57124120 0.45555238
vn 0.68275018 -0.65829373 0.31701981
vn 0.68275477 -0.71232913 0.16258268
vn 0.69470262 0.04032815 0.71816565
vn 0.69470102 0.71816690 0.04033355
vn 0.68275477 0.71232913 0.16258268
vn 0.68275018 0.65829373 0.31701981
vn 0.68275583 0.57124120 0.45555238
vn 0.68275280 0.45555790 0.57124042
vn 0.68275248 0.31702090 0.65829082
vn 0.68275176 0.16258304 0.71233194
vn 0.69470102 0.71816690 -0.04033355
vn 0.69470102 0.04033355 -0.71816690
vn 0.68275477 0.16258268 -0.71232913
vn 0.68275101 0.31701687 -0.65829429
vn 0.68275390 0.45555425 -0.57124201
vn 0.68275390 0.57124201 -0.45555425
vn 0.68275101 0.65829429 -0.31701687
vn 0.68275477 0.71232913 -0.16258268
vn 0.69470102 -0.04033355 -0.71816690
vn 0.69470102 -0.71816690 -0.04033355
vn 0.68275477 -0.71232913 -0.16258268
vn 0.68275101 -0.65829429 -0.31701687
vn 0.68275390 -0.57124201 -0.45555425
vn 0.68275390 -0.45555425 -0.57124201
vn 0.68275101 -0.31701687 -0.65829429
vn 0.68275477 -0.16258268 -0.71232913
vn 0.71994723 -0.69293705 -0.03891317
vn 0.73319862 -0.66296533 -0.15131672
vn 0.73319778 -0.61267251 -0.29504816
vn 0.73319880 -0.53165513 -0.42398389
vn 0.73319649 -0.42398312 -0.53165894
vn 0.73319953 -0.29504608 -0.61267141
vn 0.73319514 -0.15132099 -0.66296821
vn 0.71994952 -0.03891987 -0.69293429
vn 0.71887818 0.03578126 -0.69421456
vn 0.73099192 0.13955689 -0.66796309
vn 0.73099282 0.27320401 -0.62530718
vn 0.73099557 0.39531095 -0.55621464
vn 0.71887551 0.48508489 -0.49790627
vn 0.69570333 0.50126341 -0.51452101
vn 0.69570486 0.03696770 -0.71737586
vn 0.68468303 0.14905333 -0.71343693
vn 0.68468521 0.29180856 -0.66787269
vn 0.68468561 0.42222140 -0.59408308
vn 0.06673841 -0.89963918 0.43150357
vn 0.01052770 -0.92423088 0.38168894
vn 0.21205448 -0.89509274 0.39222683
vn 0.36854673 -0.82842357 0.42176735
vn 0.52715940 -0.73540982 0.42576444
vn 0.67555679 -0.61334990 0.40917590
vn 0.79450781 -0.45389852 0.40340238
vn 0.86952231 -0.28332359 0.40454751
vn 0.90341322 -0.12580566 0.40989937
vn 0.92583469 -0.01859142 0.37747118
vn -0.01859142 -0.92583469 0.37747118
vn -0.89963918 -0.06673841 0.43150357
vn -0.92423088 -0.01052770 0.38168894
vn -0.89509274 -0.21205448 0.39222683
vn -0.82842357 -0.36854673 0.42176735
vn -0.73540982 -0.52715940 0.42576444
vn -0.61334990 -0.67555679 0.40917590
vn -0.45389852 -0.79450781 0.40340238
vn -0.28332359 -0.86952231 0.40454751
vn -0.12580566 -0.90341322 0.40989937
vn -0.92583469 0.01859142 0.37747118
vn -0.01052770 0.92423088 0.38168894
vn -0.06673841 0.89963918 0.43150357
vn -0.21205448 0.89509274 0.39222683
vn -0.36854673 0.82842357 0.42176735
vn -0.52715940 0.73540982 0.42576444
vn -0.67555679 0.61334990 0.40917590
vn -0.79450781 0.45389852 0.40340238
vn -0.86952231 0.28332359 0.40454751
vn -0.90341322 0.12580566 0.40989937
vn 0.01859142 0.92583469 0.37747118
vn 0.89963918 0.06673841 0.43150357
vn 0.92423088 0.01052770 0.38168894
vn 0.89509274 0.21205448 0.39222683
vn 0.82842357 0.36854673 0.42176735
vn 0.73540982 0.52715940 0.42576444
vn 0.61334990 0.67555679 0.40917590
vn 0.45389852 0.79450781 0.40340238
vn 0.28332359 0.86952231 0.40454751
vn 0.12580566 0.90341322 0.40989937
vn 0.30443920 -0.34295932 0.88864823
vn 0.13892932 -0.41872191 0.89742443
vn 0.22323339 -0.39140290 0.89273211
vn 0.39053533 -0.28438069 0.87556255
vn 0.41544920 -0.09505181 0.90463646
vn 0.43663170 -0.18969103 0.87941462
vn 0.06477935 -0.44547215 0.89294916
vn 0.47730077 -0.02654732 0.87833890
vn 0.38497293 -0.00428644 0.92291791
vn 0.00480878 -0.38504331 0.92288598
vn 0.38504331 0.00480878 0.92288598
vn -0.09505181 -0.41544920 0.90463646
vn -0.28438069 -0.39053533 0.87556255
vn -0.18969103 -0.43663170 0.87941462
vn 0.39140290 0.22323339 0.89273211
vn 0.34295932 0.30443920 0.88864823
vn 0.41872191 0.13892932 0.89742443
vn -0.34295932 -0.30443920 0.88864823
vn -0.41872191 -0.13892932 0.89742443
vn -0.39140290 -0.22323339 0.89273211
vn 0.09505181 0.41544920 0.90463646
vn 0.44547215 0.06477935 0.89294916
vn 0.28438069 0.39053533 0.87556255
vn 0.18969103 0.43663170 0.87941462
vn -0.02654732 -0.47730077 0.87833890
vn -0.44547215 -0.06477935 0.89294916
vn 0.02654732 0.47730077 0.87833890
vn 0.00428644 0.38497293 0.92291791
vn -0.00428644 -0.38497293 0.92291791
vn -0.38504331 -0.00480878 0.92288598
vn -0.00480878 0.38504331 0.92288598
vn -0.38497293 0.00428644 0.92291791
vn -0.47730077 0.02654732 0.87833890
vn -0.06477935 0.44547215 0.89294916
vn -0.41544920 0.09505181 0.90463646
vn -0.13892932 0.41872191 0.89742443
vn -0.39053533 0.28438069 0.87556255
vn -0.43663170 0.18969103 0.87941462
vn -0.30443920 0.34295932 0.88864823
vn -0.22323339 0.39140290 0.89273211
vn 0.71104388 -0.17525674 -0.68095644
vn 0.64844064 -0.34032851 -0.68095612
vn 0.54815223 -0.48562024 -0.68095676
vn 0.41600788 -0.60269103 -0.68095593
vn 0.25968532 -0.68473472 -0.68095660
vn 0.08827224 -0.72698460 -0.68095625
vn -0.08827224 -0.72698460 -0.68095625
vn -0.25968532 -0.68473472 -0.68095660
vn -0.41600788 -0.60269103 -0.68095593
vn -0.54815223 -0.48562024 -0.68095676
vn -0.64844064 -0.34032851 -0.68095612
vn -0.71104388 -0.17525674 -0.68095644
vn 0.71104388 -0.17525674 -0.68095644
vn 0.64844064 -0.34032851 -0.68095612
vn 0.54815223 -0.48562024 -0.68095676
vn 0.41600788 -0.60269103 -0.68095593
vn 0.25968532 -0.68473472 -0.68095660
vn 0.08827224 -0.72698460 -0.68095625
vn -0.08827224 -0.72698460 -0.68095625
vn -0.25968532 -0.68473472 -0.68095660
vn -0.41600788 -0.60269103 -0.68095593
vn -0.54815223 -0.48562024 -0.68095676
vn -0.64844064 -0.34032851 -0.68095612
vn -0.71104388 -0.17525674 -0.68095644
f 1//1 2//2 3//3
f 3//3 2//2 4//4
f 4//4 2//2 5//5
f 2//2 6//6 5//5
f 5//5 7//7 8//8
f 6//6 7//7 5//5
f 8//8 9//9 10//10
f 7//7 9//9 8//8
f 10//10 11//11 12//12
f 9//9 11//11 10//10
f 12//12 13//13 14//14
f 11//11 13//13 12//12
f 14//14 15//15 16//16
f 13//13 15//15 14//14
f 16//16 17//17 18//18
f 15//15 17//17 16//16
f 18//18 19//19 20//20
f 17//17 19//19 18//18
f 20//20 21//21 22//22
f 22//22 21//21 23//23
f 19//19 21//21 20//20
f 21//21 24//24 23//23
f 23//23 25//25 26//26
f 24//24 25//25 23//23
f 26//26 27//27 28//28
f 25//25 27//27 26//26
f 29//29 30//30 31//31
f 31//31 30//30 32//32
f 32//32 30//30 33//33
f 30//30 34//34 33//33
f 33//33 35//35 36//36
f 34//34 35//35 33//33
f 36//36 37//37 38//38
f 35//35 37//37 36//36
f 38//38 39//39 40//40
f 37//37 39//39 38//38
f 40//40 41//41 42//42
f 39//39 41//41 40//40
f 42//42 43//43 44//44
f 41//41 43//43 42//42
f 44//44 45//45 46//46
f 43//43 45//45 44//44
f 46//46 47//47 48//48
f 45//45 47//47 46//46
f 48//48 49//49 50//50
f 50//50 49//49 51//51
f 47//47 49//49 48//48
f 49//49 52//52 51//51
f 51//51 53//53 54//54
f 52//52 53//53 51//51
f 54//54 55//55 56//56
f 53//53 55//55 54//54
f 57//57 58//58 59//59
f 59//59 58//58 60//60
f 60//60 61//61 62//62
f 58//58 61//61 60//60
f 62//62 63//63 64//64
f 61//61 63//63 62//62
f 64//64 65//65 66//66
f 63//63 65//65 64//64
f 66//66 67//67 68//68
f 65//65 67//67 66//66
f 68//68 69//69 70//70
f 67//67 69//69 68//68
f 70//70 71//71 72//72
f 72//72 71//71 73//73
f 69//69 71//71 70//70
f 71//71 74//74 73//73
f 73//73 75//75 76//76
f 74//74 75//75 73//73
f 76//76 77//77 78//78
f 75//75 77//77 76//76
f 78//78 79//79 80//80
f 77//77 79//79 78//78
f 80//80 81//81 82//82
f 79//79 81//81 80//80
f 82//82 83//83 84//84
f 81//81 83//83 82//82
f 85//85 86//86 87//87
f 87//87 86//86 88//88
f 88//88 89//89 90//90
f 86//86 89//89 88//88
f 90//90 91//91 92//92
f 89//89 91//91 90//90
f 92//92 93//93 94//94
f 91//91 93//93 92//92
f 94//94 95//95 96//96
f 93//93 95//95 94//94
f 96//96 97//97 98//98
f 95//95 97//97 96//96
f 98//98 99//99 100//100
f 100//100 99//99 101//101
f 97//97 99//99 98//98
f 99//99 102//102 101//101
f 101//101 103//103 104//104
f 102//102 103//103 101//101
f 104//104 105//105 106//106
f 103//103 105//105 104//104
f 106//106 107//107 108//108
f 105//105 107//107 106//106
f 108//108 109//109 110//110
f 107//107 109//109 108//108
f 110//110 111//111 112//112
f 109//109 111//111 110//110
f 113//113 114//114 115//115
f 115//115 114//114 116//116
f 116//116 117//117 118//118
f 114//114 117//117 116//116
f 118//118 119//119 120//120
f 117//117 119//119 118//118
f 120//120 121//121 122//122
f 119//119 121//121 120//120
f 122//122 123//123 124//124
f 121//121 123//123 122//122
f 124//124 125//125 126//126
f 123//123 125//125 124//124
f 126//126 127//127 128//128
f 125//125 127//127 126//126
f 128//128 129//129 130//130
f 127//127 129//129 128//128
f 130//130 131//131 132//132
f 129//129 131//131 130//130
f 131//131 133//133 132//132
f 131//131 134//134 133//133
f 133//133 135//135 136//136
f 134//134 135//135 133//133
f 136//136 137//137 138//138
f 135//135 137//137 136//136
f 138//138 139//139 140//140
f 137//137 139//139 138//138
f 59//59 60//60 141//141
f 141//141 60//60 142//142
f 142//142 62//62 143//143
f 60//60 62//62 142//142
f 143//143 64//64 144//144
f 62//62 64//64 143//143
f 144//144 66//66 145//145
f 145//145 66//66 146//146
f 64//64 66//66 144//144
f 66//66 68//68 146//146
f 146//146 70//70 147//147
f 68//68 70//70 146//146
f 147//147 72//72 148//148
f 70//70 72//72 147//147
f 148//148 73//73 149//149
f 72//72 73//73 148//148
f 149//149 76//76 150//150
f 150//150 76//76 151//151
f 73//73 76//76 149//149
f 76//76 78//78 151//151
f 151//151 80//80 152//152
f 152//152 80//80 153//153
f 78//78 80//80 151//151
f 80//80 82//82 153//153
f 153//153 84//84 154//154
f 82//82 84//84 153//153
f 87//87 88//88 155//155
f 155//155 88//88 156//156
f 156//156 90//90 157//157
f 88//88 90//90 156//156
f 157//157 92//92 158//158
f 90//90 92//92 157//157
f 158//158 94//94 159//159
f 159//159 94//94 160//160
f 92//92 94//94 158//158
f 94//94 96//96 160//160
f 160//160 98//98 161//161
f 96//96 98//98 160//160
f 161//161 100//100 162//162
f 98//98 100//100 161//161
f 162//162 101//101 163//163
f 100//100 101//101 162//162
f 163//163 104//104 164//164
f 164//164 104//104 165//165
f 101//101 104//104 163//163
f 104//104 106//106 165//165
f 165//165 108//108 166//166
f 166//166 108//108 167//167
f 106//106 108//108 165//165
f 108//108 110//110 167//167
f 167//167 112//112 168//168
f 110//110 112//112 167//167
f 115//115 116//116 169//169
f 169//169 116//116 170//170
f 170//170 118//118 171//171
f 171//171 118//118 172//172
f 116//116 118//118 170//170
f 118//118 120//120 172//172
f 172//172 122//122 173//173
f 173//173 122//122 174//174
f 120//120 122//122 172//172
f 122//122 124//124 174//174
f 174//174 126//126 175//175
f 175//175 126//126 176//176
f 124//124 126//126 174//174
f 126//126 128//128 176//176
f 176//176 130//130 177//177
f 128//128 130//130 176//176
f 177//177 132//132 178//178
f 178//178 132//132 179//179
f 130//130 132//132 177//177
f 179//179 133//133 180//180
f 132//132 133//133 179//179
f 180//180 136//136 181//181
f 133//133 136//136 180//180
f 136//136 138//138 181//181
f 181//181 140//140 182//182
f 138//138 140//140 181//181
f 183//183 184//184 185//185
f 185//185 184//184 186//186
f 186//186 187//187 188//188
f 184//184 187//187 186//186
f 188//188 189//189 190//190
f 187//187 189//189 188//188
f 190//190 191//191 192//192
f 189//189 191//191 190//190
f 192//192 193//193 194//194
f 191//191 193//193 192//192
f 194//194 195//195 196//196
f 193//193 195//195 194//194
f 196//196 197//197 198//198
f 195//195 197//197 196//196
f 198//198 199//199 200//200
f 197//197 199//199 198//198
f 200//200 201//201 202//202
f 199//199 201//201 200//200
f 202//202 203//203 204//204
f 201//201 203//203 202//202
f 204//204 205//205 206//206
f 203//203 205//205 204//204
f 206//206 207//207 208//208
f 208//208 207//207 209//209
f 205//205 207//207 206//206
f 207//207 210//210 209//209
f 211//211 212//212 213//213
f 214//214 215//215 211//211
f 211//211 215//215 212//212
f 215//215 216//216 212//212
f 215//215 217//217 216//216
f 217//217 218//218 216//216
f 217//217 219//219 218//218
f 21//21 19//19 219//219
f 219//219 24//24 21//21
f 19//19 17//17 219//219
f 219//219 25//25 24//24
f 17//17 15//15 219//219
f 219//219 27//27 25//25
f 15//15 13//13 219//219
f 219//219 13//13 218//218
f 13//13 11//11 218//218
f 11//11 9//9 218//218
f 219//219 220//220 27//27
f 27//27 220//220 221//221
f 221//221 220//220 222//222
f 222//222 220//220 223//223
f 223//223 220//220 224//224
f 224//224 220//220 225//225
f 225//225 220//220 226//226
f 226//226 220//220 227//227
f 228//228 229//229 230//230
f 231//231 232//232 233//233
f 229//229 234//234 235//235
f 228//228 234//234 229//229
f 233//233 236//236 237//237
f 238//238 236//236 232//232
f 232//232 236//236 233//233
f 239//239 240//240 228//228
f 228//228 240//240 234//234
f 237//237 241//241 220//220
f 236//236 241//241 237//237
f 220//220 242//242 227//227
f 227//227 242//242 243//243
f 243//243 242//242 244//244
f 241//241 242//242 220//220
f 245//245 246//246 239//239
f 239//239 246//246 240//240
f 9//9 47//47 218//218
f 218//218 47//47 245//245
f 7//7 47//47 9//9
f 49//49 47//47 7//7
f 6//6 52//52 7//7
f 7//7 52//52 49//49
f 47//47 45//45 245//245
f 6//6 53//53 52//52
f 1//1 53//53 2//2
f 2//2 53//53 6//6
f 45//45 43//43 245//245
f 245//245 43//43 246//246
f 1//1 55//55 53//53
f 43//43 41//41 246//246
f 1//1 247//247 55//55
f 248//248 247//247 1//1
f 41//41 39//39 246//246
f 248//248 249//249 247//247
f 250//250 249//249 248//248
f 39//39 37//37 246//246
f 250//250 251//251 249//249
f 252//252 251//251 250//250
f 37//37 35//35 246//246
f 252//252 253//253 251//251
f 244//244 253//253 252//252
f 35//35 34//34 246//246
f 34//34 30//30 246//246
f 30//30 29//29 246//246
f 29//29 254//254 246//246
f 255//255 254//254 256//256
f 256//256 254//254 257//257
f 257//257 254//254 258//258
f 258//258 254//254 259//259
f 259//259 254//254 260//260
f 260//260 254//254 261//261
f 261//261 254//254 29//29
f 244//244 262//262 253//253
f 255//255 262//262 254//254
f 242//242 262//262 244//244
f 253//253 262//262 263//263
f 263//263 262//262 255//255
f 262//262 264//264 254//254
f 262//262 265//265 264//264
f 265//265 266//266 264//264
f 265//265 267//267 266//266
f 268//268 269//269 267//267
f 266//266 269//269 270//270
f 267//267 269//269 266//266
f 271//271 272//272 273//273
f 271//271 273//273 274//274
f 275//275 274//274 276//276
f 275//275 271//271 274//274
f 277//277 276//276 278//278
f 277//277 275//275 276//276
f 279//279 278//278 280//280
f 279//279 277//277 278//278
f 281//281 280//280 282//282
f 281//281 279//279 280//280
f 283//283 282//282 284//284
f 283//283 281//281 282//282
f 285//285 284//284 286//286
f 285//285 283//283 284//284
f 272//272 287//287 288//288
f 272//272 288//288 273//273
f 289//289 290//290 291//291
f 289//289 291//291 292//292
f 293//293 292//292 294//294
f 293//293 289//289 292//292
f 295//295 294//294 296//296
f 295//295 293//293 294//294
f 297//297 296//296 298//298
f 297//297 295//295 296//296
f 299//299 298//298 300//300
f 299//299 297//297 298//298
f 301//301 300//300 302//302
f 301//301 299//299 300//300
f 287//287 302//302 288//288
f 287//287 301//301 302//302
f 303//303 291//291 290//290
f 304//304 303//303 290//290
f 305//305 306//306 307//307
f 305//305 307//307 308//308
f 309//309 308//308 310//310
f 309//309 305//305 308//308
f 311//311 310//310 312//312
f 311//311 309//309 310//310
f 313//313 312//312 314//314
f 313//313 311//311 312//312
f 315//315 314//314 316//316
f 315//315 313//313 314//314
f 317//317 316//316 318//318
f 317//317 315//315 316//316
f 304//304 318//318 303//303
f 304//304 317//317 318//318
f 306//306 319//319 307//307
f 306//306 320//320 319//319
f 321//321 322//322 323//323
f 321//321 323//323 324//324
f 325//325 324//324 326//326
f 325//325 321//321 324//324
f 327//327 326//326 328//328
f 327//327 325//325 326//326
f 329//329 328//328 330//330
f 329//329 327//327 328//328
f 331//331 330//330 332//332
f 331//331 329//329 330//330
f 333//333 332//332 334//334
f 333//333 331//331 332//332
f 320//320 334//334 319//319
f 320//320 333//333 334//334
f 322//322 285//285 286//286
f 323//323 322//322 286//286
f 294//294 292//292 296//296
f 296//296 302//302 298//298
f 298//298 302//302 300//300
f 292//292 291//291 296//296
f 296//296 288//288 302//302
f 291//291 288//288 296//296
f 273//273 276//276 274//274
f 276//276 280//280 278//278
f 288//288 286//286 273//273
f 280//280 286//286 282//282
f 282//282 286//286 284//284
f 291//291 286//286 288//288
f 273//273 286//286 276//276
f 276//276 286//286 280//280
f 316//316 314//314 318//318
f 318//318 314//314 303//303
f 314//314 312//312 303//303
f 308//308 307//307 310//310
f 310//310 307//307 312//312
f 312//312 307//307 303//303
f 303//303 323//323 291//291
f 291//291 323//323 286//286
f 303//303 319//319 323//323
f 307//307 319//319 303//303
f 323//323 326//326 324//324
f 334//334 326//326 319//319
f 319//319 326//326 323//323
f 332//332 330//330 334//334
f 334//334 328//328 326//326
f 330//330 328//328 334//334
f 335//335 336//336 337//337
f 335//335 338//338 336//336
f 337//337 339//339 335//335
f 339//339 340//340 335//335
f 338//338 341//341 336//336
f 338//338 342//342 341//341
f 339//339 343//343 340//340
f 343//343 344//344 340//340
f 342//342 345//345 341//341
f 342//342 346//346 345//345
f 343//343 347//347 344//344
f 347//347 348//348 344//344
f 346//346 349//349 345//345
f 346//346 350//350 349//349
f 347//347 351//351 348//348
f 350//350 352//352 349//349
f 350//350 353//353 352//352
f 351//351 354//354 348//348
f 353//353 355//355 352//352
f 352//352 355//355 356//356
f 351//351 357//357 354//354
f 358//358 357//357 351//351
f 359//359 360//360 358//358
f 358//358 360//360 357//357
f 355//355 361//361 356//356
f 356//356 361//361 362//362
f 363//363 364//364 359//359
f 359//359 364//364 360//360
f 361//361 365//365 362//362
f 362//362 365//365 366//366
f 367//367 368//368 363//363
f 363//363 368//368 364//364
f 366//366 369//369 370//370
f 365//365 369//369 366//366
f 371//371 372//372 367//367
f 367//367 372//372 368//368
f 370//370 373//373 374//374
f 369//369 373//373 370//370
f 371//371 375//375 372//372
f 371//371 376//376 375//375
f 373//373 377//377 374//374
f 378//378 377//377 373//373
f 375//375 379//379 380//380
f 376//376 379//379 375//375
f 381//381 382//382 378//378
f 378//378 382//382 377//377
f 380//380 383//383 384//384
f 379//379 383//383 380//380
f 381//381 385//385 382//382
f 386//386 385//385 381//381
f 384//384 387//387 388//388
f 383//383 387//387 384//384
f 389//389 390//390 386//386
f 386//386 390//390 385//385
f 391//391 392//392 389//389
f 389//389 392//392 390//390
f 388//388 393//393 394//394
f 387//387 393//393 388//388
f 395//395 396//396 391//391
f 391//391 396//396 392//392
f 393//393 397//397 394//394
f 394//394 397//397 398//398
f 397//397 399//399 398//398
f 397//397 400//400 399//399
f 395//395 401//401 396//396
f 401//401 402//402 396//396
f 400//400 403//403 399//399
f 400//400 404//404 403//403
f 401//401 405//405 402//402
f 405//405 406//406 402//402
f 404//404 407//407 403//403
f 404//404 408//408 407//407
f 405//405 409//409 406//406
f 409//409 410//410 406//406
f 408//408 411//411 407//407
f 408//408 412//412 411//411
f 409//409 413//413 410//410
f 412//412 413//413 411//411
f 413//413 414//414 410//410
f 412//412 414//414 413//413
f 415//415 416//416 417//417
f 415//415 417//417 418//418
f 419//419 418//418 417//417
f 420//420 418//418 419//419
f 421//421 420//420 419//419
f 422//422 420//420 421//421
f 423//423 422//422 421//421
f 424//424 422//422 423//423
f 425//425 424//424 423//423
f 426//426 424//424 425//425
f 427//427 426//426 425//425
f 428//428 426//426 427//427
f 429//429 428//428 427//427
f 430//430 428//428 429//429
f 431//431 430//430 429//429
f 432//432 431//431 433//433
f 432//432 430//430 431//431
f 434//434 432//432 433//433
f 435//435 434//434 433//433
f 436//436 434//434 435//435
f 437//437 438//438 436//436
f 437//437 436//436 435//435
f 439//439 438//438 437//437
f 440//440 438//438 439//439
f 441//441 440//440 439//439
f 442//442 440//440 441//441
f 443//443 442//442 441//441
f 444//444 442//442 443//443
f 445//445 444//444 443//443
f 446//446 444//444 445//445
f 447//447 446//446 445//445
f 448//448 446//446 447//447
f 449//449 448//448 447//447
f 450//450 448//448 449//449
f 451//451 450//450 449//449
f 452//452 451//451 453//453
f 452//452 450//450 451//451
f 454//454 452//452 453//453
f 455//455 454//454 453//453
f 456//456 454//454 455//455
f 457//457 458//458 456//456
f 457//457 456//456 455//455
f 459//459 458//458 457//457
f 460//460 458//458 459//459
f 461//461 460//460 459//459
f 462//462 460//460 461//461
f 463//463 462//462 461//461
f 464//464 462//462 463//463
f 465//465 464//464 463//463
f 466//466 464//464 465//465
f 467//467 466//466 465//465
f 468//468 466//466 467//467
f 469//469 468//468 467//467
f 470//470 468//468 469//469
f 471//471 470//470 469//469
f 472//472 471//471 473//473
f 472//472 470//470 471//471
f 474//474 472//472 473//473
f 475//475 474//474 473//473
f 476//476 474//474 475//475
f 477//477 478//478 479//479
f 480//480 478//478 477//477
f 481//481 480//480 477//477
f 482//482 480//480 481//481
f 483//483 482//482 481//481
f 484//484 482//482 483//483
f 485//485 484//484 483//483
f 486//486 484//484 485//485
f 487//487 486//486 485//485
f 488//488 486//486 487//487
f 489//489 488//488 487//487
f 490//490 488//488 489//489
f 491//491 490//490 489//489
f 492//492 491//491 493//493
f 492//492 490//490 491//491
f 494//494 492//492 493//493
f 416//416 494//494 493//493
f 415//415 494//494 416//416
f 476//476 475//475 479//479
f 476//476 479//479 478//478
f 495//495 426//426 496//496
f 496//496 428//428 497//497
f 426//426 428//428 496//496
f 498//498 424//424 495//495
f 495//495 424//424 426//426
f 497//497 430//430 499//499
f 428//428 430//430 497//497
f 498//498 422//422 424//424
f 500//500 422//422 498//498
f 500//500 420//420 422//422
f 501//501 420//420 500//500
f 499//499 432//432 502//502
f 430//430 432//432 499//499
f 502//502 434//434 503//503
f 432//432 434//434 502//502
f 434//434 436//436 503//503
f 501//501 418//418 420//420
f 504//504 418//418 501//501
f 505//505 415//415 504//504
f 504//504 415//415 418//418
f 436//436 438//438 503//503
f 503//503 438//438 506//506
f 507//507 494//494 505//505
f 505//505 494//494 415//415
f 438//438 508//508 506//506
f 509//509 492//492 507//507
f 507//507 492//492 494//494
f 438//438 440//440 508//508
f 440//440 510//510 508//508
f 440//440 442//442 510//510
f 509//509 490//490 492//492
f 509//509 511//511 490//490
f 442//442 512//512 510//510
f 442//442 444//444 512//512
f 511//511 488//488 490//490
f 511//511 513//513 488//488
f 444//444 514//514 512//512
f 444//444 446//446 514//514
f 513//513 486//486 488//488
f 513//513 515//515 486//486
f 446//446 516//516 514//514
f 446//446 448//448 516//516
f 515//515 484//484 486//486
f 515//515 517//517 484//484
f 448//448 518//518 516//516
f 448//448 450//450 518//518
f 517//517 482//482 484//484
f 517//517 519//519 482//482
f 519//519 480//480 482//482
f 452//452 520//520 450//450
f 450//450 520//520 518//518
f 519//519 521//521 480//480
f 454//454 522//522 452//452
f 452//452 522//522 520//520
f 521//521 478//478 480//480
f 521//521 523//523 478//478
f 456//456 524//524 454//454
f 454//454 524//524 522//522
f 523//523 476//476 478//478
f 456//456 525//525 524//524
f 458//458 525//525 456//456
f 476//476 526//526 474//474
f 523//523 526//526 476//476
f 526//526 527//527 474//474
f 474//474 527//527 472//472
f 458//458 528//528 525//525
f 460//460 528//528 458//458
f 527//527 529//529 472//472
f 472//472 529//529 470//470
f 460//460 530//530 528//528
f 462//462 530//530 460//460
f 529//529 531//531 470//470
f 470//470 531//531 468//468
f 462//462 532//532 530//530
f 464//464 532//532 462//462
f 531//531 533//533 468//468
f 468//468 533//533 466//466
f 464//464 534//534 532//532
f 533//533 534//534 466//466
f 466//466 534//534 464//464
f 535//535 536//536 537//537
f 535//535 538//538 536//536
f 539//539 537//537 540//540
f 539//539 535//535 537//537
f 541//541 540//540 542//542
f 541//541 539//539 540//540
f 543//543 542//542 544//544
f 543//543 541//541 542//542
f 545//545 544//544 546//546
f 545//545 546//546 547//547
f 545//545 543//543 544//544
f 548//548 547//547 526//526
f 548//548 545//545 547//547
f 523//523 548//548 526//526
f 549//549 533//533 531//531
f 549//549 550//550 551//551
f 552//552 553//553 554//554
f 552//552 554//554 555//555
f 552//552 555//555 556//556
f 552//552 556//556 525//525
f 552//552 525//525 528//528
f 557//557 553//553 552//552
f 557//557 552//552 558//558
f 559//559 560//560 561//561
f 559//559 561//561 562//562
f 559//559 562//562 553//553
f 559//559 558//558 560//560
f 559//559 557//557 558//558
f 559//559 553//553 557//557
f 563//563 552//552 528//528
f 563//563 558//558 552//552
f 564//564 528//528 530//530
f 564//564 565//565 558//558
f 564//564 563//563 528//528
f 564//564 558//558 563//563
f 566//566 564//564 530//530
f 566//566 565//565 564//564
f 567//567 530//530 532//532
f 567//567 568//568 565//565
f 567//567 566//566 530//530
f 567//567 565//565 566//566
f 569//569 567//567 532//532
f 569//569 568//568 567//567
f 570//570 532//532 534//534
f 570//570 571//571 568//568
f 570//570 569//569 532//532
f 570//570 568//568 569//569
f 572//572 571//571 570//570
f 572//572 570//570 534//534
f 573//573 534//534 533//533
f 573//573 551//551 571//571
f 573//573 572//572 534//534
f 573//573 571//571 572//572
f 574//574 549//549 551//551
f 574//574 533//533 549//549
f 574//574 551//551 573//573
f 574//574 573//573 533//533
f 575//575 550//550 549//549
f 575//575 549//549 531//531
f 576//576 550//550 575//575
f 576//576 575//575 531//531
f 576//576 531//531 529//529
f 576//576 577//577 550//550
f 578//578 576//576 529//529
f 578//578 577//577 576//576
f 579//579 578//578 529//529
f 579//579 577//577 578//578
f 579//579 529//529 527//527
f 579//579 580//580 577//577
f 581//581 579//579 527//527
f 581//581 580//580 579//579
f 582//582 527//527 526//526
f 582//582 546//546 544//544
f 582//582 547//547 546//546
f 582//582 526//526 547//547
f 583//583 582//582 544//544
f 583//583 527//527 582//582
f 584//584 581//581 527//527
f 584//584 580//580 581//581
f 584//584 537//537 536//536
f 584//584 540//540 537//537
f 584//584 542//542 540//540
f 584//584 544//544 542//542
f 584//584 536//536 580//580
f 584//584 527//527 583//583
f 584//584 583//583 544//544
f 560//560 585//585 586//586
f 561//561 586//586 587//587
f 561//561 560//560 586//586
f 562//562 587//587 588//588
f 562//562 561//561 587//587
f 553//553 588//588 589//589
f 553//553 562//562 588//588
f 554//554 589//589 590//590
f 554//554 553//553 589//589
f 555//555 590//590 591//591
f 555//555 554//554 590//590
f 556//556 591//591 524//524
f 556//556 555//555 591//591
f 525//525 556//556 524//524
f 592//592 593//593 594//594
f 592//592 516//516 518//518
f 595//595 596//596 597//597
f 595//595 597//597 598//598
f 595//595 598//598 599//599
f 595//595 599//599 506//506
f 595//595 506//506 508//508
f 600//600 596//596 595//595
f 600//600 595//595 601//601
f 602//602 601//601 603//603
f 602//602 603//603 604//604
f 602//602 604//604 605//605
f 602//602 605//605 596//596
f 602//602 596//596 600//600
f 602//602 600//600 601//601
f 606//606 595//595 508//508
f 606//606 601//601 595//595
f 607//607 608//608 601//601
f 607//607 508//508 510//510
f 607//607 606//606 508//508
f 607//607 601//601 606//606
f 609//609 608//608 607//607
f 609//609 607//607 510//510
f 610//610 611//611 608//608
f 610//610 510//510 512//512
f 610//610 609//609 510//510
f 610//610 608//608 609//609
f 612//612 611//611 610//610
f 612//612 610//610 512//512
f 613//613 614//614 611//611
f 613//613 512//512 514//514
f 613//613 611//611 612//612
f 613//613 612//612 512//512
f 615//615 613//613 514//514
f 615//615 614//614 613//613
f 616//616 594//594 614//614
f 616//616 514//514 516//516
f 616//616 615//615 514//514
f 616//616 614//614 615//615
f 617//617 616//616 516//516
f 617//617 594//594 616//616
f 617//617 516//516 592//592
f 617//617 592//592 594//594
f 618//618 592//592 518//518
f 618//618 593//593 592//592
f 619//619 593//593 618//618
f 619//619 618//618 518//518
f 619//619 620//620 593//593
f 619//619 518//518 520//520
f 621//621 620//620 619//619
f 621//621 619//619 520//520
f 622//622 621//621 520//520
f 622//622 623//623 620//620
f 622//622 520//520 522//522
f 622//622 620//620 621//621
f 624//624 623//623 622//622
f 624//624 622//622 522//522
f 625//625 590//590 589//589
f 625//625 591//591 590//590
f 625//625 524//524 591//591
f 625//625 522//522 524//524
f 626//626 522//522 625//625
f 626//626 625//625 589//589
f 627//627 586//586 585//585
f 627//627 587//587 586//586
f 627//627 588//588 587//587
f 627//627 589//589 588//588
f 627//627 585//585 623//623
f 627//627 623//623 624//624
f 627//627 624//624 522//522
f 627//627 522//522 626//626
f 627//627 626//626 589//589
f 604//604 603//603 628//628
f 604//604 628//628 629//629
f 605//605 629//629 630//630
f 605//605 604//604 629//629
f 596//596 630//630 631//631
f 596//596 605//605 630//630
f 597//597 631//631 632//632
f 597//597 596//596 631//631
f 598//598 632//632 633//633
f 598//598 633//633 634//634
f 598//598 597//597 632//632
f 599//599 634//634 503//503
f 599//599 598//598 634//634
f 506//506 599//599 503//503
f 635//635 496//496 497//497
f 635//635 636//636 637//637
f 638//638 639//639 640//640
f 638//638 640//640 641//641
f 638//638 641//641 642//642
f 638//638 642//642 504//504
f 638//638 504//504 501//501
f 643//643 639//639 638//638
f 643//643 638//638 644//644
f 645//645 646//646 647//647
f 645//645 647//647 648//648
f 645//645 648//648 639//639
f 645//645 644//644 646//646
f 645//645 643//643 644//644
f 645//645 639//639 643//643
f 649//649 638//638 501//501
f 649//649 644//644 638//638
f 650//650 501//501 500//500
f 650//650 651//651 644//644
f 650//650 649//649 501//501
f 650//650 644//644 649//649
f 652//652 650//650 500//500
f 652//652 651//651 650//650
f 653//653 500//500 498//498
f 653//653 654//654 651//651
f 653//653 652//652 500//500
f 653//653 651//651 652//652
f 655//655 653//653 498//498
f 655//655 654//654 653//653
f 656//656 498//498 495//495
f 656//656 657//657 654//654
f 656//656 655//655 498//498
f 656//656 654//654 655//655
f 658//658 657//657 656//656
f 658//658 656//656 495//495
f 659//659 495//495 496//496
f 659//659 637//637 657//657
f 659//659 657//657 658//658
f 659//659 658//658 495//495
f 660//660 635//635 637//637
f 660//660 496//496 635//635
f 660//660 659//659 496//496
f 660//660 637//637 659//659
f 661//661 636//636 635//635
f 661//661 635//635 497//497
f 662//662 636//636 661//661
f 662//662 661//661 497//497
f 662//662 497//497 499//499
f 662//662 663//663 636//636
f 664//664 662//662 499//499
f 664//664 663//663 662//662
f 665//665 664//664 499//499
f 665//665 663//663 664//664
f 665//665 499//499 502//502
f 665//665 666//666 663//663
f 667//667 665//665 502//502
f 667//667 666//666 665//665
f 668//668 502//502 503//503
f 668//668 633//633 632//632
f 668//668 634//634 633//633
f 668//668 503//503 634//634
f 669//669 668//668 632//632
f 669//669 502//502 668//668
f 670//670 667//667 502//502
f 670//670 666//666 667//667
f 670//670 669//669 632//632
f 670//670 629//629 628//628
f 670//670 630//630 629//629
f 670//670 631//631 630//630
f 670//670 632//632 631//631
f 670//670 628//628 666//666
f 670//670 502//502 669//669
f 646//646 671//671 672//672
f 647//647 672//672 673//673
f 647//647 646//646 672//672
f 648//648 673//673 674//674
f 648//648 647//647 673//673
f 639//639 674//674 675//675
f 639//639 648//648 674//674
f 640//640 675//675 676//676
f 640//640 639//639 675//675
f 641//641 676//676 677//677
f 641//641 640//640 676//676
f 642//642 677//677 505//505
f 642//642 641//641 677//677
f 504//504 642//642 505//505
f 678//678 513//513 511//511
f 678//678 679//679 680//680
f 681//681 548//548 523//523
f 681//681 545//545 548//548
f 681//681 543//543 545//545
f 681//681 541//541 543//543
f 681//681 523//523 521//521
f 682//682 541//541 681//681
f 682//682 681//681 683//683
f 684//684 539//539 541//541
f 684//684 535//535 539//539
f 684//684 538//538 535//535
f 684//684 683//683 538//538
f 684//684 682//682 683//683
f 684//684 541//541 682//682
f 685//685 681//681 521//521
f 685//685 683//683 681//681
f 686//686 521//521 519//519
f 686//686 687//687 683//683
f 686//686 685//685 521//521
f 686//686 683//683 685//685
f 688//688 686//686 519//519
f 688//688 687//687 686//686
f 689//689 519//519 517//517
f 689//689 690//690 687//687
f 689//689 688//688 519//519
f 689//689 687//687 688//688
f 691//691 690//690 689//689
f 691//691 689//689 517//517
f 692//692 517//517 515//515
f 692//692 693//693 690//690
f 692//692 690//690 691//691
f 692//692 691//691 517//517
f 694//694 692//692 515//515
f 694//694 693//693 692//692
f 695//695 515//515 513//513
f 695//695 680//680 693//693
f 695//695 693//693 694//694
f 695//695 694//694 515//515
f 696//696 513//513 678//678
f 696//696 680//680 695//695
f 696//696 678//678 680//680
f 696//696 695//695 513//513
f 697//697 678//678 511//511
f 697//697 679//679 678//678
f 698//698 679//679 697//697
f 698//698 697//697 511//511
f 698//698 511//511 509//509
f 698//698 699//699 679//679
f 700//700 698//698 509//509
f 700//700 699//699 698//698
f 701//701 700//700 509//509
f 701//701 699//699 700//700
f 701//701 509//509 507//507
f 701//701 702//702 699//699
f 703//703 701//701 507//507
f 703//703 702//702 701//701
f 704//704 507//507 505//505
f 704//704 676//676 675//675
f 704//704 677//677 676//676
f 704//704 505//505 677//677
f 705//705 704//704 675//675
f 705//705 507//507 704//704
f 706//706 703//703 507//507
f 706//706 702//702 703//703
f 706//706 672//672 671//671
f 706//706 673//673 672//672
f 706//706 674//674 673//673
f 706//706 675//675 674//674
f 706//706 671//671 702//702
f 706//706 507//507 705//705
f 706//706 705//705 675//675
f 707//707 400//400 397//397
f 707//707 708//708 400//400
f 708//708 404//404 400//400
f 708//708 709//709 404//404
f 709//709 408//408 404//404
f 709//709 710//710 408//408
f 408//408 711//711 412//412
f 710//710 711//711 408//408
f 412//412 712//712 414//414
f 711//711 712//712 412//412
f 712//712 410//410 414//414
f 712//712 713//713 410//410
f 410//410 714//714 406//406
f 713//713 714//714 410//410
f 406//406 715//715 402//402
f 714//714 715//715 406//406
f 402//402 716//716 396//396
f 715//715 716//716 402//402
f 396//396 716//716 392//392
f 392//392 716//716 717//717
f 717//717 390//390 392//392
f 717//717 718//718 390//390
f 718//718 385//385 390//390
f 718//718 719//719 385//385
f 719//719 382//382 385//385
f 719//719 720//720 382//382
f 720//720 377//377 382//382
f 720//720 721//721 377//377
f 377//377 722//722 374//374
f 721//721 722//722 377//377
f 374//374 723//723 370//370
f 722//722 723//723 374//374
f 370//370 724//724 366//366
f 723//723 724//724 370//370
f 366//366 725//725 362//362
f 724//724 725//725 366//366
f 725//725 356//356 362//362
f 725//725 726//726 356//356
f 727//727 352//352 726//726
f 726//726 352//352 356//356
f 727//727 728//728 352//352
f 352//352 728//728 349//349
f 349//349 729//729 345//345
f 728//728 729//729 349//349
f 345//345 730//730 341//341
f 729//729 730//730 345//345
f 341//341 731//731 336//336
f 730//730 731//731 341//341
f 336//336 732//732 337//337
f 731//731 732//732 336//336
f 337//337 733//733 339//339
f 732//732 733//733 337//337
f 339//339 734//734 343//343
f 733//733 734//734 339//339
f 343//343 735//735 347//347
f 734//734 735//735 343//343
f 347//347 736//736 351//351
f 735//735 736//736 347//347
f 737//737 358//358 736//736
f 736//736 358//358 351//351
f 737//737 738//738 358//358
f 358//358 738//738 359//359
f 738//738 363//363 359//359
f 738//738 739//739 363//363
f 739//739 367//367 363//363
f 739//739 740//740 367//367
f 367//367 741//741 371//371
f 740//740 741//741 367//367
f 371//371 742//742 376//376
f 741//741 742//742 371//371
f 376//376 743//743 379//379
f 742//742 743//743 376//376
f 379//379 744//744 383//383
f 743//743 744//744 379//379
f 383//383 745//745 387//387
f 744//744 745//745 383//383
f 387//387 746//746 393//393
f 745//745 746//746 387//387
f 393//393 746//746 397//397
f 397//397 746//746 707//707
f 747//747 538//538 748//748
f 747//747 536//536 538//538
f 749//749 560//560 558//558
f 750//750 558//558 565//565
f 750//750 749//749 558//558
f 751//751 565//565 568//568
f 751//751 750//750 565//565
f 752//752 568//568 571//571
f 752//752 751//751 568//568
f 753//753 571//571 551//551
f 753//753 752//752 571//571
f 754//754 551//551 550//550
f 754//754 753//753 551//551
f 755//755 550//550 577//577
f 755//755 754//754 550//550
f 756//756 577//577 580//580
f 756//756 755//755 577//577
f 757//757 580//580 536//536
f 757//757 756//756 580//580
f 747//747 757//757 536//536
f 560//560 749//749 758//758
f 560//560 758//758 585//585
f 759//759 603//603 601//601
f 760//760 601//601 608//608
f 760//760 759//759 601//601
f 761//761 608//608 611//611
f 761//761 760//760 608//608
f 762//762 611//611 614//614
f 762//762 761//761 611//611
f 763//763 614//614 594//594
f 763//763 762//762 614//614
f 764//764 594//594 593//593
f 764//764 763//763 594//594
f 765//765 593//593 620//620
f 765//765 764//764 593//593
f 766//766 620//620 623//623
f 766//766 765//765 620//620
f 767//767 623//623 585//585
f 767//767 766//766 623//623
f 758//758 767//767 585//585
f 603//603 759//759 768//768
f 603//603 768//768 628//628
f 769//769 646//646 644//644
f 770//770 644//644 651//651
f 770//770 769//769 644//644
f 771//771 651//651 654//654
f 771//771 770//770 651//651
f 772//772 654//654 657//657
f 772//772 771//771 654//654
f 773//773 657//657 637//637
f 773//773 772//772 657//657
f 774//774 637//637 636//636
f 774//774 773//773 637//637
f 775//775 636//636 663//663
f 775//775 774//774 636//636
f 776//776 663//663 666//666
f 776//776 775//775 663//663
f 777//777 666//666 628//628
f 777//777 776//776 666//666
f 768//768 777//777 628//628
f 778//778 646//646 769//769
f 778//778 671//671 646//646
f 748//748 538//538 683//683
f 779//779 683//683 687//687
f 779//779 748//748 683//683
f 780//780 687//687 690//690
f 780//780 779//779 687//687
f 781//781 690//690 693//693
f 781//781 780//780 690//690
f 782//782 693//693 680//680
f 782//782 781//781 693//693
f 783//783 680//680 679//679
f 783//783 782//782 680//680
f 784//784 679//679 699//699
f 784//784 783//783 679//679
f 785//785 699//699 702//702
f 785//785 784//784 699//699
f 786//786 702//702 671//671
f 786//786 785//785 702//702
f 778//778 786//786 671//671
f 722//722 787//787 788//788
f 721//721 789//789 787//787
f 721//721 787//787 722//722
f 723//723 788//788 790//790
f 723//723 722//722 788//788
f 720//720 791//791 789//789
f 720//720 789//789 721//721
f 724//724 723//723 790//790
f 724//724 790//790 792//792
f 719//719 793//793 791//791
f 719//719 791//791 720//720
f 725//725 792//792 794//794
f 725//725 724//724 792//792
f 718//718 793//793 719//719
f 795//795 793//793 718//718
f 717//717 795//795 718//718
f 726//726 794//794 796//796
f 726//726 725//725 794//794
f 727//727 796//796 797//797
f 727//727 726//726 796//796
f 716//716 798//798 795//795
f 716//716 795//795 717//717
f 799//799 798//798 716//716
f 728//728 797//797 800//800
f 728//728 727//727 797//797
f 715//715 799//799 716//716
f 715//715 801//801 799//799
f 729//729 800//800 802//802
f 729//729 728//728 800//800
f 714//714 801//801 715//715
f 803//803 801//801 714//714
f 730//730 729//729 802//802
f 804//804 730//730 802//802
f 713//713 803//803 714//714
f 805//805 803//803 713//713
f 731//731 730//730 804//804
f 806//806 731//731 804//804
f 712//712 805//805 713//713
f 732//732 731//731 806//806
f 807//807 805//805 712//712
f 711//711 807//807 712//712
f 808//808 732//732 806//806
f 733//733 732//732 808//808
f 809//809 807//807 711//711
f 710//710 809//809 711//711
f 810//810 733//733 808//808
f 734//734 733//733 810//810
f 811//811 710//710 709//709
f 811//811 809//809 710//710
f 812//812 734//734 810//810
f 812//812 735//735 734//734
f 813//813 709//709 708//708
f 813//813 811//811 709//709
f 814//814 735//735 812//812
f 736//736 735//735 814//814
f 815//815 708//708 707//707
f 815//815 813//813 708//708
f 816//816 736//736 814//814
f 817//817 737//737 736//736
f 817//817 736//736 816//816
f 818//818 707//707 746//746
f 818//818 815//815 707//707
f 738//738 737//737 817//817
f 819//819 818//818 746//746
f 819//819 746//746 745//745
f 820//820 738//738 817//817
f 820//820 739//739 738//738
f 821//821 819//819 745//745
f 821//821 745//745 744//744
f 822//822 739//739 820//820
f 822//822 740//740 739//739
f 823//823 821//821 744//744
f 823//823 744//744 743//743
f 824//824 740//740 822//822
f 824//824 741//741 740//740
f 825//825 823//823 743//743
f 825//825 743//743 742//742
f 826//826 741//741 824//824
f 826//826 825//825 742//742
f 826//826 742//742 741//741
f 827//827 818//818 828//828
f 827//827 815//815 818//818
f 829//829 828//828 830//830
f 829//829 827//827 828//828
f 831//831 830//830 832//832
f 831//831 829//829 830//830
f 833//833 832//832 834//834
f 833//833 831//831 832//832
f 835//835 834//834 836//836
f 835//835 833//833 834//834
f 837//837 836//836 838//838
f 837//837 835//835 836//836
f 748//748 838//838 747//747
f 748//748 837//837 838//838
f 839//839 754//754 755//755
f 839//839 823//823 825//825
f 840//840 841//841 842//842
f 840//840 842//842 843//843
f 840//840 843//843 749//749
f 840//840 749//749 750//750
f 844//844 840//840 750//750
f 844//844 841//841 840//840
f 845//845 817//817 846//846
f 845//845 846//846 847//847
f 845//845 847//847 848//848
f 845//845 848//848 841//841
f 845//845 820//820 817//817
f 845//845 844//844 750//750
f 845//845 841//841 844//844
f 849//849 845//845 750//750
f 849//849 820//820 845//845
f 850//850 750//750 751//751
f 850//850 822//822 820//820
f 850//850 849//849 750//750
f 850//850 820//820 849//849
f 851//851 850//850 751//751
f 851//851 822//822 850//850
f 852//852 751//751 752//752
f 852//852 824//824 822//822
f 852//852 851//851 751//751
f 852//852 822//822 851//851
f 853//853 824//824 852//852
f 853//853 852//852 752//752
f 854//854 752//752 753//753
f 854//854 826//826 824//824
f 854//854 853//853 752//752
f 854//854 824//824 853//853
f 855//855 826//826 854//854
f 855//855 854//854 753//753
f 856//856 753//753 754//754
f 856//856 825//825 826//826
f 856//856 855//855 753//753
f 856//856 826//826 855//855
f 857//857 839//839 825//825
f 857//857 754//754 839//839
f 857//857 856//856 754//754
f 857//857 825//825 856//856
f 858//858 823//823 839//839
f 858//858 839//839 755//755
f 859//859 823//823 858//858
f 859//859 755//755 756//756
f 859//859 821//821 823//823
f 859//859 858//858 755//755
f 860//860 859//859 756//756
f 860//860 821//821 859//859
f 861//861 860//860 756//756
f 861//861 821//821 860//860
f 861//861 756//756 757//757
f 861//861 819//819 821//821
f 862//862 861//861 757//757
f 862//862 819//819 861//861
f 863//863 757//757 747//747
f 863//863 819//819 862//862
f 863//863 834//834 832//832
f 863//863 836//836 834//834
f 863//863 838//838 836//836
f 863//863 747//747 838//838
f 863//863 862//862 757//757
f 864//864 819//819 863//863
f 864//864 863//863 832//832
f 865//865 828//828 818//818
f 865//865 864//864 832//832
f 865//865 830//830 828//828
f 865//865 832//832 830//830
f 865//865 819//819 864//864
f 865//865 818//818 819//819
f 846//846 816//816 866//866
f 846//846 817//817 816//816
f 847//847 866//866 867//867
f 847//847 846//846 866//866
f 848//848 867//867 868//868
f 848//848 847//847 867//867
f 841//841 868//868 869//869
f 841//841 848//848 868//868
f 842//842 869//869 870//870
f 842//842 841//841 869//869
f 843//843 870//870 871//871
f 843//843 842//842 870//870
f 749//749 871//871 758//758
f 749//749 843//843 871//871
f 872//872 810//810 808//808
f 872//872 764//764 765//765
f 873//873 874//874 875//875
f 873//873 875//875 876//876
f 873//873 876//876 759//759
f 873//873 759//759 760//760
f 877//877 874//874 873//873
f 877//877 873//873 760//760
f 878//878 800//800 797//797
f 878//878 797//797 879//879
f 878//878 879//879 880//880
f 878//878 880//880 881//881
f 878//878 881//881 874//874
f 878//878 874//874 877//877
f 878//878 877//877 760//760
f 882//882 878//878 760//760
f 882//882 800//800 878//878
f 883//883 802//802 800//800
f 883//883 760//760 761//761
f 883//883 882//882 760//760
f 883//883 800//800 882//882
f 884//884 802//802 883//883
f 884//884 883//883 761//761
f 885//885 804//804 802//802
f 885//885 761//761 762//762
f 885//885 884//884 761//761
f 885//885 802//802 884//884
f 886//886 804//804 885//885
f 886//886 885//885 762//762
f 887//887 806//806 804//804
f 887//887 762//762 763//763
f 887//887 886//886 762//762
f 887//887 804//804 886//886
f 888//888 887//887 763//763
f 888//888 806//806 887//887
f 889//889 808//808 806//806
f 889//889 763//763 764//764
f 889//889 888//888 763//763
f 889//889 806//806 888//888
f 890//890 889//889 764//764
f 890//890 808//808 889//889
f 890//890 764//764 872//872
f 890//890 872//872 808//808
f 891//891 872//872 765//765
f 891//891 810//810 872//872
f 892//892 810//810 891//891
f 892//892 812//812 810//810
f 892//892 765//765 766//766
f 892//892 891//891 765//765
f 893//893 812//812 892//892
f 893//893 892//892 766//766
f 894//894 893//893 766//766
f 894//894 814//814 812//812
f 894//894 766//766 767//767
f 894//894 812//812 893//893
f 895//895 814//814 894//894
f 895//895 894//894 767//767
f 896//896 869//869 868//868
f 896//896 870//870 869//869
f 896//896 871//871 870//870
f 896//896 758//758 871//871
f 896//896 895//895 767//767
f 896//896 767//767 758//758
f 896//896 814//814 895//895
f 897//897 814//814 896//896
f 897//897 896//896 868//868
f 898//898 866//866 816//816
f 898//898 867//867 866//866
f 898//898 868//868 867//867
f 898//898 816//816 814//814
f 898//898 897//897 868//868
f 898//898 814//814 897//897
f 797//797 796//796 899//899
f 879//879 899//899 900//900
f 879//879 797//797 899//899
f 880//880 900//900 901//901
f 880//880 879//879 900//900
f 881//881 901//901 902//902
f 881//881 880//880 901//901
f 874//874 902//902 903//903
f 874//874 881//881 902//902
f 875//875 903//903 904//904
f 875//875 874//874 903//903
f 876//876 904//904 768//768
f 876//876 875//875 904//904
f 759//759 876//876 768//768
f 905//905 790//790 788//788
f 905//905 774//774 775//775
f 906//906 907//907 908//908
f 906//906 908//908 909//909
f 906//906 909//909 769//769
f 906//906 769//769 770//770
f 910//910 907//907 906//906
f 910//910 906//906 770//770
f 911//911 793//793 795//795
f 911//911 795//795 912//912
f 911//911 912//912 913//913
f 911//911 913//913 914//914
f 911//911 914//914 907//907
f 911//911 907//907 910//910
f 911//911 910//910 770//770
f 915//915 911//911 770//770
f 915//915 793//793 911//911
f 916//916 791//791 793//793
f 916//916 770//770 771//771
f 916//916 915//915 770//770
f 916//916 793//793 915//915
f 917//917 791//791 916//916
f 917//917 916//916 771//771
f 918//918 789//789 791//791
f 918//918 771//771 772//772
f 918//918 917//917 771//771
f 918//918 791//791 917//917
f 919//919 789//789 918//918
f 919//919 918//918 772//772
f 920//920 787//787 789//789
f 920//920 772//772 773//773
f 920//920 919//919 772//772
f 920//920 789//789 919//919
f 921//921 920//920 773//773
f 921//921 787//787 920//920
f 922//922 788//788 787//787
f 922//922 773//773 774//774
f 922//922 787//787 921//921
f 922//922 921//921 773//773
f 923//923 788//788 922//922
f 923//923 922//922 774//774
f 923//923 774//774 905//905
f 923//923 905//905 788//788
f 924//924 905//905 775//775
f 924//924 790//790 905//905
f 925//925 790//790 924//924
f 925//925 792//792 790//790
f 925//925 775//775 776//776
f 925//925 924//924 775//775
f 926//926 792//792 925//925
f 926//926 925//925 776//776
f 927//927 926//926 776//776
f 927//927 794//794 792//792
f 927//927 776//776 777//777
f 927//927 792//792 926//926
f 928//928 794//794 927//927
f 928//928 927//927 777//777
f 929//929 902//902 901//901
f 929//929 903//903 902//902
f 929//929 904//904 903//903
f 929//929 768//768 904//904
f 929//929 928//928 777//777
f 929//929 777//777 768//768
f 929//929 794//794 928//928
f 930//930 794//794 929//929
f 930//930 929//929 901//901
f 931//931 899//899 796//796
f 931//931 900//900 899//899
f 931//931 901//901 900//900
f 931//931 796//796 794//794
f 931//931 930//930 901//901
f 931//931 794//794 930//930
f 912//912 795//795 798//798
f 912//912 798//798 932//932
f 913//913 932//932 933//933
f 913//913 912//912 932//932
f 914//914 933//933 934//934
f 914//914 913//913 933//933
f 907//907 934//934 935//935
f 907//907 914//914 934//934
f 908//908 935//935 936//936
f 908//908 907//907 935//935
f 909//909 936//936 937//937
f 909//909 908//908 936//936
f 769//769 937//937 778//778
f 769//769 909//909 937//937
f 938//938 803//803 805//805
f 938//938 783//783 784//784
f 939//939 837//837 748//748
f 939//939 835//835 837//837
f 939//939 833//833 835//835
f 939//939 748//748 779//779
f 940//940 833//833 939//939
f 940//940 939//939 779//779
f 941//941 813//813 815//815
f 941//941 831//831 833//833
f 941//941 829//829 831//831
f 941//941 827//827 829//829
f 941//941 815//815 827//827
f 941//941 833//833 940//940
f 941//941 940//940 779//779
f 942//942 941//941 779//779
f 942//942 813//813 941//941
f 943//943 811//811 813//813
f 943//943 779//779 780//780
f 943//943 942//942 779//779
f 943//943 813//813 942//942
f 944//944 811//811 943//943
f 944//944 943//943 780//780
f 945//945 809//809 811//811
f 945//945 780//780 781//781
f 945//945 811//811 944//944
f 945//945 944//944 780//780
f 946//946 809//809 945//945
f 946//946 945//945 781//781
f 947//947 807//807 809//809
f 947//947 781//781 782//782
f 947//947 809//809 946//946
f 947//947 946//946 781//781
f 948//948 807//807 947//947
f 948//948 947//947 782//782
f 949//949 805//805 807//807
f 949//949 782//782 783//783
f 949//949 948//948 782//782
f 949//949 807//807 948//948
f 950//950 805//805 949//949
f 950//950 949//949 783//783
f 950//950 783//783 938//938
f 950//950 938//938 805//805
f 951//951 938//938 784//784
f 951//951 803//803 938//938
f 952//952 803//803 951//951
f 952//952 801//801 803//803
f 952//952 784//784 785//785
f 952//952 951//951 784//784
f 953//953 801//801 952//952
f 953//953 952//952 785//785
f 954//954 953//953 785//785
f 954//954 799//799 801//801
f 954//954 785//785 786//786
f 954//954 801//801 953//953
f 955//955 799//799 954//954
f 955//955 954//954 786//786
f 956//956 935//935 934//934
f 956//956 936//936 935//935
f 956//956 937//937 936//936
f 956//956 778//778 937//937
f 956//956 955//955 786//786
f 956//956 786//786 778//778
f 956//956 799//799 955//955
f 957//957 799//799 956//956
f 957//957 956//956 934//934
f 958//958 932//932 798//798
f 958//958 933//933 932//932
f 958//958 934//934 933//933
f 958//958 798//798 799//799
f 958//958 957//957 934//934
f 958//958 799//799 957//957
f 204//204 200//200 202//202
f 206//206 208//208 204//204
f 209//209 959//959 208//208
f 959//959 960//960 208//208
f 196//196 192//192 194//194
f 198//198 192//192 196//196
f 200//200 192//192 198//198
f 192//192 188//188 190//190
f 961//961 962//962 960//960
f 963//963 962//962 961//961
f 964//964 962//962 963//963
f 204//204 965//965 200//200
f 208//208 965//965 204//204
f 960//960 965//965 208//208
f 962//962 965//965 960//960
f 200//200 966//966 192//192
f 965//965 966//966 200//200
f 186//186 967//967 185//185
f 188//188 967//967 186//186
f 185//185 967//967 968//968
f 969//969 970//970 966//966
f 192//192 970//970 188//188
f 188//188 970//970 967//967
f 966//966 970//970 192//192
f 210//210 971//971 209//209
f 209//209 971//971 959//959
f 959//959 972//972 960//960
f 971//971 972//972 959//959
f 960//960 973//973 961//961
f 972//972 973//973 960//960
f 961//961 974//974 963//963
f 973//973 974//974 961//961
f 963//963 975//975 964//964
f 974//974 975//975 963//963
f 964//964 976//976 962//962
f 975//975 976//976 964//964
f 962//962 977//977 965//965
f 976//976 977//977 962//962
f 965//965 978//978 966//966
f 966//966 978//978 969//969
f 977//977 978//978 965//965
f 978//978 979//979 969//969
f 969//969 980//980 970//970
f 979//979 980//980 969//969
f 970//970 981//981 967//967
f 980//980 981//981 970//970
f 967//967 982//982 968//968
f 981//981 982//982 967//967
f 968//968 183//183 185//185
f 982//982 183//183 968//968
f 179//179 201//201 178//178
f 203//203 201//201 179//179
f 180//180 205//205 179//179
f 179//179 205//205 203//203
f 177//177 199//199 176//176
f 178//178 199//199 177//177
f 201//201 199//199 178//178
f 181//181 207//207 180//180
f 182//182 207//207 181//181
f 180//180 207//207 205//205
f 199//199 197//197 176//176
f 182//182 210//210 207//207
f 176//176 195//195 175//175
f 197//197 195//195 176//176
f 983//983 971//971 182//182
f 182//182 971//971 210//210
f 195//195 174//174 175//175
f 195//195 193//193 174//174
f 984//984 972//972 983//983
f 983//983 972//972 971//971
f 174//174 191//191 173//173
f 193//193 191//191 174//174
f 984//984 985//985 972//972
f 985//985 973//973 972//972
f 189//189 172//172 191//191
f 191//191 172//172 173//173
f 985//985 986//986 973//973
f 973//973 986//986 974//974
f 189//189 171//171 172//172
f 187//187 171//171 189//189
f 986//986 975//975 974//974
f 986//986 987//987 975//975
f 187//187 170//170 171//171
f 184//184 170//170 187//187
f 987//987 988//988 975//975
f 975//975 988//988 976//976
f 183//183 169//169 184//184
f 982//982 169//169 183//183
f 184//184 169//169 170//170
f 988//988 989//989 976//976
f 976//976 989//989 977//977
f 982//982 990//990 169//169
f 981//981 990//990 982//982
f 989//989 991//991 977//977
f 977//977 991//991 978//978
f 978//978 991//991 979//979
f 981//981 992//992 990//990
f 991//991 993//993 979//979
f 979//979 994//994 980//980
f 980//980 994//994 981//981
f 993//993 994//994 979//979
f 981//981 994//994 992//992
f 140//140 995//995 182//182
f 182//182 995//995 983//983
f 983//983 996//996 984//984
f 984//984 996//996 985//985
f 995//995 996//996 983//983
f 996//996 997//997 985//985
f 985//985 998//998 986//986
f 986//986 998//998 987//987
f 997//997 998//998 985//985
f 987//987 999//999 988//988
f 998//998 999//999 987//987
f 999//999 1000//1000 988//988
f 988//988 1001//1001 989//989
f 1000//1000 1001//1001 988//988
f 989//989 1002//1002 991//991
f 1001//1001 1002//1002 989//989
f 991//991 1003//1003 993//993
f 993//993 1003//1003 994//994
f 1002//1002 1003//1003 991//991
f 1003//1003 1004//1004 994//994
f 994//994 1005//1005 992//992
f 1004//1004 1005//1005 994//994
f 992//992 1006//1006 990//990
f 1005//1005 1006//1006 992//992
f 990//990 115//115 169//169
f 1006//1006 115//115 990//990
f 1007//1007 1008//1008 1009//1009
f 1008//1008 1010//1010 1009//1009
f 1009//1009 1011//1011 1012//1012
f 1010//1010 1011//1011 1009//1009
f 1012//1012 1013//1013 1014//1014
f 1011//1011 1013//1013 1012//1012
f 1014//1014 1015//1015 1016//1016
f 1013//1013 1015//1015 1014//1014
f 1016//1016 1017//1017 1018//1018
f 1015//1015 1017//1017 1016//1016
f 1018//1018 1019//1019 1020//1020
f 1017//1017 1019//1019 1018//1018
f 1020//1020 1021//1021 1022//1022
f 1019//1019 1021//1021 1020//1020
f 1022//1022 1021//1021 1023//1023
f 1021//1021 1024//1024 1023//1023
f 1023//1023 1024//1024 1025//1025
f 1024//1024 1026//1026 1025//1025
f 1025//1025 1027//1027 1028//1028
f 1026//1026 1027//1027 1025//1025
f 1028//1028 1029//1029 1030//1030
f 1027//1027 1029//1029 1028//1028
f 1030//1030 1031//1031 1032//1032
f 1029//1029 1031//1031 1030//1030
f 1032//1032 1033//1033 1034//1034
f 1031//1031 1033//1033 1032//1032
f 1034//1034 1035//1035 1036//1036
f 1033//1033 1035//1035 1034//1034
f 1036//1036 1037//1037 1038//1038
f 1035//1035 1037//1037 1036//1036
f 1039//1039 1040//1040 1037//1037
f 1037//1037 1040//1040 1038//1038
f 1040//1040 1039//1039 1041//1041
f 1039//1039 1042//1042 1041//1041
f 1041//1041 1043//1043 1044//1044
f 1042//1042 1043//1043 1041//1041
f 1044//1044 1045//1045 1046//1046
f 1043//1043 1045//1045 1044//1044
f 1046//1046 1047//1047 1048//1048
f 1045//1045 1047//1047 1046//1046
f 1048//1048 1049//1049 1050//1050
f 1047//1047 1049//1049 1048//1048
f 1050//1050 1051//1051 1052//1052
f 1049//1049 1051//1051 1050//1050
f 1052//1052 1053//1053 1054//1054
f 1051//1051 1053//1053 1052//1052
f 1053//1053 1055//1055 1054//1054
f 1054//1054 1055//1055 1056//1056
f 1057//1057 1058//1058 1059//1059
f 1060//1060 1058//1058 1057//1057
f 1059//1059 1061//1061 1062//1062
f 1058//1058 1061//1061 1059//1059
f 1063//1063 1064//1064 1055//1055
f 1062//1062 1064//1064 1063//1063
f 1061//1061 1064//1064 1062//1062
f 1064//1064 1056//1056 1055//1055
f 1057//1057 1065//1065 1060//1060
f 1057//1057 1066//1066 1065//1065
f 1067//1067 1068//1068 1069//1069
f 1070//1070 1068//1068 1067//1067
f 1069//1069 1071//1071 1072//1072
f 1068//1068 1071//1071 1069//1069
f 1072//1072 1073//1073 1074//1074
f 1071//1071 1073//1073 1072//1072
f 1074//1074 1065//1065 1066//1066
f 1073//1073 1065//1065 1074//1074
f 1067//1067 1008//1008 1070//1070
f 1070//1070 1008//1008 1007//1007
f 112//112 1075//1075 168//168
f 168//168 1075//1075 1076//1076
f 1076//1076 1077//1077 1078//1078
f 1075//1075 1077//1077 1076//1076
f 1078//1078 1079//1079 1080//1080
f 1077//1077 1079//1079 1078//1078
f 1080//1080 1081//1081 1082//1082
f 1079//1079 1081//1081 1080//1080
f 1082//1082 1083//1083 1084//1084
f 1084//1084 1083//1083 1085//1085
f 1081//1081 1083//1083 1082//1082
f 1083//1083 1086//1086 1085//1085
f 1085//1085 1087//1087 1088//1088
f 1086//1086 1087//1087 1085//1085
f 1088//1088 1089//1089 1090//1090
f 1090//1090 1089//1089 1091//1091
f 1087//1087 1089//1089 1088//1088
f 1089//1089 1092//1092 1091//1091
f 1091//1091 1093//1093 1094//1094
f 1092//1092 1093//1093 1091//1091
f 1094//1094 1095//1095 1096//1096
f 1096//1096 1095//1095 1097//1097
f 1093//1093 1095//1095 1094//1094
f 1095//1095 1098//1098 1097//1097
f 1097//1097 87//87 155//155
f 1098//1098 87//87 1097//1097
f 84//84 1099//1099 154//154
f 154//154 1099//1099 1100//1100
f 1100//1100 1101//1101 1102//1102
f 1099//1099 1101//1101 1100//1100
f 1102//1102 1103//1103 1104//1104
f 1101//1101 1103//1103 1102//1102
f 1104//1104 1105//1105 1106//1106
f 1103//1103 1105//1105 1104//1104
f 1106//1106 1107//1107 1108//1108
f 1108//1108 1107//1107 1109//1109
f 1105//1105 1107//1107 1106//1106
f 1107//1107 1110//1110 1109//1109
f 1109//1109 1111//1111 1112//1112
f 1110//1110 1111//1111 1109//1109
f 1112//1112 1113//1113 1114//1114
f 1114//1114 1113//1113 1115//1115
f 1111//1111 1113//1113 1112//1112
f 1113//1113 1116//1116 1115//1115
f 1115//1115 1117//1117 1118//1118
f 1116//1116 1117//1117 1115//1115
f 1118//1118 1119//1119 1120//1120
f 1120//1120 1119//1119 1121//1121
f 1117//1117 1119//1119 1118//1118
f 1119//1119 1122//1122 1121//1121
f 1121//1121 59//59 141//141
f 1122//1122 59//59 1121//1121
f 139//139 1123//1123 140//140
f 140//140 1123//1123 995//995
f 995//995 1124//1124 996//996
f 1123//1123 1124//1124 995//995
f 996//996 1125//1125 997//997
f 1124//1124 1125//1125 996//996
f 997//997 1126//1126 998//998
f 1125//1125 1126//1126 997//997
f 1126//1126 999//999 998//998
f 1126//1126 1127//1127 999//999
f 999//999 1128//1128 1000//1000
f 1127//1127 1128//1128 999//999
f 1000//1000 1129//1129 1001//1001
f 1128//1128 1129//1129 1000//1000
f 1001//1001 1130//1130 1002//1002
f 1129//1129 1130//1130 1001//1001
f 1002//1002 1131//1131 1003//1003
f 1130//1130 1131//1131 1002//1002
f 1003//1003 1132//1132 1004//1004
f 1131//1131 1132//1132 1003//1003
f 1004//1004 1133//1133 1005//1005
f 1132//1132 1133//1133 1004//1004
f 1005//1005 1134//1134 1006//1006
f 1133//1133 1134//1134 1005//1005
f 1134//1134 115//115 1006//1006
f 1134//1134 113//113 115//115
f 1135//1135 1136//1136 1008//1008
f 1008//1008 1136//1136 1010//1010
f 1010//1010 1137//1137 1011//1011
f 1136//1136 1137//1137 1010//1010
f 1011//1011 1138//1138 1013//1013
f 1137//1137 1138//1138 1011//1011
f 1013//1013 1139//1139 1015//1015
f 1138//1138 1139//1139 1013//1013
f 1015//1015 1140//1140 1017//1017
f 1139//1139 1140//1140 1015//1015
f 1017//1017 1141//1141 1019//1019
f 1140//1140 1141//1141 1017//1017
f 1019//1019 1142//1142 1021//1021
f 1141//1141 1142//1142 1019//1019
f 1024//1024 1142//1142 1143//1143
f 1021//1021 1142//1142 1024//1024
f 1143//1143 1026//1026 1024//1024
f 1143//1143 1144//1144 1026//1026
f 1026//1026 1145//1145 1027//1027
f 1144//1144 1145//1145 1026//1026
f 1027//1027 1146//1146 1029//1029
f 1145//1145 1146//1146 1027//1027
f 1029//1029 1147//1147 1031//1031
f 1146//1146 1147//1147 1029//1029
f 1031//1031 1148//1148 1033//1033
f 1147//1147 1148//1148 1031//1031
f 1033//1033 1149//1149 1035//1035
f 1148//1148 1149//1149 1033//1033
f 1149//1149 1037//1037 1035//1035
f 1149//1149 1150//1150 1037//1037
f 1150//1150 1151//1151 1037//1037
f 1151//1151 1039//1039 1037//1037
f 1151//1151 1152//1152 1039//1039
f 1039//1039 1152//1152 1042//1042
f 1042//1042 1153//1153 1043//1043
f 1152//1152 1153//1153 1042//1042
f 1043//1043 1154//1154 1045//1045
f 1153//1153 1154//1154 1043//1043
f 1045//1045 1155//1155 1047//1047
f 1154//1154 1155//1155 1045//1045
f 1047//1047 1156//1156 1049//1049
f 1155//1155 1156//1156 1047//1047
f 1049//1049 1157//1157 1051//1051
f 1156//1156 1157//1157 1049//1049
f 1051//1051 1158//1158 1053//1053
f 1157//1157 1158//1158 1051//1051
f 1158//1158 1055//1055 1053//1053
f 1159//1159 1055//1055 1158//1158
f 1055//1055 1159//1159 1063//1063
f 1063//1063 1160//1160 1062//1062
f 1159//1159 1160//1160 1063//1063
f 1062//1062 1161//1161 1059//1059
f 1160//1160 1161//1161 1062//1062
f 1161//1161 1162//1162 1059//1059
f 1059//1059 1163//1163 1057//1057
f 1162//1162 1163//1163 1059//1059
f 1163//1163 1164//1164 1057//1057
f 1164//1164 1066//1066 1057//1057
f 1066//1066 1164//1164 1074//1074
f 1074//1074 1165//1165 1072//1072
f 1164//1164 1165//1165 1074//1074
f 1072//1072 1166//1166 1069//1069
f 1165//1165 1166//1166 1072//1072
f 1069//1069 1167//1167 1067//1067
f 1166//1166 1167//1167 1069//1069
f 1167//1167 1168//1168 1067//1067
f 1008//1008 1067//1067 1135//1135
f 1067//1067 1168//1168 1135//1135
f 111//111 1169//1169 112//112
f 112//112 1169//1169 1075//1075
f 1075//1075 1170//1170 1077//1077
f 1169//1169 1170//1170 1075//1075
f 1077//1077 1171//1171 1079//1079
f 1170//1170 1171//1171 1077//1077
f 1079//1079 1172//1172 1081//1081
f 1171//1171 1172//1172 1079//1079
f 1081//1081 1173//1173 1083//1083
f 1172//1172 1173//1173 1081//1081
f 1083//1083 1174//1174 1086//1086
f 1173//1173 1174//1174 1083//1083
f 1086//1086 1175//1175 1087//1087
f 1174//1174 1175//1175 1086//1086
f 1087//1087 1176//1176 1089//1089
f 1175//1175 1176//1176 1087//1087
f 1089//1089 1177//1177 1092//1092
f 1176//1176 1177//1177 1089//1089
f 1092//1092 1178//1178 1093//1093
f 1177//1177 1178//1178 1092//1092
f 1093//1093 1179//1179 1095//1095
f 1178//1178 1179//1179 1093//1093
f 1095//1095 1180//1180 1098//1098
f 1098//1098 1180//1180 87//87
f 1179//1179 1180//1180 1095//1095
f 1180//1180 85//85 87//87
f 83//83 1181//1181 84//84
f 84//84 1181//1181 1099//1099
f 1099//1099 1182//1182 1101//1101
f 1181//1181 1182//1182 1099//1099
f 1101//1101 1183//1183 1103//1103
f 1182//1182 1183//1183 1101//1101
f 1103//1103 1184//1184 1105//1105
f 1183//1183 1184//1184 1103//1103
f 1105//1105 1185//1185 1107//1107
f 1184//1184 1185//1185 1105//1105
f 1107//1107 1186//1186 1110//1110
f 1185//1185 1186//1186 1107//1107
f 1110//1110 1187//1187 1111//1111
f 1186//1186 1187//1187 1110//1110
f 1111//1111 1188//1188 1113//1113
f 1187//1187 1188//1188 1111//1111
f 1113//1113 1189//1189 1116//1116
f 1188//1188 1189//1189 1113//1113
f 1116//1116 1190//1190 1117//1117
f 1189//1189 1190//1190 1116//1116
f 1117//1117 1191//1191 1119//1119
f 1190//1190 1191//1191 1117//1117
f 1119//1119 1192//1192 1122//1122
f 1122//1122 1192//1192 59//59
f 1191//1191 1192//1192 1119//1119
f 1192//1192 57//57 59//59
f 427//427 1193//1193 1194//1194
f 425//425 1195//1195 1193//1193
f 425//425 1193//1193 427//427
f 429//429 1194//1194 1196//1196
f 429//429 427//427 1194//1194
f 423//423 1197//1197 1195//1195
f 423//423 1195//1195 425//425
f 431//431 429//429 1196//1196
f 431//431 1196//1196 1198//1198
f 421//421 1197//1197 423//423
f 421//421 1199//1199 1197//1197
f 433//433 431//431 1198//1198
f 433//433 1198//1198 1200//1200
f 419//419 1199//1199 421//421
f 1201//1201 1199//1199 419//419
f 417//417 1201//1201 419//419
f 435//435 433//433 1200//1200
f 435//435 1200//1200 1202//1202
f 437//437 1202//1202 1203//1203
f 437//437 435//435 1202//1202
f 416//416 1201//1201 417//417
f 416//416 1204//1204 1201//1201
f 1205//1205 1204//1204 416//416
f 439//439 1203//1203 1206//1206
f 439//439 437//437 1203//1203
f 493//493 1205//1205 416//416
f 493//493 1207//1207 1205//1205
f 441//441 1206//1206 1208//1208
f 441//441 439//439 1206//1206
f 491//491 1207//1207 493//493
f 1209//1209 1207//1207 491//491
f 443//443 441//441 1208//1208
f 1210//1210 443//443 1208//1208
f 489//489 1209//1209 491//491
f 445//445 443//443 1210//1210
f 1211//1211 1209//1209 489//489
f 1212//1212 445//445 1210//1210
f 487//487 1211//1211 489//489
f 447//447 445//445 1212//1212
f 1213//1213 1211//1211 487//487
f 1214//1214 447//447 1212//1212
f 485//485 1213//1213 487//487
f 449//449 447//447 1214//1214
f 1215//1215 1213//1213 485//485
f 483//483 1215//1215 485//485
f 1216//1216 449//449 1214//1214
f 451//451 449//449 1216//1216
f 1217//1217 1215//1215 483//483
f 1217//1217 483//483 481//481
f 1218//1218 453//453 451//451
f 1218//1218 451//451 1216//1216
f 1219//1219 481//481 477//477
f 1219//1219 1217//1217 481//481
f 1220//1220 453//453 1218//1218
f 455//455 453//453 1220//1220
f 1221//1221 477//477 479//479
f 1221//1221 1219//1219 477//477
f 1222//1222 455//455 1220//1220
f 1223//1223 479//479 475//475
f 1223//1223 1221//1221 479//479
f 1224//1224 455//455 1222//1222
f 1224//1224 457//457 455//455
f 459//459 457//457 1224//1224
f 1225//1225 475//475 473//473
f 1225//1225 1223//1223 475//475
f 1226//1226 459//459 1224//1224
f 1226//1226 461//461 459//459
f 1227//1227 1225//1225 473//473
f 1227//1227 473//473 471//471
f 1228//1228 461//461 1226//1226
f 1228//1228 463//463 461//461
f 1229//1229 1227//1227 471//471
f 1229//1229 471//471 469//469
f 1230//1230 463//463 1228//1228
f 1230//1230 465//465 463//463
f 1231//1231 1229//1229 469//469
f 1231//1231 469//469 467//467
f 1232//1232 465//465 1230//1230
f 1232//1232 1231//1231 467//467
f 1232//1232 467//467 465//465
f 1221//1221 1233//1233 1219//1219
f 1234//1234 1233//1233 1221//1221
f 1219//1219 1235//1235 1217//1217
f 1233//1233 1235//1235 1219//1219
f 1217//1217 1236//1236 1215//1215
f 1235//1235 1236//1236 1217//1217
f 1215//1215 1237//1237 1213//1213
f 1236//1236 1237//1237 1215//1215
f 1213//1213 1238//1238 1211//1211
f 1237//1237 1238//1238 1213//1213
f 1211//1211 1239//1239 1209//1209
f 1209//1209 1239//1239 1207//1207
f 1238//1238 1239//1239 1211//1211
f 1239//1239 1240//1240 1207//1207
f 1207//1207 1241//1241 1205//1205
f 1240//1240 1241//1241 1207//1207
f 1205//1205 1242//1242 1204//1204
f 1241//1241 1242//1242 1205//1205
f 1201//1201 295//295 297//297
f 1201//1201 293//293 295//295
f 297//297 299//299 1201//1201
f 299//299 301//301 1201//1201
f 1201//1201 289//289 293//293
f 1201//1201 290//290 289//289
f 301//301 287//287 1201//1201
f 287//287 1243//1243 1201//1201
f 287//287 272//272 1243//1243
f 272//272 271//271 1243//1243
f 271//271 275//275 1243//1243
f 275//275 277//277 1243//1243
f 277//277 279//279 1243//1243
f 279//279 281//281 1243//1243
f 281//281 283//283 1243//1243
f 283//283 285//285 1243//1243
f 290//290 1204//1204 304//304
f 305//305 1204//1204 306//306
f 309//309 1204//1204 305//305
f 311//311 1204//1204 309//309
f 313//313 1204//1204 311//311
f 315//315 1204//1204 313//313
f 317//317 1204//1204 315//315
f 304//304 1204//1204 317//317
f 1201//1201 1204//1204 290//290
f 306//306 1242//1242 320//320
f 321//321 1242//1242 322//322
f 325//325 1242//1242 321//321
f 327//327 1242//1242 325//325
f 329//329 1242//1242 327//327
f 331//331 1242//1242 329//329
f 333//333 1242//1242 331//331
f 320//320 1242//1242 333//333
f 322//322 1242//1242 285//285
f 285//285 1242//1242 1243//1243
f 1204//1204 1242//1242 306//306
f 1201//1201 1244//1244 1199//1199
f 1243//1243 1244//1244 1201//1201
f 1199//1199 1245//1245 1197//1197
f 1244//1244 1245//1245 1199//1199
f 1197//1197 1246//1246 1195//1195
f 1245//1245 1246//1246 1197//1197
f 1195//1195 1247//1247 1193//1193
f 1246//1246 1247//1247 1195//1195
f 1193//1193 1248//1248 1194//1194
f 1247//1247 1248//1248 1193//1193
f 1194//1194 1249//1249 1196//1196
f 1248//1248 1249//1249 1194//1194
f 1196//1196 1250//1250 1198//1198
f 1249//1249 1250//1250 1196//1196
f 1198//1198 1251//1251 1200//1200
f 1250//1250 1251//1251 1198//1198
f 1200//1200 1252//1252 1202//1202
f 1251//1251 1252//1252 1200//1200
f 134//134 131//131 1252//1252
f 1252//1252 135//135 134//134
f 131//131 129//129 1252//1252
f 1252//1252 137//137 135//135
f 129//129 127//127 1252//1252
f 1252//1252 125//125 1202//1202
f 127//127 125//125 1252//1252
f 125//125 123//123 1202//1202
f 123//123 121//121 1202//1202
f 121//121 119//119 1202//1202
f 119//119 117//117 1202//1202
f 117//117 114//114 1202//1202
f 139//139 1253//1253 1123//1123
f 1123//1123 1253//1253 1124//1124
f 1124//1124 1253//1253 1125//1125
f 1125//1125 1253//1253 1126//1126
f 1126//1126 1253//1253 1127//1127
f 1127//1127 1253//1253 1128//1128
f 1128//1128 1203//1203 1129//1129
f 1129//1129 1203//1203 1130//1130
f 1130//1130 1203//1203 1131//1131
f 1131//1131 1203//1203 1132//1132
f 1132//1132 1203//1203 1133//1133
f 1133//1133 1203//1203 1134//1134
f 1134//1134 1203//1203 113//113
f 1253//1253 1203//1203 1128//1128
f 1203//1203 1202//1202 113//113
f 113//113 1202//1202 114//114
f 1252//1252 1253//1253 139//139
f 1252//1252 139//139 137//137
f 1203//1203 1254//1254 1206//1206
f 1253//1253 1254//1254 1203//1203
f 1206//1206 1255//1255 1208//1208
f 1254//1254 1255//1255 1206//1206
f 1208//1208 1256//1256 1210//1210
f 1255//1255 1256//1256 1208//1208
f 1210//1210 1257//1257 1212//1212
f 1256//1256 1257//1257 1210//1210
f 1212//1212 1258//1258 1214//1214
f 1257//1257 1258//1258 1212//1212
f 1214//1214 1259//1259 1216//1216
f 1258//1258 1259//1259 1214//1214
f 1216//1216 1260//1260 1218//1218
f 1259//1259 1260//1260 1216//1216
f 1218//1218 1261//1261 1220//1220
f 1260//1260 1261//1261 1218//1218
f 1220//1220 1262//1262 1222//1222
f 1261//1261 1262//1262 1220//1220
f 105//105 103//103 1262//1262
f 1262//1262 107//107 105//105
f 103//103 102//102 1262//1262
f 1262//1262 109//109 107//107
f 102//102 99//99 1262//1262
f 1262//1262 111//111 109//109
f 99//99 97//97 1262//1262
f 1169//1169 1146//1146 1170//1170
f 1262//1262 1147//1147 111//111
f 1169//1169 1147//1147 1146//1146
f 111//111 1147//1147 1169//1169
f 1146//1146 1145//1145 1170//1170
f 1170//1170 1145//1145 1171//1171
f 1262//1262 1148//1148 1147//1147
f 1262//1262 1149//1149 1148//1148
f 1145//1145 1144//1144 1171//1171
f 1171//1171 1144//1144 1172//1172
f 1172//1172 1144//1144 1173//1173
f 1262//1262 1150//1150 1149//1149
f 1144//1144 1143//1143 1173//1173
f 1173//1173 1143//1143 1174//1174
f 1143//1143 1142//1142 1174//1174
f 1174//1174 1142//1142 1175//1175
f 1175//1175 1142//1142 1176//1176
f 1142//1142 1141//1141 1176//1176
f 1176//1176 1141//1141 1177//1177
f 1177//1177 1141//1141 1178//1178
f 97//97 1222//1222 1262//1262
f 85//85 1222//1222 86//86
f 86//86 1222//1222 89//89
f 89//89 1222//1222 91//91
f 91//91 1222//1222 93//93
f 93//93 1222//1222 95//95
f 95//95 1222//1222 97//97
f 1178//1178 1140//1140 1179//1179
f 1141//1141 1140//1140 1178//1178
f 1179//1179 1139//1139 1180//1180
f 1140//1140 1139//1139 1179//1179
f 85//85 1138//1138 1222//1222
f 1180//1180 1138//1138 85//85
f 1139//1139 1138//1138 1180//1180
f 1138//1138 1137//1137 1222//1222
f 1137//1137 1136//1136 1222//1222
f 1136//1136 1135//1135 1222//1222
f 1135//1135 1168//1168 1222//1222
f 1156//1156 77//77 1157//1157
f 77//77 75//75 1157//1157
f 1156//1156 79//79 77//77
f 1155//1155 79//79 1156//1156
f 75//75 74//74 1157//1157
f 1157//1157 74//74 1158//1158
f 1155//1155 81//81 79//79
f 1154//1154 81//81 1155//1155
f 1158//1158 71//71 1159//1159
f 1159//1159 71//71 1160//1160
f 74//74 71//71 1158//1158
f 1154//1154 83//83 81//81
f 1160//1160 69//69 1161//1161
f 71//71 69//69 1160//1160
f 1161//1161 67//67 1162//1162
f 69//69 67//67 1161//1161
f 67//67 65//65 1162//1162
f 1162//1162 65//65 1163//1163
f 65//65 63//63 1163//1163
f 83//83 1263//1263 1181//1181
f 1181//1181 1263//1263 1182//1182
f 1182//1182 1263//1263 1183//1183
f 1151//1151 1263//1263 1152//1152
f 1152//1152 1263//1263 1153//1153
f 1153//1153 1263//1263 1154//1154
f 1154//1154 1263//1263 83//83
f 1263//1263 1184//1184 1183//1183
f 63//63 61//61 1163//1163
f 1163//1163 61//61 1164//1164
f 1263//1263 1185//1185 1184//1184
f 61//61 58//58 1164//1164
f 1164//1164 58//58 1165//1165
f 1263//1263 1186//1186 1185//1185
f 58//58 57//57 1165//1165
f 1263//1263 1187//1187 1186//1186
f 1187//1187 1224//1224 1188//1188
f 1188//1188 1224//1224 1189//1189
f 1189//1189 1224//1224 1190//1190
f 1190//1190 1224//1224 1191//1191
f 1191//1191 1224//1224 1192//1192
f 1192//1192 1224//1224 57//57
f 57//57 1224//1224 1165//1165
f 1263//1263 1224//1224 1187//1187
f 1165//1165 1224//1224 1166//1166
f 1166//1166 1224//1224 1167//1167
f 1167//1167 1224//1224 1168//1168
f 1168//1168 1224//1224 1222//1222
f 1262//1262 1263//1263 1150//1150
f 1150//1150 1263//1263 1151//1151
f 1224//1224 1264//1264 1226//1226
f 1263//1263 1264//1264 1224//1224
f 1226//1226 1265//1265 1228//1228
f 1264//1264 1265//1265 1226//1226
f 1228//1228 1266//1266 1230//1230
f 1265//1265 1266//1266 1228//1228
f 1230//1230 1267//1267 1232//1232
f 1266//1266 1267//1267 1230//1230
f 1232//1232 1268//1268 1231//1231
f 1267//1267 1268//1268 1232//1232
f 1231//1231 1269//1269 1229//1229
f 1268//1268 1269//1269 1231//1231
f 1229//1229 1270//1270 1227//1227
f 1269//1269 1270//1270 1229//1229
f 1227//1227 1271//1271 1225//1225
f 1270//1270 1271//1271 1227//1227
f 1225//1225 1272//1272 1223//1223
f 1271//1271 1272//1272 1225//1225
f 1223//1223 1272//1272 1221//1221
f 1221//1221 1272//1272 1234//1234
f 150//150 148//148 149//149
f 153//153 151//151 152//152
f 1112//1112 1114//1114 1115//1115
f 154//154 151//151 153//153
f 1100//1100 150//150 151//151
f 1100//1100 151//151 154//154
f 1108//1108 1109//1109 1112//1112
f 1104//1104 1100//1100 1102//1102
f 1104//1104 1106//1106 1108//1108
f 1104//1104 1115//1115 1118//1118
f 1104//1104 1118//1118 1120//1120
f 1104//1104 1120//1120 1121//1121
f 1104//1104 1121//1121 141//141
f 1104//1104 141//141 142//142
f 1104//1104 142//142 143//143
f 1104//1104 143//143 144//144
f 1104//1104 144//144 145//145
f 1104//1104 145//145 146//146
f 1104//1104 146//146 147//147
f 1104//1104 147//147 148//148
f 1104//1104 148//148 150//150
f 1104//1104 150//150 1100//1100
f 1104//1104 1112//1112 1115//1115
f 1104//1104 1108//1108 1112//1112
f 164//164 162//162 163//163
f 167//167 165//165 166//166
f 1088//1088 1090//1090 1091//1091
f 168//168 165//165 167//167
f 1076//1076 164//164 165//165
f 1076//1076 165//165 168//168
f 1084//1084 1085//1085 1088//1088
f 1080//1080 1076//1076 1078//1078
f 1080//1080 1082//1082 1084//1084
f 1080//1080 1091//1091 1094//1094
f 1080//1080 1094//1094 1096//1096
f 1080//1080 1096//1096 1097//1097
f 1080//1080 1097//1097 155//155
f 1080//1080 155//155 156//156
f 1080//1080 156//156 157//157
f 1080//1080 157//157 158//158
f 1080//1080 158//158 159//159
f 1080//1080 159//159 160//160
f 1080//1080 160//160 161//161
f 1080//1080 161//161 162//162
f 1080//1080 162//162 164//164
f 1080//1080 164//164 1076//1076
f 1080//1080 1088//1088 1091//1091
f 1080//1080 1084//1084 1088//1088
f 1273//1273 1274//1274 1252//1252
f 1273//1273 1252//1252 1251//1251
f 1275//1275 1276//1276 1274//1274
f 1275//1275 1277//1277 1276//1276
f 1275//1275 1274//1274 1273//1273
f 1278//1278 1275//1275 1273//1273
f 1279//1279 1273//1273 1251//1251
f 1280//1280 1278//1278 1273//1273
f 1280//1280 1273//1273 1279//1279
f 1281//1281 1282//1282 1277//1277
f 1281//1281 1283//1283 1282//1282
f 1284//1284 1281//1281 1277//1277
f 1284//1284 1277//1277 1275//1275
f 1284//1284 1275//1275 1278//1278
f 1285//1285 1286//1286 1283//1283
f 1285//1285 1283//1283 1281//1281
f 1287//1287 1285//1285 1281//1281
f 1287//1287 1281//1281 1284//1284
f 1288//1288 1285//1285 1287//1287
f 1289//1289 218//218 1286//1286
f 1289//1289 216//216 218//218
f 1289//1289 1285//1285 1288//1288
f 1289//1289 1286//1286 1285//1285
f 1290//1290 1291//1291 1292//1292
f 1293//1293 1287//1287 1284//1284
f 1293//1293 1284//1284 1294//1294
f 1293//1293 1291//1291 1290//1290
f 1293//1293 1294//1294 1291//1291
f 1295//1295 1292//1292 1296//1296
f 1295//1295 1290//1290 1292//1292
f 1297//1297 1290//1290 1295//1295
f 1297//1297 1293//1293 1290//1290
f 1298//1298 1295//1295 1296//1296
f 1299//1299 1298//1298 1296//1296
f 1299//1299 1296//1296 1300//1300
f 1301//1301 1295//1295 1298//1298
f 1301//1301 1298//1298 1299//1299
f 1301//1301 1297//1297 1295//1295
f 1302//1302 1299//1299 1300//1300
f 1302//1302 1301//1301 1299//1299
f 1303//1303 1302//1302 1300//1300
f 1304//1304 1302//1302 1303//1303
f 1305//1305 1304//1304 1303//1303
f 1305//1305 1303//1303 1306//1306
f 1307//1307 1304//1304 1305//1305
f 1307//1307 1302//1302 1304//1304
f 1307//1307 1301//1301 1302//1302
f 1308//1308 1305//1305 1306//1306
f 1309//1309 1308//1308 1306//1306
f 1309//1309 1306//1306 1310//1310
f 1311//1311 1307//1307 1305//1305
f 1311//1311 1305//1305 1308//1308
f 1311//1311 1308//1308 1309//1309
f 1312//1312 1244//1244 1243//1243
f 1312//1312 1243//1243 1313//1313
f 1314//1314 1309//1309 1310//1310
f 1315//1315 1313//1313 1316//1316
f 1315//1315 1312//1312 1313//1313
f 1315//1315 1317//1317 1312//1312
f 1315//1315 1318//1318 1317//1317
f 1319//1319 1320//1320 1321//1321
f 1319//1319 1316//1316 1320//1320
f 1319//1319 1315//1315 1316//1316
f 1319//1319 1321//1321 1322//1322
f 1319//1319 1318//1318 1315//1315
f 1323//1323 1324//1324 219//219
f 1323//1323 219//219 217//217
f 1323//1323 1325//1325 1322//1322
f 1323//1323 217//217 1326//1326
f 1323//1323 1326//1326 1325//1325
f 1327//1327 1328//1328 1324//1324
f 1327//1327 1321//1321 1328//1328
f 1327//1327 1324//1324 1323//1323
f 1327//1327 1322//1322 1321//1321
f 1327//1327 1323//1323 1322//1322
f 1329//1329 1280//1280 1279//1279
f 1330//1330 1251//1251 1250//1250
f 1330//1330 1279//1279 1251//1251
f 1330//1330 1329//1329 1279//1279
f 1331//1331 1329//1329 1330//1330
f 1332//1332 1329//1329 1331//1331
f 1332//1332 1331//1331 1292//1292
f 1333//1333 1280//1280 1329//1329
f 1333//1333 1329//1329 1332//1332
f 1334//1334 1280//1280 1333//1333
f 1334//1334 1278//1278 1280//1280
f 1334//1334 1294//1294 1284//1284
f 1334//1334 1284//1284 1278//1278
f 1335//1335 1330//1330 1250//1250
f 1335//1335 1292//1292 1331//1331
f 1335//1335 1331//1331 1330//1330
f 1336//1336 1335//1335 1250//1250
f 1336//1336 1250//1250 1249//1249
f 1337//1337 1292//1292 1291//1291
f 1337//1337 1294//1294 1334//1334
f 1337//1337 1334//1334 1333//1333
f 1337//1337 1333//1333 1332//1332
f 1337//1337 1291//1291 1294//1294
f 1337//1337 1332//1332 1292//1292
f 1338//1338 1335//1335 1336//1336
f 1338//1338 1292//1292 1335//1335
f 1338//1338 1336//1336 1249//1249
f 1339//1339 1296//1296 1292//1292
f 1339//1339 1292//1292 1338//1338
f 1340//1340 1296//1296 1339//1339
f 1340//1340 1338//1338 1249//1249
f 1340//1340 1339//1339 1338//1338
f 1341//1341 1249//1249 1248//1248
f 1341//1341 1340//1340 1249//1249
f 1342//1342 1341//1341 1248//1248
f 1342//1342 1340//1340 1341//1341
f 1342//1342 1296//1296 1340//1340
f 1343//1343 1296//1296 1342//1342
f 1343//1343 1300//1300 1296//1296
f 1344//1344 1342//1342 1248//1248
f 1344//1344 1343//1343 1342//1342
f 1344//1344 1300//1300 1343//1343
f 1345//1345 1248//1248 1247//1247
f 1345//1345 1344//1344 1248//1248
f 1346//1346 216//216 1289//1289
f 1346//1346 1288//1288 1287//1287
f 1346//1346 1287//1287 1293//1293
f 1346//1346 1289//1289 1288//1288
f 1347//1347 1345//1345 1247//1247
f 1347//1347 1300//1300 1344//1344
f 1347//1347 1344//1344 1345//1345
f 1348//1348 1346//1346 1293//1293
f 1349//1349 1348//1348 1293//1293
f 1349//1349 1293//1293 1297//1297
f 1350//1350 212//212 216//216
f 1350//1350 1348//1348 212//212
f 1350//1350 1346//1346 1348//1348
f 1350//1350 216//216 1346//1346
f 1351//1351 1247//1247 1246//1246
f 1352//1352 1303//1303 1300//1300
f 1352//1352 1300//1300 1347//1347
f 1353//1353 1303//1303 1352//1352
f 1353//1353 1247//1247 1351//1351
f 1353//1353 1347//1347 1247//1247
f 1353//1353 1352//1352 1347//1347
f 1354//1354 1349//1349 1297//1297
f 1354//1354 212//212 1348//1348
f 1354//1354 1348//1348 1349//1349
f 1355//1355 1351//1351 1246//1246
f 1355//1355 1303//1303 1353//1353
f 1355//1355 1353//1353 1351//1351
f 1356//1356 213//213 212//212
f 1356//1356 212//212 1354//1354
f 1357//1357 213//213 1356//1356
f 1357//1357 1354//1354 1297//1297
f 1357//1357 1356//1356 1354//1354
f 1358//1358 1357//1357 1297//1297
f 1358//1358 1297//1297 1301//1301
f 1359//1359 1246//1246 1245//1245
f 1360//1360 1355//1355 1246//1246
f 1360//1360 1246//1246 1359//1359
f 1361//1361 1303//1303 1355//1355
f 1361//1361 1355//1355 1360//1360
f 1361//1361 1360//1360 1306//1306
f 1361//1361 1306//1306 1303//1303
f 1362//1362 213//213 1357//1357
f 1362//1362 1358//1358 1301//1301
f 1362//1362 1357//1357 1358//1358
f 1363//1363 1360//1360 1359//1359
f 1363//1363 1359//1359 1245//1245
f 1364//1364 1363//1363 1245//1245
f 1365//1365 1245//1245 1244//1244
f 1365//1365 1364//1364 1245//1245
f 1366//1366 1310//1310 1306//1306
f 1366//1366 1306//1306 1360//1360
f 1366//1366 1360//1360 1363//1363
f 1366//1366 1363//1363 1364//1364
f 1367//1367 211//211 213//213
f 1367//1367 213//213 1362//1362
f 1368//1368 211//211 1367//1367
f 1368//1368 1362//1362 1301//1301
f 1368//1368 1367//1367 1362//1362
f 1369//1369 1368//1368 1301//1301
f 1369//1369 1301//1301 1307//1307
f 1370//1370 1364//1364 1365//1365
f 1370//1370 1365//1365 1244//1244
f 1370//1370 1310//1310 1366//1366
f 1370//1370 1366//1366 1364//1364
f 1371//1371 211//211 1368//1368
f 1371//1371 1369//1369 1307//1307
f 1371//1371 1368//1368 1369//1369
f 1372//1372 1370//1370 1244//1244
f 1372//1372 1312//1312 1317//1317
f 1372//1372 1244//1244 1312//1312
f 1373//1373 211//211 1371//1371
f 1373//1373 214//214 211//211
f 1374//1374 1371//1371 1307//1307
f 1374//1374 1373//1373 1371//1371
f 1374//1374 214//214 1373//1373
f 1375//1375 1374//1374 1307//1307
f 1375//1375 1307//1307 1311//1311
f 1376//1376 214//214 1374//1374
f 1376//1376 1374//1374 1375//1375
f 1376//1376 1375//1375 1311//1311
f 1377//1377 1311//1311 1309//1309
f 1377//1377 1309//1309 1314//1314
f 1378//1378 214//214 1376//1376
f 1378//1378 215//215 214//214
f 1379//1379 1376//1376 1311//1311
f 1379//1379 1378//1378 1376//1376
f 1379//1379 215//215 1378//1378
f 1380//1380 1379//1379 1311//1311
f 1380//1380 1311//1311 1377//1377
f 1381//1381 1325//1325 1380//1380
f 1381//1381 1380//1380 1377//1377
f 1381//1381 1314//1314 1322//1322
f 1381//1381 1377//1377 1314//1314
f 1381//1381 1322//1322 1325//1325
f 1382//1382 217//217 215//215
f 1382//1382 1379//1379 1380//1380
f 1382//1382 215//215 1379//1379
f 1382//1382 1380//1380 1325//1325
f 1382//1382 1326//1326 217//217
f 1382//1382 1325//1325 1326//1326
f 1383//1383 1310//1310 1370//1370
f 1383//1383 1370//1370 1372//1372
f 1383//1383 1314//1314 1310//1310
f 1383//1383 1322//1322 1314//1314
f 1384//1384 1322//1322 1383//1383
f 1384//1384 1383//1383 1372//1372
f 1385//1385 1372//1372 1317//1317
f 1385//1385 1384//1384 1372//1372
f 1385//1385 1322//1322 1384//1384
f 1385//1385 1317//1317 1318//1318
f 1385//1385 1319//1319 1322//1322
f 1385//1385 1318//1318 1319//1319
f 1386//1386 219//219 1324//1324
f 1386//1386 220//220 219//219
f 1387//1387 1324//1324 1328//1328
f 1387//1387 1386//1386 1324//1324
f 1388//1388 1328//1328 1321//1321
f 1388//1388 1387//1387 1328//1328
f 1389//1389 1321//1321 1320//1320
f 1389//1389 1320//1320 1316//1316
f 1389//1389 1388//1388 1321//1321
f 1390//1390 1389//1389 1316//1316
f 1391//1391 1316//1316 1313//1313
f 1391//1391 1390//1390 1316//1316
f 1242//1242 1313//1313 1243//1243
f 1242//1242 1391//1391 1313//1313
f 1286//1286 218//218 245//245
f 1286//1286 245//245 1392//1392
f 1283//1283 1392//1392 1393//1393
f 1283//1283 1286//1286 1392//1392
f 1282//1282 1393//1393 1394//1394
f 1282//1282 1283//1283 1393//1393
f 1277//1277 1395//1395 1396//1396
f 1277//1277 1394//1394 1395//1395
f 1277//1277 1282//1282 1394//1394
f 1276//1276 1277//1277 1396//1396
f 1274//1274 1396//1396 1397//1397
f 1274//1274 1276//1276 1396//1396
f 1252//1252 1397//1397 1253//1253
f 1252//1252 1274//1274 1397//1397
f 1398//1398 1391//1391 1242//1242
f 1398//1398 1242//1242 1241//1241
f 1399//1399 1389//1389 1390//1390
f 1399//1399 1390//1390 1391//1391
f 1399//1399 1391//1391 1398//1398
f 1400//1400 1399//1399 1398//1398
f 1401//1401 1398//1398 1241//1241
f 1402//1402 1400//1400 1398//1398
f 1402//1402 1398//1398 1401//1401
f 1403//1403 1387//1387 1388//1388
f 1403//1403 1388//1388 1389//1389
f 1404//1404 1389//1389 1399//1399
f 1404//1404 1399//1399 1400//1400
f 1404//1404 1403//1403 1389//1389
f 1405//1405 1386//1386 1387//1387
f 1405//1405 1387//1387 1403//1403
f 1406//1406 1405//1405 1403//1403
f 1406//1406 1403//1403 1404//1404
f 1407//1407 1405//1405 1406//1406
f 1408//1408 220//220 1386//1386
f 1408//1408 237//237 220//220
f 1408//1408 1405//1405 1407//1407
f 1408//1408 1386//1386 1405//1405
f 1409//1409 1410//1410 1411//1411
f 1412//1412 1406//1406 1404//1404
f 1412//1412 1404//1404 1413//1413
f 1412//1412 1410//1410 1409//1409
f 1412//1412 1413//1413 1410//1410
f 1414//1414 1411//1411 1415//1415
f 1414//1414 1409//1409 1411//1411
f 1416//1416 1409//1409 1414//1414
f 1416//1416 1412//1412 1409//1409
f 1417//1417 1414//1414 1415//1415
f 1418//1418 1417//1417 1415//1415
f 1418//1418 1415//1415 1419//1419
f 1420//1420 1416//1416 1414//1414
f 1420//1420 1414//1414 1417//1417
f 1420//1420 1417//1417 1418//1418
f 1421//1421 1418//1418 1419//1419
f 1421//1421 1420//1420 1418//1418
f 1422//1422 1421//1421 1419//1419
f 1423//1423 1421//1421 1422//1422
f 1424//1424 1423//1423 1422//1422
f 1424//1424 1422//1422 1425//1425
f 1426//1426 1423//1423 1424//1424
f 1426//1426 1421//1421 1423//1423
f 1426//1426 1420//1420 1421//1421
f 1427//1427 1424//1424 1425//1425
f 1428//1428 1427//1427 1425//1425
f 1428//1428 1425//1425 1429//1429
f 1430//1430 1426//1426 1424//1424
f 1430//1430 1424//1424 1427//1427
f 1430//1430 1427//1427 1428//1428
f 1431//1431 1233//1233 1234//1234
f 1431//1431 1234//1234 1432//1432
f 1433//1433 1428//1428 1429//1429
f 1434//1434 1432//1432 1435//1435
f 1434//1434 1431//1431 1432//1432
f 1434//1434 1436//1436 1431//1431
f 1434//1434 1437//1437 1436//1436
f 1438//1438 1439//1439 1440//1440
f 1438//1438 1435//1435 1439//1439
f 1438//1438 1440//1440 1441//1441
f 1438//1438 1437//1437 1434//1434
f 1438//1438 1434//1434 1435//1435
f 1442//1442 1443//1443 242//242
f 1442//1442 242//242 241//241
f 1442//1442 1444//1444 1441//1441
f 1442//1442 241//241 1445//1445
f 1442//1442 1445//1445 1444//1444
f 1446//1446 1447//1447 1443//1443
f 1446//1446 1440//1440 1447//1447
f 1446//1446 1443//1443 1442//1442
f 1446//1446 1441//1441 1440//1440
f 1446//1446 1442//1442 1441//1441
f 1448//1448 1402//1402 1401//1401
f 1449//1449 1241//1241 1240//1240
f 1449//1449 1401//1401 1241//1241
f 1449//1449 1448//1448 1401//1401
f 1450//1450 1448//1448 1449//1449
f 1451//1451 1450//1450 1411//1411
f 1451//1451 1448//1448 1450//1450
f 1452//1452 1448//1448 1451//1451
f 1452//1452 1402//1402 1448//1448
f 1453//1453 1402//1402 1452//1452
f 1453//1453 1413//1413 1404//1404
f 1453//1453 1400//1400 1402//1402
f 1453//1453 1404//1404 1400//1400
f 1454//1454 1449//1449 1240//1240
f 1454//1454 1411//1411 1450//1450
f 1454//1454 1450//1450 1449//1449
f 1455//1455 1454//1454 1240//1240
f 1455//1455 1240//1240 1239//1239
f 1456//1456 1411//1411 1410//1410
f 1456//1456 1453//1453 1452//1452
f 1456//1456 1413//1413 1453//1453
f 1456//1456 1452//1452 1451//1451
f 1456//1456 1410//1410 1413//1413
f 1456//1456 1451//1451 1411//1411
f 1457//1457 1454//1454 1455//1455
f 1457//1457 1411//1411 1454//1454
f 1457//1457 1455//1455 1239//1239
f 1458//1458 1415//1415 1411//1411
f 1458//1458 1411//1411 1457//1457
f 1459//1459 1415//1415 1458//1458
f 1459//1459 1457//1457 1239//1239
f 1459//1459 1458//1458 1457//1457
f 1460//1460 1239//1239 1238//1238
f 1460//1460 1459//1459 1239//1239
f 1461//1461 1460//1460 1238//1238
f 1461//1461 1459//1459 1460//1460
f 1461//1461 1415//1415 1459//1459
f 1462//1462 1415//1415 1461//1461
f 1462//1462 1419//1419 1415//1415
f 1463//1463 1419//1419 1462//1462
f 1463//1463 1462//1462 1461//1461
f 1463//1463 1461//1461 1238//1238
f 1464//1464 1238//1238 1237//1237
f 1464//1464 1463//1463 1238//1238
f 1465//1465 237//237 1408//1408
f 1465//1465 1407//1407 1406//1406
f 1465//1465 1406//1406 1412//1412
f 1465//1465 1408//1408 1407//1407
f 1466//1466 1464//1464 1237//1237
f 1466//1466 1419//1419 1463//1463
f 1466//1466 1463//1463 1464//1464
f 1467//1467 1465//1465 1412//1412
f 1468//1468 1412//1412 1416//1416
f 1468//1468 1467//1467 1412//1412
f 1469//1469 233//233 237//237
f 1469//1469 1467//1467 233//233
f 1469//1469 1465//1465 1467//1467
f 1469//1469 237//237 1465//1465
f 1470//1470 1237//1237 1236//1236
f 1471//1471 1422//1422 1419//1419
f 1471//1471 1419//1419 1466//1466
f 1472//1472 1237//1237 1470//1470
f 1472//1472 1466//1466 1237//1237
f 1472//1472 1422//1422 1471//1471
f 1472//1472 1471//1471 1466//1466
f 1473//1473 233//233 1467//1467
f 1473//1473 1468//1468 1416//1416
f 1473//1473 1467//1467 1468//1468
f 1474//1474 1472//1472 1470//1470
f 1474//1474 1422//1422 1472//1472
f 1474//1474 1470//1470 1236//1236
f 1475//1475 231//231 233//233
f 1475//1475 233//233 1473//1473
f 1476//1476 231//231 1475//1475
f 1476//1476 1473//1473 1416//1416
f 1476//1476 1475//1475 1473//1473
f 1477//1477 1416//1416 1420//1420
f 1477//1477 1476//1476 1416//1416
f 1478//1478 1236//1236 1235//1235
f 1479//1479 1236//1236 1478//1478
f 1479//1479 1474//1474 1236//1236
f 1480//1480 1425//1425 1422//1422
f 1480//1480 1422//1422 1474//1474
f 1480//1480 1479//1479 1425//1425
f 1480//1480 1474//1474 1479//1479
f 1481//1481 231//231 1476//1476
f 1481//1481 1477//1477 1420//1420
f 1481//1481 1476//1476 1477//1477
f 1482//1482 1479//1479 1478//1478
f 1482//1482 1478//1478 1235//1235
f 1483//1483 1482//1482 1235//1235
f 1484//1484 1235//1235 1233//1233
f 1484//1484 1483//1483 1235//1235
f 1485//1485 1429//1429 1425//1425
f 1485//1485 1425//1425 1479//1479
f 1485//1485 1479//1479 1482//1482
f 1485//1485 1482//1482 1483//1483
f 1486//1486 232//232 231//231
f 1486//1486 231//231 1481//1481
f 1487//1487 1481//1481 1420//1420
f 1487//1487 232//232 1486//1486
f 1487//1487 1486//1486 1481//1481
f 1488//1488 1487//1487 1420//1420
f 1488//1488 1420//1420 1426//1426
f 1489//1489 1483//1483 1484//1484
f 1489//1489 1429//1429 1485//1485
f 1489//1489 1485//1485 1483//1483
f 1489//1489 1484//1484 1233//1233
f 1490//1490 232//232 1487//1487
f 1490//1490 1488//1488 1426//1426
f 1490//1490 1487//1487 1488//1488
f 1491//1491 1489//1489 1233//1233
f 1491//1491 1431//1431 1436//1436
f 1491//1491 1233//1233 1431//1431
f 1492//1492 232//232 1490//1490
f 1492//1492 238//238 232//232
f 1493//1493 1490//1490 1426//1426
f 1493//1493 1492//1492 1490//1490
f 1493//1493 238//238 1492//1492
f 1494//1494 1493//1493 1426//1426
f 1494//1494 1426//1426 1430//1430
f 1495//1495 238//238 1493//1493
f 1495//1495 1493//1493 1494//1494
f 1495//1495 1494//1494 1430//1430
f 1496//1496 1430//1430 1428//1428
f 1496//1496 1428//1428 1433//1433
f 1497//1497 238//238 1495//1495
f 1497//1497 236//236 238//238
f 1498//1498 1495//1495 1430//1430
f 1498//1498 1497//1497 1495//1495
f 1498//1498 236//236 1497//1497
f 1499//1499 1498//1498 1430//1430
f 1499//1499 1430//1430 1496//1496
f 1500//1500 1496//1496 1433//1433
f 1500//1500 1444//1444 1499//1499
f 1500//1500 1499//1499 1496//1496
f 1500//1500 1433//1433 1441//1441
f 1500//1500 1441//1441 1444//1444
f 1501//1501 241//241 236//236
f 1501//1501 1498//1498 1499//1499
f 1501//1501 236//236 1498//1498
f 1501//1501 1499//1499 1444//1444
f 1501//1501 1445//1445 241//241
f 1501//1501 1444//1444 1445//1445
f 1502//1502 1429//1429 1489//1489
f 1502//1502 1489//1489 1491//1491
f 1502//1502 1433//1433 1429//1429
f 1502//1502 1441//1441 1433//1433
f 1503//1503 1441//1441 1502//1502
f 1503//1503 1502//1502 1491//1491
f 1504//1504 1491//1491 1436//1436
f 1504//1504 1503//1503 1491//1491
f 1504//1504 1441//1441 1503//1503
f 1504//1504 1436//1436 1437//1437
f 1504//1504 1438//1438 1441//1441
f 1504//1504 1437//1437 1438//1438
f 1505//1505 1506//1506 1262//1262
f 1505//1505 1262//1262 1261//1261
f 1507//1507 1508//1508 1506//1506
f 1507//1507 1509//1509 1508//1508
f 1507//1507 1506//1506 1505//1505
f 1510//1510 1507//1507 1505//1505
f 1511//1511 1505//1505 1261//1261
f 1512//1512 1505//1505 1511//1511
f 1512//1512 1510//1510 1505//1505
f 1513//1513 1514//1514 1509//1509
f 1513//1513 1515//1515 1514//1514
f 1516//1516 1507//1507 1510//1510
f 1516//1516 1513//1513 1509//1509
f 1516//1516 1509//1509 1507//1507
f 1517//1517 1518//1518 1515//1515
f 1517//1517 1515//1515 1513//1513
f 1519//1519 1517//1517 1513//1513
f 1519//1519 1513//1513 1516//1516
f 1520//1520 1517//1517 1519//1519
f 1521//1521 240//240 246//246
f 1521//1521 246//246 1518//1518
f 1521//1521 1518//1518 1517//1517
f 1521//1521 1517//1517 1520//1520
f 1522//1522 1523//1523 1524//1524
f 1525//1525 1519//1519 1516//1516
f 1525//1525 1516//1516 1526//1526
f 1525//1525 1523//1523 1522//1522
f 1525//1525 1526//1526 1523//1523
f 1527//1527 1524//1524 1528//1528
f 1527//1527 1522//1522 1524//1524
f 1529//1529 1522//1522 1527//1527
f 1529//1529 1525//1525 1522//1522
f 1530//1530 1527//1527 1528//1528
f 1531//1531 1528//1528 1532//1532
f 1531//1531 1530//1530 1528//1528
f 1533//1533 1529//1529 1527//1527
f 1533//1533 1527//1527 1530//1530
f 1533//1533 1530//1530 1531//1531
f 1534//1534 1531//1531 1532//1532
f 1534//1534 1533//1533 1531//1531
f 1535//1535 1534//1534 1532//1532
f 1536//1536 1534//1534 1535//1535
f 1537//1537 1536//1536 1535//1535
f 1537//1537 1535//1535 1538//1538
f 1539//1539 1534//1534 1536//1536
f 1539//1539 1536//1536 1537//1537
f 1539//1539 1533//1533 1534//1534
f 1540//1540 1537//1537 1538//1538
f 1541//1541 1540//1540 1538//1538
f 1541//1541 1538//1538 1542//1542
f 1543//1543 1539//1539 1537//1537
f 1543//1543 1537//1537 1540//1540
f 1543//1543 1540//1540 1541//1541
f 1544//1544 1253//1253 1397//1397
f 1544//1544 1254//1254 1253//1253
f 1545//1545 1541//1541 1542//1542
f 1546//1546 1397//1397 1396//1396
f 1546//1546 1544//1544 1397//1397
f 1546//1546 1547//1547 1548//1548
f 1546//1546 1548//1548 1544//1544
f 1549//1549 1396//1396 1395//1395
f 1549//1549 1395//1395 1394//1394
f 1549//1549 1546//1546 1396//1396
f 1549//1549 1394//1394 1550//1550
f 1549//1549 1547//1547 1546//1546
f 1551//1551 1392//1392 245//245
f 1551//1551 245//245 239//239
f 1551//1551 1552//1552 1550//1550
f 1551//1551 239//239 1553//1553
f 1551//1551 1553//1553 1552//1552
f 1554//1554 1394//1394 1393//1393
f 1554//1554 1393//1393 1392//1392
f 1554//1554 1550//1550 1394//1394
f 1554//1554 1551//1551 1550//1550
f 1554//1554 1392//1392 1551//1551
f 1555//1555 1512//1512 1511//1511
f 1556//1556 1261//1261 1260//1260
f 1556//1556 1511//1511 1261//1261
f 1556//1556 1555//1555 1511//1511
f 1557//1557 1555//1555 1556//1556
f 1558//1558 1557//1557 1524//1524
f 1558//1558 1555//1555 1557//1557
f 1559//1559 1555//1555 1558//1558
f 1559//1559 1512//1512 1555//1555
f 1560//1560 1512//1512 1559//1559
f 1560//1560 1516//1516 1510//1510
f 1560//1560 1510//1510 1512//1512
f 1560//1560 1526//1526 1516//1516
f 1561//1561 1524//1524 1557//1557
f 1561//1561 1556//1556 1260//1260
f 1561//1561 1557//1557 1556//1556
f 1562//1562 1561//1561 1260//1260
f 1562//1562 1260//1260 1259//1259
f 1563//1563 1524//1524 1523//1523
f 1563//1563 1560//1560 1559//1559
f 1563//1563 1526//1526 1560//1560
f 1563//1563 1559//1559 1558//1558
f 1563//1563 1558//1558 1524//1524
f 1563//1563 1523//1523 1526//1526
f 1564//1564 1561//1561 1562//1562
f 1564//1564 1524//1524 1561//1561
f 1564//1564 1562//1562 1259//1259
f 1565//1565 1524//1524 1564//1564
f 1565//1565 1528//1528 1524//1524
f 1566//1566 1528//1528 1565//1565
f 1566//1566 1564//1564 1259//1259
f 1566//1566 1565//1565 1564//1564
f 1567//1567 1566//1566 1259//1259
f 1567//1567 1259//1259 1258//1258
f 1568//1568 1567//1567 1258//1258
f 1568//1568 1566//1566 1567//1567
f 1568//1568 1528//1528 1566//1566
f 1569//1569 1532//1532 1528//1528
f 1569//1569 1528//1528 1568//1568
f 1570//1570 1568//1568 1258//1258
f 1570//1570 1532//1532 1569//1569
f 1570//1570 1569//1569 1568//1568
f 1571//1571 1258//1258 1257//1257
f 1571//1571 1570//1570 1258//1258
f 1572//1572 1520//1520 1519//1519
f 1572//1572 1519//1519 1525//1525
f 1572//1572 240//240 1521//1521
f 1572//1572 1521//1521 1520//1520
f 1573//1573 1532//1532 1570//1570
f 1573//1573 1571//1571 1257//1257
f 1573//1573 1570//1570 1571//1571
f 1574//1574 1572//1572 1525//1525
f 1575//1575 1574//1574 1525//1525
f 1575//1575 1525//1525 1529//1529
f 1576//1576 234//234 240//240
f 1576//1576 1574//1574 234//234
f 1576//1576 240//240 1572//1572
f 1576//1576 1572//1572 1574//1574
f 1577//1577 1257//1257 1256//1256
f 1578//1578 1532//1532 1573//1573
f 1578//1578 1535//1535 1532//1532
f 1579//1579 1257//1257 1577//1577
f 1579//1579 1573//1573 1257//1257
f 1579//1579 1578//1578 1573//1573
f 1579//1579 1535//1535 1578//1578
f 1580//1580 234//234 1574//1574
f 1580//1580 1575//1575 1529//1529
f 1580//1580 1574//1574 1575//1575
f 1581//1581 1577//1577 1256//1256
f 1581//1581 1579//1579 1577//1577
f 1581//1581 1535//1535 1579//1579
f 1582//1582 235//235 234//234
f 1582//1582 234//234 1580//1580
f 1583//1583 1580//1580 1529//1529
f 1583//1583 235//235 1582//1582
f 1583//1583 1582//1582 1580//1580
f 1584//1584 1529//1529 1533//1533
f 1584//1584 1583//1583 1529//1529
f 1585//1585 1256//1256 1255//1255
f 1586//1586 1256//1256 1585//1585
f 1586//1586 1581//1581 1256//1256
f 1587//1587 1538//1538 1535//1535
f 1587//1587 1535//1535 1581//1581
f 1587//1587 1586//1586 1538//1538
f 1587//1587 1581//1581 1586//1586
f 1588//1588 235//235 1583//1583
f 1588//1588 1584//1584 1533//1533
f 1588//1588 1583//1583 1584//1584
f 1589//1589 1586//1586 1585//1585
f 1589//1589 1585//1585 1255//1255
f 1590//1590 1589//1589 1255//1255
f 1591//1591 1255//1255 1254//1254
f 1591//1591 1590//1590 1255//1255
f 1592//1592 1542//1542 1538//1538
f 1592//1592 1538//1538 1586//1586
f 1592//1592 1586//1586 1589//1589
f 1592//1592 1589//1589 1590//1590
f 1593//1593 229//229 235//235
f 1593//1593 235//235 1588//1588
f 1594//1594 1593//1593 1588//1588
f 1594//1594 229//229 1593//1593
f 1594//1594 1588//1588 1533//1533
f 1595//1595 1594//1594 1533//1533
f 1595//1595 1533//1533 1539//1539
f 1596//1596 1592//1592 1590//1590
f 1596//1596 1542//1542 1592//1592
f 1596//1596 1591//1591 1254//1254
f 1596//1596 1590//1590 1591//1591
f 1597//1597 1594//1594 1595//1595
f 1597//1597 229//229 1594//1594
f 1597//1597 1595//1595 1539//1539
f 1598//1598 1254//1254 1544//1544
f 1598//1598 1544//1544 1548//1548
f 1598//1598 1596//1596 1254//1254
f 1599//1599 230//230 229//229
f 1599//1599 229//229 1597//1597
f 1600//1600 1597//1597 1539//1539
f 1600//1600 230//230 1599//1599
f 1600//1600 1599//1599 1597//1597
f 1601//1601 1600//1600 1539//1539
f 1601//1601 1539//1539 1543//1543
f 1602//1602 230//230 1600//1600
f 1602//1602 1600//1600 1601//1601
f 1602//1602 1601//1601 1543//1543
f 1603//1603 1543//1543 1541//1541
f 1603//1603 1541//1541 1545//1545
f 1604//1604 228//228 230//230
f 1604//1604 230//230 1602//1602
f 1605//1605 1602//1602 1543//1543
f 1605//1605 1604//1604 1602//1602
f 1605//1605 228//228 1604//1604
f 1606//1606 1605//1605 1543//1543
f 1606//1606 1543//1543 1603//1603
f 1607//1607 1603//1603 1545//1545
f 1607//1607 1552//1552 1606//1606
f 1607//1607 1545//1545 1550//1550
f 1607//1607 1606//1606 1603//1603
f 1607//1607 1550//1550 1552//1552
f 1608//1608 239//239 228//228
f 1608//1608 1605//1605 1606//1606
f 1608//1608 1606//1606 1552//1552
f 1608//1608 228//228 1605//1605
f 1608//1608 1553//1553 239//239
f 1608//1608 1552//1552 1553//1553
f 1609//1609 1596//1596 1598//1598
f 1609//1609 1542//1542 1596//1596
f 1609//1609 1545//1545 1542//1542
f 1609//1609 1550//1550 1545//1545
f 1610//1610 1550//1550 1609//1609
f 1610//1610 1609//1609 1598//1598
f 1611//1611 1598//1598 1548//1548
f 1611//1611 1610//1610 1598//1598
f 1611//1611 1550//1550 1610//1610
f 1611//1611 1548//1548 1547//1547
f 1611//1611 1549//1549 1550//1550
f 1611//1611 1547//1547 1549//1549
f 1612//1612 242//242 1443//1443
f 1612//1612 262//262 242//242
f 1613//1613 1443//1443 1447//1447
f 1613//1613 1612//1612 1443//1443
f 1614//1614 1447//1447 1440//1440
f 1614//1614 1613//1613 1447//1447
f 1615//1615 1440//1440 1439//1439
f 1615//1615 1439//1439 1435//1435
f 1615//1615 1614//1614 1440//1440
f 1616//1616 1615//1615 1435//1435
f 1617//1617 1435//1435 1432//1432
f 1617//1617 1616//1616 1435//1435
f 1272//1272 1432//1432 1234//1234
f 1272//1272 1617//1617 1432//1432
f 1518//1518 246//246 254//254
f 1518//1518 254//254 1618//1618
f 1515//1515 1618//1618 1619//1619
f 1515//1515 1518//1518 1618//1618
f 1514//1514 1619//1619 1620//1620
f 1514//1514 1515//1515 1619//1619
f 1509//1509 1621//1621 1622//1622
f 1509//1509 1620//1620 1621//1621
f 1509//1509 1514//1514 1620//1620
f 1508//1508 1509//1509 1622//1622
f 1506//1506 1622//1622 1623//1623
f 1506//1506 1508//1508 1622//1622
f 1262//1262 1623//1623 1263//1263
f 1262//1262 1506//1506 1623//1623
f 1624//1624 1617//1617 1272//1272
f 1624//1624 1272//1272 1271//1271
f 1625//1625 1615//1615 1616//1616
f 1625//1625 1616//1616 1617//1617
f 1625//1625 1617//1617 1624//1624
f 1626//1626 1625//1625 1624//1624
f 1627//1627 1624//1624 1271//1271
f 1628//1628 1626//1626 1624//1624
f 1628//1628 1624//1624 1627//1627
f 1629//1629 1613//1613 1614//1614
f 1629//1629 1614//1614 1615//1615
f 1630//1630 1615//1615 1625//1625
f 1630//1630 1625//1625 1626//1626
f 1630//1630 1629//1629 1615//1615
f 1631//1631 1612//1612 1613//1613
f 1631//1631 1613//1613 1629//1629
f 1632//1632 1631//1631 1629//1629
f 1632//1632 1629//1629 1630//1630
f 1633//1633 1631//1631 1632//1632
f 1634//1634 262//262 1612//1612
f 1634//1634 265//265 262//262
f 1634//1634 1631//1631 1633//1633
f 1634//1634 1612//1612 1631//1631
f 1635//1635 1636//1636 1637//1637
f 1638//1638 1632//1632 1630//1630
f 1638//1638 1630//1630 1639//1639
f 1638//1638 1636//1636 1635//1635
f 1638//1638 1639//1639 1636//1636
f 1640//1640 1637//1637 1641//1641
f 1640//1640 1635//1635 1637//1637
f 1642//1642 1635//1635 1640//1640
f 1642//1642 1638//1638 1635//1635
f 1643//1643 1640//1640 1641//1641
f 1644//1644 1643//1643 1641//1641
f 1644//1644 1641//1641 1645//1645
f 1646//1646 1642//1642 1640//1640
f 1646//1646 1640//1640 1643//1643
f 1646//1646 1643//1643 1644//1644
f 1647//1647 1644//1644 1645//1645
f 1647//1647 1646//1646 1644//1644
f 1648//1648 1647//1647 1645//1645
f 1649//1649 1647//1647 1648//1648
f 1650//1650 1649//1649 1648//1648
f 1650//1650 1648//1648 1651//1651
f 1652//1652 1649//1649 1650//1650
f 1652//1652 1647//1647 1649//1649
f 1652//1652 1646//1646 1647//1647
f 1653//1653 1650//1650 1651//1651
f 1654//1654 1651//1651 1655//1655
f 1654//1654 1653//1653 1651//1651
f 1656//1656 1652//1652 1650//1650
f 1656//1656 1650//1650 1653//1653
f 1656//1656 1653//1653 1654//1654
f 1657//1657 1264//1264 1263//1263
f 1657//1657 1263//1263 1623//1623
f 1658//1658 1654//1654 1655//1655
f 1659//1659 1623//1623 1622//1622
f 1659//1659 1660//1660 1657//1657
f 1659//1659 1661//1661 1660//1660
f 1659//1659 1657//1657 1623//1623
f 1662//1662 1622//1622 1621//1621
f 1662//1662 1621//1621 1620//1620
f 1662//1662 1659//1659 1622//1622
f 1662//1662 1620//1620 1663//1663
f 1662//1662 1661//1661 1659//1659
f 1664//1664 1618//1618 254//254
f 1664//1664 254//254 264//264
f 1664//1664 1665//1665 1663//1663
f 1664//1664 264//264 1666//1666
f 1664//1664 1666//1666 1665//1665
f 1667//1667 1620//1620 1619//1619
f 1667//1667 1619//1619 1618//1618
f 1667//1667 1663//1663 1620//1620
f 1667//1667 1664//1664 1663//1663
f 1667//1667 1618//1618 1664//1664
f 1668//1668 1628//1628 1627//1627
f 1669//1669 1271//1271 1270//1270
f 1669//1669 1627//1627 1271//1271
f 1669//1669 1668//1668 1627//1627
f 1670//1670 1668//1668 1669//1669
f 1671//1671 1670//1670 1637//1637
f 1671//1671 1668//1668 1670//1670
f 1672//1672 1668//1668 1671//1671
f 1672//1672 1628//1628 1668//1668
f 1673//1673 1628//1628 1672//1672
f 1673//1673 1639//1639 1630//1630
f 1673//1673 1626//1626 1628//1628
f 1673//1673 1630//1630 1626//1626
f 1674//1674 1669//1669 1270//1270
f 1674//1674 1637//1637 1670//1670
f 1674//1674 1670//1670 1669//1669
f 1675//1675 1674//1674 1270//1270
f 1675//1675 1270//1270 1269//1269
f 1676//1676 1637//1637 1636//1636
f 1676//1676 1673//1673 1672//1672
f 1676//1676 1672//1672 1671//1671
f 1676//1676 1639//1639 1673//1673
f 1676//1676 1636//1636 1639//1639
f 1676//1676 1671//1671 1637//1637
f 1677//1677 1674//1674 1675//1675
f 1677//1677 1637//1637 1674//1674
f 1677//1677 1675//1675 1269//1269
f 1678//1678 1641//1641 1637//1637
f 1678//1678 1637//1637 1677//1677
f 1679//1679 1641//1641 1678//1678
f 1679//1679 1677//1677 1269//1269
f 1679//1679 1678//1678 1677//1677
f 1680//1680 1269//1269 1268//1268
f 1680//1680 1679//1679 1269//1269
f 1681//1681 1680//1680 1268//1268
f 1681//1681 1679//1679 1680//1680
f 1681//1681 1641//1641 1679//1679
f 1682//1682 1641//1641 1681//1681
f 1682//1682 1645//1645 1641//1641
f 1683//1683 1645//1645 1682//1682
f 1683//1683 1682//1682 1681//1681
f 1683//1683 1681//1681 1268//1268
f 1684//1684 1268//1268 1267//1267
f 1684//1684 1683//1683 1268//1268
f 1685//1685 265//265 1634//1634
f 1685//1685 1633//1633 1632//1632
f 1685//1685 1632//1632 1638//1638
f 1685//1685 1634//1634 1633//1633
f 1686//1686 1684//1684 1267//1267
f 1686//1686 1645//1645 1683//1683
f 1686//1686 1683//1683 1684//1684
f 1687//1687 1685//1685 1638//1638
f 1688//1688 1638//1638 1642//1642
f 1688//1688 1687//1687 1638//1638
f 1689//1689 267//267 265//265
f 1689//1689 1687//1687 267//267
f 1689//1689 1685//1685 1687//1687
f 1689//1689 265//265 1685//1685
f 1690//1690 1267//1267 1266//1266
f 1691//1691 1648//1648 1645//1645
f 1691//1691 1645//1645 1686//1686
f 1692//1692 1267//1267 1690//1690
f 1692//1692 1686//1686 1267//1267
f 1692//1692 1648//1648 1691//1691
f 1692//1692 1691//1691 1686//1686
f 1693//1693 267//267 1687//1687
f 1693//1693 1688//1688 1642//1642
f 1693//1693 1687//1687 1688//1688
f 1694//1694 1692//1692 1690//1690
f 1694//1694 1648//1648 1692//1692
f 1694//1694 1690//1690 1266//1266
f 1695//1695 268//268 267//267
f 1695//1695 267//267 1693//1693
f 1696//1696 268//268 1695//1695
f 1696//1696 1693//1693 1642//1642
f 1696//1696 1695//1695 1693//1693
f 1697//1697 1642//1642 1646//1646
f 1697//1697 1696//1696 1642//1642
f 1698//1698 1266//1266 1265//1265
f 1699//1699 1266//1266 1698//1698
f 1699//1699 1694//1694 1266//1266
f 1700//1700 1651//1651 1648//1648
f 1700//1700 1648//1648 1694//1694
f 1700//1700 1699//1699 1651//1651
f 1700//1700 1694//1694 1699//1699
f 1701//1701 268//268 1696//1696
f 1701//1701 1697//1697 1646//1646
f 1701//1701 1696//1696 1697//1697
f 1702//1702 1699//1699 1698//1698
f 1702//1702 1698//1698 1265//1265
f 1703//1703 1702//1702 1265//1265
f 1704//1704 1265//1265 1264//1264
f 1704//1704 1703//1703 1265//1265
f 1705//1705 1655//1655 1651//1651
f 1705//1705 1651//1651 1699//1699
f 1705//1705 1699//1699 1702//1702
f 1705//1705 1702//1702 1703//1703
f 1706//1706 269//269 268//268
f 1706//1706 268//268 1701//1701
f 1707//1707 1701//1701 1646//1646
f 1707//1707 269//269 1706//1706
f 1707//1707 1706//1706 1701//1701
f 1708//1708 1707//1707 1646//1646
f 1708//1708 1646//1646 1652//1652
f 1709//1709 1703//1703 1704//1704
f 1709//1709 1655//1655 1705//1705
f 1709//1709 1705//1705 1703//1703
f 1709//1709 1704//1704 1264//1264
f 1710//1710 269//269 1707//1707
f 1710//1710 1708//1708 1652//1652
f 1710//1710 1707//1707 1708//1708
f 1711//1711 1264//1264 1657//1657
f 1711//1711 1657//1657 1660//1660
f 1711//1711 1709//1709 1264//1264
f 1712//1712 269//269 1710//1710
f 1712//1712 270//270 269//269
f 1713//1713 1710//1710 1652//1652
f 1713//1713 1712//1712 1710//1710
f 1713//1713 270//270 1712//1712
f 1714//1714 1713//1713 1652//1652
f 1714//1714 1652//1652 1656//1656
f 1715//1715 270//270 1713//1713
f 1715//1715 1713//1713 1714//1714
f 1715//1715 1714//1714 1656//1656
f 1716//1716 1656//1656 1654//1654
f 1716//1716 1654//1654 1658//1658
f 1717//1717 270//270 1715//1715
f 1717//1717 266//266 270//270
f 1718//1718 1715//1715 1656//1656
f 1718//1718 1717//1717 1715//1715
f 1718//1718 266//266 1717//1717
f 1719//1719 1718//1718 1656//1656
f 1719//1719 1656//1656 1716//1716
f 1720//1720 1716//1716 1658//1658
f 1720//1720 1665//1665 1719//1719
f 1720//1720 1719//1719 1716//1716
f 1720//1720 1658//1658 1663//1663
f 1720//1720 1663//1663 1665//1665
f 1721//1721 264//264 266//266
f 1721//1721 1718//1718 1719//1719
f 1721//1721 266//266 1718//1718
f 1721//1721 1719//1719 1665//1665
f 1721//1721 1666//1666 264//264
f 1721//1721 1665//1665 1666//1666
f 1722//1722 1655//1655 1709//1709
f 1722//1722 1658//1658 1655//1655
f 1722//1722 1709//1709 1711//1711
f 1722//1722 1663//1663 1658//1658
f 1723//1723 1663//1663 1722//1722
f 1723//1723 1722//1722 1711//1711
f 1724//1724 1711//1711 1660//1660
f 1724//1724 1723//1723 1711//1711
f 1724//1724 1663//1663 1723//1723
f 1724//1724 1660//1660 1661//1661
f 1724//1724 1662//1662 1663//1663
f 1724//1724 1661//1661 1662//1662
f 1725//1725 1016//1016 1018//1018
f 1726//1726 1016//1016 1725//1725
f 1726//1726 1014//1014 1016//1016
f 1727//1727 1725//1725 1018//1018
f 1728//1728 1014//1014 1726//1726
f 1729//1729 1018//1018 1020//1020
f 1729//1729 1727//1727 1018//1018
f 1730//1730 1012//1012 1014//1014
f 1730//1730 1014//1014 1728//1728
f 1731//1731 1729//1729 1020//1020
f 1731//1731 1020//1020 1022//1022
f 1732//1732 1007//1007 1009//1009
f 1732//1732 1009//1009 1012//1012
f 1732//1732 1012//1012 1730//1730
f 1023//1023 1731//1731 1022//1022
f 1733//1733 1023//1023 1025//1025
f 1733//1733 1731//1731 1023//1023
f 1734//1734 1025//1025 1028//1028
f 1734//1734 1733//1733 1025//1025
f 1735//1735 1028//1028 1030//1030
f 1735//1735 1734//1734 1028//1028
f 1736//1736 1735//1735 1030//1030
f 1737//1737 1736//1736 1030//1030
f 1032//1032 1737//1737 1030//1030
f 1032//1032 1738//1738 1737//1737
f 1034//1034 1738//1738 1032//1032
f 1034//1034 1739//1739 1738//1738
f 1034//1034 1740//1740 1739//1739
f 1036//1036 1740//1740 1034//1034
f 1038//1038 1740//1740 1036//1036
f 1741//1741 1007//1007 1732//1732
f 1742//1742 1743//1743 1744//1744
f 1745//1745 1742//1742 1746//1746
f 1745//1745 1747//1747 1743//1743
f 1745//1745 1743//1743 1742//1742
f 1748//1748 1745//1745 1749//1749
f 1748//1748 1747//1747 1745//1745
f 1750//1750 1747//1747 1748//1748
f 1751//1751 1752//1752 1753//1753
f 1751//1751 1754//1754 1752//1752
f 1751//1751 1755//1755 1754//1754
f 1751//1751 1756//1756 1755//1755
f 1757//1757 1756//1756 1751//1751
f 1757//1757 1758//1758 1756//1756
f 1759//1759 1758//1758 1757//1757
f 1759//1759 1760//1760 1758//1758
f 1761//1761 1750//1750 1762//1762
f 1763//1763 1750//1750 1761//1761
f 1764//1764 1760//1760 1759//1759
f 1764//1764 1741//1741 1760//1760
f 1765//1765 1751//1751 1753//1753
f 1765//1765 1753//1753 1747//1747
f 1765//1765 1750//1750 1763//1763
f 1765//1765 1747//1747 1750//1750
f 1766//1766 1741//1741 1764//1764
f 1766//1766 1007//1007 1741//1741
f 1767//1767 1065//1065 1073//1073
f 1767//1767 1073//1073 1071//1071
f 1767//1767 1071//1071 1068//1068
f 1767//1767 1068//1068 1070//1070
f 1767//1767 1070//1070 1766//1766
f 1768//1768 1065//1065 1767//1767
f 1769//1769 1065//1065 1768//1768
f 1770//1770 1065//1065 1769//1769
f 1771//1771 1065//1065 1770//1770
f 1060//1060 1065//1065 1771//1771
f 1060//1060 1771//1771 1772//1772
f 1060//1060 1773//1773 1774//1774
f 1060//1060 1775//1775 1773//1773
f 1060//1060 1772//1772 1775//1775
f 1058//1058 1060//1060 1774//1774
f 1061//1061 1774//1774 1776//1776
f 1061//1061 1058//1058 1774//1774
f 1064//1064 1061//1061 1776//1776
f 1056//1056 1064//1064 1776//1776
f 1054//1054 1776//1776 1777//1777
f 1054//1054 1056//1056 1776//1776
f 1041//1041 1778//1778 1040//1040
f 1052//1052 1777//1777 1779//1779
f 1052//1052 1054//1054 1777//1777
f 1044//1044 1778//1778 1041//1041
f 1044//1044 1780//1780 1778//1778
f 1044//1044 1781//1781 1780//1780
f 1050//1050 1779//1779 1782//1782
f 1050//1050 1052//1052 1779//1779
f 1046//1046 1783//1783 1781//1781
f 1046//1046 1781//1781 1044//1044
f 1048//1048 1784//1784 1783//1783
f 1048//1048 1782//1782 1784//1784
f 1048//1048 1050//1050 1782//1782
f 1048//1048 1783//1783 1046//1046
f 1070//1070 1007//1007 1766//1766
f 1778//1778 1740//1740 1038//1038
f 1778//1778 1038//1038 1040//1040
f 1771//1771 1770//1770 1785//1785
f 1785//1785 1770//1770 1786//1786
f 1786//1786 1769//1769 1787//1787
f 1770//1770 1769//1769 1786//1786
f 1787//1787 1768//1768 1788//1788
f 1769//1769 1768//1768 1787//1787
f 1788//1788 1767//1767 1789//1789
f 1768//1768 1767//1767 1788//1788
f 1772//1772 1771//1771 1790//1790
f 1790//1790 1771//1771 1785//1785
f 1776//1776 1774//1774 1791//1791
f 1791//1791 1774//1774 1792//1792
f 1792//1792 1773//1773 1793//1793
f 1793//1793 1773//1773 1794//1794
f 1774//1774 1773//1773 1792//1792
f 1773//1773 1775//1775 1794//1794
f 1794//1794 1772//1772 1790//1790
f 1775//1775 1772//1772 1794//1794
f 1777//1777 1776//1776 1795//1795
f 1795//1795 1776//1776 1791//1791
f 1778//1778 1780//1780 1796//1796
f 1796//1796 1780//1780 1797//1797
f 1797//1797 1781//1781 1798//1798
f 1780//1780 1781//1781 1797//1797
f 1798//1798 1783//1783 1799//1799
f 1799//1799 1783//1783 1800//1800
f 1781//1781 1783//1783 1798//1798
f 1783//1783 1784//1784 1800//1800
f 1800//1800 1782//1782 1801//1801
f 1784//1784 1782//1782 1800//1800
f 1801//1801 1779//1779 1802//1802
f 1782//1782 1779//1779 1801//1801
f 1802//1802 1777//1777 1795//1795
f 1779//1779 1777//1777 1802//1802
f 1740//1740 1778//1778 1803//1803
f 1803//1803 1778//1778 1796//1796
f 1733//1733 1734//1734 1804//1804
f 1804//1804 1734//1734 1805//1805
f 1805//1805 1735//1735 1806//1806
f 1734//1734 1735//1735 1805//1805
f 1806//1806 1736//1736 1807//1807
f 1807//1807 1736//1736 1808//1808
f 1735//1735 1736//1736 1806//1806
f 1736//1736 1737//1737 1808//1808
f 1808//1808 1738//1738 1809//1809
f 1737//1737 1738//1738 1808//1808
f 1809//1809 1739//1739 1810//1810
f 1738//1738 1739//1739 1809//1809
f 1810//1810 1740//1740 1803//1803
f 1739//1739 1740//1740 1810//1810
f 1731//1731 1733//1733 1811//1811
f 1811//1811 1733//1733 1804//1804
f 1732//1732 1730//1730 1812//1812
f 1812//1812 1730//1730 1813//1813
f 1813//1813 1728//1728 1814//1814
f 1730//1730 1728//1728 1813//1813
f 1814//1814 1726//1726 1815//1815
f 1815//1815 1726//1726 1816//1816
f 1728//1728 1726//1726 1814//1814
f 1726//1726 1725//1725 1816//1816
f 1816//1816 1727//1727 1817//1817
f 1725//1725 1727//1727 1816//1816
f 1817//1817 1729//1729 1818//1818
f 1727//1727 1729//1729 1817//1817
f 1818//1818 1731//1731 1811//1811
f 1729//1729 1731//1731 1818//1818
f 1819//1819 1741//1741 1812//1812
f 1741//1741 1732//1732 1812//1812
f 1753//1753 1752//1752 1820//1820
f 1820//1820 1752//1752 1821//1821
f 1821//1821 1754//1754 1822//1822
f 1752//1752 1754//1754 1821//1821
f 1822//1822 1755//1755 1823//1823
f 1823//1823 1755//1755 1824//1824
f 1754//1754 1755//1755 1822//1822
f 1755//1755 1756//1756 1824//1824
f 1824//1824 1758//1758 1825//1825
f 1756//1756 1758//1758 1824//1824
f 1825//1825 1760//1760 1826//1826
f 1758//1758 1760//1760 1825//1825
f 1826//1826 1741//1741 1819//1819
f 1760//1760 1741//1741 1826//1826
f 1747//1747 1753//1753 1827//1827
f 1827//1827 1753//1753 1820//1820
f 1743//1743 1747//1747 1827//1827
f 1743//1743 1827//1827 1828//1828
f 1744//1744 1828//1828 1829//1829
f 1744//1744 1743//1743 1828//1828
f 1742//1742 1830//1830 1831//1831
f 1742//1742 1829//1829 1830//1830
f 1742//1742 1744//1744 1829//1829
f 1746//1746 1742//1742 1831//1831
f 1745//1745 1831//1831 1832//1832
f 1745//1745 1746//1746 1831//1831
f 1749//1749 1832//1832 1833//1833
f 1749//1749 1745//1745 1832//1832
f 1748//1748 1833//1833 1834//1834
f 1748//1748 1749//1749 1833//1833
f 1835//1835 1750//1750 1834//1834
f 1834//1834 1750//1750 1748//1748
f 1750//1750 1835//1835 1836//1836
f 1762//1762 1836//1836 1837//1837
f 1762//1762 1750//1750 1836//1836
f 1761//1761 1837//1837 1838//1838
f 1761//1761 1762//1762 1837//1837
f 1763//1763 1838//1838 1839//1839
f 1763//1763 1761//1761 1838//1838
f 1765//1765 1763//1763 1839//1839
f 1751//1751 1765//1765 1840//1840
f 1840//1840 1765//1765 1839//1839
f 1766//1766 1764//1764 1841//1841
f 1841//1841 1764//1764 1842//1842
f 1842//1842 1759//1759 1843//1843
f 1764//1764 1759//1759 1842//1842
f 1843//1843 1757//1757 1844//1844
f 1759//1759 1757//1757 1843//1843
f 1844//1844 1751//1751 1840//1840
f 1757//1757 1751//1751 1844//1844
f 1767//1767 1766//1766 1789//1789
f 1789//1789 1766//1766 1841//1841
f 1813//1813 1814//1814 1815//1815
f 1811//1811 1812//1812 1813//1813
f 1811//1811 1815//1815 1816//1816
f 1811//1811 1816//1816 1817//1817
f 1811//1811 1817//1817 1818//1818
f 1811//1811 1813//1813 1815//1815
f 1806//1806 1804//1804 1805//1805
f 1803//1803 1811//1811 1804//1804
f 1803//1803 1806//1806 1807//1807
f 1803//1803 1807//1807 1808//1808
f 1803//1803 1808//1808 1809//1809
f 1803//1803 1809//1809 1810//1810
f 1803//1803 1812//1812 1811//1811
f 1803//1803 1804//1804 1806//1806
f 1819//1819 1812//1812 1803//1803
f 1824//1824 1825//1825 1826//1826
f 1823//1823 1824//1824 1826//1826
f 1823//1823 1826//1826 1819//1819
f 1822//1822 1823//1823 1819//1819
f 1820//1820 1822//1822 1819//1819
f 1820//1820 1821//1821 1822//1822
f 1827//1827 1820//1820 1819//1819
f 1828//1828 1827//1827 1819//1819
f 1828//1828 1819//1819 1803//1803
f 1829//1829 1828//1828 1803//1803
f 1830//1830 1829//1829 1803//1803
f 1831//1831 1830//1830 1803//1803
f 1832//1832 1831//1831 1803//1803
f 1833//1833 1832//1832 1803//1803
f 1843//1843 1844//1844 1840//1840
f 1841//1841 1842//1842 1843//1843
f 1841//1841 1840//1840 1839//1839
f 1841//1841 1843//1843 1840//1840
f 1786//1786 1787//1787 1788//1788
f 1785//1785 1788//1788 1789//1789
f 1785//1785 1786//1786 1788//1788
f 1791//1791 1792//1792 1793//1793
f 1791//1791 1793//1793 1794//1794
f 1791//1791 1794//1794 1790//1790
f 1796//1796 1789//1789 1841//1841
f 1796//1796 1839//1839 1838//1838
f 1796//1796 1838//1838 1837//1837
f 1796//1796 1837//1837 1836//1836
f 1796//1796 1841//1841 1839//1839
f 1796//1796 1785//1785 1789//1789
f 1796//1796 1795//1795 1791//1791
f 1796//1796 1790//1790 1785//1785
f 1796//1796 1791//1791 1790//1790
f 1798//1798 1796//1796 1797//1797
f 1798//1798 1795//1795 1796//1796
f 1799//1799 1802//1802 1795//1795
f 1799//1799 1795//1795 1798//1798
f 1800//1800 1801//1801 1802//1802
f 1800//1800 1802//1802 1799//1799
f 1803//1803 1796//1796 1835//1835
f 1835//1835 1796//1796 1836//1836
f 1803//1803 1835//1835 1834//1834
f 1803//1803 1834//1834 1833//1833
f 1845//1845 1846//1846 353//353
f 1845//1845 353//353 350//350
f 1847//1847 350//350 346//346
f 1847//1847 1845//1845 350//350
f 1848//1848 346//346 342//342
f 1848//1848 1847//1847 346//346
f 1849//1849 342//342 338//338
f 1849//1849 1848//1848 342//342
f 1850//1850 338//338 335//335
f 1850//1850 1849//1849 338//338
f 1851//1851 335//335 340//340
f 1851//1851 1850//1850 335//335
f 1852//1852 340//340 344//344
f 1852//1852 1851//1851 340//340
f 1853//1853 344//344 348//348
f 1853//1853 1852//1852 344//344
f 1854//1854 348//348 354//354
f 1854//1854 1853//1853 348//348
f 353//353 1846//1846 1855//1855
f 353//353 1855//1855 355//355
f 1856//1856 1857//1857 391//391
f 1856//1856 391//391 389//389
f 1858//1858 389//389 386//386
f 1858//1858 1856//1856 389//389
f 1859//1859 386//386 381//381
f 1859//1859 1858//1858 386//386
f 1860//1860 381//381 378//378
f 1860//1860 1859//1859 381//381
f 1861//1861 378//378 373//373
f 1861//1861 1860//1860 378//378
f 1862//1862 373//373 369//369
f 1862//1862 1861//1861 373//373
f 1863//1863 369//369 365//365
f 1863//1863 1862//1862 369//369
f 1864//1864 365//365 361//361
f 1864//1864 1863//1863 365//365
f 1855//1855 361//361 355//355
f 1855//1855 1864//1864 361//361
f 1865//1865 391//391 1857//1857
f 1865//1865 395//395 391//391
f 399//399 1866//1866 398//398
f 1867//1867 1866//1866 399//399
f 403//403 1867//1867 399//399
f 1868//1868 1867//1867 403//403
f 407//407 1868//1868 403//403
f 1869//1869 1868//1868 407//407
f 411//411 1869//1869 407//407
f 1870//1870 1869//1869 411//411
f 413//413 1870//1870 411//411
f 1871//1871 1870//1870 413//413
f 409//409 1871//1871 413//413
f 1872//1872 1871//1871 409//409
f 405//405 1872//1872 409//409
f 1873//1873 1872//1872 405//405
f 401//401 1873//1873 405//405
f 1874//1874 1873//1873 401//401
f 395//395 1874//1874 401//401
f 1865//1865 1874//1874 395//395
f 1875//1875 398//398 1866//1866
f 1875//1875 394//394 398//398
f 1876//1876 1877//1877 357//357
f 1876//1876 357//357 360//360
f 1878//1878 360//360 364//364
f 1878//1878 1876//1876 360//360
f 1879//1879 364//364 368//368
f 1879//1879 1878//1878 364//364
f 1880//1880 368//368 372//372
f 1880//1880 1879//1879 368//368
f 375//375 1880//1880 372//372
f 1881//1881 1880//1880 375//375
f 1882//1882 375//375 380//380
f 1882//1882 1881//1881 375//375
f 1883//1883 380//380 384//384
f 1883//1883 1882//1882 380//380
f 1884//1884 384//384 388//388
f 1884//1884 1883//1883 384//384
f 394//394 1884//1884 388//388
f 1875//1875 1884//1884 394//394
f 357//357 1877//1877 1854//1854
f 357//357 1854//1854 354//354
f 1885//1885 1886//1886 1887//1887
f 1888//1888 1889//1889 1885//1885
f 1890//1890 1889//1889 1888//1888
f 1885//1885 1889//1889 1886//1886
f 1889//1889 1891//1891 1886//1886
f 1889//1889 1892//1892 1891//1891
f 1893//1893 1894//1894 1892//1892
f 1892//1892 1894//1894 1891//1891
f 1893//1893 1895//1895 1894//1894
f 1896//1896 1897//1897 1898//1898
f 1899//1899 1900//1900 1901//1901
f 1896//1896 1902//1902 1897//1897
f 1902//1902 1903//1903 1904//1904
f 1896//1896 1903//1903 1902//1902
f 1901//1901 1905//1905 1906//1906
f 1907//1907 1905//1905 1900//1900
f 1908//1908 1905//1905 1907//1907
f 1900//1900 1905//1905 1901//1901
f 1909//1909 1910//1910 1896//1896
f 1896//1896 1910//1910 1903//1903
f 1906//1906 1911//1911 1895//1895
f 1905//1905 1911//1911 1906//1906
f 1895//1895 1912//1912 1894//1894
f 1911//1911 1912//1912 1895//1895
f 1913//1913 1914//1914 1909//1909
f 1909//1909 1914//1914 1910//1910
f 1894//1894 1915//1915 1913//1913
f 1912//1912 1915//1915 1894//1894
f 1915//1915 1916//1916 1913//1913
f 1913//1913 1916//1916 1914//1914
f 1915//1915 1917//1917 1916//1916
f 1915//1915 1918//1918 1917//1917
f 1918//1918 1919//1919 1917//1917
f 1918//1918 1920//1920 1919//1919
f 1919//1919 1921//1921 1922//1922
f 1920//1920 1923//1923 1919//1919
f 1919//1919 1923//1923 1921//1921
f 1924//1924 1923//1923 1920//1920
f 1856//1856 1914//1914 1857//1857
f 1910//1910 1914//1914 1856//1856
f 1858//1858 1910//1910 1856//1856
f 1903//1903 1910//1910 1858//1858
f 1859//1859 1903//1903 1858//1858
f 1904//1904 1903//1903 1859//1859
f 1860//1860 1904//1904 1859//1859
f 1902//1902 1904//1904 1860//1860
f 1861//1861 1902//1902 1860//1860
f 1897//1897 1902//1902 1861//1861
f 1862//1862 1897//1897 1861//1861
f 1898//1898 1897//1897 1862//1862
f 1863//1863 1898//1898 1862//1862
f 1896//1896 1898//1898 1863//1863
f 1864//1864 1896//1896 1863//1863
f 1909//1909 1896//1896 1864//1864
f 1855//1855 1913//1913 1909//1909
f 1855//1855 1909//1909 1864//1864
f 1913//1913 1846//1846 1894//1894
f 1855//1855 1846//1846 1913//1913
f 1865//1865 1857//1857 1914//1914
f 1865//1865 1914//1914 1916//1916
f 1845//1845 1894//1894 1846//1846
f 1891//1891 1894//1894 1845//1845
f 1847//1847 1891//1891 1845//1845
f 1886//1886 1891//1891 1847//1847
f 1848//1848 1886//1886 1847//1847
f 1887//1887 1886//1886 1848//1848
f 1849//1849 1887//1887 1848//1848
f 1885//1885 1887//1887 1849//1849
f 1850//1850 1885//1885 1849//1849
f 1888//1888 1885//1885 1850//1850
f 1851//1851 1888//1888 1850//1850
f 1890//1890 1888//1888 1851//1851
f 1852//1852 1890//1890 1851//1851
f 1889//1889 1890//1890 1852//1852
f 1853//1853 1889//1889 1852//1852
f 1892//1892 1889//1889 1853//1853
f 1854//1854 1893//1893 1892//1892
f 1854//1854 1892//1892 1853//1853
f 1867//1867 1915//1915 1866//1866
f 1918//1918 1915//1915 1867//1867
f 1868//1868 1918//1918 1867//1867
f 1920//1920 1918//1918 1868//1868
f 1869//1869 1920//1920 1868//1868
f 1924//1924 1920//1920 1869//1869
f 1870//1870 1924//1924 1869//1869
f 1923//1923 1924//1924 1870//1870
f 1871//1871 1923//1923 1870//1870
f 1921//1921 1923//1923 1871//1871
f 1872//1872 1921//1921 1871//1871
f 1922//1922 1921//1921 1872//1872
f 1873//1873 1922//1922 1872//1872
f 1919//1919 1922//1922 1873//1873
f 1874//1874 1919//1919 1873//1873
f 1917//1917 1919//1919 1874//1874
f 1865//1865 1916//1916 1917//1917
f 1865//1865 1917//1917 1874//1874
f 1893//1893 1877//1877 1895//1895
f 1854//1854 1877//1877 1893//1893
f 1875//1875 1866//1866 1915//1915
f 1875//1875 1915//1915 1912//1912
f 1876//1876 1895//1895 1877//1877
f 1906//1906 1895//1895 1876//1876
f 1878//1878 1906//1906 1876//1876
f 1901//1901 1906//1906 1878//1878
f 1879//1879 1901//1901 1878//1878
f 1899//1899 1901//1901 1879//1879
f 1880//1880 1899//1899 1879//1879
f 1900//1900 1899//1899 1880//1880
f 1881//1881 1900//1900 1880//1880
f 1907//1907 1900//1900 1881//1881
f 1882//1882 1907//1907 1881//1881
f 1908//1908 1907//1907 1882//1882
f 1883//1883 1908//1908 1882//1882
f 1905//1905 1908//1908 1883//1883
f 1884//1884 1905//1905 1883//1883
f 1911//1911 1905//1905 1884//1884
f 1875//1875 1912//1912 1911//1911
f 1875//1875 1911//1911 1884//1884
f 55//55 247//247 56//56
f 56//56 247//247 1925//1925
f 1925//1925 249//249 1926//1926
f 247//247 249//249 1925//1925
f 1926//1926 251//251 1927//1927
f 1927//1927 251//251 1928//1928
f 249//249 251//251 1926//1926
f 251//251 253//253 1928//1928
f 1928//1928 263//263 1929//1929
f 1929//1929 263//263 1930//1930
f 253//253 263//263 1928//1928
f 1930//1930 255//255 1931//1931
f 263//263 255//255 1930//1930
f 255//255 256//256 1931//1931
f 1931//1931 257//257 1932//1932
f 256//256 257//257 1931//1931
f 1932//1932 258//258 1933//1933
f 257//257 258//258 1932//1932
f 1933//1933 259//259 1934//1934
f 1934//1934 259//259 1935//1935
f 258//258 259//259 1933//1933
f 259//259 260//260 1935//1935
f 1935//1935 261//261 1936//1936
f 260//260 261//261 1935//1935
f 1936//1936 29//29 31//31
f 261//261 29//29 1936//1936
f 48//48 44//44 46//46
f 1932//1932 1933//1933 1934//1934
f 1931//1931 1934//1934 1935//1935
f 1931//1931 1932//1932 1934//1934
f 56//56 48//48 50//50
f 56//56 50//50 51//51
f 56//56 51//51 54//54
f 1927//1927 56//56 1925//1925
f 1927//1927 1925//1925 1926//1926
f 1927//1927 1928//1928 1929//1929
f 1927//1927 1929//1929 1930//1930
f 1927//1927 1930//1930 1931//1931
f 1927//1927 1935//1935 1936//1936
f 1927//1927 1936//1936 31//31
f 1927//1927 31//31 32//32
f 1927//1927 32//32 33//33
f 1927//1927 33//33 36//36
f 1927//1927 36//36 38//38
f 1927//1927 38//38 40//40
f 1927//1927 40//40 42//42
f 1927//1927 42//42 44//44
f 1927//1927 48//48 56//56
f 1927//1927 44//44 48//48
f 1927//1927 1931//1931 1935//1935
f 27//27 221//221 28//28
f 28//28 221//221 1937//1937
f 1937//1937 222//222 1938//1938
f 221//221 222//222 1937//1937
f 1938//1938 223//223 1939//1939
f 1939//1939 223//223 1940//1940
f 222//222 223//223 1938//1938
f 223//223 224//224 1940//1940
f 1940//1940 225//225 1941//1941
f 1941//1941 225//225 1942//1942
f 224//224 225//225 1940//1940
f 1942//1942 226//226 1943//1943
f 225//225 226//226 1942//1942
f 226//226 227//227 1943//1943
f 1943//1943 243//243 1944//1944
f 227//227 243//243 1943//1943
f 1944//1944 244//244 1945//1945
f 243//243 244//244 1944//1944
f 1945//1945 252//252 1946//1946
f 1946//1946 252//252 1947//1947
f 244//244 252//252 1945//1945
f 252//252 250//250 1947//1947
f 1947//1947 248//248 1948//1948
f 250//250 248//248 1947//1947
f 1948//1948 1//1 3//3
f 248//248 1//1 1948//1948
f 20//20 16//16 18//18
f 1944//1944 1945//1945 1946//1946
f 1943//1943 1946//1946 1947//1947
f 1943//1943 1944//1944 1946//1946
f 28//28 20//20 22//22
f 28//28 22//22 23//23
f 28//28 23//23 26//26
f 1939//1939 28//28 1937//1937
f 1939//1939 1937//1937 1938//1938
f 1939//1939 1940//1940 1941//1941
f 1939//1939 1941//1941 1942//1942
f 1939//1939 1942//1942 1943//1943
f 1939//1939 1947//1947 1948//1948
f 1939//1939 1948//1948 3//3
f 1939//1939 3//3 4//4
f 1939//1939 4//4 5//5
f 1939//1939 5//5 8//8
f 1939//1939 8//8 10//10
f 1939//1939 10//10 12//12
f 1939//1939 12//12 14//14
f 1939//1939 14//14 16//16
f 1939//1939 20//20 28//28
f 1939//1939 16//16 20//20
f 1939//1939 1943//1943 1947//1947

