# https://github.com/mikedh/trimesh

o cam_high_mount_link.obj
v 0.05063400 0.06811900 0.00579900
v 0.05000000 0.06818400 0.00576800
v 0.05000000 0.06790800 0.00517800
v 0.04936600 0.06811900 0.00579900
v 0.04936600 0.06783800 0.00519600
v 0.04876300 0.06792800 0.00588800
v 0.04876300 0.06763000 0.00524900
v 0.04822300 0.06762000 0.00603100
v 0.04822300 0.06729500 0.00533400
v 0.04777200 0.06721100 0.00622200
v 0.04777200 0.06685000 0.00544700
v 0.04743200 0.06672100 0.00645000
v 0.04743200 0.06631700 0.00558200
v 0.04722100 0.06617500 0.00670500
v 0.04722100 0.06572200 0.00573300
v 0.04715000 0.06560100 0.00697300
v 0.04715000 0.06509700 0.00589300
v 0.04722100 0.06502600 0.00724100
v 0.04722100 0.06447100 0.00605200
v 0.04743200 0.06448000 0.00749600
v 0.04743200 0.06387700 0.00620300
v 0.04777200 0.06399000 0.00772400
v 0.04777200 0.06334400 0.00633800
v 0.04822300 0.06358100 0.00791500
v 0.04822300 0.06289900 0.00645100
v 0.04876300 0.06327300 0.00805800
v 0.04876300 0.06256400 0.00653600
v 0.04936600 0.06308200 0.00814700
v 0.04936600 0.06235600 0.00658900
v 0.05000000 0.06301800 0.00817700
v 0.05000000 0.06228500 0.00660700
v 0.05063400 0.06235600 0.00658900
v 0.05063400 0.06308200 0.00814700
v 0.05123700 0.06256400 0.00653600
v 0.05123700 0.06327300 0.00805800
v 0.05177700 0.06289900 0.00645100
v 0.05177700 0.06358100 0.00791500
v 0.05222800 0.06334400 0.00633800
v 0.05222800 0.06399000 0.00772400
v 0.05256800 0.06387700 0.00620300
v 0.05256800 0.06448000 0.00749600
v 0.05277900 0.06447100 0.00605200
v 0.05277900 0.06502600 0.00724100
v 0.05285000 0.06509700 0.00589300
v 0.05285000 0.06560100 0.00697300
v 0.05277900 0.06572200 0.00573300
v 0.05277900 0.06617500 0.00670500
v 0.05256800 0.06631700 0.00558200
v 0.05256800 0.06672100 0.00645000
v 0.05222800 0.06685000 0.00544700
v 0.05222800 0.06721100 0.00622200
v 0.05177700 0.06729500 0.00533400
v 0.05177700 0.06762000 0.00603100
v 0.05123700 0.06763000 0.00524900
v 0.05123700 0.06792800 0.00588800
v 0.05063400 0.06783800 0.00519600
v 0.05000000 0.06714100 0.00625400
v 0.05044000 0.06708900 0.00627900
v 0.05085000 0.06693500 0.00635100
v 0.05120200 0.06669000 0.00646500
v 0.05147200 0.06637100 0.00661400
v 0.05164200 0.06599900 0.00678700
v 0.05170000 0.06560100 0.00697300
v 0.05164200 0.06520200 0.00715900
v 0.05147200 0.06483000 0.00733200
v 0.05120200 0.06451100 0.00748100
v 0.05085000 0.06426600 0.00759500
v 0.05044000 0.06411200 0.00766700
v 0.05000000 0.06406000 0.00769100
v 0.04956000 0.06411200 0.00766700
v 0.04915000 0.06426600 0.00759500
v 0.04879800 0.06451100 0.00748100
v 0.04852800 0.06483000 0.00733200
v 0.04835800 0.06520200 0.00715900
v 0.04830000 0.06560100 0.00697300
v 0.04835800 0.06599900 0.00678700
v 0.04852800 0.06637100 0.00661400
v 0.04879800 0.06669000 0.00646500
v 0.04915000 0.06693500 0.00635100
v 0.04956000 0.06708900 0.00627900
v 0.03063400 0.06811900 0.00579900
v 0.03000000 0.06818400 0.00576800
v 0.03000000 0.06790800 0.00517800
v 0.02936600 0.06811900 0.00579900
v 0.02936600 0.06783800 0.00519600
v 0.02876300 0.06792800 0.00588800
v 0.02876300 0.06763000 0.00524900
v 0.02822300 0.06762000 0.00603100
v 0.02822300 0.06729500 0.00533400
v 0.02777200 0.06721100 0.00622200
v 0.02777200 0.06685000 0.00544700
v 0.02743200 0.06672100 0.00645000
v 0.02743200 0.06631700 0.00558200
v 0.02722100 0.06617500 0.00670500
v 0.02722100 0.06572200 0.00573300
v 0.02715000 0.06560100 0.00697300
v 0.02715000 0.06509700 0.00589300
v 0.02722100 0.06502600 0.00724100
v 0.02722100 0.06447100 0.00605200
v 0.02743200 0.06448000 0.00749600
v 0.02743200 0.06387700 0.00620300
v 0.02777200 0.06399000 0.00772400
v 0.02777200 0.06334400 0.00633800
v 0.02822300 0.06358100 0.00791500
v 0.02822300 0.06289900 0.00645100
v 0.02876300 0.06327300 0.00805800
v 0.02876300 0.06256400 0.00653600
v 0.02936600 0.06308200 0.00814700
v 0.02936600 0.06235600 0.00658900
v 0.03000000 0.06301800 0.00817700
v 0.03000000 0.06228500 0.00660700
v 0.03063400 0.06235600 0.00658900
v 0.03063400 0.06308200 0.00814700
v 0.03123700 0.06256400 0.00653600
v 0.03123700 0.06327300 0.00805800
v 0.03177700 0.06289900 0.00645100
v 0.03177700 0.06358100 0.00791500
v 0.03222800 0.06334400 0.00633800
v 0.03222800 0.06399000 0.00772400
v 0.03256800 0.06387700 0.00620300
v 0.03256800 0.06448000 0.00749600
v 0.03277900 0.06447100 0.00605200
v 0.03277900 0.06502600 0.00724100
v 0.03285000 0.06509700 0.00589300
v 0.03285000 0.06560100 0.00697300
v 0.03277900 0.06572200 0.00573300
v 0.03277900 0.06617500 0.00670500
v 0.03256800 0.06631700 0.00558200
v 0.03256800 0.06672100 0.00645000
v 0.03222800 0.06685000 0.00544700
v 0.03222800 0.06721100 0.00622200
v 0.03177700 0.06729500 0.00533400
v 0.03177700 0.06762000 0.00603100
v 0.03123700 0.06763000 0.00524900
v 0.03123700 0.06792800 0.00588800
v 0.03063400 0.06783800 0.00519600
v 0.03000000 0.06714100 0.00625400
v 0.03044000 0.06708900 0.00627900
v 0.03085000 0.06693500 0.00635100
v 0.03120200 0.06669000 0.00646500
v 0.03147200 0.06637100 0.00661400
v 0.03164200 0.06599900 0.00678700
v 0.03170000 0.06560100 0.00697300
v 0.03164200 0.06520200 0.00715900
v 0.03147200 0.06483000 0.00733200
v 0.03120200 0.06451100 0.00748100
v 0.03085000 0.06426600 0.00759500
v 0.03044000 0.06411200 0.00766700
v 0.03000000 0.06406000 0.00769100
v 0.02956000 0.06411200 0.00766700
v 0.02915000 0.06426600 0.00759500
v 0.02879800 0.06451100 0.00748100
v 0.02852800 0.06483000 0.00733200
v 0.02835800 0.06520200 0.00715900
v 0.02830000 0.06560100 0.00697300
v 0.02835800 0.06599900 0.00678700
v 0.02852800 0.06637100 0.00661400
v 0.02879800 0.06669000 0.00646500
v 0.02915000 0.06693500 0.00635100
v 0.02956000 0.06708900 0.00627900
v 0.03926400 0.05845000 0.01935500
v 0.03435900 0.05845000 0.01935500
v 0.03926400 0.05738100 0.01985400
v 0.03265400 0.05738100 0.01985400
v 0.03269000 0.05781300 0.01965200
v 0.03282900 0.05822800 0.01945900
v 0.03303400 0.05861900 0.01927600
v 0.03328800 0.05898700 0.01910500
v 0.03389800 0.05965400 0.01879400
v 0.03467900 0.05885200 0.01916700
v 0.03459100 0.06025200 0.01851500
v 0.03505400 0.05921300 0.01899900
v 0.03587500 0.05987000 0.01869300
v 0.03604800 0.06137400 0.01799200
v 0.03752300 0.06117400 0.01808500
v 0.03675200 0.06196300 0.01771700
v 0.03738400 0.06261300 0.01741400
v 0.03828400 0.06188700 0.01775200
v 0.03765100 0.06297400 0.01724600
v 0.03862100 0.06227900 0.01757000
v 0.03785700 0.06336600 0.01706300
v 0.03890400 0.06270300 0.01737200
v 0.03797300 0.06378800 0.01686600
v 0.03911100 0.06316100 0.01715800
v 0.03922900 0.06364600 0.01693200
v 0.03798800 0.06400500 0.01676500
v 0.03924600 0.06414400 0.01670000
v 0.03915800 0.06463500 0.01647100
v 0.03797200 0.06422300 0.01666300
v 0.03896000 0.06509900 0.01625400
v 0.03792200 0.06443600 0.01656400
v 0.03866000 0.06551700 0.01606000
v 0.03783800 0.06464000 0.01646800
v 0.03827000 0.06587000 0.01589500
v 0.03772100 0.06483000 0.01638000
v 0.03757500 0.06500400 0.01629900
v 0.03781000 0.06614500 0.01576700
v 0.03740300 0.06515700 0.01622700
v 0.03721000 0.06528800 0.01616600
v 0.03730400 0.06633500 0.01567800
v 0.03700000 0.06539500 0.01611700
v 0.03677700 0.06547400 0.01608000
v 0.03676800 0.06644300 0.01562800
v 0.03630600 0.06555300 0.01604300
v 0.03622000 0.06648000 0.01561000
v 0.03582500 0.06554700 0.01604500
v 0.03567000 0.06646300 0.01561800
v 0.03535700 0.06545600 0.01608800
v 0.03512800 0.06638400 0.01565500
v 0.03513600 0.06537100 0.01612800
v 0.03460700 0.06623000 0.01572700
v 0.03492900 0.06526000 0.01618000
v 0.03474000 0.06512400 0.01624300
v 0.03412300 0.06599200 0.01583800
v 0.03457400 0.06496400 0.01631700
v 0.03443400 0.06478600 0.01640100
v 0.03370100 0.06567100 0.01598800
v 0.03432300 0.06459200 0.01649100
v 0.03336300 0.06527700 0.01617200
v 0.03419600 0.06417600 0.01668500
v 0.03312200 0.06482900 0.01638000
v 0.03297800 0.06435000 0.01660400
v 0.03288600 0.06386000 0.01683200
v 0.03414800 0.06374200 0.01688700
v 0.03926400 0.05857700 0.01962700
v 0.03435900 0.05857700 0.01962700
v 0.03288600 0.06398600 0.01710400
v 0.03297800 0.06447700 0.01687600
v 0.03312200 0.06495600 0.01665200
v 0.03336300 0.06540400 0.01644300
v 0.03370100 0.06579800 0.01626000
v 0.03412300 0.06611800 0.01611000
v 0.03460700 0.06635700 0.01599900
v 0.03512800 0.06651100 0.01592700
v 0.03567000 0.06659000 0.01589000
v 0.03622000 0.06660700 0.01588200
v 0.03676800 0.06657000 0.01590000
v 0.03730400 0.06646200 0.01595000
v 0.03781000 0.06627200 0.01603900
v 0.03827000 0.06599600 0.01616700
v 0.03866000 0.06564400 0.01633200
v 0.03896000 0.06522600 0.01652600
v 0.03915800 0.06476200 0.01674300
v 0.03924600 0.06427000 0.01697200
v 0.03922900 0.06377200 0.01720400
v 0.03911100 0.06328800 0.01743000
v 0.03890400 0.06282900 0.01764400
v 0.03862100 0.06240600 0.01784200
v 0.03828400 0.06201400 0.01802400
v 0.03752300 0.06130100 0.01835700
v 0.03587500 0.05999700 0.01896500
v 0.03505400 0.05934000 0.01927100
v 0.03467900 0.05897900 0.01943900
v 0.03414800 0.06386900 0.01715900
v 0.03265400 0.05750700 0.02012600
v 0.03269000 0.05793900 0.01992400
v 0.03282900 0.05835400 0.01973100
v 0.03303400 0.05874600 0.01954800
v 0.03328800 0.05911300 0.01937700
v 0.03389800 0.05978100 0.01906500
v 0.03459100 0.06037900 0.01878700
v 0.03604800 0.06150100 0.01826400
v 0.03675200 0.06209000 0.01798900
v 0.03738400 0.06274000 0.01768600
v 0.03765100 0.06310000 0.01751700
v 0.03785700 0.06349200 0.01733500
v 0.03797300 0.06391500 0.01713800
v 0.03798800 0.06413200 0.01703600
v 0.03797200 0.06435000 0.01693500
v 0.03792200 0.06456300 0.01683500
v 0.03783800 0.06476700 0.01674000
v 0.03772100 0.06495700 0.01665200
v 0.03757500 0.06513000 0.01657100
v 0.03740300 0.06528400 0.01649900
v 0.03721000 0.06541500 0.01643800
v 0.03700000 0.06552100 0.01638900
v 0.03677700 0.06560100 0.01635200
v 0.03630600 0.06568000 0.01631500
v 0.03582500 0.06567400 0.01631700
v 0.03535700 0.06558300 0.01636000
v 0.03513600 0.06549800 0.01640000
v 0.03492900 0.06538600 0.01645100
v 0.03474000 0.06525000 0.01651500
v 0.03457400 0.06509100 0.01658900
v 0.03443400 0.06491200 0.01667300
v 0.03432300 0.06471800 0.01676300
v 0.03419600 0.06430300 0.01695700
v 0.03926400 0.05750700 0.02012600
v 0.04058000 0.05975500 0.01874700
v 0.04068600 0.05927300 0.01897100
v 0.04187000 0.05985400 0.01870100
v 0.04084600 0.05881000 0.01918700
v 0.04206700 0.05918600 0.01901200
v 0.04110400 0.05838400 0.01938600
v 0.04145600 0.05801000 0.01956000
v 0.04224600 0.05888000 0.01915500
v 0.04187900 0.05770200 0.01970400
v 0.04248800 0.05861100 0.01928000
v 0.04235400 0.05747000 0.01981200
v 0.04278800 0.05839500 0.01938100
v 0.04286400 0.05731700 0.01988300
v 0.04313100 0.05824200 0.01945200
v 0.04339600 0.05724000 0.01991900
v 0.04350100 0.05815900 0.01949100
v 0.04393800 0.05722900 0.01992400
v 0.04388400 0.05814300 0.01949800
v 0.04426300 0.05819100 0.01947600
v 0.04447800 0.05727800 0.01990100
v 0.04462600 0.05830100 0.01942400
v 0.04500100 0.05739800 0.01984500
v 0.04495800 0.05847200 0.01934500
v 0.04549100 0.05759900 0.01975200
v 0.04524800 0.05869900 0.01923900
v 0.04593500 0.05787900 0.01962100
v 0.04548900 0.05897100 0.01911200
v 0.04632400 0.05822300 0.01946100
v 0.04567500 0.05927500 0.01897000
v 0.04664800 0.05861600 0.01927700
v 0.04580200 0.05960000 0.01881900
v 0.04690200 0.05904700 0.01907600
v 0.04587700 0.05993900 0.01866100
v 0.04708000 0.05950700 0.01886200
v 0.04718000 0.05998700 0.01863900
v 0.04590800 0.06028600 0.01849900
v 0.04721100 0.06047600 0.01841000
v 0.04589700 0.06063400 0.01833700
v 0.04717300 0.06096500 0.01818200
v 0.04705700 0.06144200 0.01796000
v 0.04583700 0.06097600 0.01817700
v 0.04685300 0.06189300 0.01775000
v 0.04571800 0.06130400 0.01802400
v 0.04656100 0.06230600 0.01755700
v 0.04619600 0.06266800 0.01738800
v 0.04553400 0.06160900 0.01788200
v 0.04576700 0.06296700 0.01724900
v 0.04529100 0.06187800 0.01775700
v 0.04528800 0.06319100 0.01714400
v 0.04499600 0.06209900 0.01765300
v 0.04465800 0.06226200 0.01757800
v 0.04477200 0.06333100 0.01707900
v 0.04429200 0.06236200 0.01753100
v 0.04423500 0.06338800 0.01705200
v 0.04391200 0.06240400 0.01751100
v 0.04369400 0.06336600 0.01706300
v 0.04352900 0.06239700 0.01751500
v 0.04316900 0.06325900 0.01711200
v 0.04315500 0.06233200 0.01754500
v 0.04267900 0.06306500 0.01720300
v 0.04279900 0.06220800 0.01760200
v 0.04221100 0.06282100 0.01731700
v 0.04247000 0.06203100 0.01768500
v 0.04218900 0.06179900 0.01779300
v 0.04195100 0.06152900 0.01791900
v 0.04079900 0.06166500 0.01785600
v 0.04176700 0.06632000 0.01568500
v 0.04274900 0.06525700 0.01618100
v 0.04674000 0.06632000 0.01568500
v 0.04674000 0.06525700 0.01618100
v 0.04221100 0.06294800 0.01758900
v 0.04267900 0.06319200 0.01747500
v 0.04316900 0.06338600 0.01738400
v 0.04369400 0.06349200 0.01733500
v 0.04423500 0.06351500 0.01732400
v 0.04477200 0.06345800 0.01735100
v 0.04528800 0.06331800 0.01741600
v 0.04576700 0.06309400 0.01752000
v 0.04619600 0.06279500 0.01766000
v 0.04656100 0.06243300 0.01782900
v 0.04685300 0.06202000 0.01802100
v 0.04705700 0.06156900 0.01823200
v 0.04717300 0.06109200 0.01845400
v 0.04721100 0.06060300 0.01868200
v 0.04718000 0.06011300 0.01891000
v 0.04708000 0.05963400 0.01913400
v 0.04690200 0.05917400 0.01934800
v 0.04664800 0.05874300 0.01954900
v 0.04632400 0.05835000 0.01973300
v 0.04593500 0.05800600 0.01989300
v 0.04549100 0.05772600 0.02002400
v 0.04500100 0.05752500 0.02011700
v 0.04447800 0.05740500 0.02017300
v 0.04393800 0.05735600 0.02019600
v 0.04339600 0.05736700 0.02019100
v 0.04286400 0.05744300 0.02015500
v 0.04235400 0.05759600 0.02008400
v 0.04187900 0.05782900 0.01997600
v 0.04145600 0.05813700 0.01983200
v 0.04110400 0.05851000 0.01965800
v 0.04084600 0.05893700 0.01945900
v 0.04068600 0.05940000 0.01924300
v 0.04058000 0.05988100 0.01901900
v 0.04274900 0.06538400 0.01645300
v 0.04674000 0.06538400 0.01645300
v 0.04674000 0.06644700 0.01595700
v 0.04176700 0.06644700 0.01595700
v 0.04079900 0.06179200 0.01812800
v 0.04195100 0.06165600 0.01819100
v 0.04187000 0.05998000 0.01897200
v 0.04206700 0.05931300 0.01928400
v 0.04224600 0.05900700 0.01942600
v 0.04248800 0.05873800 0.01955200
v 0.04278800 0.05852100 0.01965300
v 0.04313100 0.05836800 0.01972400
v 0.04350100 0.05828600 0.01976300
v 0.04388400 0.05827000 0.01977000
v 0.04426300 0.05831800 0.01974800
v 0.04462600 0.05842800 0.01969600
v 0.04495800 0.05859900 0.01961700
v 0.04524800 0.05882600 0.01951100
v 0.04548900 0.05909800 0.01938400
v 0.04567500 0.05940200 0.01924200
v 0.04580200 0.05972700 0.01909100
v 0.04587700 0.06006600 0.01893300
v 0.04590800 0.06041300 0.01877100
v 0.04589700 0.06076100 0.01860800
v 0.04583700 0.06110300 0.01844900
v 0.04571800 0.06143100 0.01829600
v 0.04553400 0.06173500 0.01815400
v 0.04529100 0.06200500 0.01802800
v 0.04499600 0.06222600 0.01792500
v 0.04465800 0.06238900 0.01784900
v 0.04429200 0.06248900 0.01780300
v 0.04391200 0.06253100 0.01778300
v 0.04352900 0.06252300 0.01778700
v 0.04315500 0.06245900 0.01781700
v 0.04279900 0.06233500 0.01787400
v 0.04247000 0.06215800 0.01795700
v 0.04218900 0.06192600 0.01806500
v 0.02835800 0.06959200 0.01449100
v 0.02830000 0.06919300 0.01467700
v 0.02835800 0.06879400 0.01486200
v 0.02852800 0.06842200 0.01503600
v 0.02879800 0.06810300 0.01518500
v 0.02915000 0.06785900 0.01529900
v 0.02956000 0.06770500 0.01537100
v 0.03000000 0.06765200 0.01539500
v 0.03044000 0.06770500 0.01537100
v 0.03085000 0.06785900 0.01529900
v 0.03120200 0.06810300 0.01518500
v 0.03147200 0.06842200 0.01503600
v 0.03164200 0.06879400 0.01486200
v 0.03170000 0.06919300 0.01467700
v 0.03164200 0.06959200 0.01449100
v 0.03147200 0.06996300 0.01431700
v 0.03120200 0.07028200 0.01416900
v 0.03085000 0.07052700 0.01405400
v 0.03044000 0.07068100 0.01398300
v 0.03000000 0.07073400 0.01395800
v 0.02956000 0.07068100 0.01398300
v 0.02915000 0.07052700 0.01405400
v 0.02879800 0.07028200 0.01416900
v 0.02852800 0.06996300 0.01431700
v 0.04835800 0.06959200 0.01449100
v 0.04830000 0.06919300 0.01467700
v 0.04835800 0.06879400 0.01486200
v 0.04852800 0.06842200 0.01503600
v 0.04879800 0.06810300 0.01518500
v 0.04915000 0.06785900 0.01529900
v 0.04956000 0.06770500 0.01537100
v 0.05000000 0.06765200 0.01539500
v 0.05044000 0.06770500 0.01537100
v 0.05085000 0.06785900 0.01529900
v 0.05120200 0.06810300 0.01518500
v 0.05147200 0.06842200 0.01503600
v 0.05164200 0.06879400 0.01486200
v 0.05170000 0.06919300 0.01467700
v 0.05164200 0.06959200 0.01449100
v 0.05147200 0.06996300 0.01431700
v 0.05120200 0.07028200 0.01416900
v 0.05085000 0.07052700 0.01405400
v 0.05044000 0.07068100 0.01398300
v 0.05000000 0.07073400 0.01395800
v 0.04956000 0.07068100 0.01398300
v 0.04915000 0.07052700 0.01405400
v 0.04879800 0.07028200 0.01416900
v 0.04852800 0.06996300 0.01431700
v 0.06150000 0.09139000 0.02915200
v 0.06150000 0.08310700 0.01138800
v 0.06350000 0.09139000 0.02915200
v 0.06350000 0.08310700 0.01138800
v 0.06150000 0.05773000 0.02322100
v 0.06150000 0.06601300 0.04098500
v 0.06350000 0.05773000 0.02322100
v 0.06350000 0.06601300 0.04098500
v 0.06150000 0.05754100 0.02263900
v 0.06350000 0.05755200 0.02269100
v 0.06150000 0.05750200 0.02233500
v 0.06350000 0.05749600 0.02213400
v 0.06146600 0.05750700 0.02192900
v 0.06350000 0.05756600 0.02157800
v 0.06138100 0.05757200 0.02155400
v 0.06126100 0.05768900 0.02120000
v 0.06350000 0.05775700 0.02105200
v 0.06111800 0.05785500 0.02087300
v 0.06350000 0.05806100 0.02058200
v 0.06097100 0.05806500 0.02057700
v 0.06083600 0.05831600 0.02031300
v 0.06350000 0.05846200 0.02019100
v 0.06073800 0.05860700 0.02008600
v 0.06350000 0.05893900 0.01989900
v 0.06070000 0.05893900 0.01989900
v 0.06150000 0.05761800 0.02293600
v 0.06070000 0.07978400 0.01017900
v 0.06350000 0.07978400 0.01017900
v 0.06150000 0.08296000 0.01111900
v 0.06350000 0.08281500 0.01091000
v 0.06150000 0.08278200 0.01086900
v 0.06150000 0.08257400 0.01064300
v 0.06350000 0.08242400 0.01051000
v 0.06146600 0.08226000 0.01038600
v 0.06350000 0.08195400 0.01020600
v 0.06138100 0.08193100 0.01019500
v 0.06126100 0.08158500 0.01005800
v 0.06350000 0.08142800 0.01001500
v 0.06111800 0.08122800 0.00997500
v 0.06350000 0.08087200 0.00994500
v 0.06097100 0.08086500 0.00994500
v 0.06083600 0.08050200 0.00996800
v 0.06350000 0.08031500 0.01000100
v 0.06073800 0.08014100 0.01004500
v 0.06350000 0.09224700 0.02875200
v 0.06350000 0.07984000 0.00214500
v 0.06350000 0.05035300 0.00964000
v 0.06350000 0.06515600 0.04138500
v 0.06150000 0.06515600 0.04138500
v 0.06150000 0.05649200 0.02280600
v 0.06572400 0.03118300 0.01600000
v 0.06572000 0.03120500 0.01450700
v 0.06565000 0.03198200 0.01600000
v 0.06565000 0.03198200 0.01431000
v 0.06572400 0.03278100 0.01600000
v 0.06572000 0.03275900 0.01411200
v 0.06592700 0.03351100 0.01392100
v 0.06592700 0.03045400 0.01469800
v 0.06594400 0.03041100 0.01600000
v 0.06626600 0.02975100 0.01487700
v 0.06630200 0.02969200 0.01600000
v 0.06672400 0.02912000 0.01503700
v 0.06678500 0.02905200 0.01600000
v 0.06728800 0.02858100 0.01517400
v 0.06737900 0.02851100 0.01600000
v 0.06793900 0.02815200 0.01528400
v 0.06806100 0.02808800 0.01600000
v 0.06865600 0.02784500 0.01536100
v 0.06881000 0.02779800 0.01600000
v 0.06941600 0.02767200 0.01540600
v 0.06959900 0.02765100 0.01600000
v 0.07019500 0.02763700 0.01541400
v 0.07040100 0.02765100 0.01600000
v 0.07096800 0.02774100 0.01538800
v 0.07119000 0.02779800 0.01600000
v 0.07171000 0.02798200 0.01532700
v 0.07193900 0.02808800 0.01600000
v 0.07239600 0.02835200 0.01523300
v 0.07262100 0.02851100 0.01600000
v 0.07300600 0.02883800 0.01510900
v 0.07321500 0.02905200 0.01600000
v 0.07351900 0.02942500 0.01496000
v 0.07369800 0.02969200 0.01600000
v 0.07391900 0.03009500 0.01479000
v 0.07405600 0.03041100 0.01600000
v 0.07419300 0.03082500 0.01460400
v 0.07427600 0.03118300 0.01600000
v 0.07433200 0.03159200 0.01440900
v 0.07435000 0.03198200 0.01600000
v 0.07433200 0.03237200 0.01421100
v 0.07427600 0.03278100 0.01600000
v 0.07419300 0.03313900 0.01401600
v 0.07405600 0.03355400 0.01600000
v 0.07391900 0.03387000 0.01383000
v 0.07369800 0.03427200 0.01600000
v 0.07351900 0.03453900 0.01366000
v 0.07321500 0.03491300 0.01600000
v 0.07300600 0.03512600 0.01351100
v 0.07262100 0.03545400 0.01600000
v 0.07239600 0.03561300 0.01338700
v 0.07193900 0.03587600 0.01600000
v 0.07171000 0.03598200 0.01329300
v 0.07119000 0.03616600 0.01600000
v 0.07096800 0.03622300 0.01323200
v 0.07040100 0.03631400 0.01600000
v 0.07019500 0.03632800 0.01320500
v 0.06959900 0.03631400 0.01600000
v 0.06941600 0.03629300 0.01321400
v 0.06881000 0.03616600 0.01600000
v 0.06865600 0.03611900 0.01325800
v 0.06806100 0.03587600 0.01600000
v 0.06793900 0.03581300 0.01333600
v 0.06737900 0.03545400 0.01600000
v 0.06728800 0.03538300 0.01344500
v 0.06678500 0.03491300 0.01600000
v 0.06672400 0.03484400 0.01358200
v 0.06630200 0.03427200 0.01600000
v 0.06626600 0.03421300 0.01374300
v 0.06594400 0.03355400 0.01600000
v 0.06725000 0.03198200 0.01600000
v 0.06732400 0.03261600 0.01600000
v 0.06754300 0.03321600 0.01600000
v 0.06789300 0.03375000 0.01600000
v 0.06835800 0.03418800 0.01600000
v 0.06891100 0.03450700 0.01600000
v 0.06952200 0.03469000 0.01600000
v 0.07016000 0.03472800 0.01600000
v 0.07078900 0.03461700 0.01600000
v 0.07137500 0.03436400 0.01600000
v 0.07188700 0.03398200 0.01600000
v 0.07229800 0.03349300 0.01600000
v 0.07258400 0.03292300 0.01600000
v 0.07273100 0.03230100 0.01600000
v 0.07273100 0.03166300 0.01600000
v 0.07258400 0.03104200 0.01600000
v 0.07229800 0.03047100 0.01600000
v 0.07188700 0.02998200 0.01600000
v 0.07137500 0.02960100 0.01600000
v 0.07078900 0.02934800 0.01600000
v 0.07016000 0.02923700 0.01600000
v 0.06952200 0.02927400 0.01600000
v 0.06891100 0.02945700 0.01600000
v 0.06835800 0.02977600 0.01600000
v 0.06789300 0.03021500 0.01600000
v 0.06754300 0.03074800 0.01600000
v 0.06732400 0.03134800 0.01600000
v 0.00572400 0.03118300 0.01600000
v 0.00572000 0.03120500 0.01450700
v 0.00565000 0.03198200 0.01600000
v 0.00565000 0.03198200 0.01431000
v 0.00572400 0.03278100 0.01600000
v 0.00572000 0.03275900 0.01411200
v 0.00592700 0.03351100 0.01392100
v 0.00592700 0.03045400 0.01469800
v 0.00594400 0.03041100 0.01600000
v 0.00626600 0.02975100 0.01487700
v 0.00630200 0.02969200 0.01600000
v 0.00672400 0.02912000 0.01503700
v 0.00678500 0.02905200 0.01600000
v 0.00728800 0.02858100 0.01517400
v 0.00737900 0.02851100 0.01600000
v 0.00793900 0.02815200 0.01528400
v 0.00806100 0.02808800 0.01600000
v 0.00865600 0.02784500 0.01536100
v 0.00881000 0.02779800 0.01600000
v 0.00941600 0.02767200 0.01540600
v 0.00959900 0.02765100 0.01600000
v 0.01019500 0.02763700 0.01541400
v 0.01040100 0.02765100 0.01600000
v 0.01096800 0.02774100 0.01538800
v 0.01119000 0.02779800 0.01600000
v 0.01171000 0.02798200 0.01532700
v 0.01193900 0.02808800 0.01600000
v 0.01239600 0.02835200 0.01523300
v 0.01262100 0.02851100 0.01600000
v 0.01300600 0.02883800 0.01510900
v 0.01321500 0.02905200 0.01600000
v 0.01351900 0.02942500 0.01496000
v 0.01369800 0.02969200 0.01600000
v 0.01391900 0.03009500 0.01479000
v 0.01405600 0.03041100 0.01600000
v 0.01419300 0.03082500 0.01460400
v 0.01427600 0.03118300 0.01600000
v 0.01433200 0.03159200 0.01440900
v 0.01435000 0.03198200 0.01600000
v 0.01433200 0.03237200 0.01421100
v 0.01427600 0.03278100 0.01600000
v 0.01419300 0.03313900 0.01401600
v 0.01405600 0.03355400 0.01600000
v 0.01391900 0.03387000 0.01383000
v 0.01369800 0.03427200 0.01600000
v 0.01351900 0.03453900 0.01366000
v 0.01321500 0.03491300 0.01600000
v 0.01300600 0.03512600 0.01351100
v 0.01262100 0.03545400 0.01600000
v 0.01239600 0.03561300 0.01338700
v 0.01193900 0.03587600 0.01600000
v 0.01171000 0.03598200 0.01329300
v 0.01119000 0.03616600 0.01600000
v 0.01096800 0.03622300 0.01323200
v 0.01040100 0.03631400 0.01600000
v 0.01019500 0.03632800 0.01320500
v 0.00959900 0.03631400 0.01600000
v 0.00941600 0.03629300 0.01321400
v 0.00881000 0.03616600 0.01600000
v 0.00865600 0.03611900 0.01325800
v 0.00806100 0.03587600 0.01600000
v 0.00793900 0.03581300 0.01333600
v 0.00737900 0.03545400 0.01600000
v 0.00728800 0.03538300 0.01344500
v 0.00678500 0.03491300 0.01600000
v 0.00672400 0.03484400 0.01358200
v 0.00630200 0.03427200 0.01600000
v 0.00626600 0.03421300 0.01374300
v 0.00594400 0.03355400 0.01600000
v 0.00725000 0.03198200 0.01600000
v 0.00732400 0.03261600 0.01600000
v 0.00754300 0.03321600 0.01600000
v 0.00789300 0.03375000 0.01600000
v 0.00835800 0.03418800 0.01600000
v 0.00891100 0.03450700 0.01600000
v 0.00952200 0.03469000 0.01600000
v 0.01016000 0.03472800 0.01600000
v 0.01078900 0.03461700 0.01600000
v 0.01137500 0.03436400 0.01600000
v 0.01188700 0.03398200 0.01600000
v 0.01229800 0.03349300 0.01600000
v 0.01258400 0.03292300 0.01600000
v 0.01273100 0.03230100 0.01600000
v 0.01273100 0.03166300 0.01600000
v 0.01258400 0.03104200 0.01600000
v 0.01229800 0.03047100 0.01600000
v 0.01188700 0.02998200 0.01600000
v 0.01137500 0.02960100 0.01600000
v 0.01078900 0.02934800 0.01600000
v 0.01016000 0.02923700 0.01600000
v 0.00952200 0.02927400 0.01600000
v 0.00891100 0.02945700 0.01600000
v 0.00835800 0.02977600 0.01600000
v 0.00789300 0.03021500 0.01600000
v 0.00754300 0.03074800 0.01600000
v 0.00732400 0.03134800 0.01600000
v 0.00732400 0.03261600 0.01985200
v 0.00725000 0.03198200 0.01985200
v 0.00732400 0.03134800 0.01985200
v 0.00754300 0.03074800 0.01985200
v 0.00789300 0.03021500 0.01985200
v 0.00835800 0.02977600 0.01985200
v 0.00891100 0.02945700 0.01985200
v 0.00952200 0.02927400 0.01985200
v 0.01016000 0.02923700 0.01985200
v 0.01078900 0.02934800 0.01985200
v 0.01137500 0.02960100 0.01985200
v 0.01188700 0.02998200 0.01985200
v 0.01229800 0.03047100 0.01985200
v 0.01258400 0.03104200 0.01985200
v 0.01273100 0.03166300 0.01985200
v 0.01273100 0.03230100 0.01985200
v 0.01258400 0.03292300 0.01985200
v 0.01229800 0.03349300 0.01985200
v 0.01188700 0.03398200 0.01985200
v 0.01137500 0.03436400 0.01985200
v 0.01078900 0.03461700 0.01985200
v 0.01016000 0.03472800 0.01985200
v 0.00952200 0.03469000 0.01985200
v 0.00891100 0.03450700 0.01985200
v 0.00835800 0.03418800 0.01985200
v 0.00789300 0.03375000 0.01985200
v 0.00754300 0.03321600 0.01985200
v 0.06732400 0.03261600 0.01985200
v 0.06725000 0.03198200 0.01985200
v 0.06732400 0.03134800 0.01985200
v 0.06754300 0.03074800 0.01985200
v 0.06789300 0.03021500 0.01985200
v 0.06835800 0.02977600 0.01985200
v 0.06891100 0.02945700 0.01985200
v 0.06952200 0.02927400 0.01985200
v 0.07016000 0.02923700 0.01985200
v 0.07078900 0.02934800 0.01985200
v 0.07137500 0.02960100 0.01985200
v 0.07188700 0.02998200 0.01985200
v 0.07229800 0.03047100 0.01985200
v 0.07258400 0.03104200 0.01985200
v 0.07273100 0.03166300 0.01985200
v 0.07273100 0.03230100 0.01985200
v 0.07258400 0.03292300 0.01985200
v 0.07229800 0.03349300 0.01985200
v 0.07188700 0.03398200 0.01985200
v 0.07137500 0.03436400 0.01985200
v 0.07078900 0.03461700 0.01985200
v 0.07016000 0.03472800 0.01985200
v 0.06952200 0.03469000 0.01985200
v 0.06891100 0.03450700 0.01985200
v 0.06835800 0.03418800 0.01985200
v 0.06789300 0.03375000 0.01985200
v 0.06754300 0.03321600 0.01985200
v 0.01657300 0.08094200 0.00186500
v 0.02505400 0.08827800 0.00000000
v 0.01650000 0.07984000 0.00214500
v 0.01679100 0.08202400 0.00159000
v 0.01715100 0.08306900 0.00132400
v 0.01764600 0.08405900 0.00107200
v 0.01826800 0.08497700 0.00083900
v 0.01900500 0.08580700 0.00062800
v 0.01984700 0.08653500 0.00044300
v 0.02077700 0.08714800 0.00028700
v 0.02178100 0.08763600 0.00016300
v 0.02284000 0.08799100 0.00007300
v 0.02393700 0.08820600 0.00001800
v 0.05494600 0.08827800 0.00000000
v 0.05606300 0.08820600 0.00001800
v 0.05716000 0.08799100 0.00007300
v 0.05821900 0.08763600 0.00016300
v 0.05922300 0.08714800 0.00028700
v 0.06015300 0.08653500 0.00044300
v 0.06099500 0.08580700 0.00062800
v 0.06173200 0.08497700 0.00083900
v 0.06235400 0.08405900 0.00107200
v 0.06284900 0.08306900 0.00132400
v 0.06320900 0.08202400 0.00159000
v 0.06342700 0.08094200 0.00186500
v 0.05494600 0.04191500 0.01178500
v 0.06342700 0.04925200 0.00992000
v 0.06320900 0.04816900 0.01019500
v 0.06284900 0.04712400 0.01046100
v 0.06235400 0.04613400 0.01071300
v 0.06173200 0.04521600 0.01094600
v 0.06099500 0.04438700 0.01115700
v 0.06015300 0.04365900 0.01134200
v 0.05922300 0.04304600 0.01149800
v 0.05821900 0.04255700 0.01162200
v 0.05716000 0.04220300 0.01171200
v 0.05606300 0.04198700 0.01176700
v 0.08000000 0.04191500 0.01178500
v 0.08000000 0.02198200 0.01685200
v -0.00000000 0.02198200 0.01685200
v 0.00000000 0.04191500 0.01178500
v 0.02505400 0.04191500 0.01178500
v 0.02393700 0.04198700 0.01176700
v 0.02284000 0.04220300 0.01171200
v 0.02178100 0.04255700 0.01162200
v 0.02077700 0.04304600 0.01149800
v 0.01984700 0.04365900 0.01134200
v 0.01900500 0.04438700 0.01115700
v 0.01826800 0.04521600 0.01094600
v 0.01764600 0.04613400 0.01071300
v 0.01715100 0.04712400 0.01046100
v 0.01679100 0.04816900 0.01019500
v 0.01657300 0.04925200 0.00992000
v 0.01650000 0.05035300 0.00964000
v 0.01650000 0.06515600 0.04138500
v 0.01650000 0.09224700 0.02875200
v 0.01657300 0.05640000 0.02524900
v 0.01679100 0.05540500 0.02571300
v 0.01715100 0.05444500 0.02616100
v 0.01764600 0.05353600 0.02658500
v 0.01826800 0.05269200 0.02697800
v 0.01900500 0.05193000 0.02733400
v 0.01984700 0.05126100 0.02764500
v 0.02077700 0.05069800 0.02790800
v 0.02178100 0.05024900 0.02811700
v 0.02284000 0.04992300 0.02826900
v 0.02393700 0.04972600 0.02836200
v 0.02505400 0.04498200 0.01836200
v 0.02505400 0.05740400 0.04500000
v 0.02393700 0.05747000 0.04496900
v 0.02284000 0.05766800 0.04487700
v 0.02178100 0.05799400 0.04472500
v 0.02077700 0.05844200 0.04451600
v 0.01984700 0.05900600 0.04425300
v 0.01900500 0.05967400 0.04394100
v 0.01826800 0.06043700 0.04358600
v 0.01764600 0.06128000 0.04319200
v 0.01715100 0.06218900 0.04276800
v 0.01679100 0.06315000 0.04232100
v 0.01657300 0.06414400 0.04185700
v 0.00000000 0.04498200 0.01836200
v 0.00000000 0.04198200 0.01985200
v 0.00000000 0.02198200 0.01985200
v 0.00000000 0.04198200 0.03985200
v 0.00000000 0.04498200 0.03985200
v 0.08000000 0.02198200 0.01985200
v 0.08000000 0.04198200 0.01985200
v 0.08000000 0.04498200 0.01836200
v 0.08000000 0.04498200 0.03985200
v 0.08000000 0.04198200 0.03985200
v 0.00732400 0.04498200 0.03048600
v 0.00732400 0.04198200 0.03048600
v 0.00725000 0.04498200 0.02985200
v 0.00725000 0.04198200 0.02985200
v 0.00732400 0.04498200 0.02921800
v 0.00732400 0.04198200 0.02921800
v 0.00754300 0.04498200 0.02861800
v 0.00754300 0.04198200 0.02861800
v 0.00789300 0.04498200 0.02808400
v 0.00789300 0.04198200 0.02808400
v 0.00835800 0.04498200 0.02764600
v 0.00835800 0.04198200 0.02764600
v 0.00891100 0.04498200 0.02732700
v 0.00891100 0.04198200 0.02732700
v 0.00952200 0.04498200 0.02714400
v 0.00952200 0.04198200 0.02714400
v 0.01016000 0.04498200 0.02710600
v 0.01016000 0.04198200 0.02710600
v 0.01078900 0.04498200 0.02721700
v 0.01078900 0.04198200 0.02721700
v 0.01137500 0.04498200 0.02747000
v 0.01137500 0.04198200 0.02747000
v 0.01188700 0.04498200 0.02785100
v 0.01188700 0.04198200 0.02785100
v 0.01229800 0.04498200 0.02834100
v 0.01229800 0.04198200 0.02834100
v 0.01258400 0.04498200 0.02891100
v 0.01258400 0.04198200 0.02891100
v 0.01273100 0.04498200 0.02953300
v 0.01273100 0.04198200 0.02953300
v 0.01273100 0.04498200 0.03017100
v 0.01273100 0.04198200 0.03017100
v 0.01258400 0.04498200 0.03079200
v 0.01258400 0.04198200 0.03079200
v 0.01229800 0.04498200 0.03136300
v 0.01229800 0.04198200 0.03136300
v 0.01188700 0.04498200 0.03185200
v 0.01188700 0.04198200 0.03185200
v 0.01137500 0.04498200 0.03223300
v 0.01137500 0.04198200 0.03223300
v 0.01078900 0.04498200 0.03248600
v 0.01078900 0.04198200 0.03248600
v 0.01016000 0.04498200 0.03259700
v 0.01016000 0.04198200 0.03259700
v 0.00952200 0.04498200 0.03256000
v 0.00952200 0.04198200 0.03256000
v 0.00891100 0.04498200 0.03237700
v 0.00891100 0.04198200 0.03237700
v 0.00835800 0.04498200 0.03205800
v 0.00835800 0.04198200 0.03205800
v 0.00789300 0.04498200 0.03161900
v 0.00789300 0.04198200 0.03161900
v 0.00754300 0.04498200 0.03108600
v 0.00754300 0.04198200 0.03108600
v 0.06732400 0.04498200 0.03048600
v 0.06732400 0.04198200 0.03048600
v 0.06725000 0.04498200 0.02985200
v 0.06725000 0.04198200 0.02985200
v 0.06732400 0.04498200 0.02921800
v 0.06732400 0.04198200 0.02921800
v 0.06754300 0.04498200 0.02861800
v 0.06754300 0.04198200 0.02861800
v 0.06789300 0.04498200 0.02808400
v 0.06789300 0.04198200 0.02808400
v 0.06835800 0.04498200 0.02764600
v 0.06835800 0.04198200 0.02764600
v 0.06891100 0.04498200 0.02732700
v 0.06891100 0.04198200 0.02732700
v 0.06952200 0.04498200 0.02714400
v 0.06952200 0.04198200 0.02714400
v 0.07016000 0.04498200 0.02710600
v 0.07016000 0.04198200 0.02710600
v 0.07078900 0.04498200 0.02721700
v 0.07078900 0.04198200 0.02721700
v 0.07137500 0.04498200 0.02747000
v 0.07137500 0.04198200 0.02747000
v 0.07188700 0.04498200 0.02785100
v 0.07188700 0.04198200 0.02785100
v 0.07229800 0.04498200 0.02834100
v 0.07229800 0.04198200 0.02834100
v 0.07258400 0.04498200 0.02891100
v 0.07258400 0.04198200 0.02891100
v 0.07273100 0.04498200 0.02953300
v 0.07273100 0.04198200 0.02953300
v 0.07273100 0.04498200 0.03017100
v 0.07273100 0.04198200 0.03017100
v 0.07258400 0.04498200 0.03079200
v 0.07258400 0.04198200 0.03079200
v 0.07229800 0.04498200 0.03136300
v 0.07229800 0.04198200 0.03136300
v 0.07188700 0.04498200 0.03185200
v 0.07188700 0.04198200 0.03185200
v 0.07137500 0.04498200 0.03223300
v 0.07137500 0.04198200 0.03223300
v 0.07078900 0.04498200 0.03248600
v 0.07078900 0.04198200 0.03248600
v 0.07016000 0.04498200 0.03259700
v 0.07016000 0.04198200 0.03259700
v 0.06952200 0.04498200 0.03256000
v 0.06952200 0.04198200 0.03256000
v 0.06891100 0.04498200 0.03237700
v 0.06891100 0.04198200 0.03237700
v 0.06835800 0.04498200 0.03205800
v 0.06835800 0.04198200 0.03205800
v 0.06789300 0.04498200 0.03161900
v 0.06789300 0.04198200 0.03161900
v 0.06754300 0.04498200 0.03108600
v 0.06754300 0.04198200 0.03108600
v 0.02505400 0.04498200 0.03985200
v 0.02505400 0.04198200 0.03985200
v 0.05494600 0.05740400 0.04500000
v 0.05494600 0.04198200 0.03985200
v 0.05494600 0.04498200 0.03985200
v 0.05494600 0.04498200 0.01836200
v 0.01856800 0.05627400 0.02233600
v 0.01856800 0.06530400 0.01812600
v 0.01850000 0.05649200 0.02280600
v 0.01856800 0.07433500 0.01391500
v 0.01850000 0.08358400 0.01017300
v 0.01856800 0.08336500 0.00970400
v 0.01876800 0.08316100 0.00926600
v 0.01876800 0.07413100 0.01347700
v 0.01908600 0.08298600 0.00889100
v 0.01908600 0.07395600 0.01310200
v 0.01950000 0.08285200 0.00860300
v 0.01950000 0.07382100 0.01281400
v 0.01998200 0.08276700 0.00842200
v 0.01998200 0.07373700 0.01263300
v 0.02050000 0.08273900 0.00836000
v 0.01998200 0.06470600 0.01684400
v 0.02050000 0.05564700 0.02099300
v 0.01998200 0.05567600 0.02105500
v 0.01950000 0.05576000 0.02123600
v 0.01950000 0.06479100 0.01702500
v 0.01908600 0.05589500 0.02152400
v 0.01908600 0.06492500 0.01731300
v 0.01876800 0.05607000 0.02189900
v 0.01876800 0.06510000 0.01768800
v 0.02426300 0.08680300 0.00646500
v 0.02505400 0.08686600 0.00643500
v 0.02433200 0.08731700 0.00630000
v 0.02505400 0.08736400 0.00627800
v 0.02505400 0.08788500 0.00625600
v 0.02426400 0.08783400 0.00628000
v 0.02505400 0.08839500 0.00636900
v 0.02420500 0.08834000 0.00639400
v 0.02505400 0.08885800 0.00661000
v 0.02415900 0.08880000 0.00663700
v 0.02505400 0.08924300 0.00696300
v 0.02413100 0.08918300 0.00699000
v 0.02505400 0.08952400 0.00740300
v 0.02412100 0.08946300 0.00743100
v 0.02322700 0.08900500 0.00707400
v 0.02320800 0.08928300 0.00751500
v 0.02236000 0.08871200 0.00721000
v 0.02233100 0.08898700 0.00765300
v 0.02154700 0.08831000 0.00739800
v 0.02151100 0.08858100 0.00784300
v 0.02080700 0.08780700 0.00763200
v 0.02076200 0.08807300 0.00807900
v 0.02015200 0.08721400 0.00790900
v 0.02010100 0.08747400 0.00835900
v 0.01959800 0.08654300 0.00822200
v 0.01954000 0.08679500 0.00867500
v 0.01915400 0.08580700 0.00856500
v 0.01909200 0.08605100 0.00902200
v 0.01883100 0.08502100 0.00893100
v 0.01876500 0.08525700 0.00939200
v 0.01863400 0.08420200 0.00931300
v 0.01856700 0.08442900 0.00977900
v 0.01883200 0.08397200 0.00888800
v 0.01902300 0.08476600 0.00851800
v 0.01933600 0.08552800 0.00816300
v 0.01976600 0.08624100 0.00783000
v 0.02030300 0.08689200 0.00752700
v 0.02093800 0.08746700 0.00725900
v 0.02165600 0.08795400 0.00703200
v 0.02244300 0.08834300 0.00685000
v 0.02328300 0.08862700 0.00671700
v 0.01914700 0.08375600 0.00853200
v 0.01932800 0.08451000 0.00818000
v 0.01962500 0.08523300 0.00784300
v 0.02003300 0.08591000 0.00752700
v 0.02054400 0.08652800 0.00723900
v 0.02114600 0.08707400 0.00698500
v 0.02182700 0.08753600 0.00676900
v 0.02257500 0.08790600 0.00659700
v 0.02337300 0.08817600 0.00647100
v 0.01955700 0.08356800 0.00826900
v 0.01972500 0.08427000 0.00794200
v 0.02000200 0.08494300 0.00762800
v 0.02038200 0.08557300 0.00733400
v 0.02085700 0.08614800 0.00706600
v 0.02141700 0.08665600 0.00682900
v 0.02205100 0.08708600 0.00662800
v 0.02274700 0.08743100 0.00646800
v 0.02348900 0.08768200 0.00635100
v 0.02003400 0.08342100 0.00811700
v 0.02018800 0.08406200 0.00781800
v 0.02044100 0.08467700 0.00753100
v 0.02078700 0.08525200 0.00726300
v 0.02122100 0.08577700 0.00701800
v 0.02173300 0.08624100 0.00680200
v 0.02231200 0.08663400 0.00661900
v 0.02294700 0.08694800 0.00647200
v 0.02362500 0.08717800 0.00636500
v 0.02056900 0.08345500 0.00802600
v 0.02077500 0.08415000 0.00770200
v 0.02111000 0.08480200 0.00739800
v 0.02156500 0.08539200 0.00712300
v 0.02212700 0.08590000 0.00688600
v 0.02277700 0.08631300 0.00669300
v 0.02349600 0.08661700 0.00655200
v 0.05494600 0.08736400 0.00627800
v 0.04498200 0.08736400 0.00627800
v 0.05494600 0.08686600 0.00643500
v 0.03501800 0.08736400 0.00627800
v 0.03501800 0.08788500 0.00625600
v 0.03501800 0.08839500 0.00636900
v 0.03501800 0.08885800 0.00661000
v 0.03501800 0.08924300 0.00696300
v 0.04498200 0.08924300 0.00696300
v 0.05494600 0.08952400 0.00740300
v 0.05494600 0.08924300 0.00696300
v 0.05494600 0.08885800 0.00661000
v 0.04498200 0.08885800 0.00661000
v 0.05494600 0.08839500 0.00636900
v 0.04498200 0.08839500 0.00636900
v 0.05494600 0.08788500 0.00625600
v 0.04498200 0.08788500 0.00625600
v 0.05943100 0.08345500 0.00802600
v 0.05950000 0.08273900 0.00836000
v 0.05996600 0.08342100 0.00811700
v 0.06001800 0.08276700 0.00842200
v 0.06050000 0.08285200 0.00860300
v 0.06044300 0.08356800 0.00826900
v 0.06091400 0.08298600 0.00889100
v 0.06085300 0.08375600 0.00853200
v 0.06123200 0.08316100 0.00926600
v 0.06116800 0.08397200 0.00888800
v 0.06143200 0.08336500 0.00970400
v 0.06136600 0.08420200 0.00931300
v 0.06150000 0.08358400 0.01017300
v 0.06143300 0.08442900 0.00977900
v 0.06116900 0.08502100 0.00893100
v 0.06123500 0.08525700 0.00939200
v 0.06084600 0.08580700 0.00856500
v 0.06090800 0.08605100 0.00902200
v 0.06040200 0.08654300 0.00822200
v 0.06046000 0.08679500 0.00867500
v 0.05984800 0.08721400 0.00790900
v 0.05989900 0.08747400 0.00835900
v 0.05919300 0.08780700 0.00763200
v 0.05923800 0.08807300 0.00807900
v 0.05845300 0.08831000 0.00739800
v 0.05848900 0.08858100 0.00784300
v 0.05764000 0.08871200 0.00721000
v 0.05766900 0.08898700 0.00765300
v 0.05677300 0.08900500 0.00707400
v 0.05679200 0.08928300 0.00751500
v 0.05586900 0.08918300 0.00699000
v 0.05587900 0.08946300 0.00743100
v 0.05584100 0.08880000 0.00663700
v 0.05671700 0.08862700 0.00671700
v 0.05755700 0.08834300 0.00685000
v 0.05834400 0.08795400 0.00703200
v 0.05906200 0.08746700 0.00725900
v 0.05969700 0.08689200 0.00752700
v 0.06023400 0.08624100 0.00783000
v 0.06066400 0.08552800 0.00816300
v 0.06097700 0.08476600 0.00851800
v 0.05579500 0.08834000 0.00639400
v 0.05662700 0.08817600 0.00647100
v 0.05742500 0.08790600 0.00659700
v 0.05817300 0.08753600 0.00676900
v 0.05885400 0.08707400 0.00698500
v 0.05945600 0.08652800 0.00723900
v 0.05996700 0.08591000 0.00752700
v 0.06037500 0.08523300 0.00784300
v 0.06067200 0.08451000 0.00818000
v 0.05573600 0.08783400 0.00628000
v 0.05651100 0.08768200 0.00635100
v 0.05725300 0.08743100 0.00646800
v 0.05794900 0.08708600 0.00662800
v 0.05858300 0.08665600 0.00682900
v 0.05914300 0.08614800 0.00706600
v 0.05961800 0.08557300 0.00733400
v 0.05999800 0.08494300 0.00762800
v 0.06027500 0.08427000 0.00794200
v 0.05566800 0.08731700 0.00630000
v 0.05637500 0.08717800 0.00636500
v 0.05705300 0.08694800 0.00647200
v 0.05768800 0.08663400 0.00661900
v 0.05826700 0.08624100 0.00680200
v 0.05877900 0.08577700 0.00701800
v 0.05921300 0.08525200 0.00726300
v 0.05955900 0.08467700 0.00753100
v 0.05981200 0.08406200 0.00781800
v 0.05573700 0.08680300 0.00646500
v 0.05650400 0.08661700 0.00655200
v 0.05722300 0.08631300 0.00669300
v 0.05787300 0.08590000 0.00688600
v 0.05843500 0.08539200 0.00712300
v 0.05889000 0.08480200 0.00739800
v 0.05922500 0.08415000 0.00770200
v 0.06050000 0.07382100 0.01281400
v 0.06050000 0.06479100 0.01702500
v 0.06001800 0.06470600 0.01684400
v 0.06001800 0.05567600 0.02105500
v 0.05950000 0.05564700 0.02099300
v 0.06001800 0.07373700 0.01263300
v 0.06050000 0.05576000 0.02123600
v 0.06091400 0.05589500 0.02152400
v 0.06123200 0.05607000 0.02189900
v 0.06143200 0.05627400 0.02233600
v 0.05573700 0.05158300 0.02288800
v 0.05494600 0.05152000 0.02291800
v 0.05566800 0.05112600 0.02317600
v 0.05494600 0.05108000 0.02319800
v 0.05494600 0.05072700 0.02358300
v 0.05573600 0.05077800 0.02355900
v 0.05494600 0.05048600 0.02404600
v 0.05579500 0.05054100 0.02402100
v 0.05494600 0.05037300 0.02455600
v 0.05584100 0.05043100 0.02452900
v 0.05494600 0.05039500 0.02507800
v 0.05586900 0.05045500 0.02505000
v 0.05494600 0.05055200 0.02557500
v 0.05587900 0.05061300 0.02554700
v 0.05677300 0.05063400 0.02496600
v 0.05679200 0.05079300 0.02546300
v 0.05764000 0.05092700 0.02483000
v 0.05766900 0.05108900 0.02532500
v 0.05845300 0.05132900 0.02464200
v 0.05848900 0.05149500 0.02513600
v 0.05919300 0.05183100 0.02440800
v 0.05923800 0.05200300 0.02489900
v 0.05984800 0.05242400 0.02413100
v 0.05989900 0.05260300 0.02461900
v 0.06040200 0.05309600 0.02381800
v 0.06046000 0.05328100 0.02430300
v 0.06084600 0.05383200 0.02347500
v 0.06090800 0.05402500 0.02395600
v 0.06116900 0.05461800 0.02310900
v 0.06123500 0.05481900 0.02358600
v 0.06136600 0.05543700 0.02272700
v 0.06143300 0.05564700 0.02320000
v 0.06116800 0.05525900 0.02227700
v 0.06097700 0.05446500 0.02264800
v 0.06066400 0.05370300 0.02300300
v 0.06023400 0.05299000 0.02333600
v 0.05969700 0.05233900 0.02363900
v 0.05906200 0.05176400 0.02390700
v 0.05834400 0.05127700 0.02413400
v 0.05755700 0.05088800 0.02431600
v 0.05671700 0.05060300 0.02444800
v 0.06085300 0.05512500 0.02188300
v 0.06067200 0.05437100 0.02223500
v 0.06037500 0.05364800 0.02257200
v 0.05996700 0.05297000 0.02288800
v 0.05945600 0.05235300 0.02317600
v 0.05885400 0.05180700 0.02343000
v 0.05817300 0.05134400 0.02364600
v 0.05742500 0.05097500 0.02381800
v 0.05662700 0.05070500 0.02394400
v 0.06044300 0.05504400 0.02157000
v 0.06027500 0.05434200 0.02189700
v 0.05999800 0.05366900 0.02221100
v 0.05961800 0.05303900 0.02250500
v 0.05914300 0.05246400 0.02277300
v 0.05858300 0.05195600 0.02301000
v 0.05794900 0.05152600 0.02321000
v 0.05725300 0.05118200 0.02337100
v 0.05651100 0.05093100 0.02348800
v 0.05996600 0.05502200 0.02136000
v 0.05981200 0.05438100 0.02165900
v 0.05955900 0.05376700 0.02194500
v 0.05921300 0.05319100 0.02221400
v 0.05877900 0.05266600 0.02245800
v 0.05826700 0.05220200 0.02267500
v 0.05768800 0.05180900 0.02285800
v 0.05705300 0.05149500 0.02300400
v 0.05637500 0.05126600 0.02311100
v 0.05943100 0.05493000 0.02132700
v 0.05922500 0.05423600 0.02165100
v 0.05889000 0.05358400 0.02195500
v 0.05843500 0.05299400 0.02223000
v 0.05787300 0.05248500 0.02246700
v 0.05722300 0.05207300 0.02266000
v 0.05650400 0.05176900 0.02280200
v 0.02505400 0.05108000 0.02319800
v 0.03501800 0.05108000 0.02319800
v 0.02505400 0.05152000 0.02291800
v 0.04498200 0.05108000 0.02319800
v 0.04498200 0.05072700 0.02358300
v 0.04498200 0.05048600 0.02404600
v 0.04498200 0.05037300 0.02455600
v 0.04498200 0.05039500 0.02507800
v 0.03501800 0.05039500 0.02507800
v 0.02505400 0.05055200 0.02557500
v 0.02505400 0.05039500 0.02507800
v 0.02505400 0.05037300 0.02455600
v 0.03501800 0.05037300 0.02455600
v 0.02505400 0.05048600 0.02404600
v 0.03501800 0.05048600 0.02404600
v 0.02505400 0.05072700 0.02358300
v 0.03501800 0.05072700 0.02358300
v 0.02056900 0.05493000 0.02132700
v 0.02003400 0.05502200 0.02136000
v 0.01955700 0.05504400 0.02157000
v 0.01914700 0.05512500 0.02188300
v 0.01883200 0.05525900 0.02227700
v 0.01863400 0.05543700 0.02272700
v 0.01856700 0.05564700 0.02320000
v 0.01883100 0.05461800 0.02310900
v 0.01876500 0.05481900 0.02358600
v 0.01915400 0.05383200 0.02347500
v 0.01909200 0.05402500 0.02395600
v 0.01959800 0.05309600 0.02381800
v 0.01954000 0.05328100 0.02430300
v 0.02015200 0.05242400 0.02413100
v 0.02010100 0.05260300 0.02461900
v 0.02080700 0.05183100 0.02440800
v 0.02076200 0.05200300 0.02489900
v 0.02154700 0.05132900 0.02464200
v 0.02151100 0.05149500 0.02513600
v 0.02236000 0.05092700 0.02483000
v 0.02233100 0.05108900 0.02532500
v 0.02322700 0.05063400 0.02496600
v 0.02320800 0.05079300 0.02546300
v 0.02413100 0.05045500 0.02505000
v 0.02412100 0.05061300 0.02554700
v 0.02415900 0.05043100 0.02452900
v 0.02328300 0.05060300 0.02444800
v 0.02244300 0.05088800 0.02431600
v 0.02165600 0.05127700 0.02413400
v 0.02093800 0.05176400 0.02390700
v 0.02030300 0.05233900 0.02363900
v 0.01976600 0.05299000 0.02333600
v 0.01933600 0.05370300 0.02300300
v 0.01902300 0.05446500 0.02264800
v 0.02420500 0.05054100 0.02402100
v 0.02337300 0.05070500 0.02394400
v 0.02257500 0.05097500 0.02381800
v 0.02182700 0.05134400 0.02364600
v 0.02114600 0.05180700 0.02343000
v 0.02054400 0.05235300 0.02317600
v 0.02003300 0.05297000 0.02288800
v 0.01962500 0.05364800 0.02257200
v 0.01932800 0.05437100 0.02223500
v 0.02426400 0.05077800 0.02355900
v 0.02348900 0.05093100 0.02348800
v 0.02274700 0.05118200 0.02337100
v 0.02205100 0.05152600 0.02321000
v 0.02141700 0.05195600 0.02301000
v 0.02085700 0.05246400 0.02277300
v 0.02038200 0.05303900 0.02250500
v 0.02000200 0.05366900 0.02221100
v 0.01972500 0.05434200 0.02189700
v 0.02433200 0.05112600 0.02317600
v 0.02362500 0.05126600 0.02311100
v 0.02294700 0.05149500 0.02300400
v 0.02231200 0.05180900 0.02285800
v 0.02173300 0.05220200 0.02267500
v 0.02122100 0.05266600 0.02245800
v 0.02078700 0.05319100 0.02221400
v 0.02044100 0.05376700 0.02194500
v 0.02018800 0.05438100 0.02165900
v 0.02426300 0.05158300 0.02288800
v 0.02349600 0.05176900 0.02280200
v 0.02277700 0.05207300 0.02266000
v 0.02212700 0.05248500 0.02246700
v 0.02156500 0.05299400 0.02223000
v 0.02111000 0.05358400 0.02195500
v 0.02077500 0.05423600 0.02165100
v 0.06143300 0.06431100 0.04177900
v 0.06123500 0.06348300 0.04216500
v 0.06090800 0.06268900 0.04253600
v 0.06046000 0.06194500 0.04288200
v 0.05989900 0.06126600 0.04319900
v 0.05923800 0.06066700 0.04347800
v 0.05848900 0.06015900 0.04371500
v 0.05766900 0.05975300 0.04390400
v 0.05679200 0.05945700 0.04404300
v 0.05587900 0.05927700 0.04412700
v 0.05494600 0.05921600 0.04415500
v 0.02505400 0.05921600 0.04415500
v 0.02412100 0.05927700 0.04412700
v 0.02320800 0.05945700 0.04404300
v 0.02233100 0.05975300 0.04390400
v 0.02151100 0.06015900 0.04371500
v 0.02076200 0.06066700 0.04347800
v 0.02010100 0.06126600 0.04319900
v 0.01954000 0.06194500 0.04288200
v 0.01909200 0.06268900 0.04253600
v 0.01876500 0.06348300 0.04216500
v 0.01856700 0.06431100 0.04177900
v 0.01850000 0.06515600 0.04138500
v 0.01850000 0.09224700 0.02875200
v 0.06150000 0.09224700 0.02875200
v 0.05494600 0.09818700 0.02598200
v 0.05587900 0.09812700 0.02601000
v 0.05679200 0.09794700 0.02609400
v 0.05766900 0.09765100 0.02623200
v 0.05848900 0.09724400 0.02642200
v 0.05923800 0.09673700 0.02665900
v 0.05989900 0.09613700 0.02693800
v 0.06046000 0.09545900 0.02725500
v 0.06090800 0.09471500 0.02760100
v 0.06123500 0.09392100 0.02797200
v 0.06143300 0.09309300 0.02835800
v 0.02505400 0.09818700 0.02598200
v 0.01856700 0.09309300 0.02835800
v 0.01876500 0.09392100 0.02797200
v 0.01909200 0.09471500 0.02760100
v 0.01954000 0.09545900 0.02725500
v 0.02010100 0.09613700 0.02693800
v 0.02076200 0.09673700 0.02665900
v 0.02151100 0.09724400 0.02642200
v 0.02233100 0.09765100 0.02623200
v 0.02320800 0.09794700 0.02609400
v 0.02412100 0.09812700 0.02601000
v 0.02505400 0.10000000 0.02513700
v 0.05494600 0.10000000 0.02513700
v 0.02393700 0.09373000 0.01186400
v 0.02284000 0.09353200 0.01195700
v 0.02178100 0.09320600 0.01210900
v 0.02077700 0.09275800 0.01231800
v 0.01984700 0.09219400 0.01258000
v 0.01900500 0.09152600 0.01289200
v 0.01826800 0.09076300 0.01324800
v 0.01764600 0.08992000 0.01364100
v 0.01715100 0.08901100 0.01406500
v 0.01679100 0.08805000 0.01451300
v 0.01657300 0.08705600 0.01497700
v 0.01657300 0.09325900 0.02828000
v 0.01679100 0.09425400 0.02781600
v 0.01715100 0.09521400 0.02736900
v 0.01764600 0.09612400 0.02694400
v 0.01826800 0.09696700 0.02655100
v 0.01900500 0.09772900 0.02619600
v 0.01984700 0.09839800 0.02588400
v 0.02077700 0.09896100 0.02562100
v 0.02178100 0.09941000 0.02541200
v 0.02284000 0.09973600 0.02526000
v 0.02393700 0.09993400 0.02516800
v 0.05606300 0.04972600 0.02836200
v 0.05606300 0.05747000 0.04496900
v 0.05716000 0.05766800 0.04487700
v 0.05716000 0.04992300 0.02826900
v 0.05821900 0.05799400 0.04472500
v 0.05821900 0.05024900 0.02811700
v 0.05922300 0.05844200 0.04451600
v 0.05922300 0.05069800 0.02790800
v 0.06015300 0.05900600 0.04425300
v 0.06015300 0.05126100 0.02764500
v 0.06099500 0.05967400 0.04394100
v 0.06099500 0.05193000 0.02733400
v 0.06173200 0.06043700 0.04358600
v 0.06173200 0.05269200 0.02697800
v 0.06235400 0.06128000 0.04319200
v 0.06235400 0.05353600 0.02658500
v 0.06284900 0.06218900 0.04276800
v 0.06284900 0.05444500 0.02616100
v 0.06320900 0.06315000 0.04232100
v 0.06320900 0.05540500 0.02571300
v 0.06342700 0.06414400 0.04185700
v 0.06342700 0.05640000 0.02524900
v 0.06342700 0.08705600 0.01497700
v 0.06320900 0.08805000 0.01451300
v 0.06284900 0.08901100 0.01406500
v 0.06235400 0.08992000 0.01364100
v 0.06173200 0.09076300 0.01324800
v 0.06099500 0.09152600 0.01289200
v 0.06015300 0.09219400 0.01258000
v 0.05922300 0.09275800 0.01231800
v 0.05821900 0.09320600 0.01210900
v 0.05716000 0.09353200 0.01195700
v 0.05606300 0.09373000 0.01186400
v 0.05606300 0.09993400 0.02516800
v 0.05716000 0.09973600 0.02526000
v 0.05821900 0.09941000 0.02541200
v 0.05922300 0.09896100 0.02562100
v 0.06015300 0.09839800 0.02588400
v 0.06099500 0.09772900 0.02619600
v 0.06173200 0.09696700 0.02655100
v 0.06235400 0.09612400 0.02694400
v 0.06284900 0.09521400 0.02736900
v 0.06320900 0.09425400 0.02781600
v 0.06342700 0.09325900 0.02828000
vn -0.16210102 -0.93408326 -0.31813791
vn -0.00000000 -0.95106058 -0.30900448
vn -0.00009028 -0.88678550 -0.46218121
vn 0.16210102 -0.93408326 -0.31813791
vn 0.16992753 -0.86635104 -0.46963870
vn 0.31725721 -0.88503084 -0.34068795
vn 0.32918822 -0.80721116 -0.48994414
vn 0.45604582 -0.80606874 -0.37719412
vn 0.46586362 -0.71431714 -0.52222803
vn 0.57106356 -0.70141705 -0.42649798
vn 0.57220522 -0.59599309 -0.56335905
vn 0.65840548 -0.57596570 -0.48452630
vn 0.64394947 -0.45997207 -0.61135487
vn 0.71233577 -0.43603579 -0.54995503
vn 0.67937023 -0.31627760 -0.66213637
vn 0.73044123 -0.28878040 -0.61891962
vn 0.67997911 -0.17261815 -0.71262289
vn 0.71255754 -0.14138862 -0.68721977
vn 0.64615432 -0.03526945 -0.76239141
vn 0.65789347 -0.00108229 -0.75311023
vn 0.58357241 0.08948261 -0.80711592
vn 0.57115248 0.12437642 -0.81136635
vn 0.49646627 0.19573964 -0.84569926
vn 0.45553926 0.22898594 -0.86026125
vn 0.38970720 0.28125152 -0.87694121
vn 0.31688851 0.30856610 -0.89686601
vn 0.26787043 0.34362201 -0.90009407
vn 0.16208810 0.35749509 -0.91974165
vn 0.13651403 0.38186239 -0.91408153
vn -0.00000000 0.37327840 -0.92771937
vn -0.00001892 0.39399994 -0.91911046
vn -0.13644086 0.38185108 -0.91409717
vn -0.16208810 0.35749509 -0.91974165
vn -0.26785385 0.34356705 -0.90011999
vn -0.31688851 0.30856610 -0.89686601
vn -0.38965197 0.28112218 -0.87700722
vn -0.45553926 0.22898594 -0.86026125
vn -0.49628132 0.19570596 -0.84581560
vn -0.57115248 0.12437642 -0.81136635
vn -0.58353346 0.08925531 -0.80716925
vn -0.65789347 -0.00108229 -0.75311023
vn -0.64610795 -0.03523696 -0.76243221
vn -0.71255754 -0.14138862 -0.68721977
vn -0.67980192 -0.17231345 -0.71286564
vn -0.73044123 -0.28878040 -0.61891962
vn -0.67878352 -0.31680899 -0.66248396
vn -0.71233577 -0.43603579 -0.54995503
vn -0.64408649 -0.46008607 -0.61112471
vn -0.65840548 -0.57596570 -0.48452630
vn -0.57238795 -0.59594735 -0.56322180
vn -0.57106356 -0.70141705 -0.42649798
vn -0.46590839 -0.71439017 -0.52208817
vn -0.45604582 -0.80606874 -0.37719412
vn -0.32920324 -0.80723985 -0.48988677
vn -0.31725721 -0.88503084 -0.34068795
vn -0.16991305 -0.86643510 -0.46948884
vn -0.00002266 -0.92351195 -0.38356965
vn -0.17400152 -0.90292688 -0.39299684
vn -0.33793861 -0.84156522 -0.42138520
vn -0.47744487 -0.74435069 -0.46689232
vn -0.58514398 -0.61747030 -0.52567761
vn -0.65198319 -0.47038818 -0.59468721
vn -0.67515562 -0.31204860 -0.66842394
vn -0.65204973 -0.15312302 -0.74255269
vn -0.58437243 -0.00584159 -0.81146456
vn -0.47753904 0.12075596 -0.87027264
vn -0.33754126 0.21794947 -0.91573136
vn -0.17428262 0.27925125 -0.94426919
vn 0.00002270 0.30055284 -0.95376516
vn 0.17425579 0.27923262 -0.94427965
vn 0.33753312 0.21797545 -0.91572818
vn 0.47756262 0.12075990 -0.87025915
vn 0.58437152 -0.00584765 -0.81146518
vn 0.65204613 -0.15311962 -0.74255655
vn 0.67515929 -0.31204573 -0.66842157
vn 0.65197985 -0.47039510 -0.59468539
vn 0.58513499 -0.61747111 -0.52568666
vn 0.47745661 -0.74434153 -0.46689494
vn 0.33792215 -0.84157307 -0.42138271
vn 0.17403578 -0.90292451 -0.39298711
vn -0.16210102 -0.93408326 -0.31813791
vn 0.00000000 -0.95106058 -0.30900448
vn 0.00009028 -0.88678550 -0.46218121
vn 0.16210102 -0.93408326 -0.31813791
vn 0.16991305 -0.86643510 -0.46948884
vn 0.31725721 -0.88503084 -0.34068795
vn 0.32920324 -0.80723985 -0.48988677
vn 0.45604582 -0.80606874 -0.37719412
vn 0.46590839 -0.71439017 -0.52208817
vn 0.57106356 -0.70141705 -0.42649798
vn 0.57238795 -0.59594735 -0.56322180
vn 0.65840548 -0.57596570 -0.48452630
vn 0.64408649 -0.46008607 -0.61112471
vn 0.71233577 -0.43603579 -0.54995503
vn 0.67878352 -0.31680899 -0.66248396
vn 0.73044123 -0.28878040 -0.61891962
vn 0.67980192 -0.17231345 -0.71286564
vn 0.71255754 -0.14138862 -0.68721977
vn 0.64610795 -0.03523696 -0.76243221
vn 0.65789347 -0.00108229 -0.75311023
vn 0.58353346 0.08925531 -0.80716925
vn 0.57115248 0.12437642 -0.81136635
vn 0.49628132 0.19570596 -0.84581560
vn 0.45553926 0.22898594 -0.86026125
vn 0.38965197 0.28112218 -0.87700722
vn 0.31688851 0.30856610 -0.89686601
vn 0.26785385 0.34356705 -0.90011999
vn 0.16208810 0.35749509 -0.91974165
vn 0.13644086 0.38185108 -0.91409717
vn 0.00000000 0.37327840 -0.92771937
vn 0.00001892 0.39399994 -0.91911046
vn -0.13651403 0.38186239 -0.91408153
vn -0.16208810 0.35749509 -0.91974165
vn -0.26787043 0.34362201 -0.90009407
vn -0.31688851 0.30856610 -0.89686601
vn -0.38970720 0.28125152 -0.87694121
vn -0.45553926 0.22898594 -0.86026125
vn -0.49646627 0.19573964 -0.84569926
vn -0.57115248 0.12437642 -0.81136635
vn -0.58357241 0.08948261 -0.80711592
vn -0.65789347 -0.00108229 -0.75311023
vn -0.64615432 -0.03526945 -0.76239141
vn -0.71255754 -0.14138862 -0.68721977
vn -0.67997911 -0.17261815 -0.71262289
vn -0.73044123 -0.28878040 -0.61891962
vn -0.67937023 -0.31627760 -0.66213637
vn -0.71233577 -0.43603579 -0.54995503
vn -0.64394947 -0.45997207 -0.61135487
vn -0.65840548 -0.57596570 -0.48452630
vn -0.57220522 -0.59599309 -0.56335905
vn -0.57106356 -0.70141705 -0.42649798
vn -0.46586362 -0.71431714 -0.52222803
vn -0.45604582 -0.80606874 -0.37719412
vn -0.32918822 -0.80721116 -0.48994414
vn -0.31725721 -0.88503084 -0.34068795
vn -0.16992753 -0.86635104 -0.46963870
vn -0.00002266 -0.92351195 -0.38356965
vn -0.17400152 -0.90292688 -0.39299684
vn -0.33793861 -0.84156522 -0.42138520
vn -0.47744487 -0.74435069 -0.46689232
vn -0.58514398 -0.61747030 -0.52567761
vn -0.65198319 -0.47038818 -0.59468721
vn -0.67515562 -0.31204860 -0.66842394
vn -0.65204973 -0.15312302 -0.74255269
vn -0.58437243 -0.00584159 -0.81146456
vn -0.47753904 0.12075596 -0.87027264
vn -0.33754126 0.21794947 -0.91573136
vn -0.17428262 0.27925125 -0.94426919
vn 0.00002270 0.30055284 -0.95376516
vn 0.17425579 0.27923262 -0.94427965
vn 0.33753312 0.21797545 -0.91572818
vn 0.47756262 0.12075990 -0.87025915
vn 0.58437152 -0.00584765 -0.81146518
vn 0.65204613 -0.15311962 -0.74255655
vn 0.67515929 -0.31204573 -0.66842157
vn 0.65197985 -0.47039510 -0.59468539
vn 0.58513499 -0.61747111 -0.52568666
vn 0.47745661 -0.74434153 -0.46689494
vn 0.33792215 -0.84157307 -0.42138271
vn 0.17403578 -0.90292451 -0.39298711
vn -0.57735547 -0.27891428 0.76737702
vn -0.23041008 0.30147209 0.92521661
vn -0.57750418 0.76685582 0.28003765
vn 0.60083935 0.74684792 0.28497414
vn 0.71757652 0.16716989 0.67611994
vn 0.67494375 0.05479010 0.73583217
vn 0.63102554 -0.01938102 0.77551992
vn 0.58489936 -0.09144635 0.80593443
vn 0.52643271 -0.15143812 0.83662124
vn -0.53308152 0.70444377 0.46859691
vn 0.47692840 -0.18452774 0.85935372
vn -0.48476441 0.75652445 0.43894672
vn -0.46623282 0.78023570 0.41696427
vn 0.46574729 -0.17564539 0.86731088
vn -0.49348294 0.76560132 0.41270958
vn 0.49712515 -0.13624221 0.85691578
vn 0.54769787 -0.07747436 0.83308149
vn -0.54247163 0.72093978 0.43124283
vn 0.59968769 -0.00382537 0.80022499
vn -0.59314618 0.66334764 0.45623186
vn 0.64347916 0.09973987 0.75893776
vn -0.64609252 0.58663946 0.48828127
vn 0.67741660 0.21274525 0.70416348
vn -0.69211459 0.48726780 0.53249177
vn -0.72115162 0.37148719 0.58475431
vn 0.69218672 0.30623689 0.65352622
vn -0.72593694 0.24699095 0.64188086
vn -0.70378068 0.11660185 0.70078297
vn 0.68340371 0.39230028 0.61567838
vn -0.64844342 -0.01151340 0.76117578
vn 0.66300996 0.48043952 0.57410423
vn -0.56634360 -0.12758930 0.81423332
vn 0.62401131 0.56948373 0.53506837
vn -0.46073280 -0.22258820 0.85917389
vn 0.57896268 0.64768625 0.49528248
vn 0.51732471 0.71969558 0.46304796
vn -0.34119015 -0.29207271 0.89346674
vn 0.44950189 0.78076104 0.43400490
vn 0.37786117 0.83017423 0.40991669
vn -0.21827166 -0.33604494 0.91620482
vn 0.29613706 0.87139820 0.39111127
vn 0.18811733 0.90451990 0.38269520
vn -0.10580198 -0.35556082 0.92864549
vn 0.05733173 0.92605500 0.37300832
vn -0.01515215 -0.35717008 0.93391646
vn -0.07665571 0.92391738 0.37483407
vn 0.06988456 -0.35682366 0.93155409
vn -0.20597825 0.89972818 0.38478846
vn 0.17045677 -0.34555464 0.92278734
vn -0.31160833 0.86496737 0.39335950
vn 0.28743704 -0.31404968 0.90484957
vn -0.39249762 0.82129378 0.41403158
vn -0.46773791 0.76551413 0.44182503
vn 0.41005168 -0.25678435 0.87516822
vn -0.53225899 0.70355465 0.47086222
vn -0.58978290 0.63178337 0.50299693
vn 0.52537026 -0.16917884 0.83388525
vn -0.63439842 0.53494977 0.55800303
vn 0.61853202 -0.06005578 0.78346120
vn -0.67529190 0.42143752 0.60528610
vn 0.67994309 0.05825775 0.73094694
vn 0.70110427 0.15406485 0.69621608
vn 0.65212933 0.69092333 0.31201327
vn -0.51614170 0.81738661 0.25588451
vn -0.30133138 0.10903242 0.94726519
vn -0.74256170 -0.11096219 0.66052215
vn 0.32575717 0.61020952 0.72216800
vn 0.67871937 0.16748203 0.71504531
vn 0.64128084 0.08980495 0.76203278
vn 0.57866889 -0.01814123 0.81536078
vn 0.49058389 -0.11911768 0.86321401
vn 0.38495081 -0.20438035 0.90002308
vn 0.27112944 -0.26216752 0.92615172
vn 0.16213706 -0.29993408 0.94008038
vn 0.06706439 -0.31950033 0.94520998
vn -0.01489465 -0.32572487 0.94534727
vn -0.10049050 -0.31201223 0.94474866
vn -0.20657894 -0.28557196 0.93582787
vn -0.32096853 -0.23865326 0.91652814
vn -0.43241485 -0.17255656 0.88500940
vn -0.52904282 -0.07969454 0.84484465
vn -0.60734446 0.02705867 0.79397767
vn -0.65805806 0.14731078 0.73841663
vn -0.68288197 0.26788490 0.67963953
vn -0.67984963 0.38463976 0.62438509
vn -0.65543956 0.49306170 0.57209189
vn -0.61479694 0.58733369 0.52636856
vn -0.57079586 0.66098593 0.48712388
vn -0.52468496 0.71692573 0.45904596
vn -0.48036488 0.76112477 0.43581954
vn -0.46705571 0.78052577 0.41549786
vn -0.49911897 0.76127228 0.41393812
vn -0.55633189 0.70912591 0.43316888
vn -0.26961256 0.68129900 0.68054444
vn 0.29785264 0.63740302 0.71063436
vn 0.66945374 0.19577454 0.71659194
vn 0.64342120 0.08039646 0.76127890
vn 0.60842289 0.00264984 0.79360857
vn 0.56071270 -0.06242621 0.82565382
vn 0.50676218 -0.12361231 0.85317764
vn 0.46798689 -0.17046710 0.86713853
vn 0.47179729 -0.18561860 0.86194725
vn 0.51375033 -0.16076850 0.84274201
vn 0.57141687 -0.10526625 0.81388069
vn 0.62861969 -0.03288287 0.77701737
vn 0.68550270 0.06609506 0.72506379
vn 0.71758463 0.19068637 0.66985895
vn 0.72201434 0.29460696 0.62602079
vn 0.71481653 0.38193840 0.58579893
vn 0.69489533 0.47589915 0.53911083
vn 0.65669391 0.56669676 0.49760215
vn 0.60352186 0.65055037 0.46102666
vn 0.54137313 0.72558738 0.42478004
vn 0.47122933 0.78847039 0.39529402
vn 0.39293150 0.84087232 0.37220771
vn 0.30771506 0.88252859 0.35560474
vn 0.20056675 0.92265920 0.32935238
vn 0.06107425 0.94625066 0.31761552
vn -0.08139134 0.94568459 0.31473180
vn -0.21905004 0.91879637 0.32837525
vn -0.32696281 0.87500264 0.35702340
vn -0.41024739 0.83090125 0.37589918
vn -0.48788432 0.77446121 0.40271419
vn -0.55814403 0.70816310 0.43241215
vn -0.61570827 0.63290296 0.46940086
vn -0.67873556 0.53060719 0.50771453
vn -0.71270660 0.41210560 0.56764274
vn -0.30082241 0.65554302 0.69265376
vn 0.65581466 -0.20661423 0.72609758
vn 0.69612649 0.45492095 0.55538711
vn -0.46543376 -0.35274891 0.81175096
vn 0.66969844 0.54829087 0.50088035
vn -0.63263894 0.08462041 0.76980995
vn 0.59945084 0.66465200 0.44597803
vn 0.50628211 0.76292020 0.40203381
vn -0.56957129 -0.03403675 0.82123690
vn 0.40189536 0.83899094 0.36684373
vn -0.47816617 -0.12967873 0.86864293
vn 0.28706333 0.89440371 0.34298198
vn -0.36520764 -0.21313337 0.90619951
vn 0.17098595 0.92886332 0.32859815
vn -0.23381054 -0.27180224 0.93351817
vn 0.06511524 0.94403383 0.32335758
vn -0.09783419 -0.30507272 0.94729040
vn -0.02781350 0.94550951 0.32440435
vn 0.03186203 -0.31203731 0.94953543
vn 0.15728881 -0.29679727 0.94189788
vn -0.12491225 0.93738815 0.32511597
vn 0.27834277 -0.25747435 0.92532819
vn -0.23988526 0.91159038 0.33385334
vn 0.39369246 -0.19814085 0.89763381
vn -0.35905610 0.86307352 0.35522221
vn 0.49355393 -0.12336276 0.86092169
vn -0.46147769 0.79758393 0.38845619
vn 0.57035995 -0.03965970 0.82043686
vn -0.54456902 0.72413064 0.42317774
vn 0.62638799 0.05085955 0.77785050
vn -0.61016612 0.64362179 0.46200466
vn 0.66554609 0.13886828 0.73332394
vn -0.66230721 0.55536797 0.50290713
vn 0.68675559 0.21707499 0.69371840
vn -0.69866878 0.46111567 0.54702310
vn -0.71605316 0.37231464 0.59046564
vn 0.69401574 0.28784859 0.65991313
vn -0.72062672 0.28918322 0.63013507
vn 0.68930479 0.36327582 0.62680905
vn -0.71512913 0.19815157 0.67031805
vn -0.69226950 0.09451839 0.71542240
vn 0.66848730 0.45394938 0.58911348
vn -0.64445690 -0.01307547 0.76452883
vn 0.62868610 0.55483910 0.54489207
vn -0.57536842 -0.10920501 0.81057106
vn -0.49066963 -0.19337660 0.84961686
vn 0.56774669 0.65485739 0.49882411
vn -0.38920080 -0.26447740 0.88236865
vn 0.48574457 0.74534759 0.45662806
vn -0.27201371 -0.32008303 0.90749953
vn 0.37902674 0.82311877 0.42286431
vn 0.26150684 0.88158686 0.39296155
vn -0.14693181 -0.35300402 0.92401256
vn 0.14068859 0.91661609 0.37419470
vn -0.02541772 -0.36450958 0.93085267
vn 0.03517097 0.93053952 0.36449856
vn 0.09604313 -0.36260549 0.92698057
vn -0.07236131 0.92620597 0.37000857
vn 0.22586039 -0.33579221 0.91445649
vn -0.18834068 0.90547019 0.38033081
vn 0.32405323 -0.28800992 0.90113250
vn -0.29949772 0.86720022 0.39782520
vn -0.13512913 0.23998927 0.96132475
vn -0.40635592 0.80619340 0.43003147
vn -0.50202411 0.73319776 0.45868600
vn -0.29608662 0.92343659 0.24412615
vn 0.66261404 0.67844302 0.31726598
vn 0.51637243 -0.31577921 0.79601697
vn -0.30060806 0.70441250 0.64299131
vn -0.57736356 -0.27897138 0.76735017
vn -0.57733698 0.76736784 0.27897780
vn -0.48786488 -0.38317440 0.78432471
vn 0.31304541 -0.25738806 0.91419580
vn 0.21284904 -0.28125179 0.93573111
vn 0.09074328 -0.31051875 0.94622606
vn -0.02430834 -0.31624837 0.94836495
vn -0.13887060 -0.30171805 0.94322912
vn -0.25585115 -0.26774199 0.92889957
vn -0.36757907 -0.21670893 0.90439088
vn -0.46469873 -0.15036932 0.87260768
vn -0.54387144 -0.07193714 0.83607948
vn -0.60849214 0.02128115 0.79327450
vn -0.65501013 0.12160720 0.74577036
vn -0.68268768 0.21632810 0.69795392
vn -0.69210176 0.30073286 0.65616682
vn -0.68697098 0.38140992 0.61854454
vn -0.66558840 0.46820570 0.58118456
vn -0.63109360 0.55724325 0.53963026
vn -0.58179982 0.64149782 0.49998953
vn -0.51765852 0.71791114 0.46543878
vn -0.43811286 0.78740721 0.43364388
vn -0.33857785 0.84760951 0.40856230
vn -0.22669589 0.89450830 0.38531010
vn -0.11924978 0.92182589 0.36880417
vn -0.02671423 0.93236899 0.36051964
vn 0.06223548 0.92940247 0.36378262
vn 0.16169537 0.91381759 0.37254800
vn 0.27168045 0.87783940 0.39444609
vn 0.37955850 0.82474946 0.41919407
vn 0.47693095 0.75360329 0.45234826
vn 0.56103153 0.66047287 0.49901824
vn 0.62896641 0.55097884 0.54847386
vn 0.67330253 0.45969683 0.57908767
vn 0.31887014 0.17094561 0.93225503
vn -0.51253827 0.81546780 0.26891781
vn -0.30153221 0.65550363 0.69238235
vn -0.30154570 0.10910694 0.94718840
vn 0.30066430 0.04400531 0.95271429
vn 0.33375744 0.60426805 0.72350956
vn -0.20512284 0.81464817 0.54246934
vn -0.26998377 0.02517161 0.96253579
vn -0.67993229 0.04671031 0.73178564
vn -0.60666048 -0.07601519 0.79131837
vn -0.51284087 -0.17985032 0.83943320
vn -0.39169766 -0.27188904 0.87900472
vn -0.25181171 -0.33873546 0.90655896
vn -0.10320276 -0.36143576 0.92666789
vn 0.03339044 -0.36797024 0.92923785
vn 0.16679484 -0.34963186 0.92192030
vn 0.29623834 -0.31309802 0.90233723
vn 0.41925449 -0.24902210 0.87304849
vn 0.52287843 -0.16626716 0.83603432
vn 0.60215256 -0.07499417 0.79485104
vn 0.66080493 0.02090395 0.75026654
vn 0.69612313 0.11779343 0.70819298
vn 0.71266880 0.20297645 0.67149366
vn 0.71851448 0.27755997 0.63772831
vn 0.71825956 0.35363884 0.59920178
vn 0.70379682 0.44575373 0.55314884
vn 0.66641656 0.55264577 0.50047140
vn 0.60194516 0.65877501 0.45130645
vn 0.51668554 0.75475438 0.40420525
vn 0.40513557 0.83830786 0.36483573
vn 0.27785244 0.89984823 0.33626059
vn 0.14938245 0.93403952 0.32443036
vn 0.03576382 0.94637299 0.32109050
vn -0.07603851 0.94390881 0.32133208
vn -0.19832075 0.92361239 0.32803817
vn -0.31720967 0.88253165 0.34715401
vn -0.43294124 0.82024091 0.37385388
vn -0.52855389 0.74017800 0.41565288
vn 0.65198253 0.15359792 0.74251361
vn 0.67505461 0.31155160 0.66875771
vn 0.65353783 0.46888677 0.59416622
vn 0.58414131 0.61812911 0.52601838
vn 0.47665905 0.74483289 0.46692623
vn 0.33720299 0.84196625 0.42117332
vn 0.17485023 0.90254358 0.39350029
vn 0.00051178 0.92382030 0.38282605
vn -0.17552449 0.90242299 0.39347668
vn -0.33715381 0.84202320 0.42109884
vn -0.47665252 0.74486939 0.46687468
vn -0.58435313 0.61804025 0.52588750
vn -0.65292292 0.46935570 0.59447194
vn -0.67499210 0.31136820 0.66890620
vn -0.65115761 0.15528798 0.74288586
vn -0.58492757 0.00415337 0.81107489
vn -0.47774855 -0.11967147 0.87030746
vn -0.33754589 -0.21792622 0.91573519
vn -0.17420445 -0.27902991 0.94434904
vn -0.00015172 -0.29974421 0.95401959
vn 0.17485494 -0.27929067 0.94415172
vn 0.33771330 -0.21833693 0.91557562
vn 0.47726307 -0.12064539 0.87043935
vn 0.58550054 0.00559968 0.81065267
vn 0.65146066 0.15493087 0.74269471
vn 0.67507029 0.31149172 0.66876978
vn 0.65348941 0.46894762 0.59417146
vn 0.58424284 0.61810508 0.52593386
vn 0.47669274 0.74483880 0.46688243
vn 0.33711090 0.84207768 0.42102426
vn 0.17560565 0.90232049 0.39367548
vn -0.00047726 0.92376563 0.38295801
vn -0.17506507 0.90262099 0.39322712
vn -0.33716589 0.84198764 0.42116027
vn -0.47663545 0.74484066 0.46693794
vn -0.58414222 0.61813254 0.52601334
vn -0.65354141 0.46888162 0.59416635
vn -0.67505095 0.31155157 0.66876142
vn -0.65198587 0.15360375 0.74250947
vn -0.58550955 0.00559326 0.81064622
vn -0.47725135 -0.12065328 0.87044468
vn -0.33772978 -0.21832998 0.91557119
vn -0.17482074 -0.27928479 0.94415979
vn 0.00010633 -0.29974422 0.95401960
vn 0.17423866 -0.27903580 0.94434099
vn 0.33752940 -0.21793317 0.91573961
vn 0.47780170 -0.11963441 0.87028337
vn 0.58527171 0.00369160 0.81082884
vn -0.57733022 -0.27913418 0.76731605
vn -0.71435867 -0.62446496 0.31580881
vn 0.57733022 -0.27913418 0.76731605
vn 0.71876951 -0.61343744 0.32720772
vn -0.71413497 0.64327533 -0.27605814
vn -0.57737032 0.76728940 0.27912449
vn 0.71874461 0.64500397 -0.25956899
vn 0.57737032 0.76728940 0.27912449
vn -0.72173896 0.67976572 -0.13042789
vn 0.73081614 0.66730744 -0.14355677
vn -0.70479950 0.70939686 -0.00370949
vn 0.73111556 0.68220060 0.00850748
vn -0.66019730 0.72639832 0.19101047
vn 0.73102067 0.66325529 0.16031597
vn -0.59468581 0.71211156 0.37315670
vn -0.52662101 0.67753979 0.51342978
vn 0.73142000 0.61069915 0.30343257
vn -0.45981879 0.63078820 0.62503833
vn 0.73130542 0.52762040 0.43221417
vn -0.40705857 0.57742144 0.70773427
vn -0.36300805 0.52181580 0.77196724
vn 0.73140126 0.41859678 0.53835763
vn -0.33175014 0.46267424 0.82211580
vn 0.71924246 0.32772696 0.61260536
vn -0.29879585 0.42022608 0.85681450
vn -0.72098217 0.65897700 -0.21432226
vn -0.29908824 0.38603754 0.87265185
vn 0.71924526 0.25862860 0.64482362
vn -0.72066525 -0.58777983 0.36763633
vn 0.73108710 -0.53846263 0.41901031
vn -0.72150655 -0.53735574 0.43666590
vn -0.70488448 -0.45894637 0.54083832
vn 0.73073298 -0.43218358 0.52843795
vn -0.66015981 -0.32044490 0.67934092
vn 0.73134152 -0.30323425 0.61089162
vn -0.59435741 -0.17076098 0.78586255
vn -0.52638487 -0.04161049 0.84922761
vn 0.73112264 -0.16009499 0.66319627
vn -0.46090221 0.07251567 0.88448326
vn 0.73153429 -0.00834981 0.68175353
vn -0.40643039 0.17127811 0.89748434
vn -0.36314907 0.25622918 0.89580654
vn 0.73142009 0.14345134 0.66666811
vn -0.33294968 0.33192822 0.88259173
vn 0.71395291 0.31701359 0.62431853
vn 0.71202023 -0.15340918 -0.68519546
vn 0.71609433 -0.19678623 -0.66968955
vn 0.71389584 0.27478855 0.64408383
vn -0.69836184 0.32513002 0.63763720
vn -0.99726353 0.06122251 0.04143984
vn 0.71393279 0.13318377 -0.68743149
vn 0.69208689 -0.06737965 -0.71866246
vn 0.72657314 -0.00027894 -0.68708907
vn 0.68514631 -0.18856576 -0.70357479
vn 0.71416216 -0.13303983 -0.68722108
vn 0.65741247 -0.30372891 -0.68960684
vn 0.61103339 -0.41051109 -0.67684476
vn 0.67635308 0.05652566 -0.73440544
vn 0.67673931 0.26210698 -0.68798535
vn 0.63694616 0.17922334 -0.74978569
vn 0.61695031 0.38160084 -0.68829725
vn 0.57256074 0.29427474 -0.76522975
vn 0.53588185 0.48847500 -0.68863838
vn 0.48476511 0.39667746 -0.77951895
vn 0.43636480 0.57851486 -0.68913447
vn 0.37579470 0.48514683 -0.78956374
vn 0.32281651 0.64906894 -0.68883888
vn 0.24914999 0.54669215 -0.79940727
vn 0.19687586 0.69729272 -0.68921894
vn 0.11174503 0.58544515 -0.80297386
vn 0.06513842 0.72143064 -0.68941629
vn -0.03412006 0.59091326 -0.80601324
vn -0.06807045 0.72090329 -0.68968461
vn -0.17584325 0.57046874 -0.80227462
vn -0.19929667 0.69591249 -0.68991786
vn -0.31129061 0.52064358 -0.79500215
vn -0.32403189 0.64723434 -0.68999350
vn -0.43169006 0.44619291 -0.78393595
vn -0.43674766 0.57670436 -0.69040826
vn -0.53131792 0.35102124 -0.77102877
vn -0.53516422 0.48693084 -0.69028807
vn -0.60863288 0.24080576 -0.75602818
vn -0.61550453 0.38026534 -0.69032778
vn -0.66189329 0.12081625 -0.73979774
vn -0.67490386 0.26111112 -0.69016358
vn -0.68979588 -0.00343852 -0.72399573
vn -0.71170745 0.13277577 -0.68981381
vn -0.69422245 -0.12717959 -0.70843528
vn -0.72415116 -0.00026503 -0.68964123
vn -0.67674041 -0.24640251 -0.69376380
vn -0.71196161 -0.13328679 -0.68945289
vn -0.63880482 -0.35854024 -0.68071822
vn -0.67543452 -0.26203530 -0.68929363
vn -0.58326041 -0.46039175 -0.66921352
vn -0.61592215 -0.38134984 -0.68935637
vn -0.51341555 -0.54964145 -0.65901347
vn -0.53578353 -0.48836205 -0.68879497
vn -0.43109843 -0.62523701 -0.65056347
vn -0.43660416 -0.57867412 -0.68884909
vn -0.33842778 -0.68578478 -0.64433367
vn -0.32292890 -0.64909688 -0.68875987
vn -0.23885783 -0.73055097 -0.63972042
vn -0.19848291 -0.69735015 -0.68869972
vn -0.13428264 -0.75958470 -0.63639552
vn -0.06707764 -0.72221855 -0.68840465
vn -0.02703354 -0.77155015 -0.63559386
vn 0.06720102 -0.72230938 -0.68829731
vn 0.08117455 -0.76733445 -0.63608846
vn 0.19872372 -0.69763345 -0.68834327
vn 0.18728250 -0.74663810 -0.63832343
vn 0.32328773 -0.64955421 -0.68816013
vn 0.28918147 -0.70976174 -0.64234909
vn 0.43718062 -0.57922101 -0.68802335
vn 0.38550381 -0.65666584 -0.64821045
vn 0.53672206 -0.48889824 -0.68768302
vn 0.47248972 -0.58862634 -0.65595160
vn 0.61722264 -0.38188634 -0.68789464
vn 0.54905693 -0.50625423 -0.66501365
vn 0.67702543 -0.26245180 -0.68757227
vn 0.67898078 0.00000000 -0.73415604
vn 0.66044402 -0.15678874 -0.73432349
vn 0.60711616 -0.30464526 -0.73389457
vn 0.52003115 -0.43600788 -0.73448263
vn 0.40514735 -0.54487548 -0.73414327
vn 0.26885978 -0.62350524 -0.73413598
vn 0.11840199 -0.66869238 -0.73405141
vn -0.03906807 -0.67762480 -0.73436933
vn -0.19486521 -0.65034842 -0.73421691
vn -0.33982381 -0.58766548 -0.73428132
vn -0.46613749 -0.49396477 -0.73397183
vn -0.56703330 -0.37312436 -0.73433742
vn -0.63807826 -0.23187830 -0.73422653
vn -0.67445481 -0.07861560 -0.73411872
vn -0.67439416 0.07873172 -0.73416200
vn -0.63824755 0.23181634 -0.73409894
vn -0.56708801 0.37287509 -0.73442178
vn -0.46571546 0.49413879 -0.73412258
vn -0.33953627 0.58801998 -0.73413052
vn -0.19486521 0.65034842 -0.73421691
vn -0.03960912 0.67779664 -0.73418174
vn 0.11784451 0.66858495 -0.73423895
vn 0.26885978 0.62350524 -0.73413598
vn 0.40536912 0.54452623 -0.73427996
vn 0.52029088 0.43610223 -0.73424264
vn 0.60688553 0.30485615 -0.73399774
vn 0.66044402 0.15678874 -0.73432349
vn 0.71393279 0.13318377 -0.68743149
vn 0.69180376 -0.06712371 -0.71895894
vn 0.72657314 -0.00027894 -0.68708907
vn 0.68488592 -0.18887098 -0.70374643
vn 0.71416216 -0.13303983 -0.68722108
vn 0.65727094 -0.30380679 -0.68970743
vn 0.61106102 -0.41053527 -0.67680516
vn 0.67641819 0.05660511 -0.73433936
vn 0.67673931 0.26210698 -0.68798535
vn 0.63701533 0.17901539 -0.74977661
vn 0.61695031 0.38160084 -0.68829725
vn 0.57244069 0.29428687 -0.76531490
vn 0.53588185 0.48847500 -0.68863838
vn 0.48477200 0.39726074 -0.77921756
vn 0.43636480 0.57851486 -0.68913447
vn 0.37600403 0.48419833 -0.79004617
vn 0.32281651 0.64906894 -0.68883888
vn 0.24951076 0.54605077 -0.79973304
vn 0.19687586 0.69729272 -0.68921894
vn 0.10995960 0.58454506 -0.80387559
vn 0.06513842 0.72143064 -0.68941629
vn -0.03300847 0.59123886 -0.80582073
vn -0.06807045 0.72090329 -0.68968461
vn -0.17568867 0.56950167 -0.80299523
vn -0.19929667 0.69591249 -0.68991786
vn -0.31143262 0.52049704 -0.79504248
vn -0.32403189 0.64723434 -0.68999350
vn -0.43158298 0.44624317 -0.78396630
vn -0.43674766 0.57670436 -0.69040826
vn -0.53136742 0.35076200 -0.77111263
vn -0.53516422 0.48693084 -0.69028807
vn -0.60873543 0.24088160 -0.75592145
vn -0.61550453 0.38026534 -0.69032778
vn -0.66169070 0.12106146 -0.73993887
vn -0.67490386 0.26111112 -0.69016358
vn -0.68946845 -0.00390459 -0.72430520
vn -0.71170745 0.13277577 -0.68981381
vn -0.69420454 -0.12718021 -0.70845271
vn -0.72415116 -0.00026503 -0.68964123
vn -0.67663974 -0.24645647 -0.69384283
vn -0.71196161 -0.13328679 -0.68945289
vn -0.63881011 -0.35855197 -0.68070707
vn -0.67543452 -0.26203530 -0.68929363
vn -0.58328847 -0.46037639 -0.66919963
vn -0.61592215 -0.38134984 -0.68935637
vn -0.51340752 -0.54962526 -0.65903322
vn -0.53578353 -0.48836205 -0.68879497
vn -0.43107744 -0.62525944 -0.65055582
vn -0.43660416 -0.57867412 -0.68884909
vn -0.33844266 -0.68580359 -0.64430584
vn -0.32292890 -0.64909688 -0.68875987
vn -0.23887124 -0.73051460 -0.63975695
vn -0.19848291 -0.69735015 -0.68869972
vn -0.13426339 -0.75964930 -0.63632246
vn -0.06707764 -0.72221855 -0.68840465
vn -0.02698338 -0.77162956 -0.63549958
vn 0.06720102 -0.72230938 -0.68829731
vn 0.08113159 -0.76740091 -0.63601376
vn 0.19872372 -0.69763345 -0.68834327
vn 0.18726795 -0.74667530 -0.63828420
vn 0.32328773 -0.64955421 -0.68816013
vn 0.28920101 -0.70973282 -0.64237225
vn 0.43718062 -0.57922101 -0.68802335
vn 0.38550257 -0.65669341 -0.64818326
vn 0.53672206 -0.48889824 -0.68768302
vn 0.47242395 -0.58864275 -0.65598424
vn 0.61722264 -0.38188634 -0.68789464
vn 0.54911566 -0.50618444 -0.66501827
vn 0.67702543 -0.26245180 -0.68757227
vn 0.67898078 0.00000000 -0.73415604
vn 0.66044402 -0.15678874 -0.73432349
vn 0.60711616 -0.30464526 -0.73389457
vn 0.52003115 -0.43600788 -0.73448263
vn 0.40514735 -0.54487548 -0.73414327
vn 0.26885978 -0.62350524 -0.73413598
vn 0.11840199 -0.66869238 -0.73405141
vn -0.03906807 -0.67762480 -0.73436933
vn -0.19486521 -0.65034842 -0.73421691
vn -0.33982381 -0.58766548 -0.73428132
vn -0.46613749 -0.49396477 -0.73397183
vn -0.56703330 -0.37312436 -0.73433742
vn -0.63807826 -0.23187830 -0.73422653
vn -0.67445481 -0.07861560 -0.73411872
vn -0.67439416 0.07873172 -0.73416200
vn -0.63824755 0.23181634 -0.73409894
vn -0.56708801 0.37287509 -0.73442178
vn -0.46571546 0.49413879 -0.73412258
vn -0.33953627 0.58801998 -0.73413052
vn -0.19486521 0.65034842 -0.73421691
vn -0.03960912 0.67779664 -0.73418174
vn 0.11784451 0.66858495 -0.73423895
vn 0.26885978 0.62350524 -0.73413598
vn 0.40536912 0.54452623 -0.73427996
vn 0.52029088 0.43610223 -0.73424264
vn 0.60688553 0.30485615 -0.73399774
vn 0.66044402 0.15678874 -0.73432349
vn 0.66044402 -0.15678874 0.73432349
vn 0.67898078 0.00000000 0.73415604
vn 0.66044402 0.15678874 0.73432349
vn 0.60688553 0.30485615 0.73399774
vn 0.52029088 0.43610223 0.73424264
vn 0.40536912 0.54452623 0.73427996
vn 0.26885978 0.62350524 0.73413598
vn 0.11784451 0.66858495 0.73423895
vn -0.03960912 0.67779664 0.73418174
vn -0.19486521 0.65034842 0.73421691
vn -0.33953627 0.58801998 0.73413052
vn -0.46571546 0.49413879 0.73412258
vn -0.56708801 0.37287509 0.73442178
vn -0.63824755 0.23181634 0.73409894
vn -0.67439416 0.07873172 0.73416200
vn -0.67445481 -0.07861560 0.73411872
vn -0.63807826 -0.23187830 0.73422653
vn -0.56703330 -0.37312436 0.73433742
vn -0.46613749 -0.49396477 0.73397183
vn -0.33982381 -0.58766548 0.73428132
vn -0.19486521 -0.65034842 0.73421691
vn -0.03906807 -0.67762480 0.73436933
vn 0.11840199 -0.66869238 0.73405141
vn 0.26885978 -0.62350524 0.73413598
vn 0.40514735 -0.54487548 0.73414327
vn 0.52003115 -0.43600788 0.73448263
vn 0.60711616 -0.30464526 0.73389457
vn 0.66044402 -0.15678874 0.73432349
vn 0.67898078 0.00000000 0.73415604
vn 0.66044402 0.15678874 0.73432349
vn 0.60688553 0.30485615 0.73399774
vn 0.52029088 0.43610223 0.73424264
vn 0.40536912 0.54452623 0.73427996
vn 0.26885978 0.62350524 0.73413598
vn 0.11784451 0.66858495 0.73423895
vn -0.03960912 0.67779664 0.73418174
vn -0.19486521 0.65034842 0.73421691
vn -0.33953627 0.58801998 0.73413052
vn -0.46571546 0.49413879 0.73412258
vn -0.56708801 0.37287509 0.73442178
vn -0.63824755 0.23181634 0.73409894
vn -0.67439416 0.07873172 0.73416200
vn -0.67445481 -0.07861560 0.73411872
vn -0.63807826 -0.23187830 0.73422653
vn -0.56703330 -0.37312436 0.73433742
vn -0.46613749 -0.49396477 0.73397183
vn -0.33982381 -0.58766548 0.73428132
vn -0.19486521 -0.65034842 0.73421691
vn -0.03906807 -0.67762480 0.73436933
vn 0.11840199 -0.66869238 0.73405141
vn 0.26885978 -0.62350524 0.73413598
vn 0.40514735 -0.54487548 0.73414327
vn 0.52003115 -0.43600788 0.73448263
vn 0.60711616 -0.30464526 0.73389457
vn -0.70790798 -0.08932793 -0.70063315
vn -0.02147596 0.43736172 -0.89902920
vn -0.71202023 -0.15340918 -0.68519546
vn -0.68278049 -0.00581974 -0.73060040
vn -0.64667575 0.07293519 -0.75927000
vn -0.60090017 0.14643661 -0.78579597
vn -0.54633275 0.21375835 -0.80983201
vn -0.48364259 0.27334267 -0.83148881
vn -0.41364949 0.32515161 -0.85039434
vn -0.33802443 0.36804570 -0.86618811
vn -0.25767506 0.40221533 -0.87853650
vn -0.17396008 0.42742948 -0.88715384
vn -0.08720980 0.43990009 -0.89380219
vn 0.02147596 0.43736172 -0.89902920
vn 0.08720980 0.43990009 -0.89380219
vn 0.17396008 0.42742948 -0.88715384
vn 0.25767506 0.40221533 -0.87853650
vn 0.33802443 0.36804570 -0.86618811
vn 0.41364949 0.32515161 -0.85039434
vn 0.48364259 0.27334267 -0.83148881
vn 0.54633275 0.21375835 -0.80983201
vn 0.60090017 0.14643661 -0.78579597
vn 0.64667575 0.07293519 -0.75927000
vn 0.68278049 -0.00581974 -0.73060040
vn 0.70790798 -0.08932793 -0.70063315
vn 0.01631439 -0.24392513 -0.96965683
vn 0.72314383 -0.26434027 -0.63811223
vn 0.71219314 -0.35342064 -0.60652682
vn 0.68866549 -0.44162997 -0.57506766
vn 0.65245898 -0.52665681 -0.54491273
vn 0.60355059 -0.60689751 -0.51710938
vn 0.54304059 -0.68164726 -0.49037121
vn 0.47133887 -0.74786966 -0.46747260
vn 0.39015420 -0.80481176 -0.44727813
vn 0.30018666 -0.85055989 -0.43178216
vn 0.20396772 -0.88442986 -0.41973921
vn 0.10341805 -0.90560153 -0.41132781
vn 0.58785180 0.34659250 -0.73096094
vn 0.59158573 -0.63646475 -0.49491307
vn -0.59158369 -0.63646714 -0.49491243
vn -0.58785490 0.34659555 -0.73095701
vn -0.01631574 -0.24394612 -0.96965153
vn -0.10341805 -0.90560153 -0.41132781
vn -0.20396772 -0.88442986 -0.41973921
vn -0.30018666 -0.85055989 -0.43178216
vn -0.39015420 -0.80481176 -0.44727813
vn -0.47133887 -0.74786966 -0.46747260
vn -0.54304059 -0.68164726 -0.49037121
vn -0.60355059 -0.60689751 -0.51710938
vn -0.65245898 -0.52665681 -0.54491273
vn -0.68866549 -0.44162997 -0.57506766
vn -0.71219314 -0.35342064 -0.60652682
vn -0.72314383 -0.26434027 -0.63811223
vn -0.71609433 -0.19678623 -0.66968955
vn -0.71393289 0.27465847 0.64409825
vn -0.71391586 0.31691896 0.62440894
vn -0.99147587 -0.11808272 0.05506423
vn -0.96592675 -0.23456626 0.10938089
vn -0.92376134 -0.34708772 0.16184903
vn -0.86596856 -0.45323913 0.21135926
vn -0.79349228 -0.55155646 0.25720705
vn -0.70708518 -0.64087511 0.29884718
vn -0.60858973 -0.71914397 0.33533637
vn -0.50004169 -0.78486464 0.36598606
vn -0.38282105 -0.83726129 0.39043768
vn -0.25875013 -0.87544207 0.40822732
vn -0.13035694 -0.89857407 0.41901278
vn -0.68679334 0.16415639 0.70807315
vn -0.18072205 -0.12199909 0.97593840
vn -0.09401821 -0.35554441 0.92991868
vn -0.18671416 -0.33867884 0.92219004
vn -0.27592015 -0.31100390 0.90947493
vn -0.36065651 -0.27343380 0.89171791
vn -0.43899565 -0.22551106 0.86972845
vn -0.51008868 -0.16984060 0.84318664
vn -0.57211621 -0.10473536 0.81345777
vn -0.62471976 -0.03421375 0.78009912
vn -0.66641323 0.04216800 0.74438919
vn -0.69644766 0.12350419 0.70689984
vn -0.71513121 0.20764781 0.66743520
vn -0.66147945 0.73218521 -0.16232609
vn -0.90453403 -0.30151134 0.30151134
vn -0.57735027 -0.57735027 0.57735027
vn -0.57735027 -0.57735027 0.57735027
vn -0.57735027 0.57735027 0.57735027
vn 0.57735027 -0.57735027 0.57735027
vn 0.90453403 -0.30151134 0.30151134
vn 0.66147945 0.73218521 -0.16232609
vn 0.57735027 0.57735027 0.57735027
vn 0.57735027 -0.57735027 0.57735027
vn 0.66044402 0.73432349 -0.15678874
vn 0.66044402 -0.73432349 -0.15678874
vn 0.67898078 0.73415604 0.00000000
vn 0.67898078 -0.73415604 0.00000000
vn 0.66044402 0.73432349 0.15678874
vn 0.66044402 -0.73432349 0.15678874
vn 0.60711616 0.73389457 0.30464526
vn 0.60711616 -0.73389457 0.30464526
vn 0.52003115 0.73448263 0.43600788
vn 0.52003115 -0.73448263 0.43600788
vn 0.40514735 0.73414327 0.54487548
vn 0.40514735 -0.73414327 0.54487548
vn 0.26885978 0.73413598 0.62350524
vn 0.26885978 -0.73413598 0.62350524
vn 0.11840199 0.73405141 0.66869238
vn 0.11840199 -0.73405141 0.66869238
vn -0.03906807 0.73436933 0.67762480
vn -0.03906807 -0.73436933 0.67762480
vn -0.19486521 0.73421691 0.65034842
vn -0.19486521 -0.73421691 0.65034842
vn -0.33953627 0.73413052 0.58801998
vn -0.33953627 -0.73413052 0.58801998
vn -0.46587433 0.73424338 0.49380945
vn -0.46587433 -0.73424338 0.49380945
vn -0.56733012 0.73421660 0.37291086
vn -0.56733012 -0.73421660 0.37291086
vn -0.63807826 0.73422653 0.23187830
vn -0.63807826 -0.73422653 0.23187830
vn -0.67445481 0.73411872 0.07861560
vn -0.67445481 -0.73411872 0.07861560
vn -0.67439416 0.73416200 -0.07873172
vn -0.67439416 -0.73416200 -0.07873172
vn -0.63824755 0.73409894 -0.23181634
vn -0.63824755 -0.73409894 -0.23181634
vn -0.56708801 0.73442178 -0.37287509
vn -0.56708801 -0.73442178 -0.37287509
vn -0.46571546 0.73412258 -0.49413879
vn -0.46571546 -0.73412258 -0.49413879
vn -0.33953627 0.73413052 -0.58801998
vn -0.33953627 -0.73413052 -0.58801998
vn -0.19486521 0.73421691 -0.65034842
vn -0.19486521 -0.73421691 -0.65034842
vn -0.03960912 0.73418174 -0.67779664
vn -0.03960912 -0.73418174 -0.67779664
vn 0.11784451 0.73423895 -0.66858495
vn 0.11784451 -0.73423895 -0.66858495
vn 0.26885978 0.73413598 -0.62350524
vn 0.26885978 -0.73413598 -0.62350524
vn 0.40536912 0.73427996 -0.54452623
vn 0.40536912 -0.73427996 -0.54452623
vn 0.52029088 0.73424264 -0.43610223
vn 0.52029088 -0.73424264 -0.43610223
vn 0.60688553 0.73399774 -0.30485615
vn 0.60688553 -0.73399774 -0.30485615
vn 0.66044402 0.73432349 -0.15678874
vn 0.66044402 -0.73432349 -0.15678874
vn 0.67898078 0.73415604 0.00000000
vn 0.67898078 -0.73415604 0.00000000
vn 0.66044402 0.73432349 0.15678874
vn 0.66044402 -0.73432349 0.15678874
vn 0.60711616 0.73389457 0.30464526
vn 0.60711616 -0.73389457 0.30464526
vn 0.52003115 0.73448263 0.43600788
vn 0.52003115 -0.73448263 0.43600788
vn 0.40514735 0.73414327 0.54487548
vn 0.40514735 -0.73414327 0.54487548
vn 0.26885978 0.73413598 0.62350524
vn 0.26885978 -0.73413598 0.62350524
vn 0.11840199 0.73405141 0.66869238
vn 0.11840199 -0.73405141 0.66869238
vn -0.03906807 0.73436933 0.67762480
vn -0.03906807 -0.73436933 0.67762480
vn -0.19486521 0.73421691 0.65034842
vn -0.19486521 -0.73421691 0.65034842
vn -0.33953627 0.73413052 0.58801998
vn -0.33953627 -0.73413052 0.58801998
vn -0.46587433 0.73424338 0.49380945
vn -0.46587433 -0.73424338 0.49380945
vn -0.56733012 0.73421660 0.37291086
vn -0.56733012 -0.73421660 0.37291086
vn -0.63807826 0.73422653 0.23187830
vn -0.63807826 -0.73422653 0.23187830
vn -0.67445481 0.73411872 0.07861560
vn -0.67445481 -0.73411872 0.07861560
vn -0.67439416 0.73416200 -0.07873172
vn -0.67439416 -0.73416200 -0.07873172
vn -0.63824755 0.73409894 -0.23181634
vn -0.63824755 -0.73409894 -0.23181634
vn -0.56708801 0.73442178 -0.37287509
vn -0.56708801 -0.73442178 -0.37287509
vn -0.46571546 0.73412258 -0.49413879
vn -0.46571546 -0.73412258 -0.49413879
vn -0.33953627 0.73413052 -0.58801998
vn -0.33953627 -0.73413052 -0.58801998
vn -0.19486521 0.73421691 -0.65034842
vn -0.19486521 -0.73421691 -0.65034842
vn -0.03960912 0.73418174 -0.67779664
vn -0.03960912 -0.73418174 -0.67779664
vn 0.11784451 0.73423895 -0.66858495
vn 0.11784451 -0.73423895 -0.66858495
vn 0.26885978 0.73413598 -0.62350524
vn 0.26885978 -0.73413598 -0.62350524
vn 0.40536912 0.73427996 -0.54452623
vn 0.40536912 -0.73427996 -0.54452623
vn 0.52029088 0.73424264 -0.43610223
vn 0.52029088 -0.73424264 -0.43610223
vn 0.60688553 0.73399774 -0.30485615
vn 0.60688553 -0.73399774 -0.30485615
vn -0.90453403 0.30151134 0.30151134
vn -0.06760024 -0.76353507 0.64221835
vn 0.18072205 -0.12199909 0.97593840
vn 0.06760024 -0.76353507 0.64221835
vn 0.90453403 0.30151134 0.30151134
vn 0.68679334 0.16415639 0.70807315
vn 0.96554323 0.14017514 0.21926514
vn 0.96599382 0.10926529 0.23434386
vn 0.99724272 0.05984915 0.04387532
vn 0.96598463 0.10928866 0.23437085
vn 0.99723603 -0.00486161 0.07413945
vn 0.96564321 0.07773230 0.24797357
vn 0.86620200 0.18279990 0.46505731
vn 0.86591173 0.21139268 0.45333212
vn 0.70807208 0.27522809 0.65029488
vn 0.70706873 0.29884539 0.64089409
vn 0.50236372 0.34892826 0.79112563
vn 0.50017722 0.36595675 0.78479195
vn 0.26168783 0.39927789 0.87869030
vn 0.25895559 0.40820249 0.87539290
vn 0.06679205 0.41930438 0.90538536
vn 0.25905878 0.40817973 0.87537298
vn 0.06715891 0.42403503 0.90315224
vn 0.26171014 0.41652306 0.87064134
vn 0.50235265 0.38185823 0.77577452
vn 0.50022314 0.36594309 0.78476905
vn 0.70828286 0.32119922 0.62862266
vn 0.70684744 0.29895374 0.64108764
vn 0.86605400 0.23888833 0.43918428
vn 0.86590743 0.21138814 0.45334245
vn 0.01240342 0.36018124 0.93279989
vn 0.00282093 0.36100555 0.93255940
vn 0.03754077 0.17010741 0.98471019
vn 0.00956867 0.17007743 0.98538424
vn 0.01809476 -0.09030066 0.99575015
vn 0.07152323 -0.08757296 0.99358714
vn 0.02506780 -0.34369004 0.93874851
vn 0.10085930 -0.33919906 0.93529214
vn 0.03077263 -0.57468703 0.81779451
vn 0.12337676 -0.56809399 0.81366295
vn 0.03424108 -0.76579287 0.64217508
vn 0.13745390 -0.75792418 0.63769692
vn 0.03563431 -0.87600953 0.48097557
vn 0.14226772 -0.86758874 0.47649730
vn 0.27233866 -0.73163331 0.62493549
vn 0.28089954 -0.84015183 0.46394003
vn 0.40105688 -0.68750893 0.60537992
vn 0.41445449 -0.79501984 0.44291188
vn 0.52270917 -0.62775753 0.57679772
vn 0.53963410 -0.73323892 0.41370971
vn 0.63264262 -0.55284681 0.54233174
vn 0.65323847 -0.65577271 0.37847279
vn 0.73039839 -0.46466756 0.50060189
vn 0.75412710 -0.56459157 0.33545296
vn 0.81271497 -0.36467583 0.45442922
vn 0.83933657 -0.46127577 0.28764351
vn 0.87892439 -0.25490476 0.40313208
vn 0.90773521 -0.34804577 0.23426681
vn 0.92689612 -0.13776572 0.34911916
vn 0.95745494 -0.22699813 0.17819057
vn 0.95654805 -0.01593064 0.29113922
vn 0.98780882 -0.10102770 0.11843622
vn 0.85827203 0.09838406 0.50367618
vn 0.83220535 -0.01112171 0.55435599
vn 0.78921787 -0.11641842 0.60297753
vn 0.73005068 -0.21510187 0.64865799
vn 0.65554972 -0.30490895 0.69085823
vn 0.56791293 -0.38405932 0.72799268
vn 0.46901780 -0.45121060 0.75923073
vn 0.36029459 -0.50464886 0.78454913
vn 0.24463563 -0.54404608 0.80260032
vn 0.70252615 0.20605059 0.68117558
vn 0.68131037 0.11650378 0.72266386
vn 0.64597743 0.03045495 0.76274875
vn 0.59712832 -0.05021782 0.80057226
vn 0.53607019 -0.12378658 0.83504828
vn 0.46525612 -0.18901070 0.86476106
vn 0.38422639 -0.24429783 0.89033064
vn 0.29488117 -0.28791590 0.91112542
vn 0.20023095 -0.31975366 0.92610213
vn 0.49933916 0.29976508 0.81289686
vn 0.48400634 0.23621494 0.84257959
vn 0.45886362 0.17515952 0.87107022
vn 0.42409493 0.11776910 0.89792758
vn 0.38137844 0.06532671 0.92210786
vn 0.33082528 0.01929145 0.94349482
vn 0.27236668 -0.01951514 0.96199561
vn 0.20964529 -0.05148558 0.97642106
vn 0.14228017 -0.07417406 0.98704334
vn 0.26183009 0.37378421 0.88979232
vn 0.25385575 0.34031715 0.90539577
vn 0.24048249 0.30810558 0.92045593
vn 0.22227280 0.27776444 0.93458104
vn 0.19951017 0.25051047 0.94733320
vn 0.17292802 0.22691939 0.95843805
vn 0.14309533 0.20642170 0.96794308
vn 0.11001656 0.18964912 0.97566878
vn 0.07430207 0.17761786 0.98129053
vn 0.06720502 0.41098831 0.90916010
vn 0.06387601 0.40056533 0.91403899
vn 0.05883085 0.39083139 0.91858029
vn 0.05217193 0.38176794 0.92278455
vn 0.04401026 0.37432332 0.92625328
vn 0.03420192 0.36841343 0.92903271
vn 0.02369385 0.36178788 0.93195930
vn -0.00955665 0.17008718 0.98538268
vn 0.00000000 0.17292619 0.98493479
vn -0.00282093 0.36100555 0.93255940
vn 0.00000000 0.17292619 0.98493479
vn 0.00000000 -0.08780907 0.99613732
vn 0.00000000 -0.34194570 0.93971971
vn 0.00000000 -0.57368359 0.81907700
vn 0.00000000 -0.76578301 0.64309905
vn 0.00000000 -0.76578301 0.64309905
vn -0.03574717 -0.87595099 0.48107380
vn -0.03428010 -0.76590754 0.64203622
vn -0.03077662 -0.57454945 0.81789102
vn 0.00000000 -0.57368359 0.81907700
vn -0.02505946 -0.34388872 0.93867597
vn 0.00000000 -0.34194570 0.93971971
vn -0.01793104 -0.09018495 0.99576360
vn 0.00000000 -0.08780907 0.99613732
vn -0.06720502 0.41098831 0.90916010
vn -0.06679205 0.41930444 0.90538534
vn -0.26181813 0.37382771 0.88977756
vn -0.26170193 0.39927571 0.87868710
vn -0.50158003 0.34789467 0.79207751
vn -0.49939786 0.29972910 0.81287407
vn -0.70777985 0.27241246 0.65179685
vn -0.70244198 0.20622793 0.68120871
vn -0.86596403 0.17920003 0.46689790
vn -0.85838686 0.09847608 0.50346247
vn -0.96539538 0.07370303 0.25015921
vn -0.95651811 -0.01621215 0.29122204
vn -0.99727001 -0.00756483 0.07345276
vn -0.98775623 -0.10125456 0.11868081
vn -0.92704205 -0.13745995 0.34885212
vn -0.95754217 -0.22665994 0.17815236
vn -0.87887102 -0.25514910 0.40309387
vn -0.90763109 -0.34823331 0.23439146
vn -0.81282795 -0.36460605 0.45428313
vn -0.83946864 -0.46106816 0.28759097
vn -0.73022105 -0.46480677 0.50073135
vn -0.75399551 -0.56473410 0.33550882
vn -0.63279860 -0.55256027 0.54244178
vn -0.65346885 -0.65563827 0.37830798
vn -0.52248971 -0.62775789 0.57699613
vn -0.53937407 -0.73343370 0.41370354
vn -0.40136054 -0.68752834 0.60515659
vn -0.41456526 -0.79494069 0.44295026
vn -0.27208728 -0.73169500 0.62497275
vn -0.28093057 -0.84016836 0.46389130
vn -0.13749193 -0.75794116 0.63766854
vn -0.14211041 -0.86757298 0.47657293
vn -0.12337657 -0.56814901 0.81362456
vn -0.24449924 -0.54411773 0.80259331
vn -0.36050220 -0.50430513 0.78467477
vn -0.46891976 -0.45134243 0.75921293
vn -0.56801833 -0.38423167 0.72781949
vn -0.65559338 -0.30485933 0.69083870
vn -0.72987839 -0.21516939 0.64882946
vn -0.78920039 -0.11632962 0.60301755
vn -0.83225366 -0.01121262 0.55428163
vn -0.10085926 -0.33913749 0.93531448
vn -0.20025279 -0.31948856 0.92618890
vn -0.29498299 -0.28802076 0.91105932
vn -0.38402195 -0.24443302 0.89038174
vn -0.46520483 -0.18900906 0.86478902
vn -0.53632574 -0.12379249 0.83488329
vn -0.59715694 -0.05029501 0.80054607
vn -0.64591220 0.03046894 0.76280343
vn -0.68115684 0.11651641 0.72280654
vn -0.07184801 -0.08761147 0.99356031
vn -0.14221517 -0.07443433 0.98703312
vn -0.20950265 -0.05178214 0.97643599
vn -0.27270469 -0.01942684 0.96190163
vn -0.33051846 0.01944556 0.94359918
vn -0.38118545 0.06546282 0.92217800
vn -0.42419408 0.11786657 0.89786795
vn -0.45889036 0.17507299 0.87107353
vn -0.48410054 0.23620288 0.84252885
vn -0.03749425 0.17015357 0.98470399
vn -0.07432596 0.17767785 0.98127786
vn -0.10970096 0.18975902 0.97568295
vn -0.14338173 0.20670158 0.96784097
vn -0.17308182 0.22683840 0.95842946
vn -0.19934451 0.25033063 0.94741561
vn -0.22227474 0.27782401 0.93456287
vn -0.24045667 0.30808714 0.92046885
vn -0.25380926 0.34032647 0.90540530
vn -0.01240342 0.36018124 0.93279989
vn -0.02369385 0.36178788 0.93195930
vn -0.03420192 0.36841343 0.92903271
vn -0.04409396 0.37432760 0.92624758
vn -0.05216553 0.38169035 0.92281701
vn -0.05883085 0.39083139 0.91858029
vn -0.06387601 0.40056533 0.91403899
vn -0.46895283 0.37326614 0.80047213
vn -0.46854214 0.37336456 0.80066670
vn -0.25892971 0.40820542 0.87539919
vn -0.26173336 0.41653139 0.87063037
vn -0.06715050 0.42406386 0.90313933
vn -0.25882651 0.40820604 0.87542942
vn -0.50149304 0.38323521 0.77565167
vn -0.70796673 0.32413610 0.62747024
vn -0.86587337 0.24253527 0.43753850
vn -0.96532586 0.14443720 0.21744859
vn -0.01161571 0.48206501 0.87605845
vn -0.00236836 0.48204584 0.87614279
vn -0.03716957 0.64471072 0.76352243
vn -0.00897777 0.64462071 0.76444983
vn -0.01775422 0.82046261 0.57142444
vn -0.07204699 0.81779958 0.57097555
vn -0.02533605 0.94014519 0.33983099
vn -0.10112689 0.93468033 0.34080204
vn -0.03090117 0.99578329 0.08637569
vn -0.12318591 0.98841305 0.08868416
vn -0.03445730 0.98416871 -0.17385239
vn -0.13785269 0.97555539 -0.17113828
vn -0.03574162 0.93126891 -0.36257518
vn -0.14243153 0.92255616 -0.35861314
vn -0.27266624 0.94889553 -0.15890375
vn -0.28091242 0.89553657 -0.34511226
vn -0.40106421 0.90565354 -0.13761967
vn -0.41429710 0.85052975 -0.32397077
vn -0.52234942 0.84562408 -0.10986810
vn -0.53943226 0.78851750 -0.29538618
vn -0.63253833 0.77088023 -0.07509280
vn -0.65357950 0.71099454 -0.25946214
vn -0.73061244 0.68192257 -0.03445390
vn -0.75433814 0.61942345 -0.21745932
vn -0.81274510 0.58247632 0.01291257
vn -0.83918964 0.51708680 -0.16846956
vn -0.87900875 0.47250707 0.06388028
vn -0.90773079 0.40322466 -0.11590809
vn -0.92697184 0.35583322 0.11876840
vn -0.95743464 0.28250314 -0.05925281
vn -0.95653855 0.23333931 0.17489073
vn -0.98777717 0.15586839 -0.00114011
vn -0.85833956 0.32255863 0.39901018
vn -0.83221579 0.43177763 0.34782891
vn -0.78898438 0.53686779 0.29879193
vn -0.73013105 0.63501622 0.25231535
vn -0.65522800 0.72523625 0.21144420
vn -0.56787919 0.80448414 0.17412207
vn -0.46887739 0.87174732 0.14216396
vn -0.36044291 0.92539721 0.11713627
vn -0.24470729 0.96452229 0.09907112
vn -0.70246894 0.38959639 0.59561064
vn -0.68174117 0.47858776 0.55333781
vn -0.64620967 0.56471706 0.51333000
vn -0.59741291 0.64560246 0.47570504
vn -0.53622690 0.71913476 0.44193427
vn -0.46536489 0.78370331 0.41139353
vn -0.38398654 0.83909702 0.38531874
vn -0.29476828 0.88298998 0.36529489
vn -0.19973077 0.91487206 0.35087995
vn -0.49941153 0.43001985 0.75211106
vn -0.48432828 0.49350592 0.72241126
vn -0.45869738 0.55491371 0.69402268
vn -0.42399255 0.61225353 0.66736492
vn -0.38184519 0.66433803 0.64253345
vn -0.33054992 0.71035853 0.62139160
vn -0.27239809 0.74946689 0.60340589
vn -0.20953975 0.78101400 0.58831133
vn -0.14230746 0.80373043 0.57772483
vn -0.26203071 0.44129166 0.85825496
vn -0.25349838 0.47498556 0.84269051
vn -0.24021633 0.50709286 0.82773966
vn -0.22263974 0.53736047 0.81343425
vn -0.19989621 0.56460331 0.80078999
vn -0.17350533 0.58876809 0.78946060
vn -0.14305727 0.60894024 0.78020920
vn -0.10984481 0.62532960 0.77259110
vn -0.07437644 0.63727413 0.76703965
vn -0.06566534 0.43215861 0.89940369
vn -0.06434266 0.44286972 0.89427425
vn -0.05952771 0.45270894 0.88966908
vn -0.05295721 0.46156077 0.88552650
vn -0.04349534 0.46904219 0.88210406
vn -0.03351066 0.47484608 0.87943063
vn -0.02355763 0.47951335 0.87721832
vn 0.00909806 0.64469565 0.76438520
vn 0.00000000 0.64248009 0.76630237
vn 0.00236387 0.48203417 0.87614923
vn 0.00000000 0.64248009 0.76630237
vn 0.00000000 0.81907700 0.57368359
vn 0.00000000 0.93971971 0.34194570
vn 0.00000000 0.99613378 0.08784929
vn 0.00000000 0.98489186 -0.17317052
vn 0.00000000 0.98489186 -0.17317052
vn 0.03578471 0.93128095 -0.36253998
vn 0.03453567 0.98416462 -0.17385996
vn 0.03091745 0.99578699 0.08632713
vn 0.00000000 0.99613378 0.08784929
vn 0.02540350 0.94010789 0.33992914
vn 0.00000000 0.93971971 0.34194570
vn 0.01796057 0.82046031 0.57142129
vn 0.00000000 0.81907700 0.57368359
vn 0.06770477 0.43233136 0.89916943
vn 0.26209783 0.44143409 0.85816122
vn 0.49927731 0.42992778 0.75225280
vn 0.70255358 0.38927755 0.59571928
vn 0.85835824 0.32251295 0.39900693
vn 0.95652453 0.23359414 0.17462702
vn 0.98773255 0.15615102 -0.00113031
vn 0.92709357 0.35548193 0.11887015
vn 0.95751949 0.28225621 -0.05905808
vn 0.87889960 0.47272746 0.06375140
vn 0.90762776 0.40343303 -0.11598979
vn 0.81292525 0.58221813 0.01321308
vn 0.83941904 0.51671977 -0.16845280
vn 0.73029790 0.68225597 -0.03452189
vn 0.75402698 0.61972692 -0.21767377
vn 0.63271527 0.77072317 -0.07521422
vn 0.65372943 0.71093974 -0.25923449
vn 0.52228595 0.84565988 -0.10989432
vn 0.53937846 0.78856259 -0.29536404
vn 0.40136597 0.90550435 -0.13772155
vn 0.41437902 0.85049857 -0.32394786
vn 0.27234841 0.94902071 -0.15870108
vn 0.28104750 0.89543252 -0.34527221
vn 0.13783814 0.97562132 -0.17077380
vn 0.14221805 0.92254298 -0.35873176
vn 0.12337346 0.98842284 0.08831351
vn 0.24448180 0.96458451 0.09902213
vn 0.36051241 0.92532266 0.11751075
vn 0.46872019 0.87185302 0.14203415
vn 0.56792715 0.80449767 0.17390301
vn 0.65549106 0.72491837 0.21171876
vn 0.72983584 0.63539488 0.25221616
vn 0.78910224 0.53671861 0.29874872
vn 0.83223958 0.43179657 0.34774848
vn 0.10082517 0.93468015 0.34089192
vn 0.20014108 0.91481424 0.35079690
vn 0.29474320 0.88309200 0.36506845
vn 0.38380403 0.83916265 0.38535764
vn 0.46521892 0.78363169 0.41169494
vn 0.53653442 0.71897436 0.44182201
vn 0.59736586 0.64579578 0.47550167
vn 0.64606101 0.56459042 0.51365634
vn 0.68163533 0.47889228 0.55320472
vn 0.07168335 0.81780601 0.57101210
vn 0.14247099 0.80360552 0.57785827
vn 0.20937523 0.78111899 0.58823052
vn 0.27265473 0.74943136 0.60333410
vn 0.33062997 0.71029770 0.62141854
vn 0.38148904 0.66460294 0.64247105
vn 0.42427100 0.61200340 0.66741738
vn 0.45894295 0.55497767 0.69380916
vn 0.48420186 0.49362386 0.72241542
vn 0.03702238 0.64478227 0.76346917
vn 0.07449452 0.63726828 0.76703305
vn 0.10958241 0.62536852 0.77259686
vn 0.14314399 0.60876346 0.78033124
vn 0.17367520 0.58856158 0.78957723
vn 0.19951662 0.56479954 0.80074628
vn 0.22252979 0.53728899 0.81351155
vn 0.24011767 0.50705085 0.82779402
vn 0.25360862 0.47481866 0.84275139
vn 0.01155496 0.48209529 0.87604259
vn 0.02430280 0.48163248 0.87603626
vn 0.03471554 0.47683351 0.87830782
vn 0.04416354 0.46895404 0.88211773
vn 0.05245383 0.46148412 0.88559641
vn 0.05933080 0.45263757 0.88971854
vn 0.06451769 0.44306144 0.89416667
vn -0.68347952 0.39463816 0.61409809
vn -0.66237774 0.48187979 0.57362670
vn -0.62764703 0.56570546 0.53482383
vn -0.58089131 0.64395164 0.49788710
vn -0.52164172 0.71546871 0.46475202
vn -0.45203761 0.77865620 0.43515114
vn -0.37328426 0.83207515 0.41025578
vn -0.28662313 0.87504492 0.39005586
vn -0.19417006 0.90610580 0.37585936
vn -0.09855184 0.92494650 0.36709878
vn -0.02517500 0.93525077 0.35308952
vn 0.02517500 0.93525077 0.35308952
vn 0.09855184 0.92494650 0.36709878
vn 0.19417317 0.90610314 0.37586418
vn 0.28661785 0.87504508 0.39005936
vn 0.37328426 0.83207515 0.41025578
vn 0.45203528 0.77866445 0.43513880
vn 0.52165483 0.71545621 0.46475655
vn 0.58088123 0.64395936 0.49788887
vn 0.62764902 0.56570236 0.53482478
vn 0.66237608 0.48188135 0.57362731
vn 0.68347952 0.39463816 0.61409809
vn 0.69840399 0.32500211 0.63765625
vn 0.69842366 0.27948363 0.65885756
vn -0.69846525 0.27958003 0.65877257
vn -0.02478509 -0.33094830 0.94332334
vn -0.09806177 -0.31352703 0.94450235
vn -0.19435544 -0.29466296 0.93562797
vn -0.28693829 -0.26295367 0.92115242
vn -0.37370879 -0.22063800 0.90092209
vn -0.45170048 -0.16677339 0.87644356
vn -0.52188513 -0.10424100 0.84662254
vn -0.58028154 -0.03235537 0.81377298
vn -0.62811945 0.04574941 0.77677085
vn -0.66220138 0.12994425 0.73797278
vn -0.68324903 0.21672411 0.69728145
vn 0.02479461 -0.33093788 0.94332674
vn 0.68324858 0.21672274 0.69728232
vn 0.66220257 0.12994613 0.73797138
vn 0.62811746 0.04574668 0.77677262
vn 0.58027748 -0.03235230 0.81377600
vn 0.52188991 -0.10423680 0.84662011
vn 0.45169432 -0.16677759 0.87644593
vn 0.37372134 -0.22063586 0.90091741
vn 0.28693338 -0.26296526 0.92115064
vn 0.19435544 -0.29466296 0.93562797
vn 0.09805108 -0.31351819 0.94450640
vn -0.02321559 0.94277694 0.33261490
vn 0.02321559 0.94277694 0.33261490
vn -0.13063501 0.89853304 -0.41901416
vn -0.25912982 0.87534522 -0.40819417
vn -0.38249285 0.83739523 -0.39047207
vn -0.49988746 0.78494907 -0.36601570
vn -0.60860076 0.71914032 -0.33532420
vn -0.70716089 0.64081025 -0.29880713
vn -0.79351612 0.55152808 -0.25719437
vn -0.86586014 0.45341422 -0.21142792
vn -0.92380998 0.34698021 -0.16180190
vn -0.96593994 0.23451931 -0.10936510
vn -0.99146820 0.11813669 -0.05508665
vn -0.71514947 0.37786690 0.58802878
vn -0.69693365 0.46175364 0.54869578
vn -0.66608350 0.54305729 0.51129399
vn -0.62473605 0.61964806 0.47512225
vn -0.57218302 0.69070881 0.44218540
vn -0.51009346 0.75487623 0.41226999
vn -0.43888350 0.81144962 0.38591553
vn -0.36064294 0.85887508 0.36368980
vn -0.27617704 0.89656031 0.34627423
vn -0.18684120 0.92409307 0.33338022
vn -0.09411388 0.94077898 0.32569539
vn 0.13036103 -0.89857095 0.41901821
vn 0.09402466 -0.35554947 0.92991609
vn 0.18670954 -0.33868589 0.92218838
vn 0.25874616 -0.87544040 0.40823342
vn 0.27590793 -0.31099800 0.90948065
vn 0.38281454 -0.83726824 0.39042914
vn 0.36067322 -0.27342425 0.89171409
vn 0.50005346 -0.78485881 0.36598249
vn 0.43898672 -0.22552287 0.86972990
vn 0.60858205 -0.71914715 0.33534350
vn 0.51009443 -0.16983468 0.84318435
vn 0.70708937 -0.64087156 0.29884488
vn 0.57211210 -0.10474109 0.81345993
vn 0.79348918 -0.55155984 0.25720936
vn 0.62471933 -0.03420893 0.78009967
vn 0.86596973 -0.45323879 0.21135520
vn 0.66641528 0.04216852 0.74438733
vn 0.92376186 -0.34708572 0.16185036
vn 0.69644639 0.12350068 0.70690169
vn 0.96592601 -0.23456890 0.10938182
vn 0.71512991 0.20765069 0.66743570
vn 0.99147607 -0.11808233 0.05506148
vn 0.99146845 0.11813375 -0.05508845
vn 0.96593825 0.23452675 -0.10936408
vn 0.92381419 0.34696991 -0.16179998
vn 0.86585696 0.45341517 -0.21143890
vn 0.79351035 0.55154091 -0.25718466
vn 0.70717280 0.64080078 -0.29879925
vn 0.60859146 0.71914486 -0.33533134
vn 0.49989885 0.78494029 -0.36601896
vn 0.38248472 0.83739270 -0.39048546
vn 0.25912548 0.87534912 -0.40818856
vn 0.13063945 0.89853536 -0.41900781
vn 0.09412091 0.94078035 0.32568941
vn 0.18683615 0.92409661 0.33337323
vn 0.27616184 0.89656110 0.34628434
vn 0.36065707 0.85886489 0.36369984
vn 0.43886817 0.81145807 0.38591518
vn 0.51011219 0.75486109 0.41227454
vn 0.57218249 0.69071974 0.44216902
vn 0.62472576 0.61965517 0.47512651
vn 0.66608791 0.54304420 0.51130216
vn 0.69693393 0.46176133 0.54868896
vn 0.71514787 0.37786506 0.58803191
f 1//1 2//2 3//3
f 3//3 2//2 4//4
f 3//3 4//4 5//5
f 5//5 4//4 6//6
f 5//5 6//6 7//7
f 7//7 6//6 8//8
f 7//7 8//8 9//9
f 9//9 8//8 10//10
f 9//9 10//10 11//11
f 11//11 10//10 12//12
f 11//11 12//12 13//13
f 13//13 12//12 14//14
f 13//13 14//14 15//15
f 15//15 14//14 16//16
f 15//15 16//16 17//17
f 17//17 16//16 18//18
f 17//17 18//18 19//19
f 19//19 18//18 20//20
f 19//19 20//20 21//21
f 21//21 20//20 22//22
f 21//21 22//22 23//23
f 23//23 22//22 24//24
f 23//23 24//24 25//25
f 25//25 24//24 26//26
f 25//25 26//26 27//27
f 27//27 26//26 28//28
f 27//27 28//28 29//29
f 29//29 28//28 30//30
f 29//29 30//30 31//31
f 31//31 30//30 32//32
f 32//32 30//30 33//33
f 32//32 33//33 34//34
f 34//34 33//33 35//35
f 34//34 35//35 36//36
f 36//36 35//35 37//37
f 36//36 37//37 38//38
f 38//38 37//37 39//39
f 38//38 39//39 40//40
f 40//40 39//39 41//41
f 40//40 41//41 42//42
f 42//42 41//41 43//43
f 42//42 43//43 44//44
f 44//44 43//43 45//45
f 44//44 45//45 46//46
f 46//46 45//45 47//47
f 46//46 47//47 48//48
f 48//48 47//47 49//49
f 48//48 49//49 50//50
f 50//50 49//49 51//51
f 50//50 51//51 52//52
f 52//52 51//51 53//53
f 52//52 53//53 54//54
f 54//54 53//53 55//55
f 54//54 55//55 56//56
f 56//56 55//55 1//1
f 56//56 1//1 3//3
f 4//4 2//2 57//57
f 57//57 2//2 1//1
f 57//57 1//1 58//58
f 58//58 1//1 55//55
f 58//58 55//55 59//59
f 59//59 55//55 53//53
f 59//59 53//53 60//60
f 60//60 53//53 51//51
f 60//60 51//51 61//61
f 61//61 51//51 49//49
f 61//61 49//49 62//62
f 62//62 49//49 47//47
f 62//62 47//47 63//63
f 63//63 47//47 45//45
f 63//63 45//45 43//43
f 63//63 43//43 64//64
f 64//64 43//43 41//41
f 64//64 41//41 65//65
f 65//65 41//41 39//39
f 65//65 39//39 66//66
f 66//66 39//39 37//37
f 66//66 37//37 67//67
f 67//67 37//37 35//35
f 67//67 35//35 68//68
f 68//68 35//35 33//33
f 68//68 33//33 69//69
f 69//69 33//33 30//30
f 69//69 30//30 28//28
f 69//69 28//28 70//70
f 70//70 28//28 26//26
f 70//70 26//26 71//71
f 71//71 26//26 24//24
f 71//71 24//24 72//72
f 72//72 24//24 22//22
f 72//72 22//22 73//73
f 73//73 22//22 20//20
f 73//73 20//20 74//74
f 74//74 20//20 18//18
f 74//74 18//18 75//75
f 75//75 18//18 16//16
f 75//75 16//16 14//14
f 75//75 14//14 76//76
f 76//76 14//14 12//12
f 76//76 12//12 77//77
f 77//77 12//12 10//10
f 77//77 10//10 78//78
f 78//78 10//10 8//8
f 78//78 8//8 79//79
f 79//79 8//8 6//6
f 79//79 6//6 80//80
f 80//80 6//6 4//4
f 80//80 4//4 57//57
f 81//81 82//82 83//83
f 83//83 82//82 84//84
f 83//83 84//84 85//85
f 85//85 84//84 86//86
f 85//85 86//86 87//87
f 87//87 86//86 88//88
f 87//87 88//88 89//89
f 89//89 88//88 90//90
f 89//89 90//90 91//91
f 91//91 90//90 92//92
f 91//91 92//92 93//93
f 93//93 92//92 94//94
f 93//93 94//94 95//95
f 95//95 94//94 96//96
f 95//95 96//96 97//97
f 97//97 96//96 98//98
f 97//97 98//98 99//99
f 99//99 98//98 100//100
f 99//99 100//100 101//101
f 101//101 100//100 102//102
f 101//101 102//102 103//103
f 103//103 102//102 104//104
f 103//103 104//104 105//105
f 105//105 104//104 106//106
f 105//105 106//106 107//107
f 107//107 106//106 108//108
f 107//107 108//108 109//109
f 109//109 108//108 110//110
f 109//109 110//110 111//111
f 111//111 110//110 112//112
f 112//112 110//110 113//113
f 112//112 113//113 114//114
f 114//114 113//113 115//115
f 114//114 115//115 116//116
f 116//116 115//115 117//117
f 116//116 117//117 118//118
f 118//118 117//117 119//119
f 118//118 119//119 120//120
f 120//120 119//119 121//121
f 120//120 121//121 122//122
f 122//122 121//121 123//123
f 122//122 123//123 124//124
f 124//124 123//123 125//125
f 124//124 125//125 126//126
f 126//126 125//125 127//127
f 126//126 127//127 128//128
f 128//128 127//127 129//129
f 128//128 129//129 130//130
f 130//130 129//129 131//131
f 130//130 131//131 132//132
f 132//132 131//131 133//133
f 132//132 133//133 134//134
f 134//134 133//133 135//135
f 134//134 135//135 136//136
f 136//136 135//135 81//81
f 136//136 81//81 83//83
f 84//84 82//82 137//137
f 137//137 82//82 81//81
f 137//137 81//81 138//138
f 138//138 81//81 135//135
f 138//138 135//135 139//139
f 139//139 135//135 133//133
f 139//139 133//133 140//140
f 140//140 133//133 131//131
f 140//140 131//131 141//141
f 141//141 131//131 129//129
f 141//141 129//129 142//142
f 142//142 129//129 127//127
f 142//142 127//127 143//143
f 143//143 127//127 125//125
f 143//143 125//125 123//123
f 143//143 123//123 144//144
f 144//144 123//123 121//121
f 144//144 121//121 145//145
f 145//145 121//121 119//119
f 145//145 119//119 146//146
f 146//146 119//119 117//117
f 146//146 117//117 147//147
f 147//147 117//117 115//115
f 147//147 115//115 148//148
f 148//148 115//115 113//113
f 148//148 113//113 149//149
f 149//149 113//113 110//110
f 149//149 110//110 108//108
f 149//149 108//108 150//150
f 150//150 108//108 106//106
f 150//150 106//106 151//151
f 151//151 106//106 104//104
f 151//151 104//104 152//152
f 152//152 104//104 102//102
f 152//152 102//102 153//153
f 153//153 102//102 100//100
f 153//153 100//100 154//154
f 154//154 100//100 98//98
f 154//154 98//98 155//155
f 155//155 98//98 96//96
f 155//155 96//96 94//94
f 155//155 94//94 156//156
f 156//156 94//94 92//92
f 156//156 92//92 157//157
f 157//157 92//92 90//90
f 157//157 90//90 158//158
f 158//158 90//90 88//88
f 158//158 88//88 159//159
f 159//159 88//88 86//86
f 159//159 86//86 160//160
f 160//160 86//86 84//84
f 160//160 84//84 137//137
f 161//161 162//162 163//163
f 163//163 162//162 164//164
f 164//164 162//162 165//165
f 165//165 162//162 166//166
f 166//166 162//162 167//167
f 167//167 162//162 168//168
f 168//168 162//162 169//169
f 169//169 162//162 170//170
f 169//169 170//170 171//171
f 171//171 170//170 172//172
f 171//171 172//172 173//173
f 171//171 173//173 174//174
f 174//174 173//173 175//175
f 174//174 175//175 176//176
f 176//176 175//175 177//177
f 177//177 175//175 178//178
f 177//177 178//178 179//179
f 179//179 178//178 180//180
f 179//179 180//180 181//181
f 181//181 180//180 182//182
f 181//181 182//182 183//183
f 183//183 182//182 184//184
f 183//183 184//184 185//185
f 183//183 185//185 186//186
f 186//186 185//185 187//187
f 186//186 187//187 188//188
f 186//186 188//188 189//189
f 189//189 188//188 190//190
f 189//189 190//190 191//191
f 191//191 190//190 192//192
f 191//191 192//192 193//193
f 193//193 192//192 194//194
f 193//193 194//194 195//195
f 195//195 194//194 196//196
f 196//196 194//194 197//197
f 196//196 197//197 198//198
f 198//198 197//197 199//199
f 199//199 197//197 200//200
f 199//199 200//200 201//201
f 201//201 200//200 202//202
f 202//202 200//200 203//203
f 202//202 203//203 204//204
f 204//204 203//203 205//205
f 204//204 205//205 206//206
f 206//206 205//205 207//207
f 206//206 207//207 208//208
f 208//208 207//207 209//209
f 208//208 209//209 210//210
f 210//210 209//209 211//211
f 210//210 211//211 212//212
f 212//212 211//211 213//213
f 213//213 211//211 214//214
f 213//213 214//214 215//215
f 215//215 214//214 216//216
f 216//216 214//214 217//217
f 216//216 217//217 218//218
f 218//218 217//217 219//219
f 218//218 219//219 220//220
f 220//220 219//219 221//221
f 220//220 221//221 222//222
f 223//223 224//224 222//222
f 222//222 224//224 220//220
f 161//161 225//225 162//162
f 162//162 225//225 226//226
f 223//223 222//222 227//227
f 227//227 222//222 228//228
f 228//228 222//222 221//221
f 228//228 221//221 229//229
f 229//229 221//221 219//219
f 229//229 219//219 230//230
f 230//230 219//219 217//217
f 230//230 217//217 231//231
f 231//231 217//217 214//214
f 231//231 214//214 232//232
f 232//232 214//214 211//211
f 232//232 211//211 233//233
f 233//233 211//211 209//209
f 233//233 209//209 234//234
f 234//234 209//209 207//207
f 234//234 207//207 235//235
f 235//235 207//207 205//205
f 235//235 205//205 236//236
f 236//236 205//205 203//203
f 236//236 203//203 237//237
f 237//237 203//203 200//200
f 237//237 200//200 238//238
f 238//238 200//200 197//197
f 238//238 197//197 239//239
f 239//239 197//197 194//194
f 239//239 194//194 240//240
f 240//240 194//194 192//192
f 240//240 192//192 241//241
f 241//241 192//192 190//190
f 241//241 190//190 242//242
f 242//242 190//190 188//188
f 242//242 188//188 243//243
f 243//243 188//188 187//187
f 243//243 187//187 244//244
f 244//244 187//187 185//185
f 244//244 185//185 245//245
f 245//245 185//185 184//184
f 245//245 184//184 246//246
f 246//246 184//184 182//182
f 246//246 182//182 247//247
f 247//247 182//182 180//180
f 247//247 180//180 248//248
f 248//248 180//180 178//178
f 248//248 178//178 249//249
f 249//249 178//178 175//175
f 249//249 175//175 250//250
f 250//250 175//175 173//173
f 250//250 173//173 251//251
f 251//251 173//173 172//172
f 251//251 172//172 252//252
f 252//252 172//172 170//170
f 252//252 170//170 253//253
f 253//253 170//170 162//162
f 253//253 162//162 226//226
f 223//223 227//227 224//224
f 224//224 227//227 254//254
f 164//164 165//165 255//255
f 255//255 165//165 256//256
f 256//256 165//165 166//166
f 256//256 166//166 257//257
f 257//257 166//166 167//167
f 257//257 167//167 258//258
f 258//258 167//167 168//168
f 258//258 168//168 259//259
f 259//259 168//168 169//169
f 259//259 169//169 260//260
f 260//260 169//169 171//171
f 260//260 171//171 261//261
f 261//261 171//171 174//174
f 261//261 174//174 262//262
f 262//262 174//174 176//176
f 262//262 176//176 263//263
f 263//263 176//176 177//177
f 263//263 177//177 264//264
f 264//264 177//177 179//179
f 264//264 179//179 265//265
f 265//265 179//179 181//181
f 265//265 181//181 266//266
f 266//266 181//181 183//183
f 266//266 183//183 267//267
f 267//267 183//183 186//186
f 267//267 186//186 268//268
f 268//268 186//186 189//189
f 268//268 189//189 269//269
f 269//269 189//189 191//191
f 269//269 191//191 270//270
f 270//270 191//191 193//193
f 270//270 193//193 271//271
f 271//271 193//193 195//195
f 271//271 195//195 272//272
f 272//272 195//195 196//196
f 272//272 196//196 273//273
f 273//273 196//196 198//198
f 273//273 198//198 274//274
f 274//274 198//198 199//199
f 274//274 199//199 275//275
f 275//275 199//199 201//201
f 275//275 201//201 276//276
f 276//276 201//201 202//202
f 276//276 202//202 277//277
f 277//277 202//202 204//204
f 277//277 204//204 278//278
f 278//278 204//204 206//206
f 278//278 206//206 279//279
f 279//279 206//206 208//208
f 279//279 208//208 280//280
f 280//280 208//208 210//210
f 280//280 210//210 281//281
f 281//281 210//210 212//212
f 281//281 212//212 282//282
f 282//282 212//212 213//213
f 282//282 213//213 283//283
f 283//283 213//213 215//215
f 283//283 215//215 284//284
f 284//284 215//215 216//216
f 284//284 216//216 285//285
f 285//285 216//216 218//218
f 285//285 218//218 286//286
f 286//286 218//218 220//220
f 286//286 220//220 287//287
f 287//287 220//220 224//224
f 287//287 224//224 254//254
f 164//164 255//255 163//163
f 163//163 255//255 288//288
f 161//161 163//163 225//225
f 225//225 163//163 288//288
f 289//289 290//290 291//291
f 291//291 290//290 292//292
f 291//291 292//292 293//293
f 293//293 292//292 294//294
f 293//293 294//294 295//295
f 293//293 295//295 296//296
f 296//296 295//295 297//297
f 296//296 297//297 298//298
f 298//298 297//297 299//299
f 298//298 299//299 300//300
f 300//300 299//299 301//301
f 300//300 301//301 302//302
f 302//302 301//301 303//303
f 302//302 303//303 304//304
f 304//304 303//303 305//305
f 304//304 305//305 306//306
f 306//306 305//305 307//307
f 307//307 305//305 308//308
f 307//307 308//308 309//309
f 309//309 308//308 310//310
f 309//309 310//310 311//311
f 311//311 310//310 312//312
f 311//311 312//312 313//313
f 313//313 312//312 314//314
f 313//313 314//314 315//315
f 315//315 314//314 316//316
f 315//315 316//316 317//317
f 317//317 316//316 318//318
f 317//317 318//318 319//319
f 319//319 318//318 320//320
f 319//319 320//320 321//321
f 321//321 320//320 322//322
f 321//321 322//322 323//323
f 321//321 323//323 324//324
f 324//324 323//323 325//325
f 324//324 325//325 326//326
f 326//326 325//325 327//327
f 326//326 327//327 328//328
f 326//326 328//328 329//329
f 329//329 328//328 330//330
f 329//329 330//330 331//331
f 331//331 330//330 332//332
f 331//331 332//332 333//333
f 331//331 333//333 334//334
f 334//334 333//333 335//335
f 334//334 335//335 336//336
f 336//336 335//335 337//337
f 336//336 337//337 338//338
f 338//338 337//337 339//339
f 339//339 337//337 340//340
f 339//339 340//340 341//341
f 341//341 340//340 342//342
f 341//341 342//342 343//343
f 343//343 342//342 344//344
f 343//343 344//344 345//345
f 345//345 344//344 346//346
f 345//345 346//346 347//347
f 347//347 346//346 348//348
f 347//347 348//348 349//349
f 349//349 348//348 350//350
f 349//349 350//350 351//351
f 351//351 350//350 352//352
f 352//352 350//350 353//353
f 353//353 350//350 354//354
f 354//354 350//350 355//355
f 355//355 350//350 356//356
f 355//355 356//356 357//357
f 357//357 356//356 358//358
f 350//350 348//348 359//359
f 359//359 348//348 360//360
f 360//360 348//348 346//346
f 360//360 346//346 361//361
f 361//361 346//346 344//344
f 361//361 344//344 362//362
f 362//362 344//344 342//342
f 362//362 342//342 363//363
f 363//363 342//342 340//340
f 363//363 340//340 364//364
f 364//364 340//340 337//337
f 364//364 337//337 365//365
f 365//365 337//337 335//335
f 365//365 335//335 366//366
f 366//366 335//335 333//333
f 366//366 333//333 367//367
f 367//367 333//333 332//332
f 367//367 332//332 368//368
f 368//368 332//332 330//330
f 368//368 330//330 369//369
f 369//369 330//330 328//328
f 369//369 328//328 370//370
f 370//370 328//328 327//327
f 370//370 327//327 371//371
f 371//371 327//327 325//325
f 371//371 325//325 372//372
f 372//372 325//325 323//323
f 372//372 323//323 373//373
f 373//373 323//323 322//322
f 373//373 322//322 374//374
f 374//374 322//322 320//320
f 374//374 320//320 375//375
f 375//375 320//320 318//318
f 375//375 318//318 376//376
f 376//376 318//318 316//316
f 376//376 316//316 377//377
f 377//377 316//316 314//314
f 377//377 314//314 378//378
f 378//378 314//314 312//312
f 378//378 312//312 379//379
f 379//379 312//312 310//310
f 379//379 310//310 380//380
f 380//380 310//310 308//308
f 380//380 308//308 381//381
f 381//381 308//308 305//305
f 381//381 305//305 382//382
f 382//382 305//305 303//303
f 382//382 303//303 383//383
f 383//383 303//303 301//301
f 383//383 301//301 384//384
f 384//384 301//301 299//299
f 384//384 299//299 385//385
f 385//385 299//299 297//297
f 385//385 297//297 386//386
f 386//386 297//297 295//295
f 386//386 295//295 387//387
f 387//387 295//295 294//294
f 387//387 294//294 388//388
f 388//388 294//294 292//292
f 388//388 292//292 389//389
f 389//389 292//292 290//290
f 389//389 290//290 390//390
f 390//390 290//290 289//289
f 390//390 289//289 391//391
f 356//356 350//350 392//392
f 392//392 350//350 359//359
f 356//356 392//392 358//358
f 358//358 392//392 393//393
f 357//357 358//358 394//394
f 394//394 358//358 393//393
f 357//357 394//394 355//355
f 355//355 394//394 395//395
f 355//355 395//395 354//354
f 354//354 395//395 396//396
f 354//354 396//396 353//353
f 353//353 396//396 397//397
f 291//291 293//293 398//398
f 398//398 293//293 399//399
f 399//399 293//293 296//296
f 399//399 296//296 400//400
f 400//400 296//296 298//298
f 400//400 298//298 401//401
f 401//401 298//298 300//300
f 401//401 300//300 402//402
f 402//402 300//300 302//302
f 402//402 302//302 403//403
f 403//403 302//302 304//304
f 403//403 304//304 404//404
f 404//404 304//304 306//306
f 404//404 306//306 405//405
f 405//405 306//306 307//307
f 405//405 307//307 406//406
f 406//406 307//307 309//309
f 406//406 309//309 407//407
f 407//407 309//309 311//311
f 407//407 311//311 408//408
f 408//408 311//311 313//313
f 408//408 313//313 409//409
f 409//409 313//313 315//315
f 409//409 315//315 410//410
f 410//410 315//315 317//317
f 410//410 317//317 411//411
f 411//411 317//317 319//319
f 411//411 319//319 412//412
f 412//412 319//319 321//321
f 412//412 321//321 413//413
f 413//413 321//321 324//324
f 413//413 324//324 414//414
f 414//414 324//324 326//326
f 414//414 326//326 415//415
f 415//415 326//326 329//329
f 415//415 329//329 416//416
f 416//416 329//329 331//331
f 416//416 331//331 417//417
f 417//417 331//331 334//334
f 417//417 334//334 418//418
f 418//418 334//334 336//336
f 418//418 336//336 419//419
f 419//419 336//336 338//338
f 419//419 338//338 420//420
f 420//420 338//338 339//339
f 420//420 339//339 421//421
f 421//421 339//339 341//341
f 421//421 341//341 422//422
f 422//422 341//341 343//343
f 422//422 343//343 423//423
f 423//423 343//343 345//345
f 423//423 345//345 424//424
f 424//424 345//345 347//347
f 424//424 347//347 425//425
f 425//425 347//347 349//349
f 425//425 349//349 426//426
f 426//426 349//349 351//351
f 426//426 351//351 427//427
f 427//427 351//351 352//352
f 427//427 352//352 428//428
f 428//428 352//352 353//353
f 428//428 353//353 397//397
f 291//291 398//398 289//289
f 289//289 398//398 391//391
f 156//156 429//429 155//155
f 155//155 429//429 430//430
f 155//155 430//430 154//154
f 154//154 430//430 431//431
f 154//154 431//431 153//153
f 153//153 431//431 432//432
f 153//153 432//432 152//152
f 152//152 432//432 433//433
f 152//152 433//433 151//151
f 151//151 433//433 434//434
f 151//151 434//434 150//150
f 150//150 434//434 435//435
f 150//150 435//435 149//149
f 149//149 435//435 436//436
f 149//149 436//436 148//148
f 148//148 436//436 437//437
f 148//148 437//437 147//147
f 147//147 437//437 438//438
f 147//147 438//438 146//146
f 146//146 438//438 439//439
f 146//146 439//439 145//145
f 145//145 439//439 440//440
f 145//145 440//440 144//144
f 144//144 440//440 441//441
f 144//144 441//441 143//143
f 143//143 441//441 442//442
f 143//143 442//442 142//142
f 142//142 442//442 443//443
f 142//142 443//443 141//141
f 141//141 443//443 444//444
f 141//141 444//444 140//140
f 140//140 444//444 445//445
f 140//140 445//445 139//139
f 139//139 445//445 446//446
f 139//139 446//446 138//138
f 138//138 446//446 447//447
f 138//138 447//447 137//137
f 137//137 447//447 448//448
f 137//137 448//448 160//160
f 160//160 448//448 449//449
f 160//160 449//449 159//159
f 159//159 449//449 450//450
f 159//159 450//450 158//158
f 158//158 450//450 451//451
f 158//158 451//451 157//157
f 157//157 451//451 452//452
f 157//157 452//452 156//156
f 156//156 452//452 429//429
f 76//76 453//453 75//75
f 75//75 453//453 454//454
f 75//75 454//454 74//74
f 74//74 454//454 455//455
f 74//74 455//455 73//73
f 73//73 455//455 456//456
f 73//73 456//456 72//72
f 72//72 456//456 457//457
f 72//72 457//457 71//71
f 71//71 457//457 458//458
f 71//71 458//458 70//70
f 70//70 458//458 459//459
f 70//70 459//459 69//69
f 69//69 459//459 460//460
f 69//69 460//460 68//68
f 68//68 460//460 461//461
f 68//68 461//461 67//67
f 67//67 461//461 462//462
f 67//67 462//462 66//66
f 66//66 462//462 463//463
f 66//66 463//463 65//65
f 65//65 463//463 464//464
f 65//65 464//464 64//64
f 64//64 464//464 465//465
f 64//64 465//465 63//63
f 63//63 465//465 466//466
f 63//63 466//466 62//62
f 62//62 466//466 467//467
f 62//62 467//467 61//61
f 61//61 467//467 468//468
f 61//61 468//468 60//60
f 60//60 468//468 469//469
f 60//60 469//469 59//59
f 59//59 469//469 470//470
f 59//59 470//470 58//58
f 58//58 470//470 471//471
f 58//58 471//471 57//57
f 57//57 471//471 472//472
f 57//57 472//472 80//80
f 80//80 472//472 473//473
f 80//80 473//473 79//79
f 79//79 473//473 474//474
f 79//79 474//474 78//78
f 78//78 474//474 475//475
f 78//78 475//475 77//77
f 77//77 475//475 476//476
f 77//77 476//476 76//76
f 76//76 476//476 453//453
f 477//477 478//478 479//479
f 479//479 478//478 480//480
f 481//481 482//482 483//483
f 483//483 482//482 484//484
f 485//485 486//486 487//487
f 487//487 486//486 488//488
f 487//487 488//488 489//489
f 489//489 488//488 490//490
f 489//489 490//490 491//491
f 491//491 490//490 492//492
f 492//492 490//490 493//493
f 492//492 493//493 494//494
f 494//494 493//493 495//495
f 494//494 495//495 496//496
f 496//496 495//495 497//497
f 497//497 495//495 498//498
f 497//497 498//498 499//499
f 499//499 498//498 500//500
f 499//499 500//500 501//501
f 485//485 502//502 486//486
f 486//486 502//502 483//483
f 483//483 502//502 481//481
f 503//503 501//501 504//504
f 504//504 501//501 500//500
f 478//478 505//505 480//480
f 480//480 505//505 506//506
f 506//506 505//505 507//507
f 506//506 507//507 508//508
f 506//506 508//508 509//509
f 509//509 508//508 510//510
f 509//509 510//510 511//511
f 511//511 510//510 512//512
f 511//511 512//512 513//513
f 511//511 513//513 514//514
f 514//514 513//513 515//515
f 514//514 515//515 516//516
f 516//516 515//515 517//517
f 516//516 517//517 518//518
f 516//516 518//518 519//519
f 519//519 518//518 520//520
f 519//519 520//520 504//504
f 504//504 520//520 503//503
f 479//479 480//480 521//521
f 521//521 480//480 522//522
f 522//522 480//480 506//506
f 522//522 506//506 509//509
f 509//509 511//511 522//522
f 522//522 511//511 514//514
f 522//522 514//514 516//516
f 516//516 519//519 522//522
f 522//522 519//519 504//504
f 522//522 504//504 523//523
f 523//523 504//504 500//500
f 523//523 500//500 498//498
f 498//498 495//495 523//523
f 523//523 495//495 493//493
f 523//523 493//493 490//490
f 490//490 488//488 523//523
f 523//523 488//488 486//486
f 523//523 486//486 483//483
f 484//484 524//524 483//483
f 483//483 524//524 523//523
f 482//482 481//481 525//525
f 525//525 481//481 526//526
f 526//526 481//481 502//502
f 526//526 502//502 485//485
f 485//485 487//487 526//526
f 527//527 528//528 529//529
f 529//529 528//528 530//530
f 529//529 530//530 531//531
f 531//531 530//530 532//532
f 531//531 532//532 533//533
f 528//528 527//527 534//534
f 534//534 527//527 535//535
f 534//534 535//535 536//536
f 536//536 535//535 537//537
f 536//536 537//537 538//538
f 538//538 537//537 539//539
f 538//538 539//539 540//540
f 540//540 539//539 541//541
f 540//540 541//541 542//542
f 542//542 541//541 543//543
f 542//542 543//543 544//544
f 544//544 543//543 545//545
f 544//544 545//545 546//546
f 546//546 545//545 547//547
f 546//546 547//547 548//548
f 548//548 547//547 549//549
f 548//548 549//549 550//550
f 550//550 549//549 551//551
f 550//550 551//551 552//552
f 552//552 551//551 553//553
f 552//552 553//553 554//554
f 554//554 553//553 555//555
f 554//554 555//555 556//556
f 556//556 555//555 557//557
f 556//556 557//557 558//558
f 558//558 557//557 559//559
f 558//558 559//559 560//560
f 560//560 559//559 561//561
f 560//560 561//561 562//562
f 562//562 561//561 563//563
f 562//562 563//563 564//564
f 564//564 563//563 565//565
f 564//564 565//565 566//566
f 566//566 565//565 567//567
f 566//566 567//567 568//568
f 568//568 567//567 569//569
f 568//568 569//569 570//570
f 570//570 569//569 571//571
f 570//570 571//571 572//572
f 572//572 571//571 573//573
f 572//572 573//573 574//574
f 574//574 573//573 575//575
f 574//574 575//575 576//576
f 576//576 575//575 577//577
f 576//576 577//577 578//578
f 578//578 577//577 579//579
f 578//578 579//579 580//580
f 580//580 579//579 581//581
f 580//580 581//581 582//582
f 582//582 581//581 583//583
f 582//582 583//583 584//584
f 584//584 583//583 585//585
f 584//584 585//585 586//586
f 586//586 585//585 587//587
f 586//586 587//587 588//588
f 588//588 587//587 589//589
f 588//588 589//589 590//590
f 590//590 589//589 591//591
f 590//590 591//591 592//592
f 592//592 591//591 593//593
f 592//592 593//593 594//594
f 594//594 593//593 595//595
f 594//594 595//595 533//533
f 533//533 595//595 531//531
f 527//527 529//529 596//596
f 596//596 529//529 531//531
f 596//596 531//531 597//597
f 597//597 531//531 595//595
f 597//597 595//595 598//598
f 598//598 595//595 593//593
f 598//598 593//593 599//599
f 599//599 593//593 591//591
f 599//599 591//591 600//600
f 600//600 591//591 589//589
f 600//600 589//589 587//587
f 600//600 587//587 601//601
f 601//601 587//587 585//585
f 601//601 585//585 602//602
f 602//602 585//585 583//583
f 602//602 583//583 603//603
f 603//603 583//583 581//581
f 603//603 581//581 604//604
f 604//604 581//581 579//579
f 604//604 579//579 577//577
f 604//604 577//577 605//605
f 605//605 577//577 575//575
f 605//605 575//575 606//606
f 606//606 575//575 573//573
f 606//606 573//573 607//607
f 607//607 573//573 571//571
f 607//607 571//571 608//608
f 608//608 571//571 569//569
f 608//608 569//569 567//567
f 608//608 567//567 609//609
f 609//609 567//567 565//565
f 609//609 565//565 610//610
f 610//610 565//565 563//563
f 610//610 563//563 611//611
f 611//611 563//563 561//561
f 611//611 561//561 559//559
f 611//611 559//559 612//612
f 612//612 559//559 557//557
f 612//612 557//557 613//613
f 613//613 557//557 555//555
f 613//613 555//555 614//614
f 614//614 555//555 553//553
f 614//614 553//553 615//615
f 615//615 553//553 551//551
f 615//615 551//551 549//549
f 615//615 549//549 616//616
f 616//616 549//549 547//547
f 616//616 547//547 617//617
f 617//617 547//547 545//545
f 617//617 545//545 618//618
f 618//618 545//545 543//543
f 618//618 543//543 619//619
f 619//619 543//543 541//541
f 619//619 541//541 539//539
f 619//619 539//539 620//620
f 620//620 539//539 537//537
f 620//620 537//537 621//621
f 621//621 537//537 535//535
f 621//621 535//535 622//622
f 622//622 535//535 527//527
f 622//622 527//527 596//596
f 623//623 624//624 625//625
f 625//625 624//624 626//626
f 625//625 626//626 627//627
f 627//627 626//626 628//628
f 627//627 628//628 629//629
f 624//624 623//623 630//630
f 630//630 623//623 631//631
f 630//630 631//631 632//632
f 632//632 631//631 633//633
f 632//632 633//633 634//634
f 634//634 633//633 635//635
f 634//634 635//635 636//636
f 636//636 635//635 637//637
f 636//636 637//637 638//638
f 638//638 637//637 639//639
f 638//638 639//639 640//640
f 640//640 639//639 641//641
f 640//640 641//641 642//642
f 642//642 641//641 643//643
f 642//642 643//643 644//644
f 644//644 643//643 645//645
f 644//644 645//645 646//646
f 646//646 645//645 647//647
f 646//646 647//647 648//648
f 648//648 647//647 649//649
f 648//648 649//649 650//650
f 650//650 649//649 651//651
f 650//650 651//651 652//652
f 652//652 651//651 653//653
f 652//652 653//653 654//654
f 654//654 653//653 655//655
f 654//654 655//655 656//656
f 656//656 655//655 657//657
f 656//656 657//657 658//658
f 658//658 657//657 659//659
f 658//658 659//659 660//660
f 660//660 659//659 661//661
f 660//660 661//661 662//662
f 662//662 661//661 663//663
f 662//662 663//663 664//664
f 664//664 663//663 665//665
f 664//664 665//665 666//666
f 666//666 665//665 667//667
f 666//666 667//667 668//668
f 668//668 667//667 669//669
f 668//668 669//669 670//670
f 670//670 669//669 671//671
f 670//670 671//671 672//672
f 672//672 671//671 673//673
f 672//672 673//673 674//674
f 674//674 673//673 675//675
f 674//674 675//675 676//676
f 676//676 675//675 677//677
f 676//676 677//677 678//678
f 678//678 677//677 679//679
f 678//678 679//679 680//680
f 680//680 679//679 681//681
f 680//680 681//681 682//682
f 682//682 681//681 683//683
f 682//682 683//683 684//684
f 684//684 683//683 685//685
f 684//684 685//685 686//686
f 686//686 685//685 687//687
f 686//686 687//687 688//688
f 688//688 687//687 689//689
f 688//688 689//689 690//690
f 690//690 689//689 691//691
f 690//690 691//691 629//629
f 629//629 691//691 627//627
f 623//623 625//625 692//692
f 692//692 625//625 627//627
f 692//692 627//627 693//693
f 693//693 627//627 691//691
f 693//693 691//691 694//694
f 694//694 691//691 689//689
f 694//694 689//689 695//695
f 695//695 689//689 687//687
f 695//695 687//687 696//696
f 696//696 687//687 685//685
f 696//696 685//685 683//683
f 696//696 683//683 697//697
f 697//697 683//683 681//681
f 697//697 681//681 698//698
f 698//698 681//681 679//679
f 698//698 679//679 699//699
f 699//699 679//679 677//677
f 699//699 677//677 700//700
f 700//700 677//677 675//675
f 700//700 675//675 673//673
f 700//700 673//673 701//701
f 701//701 673//673 671//671
f 701//701 671//671 702//702
f 702//702 671//671 669//669
f 702//702 669//669 703//703
f 703//703 669//669 667//667
f 703//703 667//667 704//704
f 704//704 667//667 665//665
f 704//704 665//665 663//663
f 704//704 663//663 705//705
f 705//705 663//663 661//661
f 705//705 661//661 706//706
f 706//706 661//661 659//659
f 706//706 659//659 707//707
f 707//707 659//659 657//657
f 707//707 657//657 655//655
f 707//707 655//655 708//708
f 708//708 655//655 653//653
f 708//708 653//653 709//709
f 709//709 653//653 651//651
f 709//709 651//651 710//710
f 710//710 651//651 649//649
f 710//710 649//649 711//711
f 711//711 649//649 647//647
f 711//711 647//647 645//645
f 711//711 645//645 712//712
f 712//712 645//645 643//643
f 712//712 643//643 713//713
f 713//713 643//643 641//641
f 713//713 641//641 714//714
f 714//714 641//641 639//639
f 714//714 639//639 715//715
f 715//715 639//639 637//637
f 715//715 637//637 635//635
f 715//715 635//635 716//716
f 716//716 635//635 633//633
f 716//716 633//633 717//717
f 717//717 633//633 631//631
f 717//717 631//631 718//718
f 718//718 631//631 623//623
f 718//718 623//623 692//692
f 693//693 719//719 692//692
f 692//692 719//719 720//720
f 692//692 720//720 718//718
f 718//718 720//720 721//721
f 718//718 721//721 717//717
f 717//717 721//721 722//722
f 717//717 722//722 716//716
f 716//716 722//722 723//723
f 716//716 723//723 715//715
f 715//715 723//723 724//724
f 715//715 724//724 714//714
f 714//714 724//724 725//725
f 714//714 725//725 713//713
f 713//713 725//725 726//726
f 713//713 726//726 712//712
f 712//712 726//726 727//727
f 712//712 727//727 711//711
f 711//711 727//727 728//728
f 711//711 728//728 710//710
f 710//710 728//728 729//729
f 710//710 729//729 709//709
f 709//709 729//729 730//730
f 709//709 730//730 708//708
f 708//708 730//730 731//731
f 708//708 731//731 707//707
f 707//707 731//731 732//732
f 707//707 732//732 706//706
f 706//706 732//732 733//733
f 706//706 733//733 705//705
f 705//705 733//733 734//734
f 705//705 734//734 704//704
f 704//704 734//734 735//735
f 704//704 735//735 703//703
f 703//703 735//735 736//736
f 703//703 736//736 702//702
f 702//702 736//736 737//737
f 702//702 737//737 701//701
f 701//701 737//737 738//738
f 701//701 738//738 700//700
f 700//700 738//738 739//739
f 700//700 739//739 699//699
f 699//699 739//739 740//740
f 699//699 740//740 698//698
f 698//698 740//740 741//741
f 698//698 741//741 697//697
f 697//697 741//741 742//742
f 697//697 742//742 696//696
f 696//696 742//742 743//743
f 696//696 743//743 695//695
f 695//695 743//743 744//744
f 695//695 744//744 694//694
f 694//694 744//744 745//745
f 694//694 745//745 693//693
f 693//693 745//745 719//719
f 597//597 746//746 596//596
f 596//596 746//746 747//747
f 596//596 747//747 622//622
f 622//622 747//747 748//748
f 622//622 748//748 621//621
f 621//621 748//748 749//749
f 621//621 749//749 620//620
f 620//620 749//749 750//750
f 620//620 750//750 619//619
f 619//619 750//750 751//751
f 619//619 751//751 618//618
f 618//618 751//751 752//752
f 618//618 752//752 617//617
f 617//617 752//752 753//753
f 617//617 753//753 616//616
f 616//616 753//753 754//754
f 616//616 754//754 615//615
f 615//615 754//754 755//755
f 615//615 755//755 614//614
f 614//614 755//755 756//756
f 614//614 756//756 613//613
f 613//613 756//756 757//757
f 613//613 757//757 612//612
f 612//612 757//757 758//758
f 612//612 758//758 611//611
f 611//611 758//758 759//759
f 611//611 759//759 610//610
f 610//610 759//759 760//760
f 610//610 760//760 609//609
f 609//609 760//760 761//761
f 609//609 761//761 608//608
f 608//608 761//761 762//762
f 608//608 762//762 607//607
f 607//607 762//762 763//763
f 607//607 763//763 606//606
f 606//606 763//763 764//764
f 606//606 764//764 605//605
f 605//605 764//764 765//765
f 605//605 765//765 604//604
f 604//604 765//765 766//766
f 604//604 766//766 603//603
f 603//603 766//766 767//767
f 603//603 767//767 602//602
f 602//602 767//767 768//768
f 602//602 768//768 601//601
f 601//601 768//768 769//769
f 601//601 769//769 600//600
f 600//600 769//769 770//770
f 600//600 770//770 599//599
f 599//599 770//770 771//771
f 599//599 771//771 598//598
f 598//598 771//771 772//772
f 598//598 772//772 597//597
f 597//597 772//772 746//746
f 773//773 774//774 775//775
f 775//775 774//774 83//83
f 775//775 83//83 85//85
f 773//773 776//776 774//774
f 774//774 776//776 777//777
f 774//774 777//777 778//778
f 778//778 779//779 774//774
f 774//774 779//779 780//780
f 774//774 780//780 781//781
f 781//781 782//782 774//774
f 774//774 782//782 783//783
f 774//774 783//783 784//784
f 784//784 785//785 774//774
f 786//786 134//134 774//774
f 774//774 134//134 136//136
f 774//774 136//136 83//83
f 787//787 788//788 786//786
f 786//786 788//788 789//789
f 786//786 789//789 790//790
f 790//790 791//791 786//786
f 786//786 791//791 792//792
f 786//786 792//792 793//793
f 793//793 794//794 786//786
f 786//786 794//794 795//795
f 786//786 795//795 796//796
f 796//796 797//797 786//786
f 786//786 797//797 522//522
f 786//786 522//522 3//3
f 3//3 522//522 56//56
f 56//56 522//522 54//54
f 54//54 522//522 52//52
f 52//52 522//522 50//50
f 50//50 522//522 48//48
f 48//48 522//522 46//46
f 46//46 522//522 44//44
f 44//44 522//522 523//523
f 44//44 523//523 42//42
f 42//42 523//523 40//40
f 40//40 523//523 38//38
f 38//38 523//523 36//36
f 36//36 523//523 34//34
f 34//34 523//523 32//32
f 32//32 523//523 31//31
f 31//31 523//523 798//798
f 31//31 798//798 29//29
f 29//29 798//798 27//27
f 27//27 798//798 114//114
f 27//27 114//114 25//25
f 25//25 114//114 116//116
f 25//25 116//116 23//23
f 23//23 116//116 118//118
f 23//23 118//118 21//21
f 21//21 118//118 120//120
f 21//21 120//120 19//19
f 19//19 120//120 122//122
f 19//19 122//122 124//124
f 523//523 799//799 798//798
f 798//798 799//799 800//800
f 798//798 800//800 801//801
f 801//801 802//802 798//798
f 798//798 802//802 803//803
f 798//798 803//803 804//804
f 804//804 805//805 798//798
f 798//798 805//805 806//806
f 798//798 806//806 807//807
f 807//807 808//808 798//798
f 798//798 808//808 809//809
f 810//810 584//584 798//798
f 798//798 584//584 586//586
f 798//798 586//586 588//588
f 811//811 564//564 810//810
f 810//810 564//564 566//566
f 810//810 566//566 568//568
f 812//812 544//544 811//811
f 811//811 544//544 546//546
f 811//811 546//546 548//548
f 813//813 626//626 812//812
f 812//812 626//626 624//624
f 812//812 624//624 630//630
f 814//814 678//678 813//813
f 813//813 678//678 680//680
f 813//813 680//680 682//682
f 815//815 816//816 814//814
f 814//814 816//816 817//817
f 814//814 817//817 818//818
f 818//818 819//819 814//814
f 814//814 819//819 820//820
f 814//814 820//820 821//821
f 821//821 822//822 814//814
f 814//814 822//822 823//823
f 814//814 823//823 824//824
f 824//824 825//825 814//814
f 814//814 825//825 826//826
f 814//814 826//826 111//111
f 111//111 826//826 109//109
f 109//109 826//826 107//107
f 107//107 826//826 105//105
f 105//105 826//826 103//103
f 103//103 826//826 101//101
f 101//101 826//826 99//99
f 99//99 826//826 97//97
f 97//97 826//826 775//775
f 97//97 775//775 95//95
f 95//95 775//775 93//93
f 93//93 775//775 91//91
f 91//91 775//775 89//89
f 89//89 775//775 87//87
f 87//87 775//775 85//85
f 3//3 5//5 786//786
f 786//786 5//5 7//7
f 786//786 7//7 134//134
f 134//134 7//7 9//9
f 134//134 9//9 132//132
f 132//132 9//9 11//11
f 132//132 11//11 130//130
f 130//130 11//11 13//13
f 130//130 13//13 128//128
f 128//128 13//13 15//15
f 128//128 15//15 126//126
f 126//126 15//15 124//124
f 124//124 15//15 17//17
f 124//124 17//17 19//19
f 111//111 112//112 814//814
f 814//814 112//112 114//114
f 814//814 114//114 798//798
f 532//532 530//530 798//798
f 798//798 530//530 528//528
f 798//798 528//528 534//534
f 798//798 534//534 656//656
f 656//656 534//534 536//536
f 656//656 536//536 654//654
f 654//654 536//536 538//538
f 654//654 538//538 652//652
f 652//652 538//538 540//540
f 652//652 540//540 650//650
f 650//650 540//540 542//542
f 650//650 542//542 648//648
f 648//648 542//542 544//544
f 648//648 544//544 812//812
f 548//548 550//550 811//811
f 811//811 550//550 552//552
f 811//811 552//552 554//554
f 554//554 556//556 811//811
f 811//811 556//556 558//558
f 811//811 558//558 560//560
f 560//560 562//562 811//811
f 811//811 562//562 564//564
f 568//568 570//570 810//810
f 810//810 570//570 572//572
f 810//810 572//572 574//574
f 574//574 576//576 810//810
f 810//810 576//576 578//578
f 810//810 578//578 580//580
f 580//580 582//582 810//810
f 810//810 582//582 584//584
f 588//588 590//590 798//798
f 798//798 590//590 592//592
f 798//798 592//592 594//594
f 594//594 533//533 798//798
f 798//798 533//533 532//532
f 630//630 632//632 812//812
f 812//812 632//632 634//634
f 812//812 634//634 636//636
f 636//636 638//638 812//812
f 812//812 638//638 640//640
f 812//812 640//640 642//642
f 642//642 644//644 812//812
f 812//812 644//644 646//646
f 812//812 646//646 648//648
f 798//798 656//656 814//814
f 814//814 656//656 658//658
f 814//814 658//658 660//660
f 660//660 662//662 814//814
f 814//814 662//662 664//664
f 814//814 664//664 666//666
f 666//666 668//668 814//814
f 814//814 668//668 670//670
f 814//814 670//670 672//672
f 672//672 674//674 814//814
f 814//814 674//674 676//676
f 814//814 676//676 678//678
f 682//682 684//684 813//813
f 813//813 684//684 686//686
f 813//813 686//686 688//688
f 688//688 690//690 813//813
f 813//813 690//690 629//629
f 813//813 629//629 628//628
f 628//628 626//626 813//813
f 826//826 827//827 775//775
f 775//775 827//827 828//828
f 827//827 826//826 829//829
f 829//829 826//826 825//825
f 829//829 825//825 830//830
f 830//830 825//825 824//824
f 830//830 824//824 831//831
f 831//831 824//824 823//823
f 831//831 823//823 832//832
f 832//832 823//823 822//822
f 832//832 822//822 833//833
f 833//833 822//822 821//821
f 833//833 821//821 834//834
f 834//834 821//821 820//820
f 834//834 820//820 835//835
f 835//835 820//820 819//819
f 835//835 819//819 836//836
f 836//836 819//819 818//818
f 836//836 818//818 837//837
f 837//837 818//818 817//817
f 837//837 817//817 838//838
f 838//838 817//817 816//816
f 838//838 816//816 839//839
f 839//839 816//816 815//815
f 839//839 815//815 840//840
f 840//840 815//815 814//814
f 840//840 841//841 839//839
f 839//839 841//841 842//842
f 839//839 842//842 838//838
f 838//838 842//842 843//843
f 838//838 843//843 837//837
f 837//837 843//843 844//844
f 837//837 844//844 836//836
f 836//836 844//844 845//845
f 836//836 845//845 835//835
f 835//835 845//845 846//846
f 835//835 846//846 834//834
f 834//834 846//846 847//847
f 834//834 847//847 833//833
f 833//833 847//847 848//848
f 833//833 848//848 832//832
f 832//832 848//848 849//849
f 832//832 849//849 831//831
f 831//831 849//849 850//850
f 831//831 850//850 830//830
f 830//830 850//850 851//851
f 830//830 851//851 829//829
f 829//829 851//851 852//852
f 829//829 852//852 827//827
f 814//814 813//813 840//840
f 840//840 813//813 853//853
f 853//853 813//813 854//854
f 854//854 813//813 812//812
f 854//854 812//812 855//855
f 856//856 857//857 854//854
f 854//854 857//857 853//853
f 811//811 858//858 812//812
f 812//812 858//858 855//855
f 858//858 811//811 859//859
f 859//859 811//811 810//810
f 859//859 810//810 860//860
f 860//860 861//861 859//859
f 859//859 861//861 862//862
f 863//863 864//864 865//865
f 865//865 864//864 866//866
f 865//865 866//866 867//867
f 867//867 866//866 868//868
f 867//867 868//868 869//869
f 869//869 868//868 870//870
f 869//869 870//870 871//871
f 871//871 870//870 872//872
f 871//871 872//872 873//873
f 873//873 872//872 874//874
f 873//873 874//874 875//875
f 875//875 874//874 876//876
f 875//875 876//876 877//877
f 877//877 876//876 878//878
f 877//877 878//878 879//879
f 879//879 878//878 880//880
f 879//879 880//880 881//881
f 881//881 880//880 882//882
f 881//881 882//882 883//883
f 883//883 882//882 884//884
f 883//883 884//884 885//885
f 885//885 884//884 886//886
f 885//885 886//886 887//887
f 887//887 886//886 888//888
f 887//887 888//888 889//889
f 889//889 888//888 890//890
f 889//889 890//890 891//891
f 891//891 890//890 892//892
f 891//891 892//892 893//893
f 893//893 892//892 894//894
f 893//893 894//894 895//895
f 895//895 894//894 896//896
f 895//895 896//896 897//897
f 897//897 896//896 898//898
f 897//897 898//898 899//899
f 899//899 898//898 900//900
f 899//899 900//900 901//901
f 901//901 900//900 902//902
f 901//901 902//902 903//903
f 903//903 902//902 904//904
f 903//903 904//904 905//905
f 905//905 904//904 906//906
f 905//905 906//906 907//907
f 907//907 906//906 908//908
f 907//907 908//908 909//909
f 909//909 908//908 910//910
f 909//909 910//910 911//911
f 911//911 910//910 912//912
f 911//911 912//912 913//913
f 913//913 912//912 914//914
f 913//913 914//914 915//915
f 915//915 914//914 916//916
f 915//915 916//916 863//863
f 863//863 916//916 864//864
f 917//917 918//918 919//919
f 919//919 918//918 920//920
f 919//919 920//920 921//921
f 921//921 920//920 922//922
f 921//921 922//922 923//923
f 923//923 922//922 924//924
f 923//923 924//924 925//925
f 925//925 924//924 926//926
f 925//925 926//926 927//927
f 927//927 926//926 928//928
f 927//927 928//928 929//929
f 929//929 928//928 930//930
f 929//929 930//930 931//931
f 931//931 930//930 932//932
f 931//931 932//932 933//933
f 933//933 932//932 934//934
f 933//933 934//934 935//935
f 935//935 934//934 936//936
f 935//935 936//936 937//937
f 937//937 936//936 938//938
f 937//937 938//938 939//939
f 939//939 938//938 940//940
f 939//939 940//940 941//941
f 941//941 940//940 942//942
f 941//941 942//942 943//943
f 943//943 942//942 944//944
f 943//943 944//944 945//945
f 945//945 944//944 946//946
f 945//945 946//946 947//947
f 947//947 946//946 948//948
f 947//947 948//948 949//949
f 949//949 948//948 950//950
f 949//949 950//950 951//951
f 951//951 950//950 952//952
f 951//951 952//952 953//953
f 953//953 952//952 954//954
f 953//953 954//954 955//955
f 955//955 954//954 956//956
f 955//955 956//956 957//957
f 957//957 956//956 958//958
f 957//957 958//958 959//959
f 959//959 958//958 960//960
f 959//959 960//960 961//961
f 961//961 960//960 962//962
f 961//961 962//962 963//963
f 963//963 962//962 964//964
f 963//963 964//964 965//965
f 965//965 964//964 966//966
f 965//965 966//966 967//967
f 967//967 966//966 968//968
f 967//967 968//968 969//969
f 969//969 968//968 970//970
f 969//969 970//970 917//917
f 917//917 970//970 918//918
f 857//857 856//856 971//971
f 971//971 856//856 972//972
f 857//857 865//865 853//853
f 853//853 865//865 867//867
f 853//853 867//867 869//869
f 971//971 905//905 857//857
f 857//857 905//905 907//907
f 857//857 907//907 909//909
f 840//840 891//891 971//971
f 971//971 891//891 893//893
f 971//971 893//893 895//895
f 853//853 879//879 840//840
f 840//840 879//879 881//881
f 840//840 881//881 883//883
f 869//869 871//871 853//853
f 853//853 871//871 873//873
f 853//853 873//873 875//875
f 875//875 877//877 853//853
f 853//853 877//877 879//879
f 883//883 885//885 840//840
f 840//840 885//885 887//887
f 840//840 887//887 889//889
f 889//889 891//891 840//840
f 895//895 897//897 971//971
f 971//971 897//897 899//899
f 971//971 899//899 901//901
f 901//901 903//903 971//971
f 971//971 903//903 905//905
f 909//909 911//911 857//857
f 857//857 911//911 913//913
f 857//857 913//913 915//915
f 915//915 863//863 857//857
f 857//857 863//863 865//865
f 840//840 971//971 841//841
f 841//841 971//971 972//972
f 841//841 972//972 973//973
f 973//973 972//972 974//974
f 855//855 720//720 854//854
f 854//854 720//720 719//719
f 854//854 719//719 745//745
f 858//858 753//753 855//855
f 855//855 753//753 728//728
f 855//855 728//728 727//727
f 859//859 760//760 858//858
f 858//858 760//760 759//759
f 858//858 759//759 758//758
f 854//854 768//768 859//859
f 859//859 768//768 767//767
f 859//859 767//767 766//766
f 745//745 744//744 854//854
f 854//854 744//744 743//743
f 854//854 743//743 742//742
f 742//742 741//741 854//854
f 854//854 741//741 740//740
f 854//854 740//740 739//739
f 738//738 769//769 739//739
f 739//739 769//769 768//768
f 739//739 768//768 854//854
f 769//769 738//738 770//770
f 770//770 738//738 737//737
f 770//770 737//737 771//771
f 771//771 737//737 736//736
f 771//771 736//736 772//772
f 772//772 736//736 735//735
f 772//772 735//735 746//746
f 746//746 735//735 734//734
f 746//746 734//734 747//747
f 747//747 734//734 733//733
f 747//747 733//733 748//748
f 748//748 733//733 732//732
f 748//748 732//732 749//749
f 749//749 732//732 731//731
f 749//749 731//731 750//750
f 750//750 731//731 730//730
f 750//750 730//730 751//751
f 751//751 730//730 729//729
f 751//751 729//729 752//752
f 752//752 729//729 728//728
f 752//752 728//728 753//753
f 727//727 726//726 855//855
f 855//855 726//726 725//725
f 855//855 725//725 724//724
f 724//724 723//723 855//855
f 855//855 723//723 722//722
f 855//855 722//722 721//721
f 721//721 720//720 855//855
f 766//766 765//765 859//859
f 859//859 765//765 764//764
f 859//859 764//764 763//763
f 763//763 762//762 859//859
f 859//859 762//762 761//761
f 859//859 761//761 760//760
f 758//758 757//757 858//858
f 858//858 757//757 756//756
f 858//858 756//756 755//755
f 755//755 754//754 858//858
f 858//858 754//754 753//753
f 854//854 866//866 856//856
f 856//856 866//866 864//864
f 856//856 864//864 916//916
f 859//859 932//932 854//854
f 854//854 932//932 882//882
f 854//854 882//882 880//880
f 862//862 946//946 859//859
f 859//859 946//946 944//944
f 859//859 944//944 942//942
f 974//974 960//960 862//862
f 862//862 960//960 958//958
f 862//862 958//958 956//956
f 972//972 968//968 974//974
f 974//974 968//968 966//966
f 974//974 966//966 964//964
f 856//856 906//906 972//972
f 972//972 906//906 904//904
f 972//972 904//904 902//902
f 916//916 914//914 856//856
f 856//856 914//914 912//912
f 856//856 912//912 910//910
f 910//910 908//908 856//856
f 856//856 908//908 906//906
f 902//902 900//900 972//972
f 972//972 900//900 968//968
f 900//900 898//898 968//968
f 968//968 898//898 970//970
f 970//970 898//898 896//896
f 970//970 896//896 918//918
f 918//918 896//896 894//894
f 918//918 894//894 920//920
f 920//920 894//894 892//892
f 920//920 892//892 922//922
f 922//922 892//892 890//890
f 922//922 890//890 924//924
f 924//924 890//890 888//888
f 924//924 888//888 926//926
f 926//926 888//888 886//886
f 926//926 886//886 928//928
f 928//928 886//886 884//884
f 928//928 884//884 930//930
f 930//930 884//884 882//882
f 930//930 882//882 932//932
f 880//880 878//878 854//854
f 854//854 878//878 876//876
f 854//854 876//876 874//874
f 874//874 872//872 854//854
f 854//854 872//872 870//870
f 854//854 870//870 868//868
f 868//868 866//866 854//854
f 964//964 962//962 974//974
f 974//974 962//962 960//960
f 956//956 954//954 862//862
f 862//862 954//954 952//952
f 862//862 952//952 950//950
f 950//950 948//948 862//862
f 862//862 948//948 946//946
f 942//942 940//940 859//859
f 859//859 940//940 938//938
f 859//859 938//938 936//936
f 936//936 934//934 859//859
f 859//859 934//934 932//932
f 862//862 861//861 974//974
f 974//974 861//861 975//975
f 860//860 945//945 861//861
f 861//861 945//945 947//947
f 861//861 947//947 949//949
f 976//976 931//931 860//860
f 860//860 931//931 933//933
f 860//860 933//933 935//935
f 975//975 919//919 976//976
f 976//976 919//919 921//921
f 976//976 921//921 923//923
f 861//861 961//961 975//975
f 975//975 961//961 963//963
f 975//975 963//963 965//965
f 923//923 925//925 976//976
f 976//976 925//925 927//927
f 976//976 927//927 929//929
f 929//929 931//931 976//976
f 935//935 937//937 860//860
f 860//860 937//937 939//939
f 860//860 939//939 941//941
f 941//941 943//943 860//860
f 860//860 943//943 945//945
f 949//949 951//951 861//861
f 861//861 951//951 953//953
f 861//861 953//953 955//955
f 955//955 957//957 861//861
f 861//861 957//957 959//959
f 861//861 959//959 961//961
f 965//965 967//967 975//975
f 975//975 967//967 969//969
f 975//975 969//969 917//917
f 917//917 919//919 975//975
f 976//976 973//973 975//975
f 975//975 973//973 974//974
f 810//810 798//798 860//860
f 860//860 798//798 976//976
f 977//977 978//978 979//979
f 979//979 978//978 980//980
f 979//979 980//980 981//981
f 981//981 980//980 982//982
f 982//982 980//980 983//983
f 983//983 980//980 984//984
f 983//983 984//984 985//985
f 985//985 984//984 986//986
f 985//985 986//986 987//987
f 987//987 986//986 988//988
f 987//987 988//988 989//989
f 989//989 988//988 990//990
f 989//989 990//990 991//991
f 991//991 990//990 992//992
f 991//991 992//992 993//993
f 993//993 992//992 994//994
f 994//994 992//992 995//995
f 995//995 992//992 996//996
f 995//995 996//996 997//997
f 997//997 996//996 998//998
f 997//997 998//998 999//999
f 999//999 998//998 1000//1000
f 999//999 1000//1000 977//977
f 977//977 1000//1000 978//978
f 984//984 980//980 978//978
f 984//984 978//978 1000//1000
f 986//986 984//984 1000//1000
f 986//986 1000//1000 998//998
f 988//988 986//986 998//998
f 988//988 998//998 996//996
f 990//990 988//988 996//996
f 990//990 996//996 992//992
f 1001//1001 1002//1002 1003//1003
f 1003//1003 1002//1002 1004//1004
f 1003//1003 1004//1004 1005//1005
f 1003//1003 1005//1005 1006//1006
f 1006//1006 1005//1005 1007//1007
f 1006//1006 1007//1007 1008//1008
f 1008//1008 1007//1007 1009//1009
f 1008//1008 1009//1009 1010//1010
f 1010//1010 1009//1009 1011//1011
f 1010//1010 1011//1011 1012//1012
f 1012//1012 1011//1011 1013//1013
f 1012//1012 1013//1013 1014//1014
f 1012//1012 1014//1014 1015//1015
f 1015//1015 1014//1014 1016//1016
f 1015//1015 1016//1016 1017//1017
f 1017//1017 1016//1016 1018//1018
f 1017//1017 1018//1018 1019//1019
f 1019//1019 1018//1018 1020//1020
f 1019//1019 1020//1020 1021//1021
f 1021//1021 1020//1020 1022//1022
f 1021//1021 1022//1022 1023//1023
f 1023//1023 1022//1022 1024//1024
f 1023//1023 1024//1024 1025//1025
f 1025//1025 1024//1024 1026//1026
f 1025//1025 1026//1026 1027//1027
f 1027//1027 1026//1026 1028//1028
f 1027//1027 1028//1028 1029//1029
f 1029//1029 1028//1028 1030//1030
f 1029//1029 1030//1030 1031//1031
f 1031//1031 1030//1030 1032//1032
f 1031//1031 1032//1032 982//982
f 982//982 1032//1032 981//981
f 982//982 983//983 1031//1031
f 1031//1031 983//983 1033//1033
f 1031//1031 1033//1033 1029//1029
f 1029//1029 1033//1033 1034//1034
f 1029//1029 1034//1034 1027//1027
f 1027//1027 1034//1034 1035//1035
f 1027//1027 1035//1035 1025//1025
f 1025//1025 1035//1035 1036//1036
f 1025//1025 1036//1036 1023//1023
f 1023//1023 1036//1036 1037//1037
f 1023//1023 1037//1037 1021//1021
f 1021//1021 1037//1037 1038//1038
f 1021//1021 1038//1038 1019//1019
f 1019//1019 1038//1038 1039//1039
f 1019//1019 1039//1039 1017//1017
f 1017//1017 1039//1039 1040//1040
f 1017//1017 1040//1040 1015//1015
f 1015//1015 1040//1040 1041//1041
f 1015//1015 1041//1041 1012//1012
f 1012//1012 1041//1041 1010//1010
f 983//983 985//985 1033//1033
f 1033//1033 985//985 1042//1042
f 1033//1033 1042//1042 1034//1034
f 1034//1034 1042//1042 1043//1043
f 1034//1034 1043//1043 1035//1035
f 1035//1035 1043//1043 1044//1044
f 1035//1035 1044//1044 1036//1036
f 1036//1036 1044//1044 1045//1045
f 1036//1036 1045//1045 1037//1037
f 1037//1037 1045//1045 1046//1046
f 1037//1037 1046//1046 1038//1038
f 1038//1038 1046//1046 1047//1047
f 1038//1038 1047//1047 1039//1039
f 1039//1039 1047//1047 1048//1048
f 1039//1039 1048//1048 1040//1040
f 1040//1040 1048//1048 1049//1049
f 1040//1040 1049//1049 1041//1041
f 1041//1041 1049//1049 1050//1050
f 1041//1041 1050//1050 1010//1010
f 1010//1010 1050//1050 1008//1008
f 985//985 987//987 1042//1042
f 1042//1042 987//987 1051//1051
f 1042//1042 1051//1051 1043//1043
f 1043//1043 1051//1051 1052//1052
f 1043//1043 1052//1052 1044//1044
f 1044//1044 1052//1052 1053//1053
f 1044//1044 1053//1053 1045//1045
f 1045//1045 1053//1053 1054//1054
f 1045//1045 1054//1054 1046//1046
f 1046//1046 1054//1054 1055//1055
f 1046//1046 1055//1055 1047//1047
f 1047//1047 1055//1055 1056//1056
f 1047//1047 1056//1056 1048//1048
f 1048//1048 1056//1056 1057//1057
f 1048//1048 1057//1057 1049//1049
f 1049//1049 1057//1057 1058//1058
f 1049//1049 1058//1058 1050//1050
f 1050//1050 1058//1058 1059//1059
f 1050//1050 1059//1059 1008//1008
f 1008//1008 1059//1059 1006//1006
f 987//987 989//989 1051//1051
f 1051//1051 989//989 1060//1060
f 1051//1051 1060//1060 1052//1052
f 1052//1052 1060//1060 1061//1061
f 1052//1052 1061//1061 1053//1053
f 1053//1053 1061//1061 1062//1062
f 1053//1053 1062//1062 1054//1054
f 1054//1054 1062//1062 1063//1063
f 1054//1054 1063//1063 1055//1055
f 1055//1055 1063//1063 1064//1064
f 1055//1055 1064//1064 1056//1056
f 1056//1056 1064//1064 1065//1065
f 1056//1056 1065//1065 1057//1057
f 1057//1057 1065//1065 1066//1066
f 1057//1057 1066//1066 1058//1058
f 1058//1058 1066//1066 1067//1067
f 1058//1058 1067//1067 1059//1059
f 1059//1059 1067//1067 1068//1068
f 1059//1059 1068//1068 1006//1006
f 1006//1006 1068//1068 1003//1003
f 989//989 991//991 1060//1060
f 1060//1060 991//991 1069//1069
f 1060//1060 1069//1069 1061//1061
f 1061//1061 1069//1069 1070//1070
f 1061//1061 1070//1070 1062//1062
f 1062//1062 1070//1070 1071//1071
f 1062//1062 1071//1071 1063//1063
f 1063//1063 1071//1071 1072//1072
f 1063//1063 1072//1072 1064//1064
f 1064//1064 1072//1072 1073//1073
f 1064//1064 1073//1073 1065//1065
f 1065//1065 1073//1073 1066//1066
f 1073//1073 1074//1074 1066//1066
f 1066//1066 1074//1074 1067//1067
f 1074//1074 1075//1075 1067//1067
f 1067//1067 1075//1075 1068//1068
f 1075//1075 1001//1001 1068//1068
f 1068//1068 1001//1001 1003//1003
f 1076//1076 1077//1077 1078//1078
f 1078//1078 1077//1077 1079//1079
f 1078//1078 1079//1079 1002//1002
f 1002//1002 1079//1079 1004//1004
f 1004//1004 1079//1079 1005//1005
f 1005//1005 1079//1079 1080//1080
f 1005//1005 1080//1080 1007//1007
f 1007//1007 1080//1080 1081//1081
f 1007//1007 1081//1081 1009//1009
f 1009//1009 1081//1081 1082//1082
f 1009//1009 1082//1082 1011//1011
f 1011//1011 1082//1082 1083//1083
f 1011//1011 1083//1083 1013//1013
f 1013//1013 1083//1083 1084//1084
f 1013//1013 1084//1084 1085//1085
f 1085//1085 1084//1084 1086//1086
f 1086//1086 1084//1084 1087//1087
f 1087//1087 1084//1084 1088//1088
f 1087//1087 1088//1088 1089//1089
f 1089//1089 1088//1088 1090//1090
f 1089//1089 1090//1090 1091//1091
f 1091//1091 1090//1090 1092//1092
f 1091//1091 1092//1092 1076//1076
f 1076//1076 1092//1092 1077//1077
f 1080//1080 1079//1079 1077//1077
f 1080//1080 1077//1077 1092//1092
f 1081//1081 1080//1080 1092//1092
f 1081//1081 1092//1092 1090//1090
f 1082//1082 1081//1081 1090//1090
f 1082//1082 1090//1090 1088//1088
f 1083//1083 1082//1082 1088//1088
f 1083//1083 1088//1088 1084//1084
f 1093//1093 1094//1094 1095//1095
f 1095//1095 1094//1094 1096//1096
f 1095//1095 1096//1096 1097//1097
f 1095//1095 1097//1097 1098//1098
f 1098//1098 1097//1097 1099//1099
f 1098//1098 1099//1099 1100//1100
f 1100//1100 1099//1099 1101//1101
f 1100//1100 1101//1101 1102//1102
f 1102//1102 1101//1101 1103//1103
f 1102//1102 1103//1103 1104//1104
f 1104//1104 1103//1103 1105//1105
f 1104//1104 1105//1105 1106//1106
f 1104//1104 1106//1106 1107//1107
f 1107//1107 1106//1106 1108//1108
f 1107//1107 1108//1108 1109//1109
f 1109//1109 1108//1108 1110//1110
f 1109//1109 1110//1110 1111//1111
f 1111//1111 1110//1110 1112//1112
f 1111//1111 1112//1112 1113//1113
f 1113//1113 1112//1112 1114//1114
f 1113//1113 1114//1114 1115//1115
f 1115//1115 1114//1114 1116//1116
f 1115//1115 1116//1116 1117//1117
f 1117//1117 1116//1116 1118//1118
f 1117//1117 1118//1118 1119//1119
f 1119//1119 1118//1118 1120//1120
f 1119//1119 1120//1120 1121//1121
f 1121//1121 1120//1120 1122//1122
f 1121//1121 1122//1122 1123//1123
f 1123//1123 1122//1122 1124//1124
f 1123//1123 1124//1124 1086//1086
f 1086//1086 1124//1124 1085//1085
f 1086//1086 1087//1087 1123//1123
f 1123//1123 1087//1087 1125//1125
f 1123//1123 1125//1125 1121//1121
f 1121//1121 1125//1125 1126//1126
f 1121//1121 1126//1126 1119//1119
f 1119//1119 1126//1126 1127//1127
f 1119//1119 1127//1127 1117//1117
f 1117//1117 1127//1127 1128//1128
f 1117//1117 1128//1128 1115//1115
f 1115//1115 1128//1128 1129//1129
f 1115//1115 1129//1129 1113//1113
f 1113//1113 1129//1129 1130//1130
f 1113//1113 1130//1130 1111//1111
f 1111//1111 1130//1130 1131//1131
f 1111//1111 1131//1131 1109//1109
f 1109//1109 1131//1131 1132//1132
f 1109//1109 1132//1132 1107//1107
f 1107//1107 1132//1132 1133//1133
f 1107//1107 1133//1133 1104//1104
f 1104//1104 1133//1133 1102//1102
f 1087//1087 1089//1089 1125//1125
f 1125//1125 1089//1089 1134//1134
f 1125//1125 1134//1134 1126//1126
f 1126//1126 1134//1134 1135//1135
f 1126//1126 1135//1135 1127//1127
f 1127//1127 1135//1135 1136//1136
f 1127//1127 1136//1136 1128//1128
f 1128//1128 1136//1136 1137//1137
f 1128//1128 1137//1137 1129//1129
f 1129//1129 1137//1137 1138//1138
f 1129//1129 1138//1138 1130//1130
f 1130//1130 1138//1138 1139//1139
f 1130//1130 1139//1139 1131//1131
f 1131//1131 1139//1139 1140//1140
f 1131//1131 1140//1140 1132//1132
f 1132//1132 1140//1140 1141//1141
f 1132//1132 1141//1141 1133//1133
f 1133//1133 1141//1141 1142//1142
f 1133//1133 1142//1142 1102//1102
f 1102//1102 1142//1142 1100//1100
f 1089//1089 1091//1091 1134//1134
f 1134//1134 1091//1091 1143//1143
f 1134//1134 1143//1143 1135//1135
f 1135//1135 1143//1143 1144//1144
f 1135//1135 1144//1144 1136//1136
f 1136//1136 1144//1144 1145//1145
f 1136//1136 1145//1145 1137//1137
f 1137//1137 1145//1145 1146//1146
f 1137//1137 1146//1146 1138//1138
f 1138//1138 1146//1146 1147//1147
f 1138//1138 1147//1147 1139//1139
f 1139//1139 1147//1147 1148//1148
f 1139//1139 1148//1148 1140//1140
f 1140//1140 1148//1148 1149//1149
f 1140//1140 1149//1149 1141//1141
f 1141//1141 1149//1149 1150//1150
f 1141//1141 1150//1150 1142//1142
f 1142//1142 1150//1150 1151//1151
f 1142//1142 1151//1151 1100//1100
f 1100//1100 1151//1151 1098//1098
f 1091//1091 1076//1076 1143//1143
f 1143//1143 1076//1076 1152//1152
f 1143//1143 1152//1152 1144//1144
f 1144//1144 1152//1152 1153//1153
f 1144//1144 1153//1153 1145//1145
f 1145//1145 1153//1153 1154//1154
f 1145//1145 1154//1154 1146//1146
f 1146//1146 1154//1154 1155//1155
f 1146//1146 1155//1155 1147//1147
f 1147//1147 1155//1155 1156//1156
f 1147//1147 1156//1156 1148//1148
f 1148//1148 1156//1156 1157//1157
f 1148//1148 1157//1157 1149//1149
f 1149//1149 1157//1157 1158//1158
f 1149//1149 1158//1158 1150//1150
f 1150//1150 1158//1158 1159//1159
f 1150//1150 1159//1159 1151//1151
f 1151//1151 1159//1159 1160//1160
f 1151//1151 1160//1160 1098//1098
f 1098//1098 1160//1160 1095//1095
f 1076//1076 1078//1078 1152//1152
f 1152//1152 1078//1078 1161//1161
f 1152//1152 1161//1161 1153//1153
f 1153//1153 1161//1161 1162//1162
f 1153//1153 1162//1162 1154//1154
f 1154//1154 1162//1162 1163//1163
f 1154//1154 1163//1163 1155//1155
f 1155//1155 1163//1163 1164//1164
f 1155//1155 1164//1164 1156//1156
f 1156//1156 1164//1164 1165//1165
f 1156//1156 1165//1165 1157//1157
f 1157//1157 1165//1165 1158//1158
f 1165//1165 1166//1166 1158//1158
f 1158//1158 1166//1166 1159//1159
f 1166//1166 1167//1167 1159//1159
f 1159//1159 1167//1167 1160//1160
f 1167//1167 1093//1093 1160//1160
f 1160//1160 1093//1093 1095//1095
f 520//520 1097//1097 503//503
f 503//503 1097//1097 1168//1168
f 503//503 1168//1168 1169//1169
f 1169//1169 1168//1168 1170//1170
f 1169//1169 1170//1170 1171//1171
f 1171//1171 1170//1170 1172//1172
f 1172//1172 1170//1170 1173//1173
f 1172//1172 1173//1173 1094//1094
f 1094//1094 1173//1173 1096//1096
f 1096//1096 1173//1173 1097//1097
f 1097//1097 1173//1173 1168//1168
f 1097//1097 520//520 1099//1099
f 1099//1099 520//520 518//518
f 1099//1099 518//518 517//517
f 517//517 515//515 1099//1099
f 1099//1099 515//515 1101//1101
f 1101//1101 515//515 513//513
f 1101//1101 513//513 512//512
f 1101//1101 512//512 1103//1103
f 1103//1103 512//512 510//510
f 1103//1103 510//510 1105//1105
f 1105//1105 510//510 508//508
f 1171//1171 1174//1174 1169//1169
f 1169//1169 1174//1174 501//501
f 1169//1169 501//501 503//503
f 501//501 1174//1174 499//499
f 499//499 1174//1174 1175//1175
f 499//499 1175//1175 497//497
f 497//497 1175//1175 496//496
f 496//496 1175//1175 494//494
f 494//494 1175//1175 1176//1176
f 494//494 1176//1176 492//492
f 492//492 1176//1176 491//491
f 491//491 1176//1176 1177//1177
f 491//491 1177//1177 489//489
f 489//489 1177//1177 526//526
f 489//489 526//526 487//487
f 1170//1170 1168//1168 1173//1173
f 1178//1178 1179//1179 1180//1180
f 1180//1180 1179//1179 1181//1181
f 1180//1180 1181//1181 1182//1182
f 1180//1180 1182//1182 1183//1183
f 1183//1183 1182//1182 1184//1184
f 1183//1183 1184//1184 1185//1185
f 1185//1185 1184//1184 1186//1186
f 1185//1185 1186//1186 1187//1187
f 1187//1187 1186//1186 1188//1188
f 1187//1187 1188//1188 1189//1189
f 1189//1189 1188//1188 1190//1190
f 1189//1189 1190//1190 1191//1191
f 1189//1189 1191//1191 1192//1192
f 1192//1192 1191//1191 1193//1193
f 1192//1192 1193//1193 1194//1194
f 1194//1194 1193//1193 1195//1195
f 1194//1194 1195//1195 1196//1196
f 1196//1196 1195//1195 1197//1197
f 1196//1196 1197//1197 1198//1198
f 1198//1198 1197//1197 1199//1199
f 1198//1198 1199//1199 1200//1200
f 1200//1200 1199//1199 1201//1201
f 1200//1200 1201//1201 1202//1202
f 1202//1202 1201//1201 1203//1203
f 1202//1202 1203//1203 1204//1204
f 1204//1204 1203//1203 1205//1205
f 1204//1204 1205//1205 1206//1206
f 1206//1206 1205//1205 1207//1207
f 1206//1206 1207//1207 1208//1208
f 1208//1208 1207//1207 1209//1209
f 1208//1208 1209//1209 1177//1177
f 1177//1177 1209//1209 526//526
f 1177//1177 1176//1176 1208//1208
f 1208//1208 1176//1176 1210//1210
f 1208//1208 1210//1210 1206//1206
f 1206//1206 1210//1210 1211//1211
f 1206//1206 1211//1211 1204//1204
f 1204//1204 1211//1211 1212//1212
f 1204//1204 1212//1212 1202//1202
f 1202//1202 1212//1212 1213//1213
f 1202//1202 1213//1213 1200//1200
f 1200//1200 1213//1213 1214//1214
f 1200//1200 1214//1214 1198//1198
f 1198//1198 1214//1214 1215//1215
f 1198//1198 1215//1215 1196//1196
f 1196//1196 1215//1215 1216//1216
f 1196//1196 1216//1216 1194//1194
f 1194//1194 1216//1216 1217//1217
f 1194//1194 1217//1217 1192//1192
f 1192//1192 1217//1217 1218//1218
f 1192//1192 1218//1218 1189//1189
f 1189//1189 1218//1218 1187//1187
f 1176//1176 1175//1175 1210//1210
f 1210//1210 1175//1175 1219//1219
f 1210//1210 1219//1219 1211//1211
f 1211//1211 1219//1219 1220//1220
f 1211//1211 1220//1220 1212//1212
f 1212//1212 1220//1220 1221//1221
f 1212//1212 1221//1221 1213//1213
f 1213//1213 1221//1221 1222//1222
f 1213//1213 1222//1222 1214//1214
f 1214//1214 1222//1222 1223//1223
f 1214//1214 1223//1223 1215//1215
f 1215//1215 1223//1223 1224//1224
f 1215//1215 1224//1224 1216//1216
f 1216//1216 1224//1224 1225//1225
f 1216//1216 1225//1225 1217//1217
f 1217//1217 1225//1225 1226//1226
f 1217//1217 1226//1226 1218//1218
f 1218//1218 1226//1226 1227//1227
f 1218//1218 1227//1227 1187//1187
f 1187//1187 1227//1227 1185//1185
f 1175//1175 1174//1174 1219//1219
f 1219//1219 1174//1174 1228//1228
f 1219//1219 1228//1228 1220//1220
f 1220//1220 1228//1228 1229//1229
f 1220//1220 1229//1229 1221//1221
f 1221//1221 1229//1229 1230//1230
f 1221//1221 1230//1230 1222//1222
f 1222//1222 1230//1230 1231//1231
f 1222//1222 1231//1231 1223//1223
f 1223//1223 1231//1231 1232//1232
f 1223//1223 1232//1232 1224//1224
f 1224//1224 1232//1232 1233//1233
f 1224//1224 1233//1233 1225//1225
f 1225//1225 1233//1233 1234//1234
f 1225//1225 1234//1234 1226//1226
f 1226//1226 1234//1234 1235//1235
f 1226//1226 1235//1235 1227//1227
f 1227//1227 1235//1235 1236//1236
f 1227//1227 1236//1236 1185//1185
f 1185//1185 1236//1236 1183//1183
f 1174//1174 1171//1171 1228//1228
f 1228//1228 1171//1171 1237//1237
f 1228//1228 1237//1237 1229//1229
f 1229//1229 1237//1237 1238//1238
f 1229//1229 1238//1238 1230//1230
f 1230//1230 1238//1238 1239//1239
f 1230//1230 1239//1239 1231//1231
f 1231//1231 1239//1239 1240//1240
f 1231//1231 1240//1240 1232//1232
f 1232//1232 1240//1240 1241//1241
f 1232//1232 1241//1241 1233//1233
f 1233//1233 1241//1241 1242//1242
f 1233//1233 1242//1242 1234//1234
f 1234//1234 1242//1242 1243//1243
f 1234//1234 1243//1243 1235//1235
f 1235//1235 1243//1243 1244//1244
f 1235//1235 1244//1244 1236//1236
f 1236//1236 1244//1244 1245//1245
f 1236//1236 1245//1245 1183//1183
f 1183//1183 1245//1245 1180//1180
f 1171//1171 1172//1172 1237//1237
f 1237//1237 1172//1172 1246//1246
f 1237//1237 1246//1246 1238//1238
f 1238//1238 1246//1246 1247//1247
f 1238//1238 1247//1247 1239//1239
f 1239//1239 1247//1247 1248//1248
f 1239//1239 1248//1248 1240//1240
f 1240//1240 1248//1248 1249//1249
f 1240//1240 1249//1249 1241//1241
f 1241//1241 1249//1249 1250//1250
f 1241//1241 1250//1250 1242//1242
f 1242//1242 1250//1250 1243//1243
f 1250//1250 1251//1251 1243//1243
f 1243//1243 1251//1251 1244//1244
f 1251//1251 1252//1252 1244//1244
f 1244//1244 1252//1252 1245//1245
f 1252//1252 1178//1178 1245//1245
f 1245//1245 1178//1178 1180//1180
f 1253//1253 1254//1254 1255//1255
f 1255//1255 1254//1254 1256//1256
f 1255//1255 1256//1256 1179//1179
f 1179//1179 1256//1256 1181//1181
f 1181//1181 1256//1256 1182//1182
f 1182//1182 1256//1256 1257//1257
f 1182//1182 1257//1257 1184//1184
f 1184//1184 1257//1257 1258//1258
f 1184//1184 1258//1258 1186//1186
f 1186//1186 1258//1258 1259//1259
f 1186//1186 1259//1259 1188//1188
f 1188//1188 1259//1259 1260//1260
f 1188//1188 1260//1260 1190//1190
f 1190//1190 1260//1260 1261//1261
f 1190//1190 1261//1261 1262//1262
f 1262//1262 1261//1261 1263//1263
f 1263//1263 1261//1261 1264//1264
f 1264//1264 1261//1261 1265//1265
f 1264//1264 1265//1265 1266//1266
f 1266//1266 1265//1265 1267//1267
f 1266//1266 1267//1267 1268//1268
f 1268//1268 1267//1267 1269//1269
f 1268//1268 1269//1269 1253//1253
f 1253//1253 1269//1269 1254//1254
f 1257//1257 1256//1256 1254//1254
f 1257//1257 1254//1254 1269//1269
f 1258//1258 1257//1257 1269//1269
f 1258//1258 1269//1269 1267//1267
f 1259//1259 1258//1258 1267//1267
f 1259//1259 1267//1267 1265//1265
f 1260//1260 1259//1259 1265//1265
f 1260//1260 1265//1265 1261//1261
f 1270//1270 993//993 1271//1271
f 1271//1271 993//993 994//994
f 1271//1271 994//994 995//995
f 1271//1271 995//995 1272//1272
f 1272//1272 995//995 997//997
f 1272//1272 997//997 1273//1273
f 1273//1273 997//997 999//999
f 1273//1273 999//999 1274//1274
f 1274//1274 999//999 977//977
f 1274//1274 977//977 1275//1275
f 1275//1275 977//977 979//979
f 1275//1275 979//979 1276//1276
f 1275//1275 1276//1276 1277//1277
f 1277//1277 1276//1276 1278//1278
f 1277//1277 1278//1278 1279//1279
f 1279//1279 1278//1278 1280//1280
f 1279//1279 1280//1280 1281//1281
f 1281//1281 1280//1280 1282//1282
f 1281//1281 1282//1282 1283//1283
f 1283//1283 1282//1282 1284//1284
f 1283//1283 1284//1284 1285//1285
f 1285//1285 1284//1284 1286//1286
f 1285//1285 1286//1286 1287//1287
f 1287//1287 1286//1286 1288//1288
f 1287//1287 1288//1288 1289//1289
f 1289//1289 1288//1288 1290//1290
f 1289//1289 1290//1290 1291//1291
f 1291//1291 1290//1290 1292//1292
f 1291//1291 1292//1292 1293//1293
f 1293//1293 1292//1292 1294//1294
f 1293//1293 1294//1294 1263//1263
f 1263//1263 1294//1294 1262//1262
f 1263//1263 1264//1264 1293//1293
f 1293//1293 1264//1264 1295//1295
f 1293//1293 1295//1295 1291//1291
f 1291//1291 1295//1295 1296//1296
f 1291//1291 1296//1296 1289//1289
f 1289//1289 1296//1296 1297//1297
f 1289//1289 1297//1297 1287//1287
f 1287//1287 1297//1297 1298//1298
f 1287//1287 1298//1298 1285//1285
f 1285//1285 1298//1298 1299//1299
f 1285//1285 1299//1299 1283//1283
f 1283//1283 1299//1299 1300//1300
f 1283//1283 1300//1300 1281//1281
f 1281//1281 1300//1300 1301//1301
f 1281//1281 1301//1301 1279//1279
f 1279//1279 1301//1301 1302//1302
f 1279//1279 1302//1302 1277//1277
f 1277//1277 1302//1302 1303//1303
f 1277//1277 1303//1303 1275//1275
f 1275//1275 1303//1303 1274//1274
f 1264//1264 1266//1266 1295//1295
f 1295//1295 1266//1266 1304//1304
f 1295//1295 1304//1304 1296//1296
f 1296//1296 1304//1304 1305//1305
f 1296//1296 1305//1305 1297//1297
f 1297//1297 1305//1305 1306//1306
f 1297//1297 1306//1306 1298//1298
f 1298//1298 1306//1306 1307//1307
f 1298//1298 1307//1307 1299//1299
f 1299//1299 1307//1307 1308//1308
f 1299//1299 1308//1308 1300//1300
f 1300//1300 1308//1308 1309//1309
f 1300//1300 1309//1309 1301//1301
f 1301//1301 1309//1309 1310//1310
f 1301//1301 1310//1310 1302//1302
f 1302//1302 1310//1310 1311//1311
f 1302//1302 1311//1311 1303//1303
f 1303//1303 1311//1311 1312//1312
f 1303//1303 1312//1312 1274//1274
f 1274//1274 1312//1312 1273//1273
f 1266//1266 1268//1268 1304//1304
f 1304//1304 1268//1268 1313//1313
f 1304//1304 1313//1313 1305//1305
f 1305//1305 1313//1313 1314//1314
f 1305//1305 1314//1314 1306//1306
f 1306//1306 1314//1314 1315//1315
f 1306//1306 1315//1315 1307//1307
f 1307//1307 1315//1315 1316//1316
f 1307//1307 1316//1316 1308//1308
f 1308//1308 1316//1316 1317//1317
f 1308//1308 1317//1317 1309//1309
f 1309//1309 1317//1317 1318//1318
f 1309//1309 1318//1318 1310//1310
f 1310//1310 1318//1318 1319//1319
f 1310//1310 1319//1319 1311//1311
f 1311//1311 1319//1319 1320//1320
f 1311//1311 1320//1320 1312//1312
f 1312//1312 1320//1320 1321//1321
f 1312//1312 1321//1321 1273//1273
f 1273//1273 1321//1321 1272//1272
f 1268//1268 1253//1253 1313//1313
f 1313//1313 1253//1253 1322//1322
f 1313//1313 1322//1322 1314//1314
f 1314//1314 1322//1322 1323//1323
f 1314//1314 1323//1323 1315//1315
f 1315//1315 1323//1323 1324//1324
f 1315//1315 1324//1324 1316//1316
f 1316//1316 1324//1324 1325//1325
f 1316//1316 1325//1325 1317//1317
f 1317//1317 1325//1325 1326//1326
f 1317//1317 1326//1326 1318//1318
f 1318//1318 1326//1326 1327//1327
f 1318//1318 1327//1327 1319//1319
f 1319//1319 1327//1327 1328//1328
f 1319//1319 1328//1328 1320//1320
f 1320//1320 1328//1328 1329//1329
f 1320//1320 1329//1329 1321//1321
f 1321//1321 1329//1329 1330//1330
f 1321//1321 1330//1330 1272//1272
f 1272//1272 1330//1330 1271//1271
f 1253//1253 1255//1255 1322//1322
f 1322//1322 1255//1255 1331//1331
f 1322//1322 1331//1331 1323//1323
f 1323//1323 1331//1331 1332//1332
f 1323//1323 1332//1332 1324//1324
f 1324//1324 1332//1332 1333//1333
f 1324//1324 1333//1333 1325//1325
f 1325//1325 1333//1333 1334//1334
f 1325//1325 1334//1334 1326//1326
f 1326//1326 1334//1334 1335//1335
f 1326//1326 1335//1335 1327//1327
f 1327//1327 1335//1335 1328//1328
f 1335//1335 1336//1336 1328//1328
f 1328//1328 1336//1336 1329//1329
f 1336//1336 1337//1337 1329//1329
f 1329//1329 1337//1337 1330//1330
f 1337//1337 1270//1270 1330//1330
f 1330//1330 1270//1270 1271//1271
f 525//525 526//526 1338//1338
f 1338//1338 526//526 1209//1209
f 1338//1338 1209//1209 1339//1339
f 1339//1339 1209//1209 1207//1207
f 1339//1339 1207//1207 1340//1340
f 1340//1340 1207//1207 1205//1205
f 1340//1340 1205//1205 1341//1341
f 1341//1341 1205//1205 1203//1203
f 1341//1341 1203//1203 1342//1342
f 1342//1342 1203//1203 1201//1201
f 1342//1342 1201//1201 1343//1343
f 1343//1343 1201//1201 1199//1199
f 1343//1343 1199//1199 1344//1344
f 1344//1344 1199//1199 1197//1197
f 1344//1344 1197//1197 1345//1345
f 1345//1345 1197//1197 1195//1195
f 1345//1345 1195//1195 1346//1346
f 1346//1346 1195//1195 1193//1193
f 1346//1346 1193//1193 1347//1347
f 1347//1347 1193//1193 1191//1191
f 1347//1347 1191//1191 1348//1348
f 1348//1348 1191//1191 1190//1190
f 1190//1190 1262//1262 1348//1348
f 1348//1348 1262//1262 1349//1349
f 1349//1349 1262//1262 1350//1350
f 1350//1350 1262//1262 1294//1294
f 1350//1350 1294//1294 1351//1351
f 1351//1351 1294//1294 1292//1292
f 1351//1351 1292//1292 1352//1352
f 1352//1352 1292//1292 1290//1290
f 1352//1352 1290//1290 1353//1353
f 1353//1353 1290//1290 1288//1288
f 1353//1353 1288//1288 1354//1354
f 1354//1354 1288//1288 1286//1286
f 1354//1354 1286//1286 1355//1355
f 1355//1355 1286//1286 1284//1284
f 1355//1355 1284//1284 1356//1356
f 1356//1356 1284//1284 1282//1282
f 1356//1356 1282//1282 1357//1357
f 1357//1357 1282//1282 1280//1280
f 1357//1357 1280//1280 1358//1358
f 1358//1358 1280//1280 1278//1278
f 1358//1358 1278//1278 1359//1359
f 1359//1359 1278//1278 1276//1276
f 1359//1359 1276//1276 1360//1360
f 1360//1360 1276//1276 979//979
f 979//979 981//981 1360//1360
f 1360//1360 981//981 1361//1361
f 993//993 430//430 991//991
f 991//991 430//430 429//429
f 991//991 429//429 452//452
f 1270//1270 1331//1331 993//993
f 993//993 1331//1331 1255//1255
f 993//993 1255//1255 255//255
f 255//255 1255//1255 288//288
f 288//288 1255//1255 1179//1179
f 288//288 1179//1179 383//383
f 383//383 1179//1179 382//382
f 382//382 1179//1179 381//381
f 381//381 1179//1179 380//380
f 380//380 1179//1179 379//379
f 379//379 1179//1179 378//378
f 378//378 1179//1179 377//377
f 377//377 1179//1179 376//376
f 376//376 1179//1179 375//375
f 375//375 1179//1179 1172//1172
f 375//375 1172//1172 374//374
f 374//374 1172//1172 373//373
f 373//373 1172//1172 372//372
f 372//372 1172//1172 371//371
f 371//371 1172//1172 462//462
f 371//371 462//462 370//370
f 370//370 462//462 461//461
f 370//370 461//461 369//369
f 369//369 461//461 460//460
f 369//369 460//460 393//393
f 393//393 460//460 459//459
f 393//393 459//459 394//394
f 394//394 459//459 458//458
f 394//394 458//458 457//457
f 1270//1270 1337//1337 1331//1331
f 1331//1331 1337//1337 1336//1336
f 1331//1331 1336//1336 1335//1335
f 1335//1335 1334//1334 1331//1331
f 1331//1331 1334//1334 1333//1333
f 1331//1331 1333//1333 1332//1332
f 1179//1179 1178//1178 1172//1172
f 1172//1172 1178//1178 1252//1252
f 1172//1172 1252//1252 1251//1251
f 1251//1251 1250//1250 1172//1172
f 1172//1172 1250//1250 1249//1249
f 1172//1172 1249//1249 1248//1248
f 1248//1248 1247//1247 1172//1172
f 1172//1172 1247//1247 1246//1246
f 1094//1094 466//466 1172//1172
f 1172//1172 466//466 465//465
f 1172//1172 465//465 464//464
f 1093//1093 1078//1078 1094//1094
f 1094//1094 1078//1078 472//472
f 1094//1094 472//472 471//471
f 1093//1093 1167//1167 1078//1078
f 1078//1078 1167//1167 1166//1166
f 1078//1078 1166//1166 1165//1165
f 1165//1165 1164//1164 1078//1078
f 1078//1078 1164//1164 1163//1163
f 1078//1078 1163//1163 1162//1162
f 1162//1162 1161//1161 1078//1078
f 1002//1002 474//474 1078//1078
f 1078//1078 474//474 473//473
f 1078//1078 473//473 472//472
f 1001//1001 1075//1075 1002//1002
f 1002//1002 1075//1075 1074//1074
f 1002//1002 1074//1074 1073//1073
f 1073//1073 1072//1072 1002//1002
f 1002//1002 1072//1072 1071//1071
f 1002//1002 1071//1071 1070//1070
f 1070//1070 1069//1069 1002//1002
f 1002//1002 1069//1069 991//991
f 1002//1002 991//991 448//448
f 448//448 991//991 449//449
f 449//449 991//991 450//450
f 450//450 991//991 451//451
f 451//451 991//991 452//452
f 226//226 225//225 253//253
f 253//253 225//225 252//252
f 252//252 225//225 251//251
f 251//251 225//225 250//250
f 250//250 225//225 391//391
f 250//250 391//391 249//249
f 249//249 391//391 396//396
f 249//249 396//396 248//248
f 248//248 396//396 247//247
f 247//247 396//396 246//246
f 246//246 396//396 245//245
f 245//245 396//396 244//244
f 244//244 396//396 395//395
f 244//244 395//395 243//243
f 243//243 395//395 242//242
f 242//242 395//395 241//241
f 241//241 395//395 240//240
f 240//240 395//395 239//239
f 239//239 395//395 238//238
f 238//238 395//395 444//444
f 238//238 444//444 237//237
f 237//237 444//444 236//236
f 236//236 444//444 443//443
f 236//236 443//443 235//235
f 235//235 443//443 442//442
f 235//235 442//442 234//234
f 234//234 442//442 441//441
f 234//234 441//441 233//233
f 233//233 441//441 440//440
f 233//233 440//440 232//232
f 232//232 440//440 439//439
f 232//232 439//439 231//231
f 231//231 439//439 438//438
f 231//231 438//438 230//230
f 230//230 438//438 437//437
f 230//230 437//437 229//229
f 229//229 437//437 228//228
f 228//228 437//437 436//436
f 228//228 436//436 227//227
f 227//227 436//436 435//435
f 227//227 435//435 434//434
f 288//288 388//388 225//225
f 225//225 388//388 389//389
f 225//225 389//389 390//390
f 255//255 256//256 993//993
f 993//993 256//256 257//257
f 993//993 257//257 227//227
f 227//227 257//257 258//258
f 227//227 258//258 259//259
f 259//259 260//260 227//227
f 227//227 260//260 261//261
f 227//227 261//261 254//254
f 254//254 261//261 262//262
f 254//254 262//262 263//263
f 263//263 264//264 254//254
f 254//254 264//264 265//265
f 254//254 265//265 287//287
f 287//287 265//265 266//266
f 287//287 266//266 286//286
f 286//286 266//266 285//285
f 285//285 266//266 284//284
f 284//284 266//266 283//283
f 283//283 266//266 282//282
f 282//282 266//266 281//281
f 281//281 266//266 280//280
f 280//280 266//266 279//279
f 279//279 266//266 267//267
f 279//279 267//267 268//268
f 268//268 269//269 279//279
f 279//279 269//269 270//270
f 279//279 270//270 271//271
f 271//271 272//272 279//279
f 279//279 272//272 273//273
f 279//279 273//273 274//274
f 274//274 275//275 279//279
f 279//279 275//275 276//276
f 279//279 276//276 277//277
f 277//277 278//278 279//279
f 359//359 360//360 392//392
f 392//392 360//360 361//361
f 392//392 361//361 362//362
f 362//362 363//363 392//392
f 392//392 363//363 364//364
f 392//392 364//364 393//393
f 393//393 364//364 365//365
f 393//393 365//365 366//366
f 366//366 367//367 393//393
f 393//393 367//367 368//368
f 393//393 368//368 369//369
f 383//383 384//384 288//288
f 288//288 384//384 385//385
f 288//288 385//385 386//386
f 386//386 387//387 288//288
f 288//288 387//387 388//388
f 390//390 391//391 225//225
f 391//391 398//398 396//396
f 396//396 398//398 397//397
f 397//397 398//398 428//428
f 428//428 398//398 427//427
f 427//427 398//398 426//426
f 426//426 398//398 425//425
f 425//425 398//398 424//424
f 424//424 398//398 423//423
f 423//423 398//398 422//422
f 422//422 398//398 421//421
f 421//421 398//398 420//420
f 420//420 398//398 419//419
f 419//419 398//398 418//418
f 418//418 398//398 417//417
f 417//417 398//398 416//416
f 416//416 398//398 415//415
f 415//415 398//398 414//414
f 414//414 398//398 413//413
f 413//413 398//398 412//412
f 412//412 398//398 411//411
f 411//411 398//398 410//410
f 410//410 398//398 399//399
f 410//410 399//399 409//409
f 409//409 399//399 408//408
f 408//408 399//399 407//407
f 407//407 399//399 406//406
f 406//406 399//399 405//405
f 405//405 399//399 400//400
f 405//405 400//400 404//404
f 404//404 400//400 401//401
f 404//404 401//401 402//402
f 402//402 403//403 404//404
f 394//394 454//454 395//395
f 395//395 454//454 453//453
f 395//395 453//453 476//476
f 448//448 447//447 1002//1002
f 1002//1002 447//447 446//446
f 1002//1002 446//446 474//474
f 474//474 446//446 475//475
f 475//475 446//446 445//445
f 475//475 445//445 395//395
f 395//395 445//445 444//444
f 227//227 434//434 993//993
f 993//993 434//434 433//433
f 993//993 433//433 432//432
f 432//432 431//431 993//993
f 993//993 431//431 430//430
f 476//476 475//475 395//395
f 471//471 470//470 1094//1094
f 1094//1094 470//470 469//469
f 1094//1094 469//469 468//468
f 468//468 467//467 1094//1094
f 1094//1094 467//467 466//466
f 464//464 463//463 1172//1172
f 1172//1172 463//463 462//462
f 457//457 456//456 394//394
f 394//394 456//456 455//455
f 394//394 455//455 454//454
f 477//477 1362//1362 478//478
f 478//478 1362//1362 1105//1105
f 478//478 1105//1105 505//505
f 505//505 1105//1105 507//507
f 507//507 1105//1105 508//508
f 1363//1363 1085//1085 1364//1364
f 1364//1364 1085//1085 1124//1124
f 1364//1364 1124//1124 1365//1365
f 1365//1365 1124//1124 1122//1122
f 1365//1365 1122//1122 1366//1366
f 1366//1366 1122//1122 1120//1120
f 1366//1366 1120//1120 1367//1367
f 1367//1367 1120//1120 1118//1118
f 1367//1367 1118//1118 1368//1368
f 1368//1368 1118//1118 1116//1116
f 1368//1368 1116//1116 1369//1369
f 1369//1369 1116//1116 1114//1114
f 1369//1369 1114//1114 1370//1370
f 1370//1370 1114//1114 1112//1112
f 1370//1370 1112//1112 1371//1371
f 1371//1371 1112//1112 1110//1110
f 1371//1371 1110//1110 1372//1372
f 1372//1372 1110//1110 1108//1108
f 1372//1372 1108//1108 1373//1373
f 1373//1373 1108//1108 1106//1106
f 1373//1373 1106//1106 1362//1362
f 1362//1362 1106//1106 1105//1105
f 1013//1013 1085//1085 1374//1374
f 1374//1374 1085//1085 1363//1363
f 1361//1361 981//981 1375//1375
f 1375//1375 981//981 1032//1032
f 1375//1375 1032//1032 1376//1376
f 1376//1376 1032//1032 1030//1030
f 1376//1376 1030//1030 1377//1377
f 1377//1377 1030//1030 1028//1028
f 1377//1377 1028//1028 1378//1378
f 1378//1378 1028//1028 1026//1026
f 1378//1378 1026//1026 1379//1379
f 1379//1379 1026//1026 1024//1024
f 1379//1379 1024//1024 1380//1380
f 1380//1380 1024//1024 1022//1022
f 1380//1380 1022//1022 1381//1381
f 1381//1381 1022//1022 1020//1020
f 1381//1381 1020//1020 1382//1382
f 1382//1382 1020//1020 1018//1018
f 1382//1382 1018//1018 1383//1383
f 1383//1383 1018//1018 1016//1016
f 1383//1383 1016//1016 1384//1384
f 1384//1384 1016//1016 1014//1014
f 1384//1384 1014//1014 1374//1374
f 1374//1374 1014//1014 1013//1013
f 774//774 1385//1385 786//786
f 786//786 1385//1385 1386//1386
f 1385//1385 774//774 1387//1387
f 1387//1387 774//774 785//785
f 1387//1387 785//785 1388//1388
f 1388//1388 785//785 784//784
f 1388//1388 784//784 1389//1389
f 1389//1389 784//784 783//783
f 1389//1389 783//783 1390//1390
f 1390//1390 783//783 782//782
f 1390//1390 782//782 1391//1391
f 1391//1391 782//782 781//781
f 1391//1391 781//781 1392//1392
f 1392//1392 781//781 780//780
f 1392//1392 780//780 1393//1393
f 1393//1393 780//780 779//779
f 1393//1393 779//779 1394//1394
f 1394//1394 779//779 778//778
f 1394//1394 778//778 1395//1395
f 1395//1395 778//778 777//777
f 1395//1395 777//777 1396//1396
f 1396//1396 777//777 776//776
f 1396//1396 776//776 1397//1397
f 1397//1397 776//776 773//773
f 1397//1397 773//773 775//775
f 775//775 828//828 1397//1397
f 1397//1397 828//828 1398//1398
f 1397//1397 1398//1398 1396//1396
f 1396//1396 1398//1398 1399//1399
f 1396//1396 1399//1399 1395//1395
f 1395//1395 1399//1399 1400//1400
f 1395//1395 1400//1400 1394//1394
f 1394//1394 1400//1400 1401//1401
f 1394//1394 1401//1401 1393//1393
f 1393//1393 1401//1401 1402//1402
f 1393//1393 1402//1402 1392//1392
f 1392//1392 1402//1402 1403//1403
f 1392//1392 1403//1403 1391//1391
f 1391//1391 1403//1403 1404//1404
f 1391//1391 1404//1404 1390//1390
f 1390//1390 1404//1404 1405//1405
f 1390//1390 1405//1405 1389//1389
f 1389//1389 1405//1405 1406//1406
f 1389//1389 1406//1406 1388//1388
f 1388//1388 1406//1406 1407//1407
f 1388//1388 1407//1407 1387//1387
f 1387//1387 1407//1407 1408//1408
f 1387//1387 1408//1408 1385//1385
f 798//798 809//809 976//976
f 976//976 809//809 1409//1409
f 976//976 1409//1409 973//973
f 973//973 1409//1409 1410//1410
f 1410//1410 1409//1409 1411//1411
f 1411//1411 1409//1409 1412//1412
f 1411//1411 1412//1412 1413//1413
f 1413//1413 1412//1412 1414//1414
f 1413//1413 1414//1414 1415//1415
f 1415//1415 1414//1414 1416//1416
f 1415//1415 1416//1416 1417//1417
f 1417//1417 1416//1416 1418//1418
f 1417//1417 1418//1418 1419//1419
f 1419//1419 1418//1418 1420//1420
f 1419//1419 1420//1420 1421//1421
f 1421//1421 1420//1420 1422//1422
f 1421//1421 1422//1422 1423//1423
f 1423//1423 1422//1422 1424//1424
f 1423//1423 1424//1424 1425//1425
f 1425//1425 1424//1424 1426//1426
f 1425//1425 1426//1426 1427//1427
f 1427//1427 1426//1426 1428//1428
f 1427//1427 1428//1428 1429//1429
f 1429//1429 1428//1428 1430//1430
f 1429//1429 1430//1430 524//524
f 524//524 1430//1430 523//523
f 523//523 1430//1430 799//799
f 799//799 1430//1430 1428//1428
f 799//799 1428//1428 800//800
f 800//800 1428//1428 1426//1426
f 800//800 1426//1426 801//801
f 801//801 1426//1426 1424//1424
f 801//801 1424//1424 802//802
f 802//802 1424//1424 1422//1422
f 802//802 1422//1422 803//803
f 803//803 1422//1422 1420//1420
f 803//803 1420//1420 804//804
f 804//804 1420//1420 1418//1418
f 804//804 1418//1418 805//805
f 805//805 1418//1418 1416//1416
f 805//805 1416//1416 806//806
f 806//806 1416//1416 1414//1414
f 806//806 1414//1414 807//807
f 807//807 1414//1414 1412//1412
f 807//807 1412//1412 808//808
f 808//808 1412//1412 1409//1409
f 808//808 1409//1409 809//809
f 521//521 522//522 1431//1431
f 1431//1431 522//522 797//797
f 1431//1431 797//797 796//796
f 1431//1431 796//796 1432//1432
f 1432//1432 796//796 795//795
f 1432//1432 795//795 1433//1433
f 1433//1433 795//795 794//794
f 1433//1433 794//794 1434//1434
f 1434//1434 794//794 793//793
f 1434//1434 793//793 1435//1435
f 1435//1435 793//793 792//792
f 1435//1435 792//792 1436//1436
f 1436//1436 792//792 791//791
f 1436//1436 791//791 1437//1437
f 1437//1437 791//791 790//790
f 1437//1437 790//790 1438//1438
f 1438//1438 790//790 789//789
f 1438//1438 789//789 1439//1439
f 1439//1439 789//789 788//788
f 1439//1439 788//788 1440//1440
f 1440//1440 788//788 787//787
f 1440//1440 787//787 1441//1441
f 1441//1441 787//787 786//786
f 1441//1441 786//786 1386//1386
f 1386//1386 1442//1442 1441//1441
f 1441//1441 1442//1442 1440//1440
f 1442//1442 1443//1443 1440//1440
f 1440//1440 1443//1443 1439//1439
f 1443//1443 1444//1444 1439//1439
f 1439//1439 1444//1444 1438//1438
f 1444//1444 1445//1445 1438//1438
f 1438//1438 1445//1445 1437//1437
f 1445//1445 1446//1446 1437//1437
f 1437//1437 1446//1446 1436//1436
f 1446//1446 1447//1447 1436//1436
f 1436//1436 1447//1447 1435//1435
f 1447//1447 1448//1448 1435//1435
f 1435//1435 1448//1448 1434//1434
f 1448//1448 1449//1449 1434//1434
f 1434//1434 1449//1449 1433//1433
f 1449//1449 1450//1450 1433//1433
f 1433//1433 1450//1450 1432//1432
f 1450//1450 1451//1451 1432//1432
f 1432//1432 1451//1451 1431//1431
f 1451//1451 1452//1452 1431//1431
f 1431//1431 1452//1452 521//521
f 479//479 521//521 477//477
f 477//477 521//521 1362//1362
f 1362//1362 521//521 1452//1452
f 1362//1362 1452//1452 1373//1373
f 1373//1373 1452//1452 1451//1451
f 1373//1373 1451//1451 1372//1372
f 1372//1372 1451//1451 1450//1450
f 1372//1372 1450//1450 1371//1371
f 1371//1371 1450//1450 1449//1449
f 1371//1371 1449//1449 1370//1370
f 1370//1370 1449//1449 1448//1448
f 1370//1370 1448//1448 1369//1369
f 1369//1369 1448//1448 1447//1447
f 1369//1369 1447//1447 1368//1368
f 1368//1368 1447//1447 1446//1446
f 1368//1368 1446//1446 1367//1367
f 1367//1367 1446//1446 1445//1445
f 1367//1367 1445//1445 1366//1366
f 1366//1366 1445//1445 1444//1444
f 1366//1366 1444//1444 1365//1365
f 1365//1365 1444//1444 1443//1443
f 1365//1365 1443//1443 1364//1364
f 1364//1364 1443//1443 1442//1442
f 1364//1364 1442//1442 1363//1363
f 1363//1363 1442//1442 1386//1386
f 1363//1363 1386//1386 1374//1374
f 1374//1374 1386//1386 1385//1385
f 1374//1374 1385//1385 1408//1408
f 1374//1374 1408//1408 1384//1384
f 1384//1384 1408//1408 1407//1407
f 1384//1384 1407//1407 1383//1383
f 1383//1383 1407//1407 1406//1406
f 1383//1383 1406//1406 1382//1382
f 1382//1382 1406//1406 1405//1405
f 1382//1382 1405//1405 1381//1381
f 1381//1381 1405//1405 1404//1404
f 1381//1381 1404//1404 1380//1380
f 1380//1380 1404//1404 1403//1403
f 1380//1380 1403//1403 1379//1379
f 1379//1379 1403//1403 1402//1402
f 1379//1379 1402//1402 1378//1378
f 1378//1378 1402//1402 1401//1401
f 1378//1378 1401//1401 1377//1377
f 1377//1377 1401//1401 1400//1400
f 1377//1377 1400//1400 1376//1376
f 1376//1376 1400//1400 1399//1399
f 1376//1376 1399//1399 1375//1375
f 1375//1375 1399//1399 1398//1398
f 1375//1375 1398//1398 1361//1361
f 1361//1361 1398//1398 828//828
f 1361//1361 828//828 827//827
f 1361//1361 827//827 1360//1360
f 1360//1360 827//827 852//852
f 1360//1360 852//852 1359//1359
f 1359//1359 852//852 851//851
f 1359//1359 851//851 1358//1358
f 1358//1358 851//851 850//850
f 1358//1358 850//850 1357//1357
f 1357//1357 850//850 849//849
f 1357//1357 849//849 1356//1356
f 1356//1356 849//849 848//848
f 1356//1356 848//848 1355//1355
f 1355//1355 848//848 847//847
f 1355//1355 847//847 1354//1354
f 1354//1354 847//847 846//846
f 1354//1354 846//846 1353//1353
f 1353//1353 846//846 845//845
f 1353//1353 845//845 1352//1352
f 1352//1352 845//845 844//844
f 1352//1352 844//844 1351//1351
f 1351//1351 844//844 843//843
f 1351//1351 843//843 1350//1350
f 1350//1350 843//843 842//842
f 1350//1350 842//842 1349//1349
f 1349//1349 842//842 841//841
f 1349//1349 841//841 1348//1348
f 1348//1348 841//841 973//973
f 1348//1348 973//973 1410//1410
f 1348//1348 1410//1410 1347//1347
f 1347//1347 1410//1410 1411//1411
f 1347//1347 1411//1411 1346//1346
f 1346//1346 1411//1411 1413//1413
f 1346//1346 1413//1413 1345//1345
f 1345//1345 1413//1413 1415//1415
f 1345//1345 1415//1415 1344//1344
f 1344//1344 1415//1415 1417//1417
f 1344//1344 1417//1417 1343//1343
f 1343//1343 1417//1417 1419//1419
f 1343//1343 1419//1419 1342//1342
f 1342//1342 1419//1419 1421//1421
f 1342//1342 1421//1421 1341//1341
f 1341//1341 1421//1421 1423//1423
f 1341//1341 1423//1423 1340//1340
f 1340//1340 1423//1423 1425//1425
f 1340//1340 1425//1425 1339//1339
f 1339//1339 1425//1425 1427//1427
f 1339//1339 1427//1427 1338//1338
f 1338//1338 1427//1427 1429//1429
f 1338//1338 1429//1429 525//525
f 525//525 1429//1429 524//524
f 525//525 524//524 482//482
f 482//482 524//524 484//484

