# https://github.com/mikedh/trimesh

o cam_low_mount_link.obj
v 0.01766200 0.01230400 0.01348200
v 0.01766700 0.01200000 0.01353300
v 0.01773400 0.01236500 0.01411300
v 0.01773400 0.01200000 0.01414800
v 0.01766200 0.01242600 0.01474400
v 0.01766700 0.01200000 0.01476400
v 0.01747000 0.01200000 0.01535000
v 0.01747000 0.01200000 0.01294600
v 0.01745200 0.01224700 0.01288200
v 0.01715300 0.01200000 0.01241500
v 0.01711200 0.01219500 0.01234400
v 0.01672900 0.01200000 0.01196600
v 0.01666100 0.01215100 0.01189500
v 0.01621900 0.01200000 0.01161900
v 0.01612000 0.01211900 0.01155700
v 0.01564600 0.01200000 0.01138900
v 0.01551800 0.01209900 0.01134700
v 0.01503800 0.01200000 0.01128900
v 0.01488400 0.01209200 0.01127600
v 0.01442300 0.01200000 0.01132300
v 0.01425000 0.01209900 0.01134700
v 0.01382900 0.01200000 0.01148800
v 0.01364700 0.01211900 0.01155700
v 0.01328400 0.01200000 0.01177800
v 0.01310700 0.01215100 0.01189500
v 0.01281500 0.01200000 0.01217900
v 0.01265600 0.01219500 0.01234400
v 0.01244200 0.01200000 0.01267200
v 0.01231600 0.01224700 0.01288200
v 0.01218300 0.01200000 0.01323400
v 0.01210500 0.01230400 0.01348200
v 0.01205000 0.01200000 0.01383900
v 0.01203400 0.01236500 0.01411300
v 0.01205000 0.01200000 0.01445800
v 0.01210500 0.01242600 0.01474400
v 0.01218300 0.01200000 0.01506200
v 0.01231600 0.01248400 0.01534400
v 0.01244200 0.01200000 0.01562400
v 0.01265600 0.01253500 0.01588200
v 0.01281500 0.01200000 0.01611700
v 0.01310700 0.01257900 0.01633100
v 0.01328400 0.01200000 0.01651800
v 0.01364700 0.01261100 0.01666900
v 0.01382900 0.01200000 0.01680800
v 0.01425000 0.01263100 0.01687900
v 0.01442300 0.01200000 0.01697400
v 0.01488400 0.01263800 0.01695000
v 0.01503800 0.01200000 0.01700700
v 0.01551800 0.01263100 0.01687900
v 0.01564600 0.01200000 0.01690700
v 0.01612000 0.01261100 0.01666900
v 0.01621900 0.01200000 0.01667800
v 0.01666100 0.01257900 0.01633100
v 0.01672900 0.01200000 0.01633000
v 0.01711200 0.01253500 0.01588200
v 0.01715300 0.01200000 0.01588100
v 0.01745200 0.01248400 0.01534400
v 0.01658400 0.01236500 0.01411300
v 0.01652600 0.01240700 0.01455100
v 0.01635600 0.01244600 0.01495900
v 0.01608600 0.01248000 0.01531000
v 0.01573400 0.01250600 0.01557900
v 0.01532400 0.01252200 0.01574800
v 0.01488400 0.01252800 0.01580500
v 0.01444400 0.01252200 0.01574800
v 0.01403400 0.01250600 0.01557900
v 0.01368200 0.01248000 0.01531000
v 0.01341200 0.01244600 0.01495900
v 0.01324200 0.01240700 0.01455100
v 0.01318400 0.01236500 0.01411300
v 0.01324200 0.01232300 0.01367500
v 0.01341200 0.01228400 0.01326700
v 0.01368200 0.01225000 0.01291700
v 0.01403400 0.01222400 0.01264800
v 0.01444400 0.01220800 0.01247900
v 0.01488400 0.01220200 0.01242100
v 0.01532400 0.01220800 0.01247900
v 0.01573400 0.01222400 0.01264800
v 0.01608600 0.01225000 0.01291700
v 0.01635600 0.01228400 0.01326700
v 0.01652600 0.01232300 0.01367500
v 0.03766200 0.01230400 0.01348200
v 0.03766700 0.01200000 0.01353300
v 0.03773400 0.01236500 0.01411300
v 0.03773400 0.01200000 0.01414800
v 0.03766200 0.01242600 0.01474400
v 0.03766700 0.01200000 0.01476400
v 0.03747000 0.01200000 0.01535000
v 0.03747000 0.01200000 0.01294600
v 0.03745200 0.01224700 0.01288200
v 0.03715300 0.01200000 0.01241500
v 0.03711200 0.01219500 0.01234400
v 0.03672900 0.01200000 0.01196600
v 0.03666100 0.01215100 0.01189500
v 0.03621900 0.01200000 0.01161900
v 0.03612000 0.01211900 0.01155700
v 0.03564600 0.01200000 0.01138900
v 0.03551800 0.01209900 0.01134700
v 0.03503800 0.01200000 0.01128900
v 0.03488400 0.01209200 0.01127600
v 0.03442300 0.01200000 0.01132300
v 0.03425000 0.01209900 0.01134700
v 0.03382900 0.01200000 0.01148800
v 0.03364700 0.01211900 0.01155700
v 0.03328400 0.01200000 0.01177800
v 0.03310700 0.01215100 0.01189500
v 0.03281500 0.01200000 0.01217900
v 0.03265600 0.01219500 0.01234400
v 0.03244200 0.01200000 0.01267200
v 0.03231600 0.01224700 0.01288200
v 0.03218300 0.01200000 0.01323400
v 0.03210500 0.01230400 0.01348200
v 0.03205000 0.01200000 0.01383900
v 0.03203400 0.01236500 0.01411300
v 0.03205000 0.01200000 0.01445800
v 0.03210500 0.01242600 0.01474400
v 0.03218300 0.01200000 0.01506200
v 0.03231600 0.01248400 0.01534400
v 0.03244200 0.01200000 0.01562400
v 0.03265600 0.01253500 0.01588200
v 0.03281500 0.01200000 0.01611700
v 0.03310700 0.01257900 0.01633100
v 0.03328400 0.01200000 0.01651800
v 0.03364700 0.01261100 0.01666900
v 0.03382900 0.01200000 0.01680800
v 0.03425000 0.01263100 0.01687900
v 0.03442300 0.01200000 0.01697400
v 0.03488400 0.01263800 0.01695000
v 0.03503800 0.01200000 0.01700700
v 0.03551800 0.01263100 0.01687900
v 0.03564600 0.01200000 0.01690700
v 0.03612000 0.01261100 0.01666900
v 0.03621900 0.01200000 0.01667800
v 0.03666100 0.01257900 0.01633100
v 0.03672900 0.01200000 0.01633000
v 0.03711200 0.01253500 0.01588200
v 0.03715300 0.01200000 0.01588100
v 0.03745200 0.01248400 0.01534400
v 0.03658400 0.01236500 0.01411300
v 0.03652600 0.01240700 0.01455100
v 0.03635600 0.01244600 0.01495900
v 0.03608600 0.01248000 0.01531000
v 0.03573400 0.01250600 0.01557900
v 0.03532400 0.01252200 0.01574800
v 0.03488400 0.01252800 0.01580500
v 0.03444400 0.01252200 0.01574800
v 0.03403400 0.01250600 0.01557900
v 0.03368200 0.01248000 0.01531000
v 0.03341200 0.01244600 0.01495900
v 0.03324200 0.01240700 0.01455100
v 0.03318400 0.01236500 0.01411300
v 0.03324200 0.01232300 0.01367500
v 0.03341200 0.01228400 0.01326700
v 0.03368200 0.01225000 0.01291700
v 0.03403400 0.01222400 0.01264800
v 0.03444400 0.01220800 0.01247900
v 0.03488400 0.01220200 0.01242100
v 0.03532400 0.01220800 0.01247900
v 0.03573400 0.01222400 0.01264800
v 0.03608600 0.01225000 0.01291700
v 0.03635600 0.01228400 0.01326700
v 0.03652600 0.01232300 0.01367500
v 0.01652600 0.01539300 0.01426300
v 0.01658400 0.01535100 0.01382600
v 0.01652600 0.01530900 0.01338800
v 0.01635600 0.01527000 0.01297900
v 0.01608600 0.01523600 0.01262900
v 0.01573400 0.01521000 0.01236000
v 0.01532400 0.01519400 0.01219100
v 0.01488400 0.01518800 0.01213300
v 0.01444400 0.01519400 0.01219100
v 0.01403400 0.01521000 0.01236000
v 0.01368200 0.01523600 0.01262900
v 0.01341200 0.01527000 0.01297900
v 0.01324200 0.01530900 0.01338800
v 0.01318400 0.01535100 0.01382600
v 0.01324200 0.01539300 0.01426300
v 0.01341200 0.01543300 0.01467200
v 0.01368200 0.01546600 0.01502200
v 0.01403400 0.01549200 0.01529100
v 0.01444400 0.01550900 0.01546000
v 0.01488400 0.01551400 0.01551800
v 0.01532400 0.01550900 0.01546000
v 0.01573400 0.01549200 0.01529100
v 0.01608600 0.01546600 0.01502200
v 0.01635600 0.01543300 0.01467200
v 0.03652600 0.01539300 0.01426300
v 0.03658400 0.01535100 0.01382600
v 0.03652600 0.01530900 0.01338800
v 0.03635600 0.01527000 0.01297900
v 0.03608600 0.01523600 0.01262900
v 0.03573400 0.01521000 0.01236000
v 0.03532400 0.01519400 0.01219100
v 0.03488400 0.01518800 0.01213300
v 0.03444400 0.01519400 0.01219100
v 0.03403400 0.01521000 0.01236000
v 0.03368200 0.01523600 0.01262900
v 0.03341200 0.01527000 0.01297900
v 0.03324200 0.01530900 0.01338800
v 0.03318400 0.01535100 0.01382600
v 0.03324200 0.01539300 0.01426300
v 0.03341200 0.01543300 0.01467200
v 0.03368200 0.01546600 0.01502200
v 0.03403400 0.01549200 0.01529100
v 0.03444400 0.01550900 0.01546000
v 0.03488400 0.01551400 0.01551800
v 0.03532400 0.01550900 0.01546000
v 0.03573400 0.01549200 0.01529100
v 0.03608600 0.01546600 0.01502200
v 0.03635600 0.01543300 0.01467200
v 0.04638400 0.03652600 -0.00102200
v 0.04638400 0.01701600 0.00085600
v 0.04838400 0.03652600 -0.00102200
v 0.04838400 0.01701600 0.00085600
v 0.04638400 0.01946000 0.02623900
v 0.04638400 0.03897000 0.02436000
v 0.04838400 0.01946000 0.02623900
v 0.04838400 0.03897000 0.02436000
v 0.04637800 0.01836500 0.02577600
v 0.04638400 0.01852700 0.02594400
v 0.04838400 0.01854500 0.02595900
v 0.04638400 0.01873300 0.02608700
v 0.04838400 0.01882200 0.02613200
v 0.04638400 0.01896400 0.02618700
v 0.04838400 0.01913400 0.02622700
v 0.04638400 0.01920900 0.02623800
v 0.04838400 0.01832200 0.02572100
v 0.04636700 0.01823300 0.02557400
v 0.04838400 0.01816900 0.02543200
v 0.04635700 0.01814100 0.02534700
v 0.04838400 0.01809600 0.02511400
v 0.04635300 0.01809600 0.02511400
v 0.04638400 0.01677000 0.00090500
v 0.04838400 0.01669800 0.00093000
v 0.04638400 0.01653900 0.00100200
v 0.04838400 0.01641000 0.00108300
v 0.04638400 0.01633100 0.00114400
v 0.04838400 0.01617100 0.00130500
v 0.04638400 0.01615700 0.00132300
v 0.04637800 0.01602900 0.00151900
v 0.04838400 0.01599800 0.00158200
v 0.04636700 0.01593800 0.00174300
v 0.04838400 0.01590300 0.00189400
v 0.04635700 0.01589100 0.00198300
v 0.04838400 0.01589100 0.00222000
v 0.04635300 0.01589100 0.00222000
v 0.04838400 0.03621900 -0.00420800
v 0.04838400 0.01200000 -0.00187600
v 0.04838400 0.01200000 0.03017200
v 0.04838400 0.03927600 0.02754600
v 0.04638400 0.03927600 0.02754600
v 0.04638400 0.01887100 0.02951000
v 0.02746500 0.01627500 0.02654800
v 0.02757000 0.01632600 0.02707700
v 0.02875400 0.01626400 0.02644000
v 0.02883500 0.01630000 0.02681100
v 0.02773000 0.01637500 0.02758600
v 0.02798800 0.01642000 0.02805400
v 0.02895100 0.01633500 0.02717200
v 0.02834000 0.01645900 0.02846500
v 0.02913000 0.01636700 0.02750900
v 0.02876400 0.01649200 0.02880200
v 0.02937200 0.01639600 0.02780400
v 0.02923800 0.01651700 0.02905800
v 0.02967200 0.01641900 0.02804200
v 0.02974800 0.01653300 0.02922600
v 0.03001500 0.01643500 0.02821000
v 0.03028000 0.01654100 0.02931000
v 0.03038600 0.01644400 0.02830100
v 0.03082200 0.01654200 0.02932200
v 0.03076800 0.01644500 0.02831800
v 0.03114700 0.01644000 0.02826500
v 0.03136200 0.01653700 0.02926800
v 0.03151000 0.01642900 0.02814500
v 0.03188500 0.01652400 0.02913600
v 0.03184200 0.01641100 0.02795700
v 0.03237500 0.01650300 0.02891600
v 0.03213200 0.01638600 0.02770700
v 0.03281900 0.01647300 0.02860800
v 0.03237400 0.01635800 0.02740900
v 0.03320800 0.01643700 0.02823100
v 0.03255900 0.01632600 0.02707500
v 0.03353200 0.01639500 0.02779900
v 0.03268600 0.01629100 0.02671900
v 0.03378600 0.01635000 0.02732500
v 0.03276100 0.01625500 0.02634600
v 0.03396400 0.01630100 0.02682000
v 0.03406500 0.01625000 0.02629400
v 0.03279200 0.01621900 0.02596500
v 0.03409500 0.01619900 0.02575600
v 0.03278100 0.01618200 0.02558200
v 0.03405700 0.01614700 0.02521900
v 0.03394100 0.01609600 0.02469500
v 0.03272100 0.01614600 0.02520700
v 0.03373700 0.01604900 0.02420000
v 0.03260200 0.01611100 0.02484700
v 0.03344600 0.01600500 0.02374600
v 0.03308000 0.01596700 0.02334900
v 0.03241900 0.01607900 0.02451200
v 0.03265100 0.01593500 0.02302000
v 0.03217600 0.01605000 0.02421600
v 0.03217200 0.01591100 0.02277400
v 0.03188000 0.01602700 0.02397300
v 0.03154200 0.01601000 0.02379500
v 0.03165600 0.01589700 0.02262100
v 0.03117600 0.01599900 0.02368500
v 0.03111900 0.01589100 0.02255800
v 0.03079600 0.01599500 0.02363800
v 0.03057800 0.01589300 0.02258200
v 0.03041300 0.01599500 0.02364700
v 0.03005300 0.01590400 0.02269900
v 0.03003900 0.01600200 0.02371800
v 0.02956300 0.01592500 0.02291200
v 0.02968300 0.01601500 0.02385300
v 0.02909500 0.01595100 0.02318100
v 0.02935400 0.01603400 0.02404800
v 0.02907400 0.01605900 0.02430300
v 0.02883600 0.01608700 0.02460000
v 0.02768300 0.01607300 0.02445000
v 0.02865100 0.01558100 0.01933800
v 0.02963400 0.01569300 0.02050500
v 0.03362400 0.01558100 0.01933800
v 0.03362400 0.01569300 0.02050500
v 0.02909500 0.01624900 0.02315200
v 0.02956300 0.01622300 0.02288300
v 0.03005300 0.01620300 0.02267100
v 0.03057800 0.01619200 0.02255400
v 0.03111900 0.01618900 0.02252900
v 0.03165600 0.01619500 0.02259200
v 0.03217200 0.01621000 0.02274500
v 0.03265100 0.01623400 0.02299100
v 0.03308000 0.01626500 0.02332000
v 0.03344600 0.01630400 0.02371800
v 0.03373700 0.01634700 0.02417100
v 0.03394100 0.01639500 0.02466700
v 0.03405700 0.01644600 0.02519000
v 0.03409500 0.01649700 0.02572800
v 0.03406500 0.01654900 0.02626500
v 0.03396400 0.01660000 0.02679100
v 0.03378600 0.01664800 0.02729600
v 0.03353200 0.01669400 0.02777000
v 0.03320800 0.01673500 0.02820200
v 0.03281900 0.01677200 0.02858000
v 0.03237500 0.01680100 0.02888700
v 0.03188500 0.01682300 0.02910700
v 0.03136200 0.01683500 0.02923900
v 0.03082200 0.01684100 0.02929400
v 0.03028000 0.01683900 0.02928100
v 0.02974800 0.01683100 0.02919700
v 0.02923800 0.01681500 0.02902900
v 0.02876400 0.01679100 0.02877400
v 0.02834000 0.01675800 0.02843600
v 0.02798800 0.01671800 0.02802500
v 0.02773000 0.01667300 0.02755700
v 0.02757000 0.01662400 0.02704900
v 0.02746500 0.01657400 0.02652000
v 0.02963400 0.01599200 0.02047700
v 0.03362400 0.01599200 0.02047700
v 0.03362400 0.01587900 0.01930900
v 0.02865100 0.01587900 0.01930900
v 0.02768300 0.01637100 0.02442200
v 0.02883600 0.01638600 0.02457100
v 0.02875400 0.01656300 0.02641100
v 0.02883500 0.01659900 0.02678200
v 0.02895100 0.01663400 0.02714400
v 0.02913000 0.01666600 0.02748000
v 0.02937200 0.01669400 0.02777600
v 0.02967200 0.01671700 0.02801300
v 0.03001500 0.01673400 0.02818100
v 0.03038600 0.01674200 0.02827200
v 0.03076800 0.01674400 0.02828900
v 0.03114700 0.01673900 0.02823700
v 0.03151000 0.01672700 0.02811600
v 0.03184200 0.01670900 0.02792800
v 0.03213200 0.01668500 0.02767900
v 0.03237400 0.01665600 0.02738000
v 0.03255900 0.01662400 0.02704600
v 0.03268600 0.01659000 0.02669000
v 0.03276100 0.01655400 0.02631700
v 0.03279200 0.01651700 0.02593600
v 0.03278100 0.01648100 0.02555400
v 0.03272100 0.01644400 0.02517800
v 0.03260200 0.01641000 0.02481800
v 0.03241900 0.01637700 0.02448300
v 0.03217600 0.01634900 0.02418800
v 0.03188000 0.01632600 0.02394500
v 0.03154200 0.01630800 0.02376600
v 0.03117600 0.01629800 0.02365600
v 0.03079600 0.01629300 0.02361000
v 0.03041300 0.01629400 0.02361800
v 0.03003900 0.01630100 0.02368900
v 0.02968300 0.01631400 0.02382500
v 0.02935400 0.01633300 0.02401900
v 0.02907400 0.01635700 0.02427400
v 0.01581400 0.01627500 0.02654800
v 0.01592000 0.01632600 0.02707700
v 0.01710300 0.01626400 0.02644000
v 0.01718400 0.01630000 0.02681100
v 0.01607900 0.01637500 0.02758600
v 0.01633700 0.01642000 0.02805400
v 0.01730000 0.01633500 0.02717200
v 0.01669000 0.01645900 0.02846500
v 0.01747900 0.01636700 0.02750900
v 0.01711300 0.01649200 0.02880200
v 0.01772200 0.01639600 0.02780400
v 0.01758800 0.01651700 0.02905800
v 0.01802100 0.01641900 0.02804200
v 0.01809800 0.01653300 0.02922600
v 0.01836400 0.01643500 0.02821000
v 0.01862900 0.01654100 0.02931000
v 0.01873500 0.01644400 0.02830100
v 0.01917100 0.01654200 0.02932200
v 0.01911700 0.01644500 0.02831800
v 0.01949700 0.01644000 0.02826500
v 0.01971200 0.01653700 0.02926800
v 0.01985900 0.01642900 0.02814500
v 0.02023400 0.01652400 0.02913600
v 0.02019100 0.01641100 0.02795700
v 0.02072400 0.01650300 0.02891600
v 0.02048100 0.01638600 0.02770700
v 0.02116800 0.01647300 0.02860800
v 0.02072300 0.01635800 0.02740900
v 0.02155700 0.01643700 0.02823100
v 0.02090900 0.01632600 0.02707500
v 0.02188200 0.01639500 0.02779900
v 0.02103600 0.01629100 0.02671900
v 0.02213600 0.01635000 0.02732500
v 0.02111100 0.01625500 0.02634600
v 0.02231300 0.01630100 0.02682000
v 0.02241400 0.01625000 0.02629400
v 0.02114100 0.01621900 0.02596500
v 0.02244400 0.01619900 0.02575600
v 0.02113000 0.01618200 0.02558200
v 0.02240600 0.01614700 0.02521900
v 0.02229100 0.01609600 0.02469500
v 0.02107000 0.01614600 0.02520700
v 0.02208600 0.01604900 0.02420000
v 0.02095200 0.01611100 0.02484700
v 0.02179500 0.01600500 0.02374600
v 0.02142900 0.01596700 0.02334900
v 0.02076800 0.01607900 0.02451200
v 0.02100100 0.01593500 0.02302000
v 0.02052500 0.01605000 0.02421600
v 0.02052200 0.01591100 0.02277400
v 0.02022900 0.01602700 0.02397300
v 0.01989100 0.01601000 0.02379500
v 0.02000600 0.01589700 0.02262100
v 0.01952500 0.01599900 0.02368500
v 0.01946800 0.01589100 0.02255800
v 0.01914500 0.01599500 0.02363800
v 0.01892700 0.01589300 0.02258200
v 0.01876200 0.01599500 0.02364700
v 0.01840300 0.01590400 0.02269900
v 0.01838900 0.01600200 0.02371800
v 0.01791200 0.01592500 0.02291200
v 0.01803300 0.01601500 0.02385300
v 0.01744400 0.01595100 0.02318100
v 0.01770300 0.01603400 0.02404800
v 0.01742300 0.01605900 0.02430300
v 0.01718500 0.01608700 0.02460000
v 0.01603200 0.01607300 0.02445000
v 0.01700100 0.01558100 0.01933800
v 0.01798300 0.01569300 0.02050500
v 0.02197300 0.01558100 0.01933800
v 0.02197300 0.01569300 0.02050500
v 0.01744400 0.01624900 0.02315200
v 0.01791200 0.01622300 0.02288300
v 0.01840300 0.01620300 0.02267100
v 0.01892700 0.01619200 0.02255400
v 0.01946800 0.01618900 0.02252900
v 0.02000600 0.01619500 0.02259200
v 0.02052200 0.01621000 0.02274500
v 0.02100100 0.01623400 0.02299100
v 0.02142900 0.01626500 0.02332000
v 0.02179500 0.01630400 0.02371800
v 0.02208600 0.01634700 0.02417100
v 0.02229100 0.01639500 0.02466700
v 0.02240600 0.01644600 0.02519000
v 0.02244400 0.01649700 0.02572800
v 0.02241400 0.01654900 0.02626500
v 0.02231300 0.01660000 0.02679100
v 0.02213600 0.01664800 0.02729600
v 0.02188200 0.01669400 0.02777000
v 0.02155700 0.01673500 0.02820200
v 0.02116800 0.01677200 0.02858000
v 0.02072400 0.01680100 0.02888700
v 0.02023400 0.01682300 0.02910700
v 0.01971200 0.01683500 0.02923900
v 0.01917100 0.01684100 0.02929400
v 0.01862900 0.01683900 0.02928100
v 0.01809800 0.01683100 0.02919700
v 0.01758800 0.01681500 0.02902900
v 0.01711300 0.01679100 0.02877400
v 0.01669000 0.01675800 0.02843600
v 0.01633700 0.01671800 0.02802500
v 0.01607900 0.01667300 0.02755700
v 0.01592000 0.01662400 0.02704900
v 0.01581400 0.01657400 0.02652000
v 0.01798300 0.01599200 0.02047700
v 0.02197300 0.01599200 0.02047700
v 0.02197300 0.01587900 0.01930900
v 0.01700100 0.01587900 0.01930900
v 0.01603200 0.01637100 0.02442200
v 0.01718500 0.01638600 0.02457100
v 0.01710300 0.01656300 0.02641100
v 0.01718400 0.01659900 0.02678200
v 0.01730000 0.01663400 0.02714400
v 0.01747900 0.01666600 0.02748000
v 0.01772200 0.01669400 0.02777600
v 0.01802100 0.01671700 0.02801300
v 0.01836400 0.01673400 0.02818100
v 0.01873500 0.01674200 0.02827200
v 0.01911700 0.01674400 0.02828900
v 0.01949700 0.01673900 0.02823700
v 0.01985900 0.01672700 0.02811600
v 0.02019100 0.01670900 0.02792800
v 0.02048100 0.01668500 0.02767900
v 0.02072300 0.01665600 0.02738000
v 0.02090900 0.01662400 0.02704600
v 0.02103600 0.01659000 0.02669000
v 0.02111100 0.01655400 0.02631700
v 0.02114100 0.01651700 0.02593600
v 0.02113000 0.01648100 0.02555400
v 0.02107000 0.01644400 0.02517800
v 0.02095200 0.01641000 0.02481800
v 0.02076800 0.01637700 0.02448300
v 0.02052500 0.01634900 0.02418800
v 0.02022900 0.01632600 0.02394500
v 0.01989100 0.01630800 0.02376600
v 0.01952500 0.01629800 0.02365600
v 0.01914500 0.01629300 0.02361000
v 0.01876200 0.01629400 0.02361800
v 0.01838900 0.01630100 0.02368900
v 0.01803300 0.01631400 0.02382500
v 0.01770300 0.01633300 0.02401900
v 0.01742300 0.01635700 0.02427400
v 0.02427200 0.01652600 0.02915600
v 0.02567100 0.01652600 0.02915600
v 0.02427200 0.01639200 0.02776400
v 0.02567100 0.01639200 0.02776400
v 0.02567100 0.01682500 0.02912700
v 0.02427200 0.01682500 0.02912700
v 0.02567100 0.01669100 0.02773500
v 0.02427200 0.01669100 0.02773500
v 0.06488400 0.03666700 0.04106100
v 0.04083400 0.03666700 0.04106100
v 0.06488400 0.03500000 0.04406100
v 0.00893400 0.03666700 0.04106100
v -0.01511600 0.03500000 0.04406100
v -0.01511600 0.03666700 0.04106100
v 0.04083400 0.04000000 0.03506100
v 0.00893400 0.04000000 0.03506100
v 0.06488400 0.01500000 0.04406100
v 0.06488400 0.01200000 0.04106100
v 0.06488400 0.01200000 0.06406100
v 0.06488400 0.01500000 0.06406100
v -0.00450400 0.02768100 0.04406100
v 0.05427200 0.02768100 0.04406100
v 0.05488400 0.02775000 0.04406100
v -0.01511600 0.01500000 0.04406100
v -0.00786600 0.02500000 0.04406100
v -0.00779700 0.02561200 0.04406100
v -0.00759400 0.02619300 0.04406100
v -0.00450400 0.02231900 0.04406100
v -0.00511600 0.02225000 0.04406100
v -0.00572800 0.02231900 0.04406100
v 0.05763400 0.02500000 0.04406100
v 0.05756500 0.02438800 0.04406100
v 0.05736100 0.02380700 0.04406100
v 0.05220300 0.02438800 0.04406100
v 0.05213400 0.02500000 0.04406100
v -0.00236600 0.02500000 0.04406100
v 0.05220300 0.02561200 0.04406100
v -0.00243500 0.02561200 0.04406100
v 0.05240600 0.02619300 0.04406100
v -0.00263900 0.02619300 0.04406100
v 0.05273400 0.02671500 0.04406100
v -0.00296600 0.02671500 0.04406100
v 0.05316900 0.02715000 0.04406100
v -0.00340200 0.02715000 0.04406100
v -0.00392300 0.02747800 0.04406100
v 0.05369100 0.02747800 0.04406100
v 0.05549600 0.02768100 0.04406100
v 0.05607700 0.02747800 0.04406100
v 0.05659800 0.02715000 0.04406100
v 0.05703400 0.02671500 0.04406100
v 0.05736100 0.02619300 0.04406100
v 0.05756500 0.02561200 0.04406100
v 0.05703400 0.02328500 0.04406100
v 0.05659800 0.02285000 0.04406100
v 0.05607700 0.02252200 0.04406100
v 0.05549600 0.02231900 0.04406100
v 0.05488400 0.02225000 0.04406100
v 0.05427200 0.02231900 0.04406100
v 0.05369100 0.02252200 0.04406100
v -0.00392300 0.02252200 0.04406100
v 0.05316900 0.02285000 0.04406100
v -0.00340200 0.02285000 0.04406100
v -0.00296600 0.02328500 0.04406100
v 0.05273400 0.02328500 0.04406100
v -0.00263900 0.02380700 0.04406100
v 0.05240600 0.02380700 0.04406100
v -0.00243500 0.02438800 0.04406100
v -0.00726600 0.02671500 0.04406100
v -0.00683100 0.02715000 0.04406100
v -0.00630900 0.02747800 0.04406100
v -0.00572800 0.02768100 0.04406100
v -0.00511600 0.02775000 0.04406100
v -0.00630900 0.02252200 0.04406100
v -0.00683100 0.02285000 0.04406100
v -0.00726600 0.02328500 0.04406100
v -0.00759400 0.02380700 0.04406100
v -0.00779700 0.02438800 0.04406100
v -0.01511600 0.01200000 0.04106100
v -0.01511600 0.01200000 0.06406100
v -0.01511600 0.01500000 0.06406100
v -0.00450400 0.02768100 0.04106100
v -0.00511600 0.02775000 0.04106100
v -0.00572800 0.02768100 0.04106100
v 0.00893400 0.01200000 0.04106100
v -0.00236600 0.02500000 0.04106100
v -0.00243500 0.02561200 0.04106100
v -0.00263900 0.02619300 0.04106100
v -0.00450400 0.02231900 0.04106100
v -0.00392300 0.02252200 0.04106100
v -0.00340200 0.02285000 0.04106100
v -0.00786600 0.02500000 0.04106100
v -0.00779700 0.02438800 0.04106100
v -0.00759400 0.02380700 0.04106100
v -0.00726600 0.02328500 0.04106100
v -0.00683100 0.02285000 0.04106100
v -0.00630900 0.02252200 0.04106100
v -0.00572800 0.02231900 0.04106100
v -0.00511600 0.02225000 0.04106100
v -0.00296600 0.02328500 0.04106100
v -0.00263900 0.02380700 0.04106100
v -0.00243500 0.02438800 0.04106100
v -0.00296600 0.02671500 0.04106100
v -0.00340200 0.02715000 0.04106100
v -0.00392300 0.02747800 0.04106100
v -0.00630900 0.02747800 0.04106100
v -0.00683100 0.02715000 0.04106100
v -0.00726600 0.02671500 0.04106100
v -0.00759400 0.02619300 0.04106100
v -0.00779700 0.02561200 0.04106100
v 0.05220300 0.02561200 0.04106100
v 0.05213400 0.02500000 0.04106100
v 0.05220300 0.02438800 0.04106100
v 0.05240600 0.02380700 0.04106100
v 0.05273400 0.02328500 0.04106100
v 0.05316900 0.02285000 0.04106100
v 0.05369100 0.02252200 0.04106100
v 0.05427200 0.02231900 0.04106100
v 0.05488400 0.02225000 0.04106100
v 0.05549600 0.02231900 0.04106100
v 0.05607700 0.02252200 0.04106100
v 0.05659800 0.02285000 0.04106100
v 0.05703400 0.02328500 0.04106100
v 0.05736100 0.02380700 0.04106100
v 0.05756500 0.02438800 0.04106100
v 0.05763400 0.02500000 0.04106100
v 0.05756500 0.02561200 0.04106100
v 0.05736100 0.02619300 0.04106100
v 0.05703400 0.02671500 0.04106100
v 0.05659800 0.02715000 0.04106100
v 0.05607700 0.02747800 0.04106100
v 0.05549600 0.02768100 0.04106100
v 0.05488400 0.02775000 0.04106100
v 0.05427200 0.02768100 0.04106100
v 0.05369100 0.02747800 0.04106100
v 0.05316900 0.02715000 0.04106100
v 0.05273400 0.02671500 0.04106100
v 0.05240600 0.02619300 0.04106100
v -0.00243500 0.01200000 0.05467300
v -0.00243500 0.01500000 0.05467300
v -0.00236600 0.01200000 0.05406100
v -0.00236600 0.01500000 0.05406100
v -0.00243500 0.01200000 0.05344900
v -0.00243500 0.01500000 0.05344900
v -0.00263900 0.01200000 0.05286800
v -0.00263900 0.01500000 0.05286800
v -0.00296600 0.01200000 0.05234600
v -0.00296600 0.01500000 0.05234600
v -0.00340200 0.01200000 0.05191100
v -0.00340200 0.01500000 0.05191100
v -0.00392300 0.01200000 0.05158300
v -0.00392300 0.01500000 0.05158300
v -0.00450400 0.01200000 0.05138000
v -0.00450400 0.01500000 0.05138000
v -0.00511600 0.01200000 0.05131100
v -0.00511600 0.01500000 0.05131100
v -0.00572800 0.01200000 0.05138000
v -0.00572800 0.01500000 0.05138000
v -0.00630900 0.01200000 0.05158300
v -0.00630900 0.01500000 0.05158300
v -0.00683100 0.01200000 0.05191100
v -0.00683100 0.01500000 0.05191100
v -0.00726600 0.01200000 0.05234600
v -0.00726600 0.01500000 0.05234600
v -0.00759400 0.01200000 0.05286800
v -0.00759400 0.01500000 0.05286800
v -0.00779700 0.01200000 0.05344900
v -0.00779700 0.01500000 0.05344900
v -0.00786600 0.01200000 0.05406100
v -0.00786600 0.01500000 0.05406100
v -0.00779700 0.01200000 0.05467300
v -0.00779700 0.01500000 0.05467300
v -0.00759400 0.01200000 0.05525400
v -0.00759400 0.01500000 0.05525400
v -0.00726600 0.01200000 0.05577500
v -0.00726600 0.01500000 0.05577500
v -0.00683100 0.01200000 0.05621100
v -0.00683100 0.01500000 0.05621100
v -0.00630900 0.01200000 0.05653800
v -0.00630900 0.01500000 0.05653800
v -0.00572800 0.01200000 0.05674200
v -0.00572800 0.01500000 0.05674200
v -0.00511600 0.01200000 0.05681100
v -0.00511600 0.01500000 0.05681100
v -0.00450400 0.01200000 0.05674200
v -0.00450400 0.01500000 0.05674200
v -0.00392300 0.01200000 0.05653800
v -0.00392300 0.01500000 0.05653800
v -0.00340200 0.01200000 0.05621100
v -0.00340200 0.01500000 0.05621100
v -0.00296600 0.01200000 0.05577500
v -0.00296600 0.01500000 0.05577500
v -0.00263900 0.01200000 0.05525400
v -0.00263900 0.01500000 0.05525400
v 0.05756500 0.01200000 0.05467300
v 0.05756500 0.01500000 0.05467300
v 0.05763400 0.01200000 0.05406100
v 0.05763400 0.01500000 0.05406100
v 0.05756500 0.01200000 0.05344900
v 0.05756500 0.01500000 0.05344900
v 0.05736100 0.01200000 0.05286800
v 0.05736100 0.01500000 0.05286800
v 0.05703400 0.01200000 0.05234600
v 0.05703400 0.01500000 0.05234600
v 0.05659800 0.01200000 0.05191100
v 0.05659800 0.01500000 0.05191100
v 0.05607700 0.01200000 0.05158300
v 0.05607700 0.01500000 0.05158300
v 0.05549600 0.01200000 0.05138000
v 0.05549600 0.01500000 0.05138000
v 0.05488400 0.01200000 0.05131100
v 0.05488400 0.01500000 0.05131100
v 0.05427200 0.01200000 0.05138000
v 0.05427200 0.01500000 0.05138000
v 0.05369100 0.01200000 0.05158300
v 0.05369100 0.01500000 0.05158300
v 0.05316900 0.01200000 0.05191100
v 0.05316900 0.01500000 0.05191100
v 0.05273400 0.01200000 0.05234600
v 0.05273400 0.01500000 0.05234600
v 0.05240600 0.01200000 0.05286800
v 0.05240600 0.01500000 0.05286800
v 0.05220300 0.01200000 0.05344900
v 0.05220300 0.01500000 0.05344900
v 0.05213400 0.01200000 0.05406100
v 0.05213400 0.01500000 0.05406100
v 0.05220300 0.01200000 0.05467300
v 0.05220300 0.01500000 0.05467300
v 0.05240600 0.01200000 0.05525400
v 0.05240600 0.01500000 0.05525400
v 0.05273400 0.01200000 0.05577500
v 0.05273400 0.01500000 0.05577500
v 0.05316900 0.01200000 0.05621100
v 0.05316900 0.01500000 0.05621100
v 0.05369100 0.01200000 0.05653800
v 0.05369100 0.01500000 0.05653800
v 0.05427200 0.01200000 0.05674200
v 0.05427200 0.01500000 0.05674200
v 0.05488400 0.01200000 0.05681100
v 0.05488400 0.01500000 0.05681100
v 0.05549600 0.01200000 0.05674200
v 0.05549600 0.01500000 0.05674200
v 0.05607700 0.01200000 0.05653800
v 0.05607700 0.01500000 0.05653800
v 0.05659800 0.01200000 0.05621100
v 0.05659800 0.01500000 0.05621100
v 0.05703400 0.01200000 0.05577500
v 0.05703400 0.01500000 0.05577500
v 0.05736100 0.01200000 0.05525400
v 0.05736100 0.01500000 0.05525400
v 0.00893400 0.01200000 0.03775700
v 0.04083400 0.01200000 0.04106100
v 0.00794800 0.01200000 0.03769200
v 0.00698000 0.01200000 0.03749800
v 0.00604400 0.01200000 0.03718000
v 0.00515900 0.01200000 0.03674100
v 0.00433800 0.01200000 0.03619000
v 0.00359500 0.01200000 0.03553500
v 0.00294400 0.01200000 0.03478900
v 0.00239500 0.01200000 0.03396400
v 0.00195800 0.01200000 0.03307500
v 0.00164100 0.01200000 0.03213500
v 0.00144800 0.01200000 0.03116200
v 0.00138400 0.01200000 0.03017200
v 0.00138400 0.01200000 -0.00187600
v 0.00893400 0.01200000 -0.00946000
v 0.00144800 0.01200000 -0.00286600
v 0.00164100 0.01200000 -0.00383900
v 0.00195800 0.01200000 -0.00477800
v 0.00239500 0.01200000 -0.00566800
v 0.00294400 0.01200000 -0.00649300
v 0.00359500 0.01200000 -0.00723900
v 0.00433800 0.01200000 -0.00789300
v 0.00515900 0.01200000 -0.00844400
v 0.00604400 0.01200000 -0.00888300
v 0.00698000 0.01200000 -0.00920200
v 0.00794800 0.01200000 -0.00939600
v 0.04083400 0.01200000 -0.00946000
v 0.04083400 0.01200000 0.03775700
v 0.04181900 0.01200000 -0.00939600
v 0.04278800 0.01200000 -0.00920200
v 0.04372300 0.01200000 -0.00888300
v 0.04460900 0.01200000 -0.00844400
v 0.04543000 0.01200000 -0.00789300
v 0.04617200 0.01200000 -0.00723900
v 0.04682400 0.01200000 -0.00649300
v 0.04737200 0.01200000 -0.00566800
v 0.04780900 0.01200000 -0.00477800
v 0.04812600 0.01200000 -0.00383900
v 0.04831900 0.01200000 -0.00286600
v 0.04831900 0.01200000 0.03116200
v 0.04812600 0.01200000 0.03213500
v 0.04780900 0.01200000 0.03307500
v 0.04737200 0.01200000 0.03396400
v 0.04682400 0.01200000 0.03478900
v 0.04617200 0.01200000 0.03553500
v 0.04543000 0.01200000 0.03619000
v 0.04460900 0.01200000 0.03674100
v 0.04372300 0.01200000 0.03718000
v 0.04278800 0.01200000 0.03749800
v 0.04181900 0.01200000 0.03769200
v 0.00138400 0.03927600 0.02754600
v 0.00144800 0.02537100 0.02987500
v 0.00164100 0.02546400 0.03083900
v 0.00195800 0.02555300 0.03177000
v 0.00239500 0.02563800 0.03265100
v 0.00294400 0.02571700 0.03346900
v 0.00359500 0.02578800 0.03420800
v 0.00433800 0.02585000 0.03485600
v 0.00515900 0.02590300 0.03540200
v 0.00604400 0.02594500 0.03583700
v 0.00698000 0.02597500 0.03615300
v 0.00794800 0.02599400 0.03634500
v 0.00794800 0.03999400 0.03499700
v 0.00698000 0.03997500 0.03480500
v 0.00604400 0.03994500 0.03448900
v 0.00515900 0.03990300 0.03405400
v 0.00433800 0.03985000 0.03350800
v 0.00359500 0.03978800 0.03286000
v 0.00294400 0.03971700 0.03212100
v 0.00239500 0.03963800 0.03130300
v 0.00195800 0.03955300 0.03042200
v 0.00164100 0.03946400 0.02949100
v 0.00144800 0.03937100 0.02852700
v 0.00893400 0.03549500 -0.01172300
v 0.04083400 0.03549500 -0.01172300
v 0.04181900 0.02599400 0.03634500
v 0.04278800 0.02597500 0.03615300
v 0.04372300 0.02594500 0.03583700
v 0.04460900 0.02590300 0.03540200
v 0.04543000 0.02585000 0.03485600
v 0.04617200 0.02578800 0.03420800
v 0.04682400 0.02571700 0.03346900
v 0.04737200 0.02563800 0.03265100
v 0.04780900 0.02555300 0.03177000
v 0.04812600 0.02546400 0.03083900
v 0.04831900 0.02537100 0.02987500
v 0.04831900 0.03937100 0.02852700
v 0.04812600 0.03946400 0.02949100
v 0.04780900 0.03955300 0.03042200
v 0.04737200 0.03963800 0.03130300
v 0.04682400 0.03971700 0.03212100
v 0.04617200 0.03978800 0.03286000
v 0.04543000 0.03985000 0.03350800
v 0.04460900 0.03990300 0.03405400
v 0.04372300 0.03994500 0.03448900
v 0.04278800 0.03997500 0.03480500
v 0.04181900 0.03999400 0.03499700
v 0.04831900 0.02401500 -0.00402200
v 0.04812600 0.02392200 -0.00498700
v 0.04780900 0.02383300 -0.00591800
v 0.04737200 0.02374800 -0.00679900
v 0.04682400 0.02366900 -0.00761700
v 0.04617200 0.02359800 -0.00835600
v 0.04543000 0.02353500 -0.00900400
v 0.04460900 0.02348300 -0.00955000
v 0.04372300 0.02344100 -0.00998500
v 0.04278800 0.02341000 -0.01030100
v 0.04181900 0.02339200 -0.01049300
v 0.04181900 0.03550100 -0.01165900
v 0.04278800 0.03552000 -0.01146700
v 0.04372300 0.03555000 -0.01115100
v 0.04460900 0.03559200 -0.01071600
v 0.04543000 0.03564500 -0.01017000
v 0.04617200 0.03570700 -0.00952200
v 0.04682400 0.03577800 -0.00878300
v 0.04737200 0.03585700 -0.00796500
v 0.04780900 0.03594200 -0.00708400
v 0.04812600 0.03603200 -0.00615300
v 0.04831900 0.03612400 -0.00518900
v 0.00794800 0.02339200 -0.01049300
v 0.00698000 0.02341000 -0.01030100
v 0.00604400 0.02344100 -0.00998500
v 0.00515900 0.02348300 -0.00955000
v 0.00433800 0.02353500 -0.00900400
v 0.00359500 0.02359800 -0.00835600
v 0.00294400 0.02366900 -0.00761700
v 0.00239500 0.02374800 -0.00679900
v 0.00195800 0.02383300 -0.00591800
v 0.00164100 0.02392200 -0.00498700
v 0.00144800 0.02401500 -0.00402200
v 0.00138400 0.03621900 -0.00420800
v 0.00144800 0.03612400 -0.00518900
v 0.00164100 0.03603200 -0.00615300
v 0.00195800 0.03594200 -0.00708400
v 0.00239500 0.03585700 -0.00796500
v 0.00294400 0.03577800 -0.00878300
v 0.00359500 0.03570700 -0.00952200
v 0.00433800 0.03564500 -0.01017000
v 0.00515900 0.03559200 -0.01071600
v 0.00604400 0.03555000 -0.01115100
v 0.00698000 0.03552000 -0.01146700
v 0.00794800 0.03550100 -0.01165900
v 0.04638400 0.03621900 -0.00420800
v 0.04631500 0.03613600 -0.00507200
v 0.04611200 0.03605500 -0.00591500
v 0.04577900 0.03597700 -0.00671600
v 0.04532400 0.03590600 -0.00745500
v 0.04475800 0.03584300 -0.00811400
v 0.04409600 0.03578900 -0.00867700
v 0.04335300 0.03574500 -0.00913000
v 0.04254900 0.03571300 -0.00946200
v 0.04170200 0.03569300 -0.00966400
v 0.04083400 0.03568700 -0.00973200
v 0.00893400 0.03568700 -0.00973200
v 0.00806600 0.03569300 -0.00966400
v 0.00721900 0.03571300 -0.00946200
v 0.00641400 0.03574500 -0.00913000
v 0.00567200 0.03578900 -0.00867700
v 0.00500900 0.03584300 -0.00811400
v 0.00444400 0.03590600 -0.00745500
v 0.00398900 0.03597700 -0.00671600
v 0.00365500 0.03605500 -0.00591500
v 0.00345200 0.03613600 -0.00507200
v 0.00338400 0.03621900 -0.00420800
v 0.00338400 0.03927600 0.02754600
v 0.00345200 0.03936000 0.02841000
v 0.00365500 0.03944100 0.02925300
v 0.00398900 0.03951800 0.03005400
v 0.00444400 0.03958900 0.03079300
v 0.00500900 0.03965300 0.03145200
v 0.00567200 0.03970700 0.03201500
v 0.00641400 0.03975000 0.03246800
v 0.00721900 0.03978200 0.03280000
v 0.00806600 0.03980200 0.03300200
v 0.00893400 0.03980800 0.03307000
v 0.04083400 0.03980800 0.03307000
v 0.04170200 0.03980200 0.03300200
v 0.04254900 0.03978200 0.03280000
v 0.04335300 0.03975000 0.03246800
v 0.04409600 0.03970700 0.03201500
v 0.04475800 0.03965300 0.03145200
v 0.04532400 0.03958900 0.03079300
v 0.04577900 0.03951800 0.03005400
v 0.04611200 0.03944100 0.02925300
v 0.04631500 0.03936000 0.02841000
v 0.00893400 0.01477300 -0.00765000
v 0.01956700 0.01477300 -0.00765000
v 0.00893400 0.01528100 -0.00776700
v 0.03020000 0.01477300 -0.00765000
v 0.04083400 0.01528100 -0.00776700
v 0.04083400 0.01477300 -0.00765000
v 0.04083400 0.01431200 -0.00740500
v 0.03020000 0.01431200 -0.00740500
v 0.04083400 0.01393000 -0.00704900
v 0.03020000 0.01393000 -0.00704900
v 0.04083400 0.01365300 -0.00660600
v 0.03020000 0.01365300 -0.00660600
v 0.04083400 0.01350000 -0.00610600
v 0.03020000 0.01350000 -0.00610600
v 0.04083400 0.01348200 -0.00558500
v 0.01956700 0.01350000 -0.00610600
v 0.00893400 0.01348200 -0.00558500
v 0.00893400 0.01350000 -0.00610600
v 0.00893400 0.01365300 -0.00660600
v 0.01956700 0.01365300 -0.00660600
v 0.00893400 0.01393000 -0.00704900
v 0.01956700 0.01393000 -0.00704900
v 0.00893400 0.01431200 -0.00740500
v 0.01956700 0.01431200 -0.00740500
v 0.04431600 0.01375600 -0.00274000
v 0.04438400 0.01382200 -0.00205100
v 0.04485100 0.01382900 -0.00269100
v 0.04490100 0.01389000 -0.00205800
v 0.04538400 0.01408900 -0.00207700
v 0.04532800 0.01402100 -0.00278500
v 0.04579800 0.01440600 -0.00210700
v 0.04573700 0.01433100 -0.00288000
v 0.04611600 0.01481800 -0.00214700
v 0.04605100 0.01473900 -0.00296900
v 0.04631600 0.01529800 -0.00219300
v 0.04624800 0.01521600 -0.00304700
v 0.04638400 0.01581300 -0.00224300
v 0.04631500 0.01573000 -0.00310700
v 0.04604700 0.01513600 -0.00387900
v 0.04611200 0.01564900 -0.00395000
v 0.04571800 0.01505900 -0.00467000
v 0.04577900 0.01557200 -0.00475100
v 0.04526900 0.01498900 -0.00540000
v 0.04532400 0.01550100 -0.00549000
v 0.04471000 0.01492600 -0.00605200
v 0.04475800 0.01543700 -0.00614900
v 0.04405600 0.01487300 -0.00660800
v 0.04409600 0.01538300 -0.00671200
v 0.04332200 0.01483000 -0.00705500
v 0.04335300 0.01533900 -0.00716500
v 0.04252800 0.01479800 -0.00738300
v 0.04254900 0.01530700 -0.00749700
v 0.04169100 0.01477900 -0.00758300
v 0.04170200 0.01528800 -0.00769900
v 0.04166000 0.01431800 -0.00734000
v 0.04246600 0.01433600 -0.00714700
v 0.04323200 0.01436700 -0.00683200
v 0.04393800 0.01440800 -0.00640000
v 0.04456900 0.01446000 -0.00586500
v 0.04510700 0.01452000 -0.00523700
v 0.04554000 0.01458800 -0.00453400
v 0.04585700 0.01466100 -0.00377200
v 0.04161000 0.01393600 -0.00698800
v 0.04236800 0.01395300 -0.00680700
v 0.04308700 0.01398200 -0.00651000
v 0.04375200 0.01402100 -0.00610500
v 0.04434400 0.01406900 -0.00560100
v 0.04485000 0.01412600 -0.00501200
v 0.04525700 0.01419000 -0.00435100
v 0.04555500 0.01425900 -0.00363400
v 0.04154600 0.01365800 -0.00655000
v 0.04224000 0.01367400 -0.00638400
v 0.04289900 0.01370100 -0.00611200
v 0.04350800 0.01373600 -0.00574100
v 0.04405100 0.01378100 -0.00527900
v 0.04451500 0.01383300 -0.00473900
v 0.04488800 0.01389100 -0.00413300
v 0.04516100 0.01395400 -0.00347600
v 0.04147000 0.01350500 -0.00605700
v 0.04209100 0.01352000 -0.00590800
v 0.04268000 0.01354300 -0.00566500
v 0.04322500 0.01357500 -0.00533300
v 0.04371000 0.01361500 -0.00492100
v 0.04412500 0.01366100 -0.00443700
v 0.04445800 0.01371300 -0.00389600
v 0.04470200 0.01377000 -0.00330900
v 0.04152600 0.01348900 -0.00551700
v 0.04219200 0.01350800 -0.00531600
v 0.04280600 0.01354000 -0.00498900
v 0.04334400 0.01358200 -0.00455000
v 0.04378500 0.01363300 -0.00401400
v 0.04411400 0.01369200 -0.00340300
v 0.04631600 0.01631700 0.00839100
v 0.04631600 0.01733600 0.01897600
v 0.04611600 0.01685600 0.01902200
v 0.04611600 0.01787500 0.02960600
v 0.04579800 0.01746300 0.02964600
v 0.04579800 0.01644400 0.01906200
v 0.04538400 0.01714700 0.02967600
v 0.04538400 0.01612800 0.01909200
v 0.04490100 0.01694800 0.02969600
v 0.04490100 0.01592900 0.01911100
v 0.04438400 0.01688000 0.02970200
v 0.04490100 0.01490900 0.00852700
v 0.04538400 0.01510800 0.00850800
v 0.04579800 0.01542500 0.00847700
v 0.04611600 0.01583700 0.00843700
v 0.04631600 0.01835500 0.02956000
v 0.04152600 0.01721400 0.03316800
v 0.04083400 0.01722000 0.03323600
v 0.04147000 0.01733300 0.03369500
v 0.04083400 0.01733800 0.03374400
v 0.04083400 0.01758300 0.03420500
v 0.04154600 0.01757700 0.03415000
v 0.04083400 0.01793900 0.03458700
v 0.04161000 0.01793300 0.03452600
v 0.04083400 0.01838200 0.03486400
v 0.04166000 0.01837500 0.03479900
v 0.04083400 0.01888100 0.03501700
v 0.04169100 0.01887400 0.03494900
v 0.04083400 0.01940300 0.03503500
v 0.04170200 0.01939600 0.03496700
v 0.04252800 0.01885500 0.03475000
v 0.04254900 0.01937700 0.03476400
v 0.04332200 0.01882400 0.03442200
v 0.04335300 0.01934500 0.03443300
v 0.04405600 0.01878100 0.03397500
v 0.04409600 0.01930100 0.03398000
v 0.04471000 0.01872700 0.03341800
v 0.04475800 0.01924700 0.03341700
v 0.04526900 0.01866400 0.03276700
v 0.04532400 0.01918300 0.03275800
v 0.04571800 0.01859400 0.03203700
v 0.04577900 0.01911200 0.03201800
v 0.04604700 0.01851800 0.03124600
v 0.04611200 0.01903500 0.03121800
v 0.04624800 0.01843800 0.03041400
v 0.04631500 0.01895400 0.03037500
v 0.04605100 0.01795500 0.03042900
v 0.04585700 0.01803200 0.03123100
v 0.04554000 0.01810500 0.03199300
v 0.04510700 0.01817300 0.03269700
v 0.04456900 0.01823300 0.03332400
v 0.04393800 0.01828500 0.03386000
v 0.04323200 0.01832600 0.03429100
v 0.04246600 0.01835700 0.03460700
v 0.04573700 0.01753700 0.03041900
v 0.04555500 0.01761000 0.03117300
v 0.04525700 0.01767900 0.03188900
v 0.04485000 0.01774300 0.03255000
v 0.04434400 0.01779900 0.03314000
v 0.04375200 0.01784800 0.03364400
v 0.04308700 0.01788700 0.03404900
v 0.04236800 0.01791600 0.03434500
v 0.04532800 0.01721500 0.03038500
v 0.04516100 0.01728100 0.03107600
v 0.04488800 0.01734500 0.03173300
v 0.04451500 0.01740300 0.03233900
v 0.04405100 0.01745500 0.03287900
v 0.04350800 0.01749900 0.03334000
v 0.04289900 0.01753500 0.03371200
v 0.04224000 0.01756100 0.03398400
v 0.04485100 0.01700900 0.03032900
v 0.04470200 0.01706800 0.03094700
v 0.04445800 0.01712500 0.03153400
v 0.04412500 0.01717700 0.03207500
v 0.04371000 0.01722300 0.03255900
v 0.04322500 0.01726300 0.03297100
v 0.04268000 0.01729500 0.03330300
v 0.04209100 0.01731900 0.03354600
v 0.04431600 0.01694600 0.03039100
v 0.04411400 0.01701000 0.03105400
v 0.04378500 0.01706900 0.03166500
v 0.04334400 0.01712100 0.03220100
v 0.04280600 0.01716300 0.03264000
v 0.04219200 0.01719400 0.03296700
v 0.00893400 0.01733800 0.03374400
v 0.01956700 0.01733800 0.03374400
v 0.00893400 0.01722000 0.03323600
v 0.03020000 0.01733800 0.03374400
v 0.03020000 0.01758300 0.03420500
v 0.03020000 0.01793900 0.03458700
v 0.03020000 0.01838200 0.03486400
v 0.03020000 0.01888100 0.03501700
v 0.01956700 0.01888100 0.03501700
v 0.00893400 0.01940300 0.03503500
v 0.00893400 0.01888100 0.03501700
v 0.00893400 0.01838200 0.03486400
v 0.01956700 0.01838200 0.03486400
v 0.00893400 0.01793900 0.03458700
v 0.01956700 0.01793900 0.03458700
v 0.00893400 0.01758300 0.03420500
v 0.01956700 0.01758300 0.03420500
v 0.00545200 0.01694600 0.03039100
v 0.00538400 0.01688000 0.02970200
v 0.00491600 0.01700900 0.03032900
v 0.00486600 0.01694800 0.02969600
v 0.00438400 0.01714700 0.02967600
v 0.00444000 0.01721500 0.03038500
v 0.00397000 0.01746300 0.02964600
v 0.00403100 0.01753700 0.03041900
v 0.00365200 0.01787500 0.02960600
v 0.00371700 0.01795500 0.03042900
v 0.00345200 0.01835500 0.02956000
v 0.00351900 0.01843800 0.03041400
v 0.00338400 0.01887100 0.02951000
v 0.00345200 0.01895400 0.03037500
v 0.00372000 0.01851800 0.03124600
v 0.00365500 0.01903500 0.03121800
v 0.00404900 0.01859400 0.03203700
v 0.00398900 0.01911200 0.03201800
v 0.00449900 0.01866400 0.03276700
v 0.00444400 0.01918300 0.03275800
v 0.00505700 0.01872700 0.03341800
v 0.00500900 0.01924700 0.03341700
v 0.00571200 0.01878100 0.03397500
v 0.00567200 0.01930100 0.03398000
v 0.00644500 0.01882400 0.03442200
v 0.00641400 0.01934500 0.03443300
v 0.00724000 0.01885500 0.03475000
v 0.00721900 0.01937700 0.03476400
v 0.00807600 0.01887400 0.03494900
v 0.00806600 0.01939600 0.03496700
v 0.00810700 0.01837500 0.03479900
v 0.00730200 0.01835700 0.03460700
v 0.00653600 0.01832600 0.03429100
v 0.00582900 0.01828500 0.03386000
v 0.00519900 0.01823300 0.03332400
v 0.00466000 0.01817300 0.03269700
v 0.00422700 0.01810500 0.03199300
v 0.00391000 0.01803200 0.03123100
v 0.00815700 0.01793300 0.03452600
v 0.00740000 0.01791600 0.03434500
v 0.00668000 0.01788700 0.03404900
v 0.00601600 0.01784800 0.03364400
v 0.00542400 0.01779900 0.03314000
v 0.00491800 0.01774300 0.03255000
v 0.00451100 0.01767900 0.03188900
v 0.00421200 0.01761000 0.03117300
v 0.00822200 0.01757700 0.03415000
v 0.00752800 0.01756100 0.03398400
v 0.00686800 0.01753500 0.03371200
v 0.00625900 0.01749900 0.03334000
v 0.00571600 0.01745500 0.03287900
v 0.00525300 0.01740300 0.03233900
v 0.00488000 0.01734500 0.03173300
v 0.00460600 0.01728100 0.03107600
v 0.00829700 0.01733300 0.03369500
v 0.00767700 0.01731900 0.03354600
v 0.00708700 0.01729500 0.03330300
v 0.00654300 0.01726300 0.03297100
v 0.00605700 0.01722300 0.03255900
v 0.00564300 0.01717700 0.03207500
v 0.00530900 0.01712500 0.03153400
v 0.00506500 0.01706800 0.03094700
v 0.00824100 0.01721400 0.03316800
v 0.00757500 0.01719400 0.03296700
v 0.00696100 0.01716300 0.03264000
v 0.00642400 0.01712100 0.03220100
v 0.00598200 0.01706900 0.03166500
v 0.00565400 0.01701000 0.03105400
v 0.00486600 0.01389000 -0.00205800
v 0.00486600 0.01490900 0.00852700
v 0.00538400 0.01382200 -0.00205100
v 0.00486600 0.01592900 0.01911100
v 0.00438400 0.01612800 0.01909200
v 0.00397000 0.01644400 0.01906200
v 0.00365200 0.01685600 0.01902200
v 0.00345200 0.01733600 0.01897600
v 0.00345200 0.01631700 0.00839100
v 0.00338400 0.01581300 -0.00224300
v 0.00345200 0.01529800 -0.00219300
v 0.00365200 0.01481800 -0.00214700
v 0.00365200 0.01583700 0.00843700
v 0.00397000 0.01440600 -0.00210700
v 0.00397000 0.01542500 0.00847700
v 0.00438400 0.01408900 -0.00207700
v 0.00438400 0.01510800 0.00850800
v 0.00824100 0.01348900 -0.00551700
v 0.00829700 0.01350500 -0.00605700
v 0.00822200 0.01365800 -0.00655000
v 0.00815700 0.01393600 -0.00698800
v 0.00810700 0.01431800 -0.00734000
v 0.00807600 0.01477900 -0.00758300
v 0.00806600 0.01528800 -0.00769900
v 0.00724000 0.01479800 -0.00738300
v 0.00721900 0.01530700 -0.00749700
v 0.00644500 0.01483000 -0.00705500
v 0.00641400 0.01533900 -0.00716500
v 0.00571200 0.01487300 -0.00660800
v 0.00567200 0.01538300 -0.00671200
v 0.00505700 0.01492600 -0.00605200
v 0.00500900 0.01543700 -0.00614900
v 0.00449900 0.01498900 -0.00540000
v 0.00444400 0.01550100 -0.00549000
v 0.00404900 0.01505900 -0.00467000
v 0.00398900 0.01557200 -0.00475100
v 0.00372000 0.01513600 -0.00387900
v 0.00365500 0.01564900 -0.00395000
v 0.00351900 0.01521600 -0.00304700
v 0.00345200 0.01573000 -0.00310700
v 0.00371700 0.01473900 -0.00296900
v 0.00391000 0.01466100 -0.00377200
v 0.00422700 0.01458800 -0.00453400
v 0.00466000 0.01452000 -0.00523700
v 0.00519900 0.01446000 -0.00586500
v 0.00582900 0.01440800 -0.00640000
v 0.00653600 0.01436700 -0.00683200
v 0.00730200 0.01433600 -0.00714700
v 0.00403100 0.01433100 -0.00288000
v 0.00421200 0.01425900 -0.00363400
v 0.00451100 0.01419000 -0.00435100
v 0.00491800 0.01412600 -0.00501200
v 0.00542400 0.01406900 -0.00560100
v 0.00601600 0.01402100 -0.00610500
v 0.00668000 0.01398200 -0.00651000
v 0.00740000 0.01395300 -0.00680700
v 0.00444000 0.01402100 -0.00278500
v 0.00460600 0.01395400 -0.00347600
v 0.00488000 0.01389100 -0.00413300
v 0.00525300 0.01383300 -0.00473900
v 0.00571600 0.01378100 -0.00527900
v 0.00625900 0.01373600 -0.00574100
v 0.00686800 0.01370100 -0.00611200
v 0.00752800 0.01367400 -0.00638400
v 0.00491600 0.01382900 -0.00269100
v 0.00506500 0.01377000 -0.00330900
v 0.00530900 0.01371300 -0.00389600
v 0.00564300 0.01366100 -0.00443700
v 0.00605700 0.01361500 -0.00492100
v 0.00654300 0.01357500 -0.00533300
v 0.00708700 0.01354300 -0.00566500
v 0.00767700 0.01352000 -0.00590800
v 0.00545200 0.01375600 -0.00274000
v 0.00565400 0.01369200 -0.00340300
v 0.00598200 0.01363300 -0.00401400
v 0.00642400 0.01358200 -0.00455000
v 0.00696100 0.01354000 -0.00498900
v 0.00757500 0.01350800 -0.00531600
vn -0.71128432 -0.66501124 0.22767230
vn -0.67379940 -0.72529205 0.14122967
vn -0.73043585 -0.67991626 0.06463245
vn -0.68021101 -0.73299660 -0.00538221
vn -0.71145955 -0.69623436 -0.09530496
vn -0.65704696 -0.73948989 -0.14643766
vn -0.60617727 -0.74413759 -0.28072827
vn -0.63672295 -0.71731784 0.28291166
vn -0.65715409 -0.64932961 0.38277873
vn -0.56524619 -0.71367601 0.41371886
vn -0.56541060 -0.63637388 0.52472768
vn -0.46849840 -0.71033151 0.52529839
vn -0.44733696 -0.61986819 0.64471163
vn -0.34722277 -0.71194946 0.61038046
vn -0.30469176 -0.60493868 0.73567121
vn -0.20783440 -0.71892190 0.66329192
vn -0.14472730 -0.59093716 0.79362918
vn -0.05909606 -0.72518267 0.68601585
vn 0.02197493 -0.58151842 0.81323639
vn 0.09177608 -0.72573341 0.68182709
vn 0.18464892 -0.58251957 0.79156536
vn 0.24002611 -0.72581230 0.64465803
vn 0.33699812 -0.59534983 0.72937702
vn 0.37912814 -0.72307749 0.57742601
vn 0.47036290 -0.61127257 0.63647827
vn 0.50015602 -0.71998784 0.48110442
vn 0.57948772 -0.62875286 0.51852080
vn 0.59345849 -0.72035282 0.35902484
vn 0.66212045 -0.64642116 0.37912558
vn 0.65464365 -0.72336923 0.21949633
vn 0.71286594 -0.66401203 0.22563281
vn 0.68105228 -0.72875824 0.07126864
vn 0.72808316 -0.68237363 0.06527750
vn 0.67435194 -0.73442944 -0.07656929
vn 0.70939111 -0.69830793 -0.09555253
vn 0.63654407 -0.73976594 -0.21807798
vn 0.65493584 -0.71362445 -0.24859441
vn 0.56942285 -0.74567060 -0.34602453
vn 0.56875775 -0.72667289 -0.38530654
vn 0.47793796 -0.75102340 -0.45556466
vn 0.45369948 -0.73835188 -0.49899226
vn 0.36608461 -0.75576122 -0.54296135
vn 0.31558465 -0.74619561 -0.58617270
vn 0.23955910 -0.75871180 -0.60577871
vn 0.16250560 -0.75119979 -0.63975840
vn 0.10346513 -0.76095389 -0.64050303
vn 0.00052078 -0.75277899 -0.65827314
vn -0.03658070 -0.76111445 -0.64758525
vn -0.16138178 -0.75057301 -0.64077772
vn -0.17478839 -0.76040133 -0.62549087
vn -0.31449655 -0.74563377 -0.58747102
vn -0.30598069 -0.75850367 -0.57536771
vn -0.45353427 -0.73693939 -0.50122551
vn -0.42541633 -0.75449456 -0.49975885
vn -0.56909615 -0.72529826 -0.38739128
vn -0.52602934 -0.75046523 -0.40011881
vn -0.65708657 -0.71131195 -0.24954467
vn -0.67507875 -0.73435944 0.07060382
vn -0.65179268 -0.75128626 -0.10361108
vn -0.58456259 -0.76672987 -0.26535237
vn -0.47781330 -0.78019914 -0.40371246
vn -0.33730299 -0.79046646 -0.51126262
vn -0.17440713 -0.79711120 -0.57809678
vn 0.00006357 -0.79852687 -0.60195917
vn 0.17433792 -0.79715770 -0.57805354
vn 0.33729498 -0.79047080 -0.51126120
vn 0.47780642 -0.78017085 -0.40377528
vn 0.58461299 -0.76671159 -0.26529417
vn 0.65176699 -0.75130416 -0.10364290
vn 0.67508608 -0.73435189 0.07061224
vn 0.65220983 -0.71757576 0.24435090
vn 0.58466895 -0.70178121 0.40702009
vn 0.47717010 -0.68836198 0.54632086
vn 0.33783421 -0.67828448 0.65253215
vn 0.17493249 -0.67146045 0.72009686
vn 0.00000000 -0.66996616 0.74239163
vn -0.17493262 -0.67146039 0.72009688
vn -0.33783417 -0.67828436 0.65253230
vn -0.47717010 -0.68836198 0.54632086
vn -0.58466392 -0.70180408 0.40698787
vn -0.65218219 -0.71759327 0.24437324
vn -0.71128432 -0.66501124 0.22767230
vn -0.67379940 -0.72529205 0.14122967
vn -0.73043585 -0.67991626 0.06463245
vn -0.68021101 -0.73299660 -0.00538221
vn -0.71145955 -0.69623436 -0.09530496
vn -0.65704696 -0.73948989 -0.14643766
vn -0.60617727 -0.74413759 -0.28072827
vn -0.63672295 -0.71731784 0.28291166
vn -0.65715409 -0.64932961 0.38277873
vn -0.56524619 -0.71367601 0.41371886
vn -0.56541060 -0.63637388 0.52472768
vn -0.46849840 -0.71033151 0.52529839
vn -0.44733696 -0.61986819 0.64471163
vn -0.34722277 -0.71194946 0.61038046
vn -0.30469176 -0.60493868 0.73567121
vn -0.20783440 -0.71892190 0.66329192
vn -0.14472730 -0.59093716 0.79362918
vn -0.05909606 -0.72518267 0.68601585
vn 0.02197493 -0.58151842 0.81323639
vn 0.09177608 -0.72573341 0.68182709
vn 0.18464892 -0.58251957 0.79156536
vn 0.24002611 -0.72581230 0.64465803
vn 0.33699812 -0.59534983 0.72937702
vn 0.37912814 -0.72307749 0.57742601
vn 0.47036290 -0.61127257 0.63647827
vn 0.50015602 -0.71998784 0.48110442
vn 0.57948772 -0.62875286 0.51852080
vn 0.59345849 -0.72035282 0.35902484
vn 0.66212045 -0.64642116 0.37912558
vn 0.65464365 -0.72336923 0.21949633
vn 0.71286594 -0.66401203 0.22563281
vn 0.68105228 -0.72875824 0.07126864
vn 0.72808316 -0.68237363 0.06527750
vn 0.67435194 -0.73442944 -0.07656929
vn 0.70939111 -0.69830793 -0.09555253
vn 0.63654407 -0.73976594 -0.21807798
vn 0.65493584 -0.71362445 -0.24859441
vn 0.56942285 -0.74567060 -0.34602453
vn 0.56875775 -0.72667289 -0.38530654
vn 0.47793796 -0.75102340 -0.45556466
vn 0.45369948 -0.73835188 -0.49899226
vn 0.36608461 -0.75576122 -0.54296135
vn 0.31558465 -0.74619561 -0.58617270
vn 0.23955910 -0.75871180 -0.60577871
vn 0.16250560 -0.75119979 -0.63975840
vn 0.10346513 -0.76095389 -0.64050303
vn 0.00052078 -0.75277899 -0.65827314
vn -0.03658070 -0.76111445 -0.64758525
vn -0.16138178 -0.75057301 -0.64077772
vn -0.17478839 -0.76040133 -0.62549087
vn -0.31449655 -0.74563377 -0.58747102
vn -0.30598069 -0.75850367 -0.57536771
vn -0.45353427 -0.73693939 -0.50122551
vn -0.42541633 -0.75449456 -0.49975885
vn -0.56909615 -0.72529826 -0.38739128
vn -0.52602934 -0.75046523 -0.40011881
vn -0.65708657 -0.71131195 -0.24954467
vn -0.67507875 -0.73435944 0.07060382
vn -0.65179268 -0.75128626 -0.10361108
vn -0.58456259 -0.76672987 -0.26535237
vn -0.47781330 -0.78019914 -0.40371246
vn -0.33730299 -0.79046646 -0.51126262
vn -0.17440713 -0.79711120 -0.57809678
vn 0.00006357 -0.79852687 -0.60195917
vn 0.17433792 -0.79715770 -0.57805354
vn 0.33729498 -0.79047080 -0.51126120
vn 0.47780642 -0.78017085 -0.40377528
vn 0.58461299 -0.76671159 -0.26529417
vn 0.65176699 -0.75130416 -0.10364290
vn 0.67508608 -0.73435189 0.07061224
vn 0.65220983 -0.71757576 0.24435090
vn 0.58466895 -0.70178121 0.40702009
vn 0.47717010 -0.68836198 0.54632086
vn 0.33783421 -0.67828448 0.65253215
vn 0.17493249 -0.67146045 0.72009686
vn 0.00000000 -0.66996616 0.74239163
vn -0.17493262 -0.67146039 0.72009688
vn -0.33783417 -0.67828436 0.65253230
vn -0.47717010 -0.68836198 0.54632086
vn -0.58466392 -0.70180408 0.40698787
vn -0.65218219 -0.71759327 0.24437324
vn -0.65229263 0.71730151 -0.24493441
vn -0.67523083 0.73422846 -0.07051169
vn -0.65222939 0.75089601 0.10369187
vn -0.58445939 0.76694237 0.26496535
vn -0.47753912 0.78008489 0.40425730
vn -0.33748020 0.79042609 0.51120809
vn -0.17479675 0.79693995 0.57821520
vn -0.00022680 0.79906384 0.60124615
vn 0.17516694 0.79692814 0.57811944
vn 0.33744981 0.79036319 0.51132538
vn 0.47774665 0.77992241 0.40432558
vn 0.58416716 0.76703256 0.26534842
vn 0.65192385 0.75118447 0.10352386
vn 0.67505787 0.73436488 -0.07074663
vn 0.65231468 0.71731534 -0.24483519
vn 0.58399216 0.70249771 -0.40675560
vn 0.47817617 0.68816483 -0.54568921
vn 0.33731880 0.67833550 -0.65274572
vn 0.17382491 0.67266939 -0.71923626
vn 0.00042765 0.66936154 -0.74293670
vn -0.17487402 0.67208203 -0.71953097
vn -0.33715250 0.67811675 -0.65305886
vn -0.47842210 0.68800112 -0.54568008
vn -0.58415076 0.70230581 -0.40685924
vn -0.65234039 0.71730382 -0.24480043
vn -0.67505053 0.73437069 -0.07075650
vn -0.65189611 0.75120598 0.10354251
vn -0.58416212 0.76704880 0.26531256
vn -0.47774665 0.77992241 0.40432558
vn -0.33744981 0.79036319 0.51132538
vn -0.17516694 0.79692814 0.57811944
vn 0.00022680 0.79906384 0.60124615
vn 0.17479675 0.79693995 0.57821520
vn 0.33748020 0.79042609 0.51120809
vn 0.47753912 0.78008489 0.40425730
vn 0.58446443 0.76692613 0.26500119
vn 0.65225988 0.75087299 0.10366679
vn 0.67527661 0.73418886 -0.07048561
vn 0.65227303 0.71731875 -0.24493613
vn 0.58419442 0.70243488 -0.40657363
vn 0.47796356 0.68827119 -0.54574133
vn 0.33717663 0.67818112 -0.65297955
vn 0.17464822 0.67214012 -0.71953155
vn -0.00016256 0.66943162 -0.74287366
vn -0.17412510 0.67238320 -0.71943122
vn -0.33724516 0.67836023 -0.65275807
vn -0.47817753 0.68819400 -0.54565123
vn -0.58394168 0.70250467 -0.40681605
vn -0.57734502 0.63004181 0.51934579
vn -0.71860657 0.10136881 0.68798907
vn 0.57734502 0.63004181 0.51934579
vn 0.72169409 0.11098404 0.68325704
vn -0.71853081 -0.03199171 -0.69475896
vn -0.57733650 0.51943159 -0.62997889
vn 0.72169359 -0.02139557 -0.69188192
vn 0.57733650 0.51943159 -0.62997889
vn -0.69689795 0.58134714 -0.41996279
vn -0.71887408 0.46289841 -0.51859919
vn 0.73624157 0.42999227 -0.52254664
vn -0.72949399 0.33289046 -0.59751356
vn 0.73619763 0.28045029 -0.61592263
vn -0.72992039 0.20634214 -0.65164342
vn 0.73577494 0.11170720 -0.66794965
vn -0.73012306 0.07085773 -0.67963189
vn 0.73693731 0.54997292 -0.39300533
vn -0.67724792 0.66829879 -0.30775312
vn 0.73620305 0.63432243 -0.23588157
vn -0.66244313 0.72482244 -0.18921293
vn 0.72132431 0.68380174 -0.11002916
vn -0.63854604 0.76261954 -0.10329762
vn -0.73005889 0.19954363 0.65360260
vn 0.73592507 0.23725384 0.63413319
vn -0.72968095 0.32669821 0.60069458
vn 0.73590577 0.39271603 0.55155854
vn -0.72973932 0.44037614 0.52301948
vn 0.73669879 0.52155467 0.43041330
vn -0.71838277 0.55312823 0.42187127
vn -0.69747490 0.65004824 0.30160578
vn 0.73641582 0.61565885 0.28045663
vn -0.67717748 0.71484676 0.17442697
vn 0.73581292 0.66788767 0.11182757
vn -0.66283107 0.74722110 0.04812070
vn 0.72166076 0.69191482 -0.02143895
vn -0.63826381 0.76857123 -0.04379013
vn 0.71392421 0.69432521 -0.09069026
vn 0.71296114 -0.70085983 -0.02195241
vn 0.71507267 -0.69860717 0.02488180
vn 0.71406879 0.69870737 -0.04374672
vn -0.69750947 0.71006199 -0.09639766
vn -0.99710878 0.06014694 -0.04643736
vn 0.65526602 0.61586164 0.43742529
vn 0.69664106 0.67493483 -0.24321641
vn -0.48214980 0.64483466 0.59305972
vn -0.67229931 0.73204878 0.11008276
vn 0.67013346 0.65469274 -0.34971212
vn 0.60025216 0.64169378 -0.47741641
vn -0.63295614 0.74923840 0.19495728
vn 0.50606955 0.63329161 -0.58552143
vn -0.56906953 0.76320529 0.30606789
vn 0.40008455 0.62719895 -0.66824683
vn -0.48036594 0.77425649 0.41203818
vn 0.28841111 0.62012353 -0.72956552
vn -0.36428353 0.78402809 0.50259075
vn 0.17134642 0.61825378 -0.76707409
vn -0.23305384 0.79044644 0.56646300
vn 0.06527996 0.61997833 -0.78189858
vn -0.09719017 0.79152691 0.60335663
vn -0.02842511 0.62225744 -0.78229642
vn 0.03300144 0.79115591 0.61072353
vn 0.15526494 0.78836077 0.59529832
vn -0.12545401 0.61884860 -0.77542743
vn 0.27814994 0.78630534 0.55168517
vn -0.23930063 0.61905582 -0.74800074
vn 0.39551847 0.77981563 0.48523471
vn -0.35826633 0.62286434 -0.69547484
vn 0.49294411 0.76995528 0.40518511
vn -0.46133958 0.63325920 -0.62140854
vn 0.56929693 0.76076448 0.31167035
vn -0.54447354 0.64057497 -0.54149078
vn 0.62800134 0.74915398 0.21067184
vn -0.61050466 0.65032089 -0.45206946
vn 0.66517185 0.73808958 0.11300522
vn -0.66297095 0.65875668 -0.35568127
vn 0.68644717 0.72667576 0.02706705
vn -0.69817858 0.66939602 -0.25388115
vn -0.71591368 0.68109478 -0.15354965
vn 0.69434512 0.71788461 -0.05026465
vn -0.72091127 0.69035603 -0.06079062
vn 0.68881635 0.71251892 -0.13359951
vn -0.71556305 0.69760359 0.03631467
vn -0.69222079 0.70600913 0.14960443
vn 0.66909766 0.70640250 -0.23087623
vn -0.64448444 0.71636414 0.26732418
vn 0.62918831 0.69858364 -0.34073886
vn -0.57583379 0.72687756 0.37425188
vn -0.49040483 0.73647400 0.46594974
vn 0.56882956 0.68838687 -0.45006272
vn -0.39002327 0.74310506 0.54376164
vn 0.48324586 0.68101753 -0.55017139
vn -0.27112738 0.74866361 0.60497335
vn 0.37900457 0.67327893 -0.63486299
vn 0.26056222 0.66519629 -0.69972939
vn -0.14611666 0.75335642 0.64117394
vn 0.14217782 0.65902360 -0.73856169
vn -0.02590441 0.75559614 0.65452536
vn 0.03368328 0.65491298 -0.75495326
vn 0.09541564 0.75282736 0.65126555
vn -0.07284144 0.65762630 -0.74981449
vn 0.22589821 0.74870245 0.62322920
vn -0.18695188 0.66061457 -0.72707454
vn 0.32460542 0.75306969 0.57229133
vn -0.29875330 0.66547214 -0.68402726
vn -0.13470840 0.98638891 0.09428982
vn -0.40596066 0.67526736 -0.61580024
vn -0.50433936 0.67578368 -0.53754835
vn -0.29653137 0.53843038 -0.78877238
vn 0.66288585 0.52630606 -0.53252633
vn 0.51643281 0.64497731 0.56329515
vn -0.29953741 0.84186437 -0.44893398
vn -0.57742026 0.63017322 0.51910264
vn -0.57747165 0.52022453 -0.62920023
vn -0.48761046 0.61144001 0.62319913
vn 0.31258542 0.77611815 0.54765954
vn 0.21193926 0.78734443 0.57893912
vn 0.09122869 0.78862047 0.60807489
vn -0.02402898 0.78874462 0.61425120
vn -0.13872133 0.78827417 0.59948330
vn -0.25619070 0.78640365 0.56208151
vn -0.36738346 0.78042832 0.50592591
vn -0.46471410 0.77187231 0.43388240
vn -0.54432914 0.76384416 0.34676777
vn -0.60902037 0.75439685 0.24490730
vn -0.65591587 0.74284882 0.13397763
vn -0.68226377 0.73054482 0.02864303
vn -0.69273337 0.71838633 -0.06357325
vn -0.68625914 0.71096384 -0.15355393
vn -0.66579790 0.70376019 -0.24786034
vn -0.63146346 0.69440910 -0.34503608
vn -0.58192222 0.68586443 -0.43698572
vn -0.51805294 0.67785803 -0.52166047
vn -0.43750819 0.67303818 -0.59632725
vn -0.33767503 0.66693545 -0.66420831
vn -0.22668573 0.66236745 -0.71406088
vn -0.11926531 0.65440308 -0.74668092
vn -0.02820990 0.65418618 -0.75580728
vn 0.06272531 0.65244480 -0.75523594
vn 0.16269475 0.65797837 -0.73525158
vn 0.27265483 0.66371768 -0.69651862
vn 0.37830140 0.67096074 -0.63773015
vn 0.47639697 0.67807348 -0.55969838
vn 0.56215211 0.68975132 -0.45632020
vn 0.62895211 0.70081677 -0.33656365
vn 0.67330498 0.69964214 -0.23908427
vn 0.31900381 0.93567620 0.15081979
vn -0.51249511 0.52672396 -0.67816711
vn -0.30081244 0.87177602 -0.38667616
vn -0.30167913 0.92928723 0.21310783
vn 0.30054571 0.91282228 0.27645570
vn 0.33319787 0.88378357 -0.32849014
vn -0.20499456 0.78346734 -0.58664824
vn -0.27209091 0.92027449 0.28117858
vn -0.69302649 0.71126181 0.11756241
vn -0.66944697 0.71131245 0.21418533
vn -0.60657142 0.72073428 0.33557893
vn -0.51390197 0.72862745 0.45277676
vn -0.38996376 0.74049406 0.54735437
vn -0.24763753 0.75278656 0.60990823
vn -0.10422079 0.75117393 0.65182495
vn 0.03391140 0.75358001 0.65648091
vn 0.16569935 0.75110223 0.63905334
vn 0.29684743 0.74660689 0.59536523
vn 0.41987897 0.73976739 0.52578119
vn 0.52229903 0.73219063 0.43715054
vn 0.60256050 0.72364912 0.33653052
vn 0.66064644 0.71459435 0.23000261
vn 0.69634349 0.70670771 0.12517970
vn 0.71273137 0.70068633 0.03244470
vn 0.71910926 0.69327663 -0.04742765
vn 0.71735835 0.68384325 -0.13324942
vn 0.70439064 0.66943192 -0.23599731
vn 0.66632099 0.65698886 -0.35267830
vn 0.60357808 0.64396004 -0.47011591
vn 0.51528721 0.63434330 -0.57627048
vn 0.40383426 0.62503470 -0.66801909
vn 0.27740224 0.61714131 -0.73633186
vn 0.14989024 0.61756723 -0.77210338
vn 0.03512552 0.61929095 -0.78437549
vn -0.07547729 0.61636712 -0.78383337
vn -0.19819664 0.61769424 -0.76103345
vn -0.31604507 0.62351716 -0.71508172
vn -0.43376915 0.62563044 -0.64840642
vn -0.52995545 0.63832151 -0.55829461
vn 0.65576095 0.61572165 0.43688034
vn 0.69627184 0.67533172 -0.24317193
vn -0.48214976 0.64483470 0.59305971
vn -0.67229928 0.73204881 0.11008277
vn 0.67054958 0.65455672 -0.34916867
vn 0.60007533 0.64149934 -0.47789977
vn -0.63295615 0.74923844 0.19495711
vn 0.50582647 0.63357185 -0.58542830
vn -0.56847292 0.76348628 0.30647550
vn 0.40028032 0.62697283 -0.66834178
vn -0.48059603 0.77386419 0.41250657
vn 0.28808184 0.62021245 -0.72962002
vn -0.36464008 0.78417624 0.50210082
vn 0.17144215 0.61828975 -0.76702371
vn -0.23305368 0.79044655 0.56646292
vn 0.06538746 0.61994513 -0.78191592
vn -0.09719017 0.79152691 0.60335663
vn -0.02835749 0.62227902 -0.78228171
vn 0.03287995 0.79111808 0.61077909
vn 0.15538476 0.78848392 0.59510393
vn -0.12556188 0.61877570 -0.77546815
vn 0.27845040 0.78620521 0.55167630
vn -0.23944147 0.61911363 -0.74790781
vn 0.39551847 0.77981563 0.48523471
vn -0.35826633 0.62286434 -0.69547484
vn 0.49294411 0.76995528 0.40518511
vn -0.46133958 0.63325920 -0.62140854
vn 0.56909721 0.76057313 0.31250100
vn -0.54400766 0.64070330 -0.54180711
vn 0.62741991 0.74948041 0.21124247
vn -0.61034610 0.65011198 -0.45258375
vn 0.66517185 0.73808958 0.11300522
vn -0.66338993 0.65861850 -0.35515556
vn 0.68626034 0.72688723 0.02610947
vn -0.69816961 0.66964717 -0.25324270
vn -0.71591369 0.68109478 -0.15354964
vn 0.69468130 0.71749838 -0.05112702
vn -0.72091127 0.69035603 -0.06079062
vn 0.68881633 0.71251895 -0.13359943
vn -0.71547243 0.69773218 0.03562315
vn -0.69257060 0.70564257 0.14971484
vn 0.66960015 0.70618310 -0.23008927
vn -0.64404250 0.71659165 0.26777914
vn 0.62866216 0.69917795 -0.34049095
vn -0.57583371 0.72687758 0.37425196
vn -0.49062969 0.73655862 0.46557911
vn 0.56863037 0.68803824 -0.45084685
vn -0.39042972 0.74297403 0.54364899
vn 0.48324641 0.68101721 -0.55017131
vn -0.27112770 0.74866341 0.60497344
vn 0.37900420 0.67327933 -0.63486280
vn 0.26056189 0.66519636 -0.69972945
vn -0.14604419 0.75333699 0.64121328
vn 0.14217807 0.65902347 -0.73856176
vn -0.02582548 0.75561726 0.65450409
vn 0.03368328 0.65491298 -0.75495326
vn 0.09556737 0.75278636 0.65129070
vn -0.07300309 0.65769191 -0.74974123
vn 0.22574472 0.74881695 0.62314725
vn -0.18713155 0.66055501 -0.72708244
vn 0.32439998 0.75300784 0.57248917
vn -0.29841571 0.66528191 -0.68435959
vn -0.13470861 0.98638889 0.09428969
vn -0.40549401 0.67541237 -0.61594865
vn -0.50433936 0.67578368 -0.53754835
vn -0.29653137 0.53843038 -0.78877238
vn 0.66293644 0.52630213 -0.53246722
vn 0.51636905 0.64499249 0.56333621
vn -0.29953723 0.84186442 -0.44893401
vn -0.57742026 0.63017322 0.51910264
vn -0.57747165 0.52022453 -0.62920023
vn -0.48761046 0.61144001 0.62319913
vn 0.31231397 0.77620813 0.54768688
vn 0.21187466 0.78722439 0.57912597
vn 0.09136017 0.78866185 0.60800148
vn -0.02395585 0.78872202 0.61428307
vn -0.13864332 0.78829849 0.59946937
vn -0.25619073 0.78640359 0.56208159
vn -0.36763194 0.78053043 0.50558778
vn -0.46509502 0.77172399 0.43373806
vn -0.54432914 0.76384416 0.34676777
vn -0.60829101 0.75478551 0.24552165
vn -0.65552436 0.74329735 0.13340490
vn -0.68276162 0.73009791 0.02817115
vn -0.69290268 0.71823444 -0.06344417
vn -0.68625420 0.71097034 -0.15354591
vn -0.66614245 0.70364371 -0.24726456
vn -0.63147924 0.69458807 -0.34464675
vn -0.58166226 0.68591629 -0.43725035
vn -0.51788099 0.67745975 -0.52234813
vn -0.43761782 0.67311337 -0.59616192
vn -0.33771631 0.66620197 -0.66492302
vn -0.22692101 0.66349842 -0.71293527
vn -0.11994679 0.65518487 -0.74588575
vn -0.02634582 0.65453453 -0.75557292
vn 0.06196284 0.65151627 -0.75609997
vn 0.16279999 0.65808237 -0.73513519
vn 0.27249286 0.66354494 -0.69674655
vn 0.37817844 0.67100748 -0.63775389
vn 0.47643325 0.67794992 -0.55981718
vn 0.56162068 0.69004700 -0.45652749
vn 0.62881457 0.70124955 -0.33591859
vn 0.67352132 0.69941092 -0.23915139
vn 0.31865535 0.93587828 0.15030173
vn -0.51249512 0.52672398 -0.67816709
vn -0.30075094 0.87178352 -0.38670708
vn -0.30133468 0.92937012 0.21323367
vn 0.30044984 0.91281755 0.27657551
vn 0.33310903 0.88384117 -0.32842526
vn -0.20499456 0.78346734 -0.58664824
vn -0.27207660 0.92028168 0.28116891
vn -0.69302651 0.71126180 0.11756239
vn -0.66944702 0.71131238 0.21418537
vn -0.60633195 0.72059111 0.33631833
vn -0.51355145 0.72898908 0.45259234
vn -0.39055093 0.74030589 0.54719024
vn -0.24763753 0.75278656 0.60990823
vn -0.10422082 0.75117393 0.65182494
vn 0.03377994 0.75361512 0.65644738
vn 0.16589455 0.75098533 0.63914007
vn 0.29709025 0.74667504 0.59515860
vn 0.41987897 0.73976739 0.52578119
vn 0.52229903 0.73219063 0.43715054
vn 0.60190707 0.72394459 0.33706395
vn 0.66051793 0.71443340 0.23087003
vn 0.69634348 0.70670771 0.12517970
vn 0.71312912 0.70032068 0.03158801
vn 0.71886113 0.69346743 -0.04839007
vn 0.71735835 0.68384325 -0.13324942
vn 0.70408474 0.66995200 -0.23543363
vn 0.66650708 0.65721510 -0.35190429
vn 0.60369234 0.64269376 -0.47169937
vn 0.51386816 0.63623919 -0.57544696
vn 0.40097024 0.63050866 -0.66459138
vn 0.27870299 0.61627563 -0.73656568
vn 0.14890073 0.61803152 -0.77192332
vn 0.03558454 0.61970255 -0.78402965
vn -0.07566031 0.61631183 -0.78385920
vn -0.19835463 0.61775619 -0.76094200
vn -0.31555228 0.62365005 -0.71518345
vn -0.43345969 0.62545212 -0.64878528
vn -0.52995545 0.63832151 -0.55829461
vn 0.57731248 0.51916160 -0.63022340
vn -0.57731248 0.51916160 -0.63022340
vn 0.57738808 0.63018214 0.51912761
vn -0.57738808 0.63018214 0.51912761
vn -0.30161240 0.87142798 -0.38683748
vn 0.30164049 0.87143374 -0.38680259
vn -0.30116421 0.92937779 0.21344093
vn 0.30128816 0.92939115 0.21320774
vn 0.55526523 0.71681295 -0.42173418
vn 0.44501405 0.88222529 0.15375641
vn 0.60881250 0.40228258 0.68375146
vn -0.44501405 0.88222529 0.15375641
vn -0.60881250 0.40228258 0.68375146
vn -0.55526523 0.71681295 -0.42173418
vn 0.20866390 0.89443006 0.39554297
vn -0.20864226 0.89443638 0.39554010
vn 0.90453403 0.30151134 0.30151134
vn 0.57735027 -0.57735027 -0.57735027
vn 0.57735027 -0.57735027 0.57735027
vn 0.57735027 0.57735027 0.57735027
vn -0.15120367 -0.66306239 0.73313417
vn 0.15120367 -0.66306239 0.73313417
vn -0.00000000 -0.67999684 0.73321504
vn -0.90453403 0.30151134 0.30151134
vn 0.67999684 -0.00000000 0.73321504
vn 0.66306239 -0.15120367 0.73313417
vn 0.61268484 -0.29488239 0.73325416
vn -0.15120367 0.66306239 0.73313417
vn -0.00000000 0.67999684 0.73321504
vn 0.15120367 0.66306239 0.73313417
vn -0.67999684 -0.00000000 0.73321504
vn -0.66275318 0.15166770 0.73331789
vn -0.61299977 0.29509378 0.73290582
vn 0.66306239 0.15120367 0.73313417
vn 0.67999684 -0.00000000 0.73321504
vn -0.67999684 -0.00000000 0.73321504
vn 0.66306239 -0.15120367 0.73313417
vn -0.66275318 -0.15166770 0.73331789
vn 0.61268484 -0.29488239 0.73325416
vn -0.61299977 -0.29509378 0.73290582
vn 0.53165647 -0.42398527 0.73319703
vn -0.53144945 -0.42372171 0.73349942
vn 0.42398527 -0.53165647 0.73319703
vn -0.42407176 -0.53191982 0.73295597
vn -0.29509860 -0.61245673 0.73335774
vn 0.29488239 -0.61268484 0.73325416
vn -0.15120367 -0.66306239 0.73313417
vn -0.29509860 -0.61245673 0.73335774
vn -0.42407176 -0.53191982 0.73295597
vn -0.53144945 -0.42372171 0.73349942
vn -0.61299977 -0.29509378 0.73290582
vn -0.66275318 -0.15166770 0.73331789
vn -0.53144945 0.42372171 0.73349942
vn -0.42407176 0.53191982 0.73295597
vn -0.29509860 0.61245673 0.73335774
vn -0.15120367 0.66306239 0.73313417
vn -0.00000000 0.67999684 0.73321504
vn 0.15120367 0.66306239 0.73313417
vn 0.29488239 0.61268484 0.73325416
vn -0.29509860 0.61245673 0.73335774
vn 0.42398527 0.53165647 0.73319703
vn -0.42407176 0.53191982 0.73295597
vn -0.53144945 0.42372171 0.73349942
vn 0.53165647 0.42398527 0.73319703
vn -0.61299977 0.29509378 0.73290582
vn 0.61268484 0.29488239 0.73325416
vn -0.66275318 0.15166770 0.73331789
vn 0.53165647 -0.42398527 0.73319703
vn 0.42398527 -0.53165647 0.73319703
vn 0.29488239 -0.61268484 0.73325416
vn 0.15120367 -0.66306239 0.73313417
vn 0.00000000 -0.67999684 0.73321504
vn 0.29488239 0.61268484 0.73325416
vn 0.42398527 0.53165647 0.73319703
vn 0.53165647 0.42398527 0.73319703
vn 0.61268484 0.29488239 0.73325416
vn 0.66306239 0.15120367 0.73313417
vn -0.57735027 -0.57735027 -0.57735027
vn -0.57735027 -0.57735027 0.57735027
vn -0.57735027 0.57735027 0.57735027
vn -0.15120367 -0.66306239 -0.73313417
vn 0.00000000 -0.67999684 -0.73321504
vn 0.15120367 -0.66306239 -0.73313417
vn -0.30151134 -0.90453403 -0.30151134
vn -0.67999684 -0.00000000 -0.73321504
vn -0.66275318 -0.15166770 -0.73331789
vn -0.61299977 -0.29509378 -0.73290582
vn -0.15120367 0.66306239 -0.73313417
vn -0.29509860 0.61245673 -0.73335774
vn -0.42407176 0.53191982 -0.73295597
vn 0.67999684 -0.00000000 -0.73321504
vn 0.66306239 0.15120367 -0.73313417
vn 0.61268484 0.29488239 -0.73325416
vn 0.53165647 0.42398527 -0.73319703
vn 0.42398527 0.53165647 -0.73319703
vn 0.29488239 0.61268484 -0.73325416
vn 0.15120367 0.66306239 -0.73313417
vn 0.00000000 0.67999684 -0.73321504
vn -0.53144945 0.42372171 -0.73349942
vn -0.61299977 0.29509378 -0.73290582
vn -0.66275318 0.15166770 -0.73331789
vn -0.53144945 -0.42372171 -0.73349942
vn -0.42407176 -0.53191982 -0.73295597
vn -0.29509860 -0.61245673 -0.73335774
vn 0.29488239 -0.61268484 -0.73325416
vn 0.42398527 -0.53165647 -0.73319703
vn 0.53165647 -0.42398527 -0.73319703
vn 0.61268484 -0.29488239 -0.73325416
vn 0.66306239 -0.15120367 -0.73313417
vn 0.66306239 -0.15120367 -0.73313417
vn 0.67999684 -0.00000000 -0.73321504
vn 0.66306239 0.15120367 -0.73313417
vn 0.61268484 0.29488239 -0.73325416
vn 0.53165647 0.42398527 -0.73319703
vn 0.42398527 0.53165647 -0.73319703
vn 0.29488239 0.61268484 -0.73325416
vn 0.15120367 0.66306239 -0.73313417
vn -0.00000000 0.67999684 -0.73321504
vn -0.15120367 0.66306239 -0.73313417
vn -0.29509860 0.61245673 -0.73335774
vn -0.42407176 0.53191982 -0.73295597
vn -0.53144945 0.42372171 -0.73349942
vn -0.61299977 0.29509378 -0.73290582
vn -0.66275318 0.15166770 -0.73331789
vn -0.67999684 -0.00000000 -0.73321504
vn -0.66275318 -0.15166770 -0.73331789
vn -0.61299977 -0.29509378 -0.73290582
vn -0.53144945 -0.42372171 -0.73349942
vn -0.42407176 -0.53191982 -0.73295597
vn -0.29509860 -0.61245673 -0.73335774
vn -0.15120367 -0.66306239 -0.73313417
vn -0.00000000 -0.67999684 -0.73321504
vn 0.15120367 -0.66306239 -0.73313417
vn 0.29488239 -0.61268484 -0.73325416
vn 0.42398527 -0.53165647 -0.73319703
vn 0.53165647 -0.42398527 -0.73319703
vn 0.61268484 -0.29488239 -0.73325416
vn -0.66275318 -0.73331789 -0.15166770
vn -0.66275318 0.73331789 -0.15166770
vn -0.67999684 -0.73321504 0.00000000
vn -0.67999684 0.73321504 0.00000000
vn -0.66275318 -0.73331789 0.15166770
vn -0.66275318 0.73331789 0.15166770
vn -0.61299977 -0.73290582 0.29509378
vn -0.61299977 0.73290582 0.29509378
vn -0.53144945 -0.73349942 0.42372171
vn -0.53144945 0.73349942 0.42372171
vn -0.42407176 -0.73295597 0.53191982
vn -0.42407176 0.73295597 0.53191982
vn -0.29509860 -0.73335774 0.61245673
vn -0.29509860 0.73335774 0.61245673
vn -0.15120367 -0.73313417 0.66306239
vn -0.15120367 0.73313417 0.66306239
vn -0.00000000 -0.73321504 0.67999684
vn 0.00000000 0.73321504 0.67999684
vn 0.15120367 -0.73313417 0.66306239
vn 0.15120367 0.73313417 0.66306239
vn 0.29488239 -0.73325416 0.61268484
vn 0.29488239 0.73325416 0.61268484
vn 0.42398527 -0.73319703 0.53165647
vn 0.42398527 0.73319703 0.53165647
vn 0.53165647 -0.73319703 0.42398527
vn 0.53165647 0.73319703 0.42398527
vn 0.61268484 -0.73325416 0.29488239
vn 0.61268484 0.73325416 0.29488239
vn 0.66306239 -0.73313417 0.15120367
vn 0.66306239 0.73313417 0.15120367
vn 0.67999684 -0.73321504 0.00000000
vn 0.67999684 0.73321504 0.00000000
vn 0.66306239 -0.73313417 -0.15120367
vn 0.66306239 0.73313417 -0.15120367
vn 0.61245673 -0.73335774 -0.29509860
vn 0.61245673 0.73335774 -0.29509860
vn 0.53191982 -0.73295597 -0.42407176
vn 0.53191982 0.73295597 -0.42407176
vn 0.42372171 -0.73349942 -0.53144945
vn 0.42372171 0.73349942 -0.53144945
vn 0.29509378 -0.73290582 -0.61299977
vn 0.29509378 0.73290582 -0.61299977
vn 0.15166770 -0.73331789 -0.66275318
vn 0.15166770 0.73331789 -0.66275318
vn 0.00000000 -0.73321504 -0.67999684
vn -0.00000000 0.73321504 -0.67999684
vn -0.15166770 -0.73331789 -0.66275318
vn -0.15166770 0.73331789 -0.66275318
vn -0.29530993 -0.73300919 -0.61277205
vn -0.29530993 0.73300919 -0.61277205
vn -0.42380806 -0.73325834 -0.53171321
vn -0.42380806 0.73325834 -0.53171321
vn -0.53171321 -0.73325834 -0.42380806
vn -0.53171321 0.73325834 -0.42380806
vn -0.61277205 -0.73300919 -0.29530993
vn -0.61277205 0.73300919 -0.29530993
vn -0.66275318 -0.73331789 -0.15166770
vn -0.66275318 0.73331789 -0.15166770
vn -0.67999684 -0.73321504 0.00000000
vn -0.67999684 0.73321504 0.00000000
vn -0.66275318 -0.73331789 0.15166770
vn -0.66275318 0.73331789 0.15166770
vn -0.61299977 -0.73290582 0.29509378
vn -0.61299977 0.73290582 0.29509378
vn -0.53144945 -0.73349942 0.42372171
vn -0.53144945 0.73349942 0.42372171
vn -0.42407176 -0.73295597 0.53191982
vn -0.42407176 0.73295597 0.53191982
vn -0.29509860 -0.73335774 0.61245673
vn -0.29509860 0.73335774 0.61245673
vn -0.15120367 -0.73313417 0.66306239
vn -0.15120367 0.73313417 0.66306239
vn -0.00000000 -0.73321504 0.67999684
vn -0.00000000 0.73321504 0.67999684
vn 0.15120367 -0.73313417 0.66306239
vn 0.15120367 0.73313417 0.66306239
vn 0.29488239 -0.73325416 0.61268484
vn 0.29488239 0.73325416 0.61268484
vn 0.42398527 -0.73319703 0.53165647
vn 0.42398527 0.73319703 0.53165647
vn 0.53165647 -0.73319703 0.42398527
vn 0.53165647 0.73319703 0.42398527
vn 0.61268484 -0.73325416 0.29488239
vn 0.61268484 0.73325416 0.29488239
vn 0.66306239 -0.73313417 0.15120367
vn 0.66306239 0.73313417 0.15120367
vn 0.67999684 -0.73321504 0.00000000
vn 0.67999684 0.73321504 0.00000000
vn 0.66306239 -0.73313417 -0.15120367
vn 0.66306239 0.73313417 -0.15120367
vn 0.61245673 -0.73335774 -0.29509860
vn 0.61245673 0.73335774 -0.29509860
vn 0.53191982 -0.73295597 -0.42407176
vn 0.53191982 0.73295597 -0.42407176
vn 0.42372171 -0.73349942 -0.53144945
vn 0.42372171 0.73349942 -0.53144945
vn 0.29509378 -0.73290582 -0.61299977
vn 0.29509378 0.73290582 -0.61299977
vn 0.15166770 -0.73331789 -0.66275318
vn 0.15166770 0.73331789 -0.66275318
vn -0.00000000 -0.73321504 -0.67999684
vn -0.00000000 0.73321504 -0.67999684
vn -0.15166770 -0.73331789 -0.66275318
vn -0.15166770 0.73331789 -0.66275318
vn -0.29530993 -0.73300919 -0.61277205
vn -0.29530993 0.73300919 -0.61277205
vn -0.42380806 -0.73325834 -0.53171321
vn -0.42380806 0.73325834 -0.53171321
vn -0.53171321 -0.73325834 -0.42380806
vn -0.53171321 0.73325834 -0.42380806
vn -0.61277205 -0.73300919 -0.29530993
vn -0.61277205 0.73300919 -0.29530993
vn -0.34852876 -0.88589756 0.30612614
vn 0.30151134 -0.90453403 -0.30151134
vn -0.09862280 -0.65759090 0.74689206
vn -0.19459924 -0.65875238 0.72675748
vn -0.28737400 -0.65988098 0.69424296
vn -0.37478907 -0.66220379 0.64886000
vn -0.45474270 -0.66469329 0.59278319
vn -0.52613676 -0.66784008 0.52646912
vn -0.58753058 -0.67136647 0.45174648
vn -0.63813836 -0.67518595 0.37000454
vn -0.67753598 -0.67915914 0.28229038
vn -0.70438869 -0.68372688 0.19066760
vn -0.71920156 -0.68798769 0.09706728
vn -0.71495952 -0.69873660 0.02449593
vn -0.71287855 -0.70095439 -0.02161288
vn -0.02207760 -0.73335939 -0.67948258
vn -0.71137848 -0.69698857 -0.09026405
vn -0.68923491 -0.70155669 -0.18103439
vn -0.65605779 -0.70567392 -0.26760513
vn -0.61197618 -0.70968505 -0.34904482
vn -0.55821420 -0.71340958 -0.42360792
vn -0.49564005 -0.71661556 -0.49071689
vn -0.42511909 -0.71961095 -0.54902991
vn -0.34842849 -0.72205427 -0.59769158
vn -0.26615585 -0.72385243 -0.63655222
vn -0.17972892 -0.72540044 -0.66444843
vn -0.09039562 -0.72601565 -0.68171102
vn 0.02210023 -0.73335248 -0.67948930
vn 0.34855086 -0.88588922 0.30612513
vn 0.09034548 -0.72604315 -0.68168837
vn 0.17978937 -0.72534569 -0.66449184
vn 0.26607794 -0.72393349 -0.63649261
vn 0.34832042 -0.72201134 -0.59780642
vn 0.42535852 -0.71953436 -0.54894484
vn 0.49549168 -0.71676670 -0.49064600
vn 0.55838579 -0.71323933 -0.42366845
vn 0.61204790 -0.70976208 -0.34876233
vn 0.65605779 -0.70567392 -0.26760513
vn 0.68923491 -0.70155669 -0.18103439
vn 0.71120850 -0.69711478 -0.09062811
vn 0.71906845 -0.68808049 0.09739513
vn 0.70438869 -0.68372688 0.19066760
vn 0.67753598 -0.67915914 0.28229038
vn 0.63821777 -0.67529186 0.36967416
vn 0.58765798 -0.67118994 0.45184307
vn 0.52602858 -0.66799780 0.52637712
vn 0.45496914 -0.66462616 0.59268470
vn 0.37466323 -0.66214972 0.64898783
vn 0.28730872 -0.65996649 0.69418869
vn 0.19465531 -0.65869444 0.72679498
vn 0.09857106 -0.65762019 0.74687310
vn -0.71394784 0.69880234 -0.04420149
vn -0.99146163 0.01249582 0.12979869
vn -0.96593831 0.02479752 0.25758157
vn -0.92387623 0.03667622 0.38092987
vn -0.86593017 0.04793583 0.49786252
vn -0.79339560 0.05832926 0.60590521
vn -0.70695532 0.06776862 0.70400397
vn -0.60857438 0.07604997 0.78984405
vn -0.50022806 0.08300130 0.86190642
vn -0.38279388 0.08855285 0.91957993
vn -0.25885400 0.09256983 0.96147045
vn -0.13055184 0.09501172 0.98687841
vn -0.09422095 0.75802989 0.64537826
vn -0.18678363 0.75620664 0.62710716
vn -0.27600099 0.75337403 0.59686767
vn -0.36082770 0.74941527 0.55513973
vn -0.43903348 0.74418894 0.50342072
vn -0.50984656 0.73827216 0.44160016
vn -0.57227981 0.73157343 0.37053493
vn -0.62457874 0.72408064 0.29258951
vn -0.66650999 0.71571354 0.20861102
vn -0.69648830 0.70754899 0.11949258
vn -0.71519609 0.69840326 0.02697110
vn -0.02329640 0.62816576 -0.77773071
vn 0.02332021 0.62815793 -0.77773632
vn 0.13048644 0.09501254 0.98688698
vn 0.25891554 0.09256825 0.96145404
vn 0.38273709 0.08855510 0.91960334
vn 0.50003401 0.08301204 0.86201798
vn 0.60883922 0.07603050 0.78964180
vn 0.70692231 0.06777178 0.70403681
vn 0.79342021 0.05832618 0.60587328
vn 0.86614062 0.04790090 0.49749967
vn 0.92387623 0.03667622 0.38092987
vn 0.96593831 0.02479752 0.25758157
vn 0.99139564 0.01254380 0.13029713
vn 0.71504484 0.69854509 0.02730644
vn 0.69648830 0.70754899 0.11949258
vn 0.66651001 0.71571352 0.20861100
vn 0.62465498 0.72414163 0.29227565
vn 0.57242921 0.73140887 0.37062901
vn 0.50971798 0.73841784 0.44150500
vn 0.43926660 0.74410843 0.50333636
vn 0.36071095 0.74937875 0.55526489
vn 0.27592914 0.75345165 0.59680291
vn 0.18684178 0.75615434 0.62715290
vn 0.09416996 0.75805616 0.64535484
vn 0.99140342 -0.01254045 -0.13023825
vn 0.96596332 -0.02479732 -0.25748779
vn 0.92387707 -0.03668231 -0.38092724
vn 0.86613910 -0.04790718 -0.49750171
vn 0.79342366 -0.05834753 -0.60586670
vn 0.70694633 -0.06779642 -0.70401032
vn 0.60882926 -0.07604468 -0.78964811
vn 0.49999899 -0.08301864 -0.86203765
vn 0.38277869 -0.08855967 -0.91958559
vn 0.25892785 -0.09258547 -0.96144906
vn 0.13027416 -0.09504509 -0.98691189
vn 0.09405770 0.62080238 -0.77830428
vn 0.18664906 0.62287761 -0.75972733
vn 0.27617238 0.62549957 -0.72971165
vn 0.36052513 0.62951759 -0.68827991
vn 0.43909642 0.63467411 -0.63591124
vn 0.50999962 0.64060215 -0.57404640
vn 0.57246417 0.64713269 -0.50349186
vn 0.62449590 0.65512504 -0.42522472
vn 0.66635989 0.66289108 -0.34137942
vn 0.69654774 0.67180048 -0.25200271
vn 0.71528137 0.68021584 -0.16024659
vn -0.13034090 -0.09504242 -0.98690333
vn -0.25886391 -0.09258705 -0.96146613
vn -0.38283653 -0.08855914 -0.91956156
vn -0.50019395 -0.08300630 -0.86192573
vn -0.60856285 -0.07606412 -0.78985158
vn -0.70698000 -0.06779460 -0.70397669
vn -0.79339906 -0.05835061 -0.60589863
vn -0.86592865 -0.04794213 -0.49786456
vn -0.92387722 -0.03668168 -0.38092693
vn -0.96596250 -0.02480116 -0.25749050
vn -0.99146982 -0.01249627 -0.12973607
vn -0.71381778 0.69448431 -0.09030900
vn -0.71543031 0.68014406 -0.15988597
vn -0.69654417 0.67180266 -0.25200673
vn -0.66636052 0.66289067 -0.34137899
vn -0.62441976 0.65500519 -0.42552104
vn -0.57231485 0.64731220 -0.50343086
vn -0.51012813 0.64044221 -0.57411068
vn -0.43886109 0.63473667 -0.63601124
vn -0.36064366 0.62957623 -0.68816417
vn -0.27624489 0.62541256 -0.72975879
vn -0.18658704 0.62293751 -0.75969345
vn -0.09411011 0.62077059 -0.77832330
vn -0.69738865 0.71551268 -0.04111793
vn -0.68005708 0.73216867 0.03809733
vn -0.65488013 0.74232527 0.14172229
vn -0.61374764 0.75170510 0.24135717
vn -0.55677974 0.76070539 0.33365197
vn -0.48659707 0.76854823 0.41539970
vn -0.40468013 0.77539463 0.48476506
vn -0.31287904 0.78060081 0.54108140
vn -0.21291540 0.78478587 0.58204653
vn -0.10760379 0.78687877 0.60765387
vn -0.02719667 0.77968936 0.62557561
vn 0.02719773 0.77969004 0.62557472
vn 0.10760172 0.78687879 0.60765421
vn 0.21278951 0.78474307 0.58215027
vn 0.31286988 0.78070921 0.54093028
vn 0.40473788 0.77525271 0.48494379
vn 0.48648610 0.76872187 0.41520832
vn 0.55704334 0.76058634 0.33348333
vn 0.61369889 0.75161759 0.24175334
vn 0.65464281 0.74247864 0.14201503
vn 0.67997849 0.73226351 0.03767491
vn 0.69752914 0.71535553 -0.04146771
vn 0.69763404 0.70998363 -0.09607284
vn 0.67991701 0.71166670 -0.17675793
vn 0.65469196 0.70164160 -0.28120721
vn 0.61342029 0.69187474 -0.38082134
vn 0.55710921 0.68292810 -0.47248126
vn 0.48659789 0.67548495 -0.55402399
vn 0.40482874 0.66849211 -0.62388460
vn 0.31294337 0.66298154 -0.68008964
vn 0.21252195 0.65908227 -0.72141873
vn 0.10752078 0.65679241 -0.74636654
vn 0.02757351 0.64578688 -0.76301967
vn -0.02757457 0.64578771 -0.76301892
vn -0.10752762 0.65680119 -0.74635783
vn -0.21263096 0.65914232 -0.72133174
vn -0.31296513 0.66283936 -0.68021821
vn -0.40477005 0.66866615 -0.62373615
vn -0.48670894 0.67527864 -0.55417792
vn -0.55684441 0.68301820 -0.47266314
vn -0.61346341 0.69203631 -0.38045813
vn -0.65493422 0.70154376 -0.28088701
vn -0.67999510 0.71149373 -0.17715343
vn 0.03770740 0.34889754 0.93640197
vn 0.00000000 0.34986784 0.93679907
vn 0.03907788 0.16020274 0.98631030
vn 0.00000000 0.34986784 0.93679907
vn -0.03915525 0.16027109 0.98629612
vn -0.03772922 0.34876957 0.93644877
vn -0.03395562 0.57890375 0.81468857
vn 0.00000000 0.58049580 0.81426324
vn -0.02797614 0.76969716 0.63779590
vn 0.00000000 0.77143180 0.63631201
vn -0.01976366 0.90845992 0.41750445
vn 0.00000000 0.90984862 0.41494033
vn -0.01039684 0.98573549 0.16798050
vn 0.00000000 0.98629592 0.16498591
vn -0.00317723 0.99957404 -0.02901122
vn 0.00000000 0.98629592 0.16498591
vn 0.00317181 0.99957397 -0.02901397
vn 0.01043614 0.98572798 0.16802210
vn 0.01969921 0.90851080 0.41739677
vn 0.00000000 0.90984862 0.41494033
vn 0.02791460 0.76963339 0.63787555
vn 0.00000000 0.77143180 0.63631201
vn 0.03405091 0.57886398 0.81471285
vn 0.00000000 0.58049580 0.81426324
vn -0.06902576 0.99426032 -0.08174269
vn -0.06731413 0.99342973 -0.09255365
vn -0.26168132 0.96380103 -0.05109276
vn -0.26195868 0.96157562 -0.08215821
vn -0.50275220 0.86213187 -0.06299892
vn -0.49869593 0.86676691 -0.00418206
vn -0.70856636 0.70450717 -0.04004188
vn -0.70170799 0.71115339 0.04320593
vn -0.86611414 0.49964977 -0.01401462
vn -0.85705073 0.50771931 0.08766503
vn -0.96521565 0.26107490 0.01409438
vn -0.95450224 0.27009187 0.12639564
vn -0.99709862 0.06803572 0.03413915
vn -0.98554626 0.07970283 0.14948585
vn -0.91913779 0.28444194 0.27254083
vn -0.94911174 0.09473307 0.30035406
vn -0.86109294 0.29844968 0.41163909
vn -0.88917591 0.10859674 0.44449180
vn -0.78194368 0.31067478 0.54041212
vn -0.80722374 0.12106397 0.57769658
vn -0.68324795 0.32135183 0.65567160
vn -0.70551457 0.13202167 0.69628979
vn -0.56787329 0.33096605 0.75364541
vn -0.58647608 0.14194456 0.79743185
vn -0.43869905 0.33817075 0.83257653
vn -0.45323597 0.15014594 0.87865429
vn -0.29891834 0.34449607 0.88992712
vn -0.30843766 0.15567489 0.93841970
vn -0.15092757 0.34729440 0.92553091
vn -0.15584047 0.15885261 0.97492543
vn -0.13577595 0.57736009 0.80512124
vn -0.26806704 0.57421650 0.77357319
vn -0.39402218 0.56898922 0.72180177
vn -0.50974804 0.56268776 0.65079907
vn -0.61334955 0.55391588 0.56300936
vn -0.70197412 0.54389089 0.45979891
vn -0.77314908 0.53255694 0.34441779
vn -0.82516704 0.52057987 0.21930791
vn -0.11102155 0.76754027 0.63131304
vn -0.21963226 0.76518888 0.60518398
vn -0.32270226 0.76157839 0.56201566
vn -0.41738310 0.75535511 0.50520293
vn -0.50218129 0.74902521 0.43217495
vn -0.57465408 0.74063783 0.34817852
vn -0.63311090 0.73135038 0.25356896
vn -0.67573679 0.72147675 0.15116577
vn -0.07888546 0.90684190 0.41402278
vn -0.15657099 0.90549066 0.39442641
vn -0.22917200 0.90230519 0.36513770
vn -0.29657005 0.89836895 0.32400530
vn -0.35694543 0.89358674 0.27219976
vn -0.40845094 0.88756507 0.21306353
vn -0.45024690 0.88092002 0.14580005
vn -0.48020594 0.87415685 0.07247113
vn -0.04146574 0.98500762 0.16745322
vn -0.08203696 0.98405631 0.15780723
vn -0.12016565 0.98244393 0.14270295
vn -0.15577148 0.98045892 0.12014805
vn -0.18740995 0.97774208 0.09432888
vn -0.21400850 0.97476913 0.06344691
vn -0.23605990 0.97135464 0.02731091
vn -0.25190679 0.96768418 -0.01141455
vn -0.01377525 0.99949623 -0.02859262
vn -0.02608887 0.99913315 -0.03243947
vn -0.03854988 0.99850720 -0.03869471
vn -0.04827970 0.99772738 -0.04700157
vn -0.05599139 0.99675966 -0.05775074
vn -0.06419003 0.99551828 -0.06944784
vn -0.95372254 0.29930428 -0.02881439
vn -0.95386401 0.29885679 -0.02877611
vn -0.86576471 0.49814806 -0.04795813
vn -0.86608805 0.49313865 -0.08188871
vn -0.70821295 0.69954321 -0.09525600
vn -0.70676912 0.70418843 -0.06779423
vn -0.50209693 0.85873228 -0.10235990
vn -0.49972492 0.86219560 -0.08302864
vn -0.26190510 0.95960057 -0.10282244
vn -0.25985074 0.96119791 -0.09260763
vn -0.06729620 0.99285820 -0.09850795
vn -0.25860300 0.96153432 -0.09260795
vn -0.50042589 0.86179078 -0.08300954
vn -0.70734655 0.70361184 -0.06775867
vn -0.86576503 0.49814750 -0.04795808
vn -0.96521860 0.25353372 -0.06382564
vn -0.01424590 0.98592802 -0.16656226
vn -0.00305138 0.98662701 -0.16296575
vn -0.04110526 0.93487738 -0.35258281
vn -0.01005099 0.93534075 -0.35360523
vn -0.01918938 0.81252037 -0.58261687
vn -0.07875176 0.81132622 -0.57926499
vn -0.02769582 0.63414865 -0.77271497
vn -0.11121332 0.63303765 -0.76609068
vn -0.03399400 0.41349473 -0.90987171
vn -0.13567625 0.41316540 -0.90049226
vn -0.03815382 0.16415604 -0.98569624
vn -0.15094921 0.16493812 -0.97468444
vn -0.03928302 -0.03071360 -0.99875599
vn -0.15614204 -0.02919728 -0.98730298
vn -0.29867381 0.16745982 -0.93954838
vn -0.30862103 -0.02674525 -0.95080900
vn -0.43874307 0.17317042 -0.88176898
vn -0.45263513 -0.02023897 -0.89146611
vn -0.56795288 0.18115826 -0.80287683
vn -0.58661951 -0.01258348 -0.80976491
vn -0.68348762 0.19033037 -0.70471201
vn -0.70547344 -0.00244629 -0.70873213
vn -0.78175270 0.20188720 -0.59000362
vn -0.80726852 0.00899019 -0.59011584
vn -0.86116572 0.21409742 -0.46103785
vn -0.88922871 0.02170660 -0.45694762
vn -0.91896263 0.22764148 -0.32200473
vn -0.94901274 0.03562644 -0.31321810
vn -0.95449369 0.24117322 -0.17543453
vn -0.98557934 0.04966058 -0.16176279
vn -0.85719065 0.48139418 -0.18298588
vn -0.82534816 0.46881407 -0.31466456
vn -0.77323345 0.45706199 -0.43955018
vn -0.70183597 0.44621594 -0.55526355
vn -0.61366550 0.43591374 -0.65832657
vn -0.50995254 0.42745592 -0.74647829
vn -0.39416887 0.42067287 -0.81710785
vn -0.26757534 0.41646985 -0.86888221
vn -0.70165517 0.68990741 -0.17806684
vn -0.67583624 0.67925210 -0.28611530
vn -0.63283278 0.66970805 -0.38860494
vn -0.57496826 0.66048095 -0.48288345
vn -0.50232205 0.65258739 -0.56727617
vn -0.41762117 0.64541416 -0.63955698
vn -0.32191825 0.64024524 -0.69746303
vn -0.21938616 0.63573459 -0.74007516
vn -0.49826445 0.85192212 -0.16112490
vn -0.48005968 0.84433369 -0.23799859
vn -0.44983655 0.83717150 -0.31111245
vn -0.40875038 0.83065167 -0.37807531
vn -0.35700909 0.82500888 -0.43806947
vn -0.29655976 0.82019000 -0.48922456
vn -0.22928463 0.81600850 -0.53062104
vn -0.15621042 0.81303997 -0.56086034
vn -0.26180946 0.95591945 -0.13294290
vn -0.25191189 0.95202368 -0.17375649
vn -0.23594987 0.94824860 -0.21249061
vn -0.21393629 0.94501052 -0.24735880
vn -0.18725215 0.94204914 -0.27835240
vn -0.15551327 0.93948592 -0.30525700
vn -0.12014303 0.93733534 -0.32705980
vn -0.08125107 0.93586444 -0.34286443
vn -0.06749648 0.99179974 -0.10852416
vn -0.06337801 0.99049107 -0.12210922
vn -0.05706882 0.98934419 -0.13394489
vn -0.04859896 0.98836582 -0.14412196
vn -0.03810064 0.98769446 -0.15168384
vn -0.02589333 0.98710805 -0.15794691
vn 0.00997442 0.93536112 -0.35355351
vn 0.00000000 0.93647179 -0.35074291
vn 0.00305322 0.98662308 -0.16298952
vn 0.00000000 0.93647179 -0.35074291
vn 0.00000000 0.81426324 -0.58049580
vn 0.00000000 0.63631201 -0.77143180
vn 0.00000000 0.41519536 -0.90973228
vn 0.00000000 0.16522978 -0.98625510
vn 0.00000000 0.16522978 -0.98625510
vn 0.03912187 -0.03085369 -0.99875799
vn 0.03806680 0.16438236 -0.98566189
vn 0.03403026 0.41336274 -0.90993032
vn 0.00000000 0.41519536 -0.90973228
vn 0.02780053 0.63433033 -0.77256208
vn 0.00000000 0.63631201 -0.77143180
vn 0.01937703 0.81237264 -0.58281663
vn 0.00000000 0.81426324 -0.58049580
vn 0.06736982 0.99181086 -0.10850131
vn 0.06718742 0.99286570 -0.09850656
vn 0.26209885 0.95585095 -0.13286518
vn 0.26220758 0.95951042 -0.10289288
vn 0.50238138 0.85855661 -0.10243781
vn 0.49844890 0.85191167 -0.16060882
vn 0.70810389 0.69967081 -0.09512958
vn 0.70167242 0.68999562 -0.17765658
vn 0.86611600 0.49312929 -0.08164914
vn 0.85691717 0.48203198 -0.18258735
vn 0.96542695 0.25312483 -0.06227857
vn 0.95443251 0.24173791 -0.17498963
vn 0.99712823 0.06096907 -0.04492298
vn 0.98564311 0.04980779 -0.16132838
vn 0.91903696 0.22762389 -0.32180496
vn 0.94895772 0.03551701 -0.31339716
vn 0.86107727 0.21327249 -0.46158507
vn 0.88892073 0.02092546 -0.45758284
vn 0.78188727 0.20125154 -0.59004247
vn 0.80754800 0.00903423 -0.58973266
vn 0.68346411 0.19092699 -0.70457341
vn 0.70558398 -0.00255080 -0.70862172
vn 0.56791338 0.18085315 -0.80297356
vn 0.58641284 -0.01262273 -0.80991398
vn 0.43883396 0.17356026 -0.88164709
vn 0.45294852 -0.02034068 -0.89130460
vn 0.29831173 0.16741577 -0.93967126
vn 0.30799921 -0.02671898 -0.95101135
vn 0.15132515 0.16473972 -0.97465970
vn 0.15652498 -0.02919718 -0.98724235
vn 0.13554003 0.41304219 -0.90056929
vn 0.26798169 0.41651348 -0.86873605
vn 0.39369561 0.42088538 -0.81722657
vn 0.51008782 0.42745155 -0.74638836
vn 0.61346180 0.43612222 -0.65837833
vn 0.70179464 0.44614910 -0.55536948
vn 0.77288256 0.45773147 -0.43947064
vn 0.82525844 0.46909522 -0.31448081
vn 0.11108798 0.63333841 -0.76586025
vn 0.21937712 0.63560339 -0.74019052
vn 0.32224703 0.63968978 -0.69782078
vn 0.41760814 0.64539494 -0.63958487
vn 0.50234744 0.65265321 -0.56717795
vn 0.57458351 0.66094057 -0.48271249
vn 0.63252354 0.66999455 -0.38861455
vn 0.67588894 0.67909947 -0.28635301
vn 0.07851689 0.81110990 -0.57959972
vn 0.15604652 0.81314903 -0.56074785
vn 0.22907476 0.81622004 -0.53038628
vn 0.29674235 0.82023047 -0.48904596
vn 0.35743339 0.82469612 -0.43831231
vn 0.40892515 0.83056702 -0.37807229
vn 0.44982669 0.83707812 -0.31137785
vn 0.48013462 0.84424379 -0.23816627
vn 0.04105592 0.93491500 -0.35248880
vn 0.08154118 0.93585908 -0.34281018
vn 0.12009211 0.93724761 -0.32732982
vn 0.15559577 0.93951333 -0.30513056
vn 0.18697476 0.94204640 -0.27854806
vn 0.21401446 0.94507209 -0.24705577
vn 0.23607017 0.94813146 -0.21287933
vn 0.25184349 0.95206111 -0.17365048
vn 0.01425256 0.98592692 -0.16656824
vn 0.02589116 0.98710396 -0.15797284
vn 0.03817638 0.98768832 -0.15170478
vn 0.04855652 0.98837302 -0.14408692
vn 0.05712038 0.98933055 -0.13402364
vn 0.06326892 0.99050708 -0.12203593
vn 0.26224815 0.96150304 -0.08208418
vn 0.25819874 0.96163889 -0.09265012
vn 0.06718603 0.99343782 -0.09255991
vn 0.25944598 0.96130910 -0.09258831
vn 0.50002991 0.86201828 -0.08303361
vn 0.70677828 0.70417743 -0.06781315
vn 0.86576471 0.49814806 -0.04795813
vn 0.96592927 0.25761514 -0.02480106
vn 0.96590405 0.25770859 -0.02481245
vn 0.99711460 0.06858819 0.03252909
vn 0.96542954 0.26035458 0.01270044
vn 0.86602910 0.49979697 -0.01402113
vn 0.86576503 0.49814750 -0.04795808
vn 0.70871710 0.70435623 -0.04002969
vn 0.70735488 0.70360562 -0.06773637
vn 0.50291705 0.86202901 -0.06309064
vn 0.50073288 0.86161615 -0.08297099
vn 0.01378328 0.99949644 -0.02858131
vn 0.04171988 0.98495346 0.16770848
vn 0.07914844 0.90693291 0.41377314
vn 0.11114475 0.76759717 0.63122217
vn 0.13572079 0.57724309 0.80521443
vn 0.15117621 0.34725677 0.92550445
vn 0.15597646 0.15875524 0.97491955
vn 0.29860014 0.34429322 0.89011243
vn 0.30818964 0.15578429 0.93848303
vn 0.43889345 0.33846271 0.83235541
vn 0.45318815 0.15009554 0.87868756
vn 0.56772638 0.33093936 0.75376780
vn 0.58646776 0.14182528 0.79745919
vn 0.68329749 0.32152395 0.65553557
vn 0.70567695 0.13208126 0.69611392
vn 0.78207951 0.30994872 0.54063244
vn 0.80734873 0.12108064 0.57751841
vn 0.86111353 0.29761807 0.41219774
vn 0.88901032 0.10801561 0.44496436
vn 0.91913005 0.28449977 0.27250658
vn 0.94891835 0.09469260 0.30097720
vn 0.95436644 0.27089280 0.12570516
vn 0.98566396 0.07956519 0.14878154
vn 0.85684129 0.50818438 0.08701517
vn 0.82532859 0.52051946 0.21884288
vn 0.77273944 0.53310599 0.34448768
vn 0.70193295 0.54396329 0.45977611
vn 0.61289245 0.55452077 0.56291168
vn 0.50991560 0.56248438 0.65084361
vn 0.39393076 0.56908004 0.72178006
vn 0.26803887 0.57437804 0.77346301
vn 0.70173536 0.71115353 0.04275687
vn 0.67562545 0.72161838 0.15098733
vn 0.63264611 0.73172075 0.25366049
vn 0.57435772 0.74093537 0.34803447
vn 0.50211150 0.74892220 0.43243448
vn 0.41782071 0.75537934 0.50480483
vn 0.32245086 0.76132235 0.56250664
vn 0.21974265 0.76522531 0.60509783
vn 0.49908580 0.86654192 -0.00429768
vn 0.48040487 0.87403228 0.07265490
vn 0.45012653 0.88097238 0.14585531
vn 0.40853019 0.88755685 0.21294582
vn 0.35740540 0.89328197 0.27259622
vn 0.29676839 0.89831268 0.32397971
vn 0.22922615 0.90229979 0.36511705
vn 0.15609689 0.90543231 0.39474815
vn 0.26180486 0.96375040 -0.05141377
vn 0.25171378 0.96773905 -0.01101356
vn 0.23649651 0.97124421 0.02746066
vn 0.21398835 0.97478035 0.06334232
vn 0.18734434 0.97777403 0.09412775
vn 0.15542150 0.98050641 0.12021370
vn 0.12059138 0.98242833 0.14245105
vn 0.08148418 0.98408485 0.15791560
vn 0.06890007 0.99426700 -0.08176748
vn 0.06408302 0.99551998 -0.06952217
vn 0.05604827 0.99676123 -0.05766830
vn 0.04823573 0.99772772 -0.04703943
vn 0.03862501 0.99850513 -0.03867320
vn 0.02608641 0.99913405 -0.03241364
f 1//1 2//2 3//3
f 3//3 2//2 4//4
f 3//3 4//4 5//5
f 5//5 4//4 6//6
f 5//5 6//6 7//7
f 2//2 1//1 8//8
f 8//8 1//1 9//9
f 8//8 9//9 10//10
f 10//10 9//9 11//11
f 10//10 11//11 12//12
f 12//12 11//11 13//13
f 12//12 13//13 14//14
f 14//14 13//13 15//15
f 14//14 15//15 16//16
f 16//16 15//15 17//17
f 16//16 17//17 18//18
f 18//18 17//17 19//19
f 18//18 19//19 20//20
f 20//20 19//19 21//21
f 20//20 21//21 22//22
f 22//22 21//21 23//23
f 22//22 23//23 24//24
f 24//24 23//23 25//25
f 24//24 25//25 26//26
f 26//26 25//25 27//27
f 26//26 27//27 28//28
f 28//28 27//27 29//29
f 28//28 29//29 30//30
f 30//30 29//29 31//31
f 30//30 31//31 32//32
f 32//32 31//31 33//33
f 32//32 33//33 34//34
f 34//34 33//33 35//35
f 34//34 35//35 36//36
f 36//36 35//35 37//37
f 36//36 37//37 38//38
f 38//38 37//37 39//39
f 38//38 39//39 40//40
f 40//40 39//39 41//41
f 40//40 41//41 42//42
f 42//42 41//41 43//43
f 42//42 43//43 44//44
f 44//44 43//43 45//45
f 44//44 45//45 46//46
f 46//46 45//45 47//47
f 46//46 47//47 48//48
f 48//48 47//47 49//49
f 48//48 49//49 50//50
f 50//50 49//49 51//51
f 50//50 51//51 52//52
f 52//52 51//51 53//53
f 52//52 53//53 54//54
f 54//54 53//53 55//55
f 54//54 55//55 56//56
f 56//56 55//55 57//57
f 56//56 57//57 7//7
f 7//7 57//57 5//5
f 1//1 3//3 58//58
f 58//58 3//3 5//5
f 58//58 5//5 59//59
f 59//59 5//5 57//57
f 59//59 57//57 60//60
f 60//60 57//57 55//55
f 60//60 55//55 61//61
f 61//61 55//55 53//53
f 61//61 53//53 62//62
f 62//62 53//53 51//51
f 62//62 51//51 63//63
f 63//63 51//51 49//49
f 63//63 49//49 64//64
f 64//64 49//49 47//47
f 64//64 47//47 45//45
f 64//64 45//45 65//65
f 65//65 45//45 43//43
f 65//65 43//43 66//66
f 66//66 43//43 41//41
f 66//66 41//41 67//67
f 67//67 41//41 39//39
f 67//67 39//39 68//68
f 68//68 39//39 37//37
f 68//68 37//37 69//69
f 69//69 37//37 35//35
f 69//69 35//35 70//70
f 70//70 35//35 33//33
f 70//70 33//33 31//31
f 70//70 31//31 71//71
f 71//71 31//31 29//29
f 71//71 29//29 72//72
f 72//72 29//29 27//27
f 72//72 27//27 73//73
f 73//73 27//27 25//25
f 73//73 25//25 74//74
f 74//74 25//25 23//23
f 74//74 23//23 75//75
f 75//75 23//23 21//21
f 75//75 21//21 76//76
f 76//76 21//21 19//19
f 76//76 19//19 17//17
f 76//76 17//17 77//77
f 77//77 17//17 15//15
f 77//77 15//15 78//78
f 78//78 15//15 13//13
f 78//78 13//13 79//79
f 79//79 13//13 11//11
f 79//79 11//11 80//80
f 80//80 11//11 9//9
f 80//80 9//9 81//81
f 81//81 9//9 1//1
f 81//81 1//1 58//58
f 82//82 83//83 84//84
f 84//84 83//83 85//85
f 84//84 85//85 86//86
f 86//86 85//85 87//87
f 86//86 87//87 88//88
f 83//83 82//82 89//89
f 89//89 82//82 90//90
f 89//89 90//90 91//91
f 91//91 90//90 92//92
f 91//91 92//92 93//93
f 93//93 92//92 94//94
f 93//93 94//94 95//95
f 95//95 94//94 96//96
f 95//95 96//96 97//97
f 97//97 96//96 98//98
f 97//97 98//98 99//99
f 99//99 98//98 100//100
f 99//99 100//100 101//101
f 101//101 100//100 102//102
f 101//101 102//102 103//103
f 103//103 102//102 104//104
f 103//103 104//104 105//105
f 105//105 104//104 106//106
f 105//105 106//106 107//107
f 107//107 106//106 108//108
f 107//107 108//108 109//109
f 109//109 108//108 110//110
f 109//109 110//110 111//111
f 111//111 110//110 112//112
f 111//111 112//112 113//113
f 113//113 112//112 114//114
f 113//113 114//114 115//115
f 115//115 114//114 116//116
f 115//115 116//116 117//117
f 117//117 116//116 118//118
f 117//117 118//118 119//119
f 119//119 118//118 120//120
f 119//119 120//120 121//121
f 121//121 120//120 122//122
f 121//121 122//122 123//123
f 123//123 122//122 124//124
f 123//123 124//124 125//125
f 125//125 124//124 126//126
f 125//125 126//126 127//127
f 127//127 126//126 128//128
f 127//127 128//128 129//129
f 129//129 128//128 130//130
f 129//129 130//130 131//131
f 131//131 130//130 132//132
f 131//131 132//132 133//133
f 133//133 132//132 134//134
f 133//133 134//134 135//135
f 135//135 134//134 136//136
f 135//135 136//136 137//137
f 137//137 136//136 138//138
f 137//137 138//138 88//88
f 88//88 138//138 86//86
f 82//82 84//84 139//139
f 139//139 84//84 86//86
f 139//139 86//86 140//140
f 140//140 86//86 138//138
f 140//140 138//138 141//141
f 141//141 138//138 136//136
f 141//141 136//136 142//142
f 142//142 136//136 134//134
f 142//142 134//134 143//143
f 143//143 134//134 132//132
f 143//143 132//132 144//144
f 144//144 132//132 130//130
f 144//144 130//130 145//145
f 145//145 130//130 128//128
f 145//145 128//128 126//126
f 145//145 126//126 146//146
f 146//146 126//126 124//124
f 146//146 124//124 147//147
f 147//147 124//124 122//122
f 147//147 122//122 148//148
f 148//148 122//122 120//120
f 148//148 120//120 149//149
f 149//149 120//120 118//118
f 149//149 118//118 150//150
f 150//150 118//118 116//116
f 150//150 116//116 151//151
f 151//151 116//116 114//114
f 151//151 114//114 112//112
f 151//151 112//112 152//152
f 152//152 112//112 110//110
f 152//152 110//110 153//153
f 153//153 110//110 108//108
f 153//153 108//108 154//154
f 154//154 108//108 106//106
f 154//154 106//106 155//155
f 155//155 106//106 104//104
f 155//155 104//104 156//156
f 156//156 104//104 102//102
f 156//156 102//102 157//157
f 157//157 102//102 100//100
f 157//157 100//100 98//98
f 157//157 98//98 158//158
f 158//158 98//98 96//96
f 158//158 96//96 159//159
f 159//159 96//96 94//94
f 159//159 94//94 160//160
f 160//160 94//94 92//92
f 160//160 92//92 161//161
f 161//161 92//92 90//90
f 161//161 90//90 162//162
f 162//162 90//90 82//82
f 162//162 82//82 139//139
f 59//59 163//163 58//58
f 58//58 163//163 164//164
f 58//58 164//164 81//81
f 81//81 164//164 165//165
f 81//81 165//165 80//80
f 80//80 165//165 166//166
f 80//80 166//166 79//79
f 79//79 166//166 167//167
f 79//79 167//167 78//78
f 78//78 167//167 168//168
f 78//78 168//168 77//77
f 77//77 168//168 169//169
f 77//77 169//169 76//76
f 76//76 169//169 170//170
f 76//76 170//170 75//75
f 75//75 170//170 171//171
f 75//75 171//171 74//74
f 74//74 171//171 172//172
f 74//74 172//172 73//73
f 73//73 172//172 173//173
f 73//73 173//173 72//72
f 72//72 173//173 174//174
f 72//72 174//174 71//71
f 71//71 174//174 175//175
f 71//71 175//175 70//70
f 70//70 175//175 176//176
f 70//70 176//176 69//69
f 69//69 176//176 177//177
f 69//69 177//177 68//68
f 68//68 177//177 178//178
f 68//68 178//178 67//67
f 67//67 178//178 179//179
f 67//67 179//179 66//66
f 66//66 179//179 180//180
f 66//66 180//180 65//65
f 65//65 180//180 181//181
f 65//65 181//181 64//64
f 64//64 181//181 182//182
f 64//64 182//182 63//63
f 63//63 182//182 183//183
f 63//63 183//183 62//62
f 62//62 183//183 184//184
f 62//62 184//184 61//61
f 61//61 184//184 185//185
f 61//61 185//185 60//60
f 60//60 185//185 186//186
f 60//60 186//186 59//59
f 59//59 186//186 163//163
f 140//140 187//187 139//139
f 139//139 187//187 188//188
f 139//139 188//188 162//162
f 162//162 188//188 189//189
f 162//162 189//189 161//161
f 161//161 189//189 190//190
f 161//161 190//190 160//160
f 160//160 190//190 191//191
f 160//160 191//191 159//159
f 159//159 191//191 192//192
f 159//159 192//192 158//158
f 158//158 192//192 193//193
f 158//158 193//193 157//157
f 157//157 193//193 194//194
f 157//157 194//194 156//156
f 156//156 194//194 195//195
f 156//156 195//195 155//155
f 155//155 195//195 196//196
f 155//155 196//196 154//154
f 154//154 196//196 197//197
f 154//154 197//197 153//153
f 153//153 197//197 198//198
f 153//153 198//198 152//152
f 152//152 198//198 199//199
f 152//152 199//199 151//151
f 151//151 199//199 200//200
f 151//151 200//200 150//150
f 150//150 200//200 201//201
f 150//150 201//201 149//149
f 149//149 201//201 202//202
f 149//149 202//202 148//148
f 148//148 202//202 203//203
f 148//148 203//203 147//147
f 147//147 203//203 204//204
f 147//147 204//204 146//146
f 146//146 204//204 205//205
f 146//146 205//205 145//145
f 145//145 205//205 206//206
f 145//145 206//206 144//144
f 144//144 206//206 207//207
f 144//144 207//207 143//143
f 143//143 207//207 208//208
f 143//143 208//208 142//142
f 142//142 208//208 209//209
f 142//142 209//209 141//141
f 141//141 209//209 210//210
f 141//141 210//210 140//140
f 140//140 210//210 187//187
f 211//211 212//212 213//213
f 213//213 212//212 214//214
f 215//215 216//216 217//217
f 217//217 216//216 218//218
f 219//219 220//220 221//221
f 221//221 220//220 222//222
f 221//221 222//222 223//223
f 223//223 222//222 224//224
f 223//223 224//224 225//225
f 225//225 224//224 226//226
f 225//225 226//226 217//217
f 217//217 226//226 215//215
f 221//221 227//227 219//219
f 219//219 227//227 228//228
f 228//228 227//227 229//229
f 228//228 229//229 230//230
f 230//230 229//229 231//231
f 230//230 231//231 232//232
f 212//212 233//233 214//214
f 214//214 233//233 234//234
f 234//234 233//233 235//235
f 234//234 235//235 236//236
f 236//236 235//235 237//237
f 236//236 237//237 238//238
f 238//238 237//237 239//239
f 238//238 239//239 240//240
f 238//238 240//240 241//241
f 241//241 240//240 242//242
f 241//241 242//242 243//243
f 243//243 242//242 244//244
f 243//243 244//244 245//245
f 245//245 244//244 246//246
f 246//246 232//232 245//245
f 245//245 232//232 231//231
f 213//213 214//214 247//247
f 247//247 214//214 248//248
f 248//248 214//214 234//234
f 248//248 234//234 236//236
f 236//236 238//238 248//248
f 248//248 238//238 241//241
f 248//248 241//241 243//243
f 243//243 245//245 248//248
f 248//248 245//245 249//249
f 249//249 245//245 231//231
f 249//249 231//231 229//229
f 229//229 227//227 249//249
f 249//249 227//227 221//221
f 249//249 221//221 223//223
f 223//223 225//225 249//249
f 249//249 225//225 217//217
f 249//249 217//217 250//250
f 250//250 217//217 218//218
f 216//216 215//215 251//251
f 251//251 215//215 252//252
f 252//252 215//215 226//226
f 252//252 226//226 224//224
f 224//224 222//222 252//252
f 252//252 222//222 220//220
f 253//253 254//254 255//255
f 255//255 254//254 256//256
f 256//256 254//254 257//257
f 256//256 257//257 258//258
f 256//256 258//258 259//259
f 259//259 258//258 260//260
f 259//259 260//260 261//261
f 261//261 260//260 262//262
f 261//261 262//262 263//263
f 263//263 262//262 264//264
f 263//263 264//264 265//265
f 265//265 264//264 266//266
f 265//265 266//266 267//267
f 267//267 266//266 268//268
f 267//267 268//268 269//269
f 269//269 268//268 270//270
f 269//269 270//270 271//271
f 271//271 270//270 272//272
f 272//272 270//270 273//273
f 272//272 273//273 274//274
f 274//274 273//273 275//275
f 274//274 275//275 276//276
f 276//276 275//275 277//277
f 276//276 277//277 278//278
f 278//278 277//277 279//279
f 278//278 279//279 280//280
f 280//280 279//279 281//281
f 280//280 281//281 282//282
f 282//282 281//281 283//283
f 282//282 283//283 284//284
f 284//284 283//283 285//285
f 284//284 285//285 286//286
f 286//286 285//285 287//287
f 286//286 287//287 288//288
f 286//286 288//288 289//289
f 289//289 288//288 290//290
f 289//289 290//290 291//291
f 291//291 290//290 292//292
f 291//291 292//292 293//293
f 291//291 293//293 294//294
f 294//294 293//293 295//295
f 294//294 295//295 296//296
f 296//296 295//295 297//297
f 296//296 297//297 298//298
f 296//296 298//298 299//299
f 299//299 298//298 300//300
f 299//299 300//300 301//301
f 301//301 300//300 302//302
f 301//301 302//302 303//303
f 303//303 302//302 304//304
f 304//304 302//302 305//305
f 304//304 305//305 306//306
f 306//306 305//305 307//307
f 306//306 307//307 308//308
f 308//308 307//307 309//309
f 308//308 309//309 310//310
f 310//310 309//309 311//311
f 310//310 311//311 312//312
f 312//312 311//311 313//313
f 312//312 313//313 314//314
f 314//314 313//313 315//315
f 314//314 315//315 316//316
f 316//316 315//315 317//317
f 317//317 315//315 318//318
f 318//318 315//315 319//319
f 319//319 315//315 320//320
f 320//320 315//315 321//321
f 320//320 321//321 322//322
f 322//322 321//321 323//323
f 315//315 313//313 324//324
f 324//324 313//313 325//325
f 325//325 313//313 311//311
f 325//325 311//311 326//326
f 326//326 311//311 309//309
f 326//326 309//309 327//327
f 327//327 309//309 307//307
f 327//327 307//307 328//328
f 328//328 307//307 305//305
f 328//328 305//305 329//329
f 329//329 305//305 302//302
f 329//329 302//302 330//330
f 330//330 302//302 300//300
f 330//330 300//300 331//331
f 331//331 300//300 298//298
f 331//331 298//298 332//332
f 332//332 298//298 297//297
f 332//332 297//297 333//333
f 333//333 297//297 295//295
f 333//333 295//295 334//334
f 334//334 295//295 293//293
f 334//334 293//293 335//335
f 335//335 293//293 292//292
f 335//335 292//292 336//336
f 336//336 292//292 290//290
f 336//336 290//290 337//337
f 337//337 290//290 288//288
f 337//337 288//288 338//338
f 338//338 288//288 287//287
f 338//338 287//287 339//339
f 339//339 287//287 285//285
f 339//339 285//285 340//340
f 340//340 285//285 283//283
f 340//340 283//283 341//341
f 341//341 283//283 281//281
f 341//341 281//281 342//342
f 342//342 281//281 279//279
f 342//342 279//279 343//343
f 343//343 279//279 277//277
f 343//343 277//277 344//344
f 344//344 277//277 275//275
f 344//344 275//275 345//345
f 345//345 275//275 273//273
f 345//345 273//273 346//346
f 346//346 273//273 270//270
f 346//346 270//270 347//347
f 347//347 270//270 268//268
f 347//347 268//268 348//348
f 348//348 268//268 266//266
f 348//348 266//266 349//349
f 349//349 266//266 264//264
f 349//349 264//264 350//350
f 350//350 264//264 262//262
f 350//350 262//262 351//351
f 351//351 262//262 260//260
f 351//351 260//260 352//352
f 352//352 260//260 258//258
f 352//352 258//258 353//353
f 353//353 258//258 257//257
f 353//353 257//257 354//354
f 354//354 257//257 254//254
f 354//354 254//254 355//355
f 355//355 254//254 253//253
f 355//355 253//253 356//356
f 321//321 315//315 357//357
f 357//357 315//315 324//324
f 323//323 321//321 358//358
f 358//358 321//321 357//357
f 322//322 323//323 359//359
f 359//359 323//323 358//358
f 320//320 322//322 360//360
f 360//360 322//322 359//359
f 320//320 360//360 319//319
f 319//319 360//360 361//361
f 319//319 361//361 318//318
f 318//318 361//361 362//362
f 255//255 256//256 363//363
f 363//363 256//256 364//364
f 364//364 256//256 259//259
f 364//364 259//259 365//365
f 365//365 259//259 261//261
f 365//365 261//261 366//366
f 366//366 261//261 263//263
f 366//366 263//263 367//367
f 367//367 263//263 265//265
f 367//367 265//265 368//368
f 368//368 265//265 267//267
f 368//368 267//267 369//369
f 369//369 267//267 269//269
f 369//369 269//269 370//370
f 370//370 269//269 271//271
f 370//370 271//271 371//371
f 371//371 271//271 272//272
f 371//371 272//272 372//372
f 372//372 272//272 274//274
f 372//372 274//274 373//373
f 373//373 274//274 276//276
f 373//373 276//276 374//374
f 374//374 276//276 278//278
f 374//374 278//278 375//375
f 375//375 278//278 280//280
f 375//375 280//280 376//376
f 376//376 280//280 282//282
f 376//376 282//282 377//377
f 377//377 282//282 284//284
f 377//377 284//284 378//378
f 378//378 284//284 286//286
f 378//378 286//286 379//379
f 379//379 286//286 289//289
f 379//379 289//289 380//380
f 380//380 289//289 291//291
f 380//380 291//291 381//381
f 381//381 291//291 294//294
f 381//381 294//294 382//382
f 382//382 294//294 296//296
f 382//382 296//296 383//383
f 383//383 296//296 299//299
f 383//383 299//299 384//384
f 384//384 299//299 301//301
f 384//384 301//301 385//385
f 385//385 301//301 303//303
f 385//385 303//303 386//386
f 386//386 303//303 304//304
f 386//386 304//304 387//387
f 387//387 304//304 306//306
f 387//387 306//306 388//388
f 388//388 306//306 308//308
f 388//388 308//308 389//389
f 389//389 308//308 310//310
f 389//389 310//310 390//390
f 390//390 310//310 312//312
f 390//390 312//312 391//391
f 391//391 312//312 314//314
f 391//391 314//314 392//392
f 392//392 314//314 316//316
f 392//392 316//316 393//393
f 393//393 316//316 317//317
f 393//393 317//317 394//394
f 394//394 317//317 318//318
f 394//394 318//318 362//362
f 255//255 363//363 253//253
f 253//253 363//363 356//356
f 395//395 396//396 397//397
f 397//397 396//396 398//398
f 398//398 396//396 399//399
f 398//398 399//399 400//400
f 398//398 400//400 401//401
f 401//401 400//400 402//402
f 401//401 402//402 403//403
f 403//403 402//402 404//404
f 403//403 404//404 405//405
f 405//405 404//404 406//406
f 405//405 406//406 407//407
f 407//407 406//406 408//408
f 407//407 408//408 409//409
f 409//409 408//408 410//410
f 409//409 410//410 411//411
f 411//411 410//410 412//412
f 411//411 412//412 413//413
f 413//413 412//412 414//414
f 414//414 412//412 415//415
f 414//414 415//415 416//416
f 416//416 415//415 417//417
f 416//416 417//417 418//418
f 418//418 417//417 419//419
f 418//418 419//419 420//420
f 420//420 419//419 421//421
f 420//420 421//421 422//422
f 422//422 421//421 423//423
f 422//422 423//423 424//424
f 424//424 423//423 425//425
f 424//424 425//425 426//426
f 426//426 425//425 427//427
f 426//426 427//427 428//428
f 428//428 427//427 429//429
f 428//428 429//429 430//430
f 428//428 430//430 431//431
f 431//431 430//430 432//432
f 431//431 432//432 433//433
f 433//433 432//432 434//434
f 433//433 434//434 435//435
f 433//433 435//435 436//436
f 436//436 435//435 437//437
f 436//436 437//437 438//438
f 438//438 437//437 439//439
f 438//438 439//439 440//440
f 438//438 440//440 441//441
f 441//441 440//440 442//442
f 441//441 442//442 443//443
f 443//443 442//442 444//444
f 443//443 444//444 445//445
f 445//445 444//444 446//446
f 446//446 444//444 447//447
f 446//446 447//447 448//448
f 448//448 447//447 449//449
f 448//448 449//449 450//450
f 450//450 449//449 451//451
f 450//450 451//451 452//452
f 452//452 451//451 453//453
f 452//452 453//453 454//454
f 454//454 453//453 455//455
f 454//454 455//455 456//456
f 456//456 455//455 457//457
f 456//456 457//457 458//458
f 458//458 457//457 459//459
f 459//459 457//457 460//460
f 460//460 457//457 461//461
f 461//461 457//457 462//462
f 462//462 457//457 463//463
f 462//462 463//463 464//464
f 464//464 463//463 465//465
f 457//457 455//455 466//466
f 466//466 455//455 467//467
f 467//467 455//455 453//453
f 467//467 453//453 468//468
f 468//468 453//453 451//451
f 468//468 451//451 469//469
f 469//469 451//451 449//449
f 469//469 449//449 470//470
f 470//470 449//449 447//447
f 470//470 447//447 471//471
f 471//471 447//447 444//444
f 471//471 444//444 472//472
f 472//472 444//444 442//442
f 472//472 442//442 473//473
f 473//473 442//442 440//440
f 473//473 440//440 474//474
f 474//474 440//440 439//439
f 474//474 439//439 475//475
f 475//475 439//439 437//437
f 475//475 437//437 476//476
f 476//476 437//437 435//435
f 476//476 435//435 477//477
f 477//477 435//435 434//434
f 477//477 434//434 478//478
f 478//478 434//434 432//432
f 478//478 432//432 479//479
f 479//479 432//432 430//430
f 479//479 430//430 480//480
f 480//480 430//430 429//429
f 480//480 429//429 481//481
f 481//481 429//429 427//427
f 481//481 427//427 482//482
f 482//482 427//427 425//425
f 482//482 425//425 483//483
f 483//483 425//425 423//423
f 483//483 423//423 484//484
f 484//484 423//423 421//421
f 484//484 421//421 485//485
f 485//485 421//421 419//419
f 485//485 419//419 486//486
f 486//486 419//419 417//417
f 486//486 417//417 487//487
f 487//487 417//417 415//415
f 487//487 415//415 488//488
f 488//488 415//415 412//412
f 488//488 412//412 489//489
f 489//489 412//412 410//410
f 489//489 410//410 490//490
f 490//490 410//410 408//408
f 490//490 408//408 491//491
f 491//491 408//408 406//406
f 491//491 406//406 492//492
f 492//492 406//406 404//404
f 492//492 404//404 493//493
f 493//493 404//404 402//402
f 493//493 402//402 494//494
f 494//494 402//402 400//400
f 494//494 400//400 495//495
f 495//495 400//400 399//399
f 495//495 399//399 496//496
f 496//496 399//399 396//396
f 496//496 396//396 497//497
f 497//497 396//396 395//395
f 497//497 395//395 498//498
f 463//463 457//457 499//499
f 499//499 457//457 466//466
f 463//463 499//499 465//465
f 465//465 499//499 500//500
f 464//464 465//465 501//501
f 501//501 465//465 500//500
f 462//462 464//464 502//502
f 502//502 464//464 501//501
f 462//462 502//502 461//461
f 461//461 502//502 503//503
f 461//461 503//503 460//460
f 460//460 503//503 504//504
f 397//397 398//398 505//505
f 505//505 398//398 506//506
f 506//506 398//398 401//401
f 506//506 401//401 507//507
f 507//507 401//401 403//403
f 507//507 403//403 508//508
f 508//508 403//403 405//405
f 508//508 405//405 509//509
f 509//509 405//405 407//407
f 509//509 407//407 510//510
f 510//510 407//407 409//409
f 510//510 409//409 511//511
f 511//511 409//409 411//411
f 511//511 411//411 512//512
f 512//512 411//411 413//413
f 512//512 413//413 513//513
f 513//513 413//413 414//414
f 513//513 414//414 514//514
f 514//514 414//414 416//416
f 514//514 416//416 515//515
f 515//515 416//416 418//418
f 515//515 418//418 516//516
f 516//516 418//418 420//420
f 516//516 420//420 517//517
f 517//517 420//420 422//422
f 517//517 422//422 518//518
f 518//518 422//422 424//424
f 518//518 424//424 519//519
f 519//519 424//424 426//426
f 519//519 426//426 520//520
f 520//520 426//426 428//428
f 520//520 428//428 521//521
f 521//521 428//428 431//431
f 521//521 431//431 522//522
f 522//522 431//431 433//433
f 522//522 433//433 523//523
f 523//523 433//433 436//436
f 523//523 436//436 524//524
f 524//524 436//436 438//438
f 524//524 438//438 525//525
f 525//525 438//438 441//441
f 525//525 441//441 526//526
f 526//526 441//441 443//443
f 526//526 443//443 527//527
f 527//527 443//443 445//445
f 527//527 445//445 528//528
f 528//528 445//445 446//446
f 528//528 446//446 529//529
f 529//529 446//446 448//448
f 529//529 448//448 530//530
f 530//530 448//448 450//450
f 530//530 450//450 531//531
f 531//531 450//450 452//452
f 531//531 452//452 532//532
f 532//532 452//452 454//454
f 532//532 454//454 533//533
f 533//533 454//454 456//456
f 533//533 456//456 534//534
f 534//534 456//456 458//458
f 534//534 458//458 535//535
f 535//535 458//458 459//459
f 535//535 459//459 536//536
f 536//536 459//459 460//460
f 536//536 460//460 504//504
f 397//397 505//505 395//395
f 395//395 505//505 498//498
f 537//537 538//538 539//539
f 539//539 538//538 540//540
f 538//538 537//537 541//541
f 541//541 537//537 542//542
f 540//540 538//538 543//543
f 543//543 538//538 541//541
f 540//540 543//543 539//539
f 539//539 543//543 544//544
f 539//539 544//544 537//537
f 537//537 544//544 542//542
f 545//545 546//546 547//547
f 547//547 546//546 548//548
f 547//547 548//548 549//549
f 549//549 548//548 550//550
f 546//546 551//551 548//548
f 548//548 551//551 552//552
f 547//547 553//553 545//545
f 545//545 553//553 554//554
f 554//554 553//553 555//555
f 555//555 553//553 556//556
f 549//549 557//557 547//547
f 547//547 557//557 558//558
f 547//547 558//558 559//559
f 560//560 561//561 549//549
f 549//549 561//561 562//562
f 549//549 562//562 563//563
f 553//553 564//564 560//560
f 560//560 564//564 565//565
f 560//560 565//565 566//566
f 547//547 567//567 553//553
f 553//553 567//567 568//568
f 553//553 568//568 569//569
f 570//570 571//571 572//572
f 572//572 571//571 573//573
f 572//572 573//573 574//574
f 574//574 573//573 575//575
f 574//574 575//575 576//576
f 576//576 575//575 577//577
f 576//576 577//577 578//578
f 578//578 577//577 579//579
f 578//578 579//579 580//580
f 580//580 579//579 581//581
f 581//581 579//579 582//582
f 581//581 582//582 557//557
f 557//557 582//582 558//558
f 559//559 583//583 547//547
f 547//547 583//583 584//584
f 547//547 584//584 585//585
f 585//585 586//586 547//547
f 547//547 586//586 587//587
f 547//547 587//587 588//588
f 588//588 567//567 547//547
f 569//569 589//589 553//553
f 553//553 589//589 590//590
f 553//553 590//590 591//591
f 591//591 592//592 553//553
f 553//553 592//592 593//593
f 553//553 593//593 594//594
f 553//553 594//594 564//564
f 564//564 594//594 595//595
f 564//564 595//595 596//596
f 596//596 595//595 597//597
f 596//596 597//597 598//598
f 598//598 597//597 599//599
f 599//599 597//597 600//600
f 599//599 600//600 601//601
f 601//601 600//600 602//602
f 601//601 602//602 603//603
f 603//603 602//602 570//570
f 603//603 570//570 572//572
f 563//563 604//604 549//549
f 549//549 604//604 605//605
f 549//549 605//605 606//606
f 606//606 607//607 549//549
f 549//549 607//607 608//608
f 549//549 608//608 557//557
f 566//566 609//609 560//560
f 560//560 609//609 610//610
f 560//560 610//610 611//611
f 611//611 612//612 560//560
f 560//560 612//612 613//613
f 560//560 613//613 561//561
f 549//549 550//550 560//560
f 560//560 550//550 614//614
f 560//560 614//614 615//615
f 615//615 616//616 560//560
f 548//548 617//617 550//550
f 550//550 617//617 618//618
f 550//550 618//618 619//619
f 620//620 621//621 548//548
f 548//548 621//621 622//622
f 548//548 622//622 623//623
f 614//614 624//624 620//620
f 620//620 624//624 625//625
f 620//620 625//625 626//626
f 550//550 627//627 614//614
f 614//614 627//627 628//628
f 614//614 628//628 629//629
f 629//629 630//630 614//614
f 614//614 630//630 631//631
f 614//614 631//631 632//632
f 632//632 633//633 614//614
f 614//614 633//633 634//634
f 614//614 634//634 624//624
f 626//626 635//635 620//620
f 620//620 635//635 636//636
f 620//620 636//636 637//637
f 637//637 621//621 620//620
f 623//623 638//638 548//548
f 548//548 638//638 639//639
f 548//548 639//639 640//640
f 640//640 617//617 548//548
f 619//619 641//641 550//550
f 550//550 641//641 642//642
f 550//550 642//642 643//643
f 643//643 644//644 550//550
f 550//550 644//644 645//645
f 550//550 645//645 627//627
f 645//645 562//562 627//627
f 627//627 562//562 561//561
f 627//627 561//561 628//628
f 628//628 561//561 613//613
f 628//628 613//613 629//629
f 629//629 613//613 612//612
f 629//629 612//612 630//630
f 630//630 612//612 611//611
f 630//630 611//611 631//631
f 631//631 611//611 610//610
f 631//631 610//610 632//632
f 632//632 610//610 609//609
f 632//632 609//609 633//633
f 633//633 609//609 566//566
f 633//633 566//566 634//634
f 634//634 566//566 565//565
f 634//634 565//565 624//624
f 624//624 565//565 564//564
f 624//624 564//564 625//625
f 625//625 564//564 596//596
f 625//625 596//596 626//626
f 626//626 596//596 598//598
f 626//626 598//598 635//635
f 635//635 598//598 599//599
f 635//635 599//599 636//636
f 636//636 599//599 601//601
f 636//636 601//601 637//637
f 637//637 601//601 603//603
f 637//637 603//603 621//621
f 621//621 603//603 572//572
f 621//621 572//572 622//622
f 622//622 572//572 574//574
f 622//622 574//574 623//623
f 623//623 574//574 576//576
f 623//623 576//576 638//638
f 638//638 576//576 578//578
f 638//638 578//578 639//639
f 639//639 578//578 580//580
f 639//639 580//580 640//640
f 640//640 580//580 581//581
f 640//640 581//581 617//617
f 617//617 581//581 557//557
f 617//617 557//557 618//618
f 618//618 557//557 608//608
f 618//618 608//608 619//619
f 619//619 608//608 607//607
f 619//619 607//607 641//641
f 641//641 607//607 606//606
f 641//641 606//606 642//642
f 642//642 606//606 605//605
f 642//642 605//605 643//643
f 643//643 605//605 604//604
f 643//643 604//604 644//644
f 644//644 604//604 563//563
f 644//644 563//563 645//645
f 645//645 563//563 562//562
f 646//646 573//573 647//647
f 647//647 573//573 571//571
f 647//647 571//571 648//648
f 648//648 571//571 570//570
f 648//648 570//570 649//649
f 649//649 570//570 602//602
f 649//649 602//602 650//650
f 650//650 602//602 600//600
f 650//650 600//600 651//651
f 651//651 600//600 597//597
f 651//651 597//597 652//652
f 652//652 597//597 595//595
f 652//652 595//595 653//653
f 653//653 595//595 594//594
f 653//653 594//594 654//654
f 654//654 594//594 593//593
f 654//654 593//593 655//655
f 655//655 593//593 592//592
f 655//655 592//592 656//656
f 656//656 592//592 591//591
f 656//656 591//591 657//657
f 657//657 591//591 590//590
f 657//657 590//590 658//658
f 658//658 590//590 589//589
f 658//658 589//589 659//659
f 659//659 589//589 569//569
f 659//659 569//569 660//660
f 660//660 569//569 568//568
f 660//660 568//568 661//661
f 661//661 568//568 567//567
f 661//661 567//567 662//662
f 662//662 567//567 588//588
f 662//662 588//588 663//663
f 663//663 588//588 587//587
f 663//663 587//587 664//664
f 664//664 587//587 586//586
f 664//664 586//586 665//665
f 665//665 586//586 585//585
f 665//665 585//585 666//666
f 666//666 585//585 584//584
f 666//666 584//584 667//667
f 667//667 584//584 583//583
f 667//667 583//583 668//668
f 668//668 583//583 559//559
f 668//668 559//559 669//669
f 669//669 559//559 558//558
f 669//669 558//558 670//670
f 670//670 558//558 582//582
f 670//670 582//582 671//671
f 671//671 582//582 579//579
f 671//671 579//579 672//672
f 672//672 579//579 577//577
f 672//672 577//577 673//673
f 673//673 577//577 575//575
f 673//673 575//575 646//646
f 646//646 575//575 573//573
f 674//674 675//675 676//676
f 676//676 675//675 677//677
f 676//676 677//677 678//678
f 678//678 677//677 679//679
f 678//678 679//679 680//680
f 680//680 679//679 681//681
f 680//680 681//681 682//682
f 682//682 681//681 683//683
f 682//682 683//683 684//684
f 684//684 683//683 685//685
f 684//684 685//685 686//686
f 686//686 685//685 687//687
f 686//686 687//687 688//688
f 688//688 687//687 689//689
f 688//688 689//689 690//690
f 690//690 689//689 691//691
f 690//690 691//691 692//692
f 692//692 691//691 693//693
f 692//692 693//693 694//694
f 694//694 693//693 695//695
f 694//694 695//695 696//696
f 696//696 695//695 697//697
f 696//696 697//697 698//698
f 698//698 697//697 699//699
f 698//698 699//699 700//700
f 700//700 699//699 701//701
f 700//700 701//701 702//702
f 702//702 701//701 703//703
f 702//702 703//703 704//704
f 704//704 703//703 705//705
f 704//704 705//705 706//706
f 706//706 705//705 707//707
f 706//706 707//707 708//708
f 708//708 707//707 709//709
f 708//708 709//709 710//710
f 710//710 709//709 711//711
f 710//710 711//711 712//712
f 712//712 711//711 713//713
f 712//712 713//713 714//714
f 714//714 713//713 715//715
f 714//714 715//715 716//716
f 716//716 715//715 717//717
f 716//716 717//717 718//718
f 718//718 717//717 719//719
f 718//718 719//719 720//720
f 720//720 719//719 721//721
f 720//720 721//721 722//722
f 722//722 721//721 723//723
f 722//722 723//723 724//724
f 724//724 723//723 725//725
f 724//724 725//725 726//726
f 726//726 725//725 727//727
f 726//726 727//727 728//728
f 728//728 727//727 729//729
f 728//728 729//729 674//674
f 674//674 729//729 675//675
f 730//730 731//731 732//732
f 732//732 731//731 733//733
f 732//732 733//733 734//734
f 734//734 733//733 735//735
f 734//734 735//735 736//736
f 736//736 735//735 737//737
f 736//736 737//737 738//738
f 738//738 737//737 739//739
f 738//738 739//739 740//740
f 740//740 739//739 741//741
f 740//740 741//741 742//742
f 742//742 741//741 743//743
f 742//742 743//743 744//744
f 744//744 743//743 745//745
f 744//744 745//745 746//746
f 746//746 745//745 747//747
f 746//746 747//747 748//748
f 748//748 747//747 749//749
f 748//748 749//749 750//750
f 750//750 749//749 751//751
f 750//750 751//751 752//752
f 752//752 751//751 753//753
f 752//752 753//753 754//754
f 754//754 753//753 755//755
f 754//754 755//755 756//756
f 756//756 755//755 757//757
f 756//756 757//757 758//758
f 758//758 757//757 759//759
f 758//758 759//759 760//760
f 760//760 759//759 761//761
f 760//760 761//761 762//762
f 762//762 761//761 763//763
f 762//762 763//763 764//764
f 764//764 763//763 765//765
f 764//764 765//765 766//766
f 766//766 765//765 767//767
f 766//766 767//767 768//768
f 768//768 767//767 769//769
f 768//768 769//769 770//770
f 770//770 769//769 771//771
f 770//770 771//771 772//772
f 772//772 771//771 773//773
f 772//772 773//773 774//774
f 774//774 773//773 775//775
f 774//774 775//775 776//776
f 776//776 775//775 777//777
f 776//776 777//777 778//778
f 778//778 777//777 779//779
f 778//778 779//779 780//780
f 780//780 779//779 781//781
f 780//780 781//781 782//782
f 782//782 781//781 783//783
f 782//782 783//783 784//784
f 784//784 783//783 785//785
f 784//784 785//785 730//730
f 730//730 785//785 731//731
f 616//616 615//615 556//556
f 556//556 615//615 555//555
f 616//616 705//705 560//560
f 560//560 705//705 703//703
f 560//560 703//703 701//701
f 556//556 721//721 616//616
f 616//616 721//721 719//719
f 616//616 719//719 717//717
f 553//553 733//733 556//556
f 556//556 733//733 731//731
f 556//556 731//731 785//785
f 560//560 689//689 553//553
f 553//553 689//689 749//749
f 553//553 749//749 747//747
f 675//675 763//763 677//677
f 677//677 763//763 761//761
f 677//677 761//761 759//759
f 763//763 675//675 765//765
f 765//765 675//675 729//729
f 765//765 729//729 767//767
f 767//767 729//729 727//727
f 767//767 727//727 769//769
f 769//769 727//727 725//725
f 769//769 725//725 723//723
f 769//769 723//723 771//771
f 771//771 723//723 721//721
f 771//771 721//721 773//773
f 773//773 721//721 556//556
f 773//773 556//556 775//775
f 775//775 556//556 777//777
f 777//777 556//556 779//779
f 779//779 556//556 781//781
f 781//781 556//556 783//783
f 783//783 556//556 785//785
f 717//717 715//715 616//616
f 616//616 715//715 713//713
f 616//616 713//713 711//711
f 711//711 709//709 616//616
f 616//616 709//709 707//707
f 616//616 707//707 705//705
f 701//701 699//699 560//560
f 560//560 699//699 697//697
f 560//560 697//697 695//695
f 695//695 693//693 560//560
f 560//560 693//693 691//691
f 560//560 691//691 689//689
f 749//749 689//689 751//751
f 751//751 689//689 687//687
f 751//751 687//687 753//753
f 753//753 687//687 685//685
f 753//753 685//685 683//683
f 753//753 683//683 755//755
f 755//755 683//683 681//681
f 755//755 681//681 757//757
f 757//757 681//681 679//679
f 757//757 679//679 759//759
f 759//759 679//679 677//677
f 747//747 745//745 553//553
f 553//553 745//745 743//743
f 553//553 743//743 741//741
f 741//741 739//739 553//553
f 553//553 739//739 737//737
f 553//553 737//737 735//735
f 735//735 733//733 553//553
f 614//614 704//704 615//615
f 615//615 704//704 706//706
f 615//615 706//706 708//708
f 620//620 688//688 614//614
f 614//614 688//688 690//690
f 614//614 690//690 692//692
f 786//786 787//787 620//620
f 620//620 787//787 764//764
f 620//620 764//764 728//728
f 728//728 764//764 766//766
f 728//728 766//766 726//726
f 726//726 766//766 768//768
f 726//726 768//768 724//724
f 724//724 768//768 722//722
f 722//722 768//768 770//770
f 722//722 770//770 555//555
f 555//555 770//770 772//772
f 555//555 772//772 774//774
f 788//788 789//789 786//786
f 786//786 789//789 790//790
f 786//786 790//790 791//791
f 791//791 792//792 786//786
f 786//786 792//792 793//793
f 786//786 793//793 794//794
f 794//794 795//795 786//786
f 786//786 795//795 796//796
f 786//786 796//796 797//797
f 797//797 798//798 786//786
f 786//786 798//798 799//799
f 786//786 799//799 46//46
f 46//46 799//799 44//44
f 44//44 799//799 42//42
f 42//42 799//799 40//40
f 40//40 799//799 38//38
f 38//38 799//799 36//36
f 36//36 799//799 34//34
f 34//34 799//799 800//800
f 34//34 800//800 32//32
f 32//32 800//800 30//30
f 30//30 800//800 28//28
f 28//28 800//800 26//26
f 26//26 800//800 24//24
f 24//24 800//800 22//22
f 22//22 800//800 20//20
f 20//20 800//800 801//801
f 20//20 801//801 18//18
f 18//18 801//801 16//16
f 16//16 801//801 14//14
f 14//14 801//801 103//103
f 14//14 103//103 105//105
f 800//800 802//802 801//801
f 801//801 802//802 803//803
f 801//801 803//803 804//804
f 804//804 805//805 801//801
f 801//801 805//805 806//806
f 801//801 806//806 807//807
f 807//807 808//808 801//801
f 801//801 808//808 809//809
f 801//801 809//809 810//810
f 810//810 811//811 801//801
f 801//801 811//811 812//812
f 801//801 813//813 103//103
f 103//103 813//813 101//101
f 101//101 813//813 99//99
f 99//99 813//813 248//248
f 99//99 248//248 97//97
f 97//97 248//248 95//95
f 95//95 248//248 93//93
f 93//93 248//248 91//91
f 91//91 248//248 89//89
f 89//89 248//248 83//83
f 83//83 248//248 85//85
f 85//85 248//248 249//249
f 85//85 249//249 87//87
f 87//87 249//249 88//88
f 88//88 249//249 137//137
f 137//137 249//249 135//135
f 135//135 249//249 133//133
f 133//133 249//249 131//131
f 131//131 249//249 129//129
f 129//129 249//249 814//814
f 129//129 814//814 127//127
f 127//127 814//814 125//125
f 125//125 814//814 786//786
f 125//125 786//786 52//52
f 52//52 786//786 50//50
f 50//50 786//786 48//48
f 48//48 786//786 46//46
f 815//815 816//816 813//813
f 813//813 816//816 817//817
f 813//813 817//817 818//818
f 818//818 819//819 813//813
f 813//813 819//819 820//820
f 813//813 820//820 821//821
f 821//821 822//822 813//813
f 813//813 822//822 823//823
f 813//813 823//823 824//824
f 824//824 825//825 813//813
f 813//813 825//825 248//248
f 249//249 826//826 814//814
f 814//814 826//826 827//827
f 814//814 827//827 828//828
f 828//828 829//829 814//814
f 814//814 829//829 830//830
f 814//814 830//830 831//831
f 831//831 832//832 814//814
f 814//814 832//832 833//833
f 814//814 833//833 834//834
f 834//834 835//835 814//814
f 814//814 835//835 836//836
f 814//814 787//787 786//786
f 554//554 748//748 787//787
f 787//787 748//748 750//750
f 787//787 750//750 752//752
f 555//555 732//732 554//554
f 554//554 732//732 734//734
f 554//554 734//734 736//736
f 555//555 615//615 722//722
f 722//722 615//615 720//720
f 720//720 615//615 718//718
f 718//718 615//615 716//716
f 716//716 615//615 714//714
f 714//714 615//615 712//712
f 712//712 615//615 710//710
f 710//710 615//615 708//708
f 2//2 113//113 4//4
f 4//4 113//113 115//115
f 4//4 115//115 6//6
f 6//6 115//115 117//117
f 6//6 117//117 7//7
f 7//7 117//117 119//119
f 7//7 119//119 56//56
f 56//56 119//119 121//121
f 56//56 121//121 54//54
f 54//54 121//121 123//123
f 54//54 123//123 52//52
f 52//52 123//123 125//125
f 113//113 2//2 111//111
f 111//111 2//2 8//8
f 111//111 8//8 109//109
f 109//109 8//8 10//10
f 109//109 10//10 107//107
f 107//107 10//10 12//12
f 107//107 12//12 105//105
f 105//105 12//12 14//14
f 674//674 676//676 620//620
f 620//620 676//676 678//678
f 620//620 678//678 680//680
f 680//680 682//682 620//620
f 620//620 682//682 684//684
f 620//620 684//684 686//686
f 686//686 688//688 620//620
f 692//692 694//694 614//614
f 614//614 694//694 696//696
f 614//614 696//696 698//698
f 698//698 700//700 614//614
f 614//614 700//700 702//702
f 614//614 702//702 704//704
f 728//728 674//674 620//620
f 736//736 738//738 554//554
f 554//554 738//738 740//740
f 554//554 740//740 742//742
f 742//742 744//744 554//554
f 554//554 744//744 746//746
f 554//554 746//746 748//748
f 752//752 754//754 787//787
f 787//787 754//754 756//756
f 787//787 756//756 758//758
f 758//758 760//760 787//787
f 787//787 760//760 762//762
f 787//787 762//762 764//764
f 774//774 776//776 555//555
f 555//555 776//776 778//778
f 555//555 778//778 780//780
f 780//780 782//782 555//555
f 555//555 782//782 784//784
f 555//555 784//784 730//730
f 730//730 732//732 555//555
f 837//837 799//799 838//838
f 838//838 799//799 798//798
f 838//838 798//798 839//839
f 839//839 798//798 797//797
f 839//839 797//797 840//840
f 840//840 797//797 796//796
f 840//840 796//796 841//841
f 841//841 796//796 795//795
f 841//841 795//795 842//842
f 842//842 795//795 794//794
f 842//842 794//794 843//843
f 843//843 794//794 793//793
f 843//843 793//793 844//844
f 844//844 793//793 792//792
f 844//844 792//792 845//845
f 845//845 792//792 791//791
f 845//845 791//791 846//846
f 846//846 791//791 790//790
f 846//846 790//790 847//847
f 847//847 790//790 789//789
f 847//847 789//789 848//848
f 848//848 789//789 788//788
f 848//848 788//788 786//786
f 786//786 552//552 848//848
f 848//848 552//552 849//849
f 848//848 849//849 847//847
f 847//847 849//849 850//850
f 847//847 850//850 846//846
f 846//846 850//850 851//851
f 846//846 851//851 845//845
f 845//845 851//851 852//852
f 845//845 852//852 844//844
f 844//844 852//852 853//853
f 844//844 853//853 843//843
f 843//843 853//853 854//854
f 843//843 854//854 842//842
f 842//842 854//854 855//855
f 842//842 855//855 841//841
f 841//841 855//855 856//856
f 841//841 856//856 840//840
f 840//840 856//856 857//857
f 840//840 857//857 839//839
f 839//839 857//857 858//858
f 839//839 858//858 838//838
f 838//838 858//858 859//859
f 838//838 859//859 837//837
f 552//552 786//786 548//548
f 548//548 786//786 620//620
f 545//545 669//669 546//546
f 546//546 669//669 670//670
f 546//546 670//670 671//671
f 554//554 661//661 545//545
f 545//545 661//661 662//662
f 545//545 662//662 663//663
f 787//787 653//653 554//554
f 554//554 653//653 654//654
f 554//554 654//654 655//655
f 546//546 647//647 787//787
f 787//787 647//647 648//648
f 787//787 648//648 649//649
f 649//649 650//650 787//787
f 787//787 650//650 651//651
f 787//787 651//651 652//652
f 652//652 653//653 787//787
f 655//655 656//656 554//554
f 554//554 656//656 657//657
f 554//554 657//657 658//658
f 658//658 659//659 554//554
f 554//554 659//659 660//660
f 554//554 660//660 661//661
f 663//663 664//664 545//545
f 545//545 664//664 665//665
f 545//545 665//665 666//666
f 666//666 667//667 545//545
f 545//545 667//667 668//668
f 545//545 668//668 669//669
f 671//671 672//672 546//546
f 546//546 672//672 673//673
f 546//546 673//673 646//646
f 646//646 647//647 546//546
f 551//551 546//546 814//814
f 814//814 546//546 787//787
f 801//801 860//860 813//813
f 813//813 860//860 861//861
f 551//551 814//814 862//862
f 862//862 814//814 836//836
f 862//862 836//836 835//835
f 862//862 835//835 863//863
f 863//863 835//835 834//834
f 863//863 834//834 864//864
f 864//864 834//834 833//833
f 864//864 833//833 865//865
f 865//865 833//833 832//832
f 865//865 832//832 866//866
f 866//866 832//832 831//831
f 866//866 831//831 867//867
f 867//867 831//831 830//830
f 867//867 830//830 868//868
f 868//868 830//830 829//829
f 868//868 829//829 869//869
f 869//869 829//829 828//828
f 869//869 828//828 870//870
f 870//870 828//828 827//827
f 870//870 827//827 871//871
f 871//871 827//827 826//826
f 871//871 826//826 872//872
f 872//872 826//826 249//249
f 872//872 249//249 250//250
f 250//250 873//873 872//872
f 872//872 873//873 871//871
f 873//873 874//874 871//871
f 871//871 874//874 870//870
f 874//874 875//875 870//870
f 870//870 875//875 869//869
f 875//875 876//876 869//869
f 869//869 876//876 868//868
f 876//876 877//877 868//868
f 868//868 877//877 867//867
f 877//877 878//878 867//867
f 867//867 878//878 866//866
f 878//878 879//879 866//866
f 866//866 879//879 865//865
f 879//879 880//880 865//865
f 865//865 880//880 864//864
f 880//880 881//881 864//864
f 864//864 881//881 863//863
f 881//881 882//882 863//863
f 863//863 882//882 862//862
f 882//882 883//883 862//862
f 862//862 883//883 551//551
f 247//247 248//248 884//884
f 884//884 248//248 825//825
f 884//884 825//825 824//824
f 884//884 824//824 885//885
f 885//885 824//824 823//823
f 885//885 823//823 886//886
f 886//886 823//823 822//822
f 886//886 822//822 887//887
f 887//887 822//822 821//821
f 887//887 821//821 888//888
f 888//888 821//821 820//820
f 888//888 820//820 889//889
f 889//889 820//820 819//819
f 889//889 819//819 890//890
f 890//890 819//819 818//818
f 890//890 818//818 891//891
f 891//891 818//818 817//817
f 891//891 817//817 892//892
f 892//892 817//817 816//816
f 892//892 816//816 893//893
f 893//893 816//816 815//815
f 893//893 815//815 894//894
f 894//894 815//815 813//813
f 894//894 813//813 861//861
f 861//861 895//895 894//894
f 894//894 895//895 893//893
f 895//895 896//896 893//893
f 893//893 896//896 892//892
f 896//896 897//897 892//892
f 892//892 897//897 891//891
f 897//897 898//898 891//891
f 891//891 898//898 890//890
f 898//898 899//899 890//890
f 890//890 899//899 889//889
f 899//899 900//900 889//889
f 889//889 900//900 888//888
f 900//900 901//901 888//888
f 888//888 901//901 887//887
f 901//901 902//902 887//887
f 887//887 902//902 886//886
f 902//902 903//903 886//886
f 886//886 903//903 885//885
f 903//903 904//904 885//885
f 885//885 904//904 884//884
f 904//904 905//905 884//884
f 884//884 905//905 247//247
f 860//860 801//801 906//906
f 906//906 801//801 812//812
f 906//906 812//812 907//907
f 907//907 812//812 811//811
f 907//907 811//811 908//908
f 908//908 811//811 810//810
f 908//908 810//810 909//909
f 909//909 810//810 809//809
f 909//909 809//809 910//910
f 910//910 809//809 808//808
f 910//910 808//808 911//911
f 911//911 808//808 807//807
f 911//911 807//807 912//912
f 912//912 807//807 806//806
f 912//912 806//806 913//913
f 913//913 806//806 805//805
f 913//913 805//805 914//914
f 914//914 805//805 804//804
f 914//914 804//804 915//915
f 915//915 804//804 803//803
f 915//915 803//803 916//916
f 916//916 803//803 802//802
f 916//916 802//802 800//800
f 800//800 917//917 916//916
f 916//916 917//917 918//918
f 916//916 918//918 915//915
f 915//915 918//918 919//919
f 915//915 919//919 914//914
f 914//914 919//919 920//920
f 914//914 920//920 913//913
f 913//913 920//920 921//921
f 913//913 921//921 912//912
f 912//912 921//921 922//922
f 912//912 922//922 911//911
f 911//911 922//922 923//923
f 911//911 923//923 910//910
f 910//910 923//923 924//924
f 910//910 924//924 909//909
f 909//909 924//924 925//925
f 909//909 925//925 908//908
f 908//908 925//925 926//926
f 908//908 926//926 907//907
f 907//907 926//926 927//927
f 907//907 927//927 906//906
f 906//906 927//927 928//928
f 906//906 928//928 860//860
f 799//799 837//837 800//800
f 800//800 837//837 917//917
f 211//211 213//213 929//929
f 929//929 213//213 247//247
f 929//929 247//247 905//905
f 929//929 905//905 930//930
f 930//930 905//905 904//904
f 930//930 904//904 931//931
f 931//931 904//904 903//903
f 931//931 903//903 932//932
f 932//932 903//903 902//902
f 932//932 902//902 933//933
f 933//933 902//902 901//901
f 933//933 901//901 934//934
f 934//934 901//901 900//900
f 934//934 900//900 899//899
f 934//934 899//899 935//935
f 935//935 899//899 898//898
f 935//935 898//898 936//936
f 936//936 898//898 897//897
f 936//936 897//897 937//937
f 937//937 897//897 896//896
f 937//937 896//896 938//938
f 938//938 896//896 895//895
f 938//938 895//895 939//939
f 939//939 895//895 861//861
f 939//939 861//861 940//940
f 940//940 861//861 860//860
f 940//940 860//860 928//928
f 940//940 928//928 941//941
f 941//941 928//928 927//927
f 941//941 927//927 942//942
f 942//942 927//927 926//926
f 942//942 926//926 943//943
f 943//943 926//926 925//925
f 943//943 925//925 944//944
f 944//944 925//925 924//924
f 944//944 924//924 945//945
f 945//945 924//924 923//923
f 945//945 923//923 922//922
f 945//945 922//922 946//946
f 946//946 922//922 921//921
f 946//946 921//921 947//947
f 947//947 921//921 920//920
f 947//947 920//920 948//948
f 948//948 920//920 919//919
f 948//948 919//919 949//949
f 949//949 919//919 918//918
f 949//949 918//918 950//950
f 950//950 918//918 917//917
f 950//950 917//917 837//837
f 950//950 837//837 951//951
f 951//951 837//837 859//859
f 951//951 859//859 952//952
f 952//952 859//859 858//858
f 952//952 858//858 953//953
f 953//953 858//858 857//857
f 953//953 857//857 954//954
f 954//954 857//857 856//856
f 954//954 856//856 955//955
f 955//955 856//856 855//855
f 955//955 855//855 956//956
f 956//956 855//855 854//854
f 956//956 854//854 853//853
f 956//956 853//853 957//957
f 957//957 853//853 852//852
f 957//957 852//852 958//958
f 958//958 852//852 851//851
f 958//958 851//851 959//959
f 959//959 851//851 850//850
f 959//959 850//850 960//960
f 960//960 850//850 849//849
f 960//960 849//849 961//961
f 961//961 849//849 552//552
f 961//961 552//552 962//962
f 962//962 552//552 551//551
f 962//962 551//551 883//883
f 962//962 883//883 963//963
f 963//963 883//883 882//882
f 963//963 882//882 964//964
f 964//964 882//882 881//881
f 964//964 881//881 965//965
f 965//965 881//881 880//880
f 965//965 880//880 966//966
f 966//966 880//880 879//879
f 966//966 879//879 967//967
f 967//967 879//879 878//878
f 967//967 878//878 877//877
f 967//967 877//877 968//968
f 968//968 877//877 876//876
f 968//968 876//876 969//969
f 969//969 876//876 875//875
f 969//969 875//875 970//970
f 970//970 875//875 874//874
f 970//970 874//874 971//971
f 971//971 874//874 873//873
f 971//971 873//873 251//251
f 251//251 873//873 250//250
f 251//251 250//250 218//218
f 218//218 216//216 251//251
f 972//972 973//973 974//974
f 974//974 973//973 975//975
f 974//974 975//975 976//976
f 976//976 975//975 977//977
f 977//977 975//975 978//978
f 978//978 975//975 979//979
f 978//978 979//979 980//980
f 980//980 979//979 981//981
f 980//980 981//981 982//982
f 982//982 981//981 983//983
f 982//982 983//983 984//984
f 984//984 983//983 985//985
f 984//984 985//985 986//986
f 986//986 985//985 987//987
f 986//986 987//987 988//988
f 988//988 987//987 989//989
f 989//989 987//987 990//990
f 990//990 987//987 991//991
f 990//990 991//991 992//992
f 992//992 991//991 993//993
f 992//992 993//993 994//994
f 994//994 993//993 995//995
f 994//994 995//995 972//972
f 972//972 995//995 973//973
f 979//979 975//975 973//973
f 979//979 973//973 995//995
f 981//981 979//979 995//995
f 981//981 995//995 993//993
f 983//983 981//981 993//993
f 983//983 993//993 991//991
f 985//985 983//983 991//991
f 985//985 991//991 987//987
f 996//996 997//997 998//998
f 998//998 997//997 999//999
f 998//998 999//999 1000//1000
f 998//998 1000//1000 1001//1001
f 1001//1001 1000//1000 1002//1002
f 1001//1001 1002//1002 1003//1003
f 1003//1003 1002//1002 1004//1004
f 1003//1003 1004//1004 1005//1005
f 1005//1005 1004//1004 1006//1006
f 1005//1005 1006//1006 1007//1007
f 1007//1007 1006//1006 1008//1008
f 1007//1007 1008//1008 1009//1009
f 1007//1007 1009//1009 1010//1010
f 1010//1010 1009//1009 1011//1011
f 1010//1010 1011//1011 1012//1012
f 1012//1012 1011//1011 1013//1013
f 1012//1012 1013//1013 1014//1014
f 1014//1014 1013//1013 1015//1015
f 1014//1014 1015//1015 1016//1016
f 1016//1016 1015//1015 1017//1017
f 1016//1016 1017//1017 1018//1018
f 1018//1018 1017//1017 1019//1019
f 1018//1018 1019//1019 1020//1020
f 1020//1020 1019//1019 1021//1021
f 1020//1020 1021//1021 1022//1022
f 1022//1022 1021//1021 1023//1023
f 1022//1022 1023//1023 1024//1024
f 1024//1024 1023//1023 1025//1025
f 1024//1024 1025//1025 977//977
f 977//977 1025//1025 976//976
f 977//977 978//978 1024//1024
f 1024//1024 978//978 1026//1026
f 1024//1024 1026//1026 1022//1022
f 1022//1022 1026//1026 1027//1027
f 1022//1022 1027//1027 1020//1020
f 1020//1020 1027//1027 1028//1028
f 1020//1020 1028//1028 1018//1018
f 1018//1018 1028//1028 1029//1029
f 1018//1018 1029//1029 1016//1016
f 1016//1016 1029//1029 1030//1030
f 1016//1016 1030//1030 1014//1014
f 1014//1014 1030//1030 1031//1031
f 1014//1014 1031//1031 1012//1012
f 1012//1012 1031//1031 1032//1032
f 1012//1012 1032//1032 1010//1010
f 1010//1010 1032//1032 1033//1033
f 1010//1010 1033//1033 1007//1007
f 1007//1007 1033//1033 1005//1005
f 978//978 980//980 1026//1026
f 1026//1026 980//980 1034//1034
f 1026//1026 1034//1034 1027//1027
f 1027//1027 1034//1034 1035//1035
f 1027//1027 1035//1035 1028//1028
f 1028//1028 1035//1035 1036//1036
f 1028//1028 1036//1036 1029//1029
f 1029//1029 1036//1036 1037//1037
f 1029//1029 1037//1037 1030//1030
f 1030//1030 1037//1037 1038//1038
f 1030//1030 1038//1038 1031//1031
f 1031//1031 1038//1038 1039//1039
f 1031//1031 1039//1039 1032//1032
f 1032//1032 1039//1039 1040//1040
f 1032//1032 1040//1040 1033//1033
f 1033//1033 1040//1040 1041//1041
f 1033//1033 1041//1041 1005//1005
f 1005//1005 1041//1041 1003//1003
f 980//980 982//982 1034//1034
f 1034//1034 982//982 1042//1042
f 1034//1034 1042//1042 1035//1035
f 1035//1035 1042//1042 1043//1043
f 1035//1035 1043//1043 1036//1036
f 1036//1036 1043//1043 1044//1044
f 1036//1036 1044//1044 1037//1037
f 1037//1037 1044//1044 1045//1045
f 1037//1037 1045//1045 1038//1038
f 1038//1038 1045//1045 1046//1046
f 1038//1038 1046//1046 1039//1039
f 1039//1039 1046//1046 1047//1047
f 1039//1039 1047//1047 1040//1040
f 1040//1040 1047//1047 1048//1048
f 1040//1040 1048//1048 1041//1041
f 1041//1041 1048//1048 1049//1049
f 1041//1041 1049//1049 1003//1003
f 1003//1003 1049//1049 1001//1001
f 982//982 984//984 1042//1042
f 1042//1042 984//984 1050//1050
f 1042//1042 1050//1050 1043//1043
f 1043//1043 1050//1050 1051//1051
f 1043//1043 1051//1051 1044//1044
f 1044//1044 1051//1051 1052//1052
f 1044//1044 1052//1052 1045//1045
f 1045//1045 1052//1052 1053//1053
f 1045//1045 1053//1053 1046//1046
f 1046//1046 1053//1053 1054//1054
f 1046//1046 1054//1054 1047//1047
f 1047//1047 1054//1054 1055//1055
f 1047//1047 1055//1055 1048//1048
f 1048//1048 1055//1055 1056//1056
f 1048//1048 1056//1056 1049//1049
f 1049//1049 1056//1056 1057//1057
f 1049//1049 1057//1057 1001//1001
f 1001//1001 1057//1057 998//998
f 984//984 986//986 1050//1050
f 1050//1050 986//986 1058//1058
f 1050//1050 1058//1058 1051//1051
f 1051//1051 1058//1058 1059//1059
f 1051//1051 1059//1059 1052//1052
f 1052//1052 1059//1059 1060//1060
f 1052//1052 1060//1060 1053//1053
f 1053//1053 1060//1060 1061//1061
f 1053//1053 1061//1061 1054//1054
f 1054//1054 1061//1061 1055//1055
f 1061//1061 1062//1062 1055//1055
f 1055//1055 1062//1062 1056//1056
f 1062//1062 1063//1063 1056//1056
f 1056//1056 1063//1063 1057//1057
f 1063//1063 996//996 1057//1057
f 1057//1057 996//996 998//998
f 244//244 1006//1006 246//246
f 246//246 1006//1006 1064//1064
f 246//246 1064//1064 1065//1065
f 1065//1065 1064//1064 1066//1066
f 1065//1065 1066//1066 1067//1067
f 1067//1067 1066//1066 1068//1068
f 1068//1068 1066//1066 1069//1069
f 1068//1068 1069//1069 1070//1070
f 1070//1070 1069//1069 1071//1071
f 1070//1070 1071//1071 1072//1072
f 1072//1072 1071//1071 1073//1073
f 1072//1072 1073//1073 1074//1074
f 1074//1074 1073//1073 1075//1075
f 1074//1074 1075//1075 997//997
f 997//997 1075//1075 999//999
f 999//999 1075//1075 1000//1000
f 1000//1000 1075//1075 1076//1076
f 1000//1000 1076//1076 1002//1002
f 1002//1002 1076//1076 1077//1077
f 1002//1002 1077//1077 1004//1004
f 1004//1004 1077//1077 1078//1078
f 1004//1004 1078//1078 1006//1006
f 1006//1006 1078//1078 1064//1064
f 244//244 242//242 1006//1006
f 1006//1006 242//242 1008//1008
f 1008//1008 242//242 240//240
f 1008//1008 240//240 239//239
f 1067//1067 1079//1079 1065//1065
f 1065//1065 1079//1079 232//232
f 1065//1065 232//232 246//246
f 252//252 228//228 1079//1079
f 1079//1079 228//228 230//230
f 1079//1079 230//230 232//232
f 220//220 219//219 252//252
f 252//252 219//219 228//228
f 1066//1066 1064//1064 1078//1078
f 1069//1069 1066//1066 1078//1078
f 1069//1069 1078//1078 1077//1077
f 1071//1071 1069//1069 1077//1077
f 1071//1071 1077//1077 1076//1076
f 1073//1073 1071//1071 1076//1076
f 1073//1073 1076//1076 1075//1075
f 1080//1080 1081//1081 1082//1082
f 1082//1082 1081//1081 1083//1083
f 1082//1082 1083//1083 1084//1084
f 1082//1082 1084//1084 1085//1085
f 1085//1085 1084//1084 1086//1086
f 1085//1085 1086//1086 1087//1087
f 1087//1087 1086//1086 1088//1088
f 1087//1087 1088//1088 1089//1089
f 1089//1089 1088//1088 1090//1090
f 1089//1089 1090//1090 1091//1091
f 1091//1091 1090//1090 1092//1092
f 1091//1091 1092//1092 1093//1093
f 1091//1091 1093//1093 1094//1094
f 1094//1094 1093//1093 1095//1095
f 1094//1094 1095//1095 1096//1096
f 1096//1096 1095//1095 1097//1097
f 1096//1096 1097//1097 1098//1098
f 1098//1098 1097//1097 1099//1099
f 1098//1098 1099//1099 1100//1100
f 1100//1100 1099//1099 1101//1101
f 1100//1100 1101//1101 1102//1102
f 1102//1102 1101//1101 1103//1103
f 1102//1102 1103//1103 1104//1104
f 1104//1104 1103//1103 1105//1105
f 1104//1104 1105//1105 1106//1106
f 1106//1106 1105//1105 1107//1107
f 1106//1106 1107//1107 1108//1108
f 1108//1108 1107//1107 1109//1109
f 1108//1108 1109//1109 1079//1079
f 1079//1079 1109//1109 252//252
f 1079//1079 1067//1067 1108//1108
f 1108//1108 1067//1067 1110//1110
f 1108//1108 1110//1110 1106//1106
f 1106//1106 1110//1110 1111//1111
f 1106//1106 1111//1111 1104//1104
f 1104//1104 1111//1111 1112//1112
f 1104//1104 1112//1112 1102//1102
f 1102//1102 1112//1112 1113//1113
f 1102//1102 1113//1113 1100//1100
f 1100//1100 1113//1113 1114//1114
f 1100//1100 1114//1114 1098//1098
f 1098//1098 1114//1114 1115//1115
f 1098//1098 1115//1115 1096//1096
f 1096//1096 1115//1115 1116//1116
f 1096//1096 1116//1116 1094//1094
f 1094//1094 1116//1116 1117//1117
f 1094//1094 1117//1117 1091//1091
f 1091//1091 1117//1117 1089//1089
f 1067//1067 1068//1068 1110//1110
f 1110//1110 1068//1068 1118//1118
f 1110//1110 1118//1118 1111//1111
f 1111//1111 1118//1118 1119//1119
f 1111//1111 1119//1119 1112//1112
f 1112//1112 1119//1119 1120//1120
f 1112//1112 1120//1120 1113//1113
f 1113//1113 1120//1120 1121//1121
f 1113//1113 1121//1121 1114//1114
f 1114//1114 1121//1121 1122//1122
f 1114//1114 1122//1122 1115//1115
f 1115//1115 1122//1122 1123//1123
f 1115//1115 1123//1123 1116//1116
f 1116//1116 1123//1123 1124//1124
f 1116//1116 1124//1124 1117//1117
f 1117//1117 1124//1124 1125//1125
f 1117//1117 1125//1125 1089//1089
f 1089//1089 1125//1125 1087//1087
f 1068//1068 1070//1070 1118//1118
f 1118//1118 1070//1070 1126//1126
f 1118//1118 1126//1126 1119//1119
f 1119//1119 1126//1126 1127//1127
f 1119//1119 1127//1127 1120//1120
f 1120//1120 1127//1127 1128//1128
f 1120//1120 1128//1128 1121//1121
f 1121//1121 1128//1128 1129//1129
f 1121//1121 1129//1129 1122//1122
f 1122//1122 1129//1129 1130//1130
f 1122//1122 1130//1130 1123//1123
f 1123//1123 1130//1130 1131//1131
f 1123//1123 1131//1131 1124//1124
f 1124//1124 1131//1131 1132//1132
f 1124//1124 1132//1132 1125//1125
f 1125//1125 1132//1132 1133//1133
f 1125//1125 1133//1133 1087//1087
f 1087//1087 1133//1133 1085//1085
f 1070//1070 1072//1072 1126//1126
f 1126//1126 1072//1072 1134//1134
f 1126//1126 1134//1134 1127//1127
f 1127//1127 1134//1134 1135//1135
f 1127//1127 1135//1135 1128//1128
f 1128//1128 1135//1135 1136//1136
f 1128//1128 1136//1136 1129//1129
f 1129//1129 1136//1136 1137//1137
f 1129//1129 1137//1137 1130//1130
f 1130//1130 1137//1137 1138//1138
f 1130//1130 1138//1138 1131//1131
f 1131//1131 1138//1138 1139//1139
f 1131//1131 1139//1139 1132//1132
f 1132//1132 1139//1139 1140//1140
f 1132//1132 1140//1140 1133//1133
f 1133//1133 1140//1140 1141//1141
f 1133//1133 1141//1141 1085//1085
f 1085//1085 1141//1141 1082//1082
f 1072//1072 1074//1074 1134//1134
f 1134//1134 1074//1074 1142//1142
f 1134//1134 1142//1142 1135//1135
f 1135//1135 1142//1142 1143//1143
f 1135//1135 1143//1143 1136//1136
f 1136//1136 1143//1143 1144//1144
f 1136//1136 1144//1144 1137//1137
f 1137//1137 1144//1144 1145//1145
f 1137//1137 1145//1145 1138//1138
f 1138//1138 1145//1145 1139//1139
f 1145//1145 1146//1146 1139//1139
f 1139//1139 1146//1146 1140//1140
f 1146//1146 1147//1147 1140//1140
f 1140//1140 1147//1147 1141//1141
f 1147//1147 1080//1080 1141//1141
f 1141//1141 1080//1080 1082//1082
f 1148//1148 1149//1149 1150//1150
f 1150//1150 1149//1149 1151//1151
f 1150//1150 1151//1151 1081//1081
f 1081//1081 1151//1151 1083//1083
f 1083//1083 1151//1151 1084//1084
f 1084//1084 1151//1151 1152//1152
f 1084//1084 1152//1152 1086//1086
f 1086//1086 1152//1152 1153//1153
f 1086//1086 1153//1153 1088//1088
f 1088//1088 1153//1153 1154//1154
f 1088//1088 1154//1154 1090//1090
f 1090//1090 1154//1154 1155//1155
f 1090//1090 1155//1155 1092//1092
f 1092//1092 1155//1155 1156//1156
f 1092//1092 1156//1156 1157//1157
f 1157//1157 1156//1156 1158//1158
f 1158//1158 1156//1156 1159//1159
f 1159//1159 1156//1156 1160//1160
f 1159//1159 1160//1160 1161//1161
f 1161//1161 1160//1160 1162//1162
f 1161//1161 1162//1162 1163//1163
f 1163//1163 1162//1162 1164//1164
f 1163//1163 1164//1164 1148//1148
f 1148//1148 1164//1164 1149//1149
f 1152//1152 1151//1151 1149//1149
f 1152//1152 1149//1149 1164//1164
f 1153//1153 1152//1152 1164//1164
f 1153//1153 1164//1164 1162//1162
f 1154//1154 1153//1153 1162//1162
f 1154//1154 1162//1162 1160//1160
f 1155//1155 1154//1154 1160//1160
f 1155//1155 1160//1160 1156//1156
f 1165//1165 1166//1166 1167//1167
f 1167//1167 1166//1166 1168//1168
f 1167//1167 1168//1168 1169//1169
f 1167//1167 1169//1169 1170//1170
f 1170//1170 1169//1169 1171//1171
f 1170//1170 1171//1171 1172//1172
f 1172//1172 1171//1171 1173//1173
f 1172//1172 1173//1173 1174//1174
f 1174//1174 1173//1173 1175//1175
f 1174//1174 1175//1175 1176//1176
f 1176//1176 1175//1175 1177//1177
f 1176//1176 1177//1177 1178//1178
f 1176//1176 1178//1178 1179//1179
f 1179//1179 1178//1178 1180//1180
f 1179//1179 1180//1180 1181//1181
f 1181//1181 1180//1180 1182//1182
f 1181//1181 1182//1182 1183//1183
f 1183//1183 1182//1182 1184//1184
f 1183//1183 1184//1184 1185//1185
f 1185//1185 1184//1184 1186//1186
f 1185//1185 1186//1186 1187//1187
f 1187//1187 1186//1186 1188//1188
f 1187//1187 1188//1188 1189//1189
f 1189//1189 1188//1188 1190//1190
f 1189//1189 1190//1190 1191//1191
f 1191//1191 1190//1190 1192//1192
f 1191//1191 1192//1192 1193//1193
f 1193//1193 1192//1192 1194//1194
f 1193//1193 1194//1194 1158//1158
f 1158//1158 1194//1194 1157//1157
f 1158//1158 1159//1159 1193//1193
f 1193//1193 1159//1159 1195//1195
f 1193//1193 1195//1195 1191//1191
f 1191//1191 1195//1195 1196//1196
f 1191//1191 1196//1196 1189//1189
f 1189//1189 1196//1196 1197//1197
f 1189//1189 1197//1197 1187//1187
f 1187//1187 1197//1197 1198//1198
f 1187//1187 1198//1198 1185//1185
f 1185//1185 1198//1198 1199//1199
f 1185//1185 1199//1199 1183//1183
f 1183//1183 1199//1199 1200//1200
f 1183//1183 1200//1200 1181//1181
f 1181//1181 1200//1200 1201//1201
f 1181//1181 1201//1201 1179//1179
f 1179//1179 1201//1201 1202//1202
f 1179//1179 1202//1202 1176//1176
f 1176//1176 1202//1202 1174//1174
f 1159//1159 1161//1161 1195//1195
f 1195//1195 1161//1161 1203//1203
f 1195//1195 1203//1203 1196//1196
f 1196//1196 1203//1203 1204//1204
f 1196//1196 1204//1204 1197//1197
f 1197//1197 1204//1204 1205//1205
f 1197//1197 1205//1205 1198//1198
f 1198//1198 1205//1205 1206//1206
f 1198//1198 1206//1206 1199//1199
f 1199//1199 1206//1206 1207//1207
f 1199//1199 1207//1207 1200//1200
f 1200//1200 1207//1207 1208//1208
f 1200//1200 1208//1208 1201//1201
f 1201//1201 1208//1208 1209//1209
f 1201//1201 1209//1209 1202//1202
f 1202//1202 1209//1209 1210//1210
f 1202//1202 1210//1210 1174//1174
f 1174//1174 1210//1210 1172//1172
f 1161//1161 1163//1163 1203//1203
f 1203//1203 1163//1163 1211//1211
f 1203//1203 1211//1211 1204//1204
f 1204//1204 1211//1211 1212//1212
f 1204//1204 1212//1212 1205//1205
f 1205//1205 1212//1212 1213//1213
f 1205//1205 1213//1213 1206//1206
f 1206//1206 1213//1213 1214//1214
f 1206//1206 1214//1214 1207//1207
f 1207//1207 1214//1214 1215//1215
f 1207//1207 1215//1215 1208//1208
f 1208//1208 1215//1215 1216//1216
f 1208//1208 1216//1216 1209//1209
f 1209//1209 1216//1216 1217//1217
f 1209//1209 1217//1217 1210//1210
f 1210//1210 1217//1217 1218//1218
f 1210//1210 1218//1218 1172//1172
f 1172//1172 1218//1218 1170//1170
f 1163//1163 1148//1148 1211//1211
f 1211//1211 1148//1148 1219//1219
f 1211//1211 1219//1219 1212//1212
f 1212//1212 1219//1219 1220//1220
f 1212//1212 1220//1220 1213//1213
f 1213//1213 1220//1220 1221//1221
f 1213//1213 1221//1221 1214//1214
f 1214//1214 1221//1221 1222//1222
f 1214//1214 1222//1222 1215//1215
f 1215//1215 1222//1222 1223//1223
f 1215//1215 1223//1223 1216//1216
f 1216//1216 1223//1223 1224//1224
f 1216//1216 1224//1224 1217//1217
f 1217//1217 1224//1224 1225//1225
f 1217//1217 1225//1225 1218//1218
f 1218//1218 1225//1225 1226//1226
f 1218//1218 1226//1226 1170//1170
f 1170//1170 1226//1226 1167//1167
f 1148//1148 1150//1150 1219//1219
f 1219//1219 1150//1150 1227//1227
f 1219//1219 1227//1227 1220//1220
f 1220//1220 1227//1227 1228//1228
f 1220//1220 1228//1228 1221//1221
f 1221//1221 1228//1228 1229//1229
f 1221//1221 1229//1229 1222//1222
f 1222//1222 1229//1229 1230//1230
f 1222//1222 1230//1230 1223//1223
f 1223//1223 1230//1230 1224//1224
f 1230//1230 1231//1231 1224//1224
f 1224//1224 1231//1231 1225//1225
f 1231//1231 1232//1232 1225//1225
f 1225//1225 1232//1232 1226//1226
f 1232//1232 1165//1165 1226//1226
f 1226//1226 1165//1165 1167//1167
f 1233//1233 1234//1234 1235//1235
f 1235//1235 1234//1234 1236//1236
f 1235//1235 1236//1236 1166//1166
f 1166//1166 1236//1236 1168//1168
f 1168//1168 1236//1236 1169//1169
f 1169//1169 1236//1236 1237//1237
f 1169//1169 1237//1237 1171//1171
f 1171//1171 1237//1237 1238//1238
f 1171//1171 1238//1238 1173//1173
f 1173//1173 1238//1238 1239//1239
f 1173//1173 1239//1239 1175//1175
f 1175//1175 1239//1239 1240//1240
f 1175//1175 1240//1240 1177//1177
f 1177//1177 1240//1240 1241//1241
f 1177//1177 1241//1241 1242//1242
f 1242//1242 1241//1241 1243//1243
f 1243//1243 1241//1241 1244//1244
f 1244//1244 1241//1241 1245//1245
f 1244//1244 1245//1245 1246//1246
f 1246//1246 1245//1245 1247//1247
f 1246//1246 1247//1247 1248//1248
f 1248//1248 1247//1247 1249//1249
f 1248//1248 1249//1249 1233//1233
f 1233//1233 1249//1249 1234//1234
f 1237//1237 1236//1236 1234//1234
f 1237//1237 1234//1234 1249//1249
f 1238//1238 1237//1237 1249//1249
f 1238//1238 1249//1249 1247//1247
f 1239//1239 1238//1238 1247//1247
f 1239//1239 1247//1247 1245//1245
f 1240//1240 1239//1239 1245//1245
f 1240//1240 1245//1245 1241//1241
f 1250//1250 988//988 1251//1251
f 1251//1251 988//988 989//989
f 1251//1251 989//989 990//990
f 1251//1251 990//990 1252//1252
f 1252//1252 990//990 992//992
f 1252//1252 992//992 1253//1253
f 1253//1253 992//992 994//994
f 1253//1253 994//994 1254//1254
f 1254//1254 994//994 972//972
f 1254//1254 972//972 1255//1255
f 1255//1255 972//972 974//974
f 1255//1255 974//974 1256//1256
f 1255//1255 1256//1256 1257//1257
f 1257//1257 1256//1256 1258//1258
f 1257//1257 1258//1258 1259//1259
f 1259//1259 1258//1258 1260//1260
f 1259//1259 1260//1260 1261//1261
f 1261//1261 1260//1260 1262//1262
f 1261//1261 1262//1262 1263//1263
f 1263//1263 1262//1262 1264//1264
f 1263//1263 1264//1264 1265//1265
f 1265//1265 1264//1264 1266//1266
f 1265//1265 1266//1266 1267//1267
f 1267//1267 1266//1266 1268//1268
f 1267//1267 1268//1268 1269//1269
f 1269//1269 1268//1268 1270//1270
f 1269//1269 1270//1270 1271//1271
f 1271//1271 1270//1270 1272//1272
f 1271//1271 1272//1272 1243//1243
f 1243//1243 1272//1272 1242//1242
f 1243//1243 1244//1244 1271//1271
f 1271//1271 1244//1244 1273//1273
f 1271//1271 1273//1273 1269//1269
f 1269//1269 1273//1273 1274//1274
f 1269//1269 1274//1274 1267//1267
f 1267//1267 1274//1274 1275//1275
f 1267//1267 1275//1275 1265//1265
f 1265//1265 1275//1275 1276//1276
f 1265//1265 1276//1276 1263//1263
f 1263//1263 1276//1276 1277//1277
f 1263//1263 1277//1277 1261//1261
f 1261//1261 1277//1277 1278//1278
f 1261//1261 1278//1278 1259//1259
f 1259//1259 1278//1278 1279//1279
f 1259//1259 1279//1279 1257//1257
f 1257//1257 1279//1279 1280//1280
f 1257//1257 1280//1280 1255//1255
f 1255//1255 1280//1280 1254//1254
f 1244//1244 1246//1246 1273//1273
f 1273//1273 1246//1246 1281//1281
f 1273//1273 1281//1281 1274//1274
f 1274//1274 1281//1281 1282//1282
f 1274//1274 1282//1282 1275//1275
f 1275//1275 1282//1282 1283//1283
f 1275//1275 1283//1283 1276//1276
f 1276//1276 1283//1283 1284//1284
f 1276//1276 1284//1284 1277//1277
f 1277//1277 1284//1284 1285//1285
f 1277//1277 1285//1285 1278//1278
f 1278//1278 1285//1285 1286//1286
f 1278//1278 1286//1286 1279//1279
f 1279//1279 1286//1286 1287//1287
f 1279//1279 1287//1287 1280//1280
f 1280//1280 1287//1287 1288//1288
f 1280//1280 1288//1288 1254//1254
f 1254//1254 1288//1288 1253//1253
f 1246//1246 1248//1248 1281//1281
f 1281//1281 1248//1248 1289//1289
f 1281//1281 1289//1289 1282//1282
f 1282//1282 1289//1289 1290//1290
f 1282//1282 1290//1290 1283//1283
f 1283//1283 1290//1290 1291//1291
f 1283//1283 1291//1291 1284//1284
f 1284//1284 1291//1291 1292//1292
f 1284//1284 1292//1292 1285//1285
f 1285//1285 1292//1292 1293//1293
f 1285//1285 1293//1293 1286//1286
f 1286//1286 1293//1293 1294//1294
f 1286//1286 1294//1294 1287//1287
f 1287//1287 1294//1294 1295//1295
f 1287//1287 1295//1295 1288//1288
f 1288//1288 1295//1295 1296//1296
f 1288//1288 1296//1296 1253//1253
f 1253//1253 1296//1296 1252//1252
f 1248//1248 1233//1233 1289//1289
f 1289//1289 1233//1233 1297//1297
f 1289//1289 1297//1297 1290//1290
f 1290//1290 1297//1297 1298//1298
f 1290//1290 1298//1298 1291//1291
f 1291//1291 1298//1298 1299//1299
f 1291//1291 1299//1299 1292//1292
f 1292//1292 1299//1299 1300//1300
f 1292//1292 1300//1300 1293//1293
f 1293//1293 1300//1300 1301//1301
f 1293//1293 1301//1301 1294//1294
f 1294//1294 1301//1301 1302//1302
f 1294//1294 1302//1302 1295//1295
f 1295//1295 1302//1302 1303//1303
f 1295//1295 1303//1303 1296//1296
f 1296//1296 1303//1303 1304//1304
f 1296//1296 1304//1304 1252//1252
f 1252//1252 1304//1304 1251//1251
f 1233//1233 1235//1235 1297//1297
f 1297//1297 1235//1235 1305//1305
f 1297//1297 1305//1305 1298//1298
f 1298//1298 1305//1305 1306//1306
f 1298//1298 1306//1306 1299//1299
f 1299//1299 1306//1306 1307//1307
f 1299//1299 1307//1307 1300//1300
f 1300//1300 1307//1307 1308//1308
f 1300//1300 1308//1308 1301//1301
f 1301//1301 1308//1308 1302//1302
f 1308//1308 1309//1309 1302//1302
f 1302//1302 1309//1309 1303//1303
f 1309//1309 1310//1310 1303//1303
f 1303//1303 1310//1310 1304//1304
f 1310//1310 1250//1250 1304//1304
f 1304//1304 1250//1250 1251//1251
f 961//961 1157//1157 960//960
f 960//960 1157//1157 1194//1194
f 960//960 1194//1194 959//959
f 959//959 1194//1194 1192//1192
f 959//959 1192//1192 958//958
f 958//958 1192//1192 1190//1190
f 958//958 1190//1190 957//957
f 957//957 1190//1190 1188//1188
f 957//957 1188//1188 956//956
f 956//956 1188//1188 1186//1186
f 956//956 1186//1186 955//955
f 955//955 1186//1186 1184//1184
f 955//955 1184//1184 954//954
f 954//954 1184//1184 1182//1182
f 954//954 1182//1182 953//953
f 953//953 1182//1182 1180//1180
f 953//953 1180//1180 952//952
f 952//952 1180//1180 1178//1178
f 952//952 1178//1178 951//951
f 951//951 1178//1178 1177//1177
f 1177//1177 1242//1242 951//951
f 951//951 1242//1242 950//950
f 950//950 1242//1242 949//949
f 949//949 1242//1242 1272//1272
f 949//949 1272//1272 948//948
f 948//948 1272//1272 1270//1270
f 948//948 1270//1270 947//947
f 947//947 1270//1270 1268//1268
f 947//947 1268//1268 946//946
f 946//946 1268//1268 1266//1266
f 946//946 1266//1266 945//945
f 945//945 1266//1266 1264//1264
f 945//945 1264//1264 944//944
f 944//944 1264//1264 1262//1262
f 944//944 1262//1262 943//943
f 943//943 1262//1262 1260//1260
f 943//943 1260//1260 942//942
f 942//942 1260//1260 1258//1258
f 942//942 1258//1258 941//941
f 941//941 1258//1258 1256//1256
f 941//941 1256//1256 940//940
f 940//940 1256//1256 974//974
f 974//974 976//976 940//940
f 940//940 976//976 939//939
f 988//988 196//196 986//986
f 986//986 196//196 195//195
f 986//986 195//195 194//194
f 1250//1250 1235//1235 988//988
f 988//988 1235//1235 170//170
f 988//988 170//170 169//169
f 1250//1250 1310//1310 1235//1235
f 1235//1235 1310//1310 1309//1309
f 1235//1235 1309//1309 1308//1308
f 1308//1308 1307//1307 1235//1235
f 1235//1235 1307//1307 1306//1306
f 1235//1235 1306//1306 1305//1305
f 1166//1166 176//176 1235//1235
f 1235//1235 176//176 175//175
f 1235//1235 175//175 174//174
f 1165//1165 1150//1150 1166//1166
f 1166//1166 1150//1150 497//497
f 1166//1166 497//497 498//498
f 1165//1165 1232//1232 1150//1150
f 1150//1150 1232//1232 1231//1231
f 1150//1150 1231//1231 1230//1230
f 1230//1230 1229//1229 1150//1150
f 1150//1150 1229//1229 1228//1228
f 1150//1150 1228//1228 1227//1227
f 1081//1081 542//542 1150//1150
f 1150//1150 542//542 488//488
f 1150//1150 488//488 489//489
f 1080//1080 1147//1147 1081//1081
f 1081//1081 1147//1147 1146//1146
f 1081//1081 1146//1146 1145//1145
f 1145//1145 1144//1144 1081//1081
f 1081//1081 1144//1144 1143//1143
f 1081//1081 1143//1143 1142//1142
f 1142//1142 1074//1074 1081//1081
f 1081//1081 1074//1074 339//339
f 1081//1081 339//339 340//340
f 997//997 188//188 1074//1074
f 1074//1074 188//188 187//187
f 1074//1074 187//187 210//210
f 996//996 1063//1063 997//997
f 997//997 1063//1063 1062//1062
f 997//997 1062//1062 1061//1061
f 1061//1061 1060//1060 997//997
f 997//997 1060//1060 1059//1059
f 997//997 1059//1059 1058//1058
f 1058//1058 986//986 997//997
f 997//997 986//986 194//194
f 997//997 194//194 193//193
f 165//165 164//164 501//501
f 501//501 164//164 163//163
f 501//501 163//163 186//186
f 501//501 186//186 502//502
f 502//502 186//186 185//185
f 502//502 185//185 184//184
f 184//184 183//183 502//502
f 502//502 183//183 182//182
f 502//502 182//182 181//181
f 181//181 180//180 502//502
f 502//502 180//180 503//503
f 503//503 180//180 179//179
f 503//503 179//179 1166//1166
f 1166//1166 179//179 178//178
f 1166//1166 178//178 177//177
f 177//177 176//176 1166//1166
f 174//174 173//173 1235//1235
f 1235//1235 173//173 172//172
f 1235//1235 172//172 171//171
f 171//171 170//170 1235//1235
f 169//169 168//168 988//988
f 988//988 168//168 196//196
f 196//196 168//168 197//197
f 197//197 168//168 167//167
f 197//197 167//167 198//198
f 198//198 167//167 166//166
f 198//198 166//166 199//199
f 199//199 166//166 165//165
f 199//199 165//165 501//501
f 210//210 209//209 1074//1074
f 1074//1074 209//209 358//358
f 1074//1074 358//358 335//335
f 335//335 358//358 334//334
f 334//334 358//358 333//333
f 333//333 358//358 332//332
f 332//332 358//358 331//331
f 331//331 358//358 330//330
f 330//330 358//358 329//329
f 329//329 358//358 357//357
f 329//329 357//357 328//328
f 328//328 357//357 327//327
f 327//327 357//357 326//326
f 326//326 357//357 325//325
f 325//325 357//357 324//324
f 358//358 209//209 359//359
f 359//359 209//209 208//208
f 359//359 208//208 207//207
f 207//207 206//206 359//359
f 359//359 206//206 205//205
f 359//359 205//205 204//204
f 204//204 203//203 359//359
f 359//359 203//203 360//360
f 360//360 203//203 202//202
f 360//360 202//202 201//201
f 201//201 200//200 360//360
f 360//360 200//200 199//199
f 360//360 199//199 501//501
f 193//193 192//192 997//997
f 997//997 192//192 191//191
f 997//997 191//191 190//190
f 190//190 189//189 997//997
f 997//997 189//189 188//188
f 335//335 336//336 1074//1074
f 1074//1074 336//336 337//337
f 1074//1074 337//337 338//338
f 338//338 339//339 1074//1074
f 340//340 341//341 1081//1081
f 1081//1081 341//341 342//342
f 1081//1081 342//342 343//343
f 343//343 344//344 1081//1081
f 1081//1081 344//344 345//345
f 1081//1081 345//345 346//346
f 346//346 347//347 1081//1081
f 1081//1081 347//347 348//348
f 1081//1081 348//348 541//541
f 541//541 348//348 349//349
f 541//541 349//349 350//350
f 350//350 351//351 541//541
f 541//541 351//351 352//352
f 541//541 352//352 353//353
f 541//541 353//353 543//543
f 543//543 353//353 354//354
f 543//543 354//354 355//355
f 355//355 356//356 543//543
f 543//543 356//356 478//478
f 543//543 478//478 479//479
f 478//478 356//356 361//361
f 361//361 356//356 363//363
f 361//361 363//363 362//362
f 362//362 363//363 394//394
f 394//394 363//363 393//393
f 393//393 363//363 392//392
f 392//392 363//363 391//391
f 391//391 363//363 390//390
f 390//390 363//363 389//389
f 389//389 363//363 388//388
f 388//388 363//363 387//387
f 387//387 363//363 386//386
f 386//386 363//363 385//385
f 385//385 363//363 384//384
f 384//384 363//363 383//383
f 383//383 363//363 382//382
f 382//382 363//363 381//381
f 381//381 363//363 380//380
f 380//380 363//363 379//379
f 379//379 363//363 378//378
f 378//378 363//363 364//364
f 378//378 364//364 377//377
f 377//377 364//364 376//376
f 376//376 364//364 375//375
f 375//375 364//364 374//374
f 374//374 364//364 373//373
f 373//373 364//364 372//372
f 372//372 364//364 365//365
f 372//372 365//365 371//371
f 371//371 365//365 366//366
f 371//371 366//366 370//370
f 370//370 366//366 367//367
f 370//370 367//367 368//368
f 368//368 369//369 370//370
f 360//360 500//500 361//361
f 361//361 500//500 476//476
f 361//361 476//476 477//477
f 466//466 467//467 499//499
f 499//499 467//467 468//468
f 499//499 468//468 469//469
f 469//469 470//470 499//499
f 499//499 470//470 471//471
f 499//499 471//471 500//500
f 500//500 471//471 472//472
f 500//500 472//472 473//473
f 473//473 474//474 500//500
f 500//500 474//474 475//475
f 500//500 475//475 476//476
f 477//477 478//478 361//361
f 543//543 479//479 544//544
f 544//544 479//479 480//480
f 544//544 480//480 481//481
f 481//481 482//482 544//544
f 544//544 482//482 483//483
f 544//544 483//483 542//542
f 542//542 483//483 484//484
f 542//542 484//484 485//485
f 485//485 486//486 542//542
f 542//542 486//486 487//487
f 542//542 487//487 488//488
f 489//489 490//490 1150//1150
f 1150//1150 490//490 491//491
f 1150//1150 491//491 492//492
f 492//492 493//493 1150//1150
f 1150//1150 493//493 494//494
f 1150//1150 494//494 495//495
f 495//495 496//496 1150//1150
f 1150//1150 496//496 497//497
f 1166//1166 498//498 503//503
f 503//503 498//498 505//505
f 503//503 505//505 504//504
f 504//504 505//505 536//536
f 536//536 505//505 535//535
f 535//535 505//505 534//534
f 534//534 505//505 533//533
f 533//533 505//505 532//532
f 532//532 505//505 531//531
f 531//531 505//505 524//524
f 531//531 524//524 530//530
f 530//530 524//524 525//525
f 530//530 525//525 526//526
f 506//506 520//520 505//505
f 505//505 520//520 521//521
f 505//505 521//521 522//522
f 507//507 514//514 506//506
f 506//506 514//514 515//515
f 506//506 515//515 516//516
f 514//514 507//507 513//513
f 513//513 507//507 508//508
f 513//513 508//508 512//512
f 512//512 508//508 509//509
f 512//512 509//509 510//510
f 510//510 511//511 512//512
f 516//516 517//517 506//506
f 506//506 517//517 518//518
f 506//506 518//518 519//519
f 519//519 520//520 506//506
f 522//522 523//523 505//505
f 505//505 523//523 524//524
f 530//530 526//526 529//529
f 529//529 526//526 527//527
f 529//529 527//527 528//528
f 501//501 500//500 360//360
f 541//541 542//542 1081//1081
f 1092//1092 1157//1157 962//962
f 962//962 1157//1157 961//961
f 251//251 252//252 971//971
f 971//971 252//252 1109//1109
f 971//971 1109//1109 970//970
f 970//970 1109//1109 1107//1107
f 970//970 1107//1107 969//969
f 969//969 1107//1107 1105//1105
f 969//969 1105//1105 968//968
f 968//968 1105//1105 1103//1103
f 968//968 1103//1103 967//967
f 967//967 1103//1103 1101//1101
f 967//967 1101//1101 966//966
f 966//966 1101//1101 1099//1099
f 966//966 1099//1099 965//965
f 965//965 1099//1099 1097//1097
f 965//965 1097//1097 964//964
f 964//964 1097//1097 1095//1095
f 964//964 1095//1095 963//963
f 963//963 1095//1095 1093//1093
f 963//963 1093//1093 962//962
f 962//962 1093//1093 1092//1092
f 211//211 929//929 212//212
f 212//212 929//929 1008//1008
f 212//212 1008//1008 233//233
f 233//233 1008//1008 235//235
f 235//235 1008//1008 237//237
f 237//237 1008//1008 239//239
f 939//939 976//976 938//938
f 938//938 976//976 1025//1025
f 938//938 1025//1025 937//937
f 937//937 1025//1025 1023//1023
f 937//937 1023//1023 936//936
f 936//936 1023//1023 1021//1021
f 936//936 1021//1021 935//935
f 935//935 1021//1021 1019//1019
f 935//935 1019//1019 934//934
f 934//934 1019//1019 1017//1017
f 934//934 1017//1017 933//933
f 933//933 1017//1017 1015//1015
f 933//933 1015//1015 932//932
f 932//932 1015//1015 1013//1013
f 932//932 1013//1013 931//931
f 931//931 1013//1013 1011//1011
f 931//931 1011//1011 930//930
f 930//930 1011//1011 1009//1009
f 930//930 1009//1009 929//929
f 929//929 1009//1009 1008//1008

